0,1,2,3,4,5,6,7
-0.6299641749866755,0.3388992889427285,-1.0691142955551447,-2.539276997994023,-0.6872966048690234,1.2207012981931142,-3.1937857546684594,-4.81405876639534
0.025772692863231843,-0.05475770527159258,-0.29932263243686336,-0.06753583928020342,0.3036100217167842,0.8893868098124202,0.1461208757731698,2.0662854536555555
-0.28653877587391524,0.6065354794478379,-1.1879575897577548,0.25125278779129845,-1.2397960203836458,0.5658412058752987,-0.26386266548985304,-0.7009310576678893
-0.29478229182927884,-0.6469821976921399,-0.11956756793756841,-0.2965335451761958,0.17974467159614407,-0.11972132661185185,0.6704851587099674,3.7531950318428278
-0.1035309976480024,-0.0066556997132317585,-0.13886917538660343,0.3012737163474535,-0.01754127666755347,-0.09749033421050655,0.9464013171812844,2.8364528931172934
-0.8321280883696319,0.03618780145161377,-0.41933326733516313,0.8573973790919502,-0.13107954262755225,0.9616633109548525,8.265881240623244,22.841758843344834
0.47548337553090386,-0.040028694498217575,-0.038520721556191906,0.28066786389696186,0.05650418702362068,0.4139833895416667,3.291995422509693,5.82488579956943
-1.1315108112723509,0.2437962214643,0.15546773634196545,-0.4345341140975201,-2.183371707947123,0.8669984655814785,-3.377764377735108,-5.382210680235043
0.41904535561205447,-0.017312500138035494,0.08607685364550964,-0.4199660098158422,0.625634873458733,-1.7766103258820092,-7.135220648131749,-16.428148672419233
0.33483905099194466,1.6313321216475867,-0.3731665773400937,-0.6485819302345531,-1.1081625490552758,-0.005424076030841426,-7.2845626561674575,-22.85199939137535
-0.6373191020569227,2.634870045322059,-1.0967173476588734,0.38475015667175805,-1.6183640230194642,-0.09490539309249947,-3.4489990552600114,-7.722309130676056
-0.055625525061948865,0.3591591619069183,0.2505552736023985,-1.0185720317785678,-0.5698952344275668,-0.3194433193630977,-5.7931037546630275,-12.618064891336896
-0.2242354291300639,0.7912728625106296,-0.2673327838227902,-1.9368442389768272,-0.8636373250445675,-0.3063618923294717,-7.93709468953706,-18.124281567866458
0.5921451920255922,-0.9005682169337453,-0.1512005483882343,0.36206227197189766,-0.10295284301181051,-1.0559875888284396,0.9683803323079299,1.4218442488055518
-1.0846867112781178,-0.10428890613451418,-0.6694202913896271,-0.8422465328119285,1.4646889683785747,0.8701835351083735,10.117600780386775,27.702275922668356
-0.17909853490466085,0.747658202218182,-0.1146377669067323,-0.08465153657141135,-0.2753418059177161,-0.505966435288721,-3.1226014009954683,-7.098462905493667
-0.4097453562690999,-0.8909273686656634,0.24984073095892917,-1.5242364436982283,-0.3769611740333727,-0.1215017954201234,-1.8828260162553179,-0.7207977915558139
1.6155749621286373,1.012303827989196,-0.6521804631756705,0.8856880397524046,-0.2544240607390463,-1.1474242776217767,-2.8613801916941757,-11.014920331471144
0.06375133170175976,-0.9205047770192445,-0.23232713490661064,-0.806763047196632,-0.07754609976022696,-0.053748468714453185,-1.0271503238898658,0.4257398849535545
0.47329848996897317,1.4056388740619812,-0.47195941788166995,-0.042117990258954754,-0.8374237172030972,-0.07840579604696853,-3.1756205435503992,-10.324330092094161
-0.38083143906071726,0.01683728071918356,0.8595873810358632,0.6423123693935242,0.6047899537467634,2.425204769947652,6.948035108891412,15.16457810788091
-0.8516751873352988,-1.7690433196727442,1.222533236234131,-0.3596686031859084,-0.5191042683996392,0.3208447893344104,-0.13356012514707372,4.390783489115954
-1.4023277978275215,-0.133272957630551,0.012550403183204288,1.3465963026326235,-0.3243279204859139,0.7749665115920351,3.59993107808301,11.360004449324464
0.21953348290184382,0.18169766329579046,-0.19674865819506282,-0.2874743516075696,0.46657320120678686,-0.1604603999601143,-2.4181877094470074,-4.805820176787848
-0.4819003257027782,-0.6369782470852248,0.28359160956179863,0.4511043152321752,-0.18391481799180628,1.1688044427857118,4.185933570737479,12.56370209507157
-0.7076457596645779,0.8906577387098693,0.689361227050224,-2.4774603573482477,-0.43117496607690636,0.30640495202996587,-10.821678599825828,-22.84339769396866
0.023588455332345593,-0.5928528071226989,-0.49591869734927974,0.10365063654672745,-1.2287844133559072,0.3597574807728006,3.5444063148857037,9.169556307102598
-0.4228333545994254,-0.8641725498884802,0.9584766374305397,-0.27083387024903444,-0.27822065068923657,0.785613774298211,-4.028360727855985,-6.832373433519725
0.005117967576612513,1.0379131331513114,-0.7082111944962897,0.12258001934815875,1.1081909230583569,-1.094882757463616,-2.5978550125435675,-7.246741710733824
0.23033670997439915,0.03288380273566197,-0.6304987914453547,0.10385396998218621,0.29478792501015233,-0.9119751958437171,1.006389101089427,3.689101723213968
-0.08097116504021099,-1.9922148689949246,0.2568074505084434,-0.4066610221854138,-0.23756459443584704,0.0705005046716265,-0.4875390938873623,4.1387178443132
-0.25291641224528527,1.3337402642975806,1.9323181403970389,2.6758392506688184,0.22644553214881674,1.257527200615328,3.9283062544850935,3.3032897953058917
-2.3340286431199795,0.4177378650618999,-1.2142532738719576,0.30036229268641546,0.8242016313614373,0.393153317297132,9.954280589835651,31.4507700824026
-0.6834818333356688,0.26084165678097576,-0.01718501580449527,-1.4526003036991881,-0.06005495971643408,-0.06653309158336547,-5.513342006677884,-7.447272753929451
0.39686177846929577,-1.3574155012359443,-0.11035405447567995,0.9740300052707163,1.9336816708923044,0.24738349943291188,6.836860157021169,19.402353536677197
-0.1002087203283283,-0.4151955373997307,0.9395451160510744,-0.08408447386047704,-0.29190417040220956,-0.46125821838832837,-7.1160776421221845,-21.773731970238316
0.40403888132120297,0.2675323438420264,-1.0486800397862557,0.09578633076076712,-0.020628745767463808,-0.384479316083754,-0.33610065485584406,-1.2302489878769323
-1.2545370036751147,0.060229467442249704,-0.34142205303644074,0.9420186509662931,0.11039503283258582,0.09355563829283958,6.537571857159433,19.993749854013465
0.4595250762509683,-1.0382334820750512,0.9204316091973771,0.04219871173059211,1.8341064309556216,0.03548291791626216,5.923588207384453,14.009357569926816
1.2908970590363007,-0.4410166721279869,0.4801418487264769,-1.3875081073824684,-1.1727749217245325,-0.0847346470440448,-5.458689111348985,-21.121945404383197
0.7346376398327198,0.23326485874839487,0.155708943623398,0.45233662973166844,-0.6204490283521407,0.08355828381110737,-2.6306607625491916,-9.457814102147143
0.5292383219257029,1.3482060512628504,-0.01930830287463764,-0.24591771461378212,0.40262466956296233,-1.156743110928374,-5.816185083703388,-15.328994739806724
-0.4566549129208607,-0.26390501950506884,0.3832331595083428,-1.8385568737669111,0.3275703592589753,-2.145137067743218,-12.149363041396832,-23.302185724584277
-0.6436959663742576,-0.7914267069395124,1.056696745069996,-0.07270654821943381,1.3397378321604225,2.424104478904767,5.283055416425649,15.953295913708764
1.4698176943793644,0.48550295235937413,-0.4300684487868006,0.2520051077669352,1.0154129513758212,0.9084950067932236,1.1487066469771345,-1.006652632495657
-0.5615747491949714,-1.037567054126901,0.14524575798700207,-0.8742856089928022,0.6089443789670963,0.7338585426581973,1.407069175765448,4.497587087333256
0.19196189705854622,-2.2508056571365525,0.8665516283408461,-1.1337627578142775,0.4781559646623576,-0.7793667265347366,-1.480809518025226,-0.486807095913524
0.18505478462250774,0.3315613449866051,0.5339520289911363,-0.08438418204556418,-1.1057779201286113,-1.8510969657326628,-10.948829966699478,-27.32998335457628
1.2158187193822179,0.0034060902036018178,0.7489041463674598,-0.0394418539414826,-0.47811661769604324,-0.33394252107808786,-6.379920103599299,-19.01994465189734
-0.9696619515088318,-0.49462190793159805,0.022679603395906946,-0.7242592293552712,-0.8292220380211227,-0.6760203262490356,-2.265674206690491,-1.9729463847219852
0.1610706733538889,0.6818279622333426,0.34188795285077017,-1.7661771026197761,-1.6556338833305175,-0.3164842355080386,-10.058980071159402,-26.752076992974143
-0.5469554985348926,0.5151871121487167,-0.46985934290207615,0.12782213795108086,-0.7145175920471306,-2.8533910725861964,-6.867841021596631,-14.980733266773719
0.09471338529180014,0.6943550128407285,0.03398746995244176,0.0747459200771855,0.5352999785295876,-0.6667282391530527,-1.2538911260286638,-4.730638842886723
-0.01844639706226553,0.060165483490069616,-1.270770122819251,0.3329655115727594,1.2509911345891618,0.42810211865853376,9.876797279855364,28.93335604783492
0.18488570849690122,-0.21661093468329312,-0.10703538140742096,0.13715445541022808,-0.1284494832647598,0.025180948977230683,-0.13568613826014775,-1.7919347850713936
1.0389445391119174,-0.15305429565172995,-0.19887797351078076,2.8076936521292644,-0.023844454041554816,-0.451820279558728,9.210345718160479,15.64056574250826
0.24918797625185168,-0.7273041982229448,0.9574728762832287,-0.13123811712590908,-0.3494501705114908,-1.2876463172430763,-4.4230906048438206,-12.125389142127831
0.26794659512264807,0.8107805214060237,0.12128852278962751,-0.176044598770002,-0.3958416115616144,-0.45863069123518674,-6.480162363779245,-17.151316120242445
-0.8943718366117274,-0.5064231823595112,1.2678835806034472,-0.1248108575301732,4.26596288305721,1.2156651648332875,7.70274512042541,23.060422136557946
0.36022605169643523,-0.003398772628101921,0.63150311919906,0.23399539562447683,0.061455276624876605,-0.2902070313268725,-6.612373652384426,-18.581585479839855
2.522716890750138,-1.4031708594454815,-0.007813789446702826,0.6662910286087123,-0.7658709547242344,-2.649872280193669,-7.3559639617070545,-23.743056233203408
-0.8489096857899282,1.176596106364693,-0.011171033208479609,0.9390618444733629,-2.916308592773964,1.6183350601807984,0.054097576164769734,-3.7414071191344913
0.1902038915192196,0.18589762972587975,2.054770732854282,1.7979309940327959,-0.21473770055641692,-1.7928533078062916,-4.9708590551918705,-18.080166401805485
-0.4129143580051333,0.07245451914415103,-0.41008216485631993,-0.8707807788103947,0.1377586713858063,-0.7934698001281545,-1.0961045595087402,1.3128225281935748
-0.1397373989511349,0.14828687063279006,-0.6159678611549423,-0.0693321698087492,-0.03257937644470234,-0.445185062262012,-0.48051202806034965,-1.0134724007000218
-0.32696432254506275,-0.12059248881694001,0.581853089773268,1.5027016615658855,0.41654133385431347,-0.41515811050108453,3.37055688767367,7.327213054103647
-1.4791447992708229,-0.23436758146026015,0.0914299718194899,1.6927482998843604,-1.1550643845843245,-0.7268951157764889,-0.35062221248330383,4.793939826573668
1.0674302313107213,0.4207452970234131,-0.3224187056464397,-1.0366287936220926,0.6758947606940772,1.4799894864336793,1.8486800676792234,1.3964484364967222
-0.955964882373693,-0.8416759065217602,0.11250859833250546,-2.028653965322084,-0.2414665123635292,0.39216051078570896,-3.251925874885572,-1.0846621913545103
-0.6337338846445745,0.34044878762296765,0.20598926089053293,0.020343544663901106,-0.4517694885189572,0.13494341589215123,-2.152802270351732,-7.319684806715658
1.1713793950670486,-0.1582558260587375,-0.034997585770099336,0.8312476880814506,0.727858000950568,1.2462693914021516,8.440697841408804,14.083761527489111
-0.7478544314825932,1.6494482845550007,-0.578264571848444,-0.08514090220304643,-0.24840375790507851,-0.3752453455008165,-1.4263660771918052,-1.8583178536963398
-1.61768377393963,-0.055457795908235866,0.21702754020710877,-0.4828887637202705,-0.13436435262818283,0.05432946142701861,-2.374761406511261,1.987746520848315
-0.32945713307279556,-1.118407777958874,0.8101237302426463,0.28247859700995714,-1.2889916121746914,-0.64109372400298,-0.4705938949398736,-1.1906801056318175
-0.1408117224480259,0.010835222265619213,0.12100621147142089,-0.9053235462911073,-0.33138330673212363,-0.10564736428995287,-5.4134593395173995,-12.326489161576959
0.26313754433451697,-0.3236970344971262,-0.11823804321499522,-0.6509628079481573,-4.117186479180911,0.5973240399357983,-3.683079823126106,-11.38768670388097
-0.2767088898034025,-0.22308715560634731,-2.0662254704083853,-1.3650357428536484,-0.6933662294408691,-0.41397860678614,0.8731284827541614,9.861568775127086
1.0980654578390197,-1.048290677781974,1.9260397237078284,0.44274781691601506,-0.9284446829628901,-0.08732262536862581,-6.502568102886877,-22.536814795648677
-0.8680560191678462,0.5072820665515522,-0.4739213372330365,-0.5512153445733358,1.110595385965879,-0.4237923081288058,-1.7749391686162355,0.9774102770563857
-1.3224866367019887,-0.931936101165346,0.037945859388299835,-0.6410030763966795,0.2437503701035627,-1.4049928917121384,-2.074977754588401,2.806653016740224
-0.22019168420429044,0.7601881106490882,0.0035028910357544144,1.5264907810531279,1.6948983703405711,-1.0997062585289852,3.379326236227386,7.629387228387927
0.0876292783034159,0.20723739131449254,0.0913047537177358,0.8058731949334045,0.02964223487417592,0.9344125587200582,4.948685857952553,8.469298410472025
-0.7436238183932029,-0.17384281786752404,0.36315309739430207,1.9395583415730207,1.652653671068662,2.783015764900865,18.007239848699122,43.51525261979376
0.13043179418340303,-0.3096963362195787,0.25533835707147656,-0.774984004603753,-3.807558734591377,-0.42385098418496464,-10.925198991643605,-28.903684257565235
0.6690612019669149,0.7410398740071724,1.1314463862742716,0.23110259218845663,0.11578732313935576,-1.1007751814628852,-7.764608742882108,-25.422377501862208
0.6614921201707594,1.0098835374565636,-0.14950323659004316,1.671506385920173,0.6980128962828588,-0.5919614982408559,2.9729840358621296,1.6409071347164685
-2.987689779807176,-0.34421239967517075,0.1931957735033126,0.1503066996294102,0.47091004959117094,-0.12064784074973879,3.6430926008317632,18.63500484263326
0.1270758715712171,0.1673317287394694,2.9465341162931757,-1.1819152394398198,-0.30349655765966344,-0.7281365285039411,-10.567058102140171,-28.724392625012015
-0.5997142819826379,1.0406388710139367,0.18896296986150088,0.9382562615967927,-0.5082828314119666,-0.5916527795589953,-3.2923918005450377,-10.234808996384986
-0.9587714464023547,-2.940065971649769,1.3237006782158058,0.09666095535634085,0.1848344950851434,-0.5475740751530895,1.9820102472370458,9.623688931842361
0.6702587117241406,0.14364103608491838,0.7556026655091854,-0.2100229012963099,-1.9520363877298652,0.3010495487724164,-6.1898598244055325,-19.251118805824426
-1.1357305255640318,-0.6619538800714633,-0.27497702970749893,0.8805320934331108,-0.6606123734504326,-0.09642422352893973,2.2073742655601,9.64216534608402
-0.3397641076673087,2.766427882255207,-0.5326997648230649,0.04274542882416755,1.3326844408269933,-0.4664692986983929,-3.756572525648768,-9.753665418882548
1.2211711572949846,0.15050279441999082,2.925153575657032,-0.3150204867870698,-1.0110095852784367,-0.09256452940702456,-14.872201371905645,-44.37879788004392
0.16342175226230318,0.17407764796815056,0.14395376842168037,0.6149232094680038,0.1508098248853448,0.09047512452555273,4.888440653054297,8.382661555363345
1.6754285813545036,0.8354455936312344,0.029205263079353616,0.5347814202560763,0.07646490245417649,0.9469620795700658,1.0155357975086685,-5.5515150904291835
-0.5918922135857881,0.5547730779646619,0.8698488500070394,0.38255598133679913,0.8193589050550748,-0.334877915055307,0.4463335611184758,-0.10934998378888272
-0.19625597500455003,-0.6135902090299533,-1.1565247052131447,-1.1622224650429653,0.07550847106949107,0.984274663308334,7.429347567047993,19.65105801253136
-0.7914500084434442,-1.2022262632936602,-0.30844835883050936,-2.4237706922811135,0.5279487704085296,-1.3226828447204224,-8.493788187493012,-11.318580305090192
0.04827837863131718,-0.15401138483583673,-0.32299546591313105,0.3689732647501093,0.6592491599925109,0.055698866235048564,4.047848577751681,9.891343583164163
-0.3167815759609203,-1.019861137243788,-0.14791917767151924,-0.38466770494846253,0.9934446324237228,-0.38270373219186343,0.04811732919369793,4.744008711746913
0.7972626208363895,-0.9938446111012459,-0.514497112919129,0.15278295300434447,0.9501368887189885,0.9706513880777939,8.648412854955156,18.299018816374684
-0.9311737470593351,0.05147695249210008,-0.22359771183792684,0.8341706031325041,-0.11559480538839662,-0.9824180297894108,-0.9766487401711139,-0.49025903617269107
-0.04844217403026296,-1.3223115095152662,-0.0740423960529628,-0.9003547871404184,-1.2034431567806032,0.0010080224359764421,-2.0435458251331156,-2.9617299296781137
-0.10559098969898727,-0.6140275528557723,-0.690216066322389,0.8594531397965546,-0.6655941397058711,-0.050093072367487806,4.987034586435471,15.682019860334183
0.8259737947932696,-1.272150013541358,-0.3062751625694782,-0.3230974205585597,1.8552032825746976,-0.6476588739662262,0.9840734045049131,3.5553635078539845
-3.0312097083922325,0.1581041741351192,-0.4029005976386173,-2.4891705946395715,0.15062662372375388,0.7211583128364655,1.1367900069684227,14.296769847018297
-1.8950305076096625,-0.7143126310877366,0.5696120569513299,-0.9534499972629608,-0.5821816868406631,1.3025979630613207,-0.14066699962495255,8.45212320356442
1.1050139154725969,-1.6021427140219924,0.00245912665658596,-0.7726479083190735,-0.6783109153339578,3.1101912744775637,5.549031988796047,11.926261089413838
0.32168545489955436,-0.38468290641040587,0.3342237665136838,-0.47983440621642054,-0.2681035590856913,0.4439439401696461,2.8132360848816473,2.824456783575708
0.1386415667877858,0.638131701535988,-0.8089932198430413,1.0204673067848857,0.8270043961034875,-0.6724955832807956,4.342518150644687,9.776960806004022
-0.3107156369331146,-0.4466299941680256,-0.3400229094187698,1.0779086474721307,0.02364380235699724,1.6980938430674253,9.797214604036554,23.68229892395287
-2.979101585174993,-0.3176447590310272,3.156507996461513,0.9623144671028454,-0.44583060704619926,-0.5284218359784776,-6.469494048443079,-8.633208033094844
-0.8963758354622223,0.8729582276277149,-0.00645030997818639,0.6312666499496615,-0.08170798189423505,0.16779505821198246,0.06628105316429767,1.3988928996608616
-0.674063577215055,-0.031245247691033696,0.5437063135712996,-2.741641061440324,-0.5996071342940631,-1.0193838199937115,-11.466342094551639,-24.215751903475528
0.06450446476226077,-0.11220952577958876,-0.8722399125397114,-0.5409726785569593,0.5506813698780924,0.46297577504593335,2.231469263661114,7.928425030025947
3.730547459474875,0.3021752200740485,-0.36084274457769144,0.37560179787479914,-0.10086441082827444,-0.5639678820956531,-1.626487693594412,-16.758311987597295
-0.28338563935820316,1.3480644102806412,0.09446131356748674,0.6364454699841158,0.2809795324047318,-0.9909042285962837,-0.8506982080314822,-5.409539936031622
-1.8318047365530752,0.10129372670184511,-0.5329972344166595,0.031224121828652703,0.010206398072919757,0.0763855193180119,2.024684920007682,11.211707229869946
-1.1520902258452594,0.7927215871647728,1.6497097017871947,1.1247318448202013,1.5089360970836023,0.9896827755817932,5.0365403378072005,11.59911576686022
1.202180830119296,0.20165513536435856,-0.6435833373569085,-0.17779172623994707,0.24339989744080065,-0.6269107018789959,-3.029573643371475,-9.45444067396677
-1.9388661602674697,0.2908812010349826,-0.017262023220897565,-0.29610267817889796,-1.1527542211407997,-1.884308575419193,-5.696394352275583,-9.869759446997524
0.2534513383115687,0.4127219112425652,1.484630641000098,-1.5346160827009705,0.41189865403392034,-0.5061707216340129,-10.033879273316519,-26.23358890719978
-2.1915839009315485,0.09005577738281205,2.268246712354229,0.5123843910210927,-0.9693006914306848,-0.43999622806821176,-9.874854095642783,-19.01108984309401
-0.4247628773848408,-0.2581945670775745,0.363557534675224,0.3573949724690119,-0.3491794608371466,-0.5717572558101197,-1.8896261188028027,-0.42811632659698473
-1.0849630354636282,-0.7301901865692475,-1.583770841711989,-0.33702693556562696,-1.0163420503331444,-2.061824346359164,-1.8622420067365204,1.078215237142393
-0.20214933504404872,1.8005438809892755,0.32995482052247604,-1.3648299986379269,-0.06606990032402627,0.8325130095573116,-4.250962096830008,-12.048392058778777
-0.0015000012143558353,0.31227469727437546,0.6816565230076824,-0.24505269750365327,0.9345292811220122,0.6564105808411265,-1.8052873270064984,-5.260841080027579
-1.2750285655243632,0.2019141405030536,1.4509441107661696,-1.2070655103373384,0.6769219584382002,4.344412435183148,5.4134281076509065,11.535975164236767
0.33986348896703944,-0.0992089798260274,-0.3056300257731237,-0.08236312481331197,0.864737771303717,0.018858296998274925,-3.7323575388423347,-6.167845611936912
-0.038152792609977663,0.8915508260912051,-0.3484340028033094,0.4795290872010736,0.29510728723592977,0.456077796065345,2.804719290422293,5.917436722867574
0.5633303367197104,0.09439951403186314,0.6668019580477504,-0.9225367951740889,-0.033312691129086525,1.305961793034511,-1.161508080967548,-6.4597276798750265
0.36223255814184435,0.12605822575493222,0.11052275314744106,0.3859691259082908,0.8741931805964148,-0.24203278131395112,0.6201622279798465,2.8869432369462165
0.5100798146595772,-4.4660441110567675,0.43771019769976366,-1.1547261355871108,-0.10059179864580275,0.31185646568996883,1.5175309569637143,9.669118211015995
-0.690072916098908,0.6559155944768276,-0.30355651487060126,0.21332810055380835,0.1360130023461088,0.6988833169546048,1.5317903238388646,6.11476436815861
0.6981527198440322,-0.5053910687721056,0.5080890975690248,-0.31492670540256773,-0.025803983060425962,0.4851361318439802,-1.1975126205080506,-5.636503464209314
0.9537557837757682,-1.018689574947581,-1.1476743245540701,-0.2497059835896757,-1.2605969958893604,-0.09004471951607565,5.406583474172201,10.93842829452196
-0.47730647109091107,0.7620152568232694,-1.3022716281359625,1.5511925245379394,-1.0308943937212416,0.6303681777663667,6.374025394856876,14.818648835641763
-0.15725868717292688,2.1784626524349937,0.7623426743388115,1.482524824005897,-3.7149168865289597,1.657378066136233,-5.462195040940547,-19.071259063134008
0.5718313894347823,0.9241555020411747,-0.23219469110716948,1.1378315401930235,-3.6819578301229736,-0.15117279658681637,-5.4655269254701935,-20.163417733210405
0.25882263182935367,1.3132978139377651,0.10630901787206402,0.34084157247687125,-0.7197971732268356,-0.8078439541261813,-4.512859885289359,-15.246549513337952
-1.2868953769172073,1.1667476938244568,0.22487296157551442,0.6472447094680954,1.285349384562379,0.12803881559838826,1.121518231045526,5.807792381180323
1.7432552473881293,-0.08926203899292035,0.7877756748600859,0.6947158734178132,-0.24315125549445749,-0.05707171452055602,-0.03407229621761987,-11.057212859723176
-0.021181245070425334,0.5714104949644216,0.22148875126968204,0.10133077019730131,-0.3868563000568338,2.421277688679538,7.8732723829031945,14.26920291099051
-0.5617996908333595,1.3552793934863103,-1.0710836244143453,0.18066045218388024,-1.7254954026289684,0.028543828275616738,1.7199268083723303,2.342594977549494
-0.3565250473570774,-0.047251629155099284,0.28785431277876944,0.22289623206216166,-0.4153409081254241,-2.1427546972144143,-5.850083676642029,-15.231408679286762
0.779555896885329,0.04075656297596355,-0.2802258143977806,-0.4256696500812276,0.05178547446174719,-1.2087816240919271,-8.016994637398284,-19.224563162775222
0.5073228483796719,0.7073318237885878,-0.16192789470773844,-0.44437000121763903,-0.8864472908834596,1.695860663225631,-3.3232875007817237,-13.498185428012444
1.555826420928701,0.23918801097969278,-0.495369390018939,-0.16402158027871813,-0.34533043646307615,-0.414110000969197,-1.2044831853350217,-7.473155311081353
-0.6499726468130057,0.9432496727426916,-0.6172646007823173,1.5396318542016443,0.3073470729352888,0.1292840033585303,4.190299003104359,10.784949459806544
-0.5787950142883096,0.7568258045733132,1.2504281754564965,0.48471310363328113,-0.5246000053229875,-3.745320293516757,-11.957554296464327,-28.881162113745788
0.21105564918834493,-0.24331797633042765,1.2919794086863357,0.1516769865617229,0.3097389265753332,0.24839915743352453,1.13839536763161,-1.0011471368401437
-1.361551933277716,0.9860940538768317,1.7411904195516874,-0.34435388617096774,-0.41063406653001794,1.8709781434859518,-3.8747555209251447,-8.142772970722495
-0.025173571101009658,0.26785572302026944,0.19420445107887607,-0.11830556443775005,0.40286053249424897,0.6194796781087551,0.02478819188088366,0.32520821459511984
-0.8383145763211751,1.412838170933488,0.4030732368043237,0.20365901342741088,-0.4578587226370629,0.37242665561579136,-1.5322454078484156,-3.9928662080658386
-0.17239008650325313,-0.8103196978690258,-0.506051939944986,0.6740168355250219,1.4798070786605475,0.28607177993618926,10.62253101701096,28.485683546291973
0.4630840354188123,0.763310221828485,0.33685379280131345,-0.5024463390334538,0.12826793940801107,-0.2805790021202974,-6.155106724798813,-17.565170747184663
-0.47495235718216855,-0.8176325689272629,-0.00105913611332755,-0.44062611555006637,-0.839052441091363,-0.3051527880872997,-1.0030863569423398,0.48615657874602436
0.586523943612444,-0.44735590140371173,0.3306899520165538,-0.04808042103269909,-0.758541550536119,0.31276625632212113,-2.235193164634855,-6.574020633987278
-0.9812501609484757,-1.5007407890180218,-0.8793313881899761,-3.4434647807052876,-1.030386264119944,-0.12907846624324573,-5.8329289072871555,-4.351652835473065
0.3659316636812924,1.4391543817472683,0.46455775147363715,-0.6273920586327619,-0.42895692267433005,0.8021704714050364,-5.504723878970291,-17.027192687931997
-0.5486658999067616,-0.687170180968794,-0.08340059977576167,-0.1855176698688968,0.36028451844106407,-0.4558440152914589,2.271929583123816,10.069076851270859
1.4754964129349384,0.07854149056185386,0.8277615310774561,1.5092319803285408,2.772455670136161,-0.4821401642676781,3.7357423048331713,2.5724411682829835
-0.3065900958342042,-0.6527086096652247,0.3074613745331592,0.6438863486431828,-0.37931664143638,0.251730528200125,6.941460448177742,17.3148230008524
-0.5848092893566788,0.5025954394951507,0.5137523132357483,1.1106591114551743,0.5599771168375912,-1.6793487041878221,-7.10806988140781,-15.584323093535403
0.47171158675840597,0.02275716849038106,-0.9590113753302302,-0.1460123437416378,0.5377498721967213,0.010123959191004842,2.3269782551426235,3.6906558872375816
-0.4502434030354757,-0.4640290438295896,0.9117976568657953,0.9187597924185099,1.276225154478245,0.25488606274564946,2.8124487210667395,9.43344377484673
1.4015573306095683,-0.24187240951114092,0.056777748419419544,-1.3610426010988603,1.263906393540994,-0.12097853609971787,-5.128908572835703,-11.923188562038264
-2.1026124540085727,-1.0809428477553846,1.1443574670150136,0.5539582494218345,0.4902994179705778,-1.6265168541355608,-4.008102112623371,-1.1478971185729145
-0.15576336211377936,-0.1514811382422629,-0.13194391581170198,-0.3777561868362142,0.18544320855225221,-0.0687535032523793,1.7190340075881507,4.629482545388327
-0.407610356202919,0.32001411315466743,-0.04979817448686816,-0.25430151700699494,0.5131418235390104,0.1730698651251202,1.7344446094805819,5.504288746146682
-0.37607303983171575,0.23870926573835918,-0.2926745140532376,1.9467335503242067,2.6795005107726912,1.5476067316912006,14.732753886956317,35.2341040081039
0.03327944497619802,0.1291338720601615,1.3325962745121471,-1.420108813469503,-0.3999951896728297,0.024373758711989248,-10.228928786481678,-24.46179588099293
0.5421846869106793,-0.1401143916646393,-1.004430473006672,0.12074964616377389,-0.3705540812544477,-1.0422104747774088,1.4261074734760486,2.363113961427336
1.1527654904463132,0.47184814479408105,0.6158805629687705,0.5362126323444344,0.16278708450609947,0.24368722576129648,0.7775057148507227,-2.8649528908177153
-0.3546028912641323,1.3970621621339254,0.1533253539506745,0.17282849507786782,-0.8256716066241668,-0.25575306452900054,-4.264039294323848,-12.319918984791693
1.1402042967684196,1.152599977387564,-1.165818067380024,4.514673520118838,0.6809524149954294,0.18558452223898741,16.336689306032863,30.820832151545034
2.177300810987409,-1.9379475075696553,-0.07507818462613189,1.8723778575833638,1.0391863009247828,0.6785623412178106,10.117355132521524,17.07399464138682
-0.14970568152841132,0.7384315979484121,0.3722130040656978,2.301365021771767,-0.12391182803169992,-0.6696192147766293,4.309240412508647,5.887257278312508
0.4859181017351563,-1.7712142705950158,1.8398423550111047,0.12187534739972886,1.8554689737266807,-0.3489458348527514,3.07462834927019,7.803534849423123
-0.6510846464196768,-0.6006606335386176,-0.43591575321601533,-0.39835824174130346,0.06143234873760811,0.46595057316179367,3.0382181652585505,10.335573972254792
-0.011741879817932043,-0.847817765677791,-0.19233790822364424,0.06610864841853034,-1.9719547254455636,0.13836086121313845,-3.9893684694457088,-7.948736936895367
1.2031689682840743,-0.23708610123306006,-0.05548683532273491,1.8318057716874026,2.2152073208180294,-0.7869669792918355,7.8840348867847885,13.12632701110997
-1.3199431539663813,0.06657510360413768,1.4254729063802294,-1.2750403451792587,3.393253611010188,0.9563983144214205,1.654796259691543,9.650853440845658
-2.419309529422879,-0.44862043756039216,-3.761117302734136,0.017817238182545932,-1.564894191048463,0.1771183591500989,11.63808742770679,40.01576704052363
-0.11814174582797203,-0.5059594324132157,2.4876876544367565,-0.39117770401893814,-0.6849013584918496,-0.0880143257022904,-11.480025461742002,-28.232558141324066
0.6934849841108808,0.17533698592725447,-2.0713636896611196,0.4127497198152454,-0.8341292815086065,0.3983703939676996,6.667166424075874,13.529313696428947
-1.6288610962130856,1.2449319230594795,0.2560386698765797,-0.8578584462742624,-0.0363606317335654,-0.25519114454350367,-6.888582900664105,-12.200201498787475
0.8761697929851847,-0.24348102659170567,4.397584086159254,-0.09926594396451538,-0.45597287691243577,-0.19335662420110783,-10.98475290379148,-36.24864087081458
-0.7956234833466405,1.0378477127557613,0.33776124547509745,2.3494088314174615,0.2941172735185683,-0.3745516843889928,3.797811798862256,7.296423623523111
0.49993061389762994,0.3150695472387324,-0.5400184613827835,-2.8862589583822524,0.1773531693845297,-0.8635843415255411,-8.151612828520175,-18.085790902347707
0.32432337527467797,0.817537722543397,-0.01318383958144761,-0.7234738288357577,1.7329310254685815,-0.747320571308724,-3.054921471291352,-6.750776258246257
-1.4939421587420327,-1.6793474358274325,0.5183160096425218,0.2444392644913305,0.018813146285999317,0.9732438036717335,9.967948550466826,26.992413075123764
-0.2065891497611832,1.3446134717737621,-0.23712436926806205,0.40379637976278854,-0.8247674480278451,0.28853211721831473,0.691473920841939,-1.1261064527913556
0.2664815982059108,-0.18953151393800063,0.48074103831036463,0.2906113923791347,-0.9970295441192415,0.21584063366111703,-5.243667764445439,-12.250477535735929
-0.7600592934961242,0.7247995132041262,-0.5127309120789196,0.8259590117675902,0.22093191915488922,-2.414395230730924,-4.404389173320613,-8.538138527212485
-1.2951009923166241,-0.4360730271587296,-0.8459608481876003,-0.40366877956560204,1.3640458599110405,-0.17386489633738453,10.08644700606761,26.44976497298648
0.07631309180765543,-2.9457062951023016,-0.14139068737516164,0.15995559324822947,0.2601685841262381,-0.35195542300214183,4.363171725261763,16.444517375171976
0.22179874157302581,-0.5429979427340822,2.693101667591295,-0.2998120550726586,-0.6071033978483845,0.01558190593085413,-1.5724794370863364,-11.774996758932849
-1.1377934176045463,-0.04068364251463286,0.0567752168931396,-2.317764397771403,0.2139080869430651,0.48950417444025124,-5.05306585570736,-4.610955320154544
-0.9008050689010929,0.3611448438992356,-0.1932902716039434,0.49996299681298645,-0.24404026510013055,0.024670157254061346,4.778496095129362,12.469212423048582
1.929138719006337,-0.5093080682545315,-0.11844390945430898,-0.14280861780179382,-0.3575582123917923,-0.9808903128085061,-1.4668161217480116,-8.948608241725312
-1.2303217906781163,1.096923963219243,0.3653112722164957,0.2045036007379368,-0.4780015738870422,-0.39047598797712796,-8.299377853683005,-14.510836553816064
-2.7617345574596293,-0.5684188255641787,-0.14966546265554662,-1.6826905309223612,1.1638857874004824,0.471504071642917,1.5471910684744774,15.75147515756524
-0.7148611234733917,-0.08132540024169614,0.5143599339440009,-0.8736486440991954,0.8782652489115412,-1.11462835819738,-4.543113019178966,-8.812825554539783
0.2812599744616431,-0.4920626353521754,1.5013112171533378,-1.7529925831615027,1.0357232431631416,0.6120292331083595,-3.6031772491167033,-9.832706068201906
0.24706037687316593,-0.9601137595984651,-0.1893491867716491,2.3359893050364846,-0.3663669573103112,-0.12708126032381867,7.708332620191698,16.309867432544998
-0.05330294606462094,-0.19922038894393568,3.0182882792690786,-1.0861343952377087,-0.5127542884113518,-0.7876668348292735,-14.491135574614693,-36.480967034189334
0.5006499602429367,-0.27135949486288335,-0.4813600823954245,0.8405572774444934,0.9630871775585209,-0.8470100753384614,3.79854061020134,8.963057599133599
0.5102808229345728,0.049518123066064554,0.048192332628734416,-0.45803461147691193,0.08747027740107795,-0.31038390980301467,-1.91582269013593,-6.00227909794512
0.19087498743908923,-0.2332094021007256,0.39959360240646985,0.0927569831662248,-1.3725478909244107,-0.3769564999579659,-3.361454680536133,-10.164014188985734
0.34091389738254185,-1.1268669219105367,-0.4099493073699801,1.405377008714607,-0.14956320948077237,-0.15371541756348361,1.734211913389918,5.531950272776138
-0.20568772812576036,-0.188353723121261,-0.7871417860017357,0.359986082453802,-1.0664741387691283,-0.054427172006017606,1.8556309620996276,5.046192000827944
0.5851197106671666,-1.9135840792995906,0.5264372556077472,0.9828326657062367,-0.7969006724273563,-0.8901378475537017,-1.628160331570769,-4.278487786449418
0.280993103108456,0.6810182571741069,0.3530610236881633,-1.2110527238345603,-0.594083896580363,0.43250921160565947,-6.070289018826003,-16.200468522374564
1.725657529944286,0.1511910691844296,0.07629069777843207,0.12922149358015278,0.4728102111317965,0.5745783764825596,1.7621096905675262,-2.067734009970977
-0.7808226947643472,-0.2025148131226722,0.20703595490082674,0.6478988900421699,0.23209713308972676,-0.8291718912225088,-4.985038359196547,-8.018029268037715
1.0779577469101658,-0.13141919414376002,-0.3828676746380759,0.28207170817870364,-1.1326651474029055,-0.38177096768936913,-3.7310056919550103,-13.173790072554524
-0.30293525826109297,1.1790770461943443,-0.15608253483635295,-0.41153177119746526,0.06816488737441634,-1.7598126199917243,-2.5441320437879433,-7.10558427053796
-0.3428791754063543,-0.16578276579756301,1.567210915967421,-0.04242505768099883,-0.2838348942531908,0.6244788792097088,-0.9700716495019743,-4.917208352600316
-0.48154986329990157,-1.4649144475456197,0.42555970665702053,0.3574796577003439,-0.20756008620947156,-0.9660513852748817,-0.5345800991073588,1.3837369346250394
0.31773842760722754,-0.047571827396596655,-0.2500306749214981,-2.9181091388843536,-0.006179831459694442,-0.2973214716468285,-7.551377846396431,-16.13630726848006
-0.4832746925199,0.1917870307867231,0.8204275054579492,0.006396315625796894,0.6996261365541335,0.08351530055624364,-2.144952742083314,-5.190214168300473
0.18754757840472422,-0.2962594638544727,-1.0105400341351298,-0.2757523656382031,0.03231403923919348,0.21351911008763932,1.1766661095417748,4.282558607383263
1.674064457223039,0.27673910612789476,0.6391263647452237,0.21396046601474003,0.46356484834270184,0.7610408394892211,1.831594810759308,-4.270558042213725
-0.2741057802524285,-0.3490736160607892,0.178639607535823,-0.44671336872976947,0.43517812318664867,-0.6698631807794273,-3.170282582538338,-5.324763870867492
-0.3055706651735616,-1.1748608511610024,-2.014404353014364,-1.2751467475713274,-2.719252692103968,-0.13332102909062124,0.06078657607118987,6.262745483868909
1.6058758942601774,0.12698491309845794,0.604221177749419,0.7109107420859317,-0.1786573630968372,0.09770603024419079,-3.938522748643228,-15.322444744638084
0.11346948039824799,0.35189769837459917,0.5843931605579269,-0.3978012358789183,0.7573163346877029,0.11210136373760375,-0.7952384107531711,-1.7823866044433228
0.21783557920884547,0.16867992839379103,0.22745730883068263,0.5845070721053688,0.19673354785672373,-0.5704079442780631,-3.713785827516802,-9.409209453425797
-1.7942706287200874,0.0011711086625954936,-0.10240837595687916,-0.0847262571359859,0.18904840135074283,-0.4486810528844227,1.9488229735832223,11.319732792160774
-0.1403372198517519,0.31971603010033484,-0.4912412855577083,0.5669088663904976,0.9029441185447409,-1.3896445788212817,-1.3865974881968097,-1.1037874440413695
0.7952486153153856,-0.9422789651856674,0.2379850400643502,-0.7694246996232063,0.2437903806356702,-0.4660604821809718,-1.648081547872199,-4.296697887607012
0.03544603248481166,-0.48830276982199516,-1.0459167530755915,-0.12007968448920263,0.41086302695753335,-0.19904930143503535,3.48720943857618,9.924610090727583
0.9230503944040088,1.9235459284295067,0.029420430315386714,-0.47049679134015965,0.35822474877804816,-0.20020757418967633,-6.873526809440102,-20.813925111539852
-0.3365440965111884,-1.2079366129873417,0.5075108615901363,-0.16876422683904335,1.3910370672626098,-0.3058323288721675,1.1688088944678345,5.850436864940152
-1.1722512887672616,-1.7248676235003408,-0.16058705464404538,0.03148561168613813,-1.1111914851392424,-0.2809927714987238,0.9857755107768802,8.417465375906804
0.2452796411683968,-0.14930111527681822,3.168547284063687,0.45555399812603375,-1.0487455360698068,0.0712084773657263,-7.554167028618224,-25.097859401271975
-1.1688075543276146,0.10971411904760953,0.4148068115764877,-0.046649427200538864,0.11479501226703635,-0.09418400404098758,-0.5049148105004664,3.2470609847315934
0.7431356736762909,0.35575986059349435,0.33354387575080835,0.45564012893569233,0.4953790507766622,1.496124764099806,6.404700019858632,9.876224579551247
0.6491311135908261,0.6574072445206693,-0.930934435330534,-0.07604551612370813,-0.7639145332140896,0.3695158623640704,0.35386893598517577,-0.9261725662032696
-0.004619176387594067,0.32060935410887526,0.46746173218757664,-0.07290660634067396,-0.7158175571778254,1.367933836081844,0.37573620920525075,-1.287274653008355
-1.251684179540104,-0.7393048879623776,0.7802597498272095,-0.19811832436870208,-0.37906948693233367,3.037763636763122,8.875100270968872,22.328726288741322
0.6133948567658402,0.11473580727396607,1.9277941597371469,1.689407872221922,0.8792662833027349,0.40879168050451214,-2.164607473929954,-8.765452797754179
1.0107794499638367,1.2160582050124964,-0.4720134787156325,0.6077522395985313,-0.5533675387517587,-0.3313245055100653,-1.7951028408213205,-8.419090060973128
-0.3472422827493713,0.8225510248368528,0.14399715843399044,-0.9676444676326993,0.41477583681157676,-0.2474753884376975,-1.0957155282764175,-1.7267364532611182
0.3806132309544069,-0.020527647064138815,0.3131927753946815,-0.3561008461296001,-1.6102909906517597,0.7999197205140346,-3.0015912021124542,-10.55000222649322
0.22859984876078648,0.022057812301275934,0.2182824425677745,1.905596243450788,-0.9933604887292622,-0.7358910099787735,0.41493365985950215,-2.0895026050439673
1.0391733607848193,0.28484213759995436,0.02320111621318997,0.8411999556535327,0.5116406573185962,-0.951436117399953,-3.0087621275372203,-11.02805049819591
0.9496883808033856,-0.529706667860092,-1.154592317663297,2.1100277180037983,0.28954367067191716,0.2674954985379608,9.636338654914637,20.23241401435682
-0.24401586286698682,-1.5774646246791524,-0.04176974042483535,-1.9397079376629915,-1.0231499006025655,-0.27454597336712183,-5.320990183547264,-7.683411627770839
0.04048413543060424,-0.5644943670604926,1.1547884361954235,0.24025482563646677,-0.3795685521420098,0.4396234877110444,-2.526244387940939,-7.537707885841466
-1.5420502290613984,0.44520381622859445,0.6283907624340664,0.15089176252646674,-1.1443035053660817,0.9769132562998308,2.155276725915663,6.639380044747287
-0.38500538104127735,-0.47142027868351943,-0.45154582775125646,-0.2423542339504295,0.1449911715731615,-0.1647963613215693,-1.439051452028773,3.5406374032063104
-2.687806557323264,1.4780442595972227,0.16892017821471386,0.685650310369756,-1.686375267893169,1.9484705785586938,5.291664400982053,15.541487638790016
-0.472801315274366,-0.06440127065613073,0.6251477209521457,-1.4054323689900752,0.6946046352592079,-0.9628435873610849,-8.130540200731515,-16.377931116670055
-1.0387654125868488,0.3953558533953382,-0.06624856548078206,4.522111098358584,0.6470086929266334,-0.155410073975589,14.821535814261127,35.258872676658314
-0.508954217132962,-2.814927717437332,-0.21010077336382144,-0.5504636478776304,-0.1913380042427544,-0.33019980095862467,0.5257056226899848,8.811146692206423
0.029630989714092622,-0.11785775967092764,-1.3539154489611462,0.2715906608485944,0.6125994421260339,1.6165568924396312,9.761553206041715,24.654883839087965
0.26618099380034677,-0.05949409852261702,0.6619408371735596,0.4735566049518068,-0.4609173335100464,-0.4380448277106587,-7.412507153583156,-21.22531398194821
0.4095665561863043,1.146962784579083,-0.9991137314969333,0.17504925400477725,0.999784560209717,0.1813504191879463,5.426022541565408,13.132454850834383
-0.1275946732020005,-2.6441054546092424,-0.03420846679723163,-0.5173696137469355,-0.3216010325733662,2.984121587604529,14.518781416177081,36.40230832210202
-2.709538034930163,-1.85960921505632,0.1838409034619467,0.09932514573391375,0.5817108887141194,1.0957442496230052,9.968321036505392,34.87744300681118
-0.2248490953198151,0.36387980036587536,0.4694640317305081,-0.38664473820535017,2.080998458606613,-0.5391319031260677,-4.292349759716794,-6.224744720055012
-0.8051923460211823,0.4180169077742014,0.2582934499277271,-0.8639770128774622,-0.047209317157162596,0.81361717125529,-1.1377287366651023,-0.8402246567211273
-0.24411478424610736,0.5831606938659128,0.4180002166197614,-0.9148052754943076,0.9888428013511513,-0.17599585209110477,5.08227991763297,8.707680680546611
0.941740068677963,0.7932764242499494,-2.853812322054317,-0.005199602017207446,-1.4718162903714238,0.28111110395681715,4.2418037069533945,8.72016736707695
-0.1601580449542736,0.6366307871164674,-0.2865507193530441,1.4108756692459412,0.4013057336829826,0.2287021859640581,4.547634595885039,8.342464061881037
1.8178014074887259,1.6255480109169074,0.9044200748088093,-1.5696667981556263,-1.0224456621016786,-0.330500226583404,-14.444601090687904,-42.674804093539606
-1.1652943464723833,-0.46272896040667877,-1.2804004511575175,1.080323171088262,-2.0888586994932528,-0.5662541405681402,4.581717319185713,15.91018257771929
0.4598732864983336,0.7159404915283852,0.867132548975602,1.0604219914662407,-2.472377689783122,0.46098154175577094,-3.5992851007415974,-16.455166406788212
-0.24124892755148725,0.4411091571399951,-1.4399327849051466,0.3699056494726194,-0.9343534850649768,0.024991883139186228,1.8847479398679057,6.374678615081407
-1.042568863743676,-2.979256662662347,-0.05893667139306416,0.11291522616886615,-1.8158615765892336,-0.9035736577605286,0.600366919524352,7.204210564247246
-1.0687823847693445,0.3086482252777347,0.7913329626765174,-0.6751666428091786,1.4044904513077827,0.659741190303715,-0.18191031109518974,3.365208355768082
1.421437045040773,0.7826492671921548,1.957389810181097,0.7886350933481834,1.138267977735117,-1.5725764191244929,-8.479948792754401,-29.686270764172107
-0.12237779923926383,0.08611575487439291,0.11398804151568605,-0.3959545217235445,-0.41490838994549767,0.24982416403255583,-0.20031417172261246,1.1127619723571143
0.2787046645492981,1.0564774503636605,-0.1458143940564226,0.8119731266375695,-0.3208782226219464,0.15598013001571526,-1.9778572558190082,-7.398987871179038
-0.07025452936517067,0.32210078344980714,-0.4281537667781365,-0.571602310540859,0.24180761589215186,-3.272156590478956,-9.411796290462798,-20.38371389851107
0.9995880609751313,-0.9793051168029757,-0.1529477728227385,-1.0451790313885454,0.8009688043984221,0.2877882417318506,-1.0571977337043041,-1.5284829060563878
0.019168384754792205,1.7591239378635184,0.04020577054865056,0.6210804363423778,0.2691999875873079,-0.10707600766409943,1.7187619032757977,-0.2482576166583499
-0.11359507418097614,-1.062558455650124,0.4761779842761742,0.18829282644551495,-0.35652630933277046,0.00729790978971999,-2.398168904448747,-3.472531711370145
0.19390032477430622,-0.07768327569749518,0.11513785231423478,0.0032173721648760733,0.16547489886525207,-0.7029019935985276,-5.718199461915056,-9.176037311233703
0.37099775450470823,0.5091205043494609,-1.075451740557094,-0.10755812260215644,0.07386329201927827,0.11649677149992707,2.649363567063849,6.164464573678661
-0.5866673343192355,0.41776829690726525,-0.22283023760273046,-0.7778315338440566,1.0327946909938401,0.8520930656281153,1.189437168604472,7.518173450561301
0.0038089877066030983,-0.30896109309027187,-0.18481033973639788,0.12808896384461313,-0.4008537457265278,-0.901299134654539,-1.8316519811927598,-3.8968340604845384
-0.5843251770619665,0.8835982044320764,-0.6039256279065881,-1.9455396793208006,-0.15621257789942566,0.39689036563872876,-4.924956858724794,-7.024572256317071
-0.05442825328580462,0.49095104135898393,-0.1744780552206857,-0.28142001273307016,0.7757428712948193,0.18040356867686205,3.186030121683154,6.742278292643149
0.09983181013140562,0.12516641488149513,0.2845617711380483,-0.4731357440434101,-0.4090338220094276,0.32278787709705803,-3.794376276569375,-10.091270232453379
-0.008994361096416825,0.05767292089094545,-3.7124148143531333,-0.17863806426074302,-0.0938728522588822,0.042734698495117955,7.583806874255951,22.090716874826565
-0.30971559569996976,-0.24321400185337783,2.684194725532012,-0.3488787730750524,-1.0661817209136646,1.312563614971077,-6.252688085126806,-17.506871211582197
1.3047731944764152,-0.4759924694556909,-0.9558433426622968,-0.8613090131282597,0.32593565663290813,1.843735536819265,10.518087031210072,21.947687687850973
1.6910616658684188,0.4776879471088385,-0.4502841004280378,-0.37110763540085234,2.6396734792730956,-1.253949868234265,1.5244087394353336,-1.4855446741808187
-0.4427390722209433,0.00799833526608491,0.18982737925864007,-0.8127112262348515,2.71188787904726,-0.156700959282992,-4.137134299417436,-3.3406927399756783
0.17097398530484165,0.10702229121181521,-0.21072346054829447,0.2632669539593141,0.4845078766786119,0.1629127152783059,2.465182398766172,5.47546475555129
-0.3595109027825895,0.39413422412166366,-0.8634699840376775,0.25895244394846934,-0.6218148734151996,-2.4320111488927707,-3.692036237397912,-8.907244318471953
-0.44589504846980926,0.49139858786478047,-1.2935396996626398,-1.9552331784500445,1.087424197859846,0.45510273973195936,3.8573574308564815,12.657164325096259
-0.02607619132498261,-0.5091396344989546,0.2846458164710543,1.1131793212688936,-0.8547330441601745,-0.90689989161884,2.5382252763397766,4.957326703005558
1.090265678506821,0.03166438415290956,-0.48634831716776916,-0.14373844473375696,0.14081370265676674,-3.4247106063360886,-9.648033815076275,-22.9596724698305
2.0246791497208734,-0.650277010037213,0.6389542631884122,0.2982849398430826,-0.3754122987442848,0.23634237634909222,-0.22554740862138445,-8.436327996492555
-0.08158618140457065,1.4284839247258996,1.585169757198323,-0.7698917734703087,-1.2006672412427806,0.07496030320829876,-15.039452104271017,-38.49180215563531
-0.09552902654897508,1.0063698707223023,-0.8098286433880849,3.804426967914399,-0.6364731454110029,0.8086588373678287,8.613861281252758,18.334519050239205
-0.24104245906207614,1.8349501696237893,0.5318673336674864,1.3419416194755878,0.5452345456953863,0.5263891347212185,2.4619171068566432,2.0289314320945975
-1.0880521493734356,-0.020702205814369216,-0.30748557378058683,0.84025944877147,1.7646727586161064,0.38096899173304366,5.943250187521809,21.349764158923495
0.6619974528321335,-0.5424299429411732,-0.025042552197677422,0.7914810371608515,-0.5167336956915801,-0.7692467874863987,2.984281855011826,5.299002066494635
0.6069026720160419,-1.6434786294370134,-1.5138308996226177,0.47634996192858986,2.2871883633209884,-2.084206210804209,6.43884327684584,21.915162565694864
-0.5010499952810393,-0.45114533883682767,0.30433380281713807,-0.7053720851407513,0.7083495341169593,-1.0804608088833458,-2.1532422534364253,-2.060227994319794
0.17836212944694932,-2.2744226300283743,-0.4669373034552065,-0.8088214828554615,0.6780357470890277,2.68710909114066,10.404166240611575,27.489729033748258
0.08288385096149335,-1.5039218333612892,0.24868225164640909,-2.8334009234976305,2.7996104136037534,-0.7425058189476147,-0.06208540727706602,5.467410234158372
0.15413400585393686,1.2087995488925682,1.9724434606466519,-1.7071598138908632,0.5825363286353235,0.06358010988916372,-15.950553961234355,-38.159841946630635
0.26852679725952294,-1.34864700444116,-0.07779111614267858,1.2494017199677976,-0.2672026436619503,-0.7925473331999283,3.873819868534496,7.9168782823462305
0.1847576056152854,0.6290666499257005,-0.16433655230687969,0.7661631612055466,0.027256258348758125,-0.5109144668156881,-2.6380719531579815,-7.194788335294263
-0.40752589349123886,0.8896179164273303,-0.8309741455996119,0.11289570565113759,0.026101314772341393,-1.5046270341776724,-3.776400063224211,-9.174002545617245
-0.7554676594010395,-0.5413441726357002,-0.1428097129419554,0.36765258379317756,-0.4603947849062651,-0.876198919609686,-0.41076393139426437,3.3569001895111024
0.530696100228579,0.059506635365682035,-1.5524480360351813,0.07404827382156365,0.6103582161693734,-0.9244190594403927,3.2396479266724714,8.310234015853116
-2.189484901603967,0.5483034621510925,1.395839357424159,-3.600300053088863,0.3470986200971964,-0.5945356471863229,-11.821852596161737,-21.06598762788984
-1.2246271839867446,0.6946435825742746,0.7091230070059904,-0.655345863555463,-2.3300980063322734,0.6173312942766598,-6.893450038573214,-16.279359475007286
1.751500480507486,-1.2243287013820547,-0.030903227149136632,-0.8144354342681341,0.2842637486777562,0.04204555154817578,-0.6997219104216362,-3.9037852871111998
-0.0003850411032799208,0.8045898576828212,-2.1527337931078985,-0.11791180346306743,-1.8601575146053566,0.14897372576766982,2.5223118928510404,6.419775242821857
-1.3859233042429884,-0.35590178357725255,0.23421319339281732,-0.4057929637438105,0.06040410327835225,-0.16000831054700618,-2.991678296977101,-0.9106982042723332
-0.27171455928964167,-0.023743100058229535,2.7943147138880144,0.1289630296602014,-0.07868134456310759,0.3909330993055147,-7.5163989940138425,-21.459782809964715
0.7775442112880742,0.14670402774794344,-0.9609367025612202,-1.0668333082442345,0.37328443682679247,0.3642472895861505,3.229296810032518,7.529224712328938
-1.2192657735318337,1.3731773298679046,1.4280182146589997,-0.6819465704633721,0.3109297444382832,-0.052469549209805184,-6.473544289764419,-15.103557398571695
0.00719147610202635,-0.5094877069667647,0.21319055858610603,1.36110525963553,1.2778873725037336,-0.38974923764277114,4.067891714073879,10.671887244891474
-1.664881509515768,0.15586118883288405,-0.19120113161427768,-0.756047391542951,-0.14505198692437576,0.8426331956584532,0.3164399759457065,6.456721317636275
-0.5205388106328775,0.39552996265274615,0.4537765893875005,1.6173252603769857,1.3698244906166843,-0.3976747122255558,3.5858769669266946,8.832831983342645
0.23823067539479614,-0.08149421045920995,-0.7760579488726311,0.5962895949813524,0.7333081914286155,-2.136442552965027,-2.378329989108969,-4.168502644471692
-0.18281029280392042,-0.34279788567519737,1.6329670629719193,-0.24407469479956923,-0.054500981916078654,-0.7119295521739911,-8.29507295704418,-20.942538568593207
1.3864625076185921,0.05081600473784736,0.10144442391627193,-3.344300443593734,-0.024560951774437057,2.441762584441024,-3.476235341833123,-11.338202002589934
2.0340828925538257,0.3193963129111568,-1.0659278195134816,-0.2146518200947967,0.9623231522115067,-1.7072421604097423,-2.8551286886954177,-10.106588998730945
0.7738224886651758,0.32575567850384524,0.011882900909648476,-2.010988756283208,-0.1611310728992616,0.6628424353385544,-5.992606600454945,-15.534164944418812
-0.1062043494296449,0.271035804817733,-0.6685961054607652,-0.010672789764160615,2.6687250181599182,-0.42059237060646953,9.556339199911022,27.18739046915068
-1.373416710163205,0.48202483650766,0.2676222108870265,-0.05937448711969422,0.6889788115484262,-0.12183214304582654,0.9392724245448081,6.0383821258855015
-0.3412668954426531,0.2172487768580032,0.28503542750134436,-0.9530198042430789,-1.1961603915819943,0.793481540474229,-1.315116805235607,-4.156104219367288
-1.7675568257229073,-1.374647066768556,-0.6863445798118232,-0.8694201313771553,0.6760188381599566,-0.6412554312200728,3.482485971261413,18.591109221794618
0.16150496971245124,-0.6310692630943529,-0.02765063268122137,-0.3557262705168684,-0.3791278016597929,0.7150277296587234,1.5763850925049083,3.730345123214178
-0.02322323666983611,-0.3951520872804942,1.9074779013063485,1.6345796024688195,0.981121676815709,-0.019863056762703554,2.09285411807583,1.2797493886905507
-0.6086309281295017,1.5286468187794888,0.14522090644003194,-0.7995623884035807,0.2305319276532911,-0.7620050389896253,-5.412166085096816,-13.940196412734277
0.5897346757140671,0.08181701774772757,0.6950491882654688,-1.5100752530901238,-0.9596467717408074,1.8978077884131646,-3.103266250794327,-12.117456874044308
0.5488062392439212,-0.8578390371831869,-0.5761337928230105,0.6104641542173107,-1.0781611125154744,0.028650532259796923,2.728520486713145,8.007839232495318
-0.9377508202547016,-0.6874880546071761,1.8364537389731488,0.2937180484690801,-0.028853823190779802,-0.12130420538355662,-3.635849139946055,-8.178714829420953
0.2804832541084064,1.6998862680625615,0.07778464369650578,-0.3785770581590533,-1.3540430570898245,1.0656450718864243,-4.129152505697648,-14.836077820091422
-0.37502742609185263,0.8866800907227316,-1.1009928840663632,1.5205184961794989,-0.5397805288161224,-0.6317522436613587,4.988455637266175,10.651906707087857
-1.3273242099471725,-1.5667543662404497,0.1847932124198284,0.02554139876001684,1.4531725496980181,1.419416282164812,10.17075170470287,31.73459212140039
-0.8070739339719053,-0.7611646556918392,0.23502602662576166,-0.5926175799151557,0.3322409755916218,1.5580149476446394,4.6497007197149465,13.270717530221287
0.2140853691566534,3.296977596595034,-0.7029545384912966,1.141592288362761,-1.1864686811538085,4.381295514867813,10.22963141366758,15.883624501680078
-0.3898798222785143,0.36637557503112694,-0.036309021684160975,0.03926823726767749,-0.54210582796767,0.9764032088254339,-1.0355684841633965,-1.468865740063678
-0.46852263381724746,2.416785815369278,0.4344948377666858,0.6204061506017812,-1.2171961011431545,-1.1909580642448696,-9.832562035708628,-29.57665637115516
-0.28702968926581635,0.07363954224853769,-2.0500271022984538,-0.22008589874469067,-0.7311453406044165,2.10127768663458,14.066018101191634,34.74108147155382
-0.09109565218556352,0.41088562000720796,-1.9430694548984593,-1.580533753870587,0.6514492299818069,-0.6551642452351131,0.739713874404603,6.122441888374873
0.12204382224713439,1.1801730869948657,-0.37549388551573654,0.3696827652237332,0.2602775333056919,0.06293410382948525,0.234965715013993,-0.6975326391034153
-0.2620014212720084,-0.10141832299058924,0.8168047415157894,-0.9303278084875554,-0.9020736913217109,-0.4652255243632458,-7.4719426391965165,-21.476228652131898
-0.6050549040618725,0.11360902246479844,0.08118025095903765,0.0018954805042562884,-0.0005751961914324587,0.2228540935415733,3.383340760120274,7.943065071215946
-0.06994801790002966,0.42248215277182183,-0.7802149902530162,-0.34691703245181427,-1.4419468275247125,0.1736449758165234,-2.47206443284315,-6.024502976757603
-0.27467205265181166,-0.04125621437643452,-0.46748191195519195,-0.9893044541384542,-0.3665860986903344,0.43451529006527806,1.5317457038406699,3.613160950289366
0.5033043215925416,-0.471861120923681,-0.09717935228037798,0.9111869667342534,-0.4060280103770476,0.35251043916821434,1.308386927042954,2.2147152526733986
-0.18333120361794136,-0.5256075944804438,-0.1263039799863845,0.12606310690321496,-0.2865950629527994,-2.425930849123177,-8.27174565311549,-16.45971555507343
-0.07924041820025271,-0.3389464751833208,-0.7861000025281966,-0.03352339098613413,0.7386381655263109,-0.5378309910398598,2.67727222095884,10.247855001364798
0.08304773271753722,1.8284239972530318,0.012230419963474015,0.6574364011300141,0.7323435065058888,-0.07024713111061903,1.7127605891852313,-1.624307515153001
-0.001681742927587633,2.0134648269296207,4.609196374031729,0.0685891576452351,0.038011849290036724,-1.9488039370295536,-23.695652017151836,-62.797010305636746
-0.04768172161844828,0.124046832166036,0.10988333373403263,0.5642657798654226,-0.5057386333810859,-1.2808087745034842,-3.4867631200171467,-7.913238335147843
0.0037899955293534695,0.863071761591255,0.15373485567969716,-0.20998636343961333,-0.7219811720253652,-1.478332959915696,-3.0181782498126632,-12.00853414350719
-0.11524460984008653,0.7907681300297109,-0.3756251311291223,1.7284267127381503,2.173096864973664,-0.23832937750119,5.857107143124479,14.214639390557062
1.078931086548807,0.12352543936613503,0.3445903167780457,-0.8543864489116461,-1.318886265082122,0.17348109567194997,-4.938632804733959,-16.554668768522543
0.37473347317453054,0.3480105593600532,1.1242244417685738,0.17844832437051752,-0.8297081757331889,0.6452017290113373,-7.223401992532544,-21.72649962276911
-0.3160253288874972,0.9546014471610891,-1.0467003090420932,0.07286374666524066,0.11416235898825332,0.5426633243580888,5.377033005927262,13.579026005918724
-0.8640528621438857,-4.095376373170406,-0.21431121263701203,-0.15286984200989615,2.068902548561935,0.3611060950987545,14.977596102036944,47.936948489803015
0.13466029884687325,-1.4018474619556278,-0.14123422820626377,0.22279162486658405,-0.940953696713556,-0.07562500725000265,2.957537130684166,7.759052241414292
-0.29436881365159706,0.09829343965653684,0.6070037895216813,-0.24976915251163984,-0.0012968191522217396,-0.5983007190976259,-4.675784751461109,-9.824300215996127
0.43649650432055503,0.0376749443949519,-0.27518581657150326,0.7029746885363142,0.9304183071477345,0.31390983991250393,0.2645724155571356,2.5986849598978834
0.4387558478332318,-1.0545195958932492,-0.09263715329328884,0.14946947374567007,3.3876133597903446,0.9609172538284996,11.366332643762759,27.483042523549567
0.35936519355703833,0.18588671602647378,-0.2961006319677764,-0.628823825156787,-0.12598379329402765,-0.6626095353328659,-4.509791233001124,-11.68898773499584
-0.24998475306915954,3.942822145869846,0.27643696675259755,0.0725565457290686,0.3873684707408204,0.023506985296015217,-4.776897818140972,-15.543448129760783
-0.40507193325677754,0.0684918491700643,-0.39571613062032884,1.1874129872041201,1.2287477032755016,0.6931402552300779,9.469963223693185,27.828040270180477
-2.838891177168646,-0.27300771248812794,-0.16312864211548483,-0.6448838731212798,-1.206730326311163,0.14130496754561192,0.7587266503305967,12.559727970164033
-0.21272035846361648,-1.1770850978715726,-1.1964554728494032,-0.6357683420020687,0.7428439242386081,0.24276475766174793,6.646325167114593,20.39630322284139
-0.12086416003487868,-0.23511834868777287,-0.8869284135130774,-0.06552922820894148,0.05423262857174057,-0.5592107255132777,1.523324920715677,2.5435685885212322
-1.076061066705968,0.29035089121591023,0.7286758873364916,0.3451583256454309,-0.04374281650940354,1.0489326842593845,3.0909281390083936,9.213327187790805
-0.07761629508775635,0.14252103472262398,0.4546956748783963,1.3154073219412643,0.7259231161125621,0.13368692123865078,5.155723641344737,10.763088124390695
0.3817760897367886,-1.756133477820071,0.9279260226715936,1.3657101638274385,1.4314501069385985,0.43467106154816626,10.570589537655835,23.57821970687757
0.17594750067414974,0.640198958111458,-2.3167715737689107,-0.08289987808621534,-0.023583393709183643,-1.1803241701055258,-0.525116337602741,2.85541875379767
0.27323164960333696,0.3275847066475114,0.7572041288082872,1.6619730232642447,1.532548797542949,0.7085783049912847,7.666247596182022,16.369528456569267
0.9401018167906618,-0.03814985822509645,-0.745343604012423,-2.298632155195212,1.6733849589031693,-0.9410486775960032,-4.393073709728727,-8.7238471093805
0.08012889342848102,-0.20577819610457604,0.5420758664935462,-1.406603078553914,-0.13984445411853438,-0.15078953852277474,-7.116045199684151,-16.431737070756505
-1.0616582806459636,0.5433031347060799,-2.589004995096713,0.3000134751237079,0.5728819419373349,-1.148147242694675,9.06792232879835,27.7357567025513
-0.584068690114744,2.3270885118743507,0.46443567059561514,-0.07927898575936716,-0.492913446955363,0.0051775708008208925,-6.534386604134225,-17.228065824863297
0.9498032584569401,0.737713393552395,1.073381119274946,0.39892797626441356,-1.2079856578307338,-0.10234811169288492,-6.676662533385043,-22.795398909129254
0.28236333594946245,0.03487770479046363,0.2509046722312742,-0.7773621338958245,-0.47907679784397283,0.3194933339935959,-0.7092701715366873,-7.628276280302863
-0.37986057983802995,-0.07266883761288115,-1.6749573485742209,0.2961271466710989,-0.6920945952509178,1.329900577996457,10.428925043364016,30.113395500489865
-0.5654700633525697,0.031649891557094405,0.8251348184813717,-0.02353897712273571,-0.7444423295793278,0.15205584923225574,-0.8317015915436856,-3.2615134374462498
0.02814311762181789,0.9372241099982709,-0.8924079010022723,-0.5887550593100437,0.28013955259472956,0.6506437357776681,2.0876633209797015,5.525545660520039
0.5647056168577577,-0.3142271128528503,-0.2032085715837917,0.6215404890196813,-1.452756530406446,-0.22227969141507253,0.09066190604977753,-3.7589411556758097
-3.750465972976821,-0.33932754413212324,3.0216826603519715,0.099542153110934,0.691574812002576,1.3923501002957432,1.6375817942452549,10.64784735507663
-0.46414668745435333,0.22425726810266736,-0.30781240546298916,0.3739385171101851,-1.286620492106965,0.3900420818766598,-1.9405722385673332,-2.075567923369318
-0.968027812497145,-0.31113666394692846,0.4832119431442863,0.7879563827667976,1.530942120421219,0.16866418750450096,11.570944322787247,29.278896222382258
1.3553231790984306,2.1109043286832696,-0.08055908905949588,2.054409167269454,-1.8018520679531784,-0.04970554137280965,-3.3642158592436884,-18.857030034897335
0.1352156652230615,0.20388315256172032,-0.4429428367031309,0.766736504055509,-0.45341771805603026,0.1825548643956607,3.139260218516192,4.831226359895618
-0.9626910886979568,-0.8322432727195731,0.12818459793099554,-0.23777486297318853,0.4532662625226719,-1.5424168641106812,1.8502793224545755,7.953929408074441
0.7421967496044116,0.5692928392155943,0.23195769393899696,0.9225681246462437,-1.0119193215830973,1.6331988010014196,5.235162419973271,5.432499793892799
-0.7957603120279302,1.0094338326518222,-0.22382050775297957,-0.48347436616472034,-0.5830284703794849,0.3402733123511359,-0.6273760859359403,-0.272474069964062
-0.01612862758142473,-1.2833841476683459,1.404702616320699,-2.071523003835821,-0.7719734547239776,0.01517713732525596,-11.138907063052782,-28.127814562044946
-1.388469566433388,0.6959596401986439,0.6248567452061452,3.338007783322024,2.032774113674963,-0.7791114120475303,11.140024173163459,26.696503170673665
0.6447054056199949,-0.6213486874699053,0.16129304804865435,-0.2993871891087589,0.6436464360161032,-0.8461017726833585,0.40386882681054415,4.12617498885542
0.38249566193347073,1.1682936794303558,-0.13848518685849562,-0.27855245353655006,-0.6916749296473118,0.7034819855929925,-2.0508264960554317,-7.28091446449141
1.172183897868101,-0.5290518299474678,0.08112196869595449,-0.023030593437386497,-0.30789177808212514,-0.037762013434884126,0.7111790177039572,-0.991447260787039
0.15218007011770174,0.6323624618393221,0.02199881581343286,-0.21000746979927895,-2.115526283352795,-0.08948493702437105,-4.759399612107767,-14.157007742998324
0.5417401709559352,-1.7565619517584277,-1.2092403541495245,-0.4449913553002954,-1.0604417751188544,-1.571603784532445,-1.2295075199128693,-0.5040798065293157
-1.40336941989244,0.8061357563019562,0.4046197828031912,0.061799512028406466,0.8632851955025225,0.0403407492202953,4.275383753668285,12.541062300491477
-0.14534669358321098,-0.5152070216695323,-0.3707595223502429,0.15936471066483976,0.8023475616350431,0.2971339836038278,4.926820871985566,14.446743146072507
-0.5013774496885278,0.5366452840376488,2.018020654454074,-0.09673212154530289,-0.7843315872059186,-0.728320107445368,-14.313067476336489,-34.76617489314506
0.33316576309568996,-1.7435537999151907,-1.1567525559021754,1.3639682940689628,-0.1122730036204249,0.4770675120444947,10.527939605472401,26.688584188002757
1.8501983412730032,-0.7076241101834786,-0.16827785059470915,0.45578426426378166,-0.015938643993627693,0.2604344760047746,3.225121976772302,3.520182316584732
-0.14739747050568727,-0.591320763075241,0.41266174203289524,0.7220090539669397,0.49088448171009924,-0.16122883633155324,6.968934598968797,15.41498905898043
-0.2286822401364665,0.5708127549819787,0.1936903094324391,-0.45517169601611507,-0.5049771951521111,0.3093904607323369,-6.406819804951338,-15.184382622117024
0.26376311374845307,-2.0554166671430356,-0.6272847797419521,-0.48424839823359644,-2.6461287913138243,-0.36070023228766646,-1.7891613253877219,-2.0312640369099366
-0.19956583767336117,0.26303988710051635,-1.4999637067728953,-0.11368151250004387,0.019676045367669072,0.30315644264761155,5.088529891002014,15.934254018398631
0.43860790756493906,-0.6426987376106504,-0.6095153441917746,-0.21749959869983634,0.17327647855001693,1.4650382644192324,5.1214435819397615,13.578055232012101
1.2440858306032032,-1.152943446926136,-1.4751633037922036,1.8218439819525674,1.316080792446799,0.6261961753943976,14.343151085372622,32.636507555747414
0.5496894130482974,-1.275913726020235,-0.5093643325124797,0.7626794652174078,-0.41695928299320784,0.3343434191810534,8.836697896611952,18.820396018223533
0.5528068371431957,-0.7389546369475882,0.46379184347491154,0.017484065623240567,0.9985877341926181,-0.2895263409958502,6.2660388194424685,12.06704421979502
1.3786285650437045,-0.14277657515128317,-1.565475869227148,0.07446723508301464,-0.9510443146804932,0.8339527613586837,1.1399401986085085,1.549690881744489
0.5703739229361099,-1.6153657774151857,0.17116905202393684,-0.07385706788907737,2.8568937459143466,-0.0564234439483284,7.499561936452164,19.420838744602012
-1.8420172976813585,-0.35055626145267205,1.869446700100042,-0.08139985720686994,-1.2690683022060636,0.23697821261822066,-3.243284539791908,-5.535379365926429
0.5463902645826624,-0.0618223478744739,0.15611079685230533,-0.2033238509171173,0.0712239930450189,0.03503476423788767,-2.196090181421899,-7.661185613380214
1.1642525283377545,-0.9575262418338479,0.08816790686442356,-2.2404862707512914,0.5568981073575217,-1.093052020345068,-8.098056228089789,-20.062585279105306
-1.0172190081787513,0.2642492986484292,-0.22557741486599994,-0.4136240254580916,0.09361537364226402,-0.2616622873349648,0.551789452741434,5.484313821655718
0.6821381800873701,-0.10842987468574511,0.36420427802144495,0.011283461068297982,-0.4197960802615784,-3.3780037458766605,-13.614213742070447,-33.54422613741054
0.21105885726689025,-0.20544524913978746,-0.3233303851083818,-0.47717561514490026,0.14586251193446365,-0.14492930093491185,-0.07746996732087097,0.07192104223127904
-1.5105100592505907,-0.22318418602205467,-1.6488493943129068,-0.7585056621512274,0.2788795444709054,0.2929185638621892,5.257483802546572,18.56155099814485
0.6661633295934749,1.3312716770392565,0.09976211689639314,-0.21167181326625886,1.4947874256799345,0.8339213288662792,8.552847230685705,14.855335375917102
1.6080611469683772,2.910213979830978,0.41265934994175607,-1.1559432003697778,-0.09060643248009562,-0.8292686131571374,-14.648893608120076,-41.5541720052431
0.07843304083302277,0.1525989999153325,-0.5728244119486322,-0.2988434690241843,0.27514827790955376,-0.5910771243584656,2.8155130728477085,9.512919373280221
0.5376324691251858,0.3654009520719664,-1.0317965232759008,-2.3864697614600408,0.14043469148864832,-2.519238403218664,-12.070948118525953,-26.268804743053963
-0.6556095259745757,2.3380103409370308,0.6961645147871468,-0.11108129680435465,-1.5049415392152852,0.03553156531956199,-6.6852703782730725,-18.518595240421995
0.15160267387699825,1.605892711575385,2.1416389480829885,1.013129558197174,-0.4059158576043533,0.14656853180586696,-6.58551553128277,-22.733295142226535
-0.9283752962547922,0.07491745808666174,-2.317589811651678,-3.299116115669969,0.5538863453733572,-0.010953412924022058,-1.2066383503651466,6.536441184945371
0.4650006455795228,1.927658712246171,-0.7846497566941081,0.002353902028063222,-0.14693781649203771,-1.893062285939096,-10.927466392018983,-27.691926594196598
-0.37752844927209495,-1.0565838528159706,-0.09042972572914211,-1.7965937492664767,0.9014697329776846,0.37702460081128136,3.3708824410784737,12.576503938551179
-0.532399577308665,-0.7254904777002777,0.132893714838775,0.15182151218244436,0.7243862876301567,0.06524356617885502,5.663032060850182,20.20815917926633
-0.33880439467971396,-0.7208343793410534,0.6880335890800424,-1.1653138050183593,-1.0023326381228863,-1.7252740255639731,-10.777120093709067,-21.576369079393267
-1.4051680825703337,-0.09243339244069448,-1.736480480257245,-0.4235377636304693,0.03006999114183725,1.3111462332346406,7.98776463678953,26.258253208294796
-1.0470798736930644,-0.9369314963085638,0.057399225298067284,-1.532015497233405,-1.9370431992531338,0.027203646085730566,-4.452344316388913,-5.443094067994665
-0.939110005136603,-0.2581596600584986,-0.32068661949644406,-0.09255305142528246,-1.2574985190571606,-0.32516510485335426,-1.0910179063981171,-0.4524368546596469
1.814989308121624,-0.0034394390569033794,-0.28506870322607003,0.04421077012507754,0.23771351931969617,-1.3548124519785403,-4.921213463444264,-16.775621631166143
0.025513105134593057,-0.04317083396048997,-0.14764753009801412,1.4544452956945382,-1.0554951752190829,-0.08543137623073213,3.308878724050077,5.644480931105322
0.5856974986853818,2.3088971236797553,-0.17631898361556653,-0.06317767525415378,0.25444639563946186,0.13926811477640486,-4.2655245197913585,-14.97769536924708
0.852177697289066,1.1033076482662383,-0.8338376011635675,-0.516946828841698,0.25600440813678366,0.8892367816209508,2.549972681889937,4.2150940282693306
-1.826322109009424,-0.030370830238778006,-0.8202155126012846,-1.9474468690540128,0.16498694037180636,-0.46695154237169045,-0.14911885219479082,9.984990418670707
0.23501301197945298,-0.6367856984341679,-0.2873112851335304,-0.33634212165190097,0.2791070454532071,1.0775708740558096,4.314287228038137,11.235829235598715
-1.0778767811210785,0.22576088950115752,0.5234999570591277,-0.17499130953239375,-0.15557402035165543,-0.08566970541017574,-2.605163910212301,-4.43661497063561
0.13761651778092474,-1.0553850188912126,0.23870503616696925,-0.651610402957985,-0.10805248028913728,-1.2754094440963855,-6.017464071139711,-13.686742835978205
-0.005241112488086473,-0.05796620384076535,1.5318048917750955,0.4422648120677992,-0.7478502247801571,-0.03830166071188731,-4.3744728888152205,-12.672514446379079
-0.3728443633679224,-0.4269172465094829,0.1501793855475339,-0.26519125400514604,-0.04584695155681516,0.5637140941329807,2.4783263379822618,7.8785323863240295
1.0468074032695371,1.029357292813632,-3.525254205063859,0.19659113693708896,-1.1251458296689767,-0.0752534141899334,3.1029014415366905,7.4220678845592465
0.6064979226052708,0.331799107083537,0.474219435148657,-0.04336504572332062,2.121683391414446,-0.8285600419936405,-3.1592408507558316,-7.365522541141241
-0.20768454152327312,1.976213807607238,-0.5063926934665002,-0.06139578564159326,-1.6343912760457142,0.8499162107637783,2.2520371422851624,-2.4986455947426958
0.040474778969428624,0.3615132577933557,-0.45027669736655185,1.6205666926636375,0.7142529814348961,0.092856275572482,9.354073797373957,20.6221612880504
-0.28586051732085155,0.711559861326017,0.41994487432501526,-0.7214870800826945,-0.5608033706016479,0.48921803234796113,-3.528061184304695,-8.575113705378303
0.08454086221464693,-0.014734177045397631,0.009653491797731444,-0.4500312748699335,-2.343640004354727,-0.17817606310344172,-5.82640310697596,-15.942374129480365
0.6742447695711485,-0.8484277640351863,0.040652246578810336,0.09419578393492026,-0.010170472401580604,1.016045903944137,3.9398821114487825,7.4211537131423455
-0.5893920138929534,-0.23112104573653874,-1.07335654780238,0.05517389383961203,0.06584551198618589,-0.7464109889345195,0.26617588973831974,4.241795101328857
0.44827865798241184,0.9569591009615733,-0.10762425471274789,-0.14149914344068482,-0.9666153835334347,0.5882853324595504,-4.402635025265859,-13.401643173697419
-1.3004299714088816,2.2487908611643737,-0.08034698277245954,-0.29320293228152255,0.7714356496941882,0.5268751703701698,-1.5473926153737625,-1.6529077608905958
-0.10597188144243104,-0.4025555339621049,-0.7503024094752663,-0.1832402471041183,-0.5898283872034591,1.6233548999525431,5.947411494465824,15.292883678511693
-0.34003922134578973,0.0126836131690106,0.08880307900625829,0.4547150539583649,0.6652020488708873,-1.950387072914625,-4.128681122255962,-7.5246810569464
-0.4841828780347642,-1.1601096892309044,-0.4419490419862509,0.23764054633756723,-0.9050976062827996,-0.04087772682574958,6.694880317844865,18.922713783230364
-0.1751808291825906,0.3846658640220029,0.9236475429821797,0.05169296944507428,2.083625569438763,2.553859614608713,7.607656336616585,19.193777762084494
-0.6524705923963282,0.021347719985805313,-1.2402065902668744,-1.0848998150321358,1.7181883096035064,0.7168798830724888,2.8874601914564724,13.094714138342063
-0.016141140878929535,-0.6237042771737986,0.0800795400096927,0.9450743512463069,-3.2072265200013224,-0.6418976838337441,-2.482539349454401,-8.803087032785204
0.34842384410033816,-0.2448047603667785,0.33245126790840107,-1.313392195480507,0.9878264709828346,-0.6755417252846457,-3.5933027202849823,-7.875120270664409
-0.46503775683888704,0.3661751178459887,0.6636026866074083,-0.15624852890633253,1.0392924696532932,0.20374401823871824,9.339093745016362,19.98259718854486
0.2957579860321154,-0.24103289463191718,0.15446427841021426,0.33551857696028037,-0.03804603614624736,0.6824604184807737,3.7146660008564427,5.461805595273015
-0.35415833583556106,-0.27523439623678886,-0.7711885392803322,-0.2060791144662344,0.4129046437306191,-3.1120501809774264,-6.491793690586105,-11.224117003128864
0.0092304507570817,0.892097927257395,0.48491404689468265,-1.1408959272497066,0.40568959585582176,-2.133245347075465,-14.175677421453816,-35.20749714550187
-0.12259092724409983,2.084290821304874,1.6687454969653015,1.361737954832371,-0.5324886754809598,0.37115872802088506,-7.716051495312592,-24.041026192837034
-0.11072050141564939,0.4274504915729749,-1.1404420833267288,-1.1157412416060162,-0.5514365036442325,-0.6479695650192645,-7.41351786219594,-13.562704219085527
0.6280064129277753,-0.029436383929002115,-1.2436930011070733,-0.13138486386468587,-0.26468910228655845,-0.5928142246736087,-0.44267574498409945,-0.45414741115845025
0.8129092582015441,-0.21466376991510072,-0.0818342980492891,0.5406886371332168,-0.12479699294444975,0.27492551760047756,5.271011495110518,7.841322069836248
-0.3510132081150889,0.014388663985611607,0.2253432868309837,0.15572884659393157,-0.07338560884813748,0.8792269154881247,3.253091577116458,8.951927785099327
-0.7968510903198938,0.11146167510577641,-0.23285130669204201,-0.6882093913804503,-0.0832983043843716,0.39679240362623625,1.2684153989647058,6.261280501527049
-0.1394877928100382,-1.0501415675574137,-0.5179826205490833,-0.39914088515707924,2.3246962902785335,1.374941243633385,12.976015969088412,31.78607367110328
0.2195812565284509,-0.009305510020771617,-0.7731001210454294,0.27351889207637026,0.22036696659513358,-0.7877461055291236,-1.0077741856201547,-1.0838596305079022
0.6308172850026955,0.45381434991690267,0.0016381425759958719,-0.11891992278573535,0.3146082752230683,0.6269223649602441,1.4581880089806227,-0.5685972304613537
-1.797699139293084,0.6449275552951045,-0.17146154236287642,0.18443576584130647,0.5291896145967695,-0.7056249082671355,1.3545930281699485,10.66731162470385
0.49413568058981217,0.37522612898256263,2.5766350865679652,0.08615132320134004,1.1900433566902782,-0.10900464093965172,-5.7630301090552605,-17.963766327007583
-0.6548896937585836,-0.23928776484505282,-0.6691747640586455,0.9108232992448713,0.45888477793793797,-0.8452093615903676,4.2358796491931585,12.399278063020818
-1.7901806890692789,-0.6687080165180913,-0.36378242179398707,-0.1566062358755452,1.1074440087845547,-0.08080100389092805,4.940852696230479,20.72235735794981
1.0708743422482532,0.3774079607148209,1.364058927582096,0.3241286537040943,-0.9586030845365787,-1.0003979032235912,-8.625328788574842,-29.197899802495613
0.4386639990334288,-0.2994971708345906,-0.9178403450563866,-0.0398853803716233,-0.015727885766179398,0.2849737356180472,3.4650301688461895,8.585880197077744
0.20686384513285583,-0.001433985763334056,0.07691834113083362,-0.7173316387323294,0.6039453151626982,-0.5476142850866417,-2.8783687121231862,-6.975139329686906
1.0773239460053587,0.6948571011293612,-0.5804886212181597,0.36503900830414676,0.08331878947280387,0.6066579345467751,3.580431280272779,4.0350716414548495
1.259837035356537,-0.25350496381888493,0.547631168397219,-0.537877090564558,0.690950319341795,0.26011561364675373,-2.310696495449514,-8.5383138070503
-1.172407761542283,-0.05915923732001357,0.1453200407070123,-0.7614895822256922,-0.5898830885024428,0.11940683668006576,-9.614271163655884,-15.020606069453367
-0.11426977052418262,-1.756816646915695,0.6163796582422688,-0.5322672645831107,-1.4278557505985308,0.6276448689876519,-0.2606573949553139,3.087137237786626
1.8546043179783684,-0.8910690894667591,-0.010169431766639337,-1.0401820990622235,-0.48934757623966185,1.2331353076939247,-1.2575895261487302,-7.503261943047808
-0.2275539083401591,0.2653123011707667,0.9848825774540304,1.0870879986545263,0.5638662636588617,-0.20256313344908838,-0.5380975656487066,-1.4603004576396472
2.7469743303676206,1.4874801064469458,0.04585165994721935,0.8914785325086003,-0.1393267833526951,-0.36041835766281327,-2.5494889159152687,-18.59864135549811
-0.5716801878140034,-0.2072913882433725,-0.04967282266368213,-0.06735664733837397,0.4248978577281236,0.029843456101654748,0.43936334915974,3.6466398659630865
-0.4620526369322919,0.5834530720606361,0.7256542636608975,0.022534746873511865,-0.5656279311668866,-0.16328161387499773,-10.100153687856393,-20.8383182758443
0.37262379965000764,-0.15338098643659145,0.07093524177981912,-1.2877322417305197,-0.5057898553532871,-0.3669631005125748,-6.5534634393773,-13.530996442677457
0.3188678126252561,-1.585831976691851,-0.4614653199239322,0.031260948925538816,-1.3181573448160406,0.33840377163402424,-0.9464402624701345,-0.45202390614009147
0.7665900341444701,0.9994215422987952,0.2562760240960817,1.255777496803372,1.7317234597382256,1.0484955730846106,2.998921579931943,3.425379103591653
0.33797945687790204,0.24593441798185733,-2.160103789653789,0.029520213502113365,1.2373372242200764,-0.2898363811109121,6.597823108376865,18.21890302905258
-0.5149191550676235,0.1630531130289491,1.2777465287944623,-0.26108189648459584,0.22041542026423644,0.008920723491701728,-2.641762961892773,-5.662286600622102
-1.222604483794982,-0.0973609353706757,-0.2235451522711239,-0.1735735528995595,1.836882230687252,-0.2077408095246939,4.7787292334711005,18.162303263717174
1.2363892396727572,1.9803889799984289,0.3014060745050098,0.05358700679554276,-0.34225085495741053,-0.060276069774089364,-4.067054051783684,-18.535177025932654
-0.21763110036815325,0.24619427207526712,-0.534882903309082,0.3940874628235067,0.8611638538933449,2.477463417580186,11.435830853420722,28.079374926153704
0.1823181091230653,-0.6088660532499642,-0.6532363623004679,0.6019417721838178,0.8645478236702586,-0.4795446594871009,7.167889432737475,17.601168399147724
-0.5055937090177284,0.8666413947545578,-0.046843792490786094,1.3359211596518845,0.025834619580972405,0.09915093612857895,1.4972012703802031,2.2884093432609753
-1.3135083209095724,-0.5186892678700236,-0.49790805507877073,-0.02217834057004711,0.0502202536669799,-0.5972735516409768,2.335185247441892,12.864558339199561
-0.4016611162091987,0.16076412723224573,0.924914303401189,-0.2818190886342157,-0.6899780052129048,2.7765679626125697,3.1153588896816107,5.599471892391415
-0.8039682954803766,-1.4366562203198188,-0.05424636288897975,0.2594416760004598,0.8579797400757381,-0.7783030065324713,4.104088100569531,15.90583642335137
-0.06336871963796388,1.4265409200988965,-0.25701826380904313,-0.7153029632211594,-1.7415611363652488,-0.7461463155387245,-8.732378995880916,-22.502211668392967
-2.2905995770660996,1.2980652918850573,0.3026257886176399,-0.34278482245770375,-0.3972178098311612,-0.9349135606230341,-6.176340660705249,-9.479097461793774
0.11597630139636206,0.6194277186340563,-1.053869805916067,-2.495144090474917,0.09456169973747154,-1.1489067622111369,-9.598745015350332,-18.50541251308759
-0.11992852636514355,0.4634223237561307,-0.6218635823056751,0.10640043125783381,-1.157837766166566,-0.9187687042295228,-3.8203132781483373,-8.385131151846021
0.4115405446713773,-0.46712615387956036,-2.413527499180835,0.49293967919608056,1.3872743451804332,0.016998894203882713,13.600635252517176,34.317629286410025
0.12454997749786935,0.00422710491228803,-0.0500820335088406,-0.28995632782976766,1.3903445492969329,-0.43623227371688944,0.5509556676134424,4.135611382526144
0.21474257761549354,0.6080848129741658,0.7981482487359652,-0.9493068784810218,0.24167382484205158,-0.9479141859596428,-5.433395105937696,-12.8585088179291
0.28062506246743096,0.34413224650914437,0.4787885555005517,-0.14428314737867579,0.08795194756167658,1.1811236974969248,-1.1549311576341528,-4.889640044119218
3.4133843870243648,0.00749818121544847,0.5025626478332681,0.11204910828114016,-2.0505627948327323,0.2477593292212707,-6.983265505552338,-30.8732850218392
1.2054142339310128,-0.7982192598949853,-0.2725757277728093,-0.037638689090720726,-0.35770169805353497,-2.728765113267167,-10.576114854512724,-25.046182668147026
-0.6852502473008077,0.8102085004555539,0.3431948845774883,-2.517682500418434,-2.5275041283147273,-0.8521814417199891,-16.96881316987288,-39.19483521476036
0.053484155620539084,-1.8291294562165936,0.4274579171902082,0.7448237548257713,0.06506960659129646,0.34046541910707456,0.766700569930828,3.3929569636163777
-0.028280848723867873,0.06907806263398182,-1.1002235283199435,-0.06520780806103896,0.6996339989664588,1.3356128033171184,11.639359135449237,27.693712627230944
-0.5698519773759854,0.12328970040516468,2.0220584017832994,-1.4272392272523526,-1.5396928298916253,-0.6760297039054363,-14.313199811963901,-35.39797487006458
0.2367576503261973,-1.6191681867591152,0.16001458304046384,-0.29296870811366793,0.4556932545497981,1.9959397936273977,7.350277911790832,17.687515302613306
0.45039803564810965,0.5856826765452862,0.1895025407780702,-0.00468298346620736,-0.022934061820562093,0.26660573983494973,-3.965221296735895,-11.664665902310977
0.741634875010931,1.5922920682806163,-0.5590423743188964,0.11633938218607989,0.5723182731365225,0.37953563730897283,0.8401952361304013,-1.3959932915843893
-0.4391369355646664,-1.0044618698726948,0.17259230354207292,0.026078227187659328,-0.5582694704018738,-2.9554928035660377,-8.151169631856066,-18.548339912321104
0.4480876124412314,0.1705303095393857,0.5437979515421297,0.6743572966608098,1.900321061348432,-0.8119572271115459,4.618039137925181,8.656481764964207
0.10780145174222054,-1.3080875252895416,-1.218797099017521,0.9696127462402288,-0.974265275974086,0.7934694410350069,7.36984589072715,19.186500464819822
-0.37225668460058253,-2.122761085247734,0.9138497111776142,-0.4303721229037176,0.5441115176784085,-0.3812630250734857,2.4521227064502904,10.763625330231127
0.10403236795415916,0.08524150010955787,0.5594173150536804,0.5374393785360717,-0.3444430653187256,-1.7252779980644593,1.3656542991189835,-2.842051703688556
-1.2184549812971215,-1.9920324827608658,-2.1343633735496175,-1.629679073325533,-0.0283028994618589,0.33860999288749166,4.311656182639976,20.901155934474552
0.32876668170105855,1.3483359135169155,2.1103061868166857,-0.34985653569001224,-0.6256573329215037,1.118784488797646,-8.862738940602936,-26.81151675364501
-0.13551854046127218,0.03340838465770174,-0.6681502755664666,-0.6510607911867263,-0.6088620599784362,-0.47283129539964897,-2.0345441846233037,-2.426643509772123
0.9487962165629561,0.36198089516517684,0.9394968366775224,-1.0001598445423674,0.12662879294436627,-0.1499285083101409,-8.704306522601692,-23.224083597273427
-2.8341882790215953,-0.3106131145591303,-0.45544679649888037,-0.684873089140518,0.1958541685918725,2.0777062603392653,5.8127130377000675,23.671601557441605
-0.44641118547093445,0.37248926056087855,-1.0152260227056065,-0.1855374853115633,0.03427852925564546,-0.1263487759467793,2.274156711358394,7.422497155421131
-0.2977768968707167,0.23695702133994712,0.7605074336356623,-1.8993239253779413,1.7403183024027276,-0.7707066787312513,-6.965548282636475,-13.109970156955193
-0.01616480433468485,0.031620598731829166,0.07781967192751439,-2.115605003165002,-1.0532802498117229,1.045292456666817,-1.5523846930813345,-5.730663249151947
0.2623524584753314,0.10766020524260557,0.8656495093855245,-0.048753628962700524,-2.630069021251557,0.9811391384452419,-3.3990336097296594,-12.128900436090753
0.6206837811028595,-0.8850974488905186,-1.170452478898301,1.5333438034858615,-0.37578526250156175,0.1081119939538646,12.465284102674289,31.265919345118146
-0.08445248701584342,0.6822829379713252,1.853625736641247,-3.2094197887120477,0.16017705999153617,0.49029944815012,-15.41638564449714,-36.2784961115035
0.30187917028780714,-2.2174450284834455,0.4498279259233913,1.4969642099917744,0.01791695757511908,1.8840314512561145,10.270464262378843,22.595748232289715
0.5095259787200241,0.017731508064374943,0.25416075306149627,0.20269519195889577,1.6884127019513717,0.6620664891272758,3.5432002944949166,9.510342368945938
0.04654695210581333,-0.6832991423733416,0.0781922689617367,-2.052210490778534,0.30507070987834384,-0.09902895543677548,-7.779242418069107,-14.576942491955268
0.022690237302047805,0.48598318958423087,-0.22293792389088232,1.0347509752143607,1.246282985530612,0.06442395745897142,1.080858698860397,2.6271392472945903
-1.0486986604134076,-0.6007688099785513,-0.37388982324437015,1.0579524437241374,1.0599055730534241,0.19426894120363095,8.194358329348647,24.69221129930807
0.22662783827730765,0.4332796337221344,0.6063887499541744,2.025624694099873,-0.6971387281765731,0.3528463165280315,1.8747145262329905,1.1309397932168945
-0.09301595524016908,1.8439015312642921,1.9212268496614067,1.029801860616772,-0.5352935038321038,-0.5015554260239212,-6.752352795534358,-23.41401383263467
-3.210254708595703,0.1243696710308737,-0.03547005936718093,-0.12148306975173138,-0.15046029184657245,-0.6013161925840123,-1.556910783736361,8.527594793551923
0.30472663730622007,1.304592329139811,0.08059648358276184,0.7032655941039216,-0.7064411339271541,-0.20374157278625893,-6.087928936224033,-18.61355283728231
-2.7494827474919883,-0.404951073895733,-2.249117187509838,-0.014722666606240945,1.6684635387857376,1.960633837409602,17.87722784262334,54.922050762490414
-0.18890973087902138,0.14349754943824,-4.782556546734451,0.008077942276716998,1.6744625828720723,1.4360187224351386,21.651377948842402,58.761635936821236
0.29341184438443235,-0.10383377867305316,2.2577872377403856,-0.3431914736256165,-1.2840506628977033,-0.05966028025802205,-12.048194245477765,-33.870833926014974
-0.4105111525198446,-0.23784817048729748,1.1733355391222793,1.0323167600621441,-0.09895765470135091,-0.1595805651330932,1.7581183599225472,3.0563918075177656
-1.7611534629902794,-0.0219717651437575,-0.8112923462607846,-1.642618503117636,-0.5586859462360062,-1.1985334197970008,-5.0876630510131315,-0.5461643030586742
-0.7012177484419172,-2.9020849596081333,0.43485634273802193,-0.981743796801894,-2.0862284655101018,-0.17743564110504953,-0.9859007629951693,3.1895692913604323
2.8726166975875693,1.4350337370982515,-0.8292132097623133,-1.7084843209523723,0.19346108668623963,2.3285309854443637,-1.077144688615059,-12.839931976552995
0.12011416202959548,-0.0836295917004106,-0.9192675355993892,0.3874866573426743,0.8339649736170026,-0.754031000308569,4.486705358670994,11.645756362829783
0.23181795052840876,-0.06814558378663275,-0.15537685481418873,-1.9805829030015942,0.6069811467729095,0.313974264211202,-1.371342298445895,-0.25064638374991244
0.3036856935843187,-1.6211139096881408,-0.20660080424233732,-0.27576235335288435,1.812674060282523,-0.6071112217398835,2.3188076936973534,8.546358607547493
-0.20050759877852006,1.083964497916145,-1.0519777713572667,0.006126588421524557,-1.7372633942412914,-0.08262770412303638,-2.6449370019505514,-7.622230406475899
-0.37219696239955014,-2.127645480733878,0.48691097536848726,0.4625801282657551,3.0611116210794047,-0.8649775937506086,7.232474435114954,22.22280946856575
0.3052822158257567,0.12282561135129168,0.13946238833327845,0.01920231740220893,3.499855712146251,-0.8019040646110835,2.311377940312042,8.200931831982178
0.8855750788745387,0.08118526010435957,-0.10129934195785872,-0.020858154684654295,0.6099303813931558,0.06168932248763803,1.814920481375076,4.382341389926412
0.6027047967610724,0.8468147310976074,-0.37943795358919213,-0.08632314757878663,-0.022092569493011163,1.1429250230779207,3.4787421081338854,3.7842686413459705
-0.21405019675548115,-0.19000374587689037,1.8123281349060905,-0.674427519566871,0.15349619438254763,0.5036728953909768,-0.8911492744593394,-3.4334100994469385
-0.6179846322082568,0.4352306097073754,-0.5920110082055711,0.06708139607787722,-0.46638458314620307,-0.4671940128811958,3.043295704727173,6.932619287350686
-0.3161325867873815,0.5590326502963249,0.07315989511988787,-0.7966953882052223,-0.0743157700451481,0.01000412451270485,-3.5498897236971,-6.863187080558728
0.6868605789873459,0.21178880833746133,-0.06615740381340361,0.2505007933421272,1.3800734503807046,-0.06303127987291406,4.9116816727377,10.445291885550805
-0.22338759922616794,-1.1483478315793394,-2.061209390063601,0.3771294371222665,0.12440462133775858,0.19380787916731218,9.126208886256329,26.20024884451555
0.5991430174106405,-0.0624082336678222,1.9186977736549542,-0.0715478235094115,0.4356098663963051,-1.4460336320619678,-9.984479128880094,-27.172264366998697
0.1543217818726557,-1.4267319680222,-0.9882408076565228,-0.16361710660499318,-0.03932259144219856,-0.31939414585064346,-4.492926916152515,-4.674090992027762
-0.8780440983743923,0.38076630005445555,-4.95197652612437,0.14646658585272887,-0.48568568020480524,0.013078429105375508,14.958112941396347,43.03755208522428
1.5800751602112795,-1.5040114870975378,-0.3968149085767606,0.7683482052127083,-0.8497182033055422,-0.5132975567752555,3.175505229351277,3.0233073485895385
0.23378552298564745,-0.05270532624199187,-0.03317671812167154,-2.2065220220981385,0.3301206042914276,-0.3283367189528445,-6.605134767159394,-14.329093826833628
0.22607255628527775,-1.2130709440197276,-0.5804924592832164,0.5082738170086166,0.8810677834688448,0.9946536051739099,11.043265734997883,29.61216257196247
0.1994882521703874,0.13445250118254265,0.3048764465006829,1.694932777617539,-1.3587084363615856,0.4242627522695617,4.047503455880992,4.804819844459052
1.4079510096650918,0.861893317344754,0.802541863813089,-0.7139272171721344,0.24598538965128947,-1.1795384097185029,-7.50019263816716,-25.363893711097123
0.3665266850065086,-1.2316253680391482,-0.06681780000530153,-1.0253827617572955,0.26552318531853447,1.4194964422407288,5.090112396228618,13.501386184350249
0.006205825646273391,0.39727372448062037,0.18232119294054497,0.27366173629914475,0.1780943047748116,-0.17773742043132723,0.5380354186918341,-0.7992509758592872
-2.0046356919528083,0.645833359759867,-1.1438789138468806,0.23744126344656377,-3.9309309926602194,-1.212906412087518,-4.515250289205793,-5.726635286019837
0.18321053412470645,-0.025546502156510092,0.3139597803463704,1.2069089456421398,0.25115517023510586,1.2652006903897717,7.671677080014431,16.692205187712084
-0.8149707318303973,-0.7177669196468354,1.4098168202792296,-0.4141116351194115,-0.9933198867393267,-1.010883870747154,-6.92205702313574,-17.612591156301214
-0.6690927076590593,1.1014102664748542,0.7815825761286397,0.8840119318094725,-0.5796460745178679,0.46998628599699327,-0.08726165082458892,-2.608834599335603
0.8673978572130087,0.18281371277908215,-0.01684848471046939,-0.033239415663841844,-0.1945721056469711,0.50987132598993,4.671189473267349,5.918623685565848
2.945820619253848,0.507938604022806,-0.09024435468663264,0.2522463917455929,-0.44352419843459656,-0.36159094312491474,-5.613596286946673,-23.39016267664346
0.615402673114279,0.004951889549617929,-0.08153768772438823,0.8016969558208441,-3.3289269996465176,-0.005347006292519425,-4.190174582107945,-13.541674848164597
1.244770624828557,-0.25318804434192144,0.2440584913909957,-0.1688920193438851,-0.3483082457306482,-0.9285486688575544,-4.771980708385653,-14.876183866809845
1.029324984669525,0.8646360911537537,0.33306940202433505,1.6574737382237499,-0.17959552222525285,2.30975036573252,6.778376689229608,7.272571713169501
-0.26384637145622336,-0.19222998941104577,0.6437607909814366,-0.31352646535767575,0.08299327309486684,-0.53092163767836,-3.9863124501043816,-7.9497531323362995
-0.5179024394081415,1.3890341369134882,-0.372670656918524,-1.4330758904326453,0.5725575968075669,-0.1045751361191041,-3.334222045185136,-6.24181346675393
-0.9686772525013476,0.3201483878818381,1.6015021583102422,0.23123526565994193,-0.6632343973980347,-1.1630123526666007,-8.66202040220088,-20.64002352872977
1.0130979096838575,-1.7399511755940162,-0.3527252366516709,-0.2970914353432923,-0.9635500121947926,-1.4735108797444427,-4.085573084439093,-7.881551780825369
-1.171540889621361,0.02016906972630303,1.0482888259996497,-0.37739572753044465,0.6041733385656302,0.18244962263669587,-0.3636111045869902,1.4432143118698622
-1.7895407098358151,-0.6551230499523693,-0.03589909368416585,0.27956217088389546,-1.5134418202791955,0.15223788665936297,3.4054332093231188,14.827474436514862
-0.678448733597863,-0.8541997866358967,-0.6743250013935169,0.03824702545320488,-0.24475057786806087,1.0700458085786937,7.520751953921802,22.74568302997828
-0.5451938515287955,0.03320748475392386,-1.4877522198052062,-1.1394621440554022,-0.04323284028332234,0.22082964953704048,6.069115581582898,16.767699158332384
-0.19073769822470418,-1.1828660959722688,-1.724625658611185,0.16061551819516437,-0.12404720128551017,0.42505725614088036,4.648056681115161,18.270261730181154
1.0927268784528898,-0.060555979090841774,-1.486202540184943,0.32487644567767227,0.5746607826832907,-1.0218782535286763,1.6876012296795249,3.863037634861503
-0.8261765435582796,-0.1851784742243852,-1.0354054955961332,-0.5847270195635458,1.1423198968985415,-0.09283698513367078,8.159530760638852,23.40010810343926
1.7539635716390332,0.0909050189632979,0.050709244288934974,-1.4311723490168786,0.8397361388223292,0.375250586612033,-2.6342732979646604,-11.833301582971881
0.11857947178074779,-0.4418327855888263,0.616499447186593,-0.703919875289237,0.05086619522565415,0.13284215154640022,-3.1562063763074377,-7.5462979762151265
-0.5838980633944219,-1.3613489004299049,0.4224261850429329,-0.47159079022178446,-2.798457758394858,-1.551326079771096,-8.613204159820793,-18.251459137984675
-0.06076847464083384,0.8318739699012548,0.32141600928964836,0.17133653829116532,-0.8483274762275509,0.055081935050481715,-1.8893011671596205,-7.181699882506878
0.5342135856374883,-0.04524909639586297,-0.12056707897393287,-1.4230317851975505,-1.0221790525623389,0.6586104519288862,-3.1032385996915544,-6.983963079866131
-0.10430682863509598,1.6719973479665675,0.44836429432208824,0.20585350956781967,0.20506469177194367,-0.25189382667964827,-3.833291108725499,-13.075792960313487
-0.20977131508924235,-0.2424797447377405,1.6664710237698095,-0.05195205142696915,0.008635947830240182,0.22157716206462388,-7.604330661591416,-16.505801534411535
0.22762564993138087,-0.3114031533144843,1.1707305403036832,0.4150807157498397,2.1644538270409126,0.5953058264239091,6.767908120462484,8.384250168609508
0.36100395787288914,-0.025989204065518245,-0.14479518837383454,1.316953339686859,-0.7432424791032146,1.1210846815708753,0.7512865565092319,0.05711709271074916
-0.7370214116515116,-0.01348546216139261,-1.096781495119578,-0.655232198207644,-0.7758030506247346,0.2703790853511626,1.3675317604164987,7.0080900261735355
-1.1212601867308019,1.1849135933735435,0.4425930728809134,0.07830368846373001,-1.0778809196292634,1.6647814334076758,0.3900150826969284,1.1522870674563004
0.40641949480508593,-0.20339050702490938,1.777247041515909,-0.06661715641245808,-0.2719261352987485,-0.6611796614388908,-6.896212327058067,-19.744608885154218
-0.46591485360258617,-0.04022366971753309,-1.022853449530789,0.3485212131821457,-0.4665485342517792,-0.4842113039806536,0.8467726866627183,5.450255204633172
1.3192358957484729,0.8714117027983731,0.25391284163744243,0.12666726061112998,-1.7506792915849583,-0.9417549091921957,-6.66739143229092,-26.363056295419437
0.7946891419840267,-0.7995791539335123,0.24123265900822313,-1.5377725484679472,-0.39308851400948086,-0.07541707492367992,1.5889565239735042,1.2735544389863644
0.4001063559548049,-1.0090629309320676,0.9127345362633781,0.6243045185741735,0.7431492664170095,0.22567968380934694,5.534023949377609,11.32256851179931
0.1287148227325697,0.18737424200108457,1.214024513421027,-0.009566574807942194,-0.1547645568490003,-0.3282911449727738,-6.908164017385079,-18.06372426293375
1.8149519112390569,-1.6304542600151215,-0.026106085387182003,1.3833606481487275,-0.2709779510239737,-0.40019941966975336,3.169102769570846,2.6944999327602073
-0.18265339745096923,-2.2283192953365925,1.1429255469676949,0.6753458742016383,0.32942600431836117,-1.4800411021021656,1.8243405875765677,5.770020932576036
-0.15891274245123452,2.679687244495324,-0.17876489569962487,-0.6572207763623701,-0.3672596717505057,0.00420341004228258,-6.2948694142982475,-18.960005350950063
-0.9374161620675151,0.42802218751206095,0.13187225939794717,-0.13319586742880365,-0.5027800359772701,-0.449773675414535,1.3238527580176642,3.291413789706918
-0.33428642306558404,-0.6965781569812287,0.02936658764615526,0.2899142969959551,-0.41348366787491003,0.08606698686862387,2.1944031673027613,7.327706139188825
1.454895463247094,-1.195164669075702,1.2159684944187232,-0.31510557151331836,0.12093462716812091,-0.17922470047741296,-5.553546436798478,-15.94981536276735
1.5211648223441918,0.9147744457869026,-0.24521419723396098,-0.2784232667475806,-1.0511718488132775,-0.10492649567911291,-2.7580339266845577,-15.92873020924075
1.0259706395026094,0.0037424800160224822,-0.4306407576089896,0.052146481124610726,0.19589865429974795,-4.583110757211007,-11.069479285238891,-28.47033832930105
0.9500256043389252,0.6785720526086705,1.1149329048765457,1.8052900770951779,0.040325333020823355,-0.4234673956947958,-1.3629285053460372,-9.575396260332655
-0.5771964916193277,-0.3554804584344,1.249936930209126,-2.110042231048321,1.4791579421516017,-0.19935660495589835,-7.527703633537977,-13.835356987366627
-0.8486572984431882,0.04991472286893362,-0.4408419022371139,0.42004284145605997,0.49327915372018416,0.027118524120198044,5.985112853142944,17.085719644059743
-0.7821904631870875,0.5163750005326778,0.24103411375339134,0.30098180817785525,-0.5374865035954158,-0.1770242708312965,1.545892794887394,2.0234031645779367
-0.5032008430566548,0.3132598472550829,2.459957690325513,0.5985754332716477,-0.4406510797614608,-0.7614477164145705,-9.48782073753484,-26.50923379918978
-1.723785929478321,0.4497851325818841,-1.2295024360553521,-0.035323840604032715,-1.4899183733063883,0.20786832796533114,1.0659632799933008,8.461841646978854
-0.7809263526697852,0.14436921565076882,0.7274689866597134,0.3147325664518827,0.05437823191273963,0.10483370152450706,7.620561184122026,16.144574301535226
3.2637628137800374,-1.680577054328991,-0.8437397945115857,-0.1363037507782971,0.861423909942306,-0.3232335562667658,0.7847114462124622,-5.688436080802652
0.24091165679136956,0.14973908551823534,0.4372228677266815,-0.417086363554019,-2.4364221195762847,0.7300197579965316,-5.406703268837884,-12.769817334273604
-1.3261877669674131,0.004435856498663599,0.37654961869507003,1.2363971135777923,1.155671575809144,2.675057113450299,12.906225966555219,33.348597777882276
-0.6897719889903422,-0.5032391304050803,-0.5549896415945972,2.2509700236540926,1.6102755175120806,-0.06119708934609737,12.50195066635303,33.43248529193632
2.034776671412357,-0.06634186067142259,1.4832932211041552,0.5741612813531424,0.14895011577787504,0.7202323525429062,-5.847496572394997,-22.64611698929709
-0.529375578826759,-0.3923448795063839,0.17031397332306975,-0.5104372382914253,-0.4123078566328226,-0.12200983780894832,-3.5171140853793044,-5.145562448951916
-0.7015521350779185,-0.050064494151881155,0.018846916206706144,-0.7498436352428438,-0.12772065403880864,-0.37961578536656365,-0.8981047132567013,-0.5844354872988369
-0.30228104653735244,0.6294568087929101,-0.01631010402128301,-0.1347315244473986,-2.8630990038584803,0.010228247624166768,-8.912535801257427,-23.27039369799207
0.025789485732683665,2.7817673987028386,0.7058311986223895,1.072557255309478,-0.08782294529081706,0.003806880216108625,-1.8631799768207784,-9.814819271044534
2.3197493106713623,0.02307341686435544,0.4242472138671536,0.022330966394770238,0.12394722262284746,0.43145520642727403,-2.616877110348777,-15.318489326643448
0.8887995244428815,0.6141751367473081,-1.7201779827052175,0.7731108502919362,-0.2094468537550734,-1.5050780441621618,-0.5940888292270259,-1.3453506521724972
0.8650040638842283,0.6540613969474921,-0.8936154502369784,0.04965149452977829,1.7576041105865836,-0.9841064846326754,-1.5736677506916679,-5.16072074484234
0.5417543870578175,0.4058505508557523,-2.0030857870846486,0.3690614361946143,1.1514863383400644,-0.12462005363582485,7.3336362223106315,20.128749164878474
-0.1996977390641253,0.538704240766204,0.10071016549879644,-0.581335504470422,0.1634753364823258,1.8065674459444525,2.7831756979727102,6.383961752246058
0.8218235971600646,0.4138461281690309,-0.9657817229931609,-0.45525801891271583,-0.5418549745875173,-1.791168699489816,-3.91722921943411,-10.274029712175448
0.8969822754047496,-0.49830459491773854,-1.1084528802719862,-0.4579733044605334,-0.02464669749639848,-0.2591973319532917,1.5701146840881426,4.377925705178725
0.5028899041730238,0.04314993229700626,-0.7889502432363745,-0.6058575127394933,0.43827690668558356,0.8475031064276761,5.328689144496257,12.021410973309582
-0.08689007123198791,0.5693294169993987,-0.24251203018905104,-0.19163985379475498,0.3718120938840655,0.23552817505012383,0.2594338628565467,1.9643161020957738
2.421154079100941,0.8277809248130513,-0.3943532917793205,-1.0187039063016883,-0.37678657134839416,-0.2147803176675507,-6.484730233822729,-21.162856257836886
0.37941253486154525,-0.4679042099802791,-0.510119068482615,-2.358060117272295,-0.33526862691299053,-0.2766857902983013,-4.601640851649879,-9.968430332154753
-0.9014231698696497,-2.0654583287323445,-0.6081366726978388,-1.0501468145335717,-0.06833845397436357,-1.3091632549956103,-1.779572656971857,2.699266178121905
-0.13739112984883403,-0.3150124993685755,-0.9967345341465847,-0.39183670803730875,-0.7793729720531355,-1.4624391166229,-3.043623724575338,-8.122770025056766
-1.4921786505890082,-0.18454646996018895,1.149216192663297,-0.20381717560783005,0.9421225574203712,-2.0943582481167393,-5.269498416311785,-8.098316278718938
0.7466577179256475,1.2099131243224128,0.4877318127868241,-0.3764595508712201,0.21472745068587099,-0.6003899492441485,-2.426756138107211,-11.7701491105918
0.08728287710064743,0.10246371111071131,-0.2444846631670869,-0.23037520889591825,0.09177447054367026,-0.47513561469417787,-2.733434606499065,-7.182257188686284
2.188334905274367,-0.17133111506415594,-1.3460327236270304,1.6592885663048456,-0.007628340419006357,1.6011577137298811,12.356064922475976,21.7470307307255
2.3570362264286127,-0.5176244209641018,-1.0485881440608582,1.5698694948118366,0.8770545165512956,-0.40914744667527936,4.945853056048319,7.5739897839398065
-0.16330851164808793,0.6587426091348481,0.017188128810793256,-1.30059516252477,-0.3961623796300047,1.3341639613428973,-1.7625605197233214,-3.261075441515732
0.47451582721304664,-1.3228009212815341,0.04874975416602251,0.02585987908980043,-0.06876962582169849,0.8733976651703701,2.0264449253116696,6.4352325962917964
-0.05048489744559761,0.7773391692989673,0.07771321745691123,-0.1499149075776948,-0.42480149281804,1.3279620846424243,1.2267158756046928,0.5326977093435414
-0.541551989410811,-0.09410687025591953,0.7580465788774128,0.3156007818516223,-1.0824270138348229,-2.6040892086188254,-10.265420484569738,-23.416972987456848
-1.862293380341899,-1.6991295400817077,-0.1921215485074357,0.7735084138468827,-2.1153316962747986,1.7254158667235318,5.678362457117278,20.561694193179434
-0.741581037912784,0.35697815420885726,1.1232138823425348,0.10063680059048921,0.11518799048563433,-3.6295810294763644,-12.325974175195343,-25.966982965545693
-0.4174817940923704,2.015431957893364,0.1954565213652457,0.9172967199081397,0.1558044604530428,0.2938253286054491,0.5925770396649958,-1.7483570450323613
0.481168608061941,0.6826773099877536,-0.3900059133275063,0.04462832916774774,-0.27452313822560903,0.35159369380906325,-1.3437597861002768,-4.764123581698722
0.615302688640636,-0.5112842773394443,-1.043058135346331,-0.008625553289611697,-1.7365863719146886,-0.008892354540331469,2.379152800930831,5.685955370194468
-1.3027135485745074,-0.9514206822944556,0.1762213078541788,0.19831311407518437,0.11142650674914452,-0.010846791678687497,3.7975882367881924,12.231924418717007
-2.0180650146380152,0.5405569696669271,-0.16675449413696583,-0.6587686531670336,3.5123517842871137,0.13814836109194895,7.236822529890084,27.044796001531683
-0.04135078690165075,-1.8233513906122596,-0.13083809058841264,0.2615026514725102,1.1705284258259199,0.7039266751619627,9.351845033210942,25.320351576830888
0.6075365080568563,-0.17989945719896785,-0.31438106269147037,0.7148899462676493,0.09361135103820636,1.0988320953492536,3.382186932051112,6.922797617071139
-0.9281286580157284,-1.1314656153952762,0.6478507266527459,-0.43317311716011364,-0.19549323719521977,2.380546351529259,5.02629304795904,15.505126000727888
1.2568280549504975,-0.31518325727486346,0.9907670859060846,-0.1864691954082619,-0.19583232567741926,-0.43587091274634043,-6.454416334524596,-19.5610204661795
0.5593194078836002,-0.877850309852003,-1.7823571831177356,-0.38207960080987696,-0.21179253907855305,-0.30748197998643084,4.01747926821434,10.240341046961381
-0.7614791921722066,-0.3555729261865268,1.1648413791510508,0.13842600789062046,2.0548003712883927,-0.6186024918389642,3.01844508019867,9.297284339729478
-0.022258346706224195,-0.43883827210284565,-0.4175468565317411,-0.12044334273004152,-0.01614419387262353,0.2945829396267722,1.2362694988146565,5.393883307485914
-0.22317503005105652,-1.0120927322264786,-1.5314926987063016,0.03430192728895273,-0.06410854793816526,-0.9598985121997385,-0.13783778631169663,7.407977930509254
-1.0578778800126243,-0.5364228650669476,-0.9032703509557456,0.9044406705829705,0.34025501995452867,0.5506581341807353,10.624637485496963,30.123990645592407
0.11008095898884811,-0.05657828922123214,0.6618964694179762,-1.7663466179180758,-0.43491404552132984,1.3607689817125772,-1.1929416832840722,-5.3940932131641235
-2.231075696182525,1.6285626850337602,0.6249411519833645,-0.06354112633732896,-0.2969226563274742,0.03879019602199325,-4.25947574887224,-6.609701994056287
-0.22883146076437566,-0.8303987943591162,-1.5298309009565465,-0.32113184704961234,-0.24735486837304413,0.7606156633245453,6.779815192653279,19.56510920779617
-0.311606487115741,0.3786968365265106,0.33085604234056715,0.8951159768636232,0.6422945920562809,0.6486542745924305,2.2832768709070654,4.790723487220144
1.493071405535227,-0.0767181617092812,0.11470040949187559,-0.2952021084715436,1.6008320215093033,1.2919524435318097,4.186420732684015,4.494482290736397
0.6233911201782795,-0.3274548403713965,0.6035608672896167,-0.29676448526270355,-0.45138851460162766,-0.5775475123078978,0.9186372617850016,-1.3568224647714473
0.20213090618691526,0.011677208390454686,-1.4590448368724727,-1.450841378371983,-1.2332627061779278,0.3344035432859653,1.4164319970527437,6.493495221975577
0.8701735395301368,-0.05251045346903173,-2.000246193316479,0.031015547352770532,-1.1710530761300475,-0.2849400584166819,-3.2778833962989147,-6.159678902319195
-0.625762354198982,0.09118388519473661,-2.169092179085344,-1.5616461646665971,0.26477618327324876,0.5660370559456022,2.6849557532925123,10.607873162645923
-1.0309091173166043,-2.7729519178493636,0.32096406980586706,-2.514741513126832,-1.1942932265364619,-2.917734801655311,-11.760920674679307,-18.328411982712236
0.18236032379820002,1.7428476612002,0.015871600151834826,-1.892210833080467,0.6262961501119562,-0.6639998579198249,-9.456348222903017,-22.853475295398038
0.08719598163843667,0.37393999468101446,-0.40099913293224154,0.3600897600554609,1.5841830685897473,0.26569422860966274,7.334873769355934,19.979104638544012
-0.06610719753621198,0.7300399161757822,1.7455355115614446,0.014510310132942692,0.700352066533351,-0.10162995574890905,-8.553181065160125,-22.207007976635488
0.3579733347401735,-0.15401019426095355,-0.0607146537759936,0.7569814874359888,0.19396638208036662,-0.002021059526511598,3.164895209744983,6.180671268520682
-0.030285033915320017,-0.9906267633465459,-0.8505307738462623,-1.0726030615901103,0.6172251578845597,-0.35206915049954846,-1.5897376357257966,2.1590325570459434
0.06073281864182688,-0.033384935909916154,-1.1717547646126243,1.3423362540639352,0.4550680509640273,-0.4779352558247088,5.619188159206178,14.434294586586606
-1.5419204143932663,0.3576013901482063,0.12724180180869876,-0.31452311129537686,-0.6011222578093491,0.47887767890519956,0.8966983908700235,3.8021781746029224
0.5796546851579638,0.8069701678925444,0.6357181758725442,-0.10390076389189785,0.28394058611663553,1.024613615773159,-2.72633829823976,-10.258158725938502
-0.1850100952068062,1.172913811170966,0.01958507144637273,-1.5425139827304561,-0.2852239753325403,-0.19335868495026778,-8.868368620965576,-20.219405001292255
-2.6792521480005633,-0.5618170214930506,0.23395501316543565,-2.1608751823269947,0.23717399332835248,0.5879925739271965,0.44606650618678323,11.705065075975405
-0.3156029925666065,0.6476629031928698,-0.7993549409729699,-0.54872857018852,-0.8633298136206139,-0.1904159233667003,0.6065349144971153,4.064227548568115
-0.24448516726543598,-0.20131250576616605,-0.6419416588634391,1.7344507423358693,-0.30716469566926,0.6324359254849234,9.216910210604661,21.134149873599043
-0.6366351031413141,-0.014732111783386539,-0.07399888466201611,0.06285638465866253,-0.3644219009175471,1.314272313908839,5.165724746540053,13.232660606002025
0.3951844160213181,-0.14558834651044858,-0.15775963694319464,-0.14863381037553008,0.23289578559724985,0.056157505886133254,3.22378818069342,5.959690952504383
-0.09567501680664611,-0.1722701631285974,-0.25120295005866755,-1.0222788745727345,-0.31027199170713676,0.6265409390907679,-5.07416311564952,-10.029176008073838
-3.4537042139735927,0.453316698696664,-0.25299069202066005,0.8291860759483416,1.8474686406028538,1.6019412796140082,12.07668262349917,39.7539833530268
-0.06019663102491826,-1.0498623525352935,-1.0254182963546932,0.9373275397865787,-0.21793295687424943,0.2906334751369648,10.250926154062547,25.364005749417544
-0.03871147093070598,-0.8295896008695535,0.7209527859459381,0.4215575879120889,0.5850677949208818,-1.094476430919062,-0.7391096577195269,-1.256977534355641
-1.075117118297264,1.831683612595471,1.054017950519911,-1.3217575030358255,-0.7024518625405133,1.618282011760234,-9.39572535206879,-21.18542391534635
0.5574882397846641,0.014191742381853646,0.45004970334389544,-1.1213645470060283,-0.382425248398104,2.6427685274903028,-0.6278680755700448,-1.0114380654827393
1.3527887183424983,-0.37440603486648255,-0.3259077250062023,-0.34233690466632183,-0.01504993127987748,1.2630600399892251,2.6247060660850945,3.9623718772106704
0.013963404525829268,0.07710510259842963,-2.1895215789034723,-1.037625557189749,1.3413805798280498,-0.2019603863005106,3.147941267660391,12.612189254965093
0.964370828844814,-0.10491435753881191,-0.2749041014898742,0.21415882168044947,1.8549517726787936,-0.8423510893679704,1.5526530568609747,2.261313332630521
0.4482495570591064,0.1993548336373911,1.3261063360812926,-0.5010856003921728,0.9187445600176021,-0.06369416587243344,-9.697597231427851,-25.800036708252684
-0.00784106517685256,0.827916560311071,0.1704179512213438,-0.05466469238068543,-0.09850389405815599,2.231078794085333,5.212402213183841,10.53614682862783
-0.23642974080196258,-0.8292252401359941,0.8355992533108122,-0.9654897388778689,3.056096115359597,1.6208234936279944,8.236308667002632,23.317889447716123
-2.2788845784016267,-0.2287611981360487,0.008724078985734157,0.30693023361097066,0.48344225194466567,-0.7216975734409807,3.5481513866016696,15.949393341384473
-2.3143661118367067,2.1867263912272197,-0.397263352738794,-0.49451530978465613,0.1984564674515577,-0.22508402935968108,-6.494196012760471,-7.932437974002372
0.8287524611019953,0.7494375894831666,0.10292074538207818,-0.5851782251735649,-0.44362075331854156,0.3063803300318916,-0.3839688749275423,-5.570983978418203
-2.6736650247927445,1.9259112301601646,-0.9969653142672493,0.7936819330849786,-1.8694453291853232,2.9147824685304857,9.782940345124327,25.662296178338593
0.08033862570894161,-0.03122017411398936,-0.20148381911683128,-2.673165269411727,-0.29741889743618916,-0.5199910502603252,-9.015815405313871,-20.045634765465405
-0.047296663791727804,0.4993135895739899,0.7660351212319716,0.5168739614125533,0.11876403507417567,-0.44241864331076725,-3.1443521189005468,-9.365703858865004
-0.7912758346382702,0.004085134012306886,-0.09794258117458375,-0.36722115662836796,0.7527325616210786,-0.7956426907857365,2.532586809405237,10.058636339818776
0.3015903972608469,-0.4210795960952624,-0.7719963163739008,0.04772410642849792,-0.31618371234852233,0.057127833008611004,5.932033277780066,14.138273527173572
-0.1227484676263812,2.0338893184993956,0.11039750543433129,0.2597682289009945,0.2744837921672984,0.8800094611992448,0.23290996827775667,-3.826610559138729
0.36784333374209643,-2.5204034257725203,0.23933409374092313,-0.32327776850752893,0.7618601474273923,-0.5964641187885624,0.7114772407978069,5.707495199420624
0.5861306807287295,-0.47565565897608975,-0.9199780509517876,-0.4699590327316564,-0.6385065371555215,-0.05719852196072407,0.7980333579479052,2.0939718530921736
-0.054362125554194896,-0.36814246451645904,-1.5799919825041993,2.8149208238117693,-0.04923317903296734,0.556150756081882,14.215808100183404,33.16723312121131
-0.10071405736078269,-0.40946271691768893,2.278500663352431,-0.7597401319546163,1.1850369951024822,0.8044490387821498,-3.142400358756381,-8.163453654741806
-0.039691181111012816,-0.5818447567919633,-0.513301540385701,-0.6593082460105161,0.48021135974796075,0.0166858896778658,9.133827434331451,22.828048432039374
-0.06348946386976093,1.4969318645162393,0.178059954623426,1.6570944984118443,-3.064833193937818,1.3960482068872868,0.0015380035705021555,-7.10985887621653
-0.28161483508126245,-0.04003738607668474,0.5396162740455522,-0.15202704041508125,-1.8043857659690024,0.1474263775812059,-5.922875057474307,-14.315450854203085
-0.35342644864966444,0.902637859969962,0.863594874912875,0.959023936125759,-0.09294533580520034,-0.2384254124361886,-4.404957358573649,-12.197929408145171
-0.47714468099329505,-0.9692813954421008,0.7940698264668753,-0.22826123441483762,-0.029005106847614384,1.0743734470738244,0.658080440351922,2.8251719774779858
2.2470543767852336,-0.8510377898275979,0.835357554426218,0.13890702907068153,-0.00542698998797087,1.1372164014661907,2.925854328572521,-2.0794052807591843
-0.6002737146432352,0.7228042381780014,1.6128814650989645,-0.13537058406118943,-1.7438643457932734,-0.3674448359702221,-10.45479981813356,-27.38322318241868
3.021808157558113,0.13795567667360756,0.4003632433681573,-1.33334593182131,0.7126205442946218,-0.04728075097385077,-4.870904373198305,-19.708844430523726
0.31135118544505247,-1.0492617195104055,-0.734801979371259,0.5238454222600859,1.2914450260326416,-0.04474916497133231,6.902077453469349,19.09876622552877
1.8355877365584168,0.5608987397562208,0.5124751294370873,-1.1669454159240007,-0.07799094531265649,-0.030643491087503322,-7.761949673665939,-25.82911443611155
-1.1658656152876172,-0.32695990086837773,-0.27263071608246625,0.0905985310657343,-0.04494900714116739,-1.2035457285809754,-1.475719191697384,2.558395703932584
1.3885549579987484,-0.548826174706058,-0.5317789482939392,1.3313324904154045,-0.4763910084536629,-1.305573530002341,-2.5193747588869084,-8.06217574237159
1.8605433261372437,-3.4536503257545643,-0.007324353931739577,2.101912989270128,-0.39821308845148246,-0.19601762600927347,8.411832198630472,17.655168274686886
0.049465429540254756,-1.2447600653662414,0.15274755925464412,-0.2318196220725429,-0.9231537255333055,-0.666159323446464,-3.290692081526023,-5.678980943206558
-0.18553516045017382,-0.8575225626044884,-0.9116739208632069,-0.5201685009704493,-0.048686171865061655,-0.2075314829360964,2.8727388893233874,10.479293205315505
0.09365046344886475,-0.3061187110746659,-1.2270973034323642,-0.2529108046149587,0.05828300068178168,1.5811459615441579,8.648652100698627,21.904126080108718
-0.027708448768745307,0.36466170947452436,0.5430070411384406,-1.000647522344696,-0.7243538298331542,0.3556511540811757,-4.668917831920174,-11.674557122042337
0.5126569672197003,1.0366277596947344,-0.21632480424436526,-0.3205172413923662,-0.33876578853000483,-0.06906079750191295,-4.1973563406178425,-12.43328066748781
0.02681820786150271,0.7428988594722242,-3.061487078307303,1.7407062054634552,-0.28625048412888643,0.054946623664530056,11.50759819249002,27.597379605798906
2.3735503410521255,0.10897619681453184,-0.4670447505926326,-0.34461153437989994,2.502092741515225,1.655589286030117,5.4720310626086,8.474417243292118
0.7304614068317458,0.6135393965522383,-0.35072639730134814,-0.007130477164437834,-0.17432616049506508,0.11234480039449041,-2.788620347507292,-8.214517010573967
1.401902682668723,-0.6956868574408829,0.20455492246007168,-0.13231735518813545,0.9176192398906283,-0.01608486644666171,-0.15218301974116233,-3.681604328139489
-1.3536257271529608,-0.012751094073331526,-0.5354068717216128,0.1148428558780504,-0.6192272828259182,0.35505236961737996,2.293287845511701,10.82352203148878
0.9577019971571966,0.1341176141652034,-0.3954319920991235,2.186362013727149,-0.10533783262720182,-0.7295309554140956,-3.5146631624992253,-9.636066067233427
3.3756003581468925,-1.1063868451296968,-0.013040683205871617,-2.287287162995555,0.0018566267306324817,-0.44020003238745276,-10.611847533025056,-32.235515089031736
0.3360849801635679,-1.0931986372689473,-0.20159560605200805,0.21590255107522432,-0.07539319212455714,1.4894735734869289,6.913114821149899,15.640001232891953
0.5247272369081613,0.5604674526976476,-0.014819738746258412,-0.6765006125104277,0.10194942527781281,0.04553750635933454,-1.2295515586060195,-5.983503202984908
0.1427268495696615,1.605680550563294,-0.11328180918066869,-0.400349209011953,-0.15027821362158875,0.010991085339065003,-6.384841589923454,-17.564845804082726
1.2924345939145152,0.1688450023239064,-0.1101538689654464,-0.05176056748700199,-0.020284261654788166,0.7057188365398092,3.3703447104957602,1.5326190091540826
-0.11452264259566958,1.0004889898978366,0.7511256899120158,0.035969103970031786,-0.32244526850603855,1.3191875384157177,0.9849369330443911,-1.3792136257550642
0.4127894509104532,-0.5081809086179552,0.7972615437320313,0.37801865744919594,-0.7980965056379182,-1.496146481323812,-7.6359441856657435,-21.280444918918
-1.993001065526615,0.8755056060342212,-0.24006575047951967,-0.19758855180935228,0.22225844636553307,0.43034228945396213,-0.05700962340702087,7.968827066863915
-0.26926961968401053,-0.23584834060517726,0.423640107551857,1.3402776493678217,-0.2577311818542867,-0.33744263813383274,2.17639312357992,5.551153915150341
0.12600037780838375,0.09349037725911949,0.4696279738485782,-0.06881888443272095,-2.0506281203550345,-0.20973951268030894,-8.656478803198878,-22.751575408608645
1.751777682327202,0.4600992173284483,-0.09597963604880823,0.027808146887030014,0.645950541870751,-0.017485799961435785,0.30370616112212845,-7.94660060797431
-1.9874777263882986,-1.198851446670352,1.490278919601835,1.4370963551485383,-0.4055366301504951,-0.2816803563640057,2.2972076050825456,11.83393463781978
1.4389700667555876,-0.41909188139776316,0.0037579408931294887,-0.11190230180768307,0.772891855528036,0.14598930896083004,0.9629252083098953,0.06538625426936129
-0.06130836461602606,-0.26463193544204167,1.7644258200589313,0.127266762143548,-4.7415461043598865,0.13347852913150757,-15.217747413629732,-40.33219427289094
-1.0990640792726973,0.6429225108960417,-0.676003959412698,-0.5300285612656274,0.8231220452387931,-2.8901023302883,-6.49084236110358,-10.254354238748407
1.2147398418173376,-1.3837216000076755,-1.2997284897220427,-0.709330779969669,0.16246974839136893,2.134095000345622,6.9209621246893,18.42977675866772
0.00819564645727469,-0.16363357206306983,-1.819668753732188,3.6319535891270505,-0.0770627838287683,-1.4814907243863022,11.663385405229892,26.787681093364398
0.5815149534352384,-0.5700372718078066,-0.4765078963071885,0.25198944996031064,-0.25568387608916254,-1.8012189983348708,-3.1510298811777306,-7.105068015123592
-0.37452465395226,-1.305643440878389,-0.7059634922027894,0.32097808571155306,0.48844678130787356,0.011526887773845215,7.305781270765747,21.123601839772693
0.0160355286821965,0.34391062030239794,1.2595643152176648,-0.5848500157400265,0.18517334822148684,1.4274433007923955,-2.75389582731811,-7.6973678611228324
-0.7089972492069012,1.027283338258298,0.745272129093099,0.051495986336408985,-0.539035010792235,0.45613597007025647,-3.0252031057167503,-8.047714099702976
0.23896812448010646,1.1352374277921071,-0.32834811913761836,-0.16075754246172005,1.5385144465391987,-0.7307858847686289,-0.34446475831418777,-0.7131794285889779
-0.05857190185082494,-1.1141588706805416,0.519838316860781,-0.6215955318525427,0.7443176311410727,-0.12641185305367697,0.8452444561858086,1.6363833711950122
0.37356136266893125,-0.6176206086022804,-0.09771092395065653,-2.0748385600142063,0.09160300931310769,0.5797586710543333,-2.1573839887991983,-3.03440223429327
0.9928768637339146,1.12074401188234,-1.2884488352842498,-1.976010671960228,0.1673683509685064,-0.08733612878204047,-2.4621119277851715,-9.10841758860023
0.12740707792403633,-0.7828141920336826,0.8397070301390495,2.689988175450456,-0.2018045334791823,0.04622828732799781,1.3612042989732922,2.535556144807437
-1.3482782927666142,4.151410161685282,-0.4929217581031336,-1.3181870669749136,0.2656232634394655,-0.1375929701347319,-9.609888757463295,-23.037696698322932
-0.7258398205590003,-0.1722925089529361,0.6311494210407654,-2.5685634049642814,0.03891853041000954,-0.886977926573173,-12.559982706006945,-25.454176450410056
-0.07136118257829852,-1.4586139052044143,-0.7919083204107112,-0.2699486530438777,-0.24985950249961342,0.6917172736031213,4.384348963082471,14.395268416756172
-1.110949665340379,2.954437096951161,-0.020059534552617362,0.35840762097594103,-0.2922860398941301,1.6836951565447391,1.5258915457376154,2.2243016310598387
-2.1623778100255358,-0.5887723773369362,1.252510898668551,-0.006637265726282337,1.4598119003814676,-0.45099795559582784,1.053398532896883,9.721031068859537
0.037815671067539455,-0.9054432733742247,-0.5429619370900614,-0.9105511291607475,-0.25116513331926,-0.42788793291126975,-1.0998327233770784,0.7360079199897012
0.6013756363096264,0.08002246011830078,0.6574389295054633,3.5209941766047574,-0.8532983121684032,0.22643993489175734,6.918806284372437,9.86618876779769
0.09891236687434356,2.460655792317784,1.196931929219227,0.13660360110204506,-0.019054788504655112,1.4907737926042153,-3.9216618855256993,-16.716818093544354
0.05317061969184879,-0.5034136567949816,-0.779693139528564,-0.12429728606332974,0.8698958039430147,1.724366781045713,6.983715809330129,16.54321367535167
-0.47575003615116046,-0.1584503603130625,-0.413335622315694,-0.577149546402208,0.6336384457282507,-0.37309909897086757,-0.4903602421331412,2.762720173750888
1.3814272300634551,-0.08669392079738412,2.059102042203879,0.5811540024287084,-0.12472700454230451,1.3715725319307714,-0.9344394921318369,-9.403530823240246
0.7932801977367342,-1.751099012456461,0.08444963505636845,-0.351031099371348,-0.05835628087066939,-0.1151464043486017,1.2800773827662706,2.786261220850329
1.3336955393680123,0.2674252162796209,0.1286941367352878,-1.3039954134833076,-0.21484259271514794,-0.06985783975976918,-5.99669763214253,-18.91123367615073
-0.5720161546650193,-0.4860303032685705,0.041588575726195946,-1.3500378320711393,-0.7480807588075374,0.22304083188866758,-2.3257940109258004,-0.8617705307023238
0.5589307226664696,0.3464276974419564,-0.5554054737684231,0.06262249785779732,0.30332490965999953,1.338474760959044,4.937470666546741,9.423468713760986
1.958868904877311,-0.5164291522341402,-0.2506181303678326,-0.7834114437765541,0.3584332825499731,-1.0711478412690982,-2.4118123202145814,-11.101835330687791
-0.3455308634755929,-0.18465671250033214,0.24422282379045562,-0.22689828473307763,-0.867557415733286,2.437026197038829,7.061567473534119,15.47582907736108
-0.7785491970414538,1.1232376186316702,1.54530239980687,0.3446956632743131,-0.3324096365998257,0.012502716361518191,-4.988618957147119,-14.76929859481966
-1.4217369377668008,-0.12155074609025183,0.010480004752305651,0.5062045999718701,0.1905573192285732,-0.3717896763051741,2.9304610107406535,12.038882504555362
-0.7274840102028374,-0.5172839627942964,0.02345649496080714,0.46671923958720357,-0.5245335426596263,-0.09889722859300151,3.390483746339155,9.904282915272901
-0.6922397600746396,-0.5128529582044506,1.2906338009116376,0.671287921156867,-0.9991382944369644,-1.316127900306425,-3.1416331038256056,-9.415438776820102
-0.0390041354824155,-0.42773439316743883,-0.21365700156333128,-1.0132670091537135,-0.20239620665952957,0.09533970178358754,-5.156612090992942,-8.800303899124192
0.5103511016501422,-0.05026663582554017,-0.19926591185628179,0.01894128388813787,-0.6862402852571668,-2.7036983841354236,-7.642716339581436,-19.555254423205735
-1.012399733304904,-0.18004740727390756,-1.1631430652332415,0.505052627505691,-1.135583661951858,1.8081082205151096,8.593256997811158,22.82583553149332
1.7840614075658614,0.17839569661622395,0.342930507393292,0.019016592060094623,-0.5188990734243665,-0.9409559621826348,-4.351339109356688,-18.8598606639814
-0.5838687497494326,-2.063263533859912,-1.1308980215489117,-0.32139461259606844,-0.41185326480520446,-0.06288225818339158,6.192947258265441,21.43477170689808
1.768884453734098,0.11288541088126616,0.002651989030791899,0.5899421028918457,-0.9492373448213366,-1.227523005962772,-5.223971319372861,-21.30642542538733
-3.133144772443856,0.3357574661932646,-0.10085342151257952,-0.4491425589025994,2.196927833160513,-0.5736537995530466,0.6918492999949115,15.810159699689631
-0.4460372362225572,-0.5711782857094174,-0.01653213462902744,0.0948524723806659,-0.4285474570452154,0.8713433312019474,3.8420003475726707,11.26587602018505
-0.30933338316474884,-0.4485851826144433,1.7578079898595091,-0.47566619134390004,-0.20680795166195637,3.0871807839962697,2.7764944988603855,4.600534599839223
0.8373438113585053,-0.23313715333330373,0.4485349994033579,-0.5226093527390127,-0.6572958792399064,-0.03356988488440353,-6.282629564646236,-17.34909442891324
0.10886795259535237,-1.405784430304777,-0.41560770002696423,1.2688815119989691,0.19833965325162806,0.05474020836118672,6.170115826823432,15.420616064884864
-0.3647201652193129,0.39245882484138706,-0.5852111287578972,-1.9505244663284396,0.016963649018725976,-0.8361611955834988,-4.720070547878664,-7.210796029060514
-0.35811360411887905,-0.38065245514624607,-0.8900091163506031,-1.0573467298526433,0.21856751771472804,-0.8501494012726502,-2.294093541621905,-2.0231248782902282
0.5157436637211059,-0.2652583285322493,0.003709391168807836,1.6499280356759445,1.0922019463643438,-0.740868357187699,3.918059049564792,7.624578718682336
1.7114723542840893,0.891212057616388,0.33123046591095345,-1.3238021104398807,0.5174903194322091,-0.027834762383337274,-6.755846514812173,-21.78956618384023
0.08401944040497668,4.948634914156635,-1.0221976005485895,0.8197630946787018,-0.020125397150307495,-0.9666826157064303,-10.515650392387643,-30.128961356332642
-0.23873631660378344,-0.46682787978097895,1.4515770839037032,1.901471599899992,0.026558727604803035,0.14002921321473497,3.7553573531927524,5.882385648127254
-1.1682279756535732,0.42845251228096404,-0.04979328940615345,1.0474579856352957,0.11408639406530185,-0.178228227052243,3.4098715908068487,9.444271572271818
0.8104217558142551,1.3255820899833086,0.9538579626018784,0.5175075253134259,-0.12157299729202581,0.15748207280048496,-5.163718664415957,-18.508584866472745
-1.0456503790308416,-0.6071389203035972,0.6808684526437783,-1.2005681640210375,0.3029963491873755,0.5771561879724978,-1.0641702605936305,2.6696131677667276
-0.3067687769883639,0.025971206665532515,1.8628210653905115,-1.685208030244984,-0.3718618957194552,-0.05062821472111398,-9.6752427075985,-24.04241785897007
0.2692988040012634,-0.36994769852193554,-2.6506959698527113,-0.7787543868177254,-0.0003172415267803381,-0.8991519838720525,4.197565749309824,15.05494922375706
-0.6270789144962717,0.07450370938394532,-0.49896851308527157,-0.1420951587690488,0.604468709112539,0.027525105836227595,3.7983846314773895,13.427905696150601
-0.5842879606929731,0.6229919719566843,1.2017224541703373,0.0762563325365378,0.4468070612171519,-0.9326986366668263,-2.606196357257807,-7.649548761075668
-0.07631924355137559,0.5135191030281555,-0.5514212664107621,0.6748874110844099,2.130433910230626,-1.5713809246173382,5.650367412661392,14.5016551459489
0.04538018215160372,1.4102575507468704,-0.5118077171795655,-0.7035036100560178,1.1651213521083463,-1.8722790523362225,-4.641843613115124,-11.753859777830904
-0.10029867274693124,-0.6695009554937151,-0.13694586051985588,-2.1002001391797256,0.5570243047994298,1.867000481986032,2.351346319381806,9.19509976435468
-0.1588642066027303,1.0012097324204825,1.4023454139039637,0.9248225712063342,-0.01482251432812202,-1.6968845682585192,-9.020870028969055,-23.164142661193257
0.7478273415370004,1.3539347525938386,1.8210250976717337,1.237075045073507,-0.278436010334646,-0.11826642839335323,-4.437399188741361,-18.47407084394056
0.0814432539430644,-0.27551467721059925,-1.7912395782586747,0.5242495024823555,-0.18393510859162432,-0.9102421478263567,2.833969327167191,12.734785440173955
-0.7385357087549601,0.3153052206771382,-0.46324580883602284,-0.933126052933868,1.1611815423548348,-0.27749113011913507,0.7197300985375712,6.186940479757897
-0.3262069069160919,1.3908158621578832,-1.876355277667799,0.47494041933157927,0.020631305913746116,-0.3307408927055584,3.396959755170677,9.660696159089518
-0.1666734344341547,0.04052079384380803,-1.2234620680652222,0.08129607048054535,1.98571317621952,-0.39873813442640116,9.407470282582395,25.205306625914883
-2.1631033262490464,0.41689237206650726,0.26273639038141483,0.06145046792990548,-0.4042691560346976,-0.610628046834623,-0.4777338997048206,3.9735467177822894
-1.0381998433466197,-0.6202803667261555,-0.6952515822986847,-1.752004772719644,-2.2401597085915608,-0.2523888897437112,-2.02808905061602,1.9777247812489795
-0.6504461447201713,0.32443140209541155,-1.001081445109176,-0.13779174649491727,-0.124950565711324,-1.5376201728958667,-4.897862573761176,-6.71914923255871
-0.1987386168146957,0.04071037074878599,0.6500647942855583,0.53359006241856,0.05383661380202001,1.4081037223099162,5.0722788191729355,10.675346026124114
-0.7672118482330339,-0.9547552021688885,0.4022481810850068,0.6873273206123987,-0.00178468877466912,-0.6146318416560941,1.4142174645901875,5.70116612359724
-1.0893732682061752,-0.7066395225533907,-3.222813344758437,-0.7098118281519769,-0.40952619849013105,-0.49249757792176724,10.30691912578206,35.36097639439853
1.102518333008012,0.5647819152934396,0.514726116389909,0.7586183149671921,-0.475945104936569,0.45707176662807075,2.6449612439221686,0.04426670922170883
1.3415377617110957,-0.35231759190162,-0.014498416356903271,0.8647930950953798,1.7047512263384796,0.6335443619627706,7.6951145753531485,12.748282545258284
0.38032408252725314,1.2609781826471909,-0.06792393113630242,-0.27126296464378175,-0.8892834066440635,-0.313341960672309,-8.505817473038874,-24.42488676260731
-0.9159989711930374,-0.17625524142551077,-1.0803642631601902,0.26439973876303735,-0.667378674413473,-0.49351656018844947,2.6284581029660803,8.858203777498296
0.2809259980433539,-0.13903958260400168,1.305047086137823,-0.7246647517188476,1.0381084097251918,0.7444660434614698,-2.3107595423119913,-7.52273917849964
0.6427663095909922,-1.0304296593022977,1.4068850316387047,0.15029855702371542,0.5387820294705242,0.48706702273809227,-1.765341613993451,-6.983438152619483
-0.18792608967384156,1.3659225856581911,-0.4960441341749773,-3.155171834850954,0.32010219356315434,1.107075869534026,-6.357800887273747,-14.347250883451766
-1.4125986630565452,-0.13081153298664353,-0.23988243645271476,-1.3031250676628254,0.17370912213583167,0.20481748472225197,-3.04669890176432,-1.2896069154056242
0.09344484599579955,-0.05038398815779319,0.6694367942992601,1.1465091774237528,-0.8141429741083631,-0.9369742653969098,5.302500074122137,8.829523133773293
0.8582229509274117,-0.2604449765341841,0.2580561087041699,1.4233677847576405,-0.42149290842808723,-0.09849417552759622,5.530912185921822,6.996739299832121
-0.01160811610938568,-0.2312093782500116,-0.09531827972696247,0.42187170215553976,0.12379158555890457,0.36948765646562365,2.9905953262547946,7.103137031911828
-0.20161258244457816,0.13797170023711408,0.15071044727973246,0.13692328216289,0.07769981727092334,-0.9867184817891198,-2.889349049532784,-6.410666455673185
-0.7118512819683674,0.2221475672716311,0.7825967998510545,0.3986119947403711,-0.479621792552528,0.07619276150524382,-2.6392165395343907,-5.2538493659571035
0.19944211316233182,-1.0328218038692507,-0.09340605520283944,-0.2711098136535706,-0.26197860966904896,0.6501626891184856,1.7935708673346935,5.617044578113989
-0.6319328391341147,0.038137606289355475,2.0748047310307407,-0.039331854214774364,2.108521403533353,0.024260865187894238,-2.5376574723018672,-4.187129269679077
-0.5881584324923623,-0.7213828731055009,1.18333849372112,0.40291837879686593,-1.3655611288151903,0.4071547130707224,2.587365780089634,7.74184086675057
-0.1957950453070974,0.5685880743882972,-0.9338778644773239,-1.0471139327946501,0.11141352512505623,1.9850365612818754,4.866433682123626,14.510463433661933
-1.0234559201144997,-0.7646017240763423,-0.9482427479673534,-0.03277643856968482,-0.9952942260471204,0.09360158368640861,4.809522361394171,14.600330972110976
-0.9618831711568782,0.18609259318732832,-2.644292857455751,-0.9862844780183847,3.205038285137567,-0.6130589126129234,11.165991165348295,35.563317837610086
0.10469495598528226,0.3155121443387402,1.921131313015968,1.8299443869145424,0.7662252615036343,1.2920366969321935,2.521442399657551,4.584838570218357
0.2582850358004723,0.7102511252681516,-0.17273683750579275,-0.5889785350499955,-0.8261005494980651,-0.07378856826343314,-6.264302854244372,-16.235609023746676
0.024874751183331403,0.8637416332501044,-0.8865946122691372,0.34374745093041564,1.0063563998314244,0.46910816364987695,6.088852605353426,14.0265292124214
-0.29764030320393503,0.13320707340705654,-1.5207654532379267,-0.3444992164570367,0.5324800132391169,0.30237147111430623,7.132946448141631,17.939204823391847
0.6734314993166836,0.6869304429557173,-0.5187130059519571,0.35480402364930147,-0.29684005035644706,-1.3849386482992525,-5.702411109030416,-16.154020881489476
-0.0577358442702134,-0.18857799853700707,0.3364803126613039,-0.5168741655377754,-0.14359751461435794,-0.09017497973429732,-6.9689510404726205,-14.459817701401379
-0.7633607764773321,-0.7476039039994692,-0.21943830134605924,0.08741201561709977,-0.009963775540062558,-2.4612376040297015,-5.0784121802911475,-8.106823732043981
0.0014616627340306712,2.889463966065368,2.0542494196801275,-0.7499011363689164,0.06879263827770878,-0.17274792928685323,-12.666983628250609,-36.14540149655582
-0.09060047205575245,-1.2909260062680337,0.07299273758490228,-0.20489867102039097,0.23049287052425874,-0.6046646315607317,-0.3101054762743607,1.3015053736706594
3.018688872830003,0.9813277043277341,1.7626493146628475,1.4162549493030832,-0.12859915994924917,1.0082515551098903,-4.6122413351234535,-26.3842457678239
-0.4995787924620303,-1.2015920994192877,0.14546066442062738,-1.3603482180311108,0.17233245478350165,0.15189891673244538,-0.9597039674454331,2.786276311747631
1.0506742375166684,0.2519672331703702,0.6983692137488602,-0.20643846613206374,-0.7757110288419629,1.1970900405441827,-2.3231458598499493,-12.732708947728058
-0.15609757227412122,-0.5962410958976623,0.43704069166874465,1.175669025643804,-0.48565591238794925,0.41629221552930856,-1.5056125332644292,-2.9040962510644395
-0.04415760015420865,0.1325739618428944,-0.4088115441487065,-0.371683333265484,0.16056956220231805,0.1266635396349577,0.7583899839219745,5.007529673791722
-0.4041806434250505,-0.5427193605382626,-1.2793702725002882,-0.5174767189875429,0.6271997414193448,-0.6843653768391829,7.706945198102773,23.265018320955335
0.7383839093425031,1.4417867402113207,0.48640983795386694,1.8675285286456003,0.0214001175916054,-1.662044590260378,-4.534597377372311,-17.660233412985452
0.30673971488975205,-0.9498630673731328,1.3244370057918924,-0.9177758945739362,0.9127255286762446,-0.17398081721058875,-3.6463866938625706,-8.002937986594986
-2.0624218782565245,0.19739181504578734,-0.4450441098827312,0.6522640438981604,0.2871925713334933,-0.36499129016126214,6.331326838789481,23.143300342331553
1.0363589923951586,-1.6839913482719344,2.3213171358657276,-1.0736667366940211,0.43017062803034073,-2.362704359840971,-12.859023427695206,-33.59255445119824
1.7841257643324835,1.0990170321112764,0.6191048785255091,1.4796911509522974,3.2504783966145987,-0.21496534365480197,4.91797528975953,3.226982235968115
-0.684285427703664,0.012392073008795194,-1.0995413435466614,0.15817008345480635,1.3235660729847114,1.3258512587891775,14.96267120781894,35.93433291303887
0.46537660438193007,-0.5069823690126192,1.1551784087989752,-1.3378596475940632,-0.3343760740747822,-0.3142353926164557,-9.986361718562915,-24.187536932093487
0.10629173668334199,-0.2562067691341762,-0.12694938953394722,-0.7801904467604766,-0.6036710385527925,0.42958663689353505,0.5872952581337834,2.8307970440885573
0.41041447718939955,-0.7850762651025368,0.11566908684247261,-0.09247802786266553,1.8215747227353236,1.5387087591768962,8.720228313925913,20.93191156534752
0.29242653402021573,1.0392605087554248,-0.4059717311521925,-0.2907889142165582,-0.5173522311766908,0.05135428658323567,0.9651052532570601,-1.6409623103620312
0.23596922110842514,0.2959428490595069,0.18119683433825576,0.6305779131274079,1.938460277694156,-2.1909393544343634,-4.878648514269558,-9.77518325541179
0.07189166720160668,0.7963575504885976,0.13172782765724855,-0.3708023699875763,0.6114912409624138,0.23904588833108478,-4.035763392362371,-11.826284306038286
0.01577523722195838,-1.083506472532556,-1.6925139105680833,0.8837876505154008,0.07867194537461152,-1.852340287847493,-0.5510245703141913,3.7040666063945054
0.37019167025018945,-1.157808066093712,-0.9660539554636026,0.042249812635500636,0.9595773683393479,0.049549466206712016,5.931503303862083,16.57099059321048
0.2083803759020439,-2.351821979855717,0.19398139062845215,-0.728772142893601,1.0283850356413766,1.153356211420874,9.14713807139114,24.398390245437565
0.390291025167503,-1.4871465479752233,0.7119204754460832,1.32572322208662,-1.8695101338327715,-0.04093224586166531,0.6197121902839786,0.1296897264643988
1.1373876839191632,1.062640066967626,0.4837816475397775,-0.714333284747314,-0.3798157608376725,-1.2807016984485387,-11.692687567254287,-34.013063035515344
-0.20077959504291024,1.0800516885134037,-0.2784543146982522,1.4441811415945516,-0.5308326645853978,-0.7959635136948873,-1.1780487331012106,-6.887395360681749
-1.362164561270868,0.5321029165930011,-0.4593616145541852,-0.11357207240846379,0.15356360502536529,-0.17846460937183858,0.6969372818232316,6.661267194578058
0.5691541107081004,1.3052065445302747,-0.25841149842901084,-0.3643076306949656,-1.1233921770158684,0.6565861398288196,-5.936075463749369,-17.336623029433582
-1.5971330483042931,-0.6602419631481471,0.12617812387379246,-0.04576858894920037,-0.1178116746265734,-0.009864808461146068,3.906881271408109,12.57949527312902
-0.5395436589974688,1.5075930334584653,-0.24154279966922326,-0.27635623247790636,0.7911812685182548,-1.071974998630838,-4.937689852884065,-10.919105563892364
0.41196100928497664,-0.09437648288733594,-0.37619272423798833,-1.4872454692000845,1.8727021029210267,1.2648479749954535,0.4893752177199273,3.087872489696623
-2.1887424016068393,-0.8138135047769166,0.716017921481006,0.2195065611976682,0.2669563272865089,0.664031935611852,3.4921701258566924,15.667410877509273
-0.5436917787476728,-0.7890305869441673,-0.1619776014238135,0.10685334229347672,-0.03784612160452594,0.10224483265838168,-1.7968683748542134,0.9497563262733832
-0.36188956327174926,0.0009602217320030826,-0.054555692027904494,1.3137046120518776,-0.3863769523105531,-0.01065147709851551,3.8009485576431827,8.3487233834084
-1.0684627567793012,0.9687458575075188,-0.7789739469626091,-1.7456211393648404,0.014928019389158933,-0.27736219176074295,-5.822385309650548,-7.818038041097337
-0.5955164084803166,1.1679096575333987,0.42691816437299857,0.19645433718207891,-0.5541816741953335,-0.9220100631939145,-8.965704566716305,-19.549263875987393
0.7005500834170876,-0.05547865551659885,1.7207597258473455,-0.03499861983145845,1.1011052898936469,-0.7919769357503614,-6.360043679028902,-16.899266965629394
0.2538362908739521,0.13447264660725314,0.1303341582593282,-0.31495825284228346,0.15159278557607722,-0.3118344811772984,-3.7183947582093713,-6.890391225480381
-2.432820860226777,1.1406061705751112,0.21100277834315856,-0.299434075348235,1.0938865554355142,-0.2011347905256928,-2.2182699536923067,3.580959208273619
-0.2446712868058469,0.5278330342339809,0.355384614299073,-3.6160633248114458,-0.9712098886438217,-0.34737705217200726,-15.8533118434835,-33.73985360981566
-1.7669775814231707,0.44603599693724033,2.107238486693944,-0.2516578254010459,-0.08608209442395372,-1.1023966110852805,-9.549661407336778,-20.62816062754439
0.35208339893217877,0.8812821658076043,0.12733551139050436,-0.063775423021677,0.45938778507964473,0.8381297415469199,1.9709071695291498,-0.44999246294856965
0.8450588590188938,-0.5892859743217295,0.15772851220963743,0.13544276334459396,1.537941324500726,0.023834452968501403,-0.20429447996958894,-1.1733169705211868
-0.12569229149593866,0.4970497584271656,1.412655947214247,-0.5982910376470129,-0.26384314198630987,-0.8794226652048109,-14.351490400669714,-33.406247458712635
-1.3024030520350736,-1.0730838291851603,0.08193899896845311,0.2442278346890323,2.721879277611119,0.018843709549947848,9.282132038598148,30.237841410983993
0.799002213881594,0.9321194571089657,6.923317324092526,0.39609417158802174,-0.19533993728992238,-0.19073157387402775,-26.23197715601474,-77.3047550203521
-0.05106620372307793,-0.042145005381539966,-0.07923234302715457,1.2418773218522141,-0.5040767528797829,-2.200940914579194,-4.255757989283481,-7.8502631541357
0.44955470329213926,-0.7196267809837509,1.6804601209211483,0.9253271844802148,0.049253488910241346,0.5171537249726202,1.3993690557101663,2.0940533220079036
1.1879134777953444,0.8401849673318701,-0.6092016941170196,2.137251318808523,-3.492583322882802,-0.10695876581149291,0.06495615565322677,-8.753363953363735
-1.1707463912710228,0.08650095359054215,1.1382597500381746,0.5075229268111182,0.11860270289690178,-0.08744115244525155,-2.7359396714944166,-4.618859359966622
-0.2138572417301951,-1.4102392062726665,0.8634651442674942,-0.24637632266752713,-0.4713700524147226,-1.1037769469396603,-2.2471822667490766,-0.894787144985966
0.2937910674370158,0.32099495377609194,3.3648695204257564,0.4558798509803777,-0.44631582305469975,3.8450055147310747,2.33539549668156,-4.079912987565528
0.09843805402696466,-0.07405095453937188,-0.6222292163563732,-0.20355439637851266,-1.0179197667247,0.7843531831839988,0.08259335205280793,-1.3947228643692697
-0.021036422206789248,-0.048175421726606306,-1.7065338530678864,0.527483105097879,-0.25337376351765983,-1.2052805631578156,4.98612282580728,12.155855498050045
-0.5727460635633643,0.7044104361142755,-1.0028841664691714,0.171177855096231,-0.021817761633263568,0.22887875819538134,3.5935786788319857,8.952398448195755
2.6767402965877545,0.09161354263233493,0.4114249668975597,1.5491260995573788,0.8466894724466147,0.04576735917899448,3.548501892063025,-1.6046735093339972
0.7967790432856842,0.11229004231453006,-2.846671706114534,-0.15294756252593333,0.06158333594001106,0.7842707303782654,5.547533965638325,14.816465334407164
1.0185318960747782,0.5099672721746145,0.7753210321566528,0.09676223641549807,1.0377298092827114,-0.6040252375911074,-2.3303017493937723,-10.977117507782786
-0.6397189029830082,0.6094248119491169,0.5707836596092403,0.1265436313857584,-0.9110109022952568,-0.6487339972389612,-6.128712493807312,-13.472810738355188
-0.6719969396759877,-2.0690841205416532,-2.176455386073677,1.6486406320159466,-0.10241809751760553,0.5166996271933375,16.786430134464204,48.24901446110428
-1.5692433228319895,3.7567601238270583,0.016131866580695344,0.060342572725723354,0.022053767358889996,-0.038050652642245865,-4.235981536288611,-12.537705462244162
-0.2910053649905105,0.15075920662107337,-0.40149658027566537,-0.0037628825781892694,1.7576449120870221,-0.3033676307392389,4.581983329537099,12.589466085569976
-1.5733516370772693,0.3877275031102082,-1.5934025459716643,1.138969813956473,0.059847461577402526,-0.6571514988268234,7.658952188385398,24.343373724864144
-0.5238530781902648,-0.6036621954726369,0.5682545677915762,-0.2889931784190614,-0.5122630681353098,1.120892102565917,1.319818908416348,2.1997656625342614
0.35835866201419714,0.25736442448565666,0.803468390514468,-1.146299617103753,-0.5915815108730635,-0.13232720220170643,-8.693725036968912,-22.152486515182385
-0.20726408762072301,0.29592055584460986,-0.21285151731924096,-0.5238511924205148,-1.3809664577916112,-0.06153253154666677,-5.092423106750226,-12.704627813684287
-0.5787959424610524,0.17907968790155368,2.107843937316855,-0.1916868933337132,-0.4223826007271091,-1.9744609429181583,-13.471729759774352,-32.185160872132094
-1.920373060910762,0.887865078584929,-0.3256500815104492,0.059392447970378154,0.9906319281153851,-1.509173321020163,-1.2046587412761376,4.226259386858178
-0.12049164112031169,0.036256254957070196,-0.09115069680575971,0.103957284665524,0.113440029952045,0.29592497324508726,0.1076110901673677,0.8202823174784839
0.09083412987615207,0.33123683433561574,-0.5371942681731118,1.711057842497266,0.4871375309238101,1.4726725160403693,12.725724543835938,29.017146291521243
2.9241946978669753,0.03864263484441849,0.14100113644717904,0.3009075334010633,1.3190500180631701,-1.4451240733428172,-4.953955498952231,-19.660488200710063
-2.7059369659935846,0.14064853172153505,1.0127639051299855,-0.5702239255569553,0.44442681473728163,-0.8288605275252043,-3.43272081592917,-0.7005469174316659
-1.475080787359127,-0.05881530372943589,0.38793250342167634,-0.295341028832544,0.837153133166575,0.1362277295090464,0.7936979869039996,8.440382518669935
-0.35067433176279483,-0.2729420339803436,1.0458052297029832,0.5661104217937145,-0.3228760486586875,-0.9473360116715845,-2.7055973446029853,-7.604585526389606
-0.011438848713379907,0.36666474151156225,-0.06914226897460796,0.08455038828542068,0.06753123700006201,-1.437002796343698,-3.3921696454550476,-6.278969266113005
-2.4944385004842973,1.2771647577979512,0.9330702044152418,0.8418441026827121,-0.1681334085848635,0.2750421652736137,-0.7497756161668112,2.708330075364934
0.25218397910761325,-0.4133339109185038,-1.4417223168604896,1.3127075130366468,-2.139753418179101,-4.153130884381341,-2.92615589280848,-8.113399933169369
-0.03998035141155711,0.35924049342350217,1.5101296992756625,-0.2709705123253362,2.195486002019406,-1.851056826783243,-6.193613150586239,-15.386248862960947
0.7081128281656391,0.18853306930910796,-0.4609925540397461,0.20894521504788,0.35297553429705364,1.0659820035700465,5.142414606498477,9.157888227402319
-0.3527033482283407,-0.08963969115772401,0.7977049012600513,-0.49318259175931894,-0.9508795512294627,-0.6037120456861637,-7.8961975344931385,-19.622622699683653
-0.18462651209102113,-0.4517992977523532,-0.006867282669436355,0.9007876215619522,0.7450688624200881,0.510357654733342,4.342536992283401,11.16414564172102
0.566435057515501,-0.32945322440765534,-0.09224947458695228,-0.263006424410983,-0.020800362470536817,-0.319514931227353,-3.485806448753545,-11.944727544225747
-0.637202335689269,-0.7994401410688002,0.18537122598010744,2.3642031474372476,0.2792240267590407,-0.44448392123410524,6.611662459521188,16.17904895959987
-0.33800510306654397,-0.40053912576746964,-0.6765392420020132,-0.020218476427378514,0.3122536199124876,0.705387247869003,8.259432923171717,20.918536209624264
0.11102349094421506,0.9875026478065614,0.19615689017148644,0.5719881691278048,-0.8029722126625075,-0.1778302459767745,-2.4195831684713545,-8.646093628844234
1.1387346530739835,0.016767659811100406,-0.7937317404306026,-0.4841668726479507,0.4319168075225527,0.24005255392773092,2.478416654597937,3.3044413938864565
-0.895390957701666,0.9051163670439346,-0.8448112274073758,0.414470575272506,0.5329912712309149,0.5373543037219244,9.24521430392968,22.245464140985103
-0.45060629010023767,-0.009520402361551926,-0.5133626823833308,0.21775553797881997,0.4391575467341975,-0.6339192078719628,4.831303140550363,12.51561822412768
-0.4887141624441884,2.0377679625272953,-0.4005165553051832,2.2961341552395664,-0.17220401882113665,-0.7205518507757304,4.962357381363099,8.205168607978754
-2.740691028325604,-1.099867863865586,0.2174751172781942,-0.38261714840148103,-0.8511635313615493,-0.57126798145982,-1.2569435967167475,8.145544467750751
0.03161469232393274,0.41927140786409417,0.8524130855657416,0.5291076073164382,1.5914077636498447,-0.3177499067616987,0.7505941200678418,0.619999448393298
0.2085544021633522,3.286812980039972,0.3864985945224687,0.7950484168955453,0.06182973135762016,-1.2492818186776302,-10.336914040209155,-32.01240807410659
-0.037458278383386154,-0.40399587803461307,-0.6842689795372193,0.7402898881862712,0.5753304989837241,-0.29720998949977123,3.7680381088178,10.438393028091573
-0.5583976659868534,-0.02803210184872597,1.7246796129653745,0.007678620720584625,0.1714879735851304,1.422378399636564,0.5856857529721782,0.43209992447761714
-1.0717521964605208,0.38837954914968265,1.2957988354905434,-0.3754557811282274,0.016035216888381776,-0.6551227492462398,-8.684742029994588,-17.320677406322687
0.053954448957399426,-1.5993021125372318,-0.08867872368221466,-0.03970532846437179,-2.3717038229611993,-2.3883963300179305,-7.047880733215124,-15.705631416734438
0.6907232014110388,1.366288550909121,0.12391655197268035,-1.4390399396988407,1.309298021776751,0.0010746089823909562,-5.581043366941852,-16.816935021932558
-0.46922912330432687,-0.3411439814463673,-0.14354721548568225,0.7011869181579251,1.4771984384905092,1.786707745831403,11.379001323211789,28.129324319770966
-0.24615195348523888,-1.326180655549059,-0.5076513202721471,-0.4487773022200168,-0.5678588826510221,-0.23023426106198103,1.9582293197795768,6.160920032266261
0.06476381958055552,-0.6675502259492395,0.7705816595786227,-0.2071668056869716,0.38672842397384705,0.8468879041887974,2.6010879662956943,5.959168830877003
-0.05743753376856915,0.014784487182970743,-0.6327846035042379,-0.4192683876700891,-0.43335997399048437,-0.4968944352405969,-1.7666395685424383,-3.239482114322411
2.3414587336250254,0.026061056756621688,-0.8028202000816854,0.5386388427671361,1.1020058668200698,-0.7064844505403866,0.04747360197140227,-7.113651819833006
-0.4131349366681557,-0.5827937762692654,-0.0015069385370800718,-0.01402362599443686,0.4199493117045124,0.36028899791610913,0.9816687545146132,4.986487315437798
-0.09255533314086709,0.5558055996601218,0.11015881635663023,-2.2765461548970203,-0.3894458449407173,-1.0094204101931994,-5.987140713253501,-14.19917900317667
0.5259548673498732,0.010691291501188646,-0.20713861300546751,1.2653382020523396,0.8491947881451802,0.39556409896474876,1.4847858906423967,1.7507006488020105
2.354940946770044,0.3736379725345027,3.9967657401753156,1.6684843579191218,-0.017669891459368727,0.46876803826855085,-9.703997027287599,-39.11169025791909
1.9949299794143989,-0.8480801724971669,0.547547256586035,-0.15762029826983207,0.22214625219440565,4.033671487779395,10.8594379128284,19.344567127269592
-0.15934147142241414,1.327342163090024,-0.2617941531626395,0.0911262049498925,1.2891308928513474,0.7157094215163085,5.4720224448117625,9.994036976267143
0.026426027820995783,0.39121114706185434,0.14446686060357494,-1.0822595626658646,-1.1519575990237494,-0.9380247620125182,-7.897602719968144,-20.89875084652007
-1.4209459683146677,-0.30524542535193633,-1.7436571123776528,1.0509509783478965,-0.1854593938138106,-4.090921799692963,-2.881021521595418,1.8399767009500891
3.519237607488438,-0.0926312418586911,0.242268829586822,0.2591997552161274,-2.647258925735987,-0.24430558819480033,-7.385601039612611,-32.16627756486347
-0.1513140550904326,-0.37177829510720145,-0.0982956265142032,-2.0195144217505128,-0.15195174865043073,0.6149466070145171,-3.4813498587849194,-5.661339436706525
-0.9022076539581362,0.38410064035609165,0.2167889034132357,0.05532438131533007,0.6501049564906775,0.35424100829621047,6.078819992854058,16.176427288203314
-0.9102770570140502,-0.22984400859175852,0.5761798958365921,0.9665573404367538,-1.0304083616784487,-0.5417844762086627,-3.3705738335781827,-8.580820040416434
-0.7790738596872698,-0.003751744330571556,0.1601172650072941,0.7696296620084099,-0.7785802055786052,0.3500475332676604,0.9769082575902557,4.903226205477734
0.10204973425454746,0.263211254333019,-0.13105895725564948,0.8115149074081794,-0.4190970139199819,-0.8869443936970313,-0.5264357302741525,-3.057975026504294
0.27924479021977555,-0.7079378313547723,-0.231846943056822,-1.0775749050228376,1.4896850153618257,-0.24381742094955752,-0.15356499307009575,2.2601329910760635
0.18591531683093304,-1.2151823123127579,0.3312024370659088,0.005825737362927594,0.20801240954354885,0.008360666553380712,6.003161731311296,14.491755690343656
-1.1079079710571649,0.35831975807172295,-0.48031440102612005,1.7746841438786838,0.5288930511788259,-0.6347635980571704,11.306379912549172,25.387181163491565
1.0072333458725855,-2.7149941189149795,0.03973799500509247,-1.6545037455573166,-0.8984601916208421,1.7312224406451961,3.307934919811064,7.720444962243571
-2.2768733241711363,0.460801147217842,-0.19381847626504953,-0.07778939256988687,0.3883250380168897,0.8088434982958965,4.915205106151835,20.026342320131114
-0.2851189945008967,0.04751855146858326,1.8955096897881383,-1.863199111061975,-0.5316423477010921,-0.2297551659039888,-15.26778657400904,-35.68874637247872
0.45998135706519566,0.3193398011486305,-1.6496756441609077,-1.609544671872605,0.6639329302693494,0.7579493126436164,1.3613818782288907,6.009306827241758
-0.42677627154074715,-0.4556794946816576,0.8554880060062786,-0.32806171795118005,-0.04376546083724481,-0.2398619266116752,-1.8116506301959627,-4.485398979989205
-0.6275377248704413,-0.0880940916410668,2.2805843631932263,0.61334152020857,0.040110112616212744,-1.0049990390202967,-2.3538056900815874,-10.501214943200232
0.8436447269538662,0.2882911029978831,0.32003981073163784,1.3293954182903802,0.9619543238635101,-0.8542397271477925,1.5473579074346642,-3.3838176277246643
-0.29251349683636674,-1.3638066359661227,-1.7055321307660383,-1.0142851213750395,-0.3351351040601127,3.354708561339283,14.156663779299969,39.61772688601589
0.05335059561810419,0.3050650588061535,-0.08172983010616222,-1.1185192915505087,0.2800134721934417,2.495416453794285,5.5457248261394945,12.823173127038551
1.2241659409514676,0.19608017561654617,-0.787046865610789,-2.936733817954657,-0.539327180220967,-0.8207936935036176,-11.75712810125257,-27.876694664511017
-0.7945438507323318,1.040977253961342,-0.43714962069495744,0.30776553233921594,0.18863822177073344,1.6425154265503583,4.483617284001307,10.851396240923519
0.21910611368513325,0.23189183827302984,-0.7989094889373556,-0.6400641314756486,-0.5524100426625068,0.3381532546378896,-0.9916176659344876,-1.238900996739431
-0.05447331510968376,1.2000576757089416,0.19406275386381486,0.7597437462025395,0.8414452644280244,-0.8626333476304989,-0.005773699513716757,-3.3816131220645413
0.9574232440763787,0.41209021825116077,-0.24071721735079007,0.5409153587603429,0.6827949209890635,0.14742885328176922,3.1292826381522723,5.609469843087136
