0,1,2,3,4,5,6,7
-1.4512090644781164,0.7025572197224444,-0.2475186738791908,0.26591472960064166,-0.02100820585618745,-0.6051877994944284,2.3657832052465952,-6.74017798446597
0.06501224063380671,-0.5497953082869904,-0.5332595977672996,-2.887975683363722,-0.16205577803914253,-0.11364557435666765,1.5022590578815653,-4.615583994334184
0.3918531672799332,0.022186661160871948,0.08639187497885926,-0.4214381119843384,0.6214040898925127,0.28994891736171197,-0.3223828093963135,1.4813340049564165
-1.44092190460021,1.5975447058733971,0.14669959140414027,0.1693365219071316,0.721216907063522,-0.21990852019433366,2.911563408090336,-12.183968674512323
-0.035257323895853544,-0.27716246480343887,0.14703049781906596,-0.8799722230123531,-1.6572414184796234,-0.7146896676857379,0.4697806205502758,-3.517832569188681
0.3725918238134667,-0.485795019505396,0.013095366797982863,-0.5497924579313392,-0.7011133556840227,-0.10926026443089615,-1.0513067798642899,2.1755220461664626
0.1360791777195654,-0.8390147061112218,0.7003502227415914,-0.8637222698419487,1.217694501390999,0.18885137614262018,1.7424696209440196,-5.246141256532262
-1.7172082307509662,0.525289362048932,-0.2438467039219029,0.15999369624916077,-0.6789323684169143,-0.5697779231106432,4.266301431722644,-13.010367919824391
-0.07743699131600487,-2.142788650932001,0.5581161344873414,0.7113835373840801,1.2705161464601848,-0.12538757021132788,-0.022230147891032614,-1.1839254939314399
-0.1165769292420589,-2.7236682539774444,0.0165686223941935,-0.5291580596942125,-0.6816189288109534,0.45997170505826873,2.5236002737844903,-2.300220637621382
-0.6888390794446737,0.9711151567938064,0.45351213222303727,-0.47723182906823125,-0.26357661688175477,0.04571057482247213,2.3778428095673028,-8.756687559357601
-0.008331340748620252,-1.4979878839623901,0.4144818359575656,0.015044580279684173,-0.23363829276791637,0.2694110250475093,1.7399085340669318,-5.25950754223108
-0.08729194863206871,0.14028034329727884,-0.561660677752031,0.05991811496360901,2.784667900467278,0.9859282741008389,-2.6386207522697007,3.4889547597561945
-0.44981046673929975,-0.8595436975811711,-0.5802026635431047,0.979951955995663,-0.8029522210840829,-1.1241498058526724,-4.166128074423156,9.743077007170832
0.1928897081257309,-0.363074464834028,-0.9609184002000003,-0.09532960380042946,0.9769148396532061,-1.87653783508637,-6.724720554792878,14.43240505573122
0.4285018903474863,0.6277793175486432,-1.562860752530941,-1.1085644219511461,2.836776945516426,-0.04920188332381768,-5.534631314210106,10.422754635887081
-1.240921484007348,0.41719602490750635,0.9831717571518528,-0.49696501819486993,-1.0115595602327088,0.04366327017908674,7.364975577411478,-16.26003327866032
0.927170571931238,0.2998094881857647,-2.24824666078748,0.5808617700221863,0.7796951196784954,-0.9254102420243647,-11.423733656287402,29.041976026524978
-0.5239026460668953,-0.1415328024815106,-0.3417249898846998,0.15620789926305192,0.698316735634,-0.7148463876552302,-1.4158037929773695,4.143325182428502
2.409968579557105,-0.29504622130752567,2.1509058356235053,-0.36867898390533016,0.06567009212147465,-1.1478234072338944,-4.1327696819055255,10.082605110899092
-0.00046304447668364136,-0.48442142495233204,-1.0732016193456884,-0.012132990611374678,-1.3309140942535203,0.5381375489451757,-0.5358114116329113,4.085738138697746
1.0319607064726013,-0.22699508622826675,0.01532776559253723,-0.5364834194899457,0.2489824821466136,-1.4244951184606063,-4.857057609218664,12.11490573404129
0.35323712280749603,1.708280312314217,1.45551653181032,0.09476755432606832,1.074479724843828,-0.8545787172394275,-0.31192697943839587,4.601651971185421
0.46005720689594704,-1.0017529345087244,-0.05152508433666448,0.3633648541279176,0.3533666821004435,0.9944886312929377,-1.0255386016144747,6.845162905945364
-0.6219827507885188,-0.40585217659477263,0.7750476327326745,0.5775397979193558,0.2873496085920155,-0.09932128080117944,2.691161927900772,-9.89690891921282
0.32279067257756544,0.13610285227050875,1.7417946349993974,-0.625383358889366,-0.6742630034000705,1.1377536919907034,7.43793006790346,-12.67902839610776
-0.2719133806367507,-0.3180461172227345,0.48171280446294806,0.19183026677574722,-0.5531466934064382,-2.2868321171072807,-2.140823923253727,4.457924116654356
-0.516314853371201,-1.7495267054060701,-0.3739508314687539,0.0041937992914301715,0.6437078760612852,-2.975611178210239,-8.114145472831591,17.239852308747793
1.8497926335900678,0.10348836333365918,0.7147312395706449,0.6818965053790961,0.3348783810184508,1.1048465428791896,-2.6605160454984804,7.628969607490694
0.33819950355978984,-0.13471180544433575,0.524320751814596,0.33099299813044314,-0.33593669671381216,-0.0164436830746146,0.07684419459931868,-0.9492143717273047
-0.7519406068565533,2.1173143626246786,0.03861662283370101,0.18657463032912325,-0.7737338786961819,0.20013974382021962,3.2257286050222946,-8.306714440913082
-0.02818793435102161,0.16428972194512556,-0.5520946357689959,-1.325495635620913,0.07411641643490838,-0.28334867089146915,-0.8804771587848026,3.6312127843054745
0.20989484636107333,-1.4845523508687206,0.10913860484736461,0.6312826851494663,-2.174104683191193,0.06210868792089541,-1.4232131797147387,1.2253120761215985
-0.03115319026687314,-0.9690441392111555,-0.34052906211839257,0.25110414894335503,-1.0074921281910112,0.6487082476671789,-0.5408776872860779,0.7732341780413652
1.5552960628172074,0.8677925753759237,0.1631252664999838,1.1506039517241278,0.34765380524425676,0.5795568106377247,-6.645548005177578,20.618386722973987
-0.1506806006473068,-0.37290870511085134,0.7872101353137998,1.1899387190926078,0.8483874595421076,0.16645721804074037,0.9189204106704272,-4.708309358868562
0.03420977973467622,-0.01298245778053989,1.3497015814417297,-0.9885538486531306,0.5558621738710605,-1.0136441189451362,1.937200901445112,-7.070007012950928
-0.03808247261959819,-0.09649987488373589,-1.0936626100671827,0.44009528559828465,-0.8001684010745644,0.7574132074240433,0.35015498851708804,1.6809407048027631
0.04174605005252383,0.9634047725956906,-0.45666194107681135,2.195985283762242,-2.6828945048529342,-0.07004062196633497,-1.5620955635838443,10.625698556070956
0.5885975653764817,-0.33167743893059537,-0.49333808514948874,0.9282380026090036,-0.7778287050558629,0.23607658463023512,-2.973070545570737,11.2522191814567
0.5685393779690697,-0.44933661560696025,0.6994421766204901,-0.6346522715580415,0.29071077835140435,0.4323262411226343,2.13588224683713,-4.649391767804983
-0.2538870217178139,1.1014518809290068,0.7187274982221311,0.22651861861635444,-0.30032218515266884,1.123721477159541,5.900095059736288,-11.566964916278895
0.25288774725872637,-0.23391284829341485,-0.23618236938051332,0.3920369211740243,-0.5139284488919178,0.4693441630283148,-1.3987464405938208,2.2079336058399566
0.7086335328155965,-0.774376847932523,-0.0651971265246818,-2.399301324391106,1.4692690531220274,-0.5961023749544797,-1.728228889391578,-1.4455080166287235
-0.07110287965670836,-0.282217357884696,-1.5903141308378042,0.07750039633481008,-0.549360854312427,-1.076459322841718,-6.820172794444605,15.768312305623523
0.6965525699544963,-1.7194633556496695,-0.45504540592480924,-0.11129686604719934,1.0443846412868931,-1.9709326139752852,-5.003571235632947,9.985999618526023
-0.36343969774447027,0.16289212773084966,0.04833907587727531,-0.22137214306518224,-0.7227388053884906,-0.18313893159443073,0.31885197137435783,-2.100627481801095
0.21053273245687493,-0.24541969280958248,0.22202969499001052,-0.1718254165894546,0.27385104089666157,1.7500157831832766,2.535489008391709,-5.616567025938772
-0.5786122499523246,1.9245976605278592,-2.888545535252809,-0.09857413610049788,0.3120400707705706,1.9327180857125157,-1.5178819946398,9.184927369353247
0.6584972639709646,-0.5869232480149931,2.686433284606256,-1.139867558073634,1.6029780284021349,0.12885506761952392,9.627904713823366,-27.568623030327693
1.0312727443680894,0.09778992611376928,-1.3430342283801817,1.4604192656888115,0.4289729293216006,1.9779105722758425,-8.632481295722314,25.806930866547663
-0.26616637710125285,-2.173064943748413,0.5584636745450471,0.31927858992731634,0.2983646010886633,1.6263349882522025,4.118273909118878,-10.23971258089938
-1.2353126755940884,0.1152528160435467,0.6621277798931756,-1.122388993879213,-0.09913226006482093,0.048072334270294455,3.0523757414015256,-6.450582306623469
0.7808213966974612,0.08912862467485178,-1.4004926929061696,-0.06099006819357852,0.7813629103169137,-0.8991228160735151,-9.675791866756057,22.337686621084856
0.13776899170191922,0.711069669449224,0.0055264022559538715,0.3342158145849334,-0.22829756571388052,0.3310857050601745,-0.28476749025225917,1.353006544740516
-0.3137208598004832,0.5720323305541395,0.6588882838825559,-0.7008986278846109,-1.6630450459703736,-0.19037111811041083,4.014509613153467,-6.686279341759295
0.13921435410679706,0.04693835403552345,-0.9908946294096335,0.621919120554609,-0.6946513430742113,0.9027396838853198,-1.2564291877234548,5.630605092124091
-1.1535081130979588,-0.3609548925839957,-0.511322610340005,0.1900467585122845,0.26125000629026784,-0.07268672336027404,1.3180312497343691,-6.1985125720990215
-0.1610583085979819,0.5353608458978059,0.09721051385913883,-0.5666237500716567,-0.24715538159649583,-1.505421306653759,-1.2768327494089604,1.7611783015062343
-1.1440519797018378,-0.12095520784678718,0.4225727749267595,-0.034881158264690675,1.3870562395722275,-0.13165989774057554,3.0370633116954915,-9.394643807770336
0.830128005877741,-0.19314691955073363,0.015963889558842335,0.3776638142612317,0.11514872590807158,-1.0172892719862432,-5.776576812139249,12.979926102907278
-0.9723625980710979,0.3577880859859485,-0.8023118998764128,0.13171095632163565,-0.5450538645583791,0.7106335414038116,6.704136441304299,-14.595947440123469
0.08198162084655561,-0.8960956368145788,-0.11877673993508701,0.9038598993901775,1.291130149972719,1.0292157153722175,1.04771261186227,-3.208115975105274
0.00537207386624101,1.9948075174601299,-0.7964081966282885,-1.6141079438633645,0.0838417875293506,-1.2689605210535873,-5.043219491469517,10.665737015468784
1.9577534599295978,-0.2069230330643633,-1.0742455409867144,-0.13889078256544307,0.509108912643289,-0.6623753703679979,-10.018003110840219,26.502996636051726
0.10792051964317417,-1.9636552162738998,0.813281843658283,-0.7980973178719348,-1.1852041535887754,0.21328505798348035,2.9328692414226554,-6.205495065066644
-0.9570270546797599,-0.21187593436431462,-0.2719293656498299,0.35354454402099966,0.2178355416810219,-0.6939774315179095,1.5796340115868386,-3.963377203581732
0.08712015545955266,-2.8592468988057713,0.19484939595949224,0.5675999959313395,-0.19010365128818296,-0.9179998558529541,-3.2744225346193625,5.3666742895252835
-1.3006535740380871,0.14693915342730476,0.03330133673973676,0.016209933495924728,-0.30387502893209184,-1.3176952298325144,1.6282807132216512,-2.035339836198487
0.3453989233968915,0.5612741406438496,-0.19001308099998887,0.7075965827691688,-0.7108471034710457,0.09584663459518349,-2.140531181332374,9.679436111781023
-0.40080085611241795,-0.010103057390035397,-0.4314240734041406,0.2049761881267889,-0.25067662630919924,-0.39767169123006896,0.14044557501840027,-0.19356555481367155
1.132570495407063,-1.3988437223517265,-0.05771266697872016,0.44260795026984123,-0.31277260118103717,-0.9434985517047618,-6.039518284268191,14.77329799942869
-0.27851082924794074,3.0720606610924412,0.4158237954695593,-0.4002264640071938,-0.36876014436758026,1.6571749041471187,6.71711949610421,-10.883847748948641
0.04031238873590153,-0.23592692221095224,1.4081227685558635,0.23909868875240295,0.634428426845376,-1.0034556516005524,0.6491733379602658,-3.4634207771905308
-0.49823454552372476,-0.0762108718460102,0.08663142704208622,-0.5602049682022368,-0.13017326625496284,0.3811896709144573,3.1093300821803473,-9.373798339782374
-3.4112503085980137,2.0779656803103608,-0.15631017948404605,-0.6005922331333365,-0.8403595980099213,0.612979144723131,10.277438779011485,-26.55743060315884
0.07380663441962275,-0.7345576800258842,-0.1360657200827173,1.2665203888140428,-0.2689888686381409,0.2785121794627169,-0.5324142603664971,3.9722183726074825
0.0234295599430773,-0.7578506753348344,0.2315623301860649,0.028894644846767247,-0.25452691707528985,0.5253280426828962,7.5373808018557344,-14.54695483843879
0.6574247474434266,0.3267914363402682,-1.3568678285081333,-0.26636020143003847,0.08427132180925014,-0.3598399398916255,-4.349808346031374,13.655930877258331
0.03201673866781517,1.6620070408586927,0.18725261231982404,1.0177506782576722,-0.9755872230889832,1.1404912799667952,2.531429630307189,-5.275412609896183
-0.5573664578374756,-0.5862458204234727,-1.023710610551831,-0.27057201478753234,-0.5636867769467517,-0.6468111847685365,-1.5734225785370266,2.8062322401627204
0.25049577258594957,1.2938178373643303,-0.5513316473441151,-0.7391701879858834,-0.380644491290837,-1.9453993172127757,-4.679924271191168,10.362111517404083
-0.9453452922630073,0.7585527808993329,-0.5521138626854095,0.19242040398945076,0.5494580530268695,-1.5818345126247482,-2.098847694361382,2.5530953582589024
-0.1821837176219011,-1.9131876603293343,-0.4529034890269112,0.3385486132779923,-1.283699770917707,-0.3239785882238358,-1.1002000922404191,2.622935602511562
-2.902480041444895,0.04043853235056896,0.6624294840512328,1.0920710676496965,-0.9766478079215101,-0.03993825017059509,10.386367026223544,-23.680977770886074
0.6120614200872956,-0.5180678722840882,1.52630955111192,-0.2551710695614252,-0.8371951590892678,0.18225949622060275,4.342770094967523,-9.263002886602468
0.9538477722006443,-0.8175208123116473,-4.154189036853016,-0.11654703445652338,0.001263927679741927,1.492452336288545,-10.895315300482068,27.369691690409226
0.3035441567700463,0.5384476318387508,-0.27723319909515864,-0.45490471781822206,-0.08712535442155091,0.16446336853616694,-1.099221307404294,2.6913740324910216
0.46594923079074935,-0.44200209858743045,-0.2707829833024546,1.9494273868534577,-0.25348314416898826,-1.1228510794146203,-5.033186143253793,14.892424480820834
0.158375313907701,2.5726738539829106,-0.22041116895919427,0.094306413533485,0.2191746620559889,-0.17805447746404263,-2.5870769246934673,6.439356552184642
-0.15645210807790447,-0.22103732201771978,-0.6642404575048799,0.7334516152841851,-0.7932604144723111,-0.5048463041598916,-4.648271677610397,12.58564558284803
1.13319488021879,-0.8057168787948015,-0.21292055363126403,1.5179547970969705,-2.220492926812019,0.7667139421470746,-3.7684531347068475,15.067461419611979
-0.18462821604699617,-0.7560234728445031,1.0682105406364915,0.08241796839488866,0.8868986230322305,0.364852672395093,3.36217984188864,-11.244753145947858
0.1997481918826345,2.35472252893032,-0.07627736021904151,-1.6229838602507105,0.6979908130675705,-2.2835625521656406,-2.4845646173148355,4.7992189399526435
-0.15899484418810386,0.16008592783848724,-0.3914868191163296,-0.37944357564210995,-0.19643096717860856,0.04198588040005675,1.1212395472474046,-2.7792720716091086
1.3565823888402142,2.0361843544839844,-1.5063790121642324,-0.590620785835462,0.021607773382496313,0.27908947742781326,-6.449672024996799,18.44889731224276
1.0321804618223547,-0.1492979058914432,0.7392434636189773,0.007570096428922201,-0.6356177161007073,0.5676369092322482,0.7733888395912436,-1.5898379242822955
0.9086087774042142,-1.1599050178118182,-0.094355661754931,1.94597679717166,0.6686979214401401,0.785891100876012,-3.0569236785811986,10.559949109391809
-0.59844390687351,0.3260048395400962,-1.4367370079410013,-2.2402456931531134,-0.2466218674611268,-2.0448982804329017,-4.273377788540053,7.941344439727947
-2.7325252771319763,-0.41127799937044507,0.4062120520206512,-0.6980654289769902,-0.0912914190622145,0.2481863760476685,7.83576325841469,-23.252821773043884
1.034775119094802,0.19000613949257394,-2.707866439386927,0.2765318222237739,1.1294025640463352,-1.1369157050777803,-12.887094753441264,32.82203910479578
0.1629453728421126,1.5638854180513881,0.11273593181103524,1.1978200850696017,-1.1657831770773932,0.8302370062519037,1.0095941485561881,1.0225603898903628
-1.222575560023032,0.5846763937133981,0.5083186340582537,-0.9291973247422078,-0.031004834590760644,0.7641032153623863,6.396241087400525,-23.506023315595744
-2.763043061010569,-0.37548421947894434,-0.13184106416543748,-0.16684729810962923,-0.2984190465966217,1.3778951564898378,11.075178454001897,-23.819898676472214
-0.36524893602799363,0.37579279686501205,-2.012543326699854,-0.32810047987231966,0.03873090775336781,-0.07483533909211636,-5.3996019826394805,12.341035517696085
-1.038382485762053,-0.4220759399081379,-0.45726713870193464,0.3530226584803142,0.23547667285846938,-0.3126550753268376,1.48823157225727,-4.790681243196897
-0.28549732218963086,-0.5218188878343519,1.7375772017714408,-0.7536165684683895,0.07638973925354435,0.8359787483775044,7.530924625768614,-20.757583092350984
0.3352643205847519,-0.036785074991132705,-0.2857192850876248,0.689187427647159,1.126920418744402,-2.6026600300565015,-9.118072397202537,22.105193435951904
0.45140720581678817,1.7122548819892094,-0.12365326884604842,1.2543478936167045,0.636066181944289,-0.7353534840425747,-5.340914082915198,10.793906218561357
1.2466868845332548,-0.27613695628317475,0.2166671877370946,-0.3437088392646669,0.007069665703844627,-0.832413354310538,-3.1888756984968873,8.664749603282173
-0.5123820494439568,-2.2805195584581006,-0.5889086130920064,0.9301064109291103,0.11587717933777605,0.8481959168789588,-2.516685282609741,4.0962680040124475
-1.8950266959970223,-0.4983830676356134,0.16514181046286336,-0.22293019198006514,-0.24868415362464216,1.9815183719248581,9.830796674709555,-24.896522777887714
0.3983204511127054,-0.4321650555337171,0.6730212279182717,-0.574944029434049,2.463857668785021,-0.10280525677213662,-0.08559438598521746,-1.0053765388655747
-0.024071112965951887,0.3317606566990757,-0.05896332121567997,0.033893262833342284,-0.10309719369249463,-0.09453483350448802,0.07820037935389745,-0.947127367084456
-0.17395085495139867,0.06378695728947913,-0.40409696336942486,0.7683635104121456,-0.3568210962284624,-0.20180994342273,-1.8294863941233372,5.26832773734285
0.14024774149267935,-0.7784076404475117,-1.152627376260793,-0.36002046573634533,0.6713976243267112,-0.009605148071887235,-2.7920533472541464,7.595603367070174
-0.3518556526012389,1.4129417516711993,0.6577402451128391,-0.6609155541951314,-0.1184535525205605,-0.10268776660093737,2.45337469729278,-7.864174444788384
-0.3637106853595234,0.07776319819361434,-1.6599692666294796,0.3253121065925127,0.05699847291803344,1.751957831489132,-1.7372113112247405,4.072846140938834
0.5519444291312899,-0.2683467657325516,-1.8564310609072456,0.024510474110804256,2.568178071147101,4.1711982566450025,1.1665534519430363,-0.22782264367628713
-0.2904813245084237,-0.6872948382645913,-2.396846373342531,0.11024240244282256,-0.8080981358787159,-0.17373530598464998,-7.0728828249147675,11.815904802445012
-0.800955517145039,-2.5336208142240695,-0.3532752646146303,-0.35607115878060297,0.32608685977743695,0.8267280968090489,3.535432751039543,-10.191057954710306
1.2941371605379328,0.8597602784967153,-0.24219328529286624,0.4081109214821714,-1.3711952003065602,-0.7392262870768022,-8.226493996079862,19.401443507170956
-0.4249649513860545,-2.463265382449255,1.085636025838708,-1.4008768259257727,0.2971900574418583,0.01774401540506547,6.423055550716084,-20.452444298665178
0.5989370194406426,0.7089813668154695,-0.21949559970356242,0.3427357228264948,-0.5276268854480847,-0.17694352262044155,-2.2123708164197984,8.341764236567322
0.33972617856460563,-0.1844035183049139,0.005875699317676603,-0.19643081939165474,0.9072403615115421,-0.056572903971948196,-1.0152300519837285,1.0238248873947366
0.4167490271599678,-1.5309532020313166,1.4174204704100608,0.18993601940662172,-0.028108029689160315,-0.06332169193956468,1.7883656821010645,-5.918291646147272
-0.6514719517569473,-2.022947301997725,0.5395585609439977,0.3292146200523665,-0.033331607103204076,-0.3285858495951921,2.9872180597650337,-8.124439141807578
0.17581250944248553,-0.1800047073889763,-2.574094562460902,0.843949420486099,-0.16771195679181428,0.3105395476309708,-7.543776604691135,21.1119992797179
1.036960026457547,0.016842753777208067,-0.0162486748173031,0.08638296963685008,-1.1695075470199314,-1.0662705772923464,-3.0862166700954066,10.521545390798906
-0.22707317258380127,0.6826895364971973,0.7745373102987702,1.3464325380311948,-1.3424853563000856,-0.2418607551935848,0.7374323173189861,-2.2652914874655083
-0.12858407309160239,0.3915625017350888,1.166294405365184,-0.2477098225318492,-0.966723050627439,-0.7118659381505732,2.383743148094772,-7.1065091994008025
1.6152938561019214,-0.3116135931083012,0.38821374528695896,-0.22327360063167687,0.7344481294562368,-1.7599669356636665,-7.32542632379318,14.017955454569138
-0.7178575332123068,0.22702210139537074,-0.21674948018156376,-0.3123963683929668,-0.46619211982877257,-0.5166096633278142,0.153111576039775,-2.2745378655375834
-0.34033726169712664,-2.1199076992387953,-0.5809292529343544,-0.008777017750901077,0.2360329775354078,2.9440690341343005,5.683241910406298,-10.162448009708369
0.004656163574698001,0.5968166479421353,-0.0040631333762608515,-0.20897884882321352,1.6770632700852741,0.32142154085697117,0.3621073146414193,-1.1089130435766692
0.35255325116212366,-0.8217532786428486,-0.3407472081380911,-1.0075235995663665,0.23291140765212837,0.26503471220866015,-3.1635058029575425,0.3302737842578827
0.8883157809070978,1.027182615470969,-3.7302412335734907,0.880590574011861,0.44786594728974294,-0.14147392868862116,-13.861076266686133,34.367668755098634
1.3277629666412958,-1.1045783080617495,-0.06301554815719235,0.4386114654072632,-0.6419110795481052,0.5743575003573117,-5.106607144660922,13.841875433417336
-0.7688305418415875,0.20153205527886717,1.4830955720800756,0.049240261346861325,0.7683188307221859,0.7489023508649094,7.410059978861928,-20.4449537519673
0.2744765399933556,0.19374907034686786,0.09569194870325279,0.16746284501437297,0.14714980585172724,0.6205030176676968,0.6219242352594259,-3.249167337040803
1.2479960373780117,2.9573807678656725,1.881092239888919,0.5107527814215821,2.983251717657259,-0.6229102155210635,-2.064703365662085,1.4054672676433047
0.3256529055732785,-0.5602531020086771,-1.47200901054137,0.26455200963961756,0.3227444215832984,-1.3520568153445085,-7.341674140518868,15.30087856795808
0.10812328572733532,-0.20746495962724226,0.48287427835150176,-0.38386173640098864,-0.3340313513928105,-0.884483581533799,-0.9277619580948743,-1.0484527142477857
0.2449984572016222,0.28036156455469746,0.5344420193175519,0.83680618211457,1.6659167983700025,-0.18805220518735022,0.46278250410063704,2.4832638236204265
1.7977682263455574,0.6062141372804504,-0.15637290044554586,1.1224137656923252,2.5143106461403106,-0.43439857413389554,-9.654695175878697,23.17006974742188
0.4920415761589935,-0.40415477086563945,0.2086286380696077,0.25172076587468467,0.6401371933355945,1.5552719502931411,1.4496779494317917,-3.5924581478798725
0.42872831062757427,1.2275280185053323,0.2544533463394489,0.9765916061502852,0.39416163056014997,0.14697162856301496,-3.0483041009865834,8.249942733150938
-1.2286469360612948,-1.4186190015626952,-0.9807989039659163,0.010091124477838954,0.8890067871942242,-1.4879233600640067,-2.524452263813968,3.685480464078852
-0.054145348571020324,-0.4212733065069021,0.06666948128234504,-2.2843348965631622,-2.4808980700882004,0.5989906925533783,4.523882235016101,-11.91810080600817
-0.7194409312707102,0.045471964414268644,0.38041147577791434,-1.021101097353107,-0.31241700525160826,-0.03622942454605686,2.9470476674067223,-7.2250368638383105
-0.23890545760146806,0.9422287366052953,0.3430945869630548,-0.2539671537326422,-1.2556031640051988,0.7195333309945344,4.995922302430424,-9.411564428382597
-0.24903681529100719,0.4778961640449715,-0.29994623175960194,0.06480970825346201,0.6138804292876274,-1.6458156757363087,-2.3682055035972285,3.40045813748324
0.43147818573891045,-0.5178023358245537,0.29117917574566604,-0.7012521814006735,0.242262835196611,-0.6909286900687716,-0.8428456692850526,0.6746381875430849
0.18527640794123343,1.8273676588451004,-0.27928953398023054,0.057075248573599156,-1.123448439408688,-0.3258641883751482,-0.7819090561419149,3.5198425551736277
0.20765030668741852,-0.008149179055211498,-0.8833676962443614,-0.2579673209760748,-0.02882636675193464,-0.1879728087637986,-3.379283165109615,6.849124710114577
0.08322253754677522,-0.1490063117066417,-0.20006666770741616,-0.23280513244417247,-2.986513773301555,-0.49091581149424474,-0.40891462597030087,2.17169080816241
0.5883638038517888,-0.5806580051128291,0.015781014052246408,0.642188218341716,0.16089340940447414,-1.208810802305728,-4.721587759590912,10.407814901016875
0.23186304892934415,1.3131425828110885,-2.1605677962895085,-1.3870903387168112,-0.5376322837433579,-0.294634063852179,-4.647697878461127,11.470413272715932
-0.14933752702482878,1.504008784872129,0.48382836886065783,-4.43419683295145,0.6108833039501496,-0.6100936784955824,2.646399969359261,-9.014369348298144
-0.04562953091619506,0.3118254730743349,0.05501070166356814,-0.31801007403084997,0.2670484989375048,-1.1278925119729282,-2.688845827890882,2.71884316140389
-2.510928987464536,0.0001851403474771815,1.505488431787142,2.9264954041990285,-0.2976695687959445,-0.4234298269812073,8.02850360976883,-21.23881426417136
-1.481577882351786,0.2001948788562724,-0.8742474177409054,-0.6724783741203724,-0.7939768974051492,-0.11125952837398015,4.085074443929917,-9.053911102149526
-1.0668600144964893,0.02122024064495247,-6.729663303916809,-0.4876455341697719,-0.6378864827054209,0.05688668582605746,-12.214264157964537,32.05807380002863
0.8670942059273962,0.12686660702925998,-0.35510021458896784,-0.1795222559898309,-0.34882465346636127,-1.3138521334527102,-6.5337877621359475,10.77031264364288
1.8120805148788555,0.07593121559794491,0.4734280502720182,-0.17078261101299133,1.3477344621449028,1.661165071947298,-1.008469386932782,5.338094238382807
-0.372653605071969,0.3891281288455921,-0.6498537744068895,-0.1137117409208313,-0.33813694473594347,-0.08539953330542704,0.3867036547241721,1.1226740589307038
0.06831850146308882,-0.7752092644983359,-0.6452959839571459,-0.3292943359727919,0.12916370118065362,1.3081836299699836,1.3862109188360798,-1.1883780963361392
1.0092380322444698,1.842586319240904,-0.08377495179803955,-0.5727650253882085,0.08585697907968355,0.2972256971364256,-1.424626844985132,7.744638611928153
-0.4150687684821079,-1.0234825027299166,0.9627664530403183,0.1415462214058494,0.7991774902180666,0.7326301399447005,4.029656480459634,-11.551070679919341
1.1693001677572372,-0.8134147218732691,0.3627868015994983,0.5136893541774222,-0.017459088971144267,0.6415514604994217,-3.0528926575270923,9.173915422563788
0.7223015383424053,-0.9190826716807503,1.6298045420726213,0.9088281434985626,-2.119171924343524,-1.6982792193970113,0.045646467554714576,1.798112693000359
0.2357077893296889,-0.42957065620092244,1.233617617161445,-0.9011973401065746,1.3853558601309095,-0.1953992574540708,2.1566470959009942,-6.810486188680953
1.850807020834764,0.4319614278193433,0.04199172447054861,0.4665459971841001,-0.3718998590419193,-0.1221965952348347,-4.427796434841518,12.494416699731602
0.4569778593894483,-0.9043546355933461,-2.4124365528838814,0.047872052931788374,2.35304127241452,-0.8129033616279432,-13.8878961584592,29.933045208164003
-1.6419572746842537,0.6766247807599283,-0.04494603727060608,-0.6580019059969492,-0.7549789042503222,-0.2871004729721326,5.23849557810547,-14.01432312639828
-0.14849287008375095,-0.7016332782027719,-0.3947316986647214,-0.38326988243393606,-3.301921961767364,0.08537045204770578,3.3600601539230697,-2.9798136395793846
-0.23045378742217076,1.076537418992686,-0.053595832737161016,1.2150427730950533,0.20937459698398467,0.18797962963939188,-1.0493961651466641,2.805171263490607
1.651580761793732,0.08152683876345951,-1.9276231374898598,1.4458852355358744,-0.8153110057522798,-1.2263682048730222,-13.692925923994423,36.81999922060143
1.056985305651644,0.04504974649218618,0.3628547132474391,0.03315247665032358,-0.08460485837700214,0.007740629288327099,-2.6376078012633926,6.954340539648991
0.018852922583087628,1.7034148718752007,-1.401058053674326,-0.306954096199104,0.24954110090575737,-0.4789411519638473,-4.492596246659904,13.465169706320145
0.11923409366313265,0.017971372600929826,1.100430312333453,-1.4027143391765464,-0.7920180119245751,-0.34070350262603166,3.1236421842156794,-9.4689077607222
-0.5968179802380353,0.7815643052841991,0.3053022923433278,0.14159176924255462,-0.14328056087775382,0.0841083313642641,3.3306333408983635,-5.254632340694231
-1.5082343385959864,0.21050527144011616,-0.6738845549259314,-0.24732287268979106,0.6173745033201795,-7.437286382910461e-05,1.014140426893681,-3.6552318039827365
2.116443621895149,-3.1525166200037305,0.11718971669687163,1.6798773545423915,0.04097319681280142,-0.1774911063481611,-7.738502651630171,19.67029740252432
2.0221009045632816,0.057480331312002926,-0.5660885050541601,0.4653592057463883,-0.32793543496634103,-0.06973067311021829,-8.982108841037654,24.02093492111294
-0.31477239482497854,0.28749365869903637,0.6464633437094333,0.918742664325457,-0.5217277580715087,-2.645167071738425,-3.6974739274952912,2.600124112889988
0.43161849742570446,1.0124630060427005,0.6468254258306612,0.8706169555946344,0.38456240277036724,-0.06273122634300922,-0.33312645554598797,3.4556814185748266
1.2584216619606288,0.10835769847138285,-0.09142324436998583,0.28082828525352815,0.29737927382377755,-1.715844330345118,-9.302312616284707,24.18777480992174
-0.2563403665190442,-3.0898788302492384,-0.6118109426916716,0.20396476572488653,-0.3830412287921028,-0.06509932713823935,-0.07065692763009332,2.1259792032114624
0.10088869076514348,0.15114831632308734,-2.46634230710066,2.487939844694802,-0.8934329197172861,-0.35743785721843613,-9.08981923318014,26.212107573429996
0.2474982431388795,-0.581873492446387,0.34889786441329707,-0.44046720881826834,-0.25448649777360366,0.26875895543896805,0.883542805362258,-2.447038705471932
2.3935425300670468,1.7088769300577564,1.4564303513769985,1.57759535782131,-0.11034655566456161,-1.3765949029124154,-7.787354108701587,21.07067336865583
-0.32607884016425115,-0.10845768123513512,0.1539571289911878,0.9958484932112803,-0.2528751340717859,-0.6400456513688902,-0.43402225586860754,0.7199660468405145
0.10148073144796046,-0.9757330238461239,0.29536543051686354,0.8823239037179962,0.6097852949949357,1.0653608572406128,2.3126120169419746,-6.195746016342628
-0.3097755202775307,1.2398128302417748,-0.2576696706560811,-2.931846949673454,0.3604098266511453,0.5067663148754553,2.865200207947976,-6.920846123320102
0.48976525952919575,0.5218158223290673,0.1323634388581389,0.5027556602814375,0.3484856830396999,-1.4290466772627244,-3.204517682773926,7.853052001553323
-1.1589740881796562,-0.527371766109944,-0.30774565066340503,0.27440347055217856,0.08447589915800555,0.023158797594382132,1.1287406754969602,-5.616620772084038
-0.6230062850943476,0.16155929232076902,1.6825763168714882,1.144031465021459,-1.3163421009009018,0.41968838551169296,7.424558115402783,-16.647135847916527
-0.04372165114382833,-0.983090040224343,0.16713988166663735,0.7489176760371493,0.25757457261160843,1.2037457143095185,0.494370879840367,-0.06950848314455138
0.17094405077162506,-0.963439368729866,-0.2963674177158823,-0.8762544533039692,1.2843054039839041,-0.2881088641089531,-1.970126197849632,1.54319049460538
0.4255797710321054,-0.8821421982561517,0.12330059021130878,0.31951522454512155,-0.23136770844943136,-0.11363075402043404,-2.176788444882048,5.7498118678675745
-0.3159592796634665,-0.15382408222261368,-2.9069016882871,-1.042570772049682,-0.2765388887645574,-0.9487221373043306,-7.333455387955693,15.875301505804968
0.004323679547632569,0.032602306149871974,0.08884226920999647,-1.6970444094207389,-0.36102094612070895,0.06874778115538084,2.2612896210721676,-6.791541960757258
0.10096717489964036,0.813421508596614,0.783194074211441,-3.1523562300678667,-0.05434686205843268,-0.18213716999847748,3.4199698747358465,-10.399567970190823
0.6059922828380996,0.40468205518110867,0.6348737045396587,0.4549614178093545,0.4324857996842679,-1.0091970873553688,-3.046424785785671,5.261406905230414
0.36349089727247647,-0.11192566761956463,-2.032210498808202,-1.4137542021269904,-0.21266265993776787,-0.2347629511732047,-6.247027728532659,15.628745995825923
1.0123663240678258,0.9494630024402538,0.049953164823569644,-0.08425446614403952,1.502895378878481,-0.6436120920264135,-4.184518835525538,7.9172234681999765
-0.39556335638961254,2.565894081607095,0.31676439364132003,-0.03460271672620761,0.11254829778734321,-0.034749217998074886,2.5644918899686484,-4.92219133552619
-1.8549115794795226,0.45299370297044894,-1.3288043673333354,0.5244484508588149,0.15825557965668635,0.2034726812754173,1.3193747204788115,-3.960549539527228
-0.9079083915683382,0.27239113828085393,-0.07419824632035624,-0.5445545994599955,-0.7076961511908985,-0.12947488871503726,3.441232220398154,-9.813875139759727
-0.15179579200755502,-0.41443003281010865,-0.08824614047018259,-3.657473119455537,2.4801444153401455,-0.326567317228504,1.164268074224291,-9.710273195210194
-0.1329515880821077,0.3846679221026539,-0.9257411691886702,0.11886980747898791,0.6359757447701899,0.41117580190971825,0.41637787673953575,-0.4246609924476985
1.3445198861532586,0.6140194366576539,1.4572051898378071,-0.827663542214373,0.4221687352706534,-0.41603037583596275,-2.670148035834877,7.273554991425586
-0.16543552069121328,-0.2303666717924874,-0.18431025690096373,0.010094552650384607,0.5890347359355773,-2.840256991305583,-4.2326568077890165,6.049547022003641
-0.9074454464751489,-0.8729559150554423,0.1889376775165077,-0.3051776970449321,1.3593160652769933,0.40023076703764265,1.2096396056096483,-5.624028898364787
0.09391951673067397,1.1335204956787814,0.6093114077930246,0.08827910936089635,0.3277847818207651,-0.05636977305775218,1.1554895257398847,-2.8665305800960583
-1.2696862842018395,-0.5860508745309428,0.5767913810692967,-0.1975942168759612,-0.09307313467128812,0.7476634215761989,4.746525642629686,-13.908547122434978
0.4826655566659214,-0.038959021323981345,2.041039829333616,-0.14320668042866694,-0.8949963243574964,0.14740872858675783,6.362402831961072,-10.459914747022639
0.688575737348254,0.6696128798537581,-0.12325373888945998,0.23828422044995123,-0.23390392322924924,1.4835542842456089,0.14238732930897235,3.5074082636396415
1.2808171558718513,0.48745127963547535,0.3704470573197805,-0.6089342643162633,-0.6545520917287971,-0.3408730007044983,-3.0868712993689686,8.567873019284558
0.33216789233857336,0.6462696325338338,-0.8634622033072433,-0.14922105800779775,-0.1315094606342301,-1.677063365048789,-4.338426831672539,17.11155672625848
0.5268468031420571,1.3434734464586469,-0.8103578742284564,1.5310961824362455,-0.7734081777039643,0.2026699693372278,-4.8419309152637915,16.65422536953625
0.8372975713666908,-0.4918667536068484,0.34480322682052117,-3.4536391178153827,-0.9765752108833726,-0.24155212937288528,0.39925361946932014,-1.475506715099784
1.3676367390454072,-0.14602685020268935,1.3628381377414376,0.21448011010743032,0.059222605383075146,3.2804749066682124,4.614180210278288,-9.152611461569801
0.001626344062770099,0.587167591674528,-0.289670382909276,-1.5792069444176677,-0.9295222476858505,-0.5242557411970378,-0.9240438685851786,1.8281033416206798
0.48980628803290605,-0.8994576857436909,0.5234537902475418,-0.17877489403000038,-0.22233457276312382,0.1392933346266726,0.3932169985032368,-1.748275490434886
-1.2296715020175621,-0.9544856040503088,-0.6186668791863146,-0.17128249315585847,0.1397424955820647,0.4368275207733341,2.227237756203216,-5.767451776608482
1.7086276766293766,0.08779512699939354,0.45816747360415006,1.8548260331388022,1.6427660804130162,0.19338925816484573,-8.56137925657618,24.08574487570287
0.06988429252011424,0.6353543182290504,0.5592347582337247,-0.02580727934559658,0.1486941964474776,0.43179971728825145,-0.8870318908803303,1.3455869700464849
-0.8522667308311955,0.1009388666667531,-3.7094461304810937,1.1252747881493048,-0.9932882449703512,-0.18750682309638556,-9.440423594087113,22.964093526416644
-2.476823109228489,-1.125439540723565,-0.3827610527886674,-0.48867399561384645,-0.2726329182236755,0.7956643764489018,9.744298124177753,-24.583233662140824
-0.5678733066940538,0.2260774654399317,0.3278795748793341,0.748463715658778,-0.33659762918406017,1.255583560232751,4.550526730407396,-10.36882243962004
0.7225906806435856,0.32750062345766917,0.5334875309069073,1.9363086983658881,0.8275021142949089,-1.208837057336103,-7.126892746487748,13.323201057037979
1.0201238494914822,3.0356581306738213,-2.4520114655316996,-1.3763837482506212,0.24611075518889056,-0.13808581861301658,-7.869828363454577,22.595049102744017
0.5653323346088357,0.5971694103545414,-0.344070391580627,-0.022575637728617762,-0.03846573489606626,-0.13800523621611094,-2.6401056191677736,7.472492371592585
-0.29513823791428084,0.18273078933011466,0.35889467791872426,0.20940247034985954,0.021458341233603868,0.2742393362098726,4.0067046571922,-6.190370367392618
-1.7170206229284282,0.4642815635778675,0.22473127974522772,-0.22475285388113686,-0.045106640193606155,1.1732321509824113,7.140286081637063,-18.857743399762224
-1.5005672918507325,-0.68135602526478,0.7219121758882984,1.860808347279243,-2.690397424660291,-0.022943250386622982,5.575978540096131,-13.799108436507767
0.3028458482680414,-0.0023990879401969275,-0.5747236786638417,0.22891608194739624,-0.8855119244302362,-1.4758280065990248,-3.5542247525708133,12.665315771349412
0.18487291512342746,0.32518004569538567,-0.27512032250222485,0.0976586840160611,1.8128343545421206,0.4367087523065704,-1.4192490397456092,1.8870409225095512
-0.028756956152864294,0.4990135763323038,-1.4467859524623594,0.6455091305948976,0.9481579578806608,3.364664739380451,2.6056487747372605,-6.0602389160308405
-0.4082102817294858,0.5690984593007132,-0.2138357679520339,0.444859927625084,-0.03416953237273664,0.33707079867727635,-0.27542480389689655,0.7884459977938278
0.03350723683547906,-0.86444727792133,-1.611100691812739,-1.2777783276353785,1.7621975615925491,-0.4626479515206926,-6.44858422457333,10.599277057983553
0.02859512472903236,-2.752636957573337,-0.33661113000978604,-0.6391658804332013,-0.1162483154492566,1.1439477631239143,2.772594561772052,-5.859436575301966
-1.615013799043578,0.4982781631013492,0.1118199628205126,0.5649679288849732,0.46333421174996964,0.17872804848955456,4.413291928657104,-9.835494155024236
0.40985243214001393,-0.41508966505984274,0.9011057291962384,0.3551126859686554,0.14531460167068508,1.1262953965094378,2.3667130818183137,-4.169466098916378
-0.3991537743041335,-0.6390749276311571,-0.2290502533874879,-2.5293921592297504,0.12091981189719071,-0.7128388626206082,3.7231474541936516,-11.292504034946989
0.8380290445530413,0.764233281305649,0.32184278828795787,2.3440929978073313,-0.3306157829205524,0.3895049746356696,-1.6030248910968865,8.56780403566435
1.563545466394146,-1.5725740558173702,0.7417886636678316,-0.7518273463198613,0.11158199887384293,0.40637452702324384,-0.5197518687495863,3.3205403914056957
0.45652537476116034,-0.5226814819995254,1.2886473270342782,0.28777806408169054,-1.140191621153627,1.1563403782329909,4.6466841040315,-9.089863635301388
-1.5524767221408309,-2.633345957454514,0.8414686733639442,1.8983883241205999,0.18706367151607065,1.1660531268905405,5.703065790383288,-19.889259637807964
-0.45686255186363245,0.1957819935613877,-0.5796200436778419,1.4008281207319178,-1.2779946662981327,-2.118310210245064,-5.0828096151301505,12.35664402982234
-0.19345509240834008,-2.690160352400893,-0.048243815238462724,-1.4446811430062714,0.8176817937372509,-0.6470085792294697,-0.7319023600782237,-2.90867589042388
0.13401050769269499,-0.37936669289178954,-1.1322110865038886,-0.8986636158822113,0.05963713943444873,-0.07464791087015435,-4.578170169253523,4.941565460485439
1.047196587986023,0.5237843990325274,0.19580935590678483,-0.5560313634084434,-0.33604080840314904,0.026854201040178414,-0.8321309795122166,4.952387984825161
-0.04144334248586527,0.04777373533982812,-0.3557226864148021,-0.11842922292725828,-0.004179156799992241,0.7578438262783515,0.5201785049246521,4.439308237468509
-1.621237768970991,-0.07627157113654144,0.2619473929682818,0.5748514277777403,1.4490749375885719,-2.8155914055252182,-2.104924451152029,-1.6022736353282507
0.7619477601422971,0.5320965675868542,0.23694757905960284,0.1070169285410272,0.8250614250820026,0.09239161776786946,-2.4510416165269038,6.145357832432544
-1.1419751679187766,0.3737910303924578,-0.11794794676630486,1.540586028070561,1.1128757718337303,-0.38973615427730324,-0.3456927953979503,-2.7205596325094037
-0.06371556457140504,0.32844199908130584,-0.17554478607912133,-0.1475272407447354,0.18749576014174313,0.37965393780820444,0.5352376795569809,-0.7391787839019681
2.454911826116462,0.36987334540365147,-0.42820618282501677,-1.26404495569768,1.111416326077852,0.5566010426177886,-7.401390848807948,18.873759518814207
1.397078120562234,-1.044380057538878,-0.29176180046004396,0.5949842208297152,0.035792777276704886,0.11646568219624309,-4.707263802418494,13.841885022449759
0.3646891655780009,0.8867743839917099,0.30613178620340736,-0.7864349827523253,0.3787518473633034,0.04041916758931886,-0.08419352612077857,0.7503777546909494
-0.04495241286269181,0.16096993451915378,0.331213272471049,0.36115600624195915,0.061179075704343236,0.4910669389495965,0.09594361808866902,-1.6015862269781382
0.12401690309835664,-0.23356253754959827,0.20310055006467648,-0.6650173510813604,-1.942570912211399,0.3175635063043488,1.5918219181386155,-2.176696687811687
-1.6414126532938786,-0.19668228860711978,-0.3222269201660206,-0.34244907301597416,-0.02537955635239593,0.1964056031825212,5.038784704301238,-14.271816577269027
0.36158841316988427,-0.3706198783745052,-0.737158151361776,-0.3528985810961132,0.3334923066247284,-0.615788255017901,-4.307163134559353,10.25450931808237
1.3196783868787834,0.07102188793049441,0.21904564381271135,0.5092267175989217,-0.6551350789440467,-2.771790952108581,-11.107292060470797,23.441175007524343
-1.2061893639255832,-0.07818247049402309,-1.1842816286920237,0.2660419987636306,1.155278112553448,2.6136949245060106,6.1275275747638,-14.779216438517167
-0.6970518748043347,-0.35447393347000417,0.39732548206014484,0.9822001016387775,0.2350510161572651,0.7632066581519745,-0.5377406414104954,-0.9641415491336909
-0.018742271588008542,-0.4295427762832888,0.1511847983027634,1.6633284178552383,1.2869786201196884,-1.1759231666413372,-2.7902916996396074,6.074461879737569
-0.077709028675835,-0.43660977337409884,-1.0022842129237004,3.3628814473222315,-0.4395001688092227,0.0743499408963208,-6.434775023068797,17.359941842350153
0.8144788210825522,-0.6286072216193499,-2.338838205087599,0.12695958346206052,1.3993810710358214,1.7982549321119625,-5.140691256590063,14.058212514734876
0.604859478905082,0.28713973692889555,1.0541911509851873,0.21963537902064242,0.2206712815714039,-0.3362288565673056,1.0216717268320905,-5.175543358036784
0.28433063632432237,-0.22633811611820112,0.34079313144770484,-2.766146053332179,-0.7148127964751283,-0.18275442859368446,1.1623282765037135,-0.36394437514562394
0.05239225012178319,-0.6027837682475284,-3.6560495122081558,0.6627477139221855,0.4828611061902373,0.20958032235839755,-9.211320182273756,23.64471739329183
-1.5153165739979813,-0.9586372667955542,0.1289663768823131,-0.06987734729421999,-0.9635865500777542,-0.12081470129457983,4.1455739579450315,-9.914760974187933
-0.7393395752899299,1.0704933525395526,1.0657297114539026,0.5178455181706894,0.06216773563315949,-1.030489873231391,2.2583006426009966,-7.526817913449077
-0.16191630219684966,0.3565267688322505,0.5708720170775495,0.536038134416745,0.40707715718231013,0.1213551110942548,1.70337637826484,-4.760023758739591
-1.6224938051819633,0.057943942898937034,-1.4346430453177392,1.131354448684323,-0.17594789625667676,-0.059419836383111685,-0.8570041036741723,2.285291777860055
-1.0857499679161084,-0.249903981526916,0.9349363749330231,-0.33643501368242884,1.029076910179476,-0.02054853497085669,4.469256738334571,-16.024758046672886
-0.370391612811877,0.4232462834854527,-0.48847839423957057,1.2458784972785821,1.9750437412932198,0.05376671346822867,-2.0901841110224786,7.3122937820281795
1.0863682031956081,0.9321949268390153,-0.4342239059863778,0.40239975224344704,0.20924734212926321,-2.3547621385864383,-8.051360443339298,24.642941158229068
0.21694465352391948,-0.16536607367188122,-0.4866857917177221,0.06759867605573182,0.04528708725165376,0.1764258111770076,-0.8815003397928398,3.4902155997539004
0.8046355682928396,1.17173182736516,0.07509084366180174,-2.4670239561591654,-2.6521565636484876,-0.6581436239366982,0.17470992537898777,1.5567425586113854
-0.19829475202084954,2.700115875306964,1.9665584463774162,-0.9062032010797824,-0.5415812338334773,1.1798235920627766,8.806600369208477,-22.670015706302696
-0.17296383084525804,-0.04889893254491155,-0.8530350240596145,1.8221746067503466,0.22612802266265317,0.03195516481747146,-3.2607913989514286,8.093647552192484
0.21860415654478563,3.043485434334797,-0.9604461385387597,-1.4026807854555743,-0.8687331520554452,1.49771629216272,0.5148021794417961,4.635505559915649
-0.8430864833778535,-1.405982038155033,1.41788104696932,-1.0732590518368021,-0.6394064668479695,3.5253546487825598,14.627955738092032,-34.07010124739526
0.7286428630004061,-0.604159968909509,0.1832919808128513,0.9206391835137057,-3.849611153043332,0.375946571836044,-2.8915782744687877,9.936345531184514
1.659693628377991,-0.5097431888790859,-0.30321035721422523,0.14181027818011543,0.039470397240105794,0.3713668602470925,-4.499124507465045,14.041028262338301
-0.809847316430516,0.68742799787565,-1.4557107761206518,0.11096726398878463,0.903859157046533,0.11623573296371706,-1.0494108825517783,4.438433570250159
0.07446272887005145,-0.8706414275822411,-0.261249431439117,-1.7297150080326644,0.10226889878584901,-0.36310267317076694,0.2297509856839145,-2.3339512836572984
0.9768728651714707,-0.17026462613589724,0.6502775934639466,-0.27957624770970896,-0.005113617803785977,1.1249300914137332,1.7712590393942191,-2.8027823196211887
0.20670307510422434,1.9143258294629388,-0.5658264285328697,0.11837011550123738,0.014470894537981926,0.9352640395426368,1.125716493918006,0.6933294938687515
0.6533679831963163,-0.2974823304716238,1.0755668058799424,-2.106594457247335,2.02121080827395,0.24171356255969714,0.2797439755986826,-6.33922719787523
0.8404369267995176,-0.2770131769597225,0.0964256465693553,-1.2297868115090367,0.007024574315678872,0.6356743831764625,1.3786861839172577,0.34707359820276196
0.7929554531878542,0.177002279996687,0.1144481490225572,-0.47990222645015557,0.9705747397592749,0.033120879463824984,-0.5336161517651253,4.835298650025902
-0.028728420655253203,2.827853445868366,-0.8515781871598839,0.23813383769386243,0.3149478696836418,-2.0773460639366736,-6.070831139236595,16.844461276394462
-0.03929442772301082,-0.519277409169246,-0.12874620766875788,-0.9395049178074112,3.146764745973834,0.042608025307092824,-1.0067178234244565,-2.0907368931398347
-1.1876947530744186,0.18766277640298304,1.2656004899920907,-0.2635330557527705,0.679713309975189,-0.7875189806868432,2.994766925458716,-11.041616731744288
0.7131910672395733,-0.26826656457488857,1.3168732651887463,1.084913716624678,-0.16654503891269626,0.46823596781060645,1.363300576254725,-2.1088591304138693
-0.5751958604789329,0.33829257322219564,1.2782130498446436,-0.46904014131986255,0.5905993556230021,-0.8557352250182162,6.931313586388165,-15.522915786213352
0.5473751846855599,0.13086618024109636,-0.0053823883726463965,-0.34211763339006523,0.20013412774082406,0.46111182328199973,-0.43112175897862426,2.723113782716146
-0.28481790971378423,0.2783751985901039,-0.36025994716395354,0.21946848613447653,-0.4884875111357717,0.9398021497201042,1.591730318243536,-1.207411863861437
0.18359600441223475,0.3871187435680441,-1.1818654364220307,-0.07634549324068991,-0.48777637797421025,1.2062741315905088,-2.0354181951449,5.464255325264084
-1.6158392099975885,0.44483303387556755,-1.12636268128164,0.1656959307210636,0.5510848136573495,0.9299268878605137,2.9279955111889104,-8.878095462838289
0.2837335946435537,-0.18970823710067114,-0.20605258573432933,0.7066181865620221,-0.02352234992140263,1.3268956590703844,0.5577332123756693,0.42706891871691965
-1.0122587525246722,-1.2797249647435966,-0.11526289496171271,0.5130486565416824,-0.05710012510758087,-0.5455519080683926,1.4337218083832568,-4.471665597292279
-0.577921773501873,0.7001746430889121,0.025941187239897627,-1.0006015338804353,-0.22453119327297452,0.4106964432465895,2.67783634490303,-4.6391689500975986
0.1485710321553711,-0.9031384889941633,-0.18893983729130845,0.6786668632603137,-1.0639039807436734,1.0504767317184482,-0.029879161161073142,1.8754400519663643
-0.6238283786340271,0.4373152027073431,3.0078681321377876,0.7234784672924138,0.014829029872573877,1.2461662818303023,11.637476343328274,-25.099898073199434
-2.3307359498711215,-0.7467660794111669,1.2817676133727758,-1.2563899962286198,-1.5057276187260737,0.134208668511716,13.422466183590615,-36.634535445398505
-0.3047923105371346,0.19488492622823692,-0.09734380008782546,-1.5690818586374071,1.5222397328716566,-0.5112824535448727,0.9185881183632044,-2.2623516036218616
-0.3546226853449678,0.10188615768741753,-0.0052457169016495424,0.7038761666580116,0.1580340224126227,-1.5331099253578007,-3.529460385051724,6.586016703124066
-0.7048060974099134,-0.40858427424860705,-0.5455600095742739,0.22871570109246606,-0.8823091151374512,-0.6205286013905599,-1.074422165121128,0.04977322177725663
-0.5576342202599827,0.3332186673433614,0.13825614349106038,-0.44667611650369965,-0.5085500078752951,-1.290282614880051,0.37630452513956003,-0.4159280247818602
-0.11234826457105168,-0.06188577287230498,0.007071241397778317,0.18429439146337703,0.6622763233371993,0.2510242681067424,0.4317665120987344,-0.6949524463855763
-0.8258870037008464,-2.395505113099533,-0.6828798638584872,1.3215286259334709,0.03015960644789664,-0.7463800200954763,-1.0751755533523735,1.526537032316737
0.49048299293120234,-0.38068805261216204,0.22461738438461587,-0.6608064296425581,0.6251912260085333,-0.16413202128073875,-2.782314024170079,4.76856224419013
0.4050898818795435,0.002256578230434522,0.7389465395120108,0.37393325350290557,-0.868772282461363,-0.09009509988871924,1.4324126137311985,0.5662724121192391
-2.0111514673348827,-0.31398520910345645,0.03855723540645727,-0.36777691943916696,0.6528143255509263,0.35545751290720107,7.388268058653809,-18.513229233063228
0.8951878945246021,0.5679861471951987,-0.18532723864708078,1.1705578988008836,-0.008344069291161693,-0.47323572851427625,-3.282499348857649,9.166469890408468
2.877111444506766,1.4863513648547295,-0.4671602438795613,0.11963807494362491,-0.04869679002631847,-1.919425171552741,-13.974576643967433,39.51617075722688
-0.16353047972141468,-0.36511959623914125,-0.05688291213460742,-0.06672255022194751,0.3745412159080661,-0.5646721271977353,-0.9251732203657054,1.3830658129767557
1.4047163447957496,0.4878579534569608,0.34265851968457756,-0.4227022520125644,0.5368440481336999,0.26251077976982284,-1.2706939537643938,4.442342445271071
-0.44904450687123754,0.23297348343367044,-1.345525526407865,3.847039518797044,-0.489113945826948,-0.4140826969598114,-8.592064581172842,18.473093144375532
-0.08253238380780942,1.3051511048834004,-0.20992868250942154,0.6973309377927779,-1.2183563775702588,-0.5617068808947387,-2.224070967285148,5.124199831932272
-0.7433483783571649,-0.8323056769629115,-1.0886903457300443,-4.102117683570879,-0.6092026757984185,1.0432511065185988,4.63385916228693,-12.461454092474744
-0.022947373251641093,-0.20426519147035338,-0.7245044701199748,-1.3036823500987977,0.2552282229634867,0.0053876965687202575,-3.369012404345409,2.3372916850606877
-0.5155522275783164,0.3400582208157745,-1.004289738921125,-0.5535579566544817,-0.41852044208958644,0.42426315127302594,0.36609130640395326,-0.9504493395831615
-0.9703911566975554,0.18205514270844608,-0.7491385990980797,0.12890647241670056,0.5571704549637128,-0.16245662498288224,0.9425265847333729,-4.656617957679784
-0.24670390112089793,1.439079853005362,1.28205158556293,1.0221526223189057,-1.7296660930116077,0.028551063664153515,3.414476876769805,-5.824200841049779
0.23385468723857372,-1.0237661237402578,1.2272775415579662,-0.01599689801912898,-1.359003664755876,-1.6293905046464663,2.4637074898757554,-4.811529990876035
0.34725971961217283,-0.940464733453108,-1.4333010242028477,0.8462343053226546,0.15836759635213793,-0.07291964147035261,-6.371641527547859,16.603018048128135
-1.4508143765093735,-2.633131875278718,-3.726918599364537,-0.3591192790000367,-1.2778875135285526,0.8657933195535827,-1.6337701238223241,4.462843972056676
-0.40323866548257453,0.1832827560086289,-0.41265923623253087,0.8589644068329471,-0.1031798211927851,0.14073491961365228,-0.3593459664134261,1.8855578288039343
-1.029885941603261,0.5726324906220761,0.33909022671266753,0.8843385532543485,4.6797734790289764,-1.1616441709046879,-1.5079857743364262,-1.8355720089097325
-0.9292566398570885,0.045798424846000316,-0.427742431468036,-1.4002567626845694,-0.24725956119496334,-0.10950146489796356,2.2330753715914593,-8.728693633214041
-0.6966486572875278,-1.1836674875569824,-0.3258182293635309,-1.0782755502294352,0.3957340501172285,-0.05061906687749748,0.726511288760173,-3.287982195945057
0.10918145826809326,-0.5872270328767151,0.013787887209302237,-0.3697569976247996,-0.5956929889759325,-0.06888433223503504,3.9237014046575784,-8.537644333103927
0.0040409690890068125,-0.14642850124439366,-1.3967701587289798,-0.4423680573120496,0.015347557063234783,0.6171585547521303,-1.469505366749209,5.471724320532767
1.3198424452348836,-0.2621099767629706,0.18096401682670396,-2.4577699594325715,0.8793606314918343,-0.5733933348308934,-3.417151626990715,5.933059363029729
-0.9417137536376787,0.615421443767211,0.5871421038118415,-0.2044347752795086,-0.5452962734559926,-0.4103279607971735,3.672949159675953,-10.753156681855739
0.8294614638405544,-0.024959591103560903,-0.5483972286165141,-0.1842080139236791,0.3514688289637773,0.7857463482624579,-0.8581813948056953,8.722702269315706
-0.5159791358365436,1.3506482001247562,-0.22285762616611574,-0.7803739145967028,0.4277302818292218,0.32983863197037366,1.5577996972905215,-2.685811608501475
0.2850419447558538,-1.1800330368226406,0.6094991649992,-1.0506231803230042,0.17656766071840518,-3.150228484188474,-5.138136962653502,5.03334710339281
1.3685996793759792,0.20667151992611646,0.1991196228706449,-0.08792780700831071,0.11542132582152743,0.4072437526618949,-2.3291702841857593,8.135162483866528
-0.33621052943920665,0.3279805263098732,-1.0595814837662891,0.86543548418241,-0.565984058716407,1.7123667885896423,-1.197116086640511,7.509132068005358
0.44614464450690855,-2.579121748082233,0.8011660363814672,-0.6420354115544459,-0.41279762066208964,0.2763759395940027,2.095463212509971,-6.407776670131097
-2.6779611597410105,-2.70019904322418,0.9891445016642862,-1.681342595162182,1.0673981129121248,-3.627634424351259,5.92245427163718,-22.96540063821807
-0.08085468288673893,0.5632069889855505,-0.1753749334408568,-0.5146027077738553,0.9002156502970177,-0.16828158679068048,-1.3240735715480534,1.0036979848781928
0.9472819747444634,0.8519384330611633,-2.06468354895438,0.013173294096038287,1.0448143598379762,0.7872752143840418,-7.3443351144815825,22.563573942393624
-0.11708701864611294,-1.4215265770014205,-0.11797850874541126,-0.1317865409340082,0.018186599281610927,0.32607924285412854,0.22862129701005984,-3.096436478260191
0.41929540609804733,0.30756837014540417,0.09077234375230936,-0.4389798246901795,0.1175437985305627,-0.6557409806255583,-2.0131856903902023,1.8133070738196806
0.4855471289972152,-0.6257463890569166,0.48655986946871554,-0.1847986127335268,1.5331696527145184,-0.8479690339895516,-1.8784129190620007,1.95277605551736
1.1295855126256222,1.3606807742852085,0.4465305462892539,0.1479855930604023,-0.6298186236033282,0.01967579046410467,-1.7464862770421,6.252203868178864
0.004367042662688369,0.9280906531113631,-0.2304273511954438,0.4169073797691375,-0.09859118659777627,0.6363836033496146,-0.640334796670018,4.506117096947343
0.01207502686382835,0.6547384307566225,0.052185941090337105,-0.18625526741263254,-0.14453925184872768,-1.1085451775778796,-0.11235944342292137,2.4937778007050064
0.1094296117752463,0.34142999732269524,0.07825826602614797,-3.029902627837046,-0.5383736510150885,0.21520735894187631,2.0454011477316643,-5.91427274378966
0.3132046437293461,-1.6843538828821933,-1.6897364200698157,-0.7769282746351149,1.6824641382251175,-2.5010714831569643,-10.252294317394176,23.122774877872835
-0.06964095390805448,-0.37839483694021075,2.6144351982791223,1.369668300874285,-0.14294531132360994,0.014463435258763615,4.108439242195597,-11.051051788014778
-0.41049291850296976,0.07716589167844007,1.0692052311436584,0.015149408778122169,-1.2817644896262543,-1.2912925610464294,2.039726643235088,-8.22808210491382
0.6955947084301155,-0.17304816182660562,1.0896302699981082,-0.7176796598135786,0.13122395169665857,-0.4718992684534236,-1.3706447732256892,3.477637738371838
-0.1591973889712837,0.2637467907516461,1.9932173706466378,-0.06567923210878482,0.019054591093675615,-0.06134945223927452,6.843898363719502,-14.32379792605939
-0.4031398962051103,0.7973875597280695,-1.5422225398957647,0.4285715965875552,0.5496324551962808,-0.027220214968621512,-1.5188743981410127,4.676775282623752
-0.03591980617988794,1.0453410882728251,0.3434303077755604,-0.42870400951463,0.5413225928711851,-1.1901715830379043,0.2278793475901273,-0.9027933946508164
-0.6207571526232126,0.6375669194198093,0.602211180639374,0.17236581800830922,-0.31278283685846087,-1.0090460783585418,0.6629364027115052,-6.479010813596767
-1.7314481171902756,-0.594525927848191,-0.2945233948227611,0.09063855901763065,-0.7302980936713555,-0.8068760373280921,2.969235915639036,-7.813649371969003
-0.3176004507346889,0.0490830958158985,0.12642552750410177,1.5810106192845705,-1.6502314239759053,0.27560761778098253,0.8118873086746898,-2.3322325572981937
-0.3036257551254469,-0.7103039406765168,-0.10921898374244415,0.5622055759078778,0.855796108768632,0.007587790613222901,0.011344237806552027,-0.25725608168462744
3.1861267302582923,0.22025925520766904,-0.7044385284914363,2.1787816005875267,0.46866838008052397,1.3803981318280376,-10.436653154417352,31.466122921308454
0.1951006503732607,0.12086050544172405,1.9174288101366534,-0.20303345379445678,-1.7638733587137188,4.092807923384182,14.011312777396686,-30.52189995991822
-0.07677183072972155,1.1064372809368916,1.4883646411841138,0.8952395289734096,-0.5210790691651338,0.5076138270406442,4.6392729978667715,-12.067084660840331
-0.014178853235967265,0.41766110626622405,-0.03542668319516951,2.0483202430355316,-0.9152129851523421,0.5941779117044279,0.5864260831629993,3.667829377931136
0.03626754193559211,0.4589684454555164,-3.442206946574521,0.06566957955725551,0.7426031527088104,-0.5920317334247919,-11.30543050631872,31.401307993872535
-0.3769335859810388,1.632369868067987,-0.9363047465398764,0.39195496892866283,-0.040595466371933474,-2.199949901153613,-5.355319698465909,12.45894499220152
-0.5601407418635145,-1.076223832225151,0.286729088123273,-1.2945100053717964,-1.6676897641916355,-3.328878214670684,-4.159513449393847,7.7225295917828545
-2.5644007322951303,-0.038663679346758684,0.42445837406081227,0.2920919693528175,-0.6160939841561031,0.03752001974593885,8.1992106855647,-24.28780803771867
-0.8890760546400247,0.7130729863024666,-0.2950169259656071,-2.517723569025373,0.4078531113788083,0.5704899638227,4.268716681700681,-12.75135946868643
1.4083217668361045,-0.16143356369480877,-0.6181864838823153,0.6342638442174134,-1.9008365476921918,0.3850277309762829,-4.6730666804722265,15.592558186396218
-0.32683136434277726,0.49554817693604497,-0.9810827704483784,-1.2474788972874076,0.7392025311716078,-0.3785408720498501,-1.17035947585899,1.9375950520701617
0.1639704495346261,-0.5284607129226714,-0.3597417059133322,0.2527068325834818,0.02144720537838365,-1.2974970626490332,-5.197216928192126,11.479270704028323
0.025829733987051698,0.5122263064075682,1.2425490246199917,1.1477347321495024,-0.32357464744337916,-0.002092306633605142,2.9676289823744364,-3.847612952183691
1.5417040862769253,1.4162677766732539,-0.1841469447955084,-1.0030611020868314,-1.2122537850233885,-0.5797731321045129,-4.013832695219254,12.594258590861601
-0.024912472806151297,0.1503204327857829,-0.8595235388853375,-0.9856454566561548,0.8527856678463671,-0.12247740710091685,-2.8987894576064264,4.356639522309741
0.012275903665063016,-0.5966477638255883,1.2969680640692873,0.5717285442757226,-1.3770736298150226,0.684177241100307,5.43900755506221,-12.446452466902286
-1.735779958081303,0.9501895914479414,-0.37800531076299526,-0.25114572472625296,-0.6651837443007507,0.8773623487348028,6.403148372674354,-15.080265261049071
1.9738906272253904,-0.6943307341991062,-0.5919493696620974,0.27340442761850625,0.16339798505630238,-1.0110878876060796,-12.437274509578835,32.92254280512086
0.13410243200593358,0.3894827218602191,0.5566837624822846,0.44531929209694676,-0.24179214469306998,-0.3410032179902865,-0.30091060685790394,0.6544945779264322
-0.5112782784773496,0.40524317225405726,0.712999272837278,0.17938405912696306,-0.3012732691459497,-0.45264109201564207,2.7795912187897294,-7.5269528879234
0.07373862959614769,-0.09913767607220672,-0.23558247533892837,-0.8619832182886743,0.7560394714976972,0.10890955521809104,0.08374275643497053,0.7527512026283234
-1.7405263014588768,1.794406198002806,-0.009201234397422977,0.1300482326046657,0.09673881220771703,-0.028957129299702795,5.08814596850247,-16.121004097754223
0.38639438833438394,0.015260534640236679,-0.7415480409916609,-2.007105019818472,-1.2131288168547747,-0.16106473515422015,0.05441378177154399,2.379341333044146
0.009605886713673895,0.4658021694508962,0.05337824271348871,0.4696146934242663,0.34089146928351965,-0.29187250748404786,-2.6684848652071733,4.897509218925542
-0.2042147721251836,0.39771559806768214,0.05937109159784076,0.7031749625474811,-0.6294148286811799,-0.8917561011830336,-1.8243809261961306,4.3385534429171155
-1.0567111149515902,0.5174211404061395,1.1442657291697285,-0.7009560423069378,-0.3817983720465388,-0.7812378446622108,4.762811825309783,-11.24568896037611
-0.010220987443230072,0.1308306010530135,-0.0422947914416792,-0.036941205077947965,-0.1948456239788403,0.9951853145529459,1.8589526732434398,-3.3502742540399386
0.06673372377408221,-0.7289843047184665,-0.5559455274048373,1.0410138841294592,-1.6146163386008605,-0.33745845630024174,-3.193449065615792,9.091946106116307
-0.019187360050222767,-0.19168123451448882,1.1029099341724682,-0.7019498116808371,0.1570612263972605,-0.7240619275170679,4.3810556151542555,-7.351264406659579
1.7536769022255712,-0.28289580043624546,-0.5973092031396555,0.619632571912048,-0.49686718623123977,0.13673722831236343,-6.833215814604357,17.58746189546113
1.5700212298293543,-0.11592369009269461,-0.49953702489108553,0.9425256391780661,-1.4647241512411227,-2.12056830619812,-12.617314165009457,33.78870871464418
-0.1286776883407248,-0.09751284794944197,-2.094942766749437,0.34407700236090144,1.6587579690930103,-0.269863122183176,-8.380043034608795,19.948396427417197
0.4675517038113065,0.44012276294256353,-1.2440525644111011,-1.3306495209261815,0.5339452880408404,1.3059265344934916,-1.4952266535165815,4.775423804142678
0.20854945968079422,-1.529638522645471,0.2684808985615232,2.2104687011085398,0.5194216237079564,-0.2875491064286828,-3.177325223591552,6.690030842852421
1.8170933179717321,1.380463943162243,-0.7470719709781972,-0.4737331368310384,0.4662265002727354,-0.4263311702346908,-7.685240384452793,21.008761012172464
0.21020024426849904,-0.32142120215685244,-2.9582105688517957,-0.19029571804336598,0.33694952240450327,0.8015049229118092,-8.28585114830529,21.012043366849966
-0.434260244839726,-0.8894341439081607,0.715945291619102,-0.34560619215086485,1.282807751572137,-1.0049846951391066,2.061811935753763,-7.407616171593383
-0.10721238534935999,-0.04453340819567009,0.20833350336142897,1.9209800612501562,-0.540998459302426,-0.34501548466527165,-2.2911800553496953,9.700493979061493
-0.9644424832228314,-2.2127592361948096,0.21730856369476326,1.502609741375252,-0.020832872103072567,-0.28930481480633474,2.207975658203468,-5.703460563027999
0.8081719664716273,0.4423323061658082,0.2643436985770295,0.20571235555149395,0.8846613200762939,-0.7657468401935168,-4.140476363091108,10.951974998501697
-0.024195714675398442,-1.712778497338472,-0.5797499845602616,0.25699901728200564,0.747738452304629,-0.3687306311637988,-3.138860186058694,4.931084034268853
-0.7018646913184338,0.4877839060921488,-0.9385777504969945,-0.26774736328755355,0.08807398910031129,3.0924772461182046,5.848147883319035,-13.862522535431662
0.016339067318901494,1.491816595176961,-1.548488381904729,-1.0835180787411787,0.04093617098541081,-0.7187789456407031,-3.881534403369918,13.39351892555247
-0.6307881867539842,2.1214169070075757,-0.49558420680509235,0.12696487508468668,0.5103491831613525,-0.07813451398062307,0.1958955111019643,-1.3185622201207197
-1.8941327259679575,0.20434606029311458,0.3401914163152535,0.9494632737653452,0.03084547866148325,0.12284651846614608,3.3954739563694836,-10.791199803950816
-0.576669730392131,0.20560509196194826,-0.48714751395551553,0.8564136861306565,0.7791560037934696,-0.32680724120871685,-1.1921157327280514,1.2737318411579839
0.8182284881031561,-0.3103768842777346,-2.06466087001089,-0.4837758833008234,-0.3194112751740292,1.398004476392918,-6.733626885000845,18.073063202689013
0.5176254699069242,-1.397044927593973,-0.3557845358367933,0.12447345699212525,-0.15486752598058212,0.07380666412936383,-2.3314871248890334,7.990039003009509
-0.677349143167939,-0.433401154771515,-0.1592141560391618,-0.5179487501702783,0.529622005434851,0.06920305508586298,2.5602605018495486,-9.19783751127017
0.39457001700512534,1.312044890165175,-0.19074339222348305,-0.22328116176015061,0.07244669995923872,0.012715693049733282,-2.0291116474076185,7.264727081750292
-0.224108404311329,0.4938207136329745,0.39194784457819937,-0.9938678145171539,0.8456841845852298,-1.2534921414188955,-0.7386831606950031,-3.7580658496963677
-0.7673086051702512,-0.5829604416485725,-0.710156536138089,0.21456097631142576,-0.2139755288183556,-0.03912392409521317,1.048985666925116,-0.8456123609544931
-1.8649510735837365,0.19567970144250682,-0.04301035095312819,-0.586441114554382,0.012789862919460122,0.4376164318321147,6.367393271638175,-17.80349857664733
-0.8288871215721664,1.214086983491096,0.40200814125125744,-1.773248184471287,-0.06740564483205988,0.3361444443818173,3.585575825193568,-12.984615308407744
0.47718652922025634,-0.9770513736999598,0.2015816869734014,-0.17675113763291964,-0.2907486904238042,0.232081523966315,-1.257587973712079,2.9255868463712744
-0.06346237195246784,0.510932248781291,-1.118081876338912,-3.413140526925363,0.14890792283306323,-0.6553604742533442,-2.1835189588739516,0.8351202751085163
0.005606251169311037,-1.2109528526758973,1.1635944237719675,1.5851766843145572,-1.7664286385162147,0.4083707605236142,5.617419322929534,-11.800750084285538
-0.29585410433816395,-0.565792609604932,-0.08421659014565266,-0.26113918610334863,-1.637909441303077,0.11061473624454211,2.053750837365203,-2.9405879200088405
0.5892408962555225,2.330298302407699,-0.772982063791752,0.7632085898336529,-4.434944445947383,1.525726999917648,0.5704155386959366,8.093017082887192
-0.36231972849771427,-0.2550268589931713,0.8435820096474099,-1.304414857109923,-0.3384135985049694,-2.209911304290895,-0.5583308428912095,-5.047632136770079
-3.3424906569194968,-0.33100742705838726,0.01435789896170778,-0.01494895855841944,1.0934155224802315,-0.6974248666826043,7.6930992732481585,-24.013558764877523
1.4730512171175556,0.42594684988375514,0.007673183942744896,-1.120777519498692,1.2765219515258859,0.13851648943756564,-3.3213315445087357,7.571999774150788
-0.3065018457256218,-0.5970961428428466,0.034824909158658525,-0.0005627567230888091,-1.0664792448175364,0.40534092423519025,2.1930480801814367,-2.5216779521162254
-0.7289079017715471,-0.9491482071396362,-0.03311762381885122,0.39977032692308084,1.353499184712572,-0.6695328615394665,0.8935473568923027,-7.423333760018512
-0.4256851093811046,-0.10762328531956894,-0.7797574336203991,0.029193109981235314,-1.4741857669707474,0.6105154873452708,1.919629822919561,-2.981509400898312
-0.4718804772701944,0.8463886409158009,-0.4833177772129725,2.2956963919801767,0.7449205278849378,-0.9592437364914518,-5.543428598339756,15.214825346887642
0.12147703627405447,-0.7088506268377941,-1.3429042395792272,-0.34853176767991123,0.934466407868588,0.45644843523310574,-4.021884501979712,6.134554594782198
-0.25194842667540623,0.1349973224974997,-0.6398347907939331,-0.6565392393865662,0.7729004970358649,-0.6510580750350451,-2.7429084762638745,4.84715000893388
-0.41221873912057233,-0.005406743496230279,0.3606821135207484,0.7886255339914608,0.22611615047626465,2.816593439943558,6.191819058209611,-12.358281921138563
1.687458974668888,0.6157217189236829,0.7195317327309255,1.1626378796803525,-0.9373607370162419,0.3859643132550144,-2.5863626934149924,10.872475378991734
-1.4330191518226556,-0.17290892213825027,-0.10628832633262653,-0.882223669967639,0.3909847865932089,0.19309346646496114,3.945691351605655,-13.209240483236627
0.04914100305600075,0.4114459157024223,-0.8809693779908476,0.4526531862655391,0.024715672349233955,-0.5377213175567617,-5.267081366909224,12.441372749120609
-0.34370707893703967,2.280198382321616,0.2695941423481421,-0.692756573324362,-0.19616842381911623,-0.2697579380210226,1.4618068218876945,-2.018780859104776
-0.31006018480678876,-2.019631822630089,0.09186426693561346,0.9303188523473077,-2.547894747053105,0.01617522042759501,2.016587792335833,-3.1979183190961167
-0.36817777079225295,-3.531993732310053,-0.10439766448796349,0.055412945821649254,-0.5561764602697526,0.3074879147818415,1.9584935861972743,-9.198161326241745
0.11112483507665939,-1.0210071608700697,1.3530324302978467,-1.451087220523125,-0.16234084654434858,0.6592267468104817,6.217729346347705,-15.356572856811553
-2.5458022413693167,0.18564845498137608,0.5781481948201436,-1.376037662182893,0.09795243788828246,0.06945727589484615,9.613193400498563,-28.925952758439742
1.6384588244787037,0.34897833079485013,-2.232307723704513,0.42351064411467804,-0.03781724690867724,3.2955247411681277,-4.845726043201497,18.96859726492176
-0.24312522209067258,0.372060052024926,0.2783060228680102,3.004652751057382,-1.5274772027311034,-1.9126773550127263,-4.093182492750026,10.82819201339234
-1.1188658648272047,-0.43314877522688633,-0.6821522984168283,0.0372000120283721,-0.07149057224949516,0.09732475403736254,1.2457405963824175,-3.782901647501265
1.5549465009872945,-0.0008653074813300198,-1.1019344911254974,1.0707901412512817,-1.0607509889966267,-0.04642956504501498,-7.6826597400330705,20.9249088109034
-0.19972314060326865,-1.045711931825404,-0.3936038532299458,0.37437297175263823,0.5634110518453643,0.2136445526252822,-0.4766641051744587,1.4566900049314704
-0.48281480685189754,-0.07779061507796625,-2.136461262911581,-0.30779181891685636,-1.0795185053018457,2.635237709865206,1.7673482023974119,0.8304271277648905
0.18515319616921935,0.2846352516489498,0.7660674601858493,0.19784557023268767,-0.5892841950830942,-0.7001042710555535,-1.7455800115138285,-0.2772618420785937
0.3448878331784766,-0.128025614042713,0.23102118853214665,-0.1606283364879627,1.4313202263345672,0.7505277085422476,2.0081676829949604,-1.0835181931287732
0.9617247673370275,-1.3838559031828197,0.5058025688581894,-2.19187946870868,-1.884509287186265,-0.27604440603548647,0.9114772711366721,-1.1430530691494978
0.1528375174345451,-1.190823532182027,0.8470642399799776,-0.010875993405546038,0.809429738227624,0.31125038073366057,1.294244386706065,-4.970903399186908
1.5026180249916672,0.5162278847081271,-2.160201990554049,-0.06573052592251935,-0.36479799239970134,0.5898602771216035,-8.372290938492256,27.034530661359966
-0.9547375601183413,0.2376573186838003,-0.04783971384858173,0.720520078930733,-0.9625770871400632,0.028839743613416617,4.137195947211802,-8.42420419927846
-1.5670830804076479,-1.256108974401094,0.16361948467470272,-0.5150395366966685,-0.44971483231209447,0.22747316664561232,6.688897312091482,-16.328157682858986
0.9032808814090438,0.2452999130343035,0.35031812314898014,-0.4168928738062291,-2.239129656922686,0.2872847985019228,-1.2044617109242213,1.6781423987854545
0.19549314721793065,0.18302777215353083,-0.34852037885949266,-3.723158488095645,0.5359096564232025,-3.509047009722012,-5.239913120528858,7.444121244743602
-0.7662282127575659,-0.6898306964091402,-0.4143190578749972,-0.03686218844518866,0.8052738183664974,0.06837829973312275,1.873584947845849,-6.824915499719519
1.4193628162001897,-1.6897816312683773,-0.1944062077081456,-0.1714896425395077,0.3690196167275971,0.4121477478598221,-3.1741577019651315,13.080392039383854
-0.17291650013619805,0.4936887516932029,-0.517872323878763,-0.26581847561958766,-0.6325187230355064,0.7469283359864751,1.8068984535828145,-2.6761914274779413
0.1280054982459918,-0.8952800468998944,-1.225150189244066,-2.292337434832953,0.6751769772541768,-0.2946688444831738,-1.210952835249496,-0.06033565984636269
-0.25923158635030324,0.03208504411720012,-0.053864619685190275,-0.1241839949495433,-0.04884529566074504,0.05070857014288461,1.6126381776491858,-3.2470782415526567
-0.22073809208958522,-0.5231496997885775,-0.6031354811599625,-0.8917258374081602,0.41621896777159334,0.7967300084833724,1.114870565613979,-2.5961396021434853
-0.19024187289958272,-0.9828239720484466,-0.29406693149550783,-0.4306202945298517,0.016617955060399925,0.12167746684118447,0.026110193798045356,4.685947184021774
1.3964894932333796,1.0833751852811075,0.898259459972665,0.41009926289335613,-0.7084970319514631,-0.6464536477287972,-4.040788321196058,10.370530214459656
0.35058112960570825,0.407690121294794,-0.5760060583834076,-0.3842366947289382,0.27019761789584723,0.7365339667274076,-2.77349726885391,7.215735073381381
4.299384007093809,-0.3956070788759373,0.16731983368161468,0.2079904477351367,0.4499846097186453,0.12505090958599435,-10.72185514999306,31.279500328019406
-0.09005793732799278,0.43662572542131556,0.5488578911195557,-0.40723340767251365,0.6485865726503918,0.4495008893011708,2.4811391475861093,-5.0378474122487225
-3.106986488637349,1.441246601453828,0.027362044277055995,0.5501268830884949,-0.05024364807787623,0.9056659838655506,10.889017938466587,-27.45371437632584
-0.20181984165152125,0.9303409068557212,-1.7506066081595715,1.11259492246334,0.9415044950116287,-0.8392257573247083,-7.687757620232734,18.455557053054974
0.584794029092656,0.4062575775073734,-0.4642933531909409,0.32684664834928634,0.01776709812086642,-0.8679043028891196,-4.684948653587162,12.253247389388504
-5.506112477349138,0.025187971641762834,0.8772387567870822,0.892738640361733,0.915647771132284,-0.24052017985558094,16.146027141343648,-47.43593526157264
0.4496498506902252,1.2776716233643521,-1.2299457301862777,-0.5235997680265769,0.2682581688210321,1.2115118867700303,-4.843754558790685,14.957385365721002
0.5752625408802414,1.3452533587298274,-1.6763191393879557,0.08609361360842345,0.2679989351433006,-0.1410679119210782,-8.042009302274698,20.879670845883968
-0.9352751182175681,0.31457110596101745,0.1536378715291242,0.6772396354441856,0.06952461422928248,0.017139583799742012,3.155172724033033,-8.67476631638324
0.5959329634091046,0.03150739174959168,-1.567540580615322,0.6107995483318024,-0.044396445155783615,0.11362940120182037,-5.784696270288002,13.11006206500017
0.48123391277210315,-0.14648270335374033,-1.131691145834633,-0.6890574100966127,-0.10508818916648195,-1.2313379671035536,-5.708370390844632,12.425703164057873
-0.8107027108630741,-0.3487569932901341,0.24285843647499383,0.1278729811502711,0.3659128021744635,0.5372939112267721,3.2858990411133684,-9.009489822226314
-0.2835230735714363,0.008800920291311947,-0.9620833550137289,-2.109321522065082,-0.4909649039978458,-1.140152455720234,-0.29454380272807845,0.3055118020518939
-1.6033172937071496,-0.8805211317820177,-0.3574242106267213,0.7335523175070509,0.4575461939189892,0.3458235025820184,3.1674172307561284,-9.616265008430156
-0.07249374582965779,-0.47025569745179735,0.01851026231553753,-0.44454575855783557,0.07432121150369878,0.22295196254998045,1.9577525097391046,-5.469281615159959
-0.19718970012851003,0.05874168353848969,-0.5955373154426833,0.345555116526957,-0.6521014333164581,0.9035074430199267,-0.2871373227414096,1.665489639532502
0.2288512936245392,-0.9756570276304172,0.30058827311208675,-0.5909214218477645,-0.2393911263628427,-0.04470061240876689,0.429148727299497,-3.7572483436911384
-1.321462383747011,0.46855294187659324,-0.04031794321430124,-0.2515890427419327,-0.01467032831395239,-0.18860046211747097,-0.07441042603436085,-5.3110885827529835
-1.6832280496008942,-0.26268327624333443,0.42455434530657804,-0.03497919543957113,0.7413004931465977,0.9501575348160973,6.56039187847517,-21.087407027747954
-0.5768584794902372,1.438681561273011,-0.3801431609806109,-1.1073155988242709,0.1340368658853373,-1.2040305445100232,-1.9129608262576798,3.024325618330441
0.36662691558151944,-0.18268920615557754,0.5249515882600105,-0.3472719561678863,0.5386590591232495,-0.1566673743561634,-1.2006288432913768,1.618651383876346
-0.9236146607385313,-0.12382664192602419,-0.4895172725838465,0.5159476533203265,-0.11767733505935529,0.7880541313048669,4.349017084578115,-9.533575235497425
-0.04284535093559227,0.5997787014168269,-0.33714216026510246,1.1950766601306138,-1.5365311504974066,0.497987286057653,1.0531155878273721,0.9069662315473237
0.47671715398973835,1.0349136005887367,0.7104560687166025,0.5574385555608815,-0.699133211217762,0.6527499172842596,2.3007076417751637,-3.7577655804566086
-0.497355560713819,0.282525820612362,0.862241000969971,-0.5491010439709824,0.0010062029640219056,2.278074188738019,7.1750190115394945,-17.634300924720865
0.6807030153633993,-0.47007742247746837,0.19840515195216638,0.689507062631805,-0.7717100989496388,-0.6014129851384601,-3.4966271415610484,12.03807649834366
-0.38501276807165297,0.5403043665658668,3.755656615162467,-0.031704424966209815,0.7252242158187299,0.11381707748639051,9.679711553640992,-27.344446954574167
0.30023105648373694,-1.4475775154875492,-1.0338583547427598,-1.4787385983224368,0.11893596008450665,0.20855914936198636,-3.728677335181575,4.496199652032485
-0.0772219260770925,-0.43316555919619104,3.5510837368172408,-0.9064958797568066,-1.6029586637834483,-0.8799195435716659,9.736528891433224,-24.85449599256937
0.42628217283158143,-1.4470086497074366,0.16148557418979653,-0.43950847296741136,0.08187666428962359,-0.9616757249006395,-1.5648633600360413,2.71013140201248
0.0908674742541496,-0.007737147467549677,-0.7390321031460974,-0.7889859145900298,0.02942737386095626,-0.020586461092086523,-2.308774006873451,5.432724723029482
0.5600760304101778,-0.8489658216644628,-0.10784672431274736,1.3313060006420827,0.28493775845451413,-0.5815450054739492,-3.4824977519201257,8.742713187853337
0.2041389607125143,-2.0980893873811244,-0.9635111046092524,0.018182988534356476,1.038218828473574,3.049822857736832,2.5721603557985753,-4.980095738941978
-0.09957725966326775,-0.1393195661819514,-0.8952103872363119,-3.145655100149386,-0.10014118593828462,0.09477372787119771,0.4800123840468591,-2.1659483691693158
-0.6862898663894459,-1.0630569083629038,-2.1561594281979706,-1.0465126584168798,0.14044883048008003,-2.6024159994410243,-8.956422819059977,18.185463571807883
-0.6960228247282262,-0.03093348002111711,0.34082897202850543,-1.402073723578306,-0.22147903101041339,-0.4007127182699555,2.8407498250442447,-9.994156419965156
-2.7884203473472517,-0.15109510577425017,-0.8070940517118788,0.19064060366444105,0.09705727936062318,0.5915469401075035,7.423960900387386,-20.149758480351753
1.0929356433786037,0.5129111616961926,0.4299467547732166,0.04975973333035364,1.0041860585998637,0.7307411032518023,-1.008746761133702,4.108055092046694
2.1810555720588636,0.2474028583371791,-0.5875173254142185,0.09183261182791673,1.495711931895787,-0.04745089140664119,-8.012571878239223,21.20125402793103
-0.48877432894371575,0.6948663970723683,-0.22551503720055602,0.7836961525852001,-1.338675406232915,-0.15955734605040806,-0.6430661884213509,4.348932306335695
0.8808003664953938,-0.7207273934853071,-0.5198470966876706,1.1808876451681087,-0.19698517176393604,1.8981186945122794,-1.0768642560942046,6.468243898586524
0.8805282844152236,-0.7491277362453423,2.8494193060656303,0.5380730305835331,-0.4645238735231146,-0.9153375377692092,5.514032661418554,-12.742092938262012
-0.6312740938412293,0.06983200358455212,0.14183299632438467,-0.6926793296432401,-0.2760911638089099,-0.9072157509874234,1.7585236453192161,-5.641508276773503
0.24964546569041388,0.08668548998314375,0.805610972526751,0.1024497561748829,-0.5647555273831433,-0.34068418254400906,1.2591098975736434,-1.2461735640357472
0.7872005924568904,0.1138519736383355,-0.11928304980536486,-0.057535679879961735,0.11452277926386466,-0.4931296339805876,-3.0738966403880386,9.802896295040412
0.0834050644085384,-0.6502102979685452,-0.6039626834773953,-0.15215996104216045,-0.06534942015787934,-0.12211719239194596,-2.2378718328489438,2.186225662186361
4.591561882999317,-0.30569701570990376,-1.3878350542304452,0.6131333227162434,-0.3381468775610741,1.308573839840125,-15.680670353644555,45.49988828846121
0.17154782375675665,-0.3787158788473534,-0.28962527609951505,0.7460762308096736,0.159580540142649,1.1644910318205535,1.7829761998583442,2.099908019284862
0.6284940300755599,-0.27164346642343323,-0.33108457038562045,-0.04298266720049006,-1.0382254131368713,0.29890371206223165,-1.6794510372722375,3.312962242402169
-0.5990713182040469,-0.45651910221014597,-0.7560638706475034,0.36709296508149225,-0.2741129954303136,-0.3626758440861918,-2.3636845117400194,4.551423608774195
-0.7744669872360699,0.4688049379251342,0.5549490718707388,-0.2250010042277137,-0.6722267823134992,-1.6985477177497859,2.199688602035146,-5.594496623228167
-1.3102116978262197,-1.602398781482388,0.09056381179489117,3.8409739707805377,0.09476403190957582,0.08600545016905883,0.8731219958425163,-1.8423795133252696
0.09628608348597543,0.03458255293435251,-1.4713135287222696,1.1606017711524246,0.6666234664384365,-1.782951774755717,-8.562066734524043,18.885771319200124
0.3792006689321963,-0.09398166271682261,0.5912764237550624,0.2770502614376189,0.005793185449818231,0.758962469037341,1.7962859766417543,-4.512220525175864
-1.3346236821330144,0.1843743210786592,-1.0626303319246666,0.22066283302753206,-0.6047549923491786,-1.1519028125274855,-0.9272963176791578,0.9167077696189896
0.12322006160844066,0.10910498316094377,0.46684063313791724,-0.5394380327327469,-0.14647955900827067,-1.0993577130108065,-2.4305875257496092,4.510530740732466
1.2246760953979703,0.2955871570823267,-0.04987520420803361,0.4065496886692389,-0.35007745708462257,0.2608996495536897,-3.666964135728694,11.995654067575106
0.1474399407493586,0.4501126850355483,-2.2301911176325655,2.142114827606574,-0.04497036683257025,-0.5530827122903176,-9.270597299125019,22.484048374793115
0.3588837115737956,0.12651744629227368,-0.13086800151751027,0.9230672642112234,0.59573223466952,-0.3783097705308156,-2.9499324623628103,12.137157250483373
-0.21650019912164375,0.9998140185139498,-0.29723799516753685,0.2721025152801496,0.08426262063155249,1.0856794451632539,2.828454330268265,-5.505340537809931
-2.0569125267721606,-1.0703013280084945,0.39082189838053993,-0.22804696967579194,-0.1414790517619914,-0.6882855810242745,6.261733919617916,-17.329084263945777
-1.0457686391646712,0.24696110579115793,0.3156158943493212,1.057445293396544,-0.21560361112732512,0.23871908164527,3.9371845137821206,-9.719540279297728
-1.055032974937245,0.006962493366940055,0.2527368085662416,0.09411060680088794,-0.5624532826560857,0.03699146666946879,4.00810497000351,-10.18904287409426
-0.5399095583671459,0.06712201354534926,0.1837090197269479,-0.6136660287065199,0.1396405548883757,-1.128757449629393,0.3999776759714022,-3.040325944547559
-0.5325394188045253,0.590264938585329,-1.1467041401782683,-1.1178074248407424,-0.11119306316929008,-0.9307649930388483,-2.0849551504478465,4.3954183208587185
0.29934453188083765,0.4459883207760649,0.8013784038256778,-0.08227392763544893,0.4115429495930699,1.892262478757633,5.601827851137799,-10.842680385434232
-0.57220651254514,0.6999619568653928,-2.522342964177715,0.3037795231768174,0.7231744324815923,0.005051619956981253,-4.425557577016532,12.557489690921873
-0.8028016098684364,-0.3324583970789083,0.12916128807028332,-0.3266195757770603,0.17396236458583458,0.1563106174743141,3.224592705591925,-8.82245977237785
1.405821301890814,0.7113436914655483,-1.0800892100075175,1.6799727284128412,1.4401227228725122,-0.5128128068639184,-10.276653470325012,26.172738498523252
-0.6849228431157924,1.427539314607896,0.6303003139602615,-0.47897770975204806,1.4962004880530266,0.6777619660374102,4.417468452999378,-11.888789452027705
0.542562535548807,-0.11504142527505186,-1.128008060082727,-0.007247160782873808,-1.69665139838088,0.4661918226030575,-2.2895378155135635,8.893136117586947
-0.26275958070350963,-0.25447362407853974,1.258887707117494,-0.1580204494559559,-0.18622938728313368,0.3060790469166682,4.293394803006997,-8.443938273097004
0.043571510217621144,2.7941517250671084,-2.3839088993994872,0.27956505715946767,-0.19479936423687477,-0.6448834609502171,-6.588545689632982,17.627109354936398
1.675992630418715,-0.4079947335845267,-1.050939090344467,-2.4156586406127207,-2.3016069813805746,1.086803934737466,-1.9040700166528746,8.997192534348676
0.648528507155185,-0.17873709549755293,0.08459191174887248,0.17167750560838194,0.19402056756774588,2.0093541694360653,2.0320426187580614,-0.20192706484201928
-1.975702669273517,-0.04116321108108328,-1.555501196870981,-1.1624524714114952,-2.109817517056004,-0.005955897275814116,3.7516392811569945,-7.324556956216363
0.6674066151285191,-0.14215946322147902,-0.7861442912502288,-0.26515408111492156,0.6425019740761961,0.06361416045710921,-3.545072428773991,11.230048482265328
-0.22172546791709324,2.8145193904611303,-0.03448404186750089,-2.9985274642402295,-1.658815303598374,-0.26729252850077323,1.8548188131317163,-1.0014536302439723
0.3598222145491533,1.5646523525752578,1.1979786609425285,2.0084798859819637,0.060327320643931724,0.2773818011027801,2.6233016742160684,-1.4974939093262636
0.17788862238421205,-0.626461963098538,-0.047253834327234734,-0.12805106261382965,0.6476795870622879,-0.7651185342455407,-0.8293273435800371,2.3650594756554897
-0.422788347088161,0.0064853932786048864,-1.2880092521046855,-0.9133191597939039,-0.9135808209410413,-0.8781380749145316,-3.482998836080355,8.998413018184726
-0.117797386036375,-0.734480382777298,0.37755325049815064,0.44428507284283575,-0.48637927766981803,-0.37897155637041224,-0.5564514599296451,-2.157433111325256
-0.28393981496864856,0.5059994458998557,-1.7927580647990573,0.873903009362794,0.11622358473198093,0.21787320862430434,-4.048256238857519,9.387279456714142
0.3034538021968747,0.3814610533467507,-0.3771034885316553,-0.607231927556398,-0.05471662879993521,0.14821485146014451,-1.1919579897553216,5.1102528447370466
-0.4849211389358057,0.14057717549171675,-0.6355223567856091,0.44667659722984,-0.36412554350701387,0.5966776662788377,0.6813199891083875,0.32928861916185803
0.16394313271635633,1.0047894738078784,0.2934919859373829,-0.12629010502509114,0.08551770261158063,0.2963388622184391,-0.9335582575035125,3.019487774412511
-0.11166992484221099,0.2119727064452165,0.48975396743454697,-0.7682753951586936,-0.6351751303447,-0.3241100558551906,0.33756479737797995,-2.321252290436614
0.6484742391473516,-1.1433957043119274,0.8419486279463673,0.19036077488731126,-0.7833775524967376,0.29909787990797027,-1.3195735246687226,2.3889994695391623
1.3280838358979492,0.617110420010088,0.24827432430566615,-0.10383709532096588,-0.051478899606209494,0.3098637875141495,-2.043364379276411,7.027335085365031
-0.8001296752472458,0.6701712112713814,-0.11012707036686904,0.8304551173793846,-0.10317026670973313,-1.3932630056809685,-1.3199892289558806,0.9565612902805567
-0.4018627399106828,0.1752337703848486,0.8349347997201747,-0.2229449453703856,-1.8270763921103694,0.21601850453226476,5.091254617201192,-10.44251170629825
1.5301774789890288,1.4371527133686441,0.0385235743407766,0.5989045513165947,-0.5454786300689701,0.8102890970078537,-4.137727771996197,14.81793119815292
-0.05098680372549181,0.14430945009799806,0.7040320948150621,-0.031781468268411335,-0.6780513659905368,1.1711860288114033,5.579434410632345,-7.498937949910012
-0.7937844072301827,0.0003876253654524232,0.034762231675646155,-0.010420767568512637,2.6237675517500283,1.567949392526443,3.3932255248941425,-11.518722285216146
-0.3947821954821247,0.14360558804460108,1.609197257208892,-1.545263076390539,-0.29406814604287757,-0.7447700690321281,5.499982989896592,-16.323644759984848
-1.2098208948884221,1.7756963952024591,0.6806213795888164,-0.6036038104543258,-1.2827903542798382,-0.633232194862215,5.444413094690935,-14.487200662586714
-2.164106622730276,-0.17990499053513465,0.05368569795480613,1.7277564900161009,0.3117859981723785,-0.42225387992261654,3.6627466606861043,-10.91032934061056
0.1854529957613286,-0.0014782497604289729,-0.07814917892211198,0.08152883979131192,1.6458150129767302,-0.8199740912430231,-4.1338043062402505,8.612998218377207
0.07699082442754093,-0.4726101445268024,-0.4695053909792758,1.9634261190403388,0.6040075957213787,-0.6045054709679747,-5.425705789875785,14.531198416603502
-0.9728093070561579,0.2229499897040094,-0.912992113684835,0.9030354723629195,-1.1080591045403339,-1.1160713725103821,-2.5303315073372405,6.9262509493803455
0.14768130454793615,-0.061152624098024376,-0.3259079735086644,0.17063984905323437,-2.105100599247648,-0.11217062780515163,-1.0721493640487307,5.925265936721188
1.93015835026942,0.28979598915855403,-0.06222122874528164,-0.30139917116528975,-0.1640167543740772,0.45854741767141005,-3.404689338019583,10.762076468946447
-1.2112705635224505,-0.44241360874946317,3.961452394786318,-1.0306482905224907,0.5817445437998862,0.049276315359422264,15.27526323869667,-38.50881383853655
-0.3324271271805131,0.09561704262242869,1.582599970753129,0.5669644987911096,-0.017927262580631164,0.1150807379713012,6.705772609157306,-16.52615103286785
-0.05069973235713452,0.30766135665057787,1.057922066731044,-0.07568295651415968,0.5274363871284887,-0.2374595076539595,2.1792375582095356,-2.2789333009138435
0.8068517408556938,0.5165642064795404,0.25600101760872446,-0.22736965043820623,-3.8853618149364014e-05,0.13021549370263638,0.2628675889435334,2.9435867683704915
1.2398784706350696,-0.5207254224885599,0.6075238177723407,0.9868826234331293,-0.7783140301246574,0.14463814608332773,-2.0539635281431563,7.387990157137947
0.12405168989848989,0.34973290893578707,0.4994524073431544,-0.4701963623103459,0.08336942371276097,-2.1279467433744266,-4.745952786820146,9.208896043420577
-0.6679212555470261,0.4562662541999847,0.4847113760484032,0.25604296487919004,-3.5055488318841745,-0.9567054214885211,2.4735057935127736,-4.923199619370991
0.8772604252030021,0.6755395071918224,-1.2376758662057796,-2.786838259622012,0.6146339784556637,-0.6252868689132003,-2.514052274550569,5.150992952512995
1.1281405915913338,-1.7045716912210584,-0.35177282400588694,-1.1328916016223625,0.12008960705868979,0.34362332624075237,-3.526789357122689,9.839956675712402
1.6079064577271376,1.0632616398482708,0.3777419585991112,-1.7962110089012358,1.1217879504330999,0.22176780113626773,-1.8866988465698995,3.8843540792315947
0.1538636342754825,-0.007521749940064268,1.4367378025657556,0.10564952203354355,0.11519423807875329,-0.10068522825338284,1.911477600685168,-5.6240458529448585
-0.15661135409334498,-1.8922338813104835,-0.5772908867186104,0.3309452035895002,-0.20512389533415923,-1.6168952295428825,-11.43967021242225,22.885473808154284
-1.6876127374440648,1.1081192923407188,-0.10964869850743084,0.895893595907763,0.043271171105108745,-0.5858853396308553,1.8926291377623943,-5.665284342974951
0.46682062968683313,-1.3616145527832046,0.05251732626781244,0.03716644461416438,0.9488623403491944,-0.28173102653936627,-2.284634250633629,1.3395136016569507
1.515378465997991,-0.5307607541879473,0.05392602931668292,-5.076329359597798,-0.4595600355351198,-0.09763454143489529,0.35115931388364263,-0.6886799427967212
-0.16872260563464742,0.13075046909833699,1.175882254570909,-0.7720545129820305,-1.5308434982262658,-0.22669437385356075,5.088216891908462,-11.626148846667004
1.5927668675513784,-1.5249612534751416,0.3700288917859158,-0.3711783774800359,-0.32872643580078376,-2.996510973161019,-8.716681014363768,19.690846684892946
0.5946638860983785,-0.5227451212519364,0.5264145293464252,-0.060983605076196504,0.6029187064238414,0.32701470669526334,0.7787405069176248,-3.868685980922962
0.0187322969153007,0.010526659724988247,-2.8423096950447686,-0.2336533513683368,-0.7889643002636828,-0.7765176542320181,-7.737344075514619,23.019258664462853
0.47223267896431537,0.11007088815667318,0.9069127379883797,0.1689224154042291,0.308735082092658,0.05333605602855647,2.0947240301762022,-4.784321900701826
0.2410708678198664,-0.32227098818757777,0.07196310187223241,0.4759223505834865,0.17946893688552235,1.6357119392963526,4.432110378951693,-5.607294326366744
3.0313117859609275,0.01820361521459991,-0.4560351987490409,-0.09636914182970974,0.7300560389950191,-0.6568956688778252,-11.057398995482176,29.06928530855146
-0.27329823731131375,0.3379954660091576,0.19270820031570302,2.6396034966537525,1.6959040494692135,-1.1674535109194397,-3.0597325059466653,6.988533798425607
0.21965645786095192,-2.238344280673508,-0.32776085035707725,-0.4842508049899251,-0.01868852058366014,-0.15073604993361434,-0.24511368871375327,1.2832947419212513
-0.07967871257022498,0.08416699462162605,1.5105705131340144,0.21766596402944527,0.2844054838574442,0.9372574449057516,1.8852057077574713,-4.448298794179776
-0.7779601099486597,0.1487388949814212,0.7679578415284972,0.09813630718156297,0.06313562868651859,-0.026138417676623883,2.239274547033166,-9.88035595665658
1.7821387924693164,0.2574049980023823,-0.7777067215604112,-0.22008231198017733,0.5087597076549868,0.8121986598427484,-4.66366017527567,14.892365420557262
0.034709523781623175,1.0155377479007661,-1.9886468476640204,0.27571114675443326,-1.0365387422874093,-0.9904672239893729,-8.933487625292885,24.919640512428117
0.2550565552821734,-0.9556457163914938,1.8085433441179644,-0.106026430956325,-0.2654134832229455,-0.02390964462687424,4.790930715902828,-11.851956929958506
1.5512708313903965,0.47172815566799225,0.26910916434174126,-0.6131720842249856,0.01308616461012377,-0.5008414809239925,-4.5610205162113315,11.05205366312703
-0.03255098243975535,0.9685608933855148,0.8740761973851493,0.5684615737984857,0.5891957714478396,-2.1860540595288733,-3.7401446360421224,4.3283816374241955
-1.9488136542836856,0.213825109272675,-0.3390316560013318,0.3226796339713716,0.37978593130227173,-0.3486937786596815,3.665403499768746,-10.423169519131484
-0.7276292245675098,-0.3207375167939565,-0.5852087946316038,-1.0651729891517774,-1.7886892040534705,0.3004669603598988,3.232229890516561,-6.3590228890719835
1.2024719471630534,0.6245987985627118,-2.1788350365558595,-2.2586519367727087,0.03768771166369771,0.7934374826094903,-7.3105287386450275,20.10279451648783
0.06136773807559379,0.2782567608037016,2.8231127390098187,0.22900343087681466,0.8350070604830196,-0.7283814637177176,5.211032656156579,-12.364557077804834
-1.075235031885826,0.46292838036995476,-0.2527396547711321,0.9616833119715729,-0.12566507168704744,0.21681620040104718,1.497599292625633,-5.637419874642257
0.47348980970762516,-0.03798347412650968,1.730610790346747,-1.5585865546577937,-1.3034581721826526,-0.35085437494848687,4.266792715845324,-12.585291842025782
-0.604568290725272,0.11136647745432116,2.55435899625912,0.13839602008081747,0.07690802381642646,0.09129730411915625,8.750842564095803,-23.43524877955861
-0.017044851092483375,-0.6521920523242645,1.4791244204451326,-0.767562136786124,1.2905901348799618,1.418689441975407,6.8925199527418375,-17.850545344511062
-0.4631883743036963,0.9809736047112588,0.8975163265272643,-2.9767666951450376,-0.2135038646342759,0.46442981895450297,8.214386713876953,-20.401451576088096
-0.5230285746234059,0.7188519679139841,-0.4611629010953213,-1.4383852134356196,-1.1023348398485804,0.23207849510283146,1.3757234840970314,-2.6087667528439438
1.1160947825101457,0.3008052592958229,-0.7197891399684613,0.6518690930711614,-0.2905545775233094,-0.8861687906320728,-5.71247384815387,15.956454477260362
1.9522731126726365,1.9014218567573438,0.26814332763487286,0.4308026357246354,-0.21700611648389442,1.0514299050241143,-3.4340125511108632,9.897859556667857
1.337349380914565,2.4261039439063823,0.21346375095491166,2.0543586854216485,-0.9337019105668216,0.25266235429060235,-3.9446968898023513,14.419054317090115
-0.2757055021004917,0.11990357645314607,-1.5031835791499053,-0.021845072561071082,-0.15670210439923507,-0.09224506966626132,-2.6284384304339388,6.78069716807423
-0.15912848259150722,-0.03602948228085866,1.1850680021613762,0.7769012761322373,2.227078973760128,-2.447866006846009,-3.150125968471225,5.12849481239898
0.07320286273738476,0.7132899878561865,-0.19953936170493192,-0.32803277037403133,-1.5386815092988153,2.525037613746469,6.906347959690427,-3.706365284753011
0.8667398252067118,0.2881722786986712,-1.8084075223952547,-0.812609523111284,-0.13855892848118184,-0.8124140884363448,-8.930895435070221,21.466417706535417
0.1530171111688615,-0.6607361695044714,0.5631795861588405,-0.10839969701528304,-0.3935739102902237,1.2470270867482238,4.224849198467902,-10.352430580740197
-0.1633257661358841,1.0036996099598097,0.5290184271167094,0.4569356741810384,1.3213773085216027,-2.2118075588220223,-4.32952310987898,5.614845733813319
-1.0850379471641869,0.10722612840986356,0.9877378094442276,-0.5206455881282855,0.16179620353065377,0.5760116192635593,6.673774184134478,-20.380281594675584
0.581970954854441,1.3294505494777777,-0.06450672845653385,0.10521210175086354,1.2354483498183644,-0.4906038874155318,-4.897277890227585,13.25968679069967
0.33593994087406603,0.03302018644394567,-1.4189300672960008,0.36762861827508664,0.7844639232797609,0.40548154581344403,-4.122428294641053,11.080903600357322
-0.1053598175209589,-0.38625285968379497,0.38331250354201163,0.026787161822229236,-1.170940732991661,0.16746867039328617,2.4836821610413216,-3.1263782610179334
-0.6391167619540209,0.37927295251840476,-0.6058788648817083,1.0147653294360914,0.7190645832033435,1.0687638145434597,2.0081258960858355,-2.313173794011387
-0.526296978243646,-1.3683896560768518,-1.3041710396704023,-1.067399489949253,0.15904384036618813,1.0025092253728813,0.6337725578855737,-3.136442597216507
-2.345786489388282,-0.014874386261249135,0.3141989048054144,2.7543510868121692,2.8726477804495945,0.1545029691346064,3.301924482535526,-13.117899603652173
1.4449340605428274,1.3163711379496559,1.577290930996952,0.11239433410092603,0.6073529166087406,-0.03774048031292845,-0.3019066966895165,2.761656816667159
0.4848675527310479,-0.32464586782525756,0.29098555069363297,-0.426393353306898,0.1067425942920403,0.23376557424342037,2.625939242466158,-7.676214359468771
-0.33340886522346735,-0.8716937500411632,0.7624625727490921,0.19812588991285254,0.25573754117615954,0.12262000487433534,2.6076495316895634,-6.45337675774967
-0.34049665571471155,0.15695141636555268,2.881332787966687,0.5534527363488417,-0.3751171335048032,0.2037442639154142,9.95912536893761,-27.411356036952625
-0.08923432600999184,0.5647310925025467,1.0935843416692632,1.3220821480040246,-0.1466334943443022,0.6208135228038226,4.389681978193316,-10.630532564742925
0.05960119455464329,-0.37893247034599414,-1.85860291578323,1.4533880934558205,0.6390926642025093,2.6209557280272784,-2.590533077094422,8.350007156283908
-1.41607119919477,0.5367650440477241,-0.5156273634893855,0.13168046626363436,-0.1448741582911559,-1.7566839574184194,-2.160204069620871,2.6570011151958957
-0.8285882517870017,-0.028094902037008908,3.1499064727751565,-0.5118702134497767,0.7595447284763172,-1.5513057468154123,6.882811255622583,-20.799783481586395
0.009279943408961495,0.6055597170744209,-2.8586082715076757,-3.7646450524928188,0.5488201306173273,0.37759860399143474,-2.7099893937871755,6.187638092200849
-0.19396306675395147,0.3651183886306496,-0.13565148290668247,0.001624655365427245,-0.3884721443501344,0.2435718504866159,0.5288525990163757,-0.9889635183354332
-0.13725974848674632,-0.4937239063850836,3.157276142016675,0.6550996311146989,0.20536994061292504,-0.30452785821103634,7.749546125224066,-20.889722707136833
-0.12756036559433637,-0.6605235912991615,-0.4049377279192034,-0.5141136755760559,-0.35580112381424345,-0.5115747783568182,-2.2273025635414814,2.549852444085837
-0.8078818370125714,-0.21590897440191903,2.1551037763447347,-0.20281349239255453,-0.7371399358536417,0.3399622534435107,10.37914535593027,-26.604521208004233
-0.6596128456564739,-0.4486140055959604,-0.751602692104238,-0.10553956366127208,-0.4392467640167806,0.21192670310701203,1.4130168878567608,-2.1164920622343857
0.3366431574877398,0.2979746172212589,-1.4913459822199713,-0.6648481955466088,-0.4476953370087159,0.5682166972908999,-1.8407177263976524,6.972496333243495
0.01625392862115452,2.259189784030817,-0.1963325464224485,0.38540966169357804,0.19442911137843222,-0.5649997158427835,-1.426338753427022,3.4618869320094623
-0.05881915129227141,0.31245445533503097,-0.4049389710436956,-1.928747289187841,1.2073658194328956,-0.6277675025760643,-2.7288262774210867,7.631448886956623
0.17895870549596973,-1.2082545395418847,-0.16239020936882537,-1.2908930283821114,-1.3194416278883836,-1.820627612340617,-3.023318087602093,7.6938216703596325
1.4634643481810161,0.09517641221896946,0.9340581068424954,0.3630297253404928,0.37694359973142455,0.5923057618147953,-0.01986657899479738,3.2296324455037952
0.16511823614097754,0.2792854626793498,-0.1104485730953813,0.6466375883705014,0.18124915325047672,1.0773637829617762,1.7723377528934645,0.7767541664662354
2.056872326084767,0.5327825687388127,-0.6013398867247152,-1.7191925139247801,0.15009379014555418,0.056504956196094955,-4.584347877181549,10.021555135600476
-0.4923828093699492,1.4795678996129948,-0.24017767942463852,1.8190636798296083,0.28684273905555535,0.4729700605539164,-1.5983258547481798,5.933110652740062
0.06746992345301729,0.8288390224558737,-0.14833871496932616,-0.045273633528706295,0.18426280736798276,-0.47022842646469865,-2.1637948392475073,6.292874373885579
0.0730025318447214,0.767665374628411,-0.40486375768862237,-0.4247008824200133,0.10078405211798824,-1.1776771701416244,-3.202686455629409,7.372387169664491
0.23151924856796707,0.14018021711490636,-0.3634108568011263,-0.9802958961056499,-0.9040797756832885,-0.3745199708751284,-1.5117917187748886,4.884632973870504
0.6390923272797859,-1.7010196199942293,2.4395625179071474,-0.37276137248594404,-4.690025146389573,-2.1210389360875106,3.276448948871812,-6.607996407409683
-0.4129948739341862,0.049045890820597654,0.20211387143281,0.8406749224018115,0.07629780548637256,-1.6460818263320092,-1.8193022792974394,2.1862777405950506
-1.2543903641417953,0.07649757449007633,0.4322236167752077,0.017862922450834994,-0.5830229774385549,0.41870182664496364,6.8098055386632845,-17.559866774858815
0.2782522962743942,-0.09971226235518363,-0.35289371542638065,-1.0274001228837388,0.47372767626246653,-0.2025592797399372,-1.3819198750669406,4.47086049787646
0.1887918747696085,-0.3012616525813672,0.3267992780496403,1.3905078651571583,0.5879665870083061,1.8560981126320248,1.6935313805984087,-2.7646161175213066
-0.8273968710957238,-0.25096571168747156,1.9222229319318993,0.15498033913776907,-0.9234595840290389,0.5910988900656914,10.38661024207821,-25.237918518738717
-0.9196057140084876,-0.6455002098556013,-0.05121555484764953,-0.21644178535840933,-0.23400133878818563,0.42021683154107575,4.211392133054268,-10.049567740221459
0.05894606551954398,1.2300351221127406,0.10471437692132532,0.34099195232176777,-2.902788378480784,0.469935525371773,4.059718271620135,-0.9882908786594335
-0.034514624469047,-0.24059989290807077,-0.8336661928652749,-1.2311678634116838,0.13777127243665901,0.6956556559331284,-0.3674909685713126,1.3400223292310525
0.7028151501000941,-0.11465958111531659,-0.37595400106354804,-0.0708376841678732,0.46918778539042744,0.5021302521555981,-1.610894537195317,9.095183892018207
0.17961250006238197,-0.6988810276026739,-0.311373931307765,-0.1416142769719638,1.1685003945442383,-0.5375931882032927,-2.3961099563314505,2.126295671603673
0.02978394885867877,0.07065830270160167,-1.59581899418184,1.7438560858595176,0.17822743739305213,-0.010293413990063862,-4.964944302576243,12.469805783162325
-0.006395886238809404,-0.42603694002384085,-0.2503604440328679,1.1344485228559384,-0.590022884165889,1.7877374828039765,2.9122672757809926,-4.62984812690799
-1.4772034581718114,0.7101660898912056,0.04392837679191443,0.8512398428135246,-0.7082170330606748,-0.21317755521000642,3.2579567943585888,-10.664043304362991
0.4249094749697499,0.8937154563285422,-0.37229489331181853,0.4945357811747553,-0.822630285826951,0.010135781780501042,-2.4979621135527155,9.190142586728555
-0.018630298338397234,1.1436103162703353,1.2207755856868747,0.5621670571768133,-0.4848913749437605,0.7798569580778336,5.200624257814636,-12.147752060033158
-1.3457381358618836,-0.26101836286191865,-0.9061518337612383,0.314353065698246,0.3587456479088246,-0.5308047049226403,-0.27425561790863506,-2.695103929327539
-0.2782439451729891,2.9805824288737623,0.2190946947378575,0.12425849641289363,0.9477350432356545,0.8743305711634368,2.6256078856076144,-6.0516918403211495
-0.9959473813056714,-1.2314768982770334,0.8684394099654897,0.11506525494775412,-1.36481772608168,-1.2713968706868053,2.4457458324018164,-10.1257680427439
-0.0015862615756991939,-0.1305292252984353,0.5048167413580525,0.9279926187785391,-0.029410278461619064,-0.8960864928625557,-0.1655884387782045,2.62226318108935
2.9711042034281503,-0.6304109378425441,-0.3064838670143162,-0.09778036340990373,0.645217063050851,0.14711227128937263,-10.374646640410754,28.40972322004953
-0.3971122831877806,0.15868142473022953,0.036115055063581515,-0.5982313043399156,0.6818673531446094,-2.6733599610780066,-4.313277373650524,6.129144551386575
0.8800205298800511,-1.8971823778147885,-0.11467240246384985,-0.22580099794467065,0.09192697857232654,0.7253951268811831,-1.4032716556966682,2.8336496006937795
0.31428528537895284,-0.23204035520844118,0.5936557077795174,0.8201913619784995,0.6352656990182616,-0.08223282717599675,-0.8541722597695869,2.922793969271056
1.6275047267604865,-0.48790472425159825,-1.6348574216024963,1.3412250514732555,-0.14542188321345756,0.4429826259345042,-11.81239043358314,30.334680597405193
-0.19123147907957164,0.06124542061758804,1.8944612225519974,-0.9472121829452511,0.45518484621717364,1.1590566735529522,8.740053571499066,-19.330222365223644
1.6251850563183077,-1.1273331018251378,-0.09108227879199278,0.11245475588191334,-0.9889543560377513,-0.09974986661371503,-4.518385583665868,13.334548006897469
0.3560383536164389,0.8002410210782901,0.9248684403426639,0.038140132622472775,0.016688871494486626,0.11580923361015273,1.4211538230923266,-0.19059555080363283
0.14289769492102056,1.088664326750918,-0.08282999409844109,0.848110641696482,0.08976507135853615,-2.8814463087485085,-5.6302976331546,14.75530966936058
0.6764514920654735,-0.21746691911164184,2.305403588303749,-0.15890151103180955,-0.9205680889398209,0.5533539880239594,5.821413285515823,-14.424441486068835
0.6841778603013251,-0.29833996862724443,-0.003287906264147109,0.8335039550197463,-0.23967897989268896,0.6462586074198089,-0.7844315304121611,8.964698781279061
0.09452022395160352,-0.3777501471203557,-1.6522637443538726,-1.750394708440129,-0.18372774176889503,0.463112776707306,-2.846306004463359,5.049213253811187
0.8673084835361926,-0.1981715219152714,-0.028948759170628818,1.297770418723373,-0.5112094811161392,0.6610503736455255,-2.182589189223033,6.944497285788264
-0.16007976919862757,0.475669146621899,-0.4917338131942097,-0.08958382989250627,-0.9111978551308565,-0.3332860909398235,-1.4133650410623537,4.96814202477425
-0.06802255335015432,-0.8402338641502654,0.006068921478103119,0.11105975317215885,1.180166842818811,-1.2326070516219845,-2.1252163778851347,4.326862678372924
-0.04418366339479939,-1.37169245923619,1.8934367028865038,0.47899600598220204,-0.4148583080584381,0.1419711109475458,6.1638921085345135,-13.059137302063576
0.046412288814047443,-0.014905463125227395,1.826638174970182,0.7297497045104401,-0.7102120143420593,-0.04359498221862877,3.05722570720401,-9.434200482841028
0.17436566432958508,0.8290941752400535,0.6209237213719349,0.38192816854883954,-0.26017106938193774,-1.0918334650790054,-1.7312991828085846,2.382024330030833
0.16421303346299004,-0.7911355078600976,-0.7770370984849471,-0.4238833661394487,-0.11951637406550601,-1.360721394700584,-0.5382851215855395,2.5306669332494858
-0.9511795702586932,-0.19755026043462037,-1.00558579170455,0.8182632321395806,-0.10361029259382314,1.7511705638444433,3.3138611793807184,-9.692717185220623
-0.40222237652804027,2.5214333975466556,-0.01794734533197524,-0.4966203830551342,-0.36696876610179247,1.2780601354538264,3.668958296051839,-8.210804303260991
-0.19990428697404553,-1.0448358767358656,-0.6254456652042483,0.12174195548906795,-0.43580918234331384,0.9855578969538218,0.9042249762538528,-0.8085892963224763
-0.35998157173352285,-0.03559596631363847,0.2576873708627869,0.3534591973426841,-0.34463434216948285,1.3866256345112513,3.7131419530398597,-6.97983828004711
-0.47391410980275245,0.2454789067162253,-0.5384569639333893,0.35045961394068287,-0.26750510299337055,-0.1625598170200622,-0.2782501342314877,-0.35167453948269545
-0.21622232883598472,0.03917097949112835,-0.41314540697476554,-0.7088205364152378,0.6750748311306582,-1.1191315478070496,-2.180731836589615,3.537826458638934
-0.45423044609964297,0.1676530074159827,1.2499688292481521,1.6893900967294253,0.0240245841911313,0.5630557099878144,4.368351382947153,-10.372621451470849
0.22883631367534205,-0.6715974192963279,0.9737133224737222,-0.21133370062357018,-0.0710501521281547,0.26123727211196096,2.1371503088402157,-4.226298528407224
0.15682732214075248,2.882723531867474,2.4623801883226406,0.8009128839672064,0.09639109337005282,-0.7270297427376253,4.41161544619015,-9.844037930661234
1.1555892791652893,0.22166993663095416,-0.03315742093317781,-0.27020674607460127,-0.7886950587991768,0.052672646678079596,-3.8554745409849143,9.919141970067745
-0.6551755233891349,0.5025189898485951,1.1162384942163623,0.4622560877158762,0.3386111061434057,-0.020864013904681875,4.483201447882231,-10.690707343904986
-0.23844279441937236,0.6497116356664796,0.47394430400098986,0.6159544035161809,-0.31844800155612274,-1.0961762641589314,-0.41833842731127424,0.5329218120834058
0.08873691120284738,-1.5048200646236083,0.7630427330124225,-0.11983725981285985,0.37855999689090586,0.4756406654137502,3.0033259213313768,-7.675315570145216
0.4114392209936922,0.7817667751005997,-1.6338398446119207,0.5123306307301129,0.8340964181125287,0.13044265818823697,-5.149300985986804,13.810084764254707
0.7498353969009527,0.8015546527235661,0.20310460902004374,-0.07862213618727192,-0.03199431678095005,0.124622985603011,-2.032314503683247,8.525392229191404
0.29672760008705673,-0.251777612427998,0.1270533445704559,0.6311880464060027,0.33821308057213334,-0.6399972116118378,-0.013272184756315974,-3.204942331531136
3.41733859332104,0.282581107657108,-0.0037086007786467784,0.2514657966509498,0.2511374459793686,0.6438848843295646,-8.795970334670676,26.68733583347232
-0.002617801761468267,-0.976695569985591,-1.118333343544171,0.1745918884044204,-0.07485636096951274,-0.6551200632583684,-4.479853051155666,10.702978161730726
-0.4165485058102642,-0.4645140940488752,-0.8500111485098855,-0.3029502973824912,0.00042058548876905833,-0.03679187897866646,-0.3737786310261274,1.4642293307762309
-0.4103532673661229,1.224481216359946,0.8993607021726407,-0.06550731950540438,-0.3814809094411031,-1.0102235237523993,2.290219818048091,-3.6167532343482085
0.27599286783841,0.20558010699774867,0.3559980333680497,-1.7288389561079116,0.10333005103353386,0.4505725930906366,2.275606036826056,-8.49890513008825
-0.7707912485041986,-0.8736172129379565,0.6713266233354364,-0.6526988873866321,-1.0069538544836538,-0.1592012136367342,4.417929801120113,-11.562781982998885
1.2300983218853943,-1.3121023995462533,-0.6688135472906916,-0.18349880935482443,-0.19139715237072427,-0.06261423336240066,-3.3607059780875517,9.221700714280423
-0.48363478166425816,-1.61596214541826,0.7095662131827277,-0.4869177562422054,0.29489330373732353,-0.011757048980505185,3.090220178199955,-11.258658749981983
0.0453899246182558,0.9573632750193307,0.7182758215203392,-0.5728473261590553,0.6779552724651129,-1.0103446091249815,1.89395190770334,-3.9260663553987616
0.19346126620430837,-0.019447312189479645,0.08340278752413285,0.8263978916915603,0.05048231742527738,-0.8642836759607708,-1.6509222746875802,5.984733808489834
-1.7473259188816865,-0.5379001495960485,0.1163127235510416,-0.6468951828096842,0.05745816907740664,2.289394916340974,10.20138094134219,-25.307842796739024
-0.5029262369026067,-0.772740423852249,0.07856701361850882,-0.32207664982215733,-0.9911255874602491,-1.2801888825679593,-0.1723903163508398,1.0993385829289632
-0.5356205938369777,-0.984509879821601,-0.03071477521798232,-0.02913476562435063,-0.06068319391783503,-0.9924447287865051,-0.36178416275578784,-0.9972021597068794
-0.8573468253324779,0.7946973289596697,0.8445191253121606,-1.2204441475629284,-1.7613241872767238,-0.01698023715912192,7.906410646194469,-18.45618109439343
0.15016371245275945,-0.08153189069916875,-1.0913180489020802,0.723859059894778,1.1020150104826199,-2.0521426749460234,-8.485243141070251,24.08630656362972
1.2695583614118762,0.9956077297094967,1.3143365843268557,-0.9501776767898199,-0.01887336567882234,-1.1146055845778204,-2.116467661215485,3.7560801662583088
-0.6589133694394785,-0.6954821217242911,-2.127610370576202,-0.07147594557720778,-0.45009059897340864,3.0653969427131726,0.15758011354279322,3.159521594196722
-0.2393167481754922,0.052679888466868316,-0.47175662563086757,2.5421282228194775,-0.10336309254179157,-2.205256934234548,-8.693778742128698,16.9254612645775
-1.0963738533324536,-0.1568094458999194,0.7141391657936192,0.08250135768649795,-1.3596299437779298,-0.4790542070499997,4.270216541307479,-11.008204250010303
-1.6610370357358615,1.0103958638062431,0.44354536808177913,-1.7491825900381184,0.07812822152848753,3.1059702972920236,14.263323178055096,-34.81636201283571
-0.14554363914331955,-0.7987453508133785,-0.23590588366703422,-0.8748948517612182,2.01208374669492,3.2589344989246034,6.678199706263875,-18.03510685295913
0.22645776464806827,1.7599909933707933,-2.299943178861028,-0.3666515974440916,0.5735739992021858,-0.1161613273822776,-7.503743961694912,19.780720419492113
-0.2699083929295593,0.011923757073922018,0.4974634423588758,1.6146952700390196,0.7475325694012579,-0.01774317511163802,0.2893031445237133,-1.7296026607741926
0.3803809679632218,0.41267447638719995,-1.338605519886157,1.528224295369916,0.9830534129830035,0.9117258167982758,-6.410418937419555,17.44033733903427
-0.06755125349261112,-2.4275320427801703,3.0444367978459064,0.09671026261053921,0.20235172262231155,-3.1961022995120207,-0.40878700013458147,-8.326363149295439
-1.0724808213560022,-0.9337961019068027,0.06666163287881155,0.4656713985049795,0.5795677788553834,-0.9249686260550821,1.4140668529840825,-3.375688540253461
0.9435768299719625,-0.06378259471699181,0.013992303553520444,-0.3800252943706987,-0.5551592370076601,-0.32248184434718413,-2.7603482950383356,7.828433600022583
-0.33947125002935,-0.8533172375445428,0.25822434580513715,-2.562320193838603,-1.1281941801379018,-1.3952739107074397,0.15871884901279587,-5.614176916997015
0.02139050545586765,1.9908558349840835,0.6700584844659677,-0.8064153460421414,-0.3563353841650385,-1.1074595820334847,-0.9817631411814232,-1.0854228500400647
-0.1403066313943569,-0.8466102991041419,0.6249916625760709,-0.8205627682013154,0.2076349183030558,0.7863659176109474,5.060898162811975,-12.248916721171483
0.1762230559954187,0.9229152051769127,-0.024876387468933857,-0.6917275709692039,-0.40285174949184516,0.8591700507435263,2.7849007512120627,-3.882764661276944
-0.2747042779307604,0.19391408973570096,1.821708462047631,-2.0632887688996826,0.4933050288961175,0.051382635676493815,8.643062815987498,-21.046215058688517
-1.3235478452902842,-0.015830090654537665,-0.08678469227136058,-1.1710859541869298,3.251078694277076,0.708215675535645,6.502292007883167,-21.70981888443967
-0.576954887093226,-0.00014723911630794834,0.9378866254300372,-1.8075111150502767,2.701770458675586,-0.7096107479847711,3.6177265486342436,-12.931268678701468
-0.612404948620366,-0.8652196659909785,-0.25764446030799903,0.19555282252387393,-0.5839406788940465,0.5460205596478777,1.0389308562433435,-2.5102872346229015
0.37534095473983464,0.5245828039059784,0.3552507249913573,-0.18031269883337278,3.1760136188524974,-0.09141126376308255,-3.425757859658464,1.1822435267184908
0.038391415228668194,0.1181983828979064,0.3910580370423856,0.051628499932310536,2.43700916159908,-0.015309713205025765,-0.47962649908182625,-0.8375469958692703
-0.4133996381902739,-0.4757445225161421,0.4728821761243357,0.7106783718313832,-1.589213483504171,0.6882803283968468,4.491331292593761,-9.125186348669333
-0.17151340869187132,0.3747685228287972,-0.29284897241247654,-0.3321753854772935,1.6584708837628346,-0.17496158050475155,-1.8982944403532254,-1.548426078767527
-0.9225721544537377,-0.2379686350868941,-0.019618797656589224,1.3703142044774077,-1.6855563492035626,0.24079031944445087,3.475680094682303,-5.450834699556815
0.04140558071469189,-0.3777146771397129,2.269118222204632,-1.599507555414171,0.29136547007985814,1.624660244270329,10.494253746108942,-26.93739661964669
-0.10509663071725943,1.7265040610749234,0.6199809004334934,-0.01953025632507501,-0.026479846872307002,-0.822787532526506,-0.33996939040948826,0.484255997302256
-1.4110677278519113,2.159409596763092,-0.06450524839128773,0.46235915018988905,-0.4304965279649901,-0.2208877938865496,2.5135355013995184,-7.147728640527623
0.8866414093846596,-0.18809409964205626,-0.4911752537329581,-0.2111337908367773,1.6756215394277783,-0.2037092195958531,-4.627262272024191,9.637306407581256
0.5814483199336445,2.024495917620137,1.7814876561597992,-2.8103724443884768,-1.1814032331113817,0.13433605838071347,7.978280488418072,-18.82724886217543
0.179606804091947,1.2219549734190127,0.06913037723102577,0.4602724766241101,-1.505782337193491,-0.4594197798863488,0.11587864179712226,5.019542259524284
-2.977728644711634,0.0026654314672021834,0.42007677344054484,-1.2671551855107068,-0.8668208756149741,-0.36138362562731075,8.731051741185386,-24.3011067987619
0.11273997836287195,0.08485041311621908,-0.17186826771225502,0.6403450384597685,-0.9070107122138616,1.3132344498980493,2.2567146591461915,-2.9238827890758334
-0.9012012172447657,-0.02247587581029359,-0.534708587772032,-0.21451114892477655,-0.1789308191006733,0.8983957870548276,3.124298193926858,-8.402627007503437
-0.1371215671778273,-0.43355746237279635,3.903255314511278,1.3749207893896873,0.9377374667055348,-0.5532710100990363,8.650594272879335,-21.507888377296133
0.29619822425151543,-0.054575248719252754,0.030445187221183126,-1.0083422096568262,-0.7497203946934716,0.6762453089519719,1.3366820381433973,-1.2030055632677108
-0.031143485280319818,-1.0796733546879624,1.2854074293632147,-0.27656119862379847,0.6357429427170843,2.0460619880296465,6.2775651485537525,-18.77469011559728
0.9783199922244743,0.4518818005064777,0.10806357241379266,-0.3396299340155646,0.8343236065730981,-0.2037426333717896,-3.495847137526621,8.52815237454345
-0.6731175243963843,0.009305692418385523,0.4922749655792298,0.9759810025436857,-1.3138935813684118,-0.07827313281251341,3.639635236196509,-4.644538979270994
-2.8099841548659654,0.07340984884737276,-0.04737824108432472,0.02412905990433054,0.05945215312368289,0.7212033465684679,8.863160006670997,-24.190585040660338
-2.5977480755649864,0.2431543369816336,0.8812071273701626,-0.03686045762093843,3.9315578904569786,0.49828668517195257,8.22791456026074,-27.438567263660463
-0.8193000640393207,1.0940561510871802,0.2304973602077038,0.4324047470538427,-1.3358473723788227,0.4565212634334262,5.596628739493835,-10.871145032060335
0.18647179485595883,0.23548162602898928,0.24697228161245097,-0.2857257179720838,-0.7564026169637866,0.35170731468578614,1.5434222305613274,-3.1753748876155097
-1.5216544255010354,-0.4404043524448847,2.047919571261119,-0.25293407183424244,0.037732113262488064,-0.3004260089726843,6.89604859364962,-24.15380522269249
-0.36000936877049833,-0.9020947908805524,-0.04326000200656336,0.19054960349186648,3.46635659765157,-0.09099035849664798,-4.245149027165745,4.013992788235039
-0.4722388681477818,-0.45187041075714274,2.465674085674372,0.6318465748295838,0.6060135233098086,0.19463965220165036,7.161765536036734,-19.955427463004447
0.4642740893893488,-0.3323245792635242,0.8643627411670515,0.9270745039780731,-0.36850685097779373,0.36833739836405743,1.313304302840559,-1.9517420575561537
-0.731579753142314,0.337598385394515,0.2584948435199971,-1.7741447966405985,-1.1514459460663375,-0.15390525154104312,3.96643114925625,-11.948700257038961
0.4520285715972506,-1.4242673883446255,0.6016532760267749,-0.7838486345724479,0.5006292439765088,-1.613110016635604,-0.07046810995927943,-1.9479669081455064
1.194016799616726,-0.6425159250570505,1.2879128760732828,0.8805514043518254,0.19976414438618134,-0.41043115620792214,-2.0014675113493827,4.4120050041886945
0.3675844534849469,-1.2227912408770756,-1.9362778031110741,-1.6728359025174704,0.35137485678769953,0.04563456980927677,-7.064618917971874,13.867487537407127
-0.8223352070286599,-0.19210732110245798,-0.3108983804339197,1.4531475416972444,1.9892176747379755,-0.7282433338497429,-2.6536085594807775,2.359667536287837
1.5664341272831293,0.025431675393186394,-0.2933591418469753,-0.6723107939339649,-0.06277719565425378,-1.3886355979306224,-7.919743617917391,19.390442616394015
0.34026125608682267,-0.21190944641383633,-2.034613458513355,0.47623921927561214,-0.08471826267360434,-0.15656845218475554,-7.934450360530343,22.62625306578041
-0.9727178336124404,0.6732236696763706,2.6372568711108535,0.2643139366880022,0.9287181415035598,-0.04563867656291132,9.589670376288787,-24.718060428821197
0.6633483883927608,0.34206306593484326,-0.6317573714219026,-0.17328836985725468,-0.026503667038108577,-0.17332770047759696,-4.322132562475862,12.873183720723198
0.883852291221668,0.7755259619854467,-0.1667765460224409,1.0289812837651209,0.5566001739552503,-0.05952114377642477,-5.025009518892336,12.110924679463409
-1.6315272160800791,-0.5851843788316058,0.4223529720629081,0.22176689134250432,1.114620332970512,-1.9548602625907276,1.2850213816226255,-6.491193507559604
-1.8150176390205177,0.36187242899663286,0.2395410310647349,-0.18983895134102607,-0.42788796930623213,-0.26456057829016666,6.269571287794076,-16.456257129166
0.7061577047209439,2.5957484907374595,0.3651855090965567,-1.5786320754223366,0.9661603875662496,-0.30826473687868233,-2.4530302732422316,2.570207064586183
2.009440414214418,-1.4626372788982895,0.5498487400033204,-0.9274272281760195,-2.191483497199705,0.7816009583429918,-2.539961986966628,11.72887407435718
-1.7975086120178307,-0.06988272377485862,-3.1977946569292794,-1.944267565471027,0.010257990272786715,-0.13548836274460252,-0.3707649724525095,-0.697533827390588
-0.015442459300543443,0.32793832844384263,-0.879352169715426,0.002462749941806725,-0.8780469437197106,1.4516845720650766,1.229623490855948,-1.4834520497627803
0.13820287903557915,-2.2136131279163695,0.23126579182151227,-1.2298978249060097,0.25801336033166405,0.2677932745047227,2.6719401639923896,-9.092397410145612
0.47123044701307776,0.027385001876526312,-0.36976802903643247,-0.5703327425370694,0.6426053915988273,-0.37580039350194494,-3.4807844813203084,2.6466104599864213
-0.32574272978916285,0.44728704469326575,-1.4289279882799568,-0.11673998320175133,0.18524106232497656,1.655537644832535,0.47235033987674635,1.3948234514738127
0.22692328531371958,-0.5481643258972692,-0.7099105048539228,0.7790938244564615,-0.554007866624085,-0.43859559378049706,-4.068602602157627,10.952259495505679
0.2720782430267333,-0.2759279989073437,-0.25092102174372694,1.4138015046865076,-0.08791240716262744,2.2426391377047965,2.8227487629808428,-2.4440114888172983
1.9937768646034746,-0.2567162423180409,-3.0224617927452937,-0.7873960667365372,0.11565898982705762,-1.2067593703100417,-14.848523903584862,36.9027096612029
-1.8272396626008087,-0.22677665543436687,-0.2494913447113629,0.03669867851081294,-0.4065819087343999,-0.08687159911603627,4.414600980046815,-13.049199194510601
0.18528579315177515,-0.7644388256899595,-0.8768074598708184,0.5305480200041708,0.2798308772059929,0.2952296157592368,-3.4253298905310965,9.593028450066893
1.969097839175637,0.15519095985105735,1.5044010579071307,1.0913837020418773,1.0504923166674751,-0.12144980799407543,-3.2472286171157467,7.891136743360127
-2.891256355099009,2.5262575715614783,-0.0059250847461424175,0.8964222959532421,0.0813081129715428,1.094818681050999,9.297139724513233,-26.517752883855735
-1.2978780903847287,1.299139151820905,-1.4502758780317193,0.6790408818118306,0.16550205733331888,-2.326239204197889,-4.725182838567273,8.309892473689285
-1.8523099236402167,-0.2354074078912913,-0.2717271491857566,0.8148761071975742,-0.5017534675635352,-0.42247311446828495,4.732574122892149,-14.950461723674914
-0.13543105624421653,-0.010996944179825992,0.44762765949468364,-0.7667639608990737,-0.13312974207723496,2.050029236874406,5.4442195221721414,-13.791721443526354
0.38098434063337466,0.17159319606113044,-0.20475913456248643,0.25081136907204565,-2.3204934306469527,-0.379328586524257,-0.9660921057344019,4.76531693806826
1.3004279694764398,0.39269351058570057,-5.3221587218922695,-0.03496325816101986,0.2339616103164901,0.022394639697684546,-18.489756711384402,45.88062241188826
1.1917160856212288,-2.5959340843948193,0.099867024224058,-0.8405015085115012,-0.7628715983407868,0.5312555370007729,-0.1946078422574513,1.5456141058847281
3.5979877995087284,-0.4126814425520322,0.2337113825116813,0.7158212959062094,-0.12560127682389063,-0.16539487634207023,-8.067877866893753,22.262598398938806
1.1123178165854022,2.824035677560029,0.6223351535989136,-0.05741142412839732,0.25751592292227826,-1.1067387407496974,-3.8236176818358776,12.23357201926838
0.19924509694705958,-0.6575269507258488,0.017203519566293072,0.026274762711686172,0.3009028694454149,0.1345154078775991,-0.7966733182248267,0.7167450407475544
-0.687367085437669,0.9858882680454839,-0.614965286804432,-0.04442458051209869,-0.3254969634098324,0.14313376816505946,0.7255290106593233,0.7602056399317171
-0.009251216189711982,-1.987456405111257,-0.47556662890277784,0.008453272401395612,-0.8991123484211484,-0.6177899530257892,-4.236617977751276,7.611510753210233
-0.5920715818713174,-0.009256304152035068,-0.20787909812554936,1.7350962768988385,2.7547716627042984,0.2513277925357189,0.08341150190419122,-3.6936089032088155
1.2344275256552342,0.98840904875703,0.5332389707496368,0.2380341711649873,-0.20756826979925866,-0.8641919659996276,-4.436064468985086,14.25656706103203
-0.7849983089738108,-0.005822538741014116,0.021966431696459888,0.1522776575708,-0.10674050847024186,-0.2244446901676534,3.3262673047993108,-8.661286657265666
1.5582752029891513,-0.40980281441746447,0.0007472554249853584,-0.7970611186724273,-0.021224970506538918,-1.7487500194587824,-6.277194314620816,14.278101793867036
0.2672813268110797,-0.07349449339902028,3.091894062456901,1.6318528365592462,-1.053522127233357,0.5680287796133183,8.124436062207662,-20.542632769866504
0.5165837361073007,-0.18660575792498124,0.28873558536017446,-0.0697058048239902,1.4715067907263606,-0.05305869607400084,-1.1880728207595632,4.977404064959421
-1.0871799246407035,-0.68178171347363,-1.6884665485537382,-0.09304172596411539,-0.48573557873366896,2.4452984326407425,4.06444880861683,-7.296459954661668
-1.3810631108727758,-3.0273988975916186,-0.5648254723358942,0.6048437442727833,0.41037585970961876,0.12423582986121988,2.680072976602599,-9.633529150117123
0.565796584552809,1.5956268326390954,1.0932639170227318,-0.0912419084110193,-0.6255280182179639,0.3721232224690679,2.1790231473077335,-3.139013806446445
0.588715866150692,-0.10935971154356078,0.17242993144903315,0.9694441737247382,1.2591445248714859,-0.38818414304259496,-3.656483571322154,6.723820380669865
-0.9099276491484113,-0.02382424650060974,1.0111108888223435,0.6649319372926722,-2.9410765276480992,0.27633678661452643,6.238144371616844,-13.066835025165147
1.9173846577611344,0.16726163267473818,-0.19113256774453444,-0.7894204572355165,0.1790967844065283,0.2444791038329596,-4.541295157020054,12.67938971969754
0.17060519315615943,0.4947880742160715,-0.7627238587449336,-3.168856625319806,2.5636876821454946,-0.4744202041094538,-2.0783123290837753,0.46318356347511
0.022737610115916636,0.8286225751489109,-1.580967787106002,1.0066324287242139,0.20021994945452978,-0.3130113613036924,-4.920724743173688,16.63566237227098
-0.15113920984310047,-0.13039212975715817,-0.7684242661946717,0.6939256203997993,-0.011902468974361459,-0.46645765234484354,-2.2057224738312087,8.52269042874585
-1.2242996879780093,0.08410782920850748,0.5229966301655802,-0.1357674765893446,-0.5305584141925204,0.15112059385831111,6.336152031982246,-16.099534689495112
1.2691532440677882,-0.04433142119687306,-1.0582078866845177,0.7546377674959932,1.0789481977506221,-1.0686614235066716,-8.29381248199247,20.802027486428535
-0.10382477643588325,0.9955267404159726,0.04271122875186946,-0.013059815653782858,0.14924124852102358,0.42500559561550827,0.262840033938906,-3.8115336756612246
0.1711601030888868,0.44643334210576546,-0.5039756488854101,0.536755568478884,0.2135089578411952,0.10329078951554704,-0.8060704549453599,2.9578647575819708
0.07704524842426821,-0.29513247765793427,-0.1829657616017764,0.9072329819231131,-0.45976383432278584,-0.11332470535307555,0.7936218706073854,0.5457691554638067
0.19621203869709378,0.19398137261156334,-0.37363334715015595,-0.05556899017041769,-1.0335372686647017,-1.5057358213735579,-4.622262179399246,12.891061784567356
-1.602203593550739,0.01591621781510957,-0.18060666735714817,-0.24028371393976145,0.3148373013643444,0.3371042521466695,4.666981435698731,-13.956079644373927
0.7933400701689243,-1.5986105075190458,-0.22145859364754347,1.2728798075110284,-0.053341732069628854,0.1247485125815558,-4.3087181080201775,11.117311858487945
-0.4416209407028018,-0.5616342102067406,0.5090760161920079,-0.7191429554451544,-0.21244359276368283,0.012281338975180904,4.359317594421699,-10.731195518197126
-0.0423074175300484,-0.021412344119895736,0.1261941772766328,0.5098339129186498,2.1697704258320556,0.13666251098702456,-0.295031655105868,-1.6067016557324165
0.09372193319687029,-0.3828065138272751,0.7021644125180123,-1.4851024560151,0.765233650259161,0.40268972406358233,2.9348663827106063,-8.80027404641488
-0.36450314967927944,0.07519290585328266,0.24340632334929893,-0.08445724629239434,-1.11027742509368,0.05268856200099833,3.1323505577192363,-4.814155703774836
-0.2156086413253618,-0.2886655473235467,-0.00907047080303361,0.7660253826920865,-0.7505986405631743,1.0637193693667837,2.40689143927636,-5.115132980055908
-0.17895873903392495,-0.6014959148033517,-1.17709727779508,0.24599338636797768,-0.7073907805081389,0.9122543944115723,-0.16011564048253857,1.8062621748430812
0.6815954757804007,-0.3519009022505279,-0.5022002384893063,-0.30319272057992946,-0.884592705353198,0.022447295895030913,-3.282982783136059,9.684422184590671
-0.9937149388543811,0.09248465196628763,-1.6612073751860257,-0.0468550942920055,0.044892306095124006,0.3441689136751929,-0.25145416965988965,1.2537033497494472
0.06285603108238222,-0.27729795665269835,-0.34012419912166875,-0.3376999195144728,0.46838027618003714,2.6022236045543963,2.878252758628922,-3.325713004994652
-0.10998667360848483,-1.243925179990447,-0.08902948769272422,2.034813251371635,-0.42315176754802747,-0.6992972822730481,-3.880727858165857,13.061400433288139
-0.6275908491312706,2.251488887045961,0.2924936734627276,1.7496486588096845,-0.5876090559952052,0.09477382549213524,1.8926668642084419,-3.165355626272854
0.4125454796434247,1.0678848424243312,0.2549042441686467,-0.46168772901121746,0.22762949923157116,-1.4671081237148562,-2.1339825841678834,4.9740961331881
4.339713491070531,0.7472809102530296,-2.415943132217934,-0.17860147710668925,0.18042105141786308,-0.16279290349568273,-18.33317151303585,55.11352172148356
-0.4366535467134845,-0.05771671829990691,0.7126375141166181,1.3340340186500597,-0.032463100486280025,0.3877926909222381,3.8135158835334475,-9.765217249597834
0.8695941525017342,0.11445132882038972,-0.4203574239491468,-0.3334461753617026,-0.08394571125647247,0.07295796991957311,-2.633006356550051,6.654328941315734
0.36577430346816964,0.2958546117255174,1.0305500241159744,-0.08258408650850799,0.3478454456344369,0.1327477799285745,3.1781879358397576,-7.234726404373619
-0.011901632754319002,0.6233774150194716,-0.09671156833625234,-0.7326491624402645,0.8882196330030536,0.05506980911432425,2.2535542836749296,-6.560337099520643
0.15507713935097847,0.5311259302623567,-1.7045179084695927,0.5080977847155266,1.544566211866559,1.2867406442480713,-2.7229765848342677,4.27208183599472
0.33978688681722485,-2.453372248343051,0.7179653236165008,0.7044650221648364,-0.0021712013745754885,-1.5318250444685966,-2.6019816998501195,4.300003674602024
-2.367513426267187,-1.1374170388744864,-0.47367987578082643,-1.7598771125977526,-0.786254284900428,0.42010366285666145,8.186820998670651,-21.521512826340214
-0.6136843671562181,0.3355086745697645,-0.2304502542556574,-0.38246115592658253,0.17512303621471764,0.008647648688657599,2.349423402431749,-8.893460969825485
-0.1566878939630683,1.3197868659494585,-0.39612975709294335,-0.19691065097501692,-1.21002797246335,0.17870002714451427,2.5443219527035272,-4.84609402848919
0.7844032462842014,-0.07578325321676237,-1.1350446223370263,-0.0011685793773865288,0.18245791350850327,-0.41748880417893774,-5.32121435437787,12.894049681945102
-1.6410148356651693,0.24866716455801208,-0.031416876694568836,0.09021928905226803,0.04236443489659654,0.2770387009664048,5.19604210810029,-14.805405385587145
0.3855671643466874,0.1659281477785363,-0.5477735498217842,-1.7318364528776709,2.073784234719062,0.21897963227810985,-1.0203934520050497,0.22183019056866105
-0.2167128184158579,1.2897984714848254,-1.8352759775428136,0.05364071310247188,-0.1836172297298089,1.3178082502290536,-1.937170616069741,5.9202107119925955
0.8279506010804875,0.2803792388641162,2.0859530348842954,-3.376313033824961,-0.3016587956584486,0.10100210472660447,6.745514788844371,-20.268705431150888
-0.46595717117536767,-0.15044004018414567,-0.601963397073688,0.4354421765261802,0.1998904384669799,1.4202492888093954,2.001280134062215,-2.86865825622694
0.45879838275556123,0.28102086960306366,-0.35513140756226846,-0.7543546484596496,0.758576762773869,0.08208797754471282,-3.5872899766063155,10.260508811099555
-0.0725143573796626,-2.1164996426527227,0.1662607340175039,0.18019220953059212,0.9508691599635368,-0.689928468436015,-2.4380393269818628,-2.322400793961814
0.039679912783181996,0.5505126880054224,-0.44614794241413214,-0.3095440292624702,-0.9539696359180874,-0.3295331343501672,0.5155193491951209,-0.8803408073408634
0.09196284589934409,0.2621511272754259,0.843823092928764,-0.3832448129478372,0.3354970962008877,0.0485048921179663,2.1374102518972373,-7.468596165603262
1.1322960102373676,0.45732860489857174,-0.5122987227668034,-0.7685340980538161,-0.012574155047617403,-0.8462920111796034,-5.297443334851615,13.44342166688581
0.6040852106739104,0.20733574052253084,-0.8760185995540261,-0.0881800715156755,-0.706338431494406,-0.2999270428871201,-4.414705113735609,12.506906506451918
0.6145464047967999,-0.20263397083801116,-0.8087796745099851,-0.4667016199861047,0.020886369706543704,-0.09859277127394953,-2.880724278324282,7.3726966700841645
-0.2290985728628184,-0.4655822848728937,-0.031684007894131595,-0.5591392014078331,0.19093453032947025,-0.17381164379904782,0.2777451843212416,-2.417335722431563
0.04258209827921548,-0.8248826152709468,-0.604742082243968,-1.0383582002101672,1.4628960416066215,0.3401154716965564,-2.7769875375897826,0.009770211190452294
-1.7254118443210475,0.17691231510695976,0.09367107541558985,1.7792423587613124,0.44467707502291715,0.19904984651176416,4.04276222982403,-11.019785289278989
1.3056865054453581,0.5372963215374186,0.001648519558696915,1.9856470782280737,-0.12848271451478943,0.8392711121189779,-3.546460421465131,15.761506141204475
-1.5340576298878994,0.6965201808026166,-0.14536932850391335,1.0384276910855603,-2.8151533642568096,0.8735139526400045,6.850632420457356,-12.641615734274932
-0.17000259596646192,1.8807916883083609,-0.8358744827513247,-1.0382056049948447,1.6277203816189363,0.689009000009368,0.0667766402891039,-1.1218886545353146
0.5889354248988249,0.721518711511939,-0.21905868040487111,-0.9718351676375392,0.7834300879843636,0.10083194863415162,-0.535402634420614,2.3731363947828203
-0.07376135066533228,-1.6802385060836955,-1.9409058586770187,-2.5256515591868047,-0.46734398073406375,-0.7211613672785796,-5.276257942949555,9.973581290401956
-0.19405474163813022,0.71453348561426,1.5093118698085246,-0.08656298625822326,0.11307686758558678,-0.24040583565751755,3.985446527045842,-9.705556353690096
0.027946114299149234,-3.187462708293902,-0.9439139972976693,-0.4047313018514781,0.18849895652913504,0.464260138793363,-1.5140984386766094,2.003650132765072
0.17893117507242357,1.0060958373159987,0.24877515415895976,0.21895256548727995,-0.3636322492020702,1.6969339969266046,3.3457835045108975,-7.711524689595171
-0.9954739628837895,0.4878195322776368,-0.11184984966517272,0.2702896933579986,0.31952855544331193,-0.30800161815642924,-0.3566110677313101,-3.768021806064019
0.10341928789452498,-0.33857116380232954,-0.1951986497884261,0.7130685853168905,-2.777513982536443,0.9082630055480219,4.8357468957185965,-5.148261503784699
-2.6845395297484718,-0.1001181337912308,1.1343228679740462,-0.3315113396372419,-1.5709496584866343,0.15236491292047424,12.661522456229271,-31.11855318179811
1.5807989993824878,-1.1405490341756406,0.2744797281800768,-0.46300547176251156,-0.13074424413932106,0.15725647517806265,-3.564478923240327,10.982666344873858
0.751611931188177,-1.218523052321111,-0.3273340097292386,-0.05236421718393779,-1.2511191743468046,0.8954819330325899,-0.8664792390414737,3.5353208189423917
-0.05777983394678629,0.3825423900304769,1.5895388526601213,-0.3953036380643119,2.869398515626146,0.11224149625981943,7.507675229379068,-20.450624789603882
0.9776946343621955,0.47840074612785793,-0.22794224543393882,-0.28571407653357767,0.29634795515400697,-0.47421093882262694,-3.3250118150486783,10.81571063415841
-1.1844184842442678,-0.6300354470914143,-0.22105895644945922,-1.6802246731805854,-1.1433658866599867,1.094220448300057,7.411686334846347,-20.131953012565976
-0.38228704811611214,0.3663180672860442,-2.923571036930877,0.11480541515435867,3.074455355141231,0.2657746370401616,-7.473631398498574,17.053724883000207
-0.5043195696810535,0.5365549445824098,0.3068483073729633,-0.21704914640999476,0.06280183582487062,-0.39804430891207465,1.9025716228369567,-5.246579628458544
-0.2056143271581069,-0.85474602065356,0.7650542434652612,0.050791546310606436,0.10380661124421235,1.8982706871702255,6.30913396776727,-18.279564550899313
-0.1672063690164944,0.9893461394340376,0.4675856074784602,1.546178321486053,0.01277863485420729,0.22367001706596737,0.24137083021411865,-1.4103421938014455
-0.37029174895365324,-0.19893619976582497,-1.1952483326642194,-1.1241049976522275,0.14554975185480284,0.2804206677989929,-1.3674504478187037,2.2175278192244905
-0.022985913956569452,-0.13580745251343226,1.5055154776849813,0.3212319282845478,0.37287198967757107,0.5907486324285646,4.548588952210958,-13.238317326775261
-0.2038910247749518,-0.09831953326359949,0.20764284958473156,0.4073722952903439,-0.8175001613425857,0.027830819226160836,2.4924247377669584,-4.541312854124891
0.22455092155023754,-0.16258897870544406,-1.4557450680323216,0.07276385072665006,-0.18507451908780126,-1.612949141933631,-7.926269209467527,18.331160290619138
-0.7681332852490654,-1.0062335145285959,-0.09793850330276345,-2.479802173645314,-0.06696699248443053,-0.177493016839444,6.948606337609035,-19.98334145423917
-0.8593455898836206,-1.197987436609017,-0.09470622084128076,0.14265251652701777,-1.4285225883361625,-0.608586091645682,1.6338592035504265,-4.109704551403273
-1.3689904927654792,0.21266564682122777,-0.009953996078228224,-1.007795801005985,1.614555241896999,-0.3101210710098146,3.1677820177814944,-7.702780685435965
-1.226181171918161,0.709048610210038,-0.1608576996330645,-0.08894671765266092,0.5289580257803437,-0.06925241856434985,3.555324522128777,-10.988148415869134
0.521791871845821,0.5772499193699993,0.1614999734911591,-0.17289220040209563,-0.3899637733116585,0.38091093425106265,2.210426235650971,-2.508539974956255
0.057104747701403336,-0.12081763134187445,-0.24709599760095444,-0.7574372473015247,0.7106574391476715,0.289385373062922,-0.4548361404902743,-0.24068244156834462
-0.2765867126376538,-0.448064421875487,-0.6430293322653889,0.6146554137459822,0.20317139791580394,0.23650720962448452,-0.6529394040756131,4.626492561213293
-0.5673901493668407,2.9570236719840732,-0.5329976607683221,-0.18009986040574685,-1.440510418451021,-1.0400397729178,0.3815105277917461,1.5077258481167775
0.06770383511880698,-0.21636948852836957,1.5277242995078564,-0.1187219342750617,0.30612844705654924,1.7903465445526694,6.580213868177198,-15.776767224880638
1.6400853421521346,-0.7586814392570452,1.9884423463952754,-0.6931410972341651,-0.43013604157114094,0.3612898027837592,1.1724779174261961,-1.1166167831038276
0.07766242174593475,-1.6311071722747514,-0.3835463456175253,-0.1976195770976088,-1.2220202645674179,-0.9055942315276853,-2.3118198703490602,3.9872967164086237
0.11709415333127865,0.5667453452089888,-2.2236848258813664,0.08901022186944205,-0.0861227024333133,-0.8814193365913233,-8.94183056894087,21.27688736643372
-0.15536711049964855,0.5299627414091131,0.7022894665603042,0.6370059428828092,0.4297703266035478,-0.5462299721697503,-0.6816461411246204,-1.874434372597336
0.24224945159957312,-1.6792893621722476,-0.46100343827164386,0.1984970506242348,-0.30980418590213715,0.20307680388355367,-2.695058660611862,6.445930361580782
0.04512668199851384,-0.8612658765182933,-0.4297565383714662,0.29264661432309014,0.08286934512232244,0.8596955386003146,0.3210758761888042,3.411100920382223
-0.10271026621359737,2.2546065069721233,-1.9345149260756132,-1.1543749914785468,1.1993443696344173,0.8748500414411061,-2.675251451433985,5.661086632383116
-1.0041797503065035,0.17384307146454814,1.6923028900010622,-0.012588058362218433,1.07818009809019,-0.1189506328189809,6.437793922339242,-17.230137713168485
0.30050293179279985,0.7219523471588616,-0.43217596539824155,1.4283720295208917,-0.4759711640636712,0.29237761762594966,-2.7693920211193253,6.452711714775841
-0.2734277636132236,-1.4197670817558072,0.4806267601852558,0.05430655799195253,0.5723729267568185,1.412146764538129,4.96027849718198,-11.887492276407482
0.5136220160054882,-0.6421016463376515,-0.24995696733281914,0.5135323843079905,-0.07608888111343107,0.21300357744002343,-3.021222899787573,4.867655981105234
0.047149070924478356,-1.1392358797492337,0.7311195235076876,0.17779857765907733,-0.13496723437304564,-0.017973293165830722,2.263426363391775,-8.27312286761729
0.3142567007000571,1.9275587780748473,-3.051738815164872,0.16210702425288226,-0.6351487451295507,1.7765664362055555,-5.308784442397599,18.916620632035695
0.8901527763544581,-0.5310478555882217,1.0241379864821363,0.9981894826125143,-0.13355389755954364,0.24595798418471193,-0.11852929525928979,1.3636010828634653
0.01422968476708251,0.6716744860815825,-0.44482980939899835,-0.4161980920089502,0.1896720242651602,-0.20410579310670404,-2.1014367922886596,0.7794556651193969
3.365876148777023,-2.5753164908862147,-0.42134370895172135,-0.5603983072511295,0.8186708186447836,1.213942918493024,-8.766678371577195,23.206037409002256
-2.4021232754441373,0.33043332844598094,1.0988864003372751,-1.7001160812646274,1.2778675794876362,0.3541438177676868,11.455617745674513,-36.79735994909694
0.01530409592739405,-0.3608176661552298,0.7409714051703902,1.020962521738763,0.3871306707697937,-0.008733505243913553,0.9401491284631942,-3.367062832675033
0.4377449340291867,0.6451687670146352,2.929426487701221,-0.7950557055355749,-1.2584328407826855,0.4846969680430162,8.692092486539853,-20.202555320022437
0.03792674847208002,-0.005065838200692631,-0.08291287009299803,0.1599613714291464,0.17493038202212027,-0.692935434009571,-0.30429338012231977,0.7950230074336173
-0.13633564851527422,0.16205298549346153,0.51949247687026,-0.11591514803348173,0.5500788991036283,-3.5973562596195774,-6.379146096957767,10.589083800087666
0.7479201674086703,-0.421735191043193,1.002705823196803,-1.239562991897466,-0.11669538295191399,-1.0265561902131177,0.4783127338697384,1.0192119926903294
-0.0004050939467611246,0.6022552211246487,-0.39169041927521564,0.28393203515008303,0.7331947553889445,-0.14922868191514774,-2.034429995717658,3.2499842057431154
0.7919546799384403,0.12094514366907021,-0.1197665779448248,0.23541200519394423,-1.4046130653221118,-0.6777671544631545,-3.0634145755628843,9.264233990023369
1.203785340184634,0.1813344951463985,-0.6877879110352924,0.4475565152368257,-0.20981571025730045,0.655324693428317,-3.4792975907475086,10.134370460828722
1.4332187976889321,1.0163799526299064,-0.3010332081532235,-0.42875861993094494,0.8197015109485034,0.2921344075423286,-5.230805821203181,13.816685898985149
0.6502367247753107,-0.5127110635755016,-1.2556564594137123,0.2706923054264782,1.5920278892237505,0.25137213502438555,-7.515519032173032,15.035175568583787
-0.19120944313499474,0.9356964522133366,0.19216483899787956,1.8172618158335918,-0.13695709297349148,0.39927078700613944,1.0497093660238748,-0.8271368726159203
-0.9016056357371549,0.47309735448942575,0.1605652221679743,0.9251005301530292,0.6769255099806605,-1.02146304966594,-0.8918859269784092,2.3477190000094295
-0.15067254946237207,-2.3364687502788755,0.23330991557678477,-0.2934923159893691,5.901454645939394,-2.5022128502720653,-6.561977228340165,8.389125180976485
-0.592380449404985,-1.0633831633252184,0.3970667643218872,-0.27507186985301957,0.3016428750954207,0.26829823386468366,3.349331790106966,-11.734233677329826
-0.26449009214568403,-0.8111127673595592,0.6189166780822426,1.285686755278898,-0.8196267902697743,-1.04874286699921,-0.7666916729191979,-0.648437998582243
0.4317869350928692,-1.0136295186427309,1.142326934045827,0.2341068044953424,0.4818856197541767,-0.7047718185146492,0.1533102854775461,-0.5765391133642286
0.32300232069763635,1.0669181159489662,-1.0591090337575941,-2.9804428106504393,-0.3289718074547151,-0.17264996666690907,-0.9463294827774487,2.9186952108827056
0.1789611231675575,-1.12276910051388,-1.535349117479818,0.3705522194132042,0.161027258612045,-0.5010874678360615,-7.477839854454183,17.919645534434125
-0.22538505750152188,0.4389673569785447,-1.2516016169869295,-0.7653046168981282,-0.4040468959970112,-0.6831710085573107,-3.518881747406405,7.328047583159903
-0.09643594173298548,-0.09294315670295539,1.6467821264652962,0.14071392532388072,0.32366673348618724,0.2886102010919173,4.261974867992799,-12.402097975878561
-0.08506887878031033,-0.02612419295643027,-1.1665746032879267,0.09321274098351312,-0.02707772230137201,0.026414235311785085,-2.7027110924212954,9.253995492891626
-1.4054687728064361,-0.7872213620792428,0.004805300331377329,0.2835655812082032,-0.31187980444632063,-0.7560424086302838,1.7361841962571845,-5.8510742961555025
-0.34388377418468397,1.6691947202183006,0.07637076232251029,-0.21123273147396826,0.5082528826164969,-0.8238542357761636,-0.3282594776820673,-0.05638632155559442
-0.5341881037571722,0.026862343214314,-1.0918634584149411,0.6777173819978741,-0.07893124653220451,1.1139027420283683,-2.65041009468214,7.706243900440573
0.12353034377979957,-0.31084460048562973,-0.007507161760874552,0.2591844619680781,0.2775229674477248,0.4852121173841683,2.3364931038641514,-2.9658151135735418
-0.9408430471076785,-0.3267729495041508,0.6652516752850214,1.7349771123231492,-1.2423235986255803,0.0005282284213477291,3.3866940305444553,-6.6472557540473485
0.5705607131425648,0.08655020919115711,0.4263975414513088,-1.1935042157866262,3.0476264549755387,0.14227464035714693,-1.4210590416341722,0.23273862374712984
-0.4675117727479277,0.501908956731886,-0.5176328507773877,-2.0509182210597765,0.02924461616719003,-0.3924709463811623,1.8670122250883239,-3.0568093536254444
0.2663219893297134,-0.699981097048535,-0.22556340104916472,-0.6228908335617526,0.2560835835358236,-0.33814842519657756,-0.6254605400137445,0.5512772383184658
-0.8318490341629714,-0.34780445694562273,-1.6334001311212207,0.6392584857553292,-0.9670719255205492,-0.5822236380432638,-3.128367012009596,9.619696256247664
-1.0716262763272821,-1.8538490822856948,0.38539178878589553,-0.5550431640496983,0.9820826561377116,-1.2895420804974584,1.4405214448426418,-10.019590396003252
1.1244385406966642,0.11139406267809203,1.5906595237533196,0.4466210045127213,0.060232264329578615,-0.07483872994477941,0.9095531076447463,-1.7740871529388624
0.5960392221095537,-1.4835609225039534,-0.7648942952486032,0.09057288842362429,-0.17018172470945755,-0.5133822209482,-5.473562194232779,12.855224733919146
-0.9169103373753753,0.09566375918052182,-1.597844801131647,-0.10863756982566432,-0.8719860936397209,-1.1521046322686175,-2.182879129113749,4.2316949982273755
-4.1408143686745795,0.7011249331277575,-0.12512215158622958,-0.10376166403959136,-0.45818129343015973,-1.3607035062502075,12.126687537442056,-34.628884709324225
-1.8983803532232855,0.6756792480153194,-0.20462705917445984,0.20178093450019105,-0.10499007493176192,0.29749282875592836,7.271747831909373,-18.143234154161046
1.4826312601443994,0.4868715440138581,-1.1488500111831674,2.6423127951164775,0.05919964776420737,-0.23632396388752122,-7.019315395951024,22.032254221781542
-1.011940792629654,-0.8388343494225492,-0.27263074305959223,0.5361965317559907,0.5869554465260279,2.2479814264078466,5.6441022695735,-13.130789879367157
1.222398491615289,0.4658468182447457,0.09727419190067092,-1.8755222577370665,-1.4563420558471627,-0.13031456726818208,-1.1740084900495629,4.34690245076867
-0.03727421659276615,0.16004657985779083,-0.7261848505749942,1.359767924703149,2.269373055944912,-0.431968935532999,-5.478413175897673,9.687481568889247
-0.008550427874765003,-1.4318797607824825,0.2246234927867003,-0.19949405626343997,-0.8980230654825946,0.06832004236879911,1.9808166456164427,-6.269360516280829
-0.9698113590627384,0.7747310177036216,-0.23790072823736647,-0.2934757803073659,0.08348495607844758,-0.029842267695277164,-0.12195233529409927,-1.841468950328154
-0.26670997805965063,-0.2676613591304793,-0.22511248207060885,-0.4395753586112803,0.3286580644297466,-0.4062360588839375,-1.68440688984418,2.0575111521987144
0.33265459493377997,-0.2530337829601566,-0.3132659615403817,1.4177187533111528,-0.04647938717790242,-0.598837448430617,-5.548750305552566,13.201897639030225
2.776182859365805,0.215246155348694,0.18663888793579222,0.26571779995538025,0.21805544055948492,0.6344571699668667,-6.6104764316082605,17.071084030628704
0.7883667195027898,0.8767062083528,0.10153133150531003,1.3693563619228324,0.08151679012858824,0.34646287522635855,-2.834977170528783,7.3324562978510155
0.685236335505337,-1.5520631956735143,-1.006656156010332,1.1408150147336305,-0.9342504718544168,0.1553348843962092,-4.975367260263508,14.43301071641265
-0.18477709926117017,0.1169086191646856,-0.4020352423730305,-0.7485956100956004,0.9191315294089022,-0.09573436512271147,0.1003205774062168,-0.21453792991797394
-0.5661908231197135,0.6828764620751109,0.9500247406605454,0.7939462093474051,-0.09424161504278938,1.3386042185527274,5.89178773106312,-13.457692726253043
-0.026501980310555666,-1.446686804634251,-0.33198809639985766,-0.34095001041309025,-0.31593759966505985,-0.23960822230614703,-0.30217428118020984,1.0794248882399304
1.8800193357076747,-0.5568318902002699,1.5247099409701599,-0.9680705774363312,-0.6975830195621803,-0.4138130309826545,-2.047458524715829,8.067662954561976
0.11318662761631502,-0.08021927039128042,0.340434361188539,-0.27061311372378394,0.5372433225586175,0.8104837853119695,2.0278279772129575,-5.006151079482487
1.0919278025242936,-0.757805108305169,0.09611813749194753,-1.4580161897899524,-0.45324066643423744,-0.23841119196509197,-0.537705026174232,2.3177947439228563
-0.4157989775716473,-0.05137549089146479,-0.28910981996307933,-0.2874220515974325,-1.005819597186798,1.5462334863255656,3.9324231819873803,-8.774323420373292
-0.4085691589196955,0.682386988544842,0.23207915937779705,-0.6967683567890605,-1.268910333269773,0.5751883531174413,4.177878294399727,-9.25485722605138
-0.8567705056820322,-0.5689232307110049,-0.659123793965127,-0.761356023964697,-0.6376250996195743,0.24584534304475816,2.062739942357625,-7.432702735884275
0.17831440496299386,-0.8692765471674928,-0.328647034252418,0.7188533434904447,0.7836587806760126,1.6793308235567967,0.9601486035067082,-1.1315324192386784
1.5625413215407844,1.2565493995672414,1.337819748383804,-0.15465604021727042,0.014328753187408755,0.14539049213072625,-2.018974211963566,6.325673652029002
1.2726016369736384,0.755275432682197,0.12218727408240379,-0.34285425481781795,1.3577453507835358,0.8385708286679915,-1.9027247501329438,2.5840563421043745
-0.6585145805719613,-0.02847250800762656,1.0725040561414734,-0.8338597701448472,-0.08853069196046569,0.021124093069643985,5.16459014077674,-14.717115456822382
0.6747915364814768,-0.2724894251191249,-2.078563548011077,-0.22925496801589482,0.3847447073518873,-0.9565355138503339,-10.713351665973985,22.792104849938006
0.010190119380857865,0.12823916938321053,0.29349422413933374,0.32607865847393014,0.23732377467983495,0.15329010341840146,0.6311119478580811,-0.08929507468849973
-0.5649395609736166,1.0481915496160297,-0.1110429283394819,-1.761373630102986,0.11108855386025604,1.0735755724707916,7.749220665391618,-20.26971898223018
0.2840621109179003,0.745207908677293,0.6375872666410538,0.6726319180550687,0.11998602112929375,-0.084032103652896,-1.6265846827229749,3.72240738302693
-1.5811021298364902,-0.3486183816975518,0.883692446508594,0.26900409295060784,-1.5699156276311053,-1.1115980098413847,5.562968418037332,-12.906681585503383
-0.10667600101383685,0.06119008316539207,-0.37938719736599685,1.4790858134751828,-0.49716273358320207,-1.9175877478079273,-5.383527622382026,12.467417502076959
0.36554239462243066,0.21045313948058877,-0.8342732855584629,0.6592275477092816,-0.21285928224508807,0.6841360616952716,-2.4096641419258376,8.186591871194208
0.005640079976228114,-0.17372462745180242,0.3754791986678345,0.37026488864321905,-0.4542817992759223,-2.965263431613446,-4.652929236959256,8.062655421944411
-1.252168669545301,0.07773653610989255,2.9180757129967714,0.5886067487739046,0.2155092876470179,0.05644949530760757,12.216934359526755,-26.974963655677797
0.8504057564339221,0.059683021059953247,-0.8241056276579893,1.7449397269497309,0.26728893295145556,-0.12407466829142136,-7.213346733217821,18.75994909961642
-0.5040639983504381,-0.13002576723042952,0.9049717047823361,-0.389906364264366,-1.2127245663396171,-0.4126407456786322,4.404516610077584,-9.892923542411726
1.2272418992114695,0.9848719943039188,0.2509282351368146,-1.5531062011471406,0.14195395610591852,0.34646159241374647,-1.5063523407204449,2.0738875966556547
0.8387947351012318,-1.334920673803011,-0.19014897631839092,0.9650040282560269,4.4125257913362415,-0.6969617135022764,-7.952247970711426,14.995711947051666
-2.6443469249705656,-0.5119137783431762,-0.6366334568919152,-0.05121967857849171,-0.34565464478029173,0.5528510798822146,6.489322889454133,-18.549620613122748
0.42307882884613146,0.21970822448409472,-3.428573281933848,1.3698184736871946,-0.5346136805527344,-0.43623232209348767,-12.66933737047764,31.99225938253788
-0.2316562661116848,1.3170507232232387,0.7462835084205515,-1.5146173937694636,-0.05115659434660888,-1.9382916126945793,0.6415275913219425,-0.08467597912004798
-0.867785200110347,-0.5016475007241501,0.20244671253170313,0.07082493495510994,-0.1376794646048045,1.320947470656668,5.8179782593426985,-14.41553274283233
-0.029720784011693698,0.15498511946069257,-0.005382390657019852,0.2639316861328489,-0.10932796959495528,1.7586709263348628,2.5672265866081623,-3.280963330281132
-0.8261568449514732,0.12757005210316966,0.34961449172376546,-1.4046089591471593,-0.19972721537820423,-0.6980099846441706,5.21532049035036,-13.114992360172533
