0,1,2,3,4,5,6,7,8
-2.1272249615828196,-1.5590742677090235,-0.003441697145072087,0.004811444501769233,0.0009656558036759237,-0.0008198641871621922,-0.008656357012979746,0.09660149759802739,0.0060294140422954
-0.0039304708102616635,-0.00206613460705607,-0.111245663160116,0.003948068139845124,0.004540531025299884,1.1431330216757813,0.004162729727790186,0.008667134528275234,-0.004809587226623155
-0.0017997390140981548,-0.019002526648912638,-0.0007613995372192216,-0.0021029046395289615,-0.002047817553207202,0.6988486654651389,0.0002958069598032393,0.004515591660695525,-1.9641204878366647
0.04265226405505905,1.1804148370396816,0.019414033686314003,-0.009351970444012356,-0.0012977330622104544,-0.0067694500615295,-0.013590850162169738,-2.8764700989034955,-0.01837703060183593
0.052269762067223446,0.0055282582649854445,0.867192999549816,-0.014382072004851004,1.7888977569596436,-0.002274991798567283,-0.4458489133319494,-0.07914469076823105,0.005920260414217379
-0.0009194284981443894,-0.0009942710169909442,-0.0005916604312372221,-0.0046808942097737016,0.0007309162458831553,0.0025128924003779167,0.00012850499971331467,0.0022348320676977788,-0.013842221004852493
-0.0012358038518876264,2.8901829101814127,-0.004582216650164589,0.01173099232885065,-0.004508303775335051,0.0071974592743711124,0.0031847337831890643,0.004378098348690246,0.0698611749034832
-0.32272419008294484,-0.6265874695878679,-0.0007124472274987262,-0.0012720029071742155,1.983745128108625,-2.3668557117661417,0.0042924401079590625,0.040489354026904116,-0.013210988315721872
0.015117447492852933,0.20518965872171277,0.018414738560891653,-0.0050184221514640625,0.0008921718495694007,-0.0022996761499470522,0.0031299066891712635,-0.13778139254011673,0.010782699912511434
-0.09727320998936878,-0.03130679180341833,0.0007925538044559199,-0.0010414441683002469,0.0006894605063564908,3.2170289536954026,-0.004652734429867265,7.164900203551445,-0.07331167278231288
0.6894681388238904,0.11417246135801666,0.0003621219412736597,0.0027922066123662204,-1.0623539418123382,-0.013953828607902613,0.0018564307279599714,-0.03109595999088951,0.031536488425003256
1.371098126715351,0.0019385067146296224,0.8169181417349911,-0.027736790092339814,-0.0017357574106806935,-0.014292823399403073,-0.00550871472998167,-0.01167817588936218,-0.002383951487592406
-0.003886743726290225,0.938920267791938,4.307651794286521e-05,0.00141447911830998,0.6561730705420526,0.003073281443907503,0.001267122269254418,0.0006573938072915141,0.011736263995011542
0.014878047016708511,0.0026132561623926197,0.001976611793388579,-0.00045056289809762703,-0.013223698368411653,-1.972562837263728,-0.010786761307143457,-0.009365937409862916,0.009199373571954125
-3.8143477189069968,-0.014586931197858748,-0.003438143670840249,1.705666791116051e-05,0.0010187896626141814,2.083110071255607,-0.00019081915125411866,0.389676251704435,-0.011182188545399097
-0.2573165961196655,-0.003604424928025784,-0.47380713465175717,0.005261989495198016,-0.0017526505339261426,0.0016066088722614773,0.0018730070988034059,1.4751718408833128,-0.0033373827785665444
-0.004181610308289329,-0.0020261680967267395,7.300292844464318e-05,-0.002939951554984434,0.006560697332420565,0.012525961521140385,0.003940172043236157,0.0037620444567244646,-0.011714597651213748
0.013600691957204591,0.010266565905207036,0.15306534185577092,-0.00725433845045879,-0.00015028281322736724,0.9656509074324916,4.421310696198498,-1.2766716479785953,0.007161209682751135
0.006291062756832774,0.17732653167388307,0.012191660670894038,-0.0011596274627216011,-0.007966054833140737,0.26130762033414107,0.002328166323074369,-0.018389980049881897,0.09689679298869777
0.02709747183149483,2.1721957663478038,-0.000841395861115507,0.0013529891079009692,-0.6392723553905286,0.001642122819396962,0.0018463512593452705,-0.01075141906918542,0.014772442764579896
0.04781861390427667,0.014017150633598909,0.06799668666055181,-0.04337112358296848,0.06005179450766868,-0.8050809080987921,-1.599243678396244,-2.965972752475617,-0.003373898584707019
1.128630103624705,-0.0007251395550267021,-0.0018034056426906794,-0.0002716175076050429,-0.010107756513508799,-1.6481711199679437e-05,-0.8444603031767006,-0.0040235683242698245,-0.001022306605899151
0.01850594217875518,0.9134025725720017,0.1337325003121037,-0.007373570520757801,0.0005511065966336479,0.00023615615128663465,0.0014463443593796012,-1.06483958056138,0.018049735234698994
-0.08195442647791744,-0.2206784452453122,-0.018349167329984373,0.006601949057677612,-0.002803428792896946,-0.2483936427822178,0.938108037832758,4.787952817774358,-0.003328808588471621
1.2991177398220113,0.007979352654907311,3.967911302087471e-05,0.0009820751155055723,0.0018249569764897918,0.8086152365197561,0.0011336299439639727,-0.050429381096460654,0.010922413158252042
1.2225487275568963,0.0084189931013835,-0.004190039529390035,1.3068733110402528,0.0007998164420261497,0.0013737138379423025,-0.003465172376661498,-0.01416690121499663,0.030024841103730437
0.0018064333496113788,0.9844629638361777,-0.002736752466575343,0.43521780409178856,-0.0036306185063909573,0.0028965129098797344,-0.007009050503401766,-0.0038755677530699873,0.06675925870267796
0.0014836682294665886,0.0020030739154446447,-0.0005794617205905386,0.003900297824433951,0.0020886167511992232,0.008579171053890767,0.04702135222330974,-0.0046040558438880455,2.4671493832801823
-0.01798465128416258,-1.0802376107138685,-0.0024161041982876594,0.003961991009695387,0.003219521066757964,0.0019015158094296738,-0.009315265706988575,0.020924884605326252,-0.0024297422549943715
-3.577017335411868,-0.006613672811814733,0.007064611359067274,-0.012420765402949285,-0.00215327009209571,0.002615687188513126,0.004008778329535773,0.010212830266472597,-0.01637089713047346
0.0025800090848182673,0.000999076248492502,-0.00022691383519968982,-0.0017360996172163074,1.113499050061323,4.787621476480037,2.1827659596166296,-0.003343564558477184,0.004816106671369193
0.0415538764676987,1.6018454687375963,0.9095825536024265,-0.38383309644478736,0.0028970237578695157,-0.0012555640124449138,0.009028286736178948,-4.833768447011074,0.008306223044560301
5.342466775336434,1.8620752430805356,0.0018461766351646758,-0.003689650016534959,0.01015383263402924,0.3799398419240478,0.002176773231109111,-0.03775868574932868,0.0008641805660860591
1.229768117069264,0.009466563493409942,-0.00932302293572744,0.015026635526941626,-0.00022216978137903215,-0.0400839720959011,0.09759749779873049,-0.020218048811205314,1.0909383777791994
0.09307350934015483,0.005955192628592672,0.0026838478582126984,-0.0016815366296579854,0.006399815426700421,-0.010547634945314504,-0.006167603561156612,-2.774094140022563,0.003707736291040098
-0.0004342681861628584,0.00036597110432137953,0.00029341118332319466,0.4800073686868168,-0.02464806454588062,0.0030603721200270157,-0.010397417849320538,0.0001612430068184124,0.004164619461840092
0.0004630968014538272,-2.869278308316632e-05,0.0009578694049854489,-0.0010019463530495396,0.0009166394072351226,0.0005238305155095707,-0.7660671918960281,-0.0009325107339024864,0.00016897549248307822
-2.858164195652464,-1.0746178249731968,-6.905205924684354e-05,-0.003922683448894789,0.0009958113949926108,-0.0019087134123256459,0.002610424622954983,0.09102900868928523,-0.01717205004535982
0.01875193063032409,2.5203464838759992,-0.000348309372826372,-0.000317219516543388,0.009108642971951887,-0.010921208659477783,0.002719308496810395,-0.5488137598083891,0.03490979628846036
-0.21297158582535392,-0.3226826454067562,-0.008560407983722325,0.01577491877506785,-0.0020232205606410822,1.6356845352676228,-1.6946129382998447,0.048231452830776345,-0.01034913220456754
-2.6920694449859215,-0.006173407118365793,-0.04615189810066078,0.01664817184614764,-0.002700183858296455,0.007181944086203061,-0.0106241143890663,0.11667740841386283,0.0005962067486515177
3.5452095208820285,0.0032228967001130078,0.020503882989564792,-0.02042044152890917,0.049947357782123586,0.002382605476143978,-0.0144792612283337,-0.04587697170255322,-0.0114332258614957
0.0022866659281855326,0.0005268362314787755,0.003788413216090158,-0.36933235823858224,0.7988547257134561,-0.013851035487482833,-0.0045841458076838,-0.0037628734798695962,-0.0005806419980827839
-3.2429208863659085,-0.02778944451537856,-1.5651231431516042,0.0010232138840652327,-0.0070071457406663575,-0.024794770462662957,0.0660232756701109,0.025270758434924434,-0.00530033373656591
0.3707484438106359,0.0044709534250021304,0.00561227189331602,-1.8021029524785637,0.007801204544690677,-0.012024010928488394,-0.003513444891910956,-0.04121795363081622,0.015689391106417754
-0.49736289163118386,-0.007054201191689714,-0.0019421118461970255,0.0004766522388784586,0.00197026929032835,-0.0004393234466249132,0.0019963683698214323,2.9364313797295143,-0.0056561051036058685
-4.8853194753629605,-0.6879249457757958,-0.579261982663283,-0.0018714588333227922,0.5672598703511913,-2.1695788874109185,0.006571692145038485,0.046757224999871005,-0.014366188654852285
0.012196380490075053,0.30458444485107516,0.0016075345799240748,0.0004742048659274323,0.0017284677050314542,0.005248039879330279,-0.02097502337324786,-0.028085208771135226,0.008125276756673377
-3.3911245475221206,-0.004016797266866462,0.044788099710235674,-0.1196716646646816,0.006752070322603554,0.08725386291324179,-2.826797440854938,0.003826618579095366,-0.08377425325200405
0.0009774543867066277,0.00021507595144983072,-1.036069667458536,0.0016455850739352934,-0.004576973231517164,-0.0028647171483766574,0.04232953634196,-0.0010014116045808374,0.0017482855578361614
7.411530177002035e-05,0.00010721746710222154,-0.0006555130723794791,0.003312295151919666,0.0017259407541263445,-0.5245245110281295,-0.8048341945455545,-0.00028843120176893686,0.0006632385625709824
-0.0005890801762051931,1.5308723476264872,0.0004699337956759475,0.003695623060030506,-0.0016426056437475762,0.4018343240457491,-0.06576754900311174,-0.001330289237351773,0.017362655416569117
0.015293050082612246,0.006260430268813068,0.029782351288169417,-0.007765406426245406,0.00296733558542271,0.0028459003895960735,0.0026770648673125627,-1.3906116207467591,0.0025742802645061375
0.0008259080332680307,-1.3103773632767304,-0.0020101525036102935,-0.0007918688814197788,0.7756620117614136,0.012165461001131927,-0.03788099387328819,0.00395184087467612,-0.020944048748315458
-0.0036160163194753382,-1.211869168582357,-0.001484687730776521,-0.0023634560990394484,0.005257143390559229,0.0018138265912264141,0.034281307400602465,0.008643177889121102,-0.04491533575442763
0.05150196611256841,0.0006350704079928077,0.8181895112504235,-0.06251262249214262,-0.6000929433940062,-0.0003034565840147165,-0.006112818574386801,-0.011217032870498689,-0.0013594453147059982
0.23656215750646406,1.582920895805267,0.0008568456014945158,0.0005232652975715611,7.76355034743572e-05,-0.006088427801578531,-0.5379512929529484,-0.024385483966663214,0.03697747561603104
0.06952229819091416,1.2348085250277336,-0.024498487003609126,0.012490107608645953,0.03857576804982847,-0.8526164801256518,-0.00039888304341825775,-0.05425465960893228,0.07373239174352086
-0.01748301126428729,-0.3840221548610613,-0.004678086105987217,0.008589202330107792,-0.8522241202547365,0.001614664037632778,-0.0010742741240030024,4.82086938485397,-0.003025987562717436
-3.4251850734550073,-0.7791611423981364,-0.004101275837705698,0.007876254961174892,-1.7296727689538116,-0.0027688291906981695,-0.0012044809008855129,0.024333003556065304,-0.0011195550780408459
-7.697950039237158,-0.011127848406300867,-0.004644124010356493,0.003150146658926503,-0.0001539182675336509,0.0023251690865247372,0.0014793013803847538,0.03958546638989628,0.0072031655295462516
0.0008241993626425789,-0.9355853943229377,-0.0002840248036606041,-0.0035142398547648667,0.003387931433547992,0.0405414625860398,0.0049964005583035195,0.002578034283609045,-0.001102823432450828
0.004738722407671548,0.005882734571460286,0.001880924514173429,0.013847388845047402,-1.068211711702314,-0.005261591448799743,-0.02797194295593009,-0.009526042894949079,0.03751512468446269
1.1065916687277468,-0.0012278217115899736,0.0031372788062704743,-0.0046298921626506005,0.0035048808507969808,0.015166299951608996,-0.21264384000758185,-0.019750938276349456,-0.0004227610782970709
-0.006637676441658301,-2.302240767370067,-0.011090905925111194,0.015948036065393884,-0.0012534342076070126,-0.31780234385538797,0.0006172786364853494,0.016968910018756674,0.01016829706938882
0.046064738368414015,0.30044675544830335,0.007708579170796155,-0.0029345650441846105,-0.19125217199012118,0.0005181492446830888,0.007343707190836858,-0.03381121353000016,0.027983015048479387
-0.0008674708538685033,-1.4991464819172715,0.0057300783003755434,-0.008296690206963971,-0.0017481492481883406,-0.04098207779098961,-0.0037324221007228667,0.00016934884499986104,-0.12958235544015606
-0.018513749560972254,-0.002357953984746423,-0.0028131009616752245,-0.0003668376063903941,0.002260338831890062,0.0038618920584338862,0.017874416370287784,2.960808747525687,0.0010661556223345858
1.4109945349759032,1.0608887195582424,0.0007787794994606745,-0.002300084577151947,0.013135527139964118,-0.0010565025827488858,-0.0019051018037383478,-0.028798269514047098,0.003848082104763284
1.592623668303722,0.018888044703548223,-0.001874320806813691,0.008073975397978097,-0.009673363656722589,0.006577160389022533,0.0008499112399935086,-0.055176562853322814,0.007901817973474307
0.7333310235599726,0.0035682062083516016,0.03428782801710767,-0.003528262403932325,-0.028492520653059607,0.0473898552097096,-0.001915867601825223,-0.3362007756043867,0.002279476216840423
0.007050117986666899,0.006060398723905125,0.4310212341751174,-0.0027230973687034157,0.0011100579666556845,-0.013662311550079848,0.0033634952030663595,-0.0280828451049627,0.005380449440236933
-0.03644359433938159,-2.023265267446668,-0.003247011594654764,0.001779412393328867,0.0010671694577246912,0.0012872219412006288,0.009170245236438716,2.41245336560955,-0.002320620996931755
-0.03562759504892632,-1.538800831603619,-0.7801053175407819,0.0021816482448048513,-0.00014899756099314224,0.0030062299211348203,0.06975084714862273,0.05643324255435034,-0.0039526448006008685
-0.10917123947146358,-0.0015685547574202565,-0.01528017914574252,0.04193865286002641,0.8589779999918626,0.04420737219161142,-0.00028571528999938635,0.03364631107106954,-0.0017497050405425492
-0.004313172537829458,-0.0031902148558129026,-0.028176326887676448,0.01403433616109298,-0.026379295291682762,0.005108736230153582,0.002771294284941456,0.010871059210062522,-0.004360181702953587
4.32396621221568,0.09356964206912546,1.2374899875276526,-0.002876165106642292,0.1309699103759463,-0.17327811174773938,-1.0364321674201866,-0.16517267127326152,0.001441751238935085
1.0498867466519268,3.762008524588176,-0.0016998904849223062,0.0030680585344474796,-0.14520786851604217,-0.0017963524482452692,0.006019996699236738,-0.015858956826358843,0.013160233368909147
0.0019146979650953022,0.0008415938080721212,-1.0838063902254755,0.035749043796825336,-0.006966283496100392,0.0019566043543173327,-0.001711531273570582,-0.004018836638982309,0.006714080810891254
-0.012723063593608782,-1.0461823414339875,0.003141601146592954,-0.001973367926787083,-0.008869758959083526,0.004361127010219309,-0.00780997087253902,4.509349717177482,-0.040112668137154195
-0.005517281921152037,-0.3204907051182281,-0.1112081851005346,0.0022263070403262253,0.010192601030059614,0.0025552588759055156,-0.0036060759857295165,0.021741722346320373,-0.02813849014372735
-0.8065585062507259,-0.0032120987665657623,-0.12757739479007424,2.5885573473752976,0.00909228071493719,-4.113741327960933,0.003751809439813944,0.07127749972886926,-0.009997825394263915
-0.009154902697963154,-0.34166110316902587,0.0004333566373683692,-0.0031327004201695935,-0.0020285937566339556,-0.001417445163291902,-0.00019910184557227597,0.016010913004780088,-0.08734107824895637
2.0210419984082013,0.006405779094948929,0.27643917293664755,-0.010851749177284264,0.007006017091298129,0.0051839488289615685,-0.00816453426293456,-0.051118927465770375,0.0007979432606607106
0.0037304893066280147,0.02159435891374123,-0.0008262121127547107,0.023445726482955686,0.001098119319178433,-0.001557015507464384,-0.01763957434979794,-0.007697953751858173,2.437342645692577
-1.2101123761359298,-2.0525317355930484,-0.011004214597827966,0.7352447828539009,-0.01015940237685442,-0.02024705658605338,0.0034289059351278184,3.6890372222866796,0.0017596437436719903
-0.0011365112173959638,-0.00024278037073233985,-0.00792868620932903,1.8958820304764872,-0.006221826406735378,0.010676425404751255,0.0018807902872108612,0.0035958683540204405,-0.000566000728854201
-0.004533151503130682,-0.05532570796846964,-0.7214060555067265,-0.002010282054394845,0.002520547234914899,-0.02281181182847057,-0.009314931987639146,0.016480704693978665,-0.02881792396512982
-0.39002262480223926,-0.02240410165519404,-0.0017974511584075408,-0.0016299830980259944,0.0025918296028892597,0.003026227641517583,0.0034337154185492607,0.05054898773690726,-0.05190527316929611
-0.002298314534006078,-0.006498566424574387,0.003313556403318166,-0.30907454831022035,0.0045412121189744555,-0.2965011127073243,-0.0019492866194731075,0.004210402419585743,-3.593355274119181
2.9018676113901805,0.0011867506204142125,0.5479899272585751,-0.027456361050891276,0.013838824904269003,-0.00026064387943850256,-0.004253494420939578,-0.062420360320878054,-0.00598528903569745
-0.00778637314180234,-0.006673979750577062,0.012410039243722557,-0.24859361232248214,-0.0006030333524309352,0.005611820646025438,-0.009362466899389826,0.007503547715303843,-2.7297127847253257
-0.0031664472530921334,-1.3735367377310719,-0.7631778633130546,0.004029560239710794,1.9887134342467607,0.0029090248484289413,-0.0025195445221314894,0.009210236704090213,-0.008306254347533959
0.004377816033405042,0.9268087273663,-0.005569576810951299,0.008502695357807758,-0.0006349370603364367,0.009656318671754519,-0.009356855337506704,-0.0006462944848478645,0.041563848464293285
-2.1659944352322973,-4.7966365247082777e-05,-0.003564370366097608,0.008084654340622822,-0.649728293595331,0.4417416300834303,0.007868896138166066,0.03156787889732141,0.013138243194276089
6.214242243087461,0.07823374166346345,-0.002234546237548679,0.00990864167613257,0.004699459461422632,0.0013810358930497145,-0.001112037618119368,-0.026694255345714523,0.0594662307458651
-2.7375992214639093,-0.0013468066082299296,-0.005881336382720023,0.0020834032693361247,0.0471441779187415,-0.00023339344548618435,0.011666579852507557,0.03075217268754539,0.009151439260985605
-0.0025129450180725876,-0.0032926415653405164,-0.5233588973373337,-0.004058802734098827,1.2787564974842849,0.0015981362809165405,0.010406908179484356,0.009255717062108385,-0.005294599721011099
-0.14957503589646787,-0.012975517063496313,-0.005661667254090312,0.0027918401492676038,-0.00022101916649623632,0.0004095114154795418,-0.0031903702321453105,0.20316016598167996,-0.020234636599381926
-0.019924316547166365,-0.8622580569193365,-0.004457875411204924,0.004584529993179631,-0.0038976422417670116,-0.0014605466318963704,-0.0017313689500196051,0.09683052820144347,-0.0100217659824971
0.03249074666791529,0.009463787965409347,0.007420180733862337,-0.006327539528633933,0.01066250181378442,-0.038567115146573676,1.2284873715474962e-05,-1.355680940836192,0.0028550078646434884
2.360089320122848,-0.0005250696915429305,0.011351449021317017,-0.005032657581633864,-0.032809985268252316,-0.4008080596121638,0.0014305007822802834,-0.030889990991650948,-0.003032770613675906
-0.0039410931729432705,-2.251841190659052,0.031780339164035,-0.010124642124364786,-0.00647106565937168,-0.001215855271860914,-0.005275688086596987,0.0020662498299191673,-1.8195545923014222
0.0013836792918553835,0.5400198964249303,0.0130540494172377,-0.00403678832544146,-0.0023818422225857076,-0.002078652397045773,2.296587660325546,-0.004946090170384829,0.010755010097721646
-0.0013132039658062876,-0.7425028936066553,-0.00866975972983336,0.0021023778338568437,0.002179949814986877,6.618237955614207e-05,1.8309860036026655,0.005613289096838395,-0.00473165362955133
-5.8853827052862595,0.4222204403563499,-0.013568191467746016,0.8836565740984088,0.004650204985838173,-0.002862097631858092,4.2777688697046665,0.009205582699538702,0.030448058231959063
0.20732626504149582,0.0020217950646150016,0.0064455805991421805,-0.1402471039184218,-0.00025170035094656726,0.005579144193089016,-0.014639688552519155,-0.015772205318393913,0.0009995669853683827
-0.038090180063432774,-0.6259444988079083,-0.008728895766531325,0.0046105979651751144,0.0026183653093743283,-1.4265931194984538,-0.00018007329465560135,0.519629044214367,-0.00537056802042557
0.022399608484176003,3.4686447690299396,-0.0048661241618173645,0.0038697049789170298,-0.001122186669591671,-0.015552076765989428,0.13340706341446706,-0.013897433410292693,0.05811741868030218
0.05062167535339265,0.0017211795227541314,0.01817567803166399,-0.6374316390211912,0.004171501762201456,1.917041395134049,-2.8373739483661593,-0.9407169859237173,0.0008511210198176855
-0.010731525893031639,0.7324389730236732,-0.0038334374332020804,0.18112857217588843,-0.010830856565786579,0.008709322719156408,0.00481404568927612,0.02023730335167769,0.05098077326621242
0.06645383759560183,0.15700019934904566,0.007075914484155732,-0.008690678035056628,0.23334960744855793,0.0021675983259464484,-0.01386767582584479,-3.461544467854922,0.004458030118671241
2.45906830439486,-0.0031504790936385915,-0.09882366861870917,0.003345177120467146,0.00023215219223841725,-0.0013619471594121853,-0.0055866394128703135,0.005123601189931243,-0.0011066084154022215
-5.274185161146552,-0.006106136115219679,0.21878208739168903,-0.01736206726077999,0.0015401089580552828,-0.000919235985204275,-1.930962192646191,0.004122807752920704,-0.023461839694326025
-0.09992751859827076,-0.03069322184247309,-0.002631191381690781,0.0006267177033991709,0.0008268288640961123,0.004351536510360348,0.0026838938458665536,4.394453942443442,-0.009859351877041733
0.008836620931341355,2.5145231967969486,0.010480777052095602,-1.0473929862080253,-0.0009218985889720768,0.0019733565865937453,0.12250982228330637,-0.026421851217396812,0.0017925151055306898
2.8641835694768796,0.17346782755301876,0.0015075568259448474,0.0030451825008933715,-1.6853130224732515,0.009585306649420592,0.0034690729564469166,-0.0825905166503635,0.030604669918252392
-0.7245227932310673,-0.01060209933300662,-0.041263966301915395,0.010016211390059083,-0.0019179511438158444,-0.0015933312274966234,0.004876159821331497,0.09442926215469094,-0.0028755592147281656
0.018418694126207138,0.07033497908107383,0.01306440976934544,-0.0008734937846149559,-0.0040154530210905395,0.003144653732052994,-0.005682729119420292,-0.6056602874864088,0.01318379195930261
1.7907915971344521,0.0032466279519952623,0.0018981816667159729,0.00010042545410818147,0.0011120204561485174,0.004708172053806995,-0.047346998569668966,-0.03529795148528492,0.002349913095164441
4.495959437494439,-0.0006831982053769441,-0.0008496095772916323,-0.0005029981557703013,-0.019552340306431774,0.005195960546975718,1.4610040424297976,0.003154014076520319,-0.0005213865277740037
-4.333029243159891,0.004430304938773273,-0.0022831415423409107,0.004995853073950365,-0.002404010375772269,-0.1441219382978993,0.7573083939198981,0.009647483091197156,0.02244192189963512
-6.532000198224443,-0.015753408783702003,0.6571951172825337,-0.04987200370633216,0.008182734524681323,-0.06520154984323501,-2.1065477724051744,0.005225386482036409,-0.08209618672150043
1.6358362144426202,0.0031317971532417175,0.009515872585323992,-0.9054746165498635,-0.00483068779717713,-0.005517572779303807,-0.00029516781504208356,-0.021092936767175142,-0.004347419377866257
-0.002240018729671578,-0.0008048721373330502,-0.004946286453166608,0.7259086609019615,-0.007178297864215104,0.5043395004230334,-0.006285842620559366,0.004570955733457653,-0.0021981044325251587
0.27497976559336385,0.0046924303463790435,-0.001294854075284178,0.017843503890525053,-0.03168887091821152,-0.012905377764314356,0.042831353540748296,-0.026116544680735355,0.3749332408887873
0.01476680398840629,0.1627969987694866,0.003418255547739415,0.004742897997398962,-0.48520339170028803,-0.8599583981022679,-0.18408752288129357,-0.028910885046446653,0.07641424098794371
-0.003975312088171022,-0.002156563673885776,-0.015795529926902516,0.011872132805069182,-0.014495427296585752,0.047715539666995176,0.0010940585404929904,0.009758765151624627,-0.004389264014130357
2.558329057806026,-0.0034008617057564,0.006431405894617881,-1.281033758561938,-0.0023532414154356987,0.28043814206567774,0.008306700309873275,-0.02740453093186579,0.006710354218225079
0.0020870182782707332,0.8405085257272162,0.0006986311524054059,0.00023985109427186388,-0.0017611218678427448,0.2555954204449714,1.5395759005437029,-0.006082482173514211,0.019186413258230117
-3.330723719741214,-0.029925984124547715,-0.00819291227818475,0.0052172001771729135,-0.002541975640212888,-0.006169528102595163,-0.006298608670519137,0.15183904920245622,-0.0018446601389109363
-0.002940476202648549,-0.002439356683776319,0.0009466347240076829,-0.008654809502177067,-0.0022578191303420274,-0.0016514738582955326,-0.013856845739675279,0.004254185168199677,-0.04650928798617702
-0.0032493452279984333,-0.0022084025902504153,-0.0021536964535669267,0.0006481897088652918,0.04763871191830441,0.0007065191314314003,-0.027133058510847508,0.005287222496146681,-0.01231553551867473
0.8880986693285333,0.0032518261251991767,1.0439701626048494,0.0016362931932007024,-1.548474242903594,-0.0047150563172951455,-0.017425917188008823,-0.05139083728195981,0.007515745755114378
-0.16785779127342815,-1.1971325386423253,-0.503201765216641,0.0029192712713370095,0.004433441273966818,-0.003984205867980522,0.012435642906087965,0.24043706125256614,-0.0035011124212009914
-3.358859979794925,-0.005510633425601255,0.005496372883252498,-0.6758235192259228,0.0011348694761163357,-0.0048451677590081454,-0.0022260207327240086,0.023123010874793064,-0.06652813344887565
0.003648297791482591,0.7107296557703306,-0.0022366703072823,0.0072548875955339605,-1.972951322730737,-0.0013637118411513433,0.4088151459014818,-0.008027709218963393,0.17748290449076776
0.004515363148907036,0.001001063897966832,0.36442928976165745,-0.0046094341624295715,-2.7671759536079534,0.012791648826846658,-0.0022128052207317068,-0.010632572764712474,0.0013923521075288117
-5.163092133757633,-0.010307928606905312,-0.39741059539334245,0.005794184742104469,-0.018328003486474537,-0.0033899311530024567,0.9516330594784908,0.42792042801224106,0.0022745195419202613
-0.0480833040343432,-0.020793182243945676,-0.3842328451578396,0.01370114416483692,-3.975001124451659,-0.928496711058163,0.008958418396475168,4.548382683350924,-0.0028591972919954634
-1.2710553950123404,0.0005291655163885394,-0.0038887713276391372,1.3242637354233386,0.0026987242534042815,-0.0024311302411857715,0.0017018413768512632,0.022818602402953636,0.002026167773479276
0.003489680518091844,0.004327294879474192,0.007431101087180397,1.429849474009228,-1.5249682967175262,-3.069548891109464,-0.0004666133103651375,-3.1792731531780762,0.011430422277027397
0.006448118020878685,0.0054304070318251,0.28246095704063123,0.00014962713726537034,-0.00015520549161913985,-0.0010264657621206219,-0.031310471553891064,-0.02432608021544906,0.00799681321267394
0.04953454040587296,0.6172641832271517,8.96020522565058e-05,0.003449879535746176,-0.016150582896383874,0.003367314076699536,-0.10000046264618251,-0.01396435474622815,0.0361565824068234
0.002768862550241417,-0.6185929992405326,0.0040242909570278595,-0.04389757610067363,-0.00038137063719775877,-0.0040018376613017,-0.010435835056384478,-0.0015666454198384507,-3.2805592189710673
3.384852969795671,0.007095058060841224,-0.0019705404167036644,0.01030725246568922,-0.004643053606847667,0.00974923629070028,1.475991018961452,-0.057501464214231225,0.04218205604382996
2.3579971889572198,0.0038261966272150495,0.008895070710272457,-0.8868127057021336,0.06870991488756545,-0.044019021476797024,-0.0059648980022481025,-0.7241189534079596,-0.013822548864422135
-3.7194506724812557,-0.0052007086448600925,0.013485236187035565,-0.015993385661469503,0.0002760159861741277,-0.005495954465194211,-0.0028618187123090524,0.009304720969333498,-0.025454528071709115
0.009108727506430124,0.16765773899114544,0.5522081903633554,0.008123243479267205,-0.00423772687773026,-0.003043851026095193,-0.006316770575879554,-0.07567018825338245,0.11719182361231406
0.028019557443119562,0.02402692938866144,-0.0023419085083784957,0.0559262036734777,-0.014432159326596418,-0.02365735324814324,-0.00034380269517062336,-2.5498737497857658,0.44334551031579794
-0.00407276061090653,-0.012087689080815315,-0.0009979142833363129,-0.43379941961139706,-1.7551895116954452,-1.6291895168962105,-0.0047743695920589605,0.008065276094306677,-0.07516836586983529
-7.99808774437521,0.009829017527983874,0.6433127291843803,-0.00562001119829364,0.0030206713261658746,-0.006075227012140697,0.3176082144962935,-0.014839670424866336,0.0069134371888179835
0.002486052346826134,0.003515473878351881,0.0003985180856372829,0.0065036710370353565,0.0003676827761625765,-0.011981070106596726,0.001375599693293769,-0.004479788861006242,0.04527365203032271
0.9655187289105449,1.8286044979878662,-0.0009642745108315448,0.0013283097958059938,-0.000999102290436274,-0.16153994671117472,-0.0002982780664783011,-0.027799642009591886,0.012575035285383063
2.71099099575622,0.9794610463544707,0.0019234308712768877,-0.0005801902261450371,-0.0035942727447855274,-0.0057227012453251475,0.008717678483536231,-0.06815787785923116,0.018715604513296347
0.014775655729676063,1.2060456083115352,-0.005583091812556562,0.0365272550351903,0.003959986742727054,0.0007781894337051973,-0.004592817587428149,-0.07456521710239773,0.13414936664547428
2.8282813300543714,-0.0027692999328233145,-0.0015954457973693104,-0.0009379486361992574,-0.012519893301986147,0.0058782432632139515,2.1919849313976734,3.263693980144495e-05,-0.004015596161788038
0.9287803259455706,0.03243595545298589,0.002468840363230085,-0.0019262651458593562,0.0020527720130421485,-0.0007230158917554846,0.00030830316842841293,-4.422186955466134,0.011870644290917998
0.027626099863935667,0.004804127481133353,0.2663070024965014,-0.0049429869796898465,0.0032854036247158677,0.5437564923461753,-0.012319063604448212,-1.2276096993651295,0.0017093263841697487
0.0006917638655390111,-2.8479627008373747,-0.007194290825083216,0.0014883823240328348,0.004974035674976989,0.03068519700874293,-0.0029024865887937457,0.012290939632049105,-0.0008029810048302277
-0.7124275208356092,-4.232347153487853,-0.04630076501762015,0.010707580403971802,0.029421009555197233,-0.10103724004264415,0.016305223383107983,0.06905097945888602,0.022612134200548084
0.7040707185586415,0.32480688284124604,0.0009286675319404997,0.003159941040136342,-0.0016861423970338145,-0.0408934550498754,-0.025266630237301958,-0.10283166039744182,0.026538983286268303
-0.008467097728860555,-0.7841892193994406,-0.3573387830005701,0.004644879240705044,-0.00435448797732676,-1.2872762388950938,0.5714361737320022,0.043068670179994134,-0.00622126334992712
0.009000691163897038,1.1468910088905835,0.007144991295740602,-0.006788711570176586,0.013115947839057937,-0.0001484005469485298,-0.01747137975172257,-0.0845805753763925,-0.014636208207445323
4.531455863523343,0.16387106546479885,-0.1694192215125918,0.026161389822531342,0.019646259443880633,-0.0008765931368319136,0.00963939943010765,-0.025333553076348075,0.19493325343494483
0.018281458757050947,0.0013624990719123225,0.019806011773063403,-2.2071945090052276,0.004872522921449622,-0.001857657156214789,0.0013463084027102517,-2.1495891941965817,0.008789833829994709
0.07663668381580506,0.0028484497915255546,0.006907796966413984,-0.005008899723868178,0.0013373294788615164,-0.0007939940119331023,-0.5948565493601167,-3.1099843968538368,-0.009033105658575624
-0.007319848304093333,-0.002742975393274763,-0.029067898338607564,0.01880311873495839,-0.6256998799357119,-0.004461779301400451,3.4849301011700473,0.01638159346785579,-0.00388717929311724
-0.01521494046302198,-0.010973147798303915,-0.003986362049529277,-0.0017802264268329733,0.09984745155373653,0.0023103752963451983,0.0008837820540812192,0.03869635466362645,-0.045805908768401786
0.8770321010636016,0.014803598388353045,0.007147784249338665,-0.011005858067540319,0.03368437799132369,-0.0012448442193569314,0.011354286313344654,-0.10476305995095658,0.015467516117549651
-0.5340443621705661,-0.007072488209605414,-0.007284333093108025,1.1471372030560227,0.0013045128137944258,-0.0008417596105697212,-0.8005500430224335,0.028835715273345643,-0.02091886740711693
-3.7939141489842547,-0.0007203613311956812,-0.027809306535367728,0.03340587835692577,-0.3889210377583605,1.0867364289188242,0.0014295700470056405,6.291487802063767,0.005665933513701704
-0.02550660841221311,1.2118184545352824,-0.003093803753345524,0.012648433602361769,0.002729176284054618,1.0675617888359046,0.031736182676729695,0.009834286341706225,0.054651435312846
-3.4509091872442883,-0.04304176968222177,0.001379730656371883,-0.0018563541211235185,-0.0030599053235801973,-2.1368588810806983,-0.11110513633033642,0.020450892145765825,-0.04159353351737871
-0.002065435793606457,-0.0023294589770507593,-0.0005316176578282981,-0.002682414405631418,-0.003506034458034147,0.000655034558133518,-0.008340609389702795,0.004269914311325306,-0.018561751581085754
0.0015522114338461096,0.007631422700144726,-0.0016068778975358998,0.04666079065093872,-0.003530004904134693,-0.0025099434371409057,0.001593435143017586,-0.0034770390486969366,1.8611428010126425
-0.0005083692169578283,0.0011447864533393887,0.31739439383881246,-0.0052373159043687945,0.77341346165829,0.0008521650317851926,0.005499850861840151,-0.0016787593726601685,0.0024031144906681186
2.5976952316135393,-0.0013598716781628739,0.0004174698029325852,-2.043941248244658,-0.015356037283905683,0.0053680787365149064,0.00858474279088257,-0.0010917748178102035,0.0011896166909438621
-0.005652453036006987,-1.8518874862090167,0.008623421196716885,-0.006666727995649033,-0.007895990207185049,-0.0077096749095827595,0.060218866763484036,0.0013788860754082133,-0.017301825728953668
-0.016637845113161916,-0.25049772242930185,1.1643620996342214,-0.004568348668666303,-0.009050999047823392,-0.7914879465348277,-0.004540378826041046,4.488269545709723,-0.10957432020486113
0.0059054890726274005,0.009452003058430775,0.00032956536686855526,0.0025133308798602682,-3.543349355069551e-05,-0.003035594382286952,0.10442266187984868,-0.014022688821268121,1.2979586772104037
-0.053121638707634755,-0.6235210130446249,-0.03808109277555727,0.01930243069075588,-0.001637667645956976,0.00836274857805037,-1.0295659453394688,0.524932168771505,-0.009095773987631228
-1.999215326630939,-0.060161498875970276,-0.0006676627430832888,0.0006286956107393047,-0.005330299792087734,-0.013140333148833278,-0.009404163164359828,0.03525383225036437,-0.019752571809528052
-0.003443951989340966,-1.623361908565807,-0.0011555758729882015,-0.0011768063704301322,0.002062551544821715,-1.5762209065023962,1.6277675353610515,0.009588479644974935,-0.02156512731318805
-0.01284338535526678,-0.1167639847728841,-0.003200951745344136,0.0009109761093679019,-0.003097534761008445,0.002173054211681768,-0.00409614371668278,0.04539633295218532,-0.038492972402905556
0.017522032768180124,0.00951864691732698,0.0016771654170334646,0.0016681829882629934,-0.002125953345925315,0.0020561663946098395,-0.00028837572897598245,-1.302252895855462,0.012397221385868087
-0.00029797520033200204,0.00015334036386228594,-0.0018470489022134747,0.015048081796055417,-0.0017903745672455402,0.0063896252626253576,0.00045490052176145636,0.0003585274176872116,0.002537332118191159
0.08979123316460216,0.05887378967466854,0.057885652644074304,-0.005213773266104463,-0.003960492844689318,0.0020034790840908418,0.0003620658619216937,-1.881015788727273,0.008823336895262573
-0.02438223678507212,-0.4949651355291115,-0.0015983638080570468,-0.001069038381593044,0.003954236753960282,-0.006077901804059826,0.001968160700305727,0.04031365321833401,-0.09016561008026003
-0.0027762911722198497,1.5452932460764517,1.1486436200879844,-0.016995045796177166,0.005325208294645025,1.7773725512601921,0.004064129187224069,0.006128420976302562,-0.004631163376502823
0.035205445819542526,0.013623387309038271,0.01708949797051254,-0.008563386373895372,0.008241771941485582,-0.0008488866291973561,-0.5604338219632785,-2.635892036719775,-0.0012154115012180389
-3.5801629548694835,-0.002679246452930959,0.6495880033006545,-0.11223437255719182,1.1982380234698782,-0.0008762678678482672,-6.794198650389438e-05,0.008523795734588446,-0.015293174381829144
-2.4329072360646697,-0.004144563795829762,-0.0005820941170147365,-0.001393749284994349,0.0028588942392772853,-0.0008500530823237721,-0.0002897213799622307,0.04779991125191245,-0.005410804661924562
0.47251615485867354,0.005110162419524765,0.00035259451004640216,-0.0010618604465838521,0.00999333472522064,0.005119968417561704,-0.003852370961373296,-0.01755466460731335,0.008013329850531235
1.270246901649718,0.004920133259563487,0.007825222446025404,-0.002128504094844317,-1.2604055978350135,1.8656228857906116,-0.0690432290001062,-0.027640403962283042,0.0011607753662430248
0.008583424719527893,1.3710554496980203,0.002650379842363146,-0.002427856919037392,1.3246098082795559,-0.9446778684722382,-0.05488413467790863,-0.016564415801918014,0.0013525591777957535
0.012976806005416362,0.04725922118819137,0.03465132407148166,-0.004371025890792064,-0.1583681079673652,0.009241255542189932,1.9013495210292262,-0.06852126911459305,2.6191920740393084
-1.9052266821516715,-0.2754054916171651,0.0034418790113351777,-0.004674939023394363,-0.008160689100487863,-0.22938484928642408,-0.0003924272655686546,0.0718817719132874,-0.014691110770156057
-0.001315274372799728,0.0013162329698854127,-0.0006905702065193179,0.013383170204600154,0.006924032482927083,-0.00019257534738180613,0.009241511317859991,0.0005147776550880215,0.009975547827911779
0.021070688938917795,0.0786514169110587,0.0006406061018269932,-0.0004790950228553371,0.0031430464699174626,-0.005224367611174119,-0.001866551087907068,-0.021079350632202065,3.4601183001226605
-0.010672234846333888,-0.007300979149669883,-0.008229056463177412,0.004447951151745783,3.1067814391095103,-0.00878759255423365,-5.406354727222583e-05,2.3696056105154772,0.007230822171509277
-3.5856051320929003,0.008118683269621563,-0.0025510969168118514,0.01631096306125135,-3.2152571714766434,-0.0007044137769001459,0.004807191556700957,0.0008244300724924783,0.027047267678498743
0.000571679271462604,0.9077298450965596,0.021667340841019928,-0.004509510572122713,-0.0009447507126688999,-0.006697686879494182,0.01957288740454322,-0.007781336897992545,0.030563176937284053
1.4671037313027258,0.0040192878508140675,0.5269210258281554,-0.0153192717749292,-0.0022857229773340336,0.01658990159540611,0.004758015325785174,-0.032847439065874895,0.0008574282285417345
-0.02189098835431676,-0.19481541801627067,-0.0064746654755383545,0.003597803151429109,0.00034159021816491074,-0.004537925041356737,-0.0008002321290338783,0.11207187379389326,-0.006916853926695582
-0.008780258497469886,-0.7369067248314134,-0.0012286356393339803,0.0009053555401409459,-0.9470942531341717,0.010085649472061912,0.003993965567561007,0.02326945481362751,-0.012039029637447851
3.134986541016079,2.516400100754345,-0.007772234669792932,0.9977306918709934,-0.000608975906810371,0.0031047891908142075,0.0024384121101054465,-0.026799561709773573,0.06608533399520233
-0.003055017510156887,-0.5922784436457798,-0.00416775559777291,0.0012406222953267338,-0.0028293764062926243,0.00421930806567167,-0.0013059002867626835,0.016396979357137534,-0.016901863979026877
-0.3434011767363281,-0.004248955314925369,-0.0011159830784313492,0.0013578786168865356,-0.00415779097634527,-1.5122545907601783,-0.01183264811876675,0.13840933294241406,-0.017503428679503386
0.10224422006661711,0.0033075542338199915,0.00776341086131771,-0.9725917836734416,0.002188696245883852,0.00301560349436029,-0.008116410073045463,-3.6907537137212496,-0.015993124443234863
-0.0078234330158954,-0.5715912775038897,-0.001792161988258642,0.0014655232180962117,-0.038617356619616586,0.0032065283238629397,0.0009401351032872962,0.03280165554122916,-0.014143739080195505
1.4610496842786111,0.7575873137044288,0.005172833711223068,-0.008953436609752593,0.0020961356772056326,1.688851277486185,-0.00021214495885988477,-0.15335848915263528,-0.0037936409302545826
0.17671235701812316,0.004662357497429185,0.017184507121714113,-1.34135371105748,0.0038321675669744457,-0.006358361006049807,0.00808878843248156,-0.07661275710715504,0.051657732768073276
0.20894830064261447,0.08911378713957413,0.012692113353458712,-0.2585341884302016,0.6744190791714503,0.008133499626801514,-0.0022639207685256,-3.943306478539726,0.0006947970815921467
-0.10107085440525497,-0.006601829069778837,-0.007885363249517503,1.101307906117274,-0.0020165331175660663,0.009518503551431483,0.0007376177798229769,0.0335288781591164,-0.01090323218430036
1.8566610729457464,0.9817189684101999,0.0030043553714768217,-0.0014033826595676274,-0.0005448713066232413,0.000859930911202929,0.001100969025894169,-0.056698417014651885,0.057507613079029074
2.779889509236272,0.1440355422042353,0.00024983397124409,-0.0004421097399644105,0.4928219782904135,0.004247795184039096,0.07094966718498692,-0.09286345074899145,0.0275226322325538
-5.850810719042901,-0.0004349491484005835,0.03899452641948731,-0.006070911054100209,0.010450929675901832,-0.006379503173441235,-0.000272861273489234,-0.046015123334527536,-0.008063524971331892
0.004318530373802537,0.8551428571902129,-0.22540776651109018,1.4481009190618237,1.7204862368693574,1.741674111217271,0.0033056939271999992,-0.004189759557373071,0.14326460773640504
-0.003840966504017336,-0.2270529532994212,0.005146076776957227,-0.006214569546074029,-0.050004551678217636,-0.005330331365378338,-0.0003137973851009071,0.006535450294665471,-4.435767860846855
-0.0014656992710422312,0.0005374858366077179,-1.0809866547948277,0.7907754289170401,-0.00673435976216941,-0.006994281037420515,0.7946777288729315,0.0022654877974294663,0.008278632155155632
-3.0518242945951783,-0.0005167734638482889,-0.02009780374834652,0.02309553892410804,-0.7427493846194636,-0.00856632340413649,0.0014358670154207241,1.6733976555605725,0.00829088469871575
2.6968403570486825,0.006202948503935686,-0.003975463794756301,0.006414712579702337,1.486272854035708,-0.005673641277411408,0.0005907924917938501,-0.028184667496808945,0.02725459711455036
-0.002864839113155798,-0.6934189907939903,0.421243103142933,-0.015978524579641072,-0.2805041913095103,-0.4765093741459964,0.005586010623790825,0.00472359348140906,-0.04722083835206192
-0.0026249108542984543,0.7449563429544674,0.0003886109717025285,0.0007330137025982527,0.0046816402854600765,0.00447314522022917,0.036165736052101854,0.00011522944308494515,0.02544761484474367
-0.00025940081344399566,1.6798071904245813,0.0014794393898988345,-0.00012091178452930743,0.42561616044473866,1.708705448069993,0.005825297419479087,-0.010110260027142413,0.15387148469334377
0.1986148543496391,0.011844222258982434,1.1387994571714188,0.00032627689525625836,-0.006121902237693089,-0.3540314258226134,0.004456479696539178,-0.03643551015228502,0.022760338069400032
0.0024044065735114185,1.4590256122281957,0.0002476182516528147,-0.0013947548424998488,0.8122935932620786,-0.008418317016002756,0.007745768538692972,-0.00774083057678587,0.009390562181887163
0.005664392601414043,-1.7428114077543968,0.007084725476852932,-0.47860326097679096,0.012021932374887783,-0.00025317039264619067,-0.0031789419688556357,-0.029243575094059664,-0.03478646204552782
-0.5216824630926562,-0.29746430660267986,-0.000676999688169172,-0.003386079223384909,0.004538401097252119,-0.05616180657233584,0.5376249546458929,3.7408501941814496,-0.020332043203850403
-2.5653000567673616,-0.0030196587059935203,0.0027161489124585686,-0.00203128935270517,-0.004719905624364357,-0.5422684216177666,0.004765391917696687,0.008850074051000911,-0.006494473605582363
3.9158034340652392,1.1368712873015505,0.0007013269970638503,-0.0003105169390546555,0.008229078418924791,0.00953505902065648,-0.0006557705446440486,-0.03353229415878636,0.02947155078385455
-0.0019594942299541564,-0.6906344991818891,0.0004443059130253349,-0.0031763733667957476,0.9015302480076217,0.004074510917924061,-0.003984470061527615,0.002817625562615421,-0.041017551448990996
0.004663664513669636,1.915202179437979,0.04662081762535464,-0.31894144753723386,-0.00047336010687990676,2.677621476688373,0.81600489725228,-0.020788661666591234,-0.007471285239733061
-0.0034013044439753057,-0.009688758964038624,-0.0015654588734259085,-1.2312419976488083,-0.011082721808180726,0.01266105755348956,-0.011304350317409341,0.0061947515630314705,-0.057241314043426604
-4.578256820360103,0.008448582485558022,-0.0024778088438280887,0.007153647778154937,-0.8865950119454342,0.006827850617269244,0.009180587942310818,0.020732481779003272,0.03381791341689466
-2.9337951473816335,0.0012488046347610047,-0.000988968816401925,0.0034680514544163216,-0.002214942444815439,-0.0039577060567219,-0.00309493540219289,0.011334321628097829,0.0023601947483976593
-5.361827872112031,-0.00037095425234384,-0.280278892115434,0.009106559570544126,0.001050108408656495,0.00031289969496980756,0.004162640880384733,0.031015743283685726,0.009437274906783033
-0.010971066045258097,-0.04220159367535359,4.778153455091156e-05,-0.0012654280758543426,-1.2186768238311136,0.0012144667715489306,-0.0009174442675406779,0.022066645603961946,-2.7804218125014697
0.07455905008320794,0.661552985253555,0.001382422514330947,-0.00200412396200107,1.2417372420552348,0.0013175807180759568,-0.014230701174918934,-0.043148373119891,0.0037942149544615555
1.3097903427847106,0.004806994685777343,0.00411687492415045,-0.0018590967004284502,-0.001208071259123286,-1.289122229719909,-0.0048586293452417585,-0.12374385440861889,-0.0009251268572357807
-0.0014335062455156982,-0.00041672834063695625,-0.0038517268644275957,0.024666097821358975,-0.008982484866438809,0.007846682103608147,0.005971738793135698,0.0025766826152884208,0.001505253385431369
6.241803551105445,0.01509066307809892,0.0007234654061400447,0.002603923009552228,-0.007199603742669258,0.004925824499680931,0.11744240430385433,-0.02402355938726386,1.8535142560408886
0.0005935894865298479,-2.2726205604655583,-0.004219543068299303,0.0011482646637886208,-1.04322228480498,-2.502024957163901,3.1668058457135118,0.0076949603528221715,-0.03815393650146692
-0.030731746192710425,-0.008919543387859935,-0.004521261226437728,0.0010748882317857015,-0.00779501802617478,0.03698008356116954,0.020350486120143507,0.9887415801001127,-0.007369063107469841
4.149369848570365,0.7838945068521881,-0.00046693287358906543,0.00024942872571262877,0.015103999336759759,-0.0021578855395704886,-0.005370310170233643,-0.01606920671840533,0.004445745460992745
-0.03931575231119743,-1.5354831352226883,-0.015537869329276172,0.005810421847858835,0.13137148498556123,-0.5828330411577941,0.0035424814070398013,0.0237876688668473,-0.006579111140150973
3.7123024534067905,0.007729537201652288,-0.0065667471623105655,0.010784719654853576,0.00037581962432462444,-0.327812771733277,0.0007756842877384602,-0.008552088980355827,0.030383089127224316
0.24090357654680072,0.2152241014411252,-0.003257501133151486,0.3247847213472347,-0.3245753163760022,-0.0006858793237889715,-0.010791595044820565,-7.30420422790982,0.10157947590605865
-5.832244486034626e-05,0.0009812698459972465,-0.0006497699680617869,0.012131813157509375,-0.0017653694778944936,-0.0005002059776605053,0.00641243249694985,-0.00031561082234737213,0.0109899407758478
-2.552741082777878,0.003775273901809137,-1.408799556263812,0.8239707005394852,0.028326966347090032,-0.022353301480923883,-0.003820751054345442,0.014614644033093427,0.01970537208058809
0.004612071556861479,0.004912759744290169,0.007398994410665296,0.0008817765036470578,-0.006700212927733532,0.06181427900440692,-1.111855299999994,-0.012506066549173448,0.023854861217347093
-1.5773302001674319,-0.005488650990390054,-0.5801489014869241,0.0016672607330035782,0.2032565393472332,0.8465609343835823,0.0021835740920131616,0.023745399962509767,-0.004185966393929513
-2.4492035781545183,-0.6893969952518422,0.006697390620441224,-0.02329775534416001,0.001340785914432402,0.018667846149491366,0.0010693714508180213,0.012313105572278188,-3.719595281281265
-0.9490294139710233,-0.0037545302993509415,-0.02151972614756767,0.004013641959504252,0.6987135023191117,0.0059271256653829875,0.0021325350142176657,0.045131098586716864,-0.004151893917394303
-0.008162724246206147,-0.39252717706861373,0.0009067304622074317,-0.9061365335269235,0.0038213518267124487,0.0032856881629166564,0.003027200019589571,0.014466084282513154,-0.03793588910317519
-0.10932807506121878,-0.21098141373913604,-2.3711941466813408e-05,-0.004345647204741655,1.036584686198763,-0.0036505326663711342,-0.001413996295012601,0.051043698698598816,-2.1472627340005683
-0.06557381667490973,-0.026385164588625887,-0.0010653452428820154,0.002036290010647049,-0.11849858916356983,0.0031461989735282036,-0.000841102198241548,2.761439487720998,-0.013495593405545458
0.019451864111699958,-0.7053302724657416,0.002867950271900163,-0.004360212214303608,-0.010441193968118585,-0.5515307089397694,-0.017318400514309627,-0.014086998213993037,-0.022964034207012596
-0.0031365922023301523,-1.3083605313089273,-0.0015411623601418595,0.0026952741708987688,-0.006990403957012574,0.006589952939158707,-0.44527481435633987,0.01467785905074782,-0.006132056312275647
-0.0016547023855398302,-1.5713084831491573,-0.7245391448420753,-0.0028992385140445553,0.45456188646487755,4.125091823280885e-05,0.004241512183409901,0.013376878307126083,-0.018961929359513352
-1.213831046831278,-0.002245657586856494,-0.00371905934826796,0.0011311694521329834,0.7654712990559774,-0.0017788263918857177,4.242535403899143,0.04940049461553365,-0.003934679862624246
0.054646468200897184,0.004442112211307553,0.0013317982631904665,-2.0556494068647415e-05,0.007268098487727686,-0.01037451950271651,-0.006790702681457304,-0.02222334043554982,0.01897466847628141
-0.3355728193279094,-0.04887083645885882,-0.00031299048924404715,-0.0034511702053712278,0.003030290274429531,0.38775937813661643,3.190095287911158,4.732879449399022,-0.09364727954531382
4.076750637498543,0.0027082166624468134,0.2509195653663978,-0.014260238727023311,0.00770193503609528,-0.0040110555032975125,-0.10100956715002207,-0.027084362315960592,-0.009235845048559788
3.087415649540697,0.2674114935083436,-0.0014699188078131364,0.018319006582834585,-0.02200871475770254,0.002056616527614963,0.004131506635722315,-0.03466778994584806,4.634575032970737
-0.006123187142736302,-0.010224882051804982,-0.00012380016289632206,-6.02214623213635e-05,-0.010272587053899777,-0.006460111343015143,-0.015116542805487064,0.009358164154626283,-1.3842094860079828
-0.0020067468110320195,-0.00038564019093551997,-0.002797974969713833,0.019441241159941693,0.002541376780188709,-0.9832713089044466,0.0021850798279797194,0.0028661156184182903,0.0021868465422954877
-0.0008739130410591475,-0.0005808236158645261,-0.00020506479770226273,-0.00048187848322820987,-0.691545725544159,0.00226650307815652,0.1517889712025053,0.001609327534716291,-0.0003574067155472252
0.005976681330457271,0.003837953209040051,0.004749061614658649,-0.0034464562927854795,-0.009037647515077395,0.0019880692989000357,1.2381346409870104,-0.010264432977752005,0.015663840010092744
0.003565114522998466,0.004941080946500303,0.0046415903514382935,0.00037623556610594114,-0.0033960669173030565,-1.4339796457955596,-0.008157818049791597,-0.007938411210339951,0.011944782074586718
1.0404435640358165,0.16682933002508943,0.006167285500764952,-0.003717674214844692,0.0026363637662053588,-0.009227619971883556,8.391165130884441e-05,-2.719283606417234,0.00741770992885088
0.00524466918568986,0.30925826093355435,-0.0019868321644507143,0.001817464004952897,0.005116107937676528,-0.006310425180178447,-0.0032171797741750606,-0.003630738889017285,2.031264324035658
-3.238378569239031,-0.1500875398270375,-0.00028676772652326543,-0.0028646346522826424,-0.0018654612104941938,-0.007536775154928607,0.00045261435865541835,0.05093689126121201,-0.03183501180149084
3.2159910366968854,-0.002251077449773542,0.0019091019845675905,-0.6900714573114584,0.11588547542082295,0.015120002761452143,-1.4869351006052844,-0.008962832143546538,-0.012589778074922342
-0.004666116585480378,-1.0949463057213036,0.005265929369192762,-0.9515664321455766,-0.0012901344315677079,0.0024651238057742755,-0.006821170699123143,0.023078983952554068,-0.04003020086581088
6.911783213462881,0.013838960024059668,-0.06422515544994845,1.1388682728938224,0.010282477804909325,-0.47930294067257645,-0.0010783405851600564,-0.005070540226872616,0.016693364843946012
2.764411233561646,1.3463474411499796,-0.03489571150394466,0.006801497866341884,-0.00022960667207630459,0.2583460852064957,0.11531764675281697,0.0024797260026147294,0.1265318030755127
0.0038676348100282025,0.7403779227281592,0.0012555544175519712,9.314313920235294e-05,-0.0005717027208670599,-0.002195610382869279,-0.001339655983075812,-0.00998014029730669,0.011602519945606682
-0.048884637578624456,-0.015228900536287667,-0.006967238402290911,0.0043581026351648,-0.002147968708006447,-0.008900202536338064,1.8267185462211981,0.5450944777770069,-0.0038450463660271578
0.005893555782915859,0.01218730605165963,0.5672790127104159,0.00313082957815098,-0.0010366259984107163,0.45088632598102885,0.004209047201854597,-0.07013056346974184,0.01867544911095896
-3.7971181265292144,-1.7685499533444196,0.04050553684841307,-0.013297554171155038,-0.00692661317629302,-0.005443686765337205,-0.005470361287525942,0.004413866089269872,-0.5714986915911737
-0.01551877401904344,-0.03219742702563863,-0.0019199824814770299,0.0012334812798474636,-0.299985896505168,0.020320726088264747,-0.0032202599135704962,0.02198812447551635,-0.18713960547784947
-0.004429879270368326,-0.5606756552396578,-0.00017967736964974446,-0.00215570615513728,0.0007832464537897059,-0.0058439030888462465,-0.02519219783965115,0.018918049524141084,-0.15263792333969306
-0.03635259399857544,-0.04014805796428169,-0.008223401399599845,0.0031995486190585848,-0.0020915644170312366,-0.0034104393425951306,0.005167945566483604,4.4050177342534305,-0.007965347141994816
0.0016476496966182056,2.693915548157413,0.0030224530580185427,0.0011708785167425014,0.0017669634392022161,-1.7836486086685444,-0.019711576378030976,-0.044055575521418776,0.01398704413250984
0.815253995394841,0.009897337696942555,-0.001185862925290243,0.0020170873806658112,-0.0036405038692688993,0.002449826784546173,1.1877131015582516,-0.012873869714482924,0.044408203000753765
-0.001425249899005973,0.5181747373282751,-0.002384085738154313,0.0047564630211059345,0.047573899203559936,0.006964726546384613,0.012716067075695735,-0.0006247052782791932,0.03262399542797845
-0.01406788131054421,-0.8543358264275126,-0.1617298340271658,0.005467617938071941,0.035822795296937285,-0.2023154573476469,-0.002394784246476985,0.08647323167977608,-0.0014341333981676696
-4.0435361080380225,0.001589569372137033,-0.0031566729402794647,0.011025968352606576,-3.920360611730781,0.033614706416832535,-0.003167882326268523,0.013227269424294273,0.016331750602822992
-0.5387499609465922,-0.003464173842023535,-0.7662649395729155,0.1496429507974173,-0.0046445640527808425,-0.017689317679199047,0.005393162558067991,0.045708630461815114,-0.0014495328800289142
-1.823271169716189,-0.0019707501744736216,0.07995686556656334,-0.04324247620462393,0.008342067389638202,0.005946952173553064,-2.8802849426449226,0.006096567613404318,-0.04147228365963895
-1.5876719956592202,-1.2440647080972216,0.36842609345518174,-0.017007230438062734,-0.004572270335436689,-0.016256098703989485,0.000927312157171678,0.018720778997786347,-1.3793198981817696
-1.9322255743837116,-0.017572053075627085,0.20022039002776393,-0.00450140253459802,-0.06946900326953809,-0.21270536977502671,-0.014290644150603125,0.011411223298381422,-0.05046436230784912
-0.004690862621607332,-0.6830481751572273,0.0009425016691938827,-0.002152969936878445,-0.05257734639411202,-0.9970262235983947,0.0072817607927381945,0.010243871195140619,-0.0416983055209309
0.20377034862987325,0.7085869339883131,0.0012838964088919338,-0.0015882786560512136,-0.0007663593383937344,-0.0072492701726292845,0.04820485757019903,-0.04731195348416276,0.3877892492489128
0.0009746383403746747,2.348495909616143,-0.0023237777610671667,0.0013041232190976145,0.012485162466570228,0.5448857695457281,0.014618686925078929,-0.0025323082414082784,0.03016895340513548
0.11848971674801535,3.237328819958094,0.006178732408283261,-0.01544166171116774,0.0051779044399901525,-0.00032865540754057666,-0.000842941025834168,-3.6024857024435386,0.004663956596674623
-1.978994610649984,-0.003208957858118841,0.0010746246679457575,-0.0016813694297413552,0.005580590489943877,0.006712836614632412,0.0009228509969439998,0.008156666161497723,-0.008943026817001348
-0.01702028111182871,-0.6079394343689535,-0.42542084609413866,0.002299095803341894,0.0024173753251309172,0.0009734921900717928,0.020414184853189972,0.1286547574590443,-0.0017435335033459398
-3.3709493691737045,-0.016630451340683406,-0.48326842663813085,0.0004598373467573219,0.02049151294776667,-0.000503835613211507,-0.20327339287491453,0.04443029347867522,-0.18374695894166626
5.244972801863582,0.00014374959857682557,0.9941347587136704,-0.022713341443016177,0.05176987047481815,-0.027128604985303326,-0.2897676592942924,-0.02392581073551192,-0.018101559145974777
0.0010956065180222551,0.000246002308648796,0.006604958009951159,-0.9677391827182321,0.013824991146612958,0.14320268608112194,-0.6280544709382528,-0.0027657580248629052,-0.00033118643576914063
0.7850280428093593,0.24105890398310054,0.005190583142295133,-0.0021677147627582544,-0.002640936662313439,0.3354150512776431,0.006730117991726252,-0.10051274557521969,0.04202269571800693
2.482689834044514,0.7561546909930819,-0.5713804158178224,0.03429278124942653,0.00880313080820657,0.002248749051237008,0.010533041329765833,-0.7540385501726243,0.3390569472658971
-3.8084546092584928,-0.0019957406972150454,-0.03258554388776164,0.03591950743738247,-0.00334842941717654,-0.02978904815679239,0.005554119491059007,0.017302727689771064,0.009624816188150753
0.01056561349992851,0.01891898360591026,0.002124727271617362,-0.000967594860654138,-0.0008032953979941438,0.007364218508442193,0.00742760200770178,-0.023410530513187283,1.6875136656475922
0.49572608728100187,0.008994370909043502,0.9984358625057776,-0.008877991912825706,0.0017305909014038185,0.5004982724700524,0.004131241686464636,-0.025930631400026938,0.02032331525582895
-0.001446817181696825,-0.2988116181146841,6.936194884163156e-05,-0.7739267424602907,0.8350006842019866,0.0012272969252414313,0.0016465277408546455,0.0022773778277560236,-0.03138050090700098
0.005853401458493218,0.05880793268466134,0.0019360249956570175,0.0007286179652280134,0.00044815645966999956,-0.012437824667806751,0.006508709896778142,-0.01386921711414877,0.5374449794409286
0.002275421603645796,0.006708578731388564,-0.0007198073073949172,0.016729463959866204,-1.156647371583535,0.0010265476625440843,0.2601578468776774,-0.0032701678186285764,0.5543790414500892
0.050954954431201856,1.0330084281765037,0.009688926048811775,-0.004402330721392743,0.004961074364768545,0.001372796283725452,-0.055641096698600304,-2.631370856832853,0.0071054347438589405
-0.006209106972774828,-0.004936742592531342,-0.010031032842011293,-1.940781152808899,0.16537103717151241,0.0012004076666640028,0.0004560120108409232,0.013543978329006577,-0.01618266808784441
-2.9191863603357513,0.001849766542628874,-0.0046087464332832395,0.00396918814506625,0.015928846252409094,0.891597231104983,0.00985396850520529,0.011665848500905695,0.013766522921049629
-3.3000326583535404,0.0015426848733593472,-0.011858954383768189,0.01686095607700814,-0.005912688385221177,-0.003471895802458472,0.004002329041589602,0.27211130335548844,0.027682210892339132
0.0013428759748551303,1.243736738750222,-0.0009260105250493769,0.0029893429561990295,0.0019566763455218152,1.6170738715752315,0.0015138807621936316,-0.0054817334055301745,0.05188438317518074
-0.0038592383830589015,-0.007447357373052396,-0.0002367502256214731,-0.037324222691826565,0.00768155332441214,-2.0132780859490786,-0.004863627263838662,0.0070394803856188215,-0.35192082320409157
1.0848028311504412,0.0004570758637459462,-0.14603874312390686,0.004593365397388913,-0.012295245160697344,-0.00026333481977726674,0.0042620590775549316,-0.00303840586977905,0.011384587859591927
0.0023869379940838816,2.7617468359383404,-0.035735228330492474,0.007808278488559358,-0.0004547605865140164,0.005484325533677932,0.0048758676568737835,0.006114162189258799,0.04031637884690431
4.585898174118701,-0.004092397994564324,-0.03457846967739708,0.003558683160436494,0.0018881762459582417,-0.0005172810306573454,0.004865381978631105,0.001938443134980386,0.0032257380697814364
-2.243644944926211,-0.014233964503395688,0.0076917609754352245,-0.0070092911000994435,-0.04698380903085453,-0.00045832125149189787,-0.0012384177660015247,0.017984934901162736,-1.591078576713583
-0.2992834997776017,-1.2889438382996785,-0.0017300150835248135,0.0027957805607711464,-0.854975163261189,-0.009723978346246442,0.0075494821574757405,0.36130913736579817,-0.0012635538285679093
3.0498984811225807,0.009731472314766686,0.002213101771315465,0.0011805059013644463,-0.050052216590992224,-0.011187747763620299,0.014897601873528715,-0.03633981642808004,0.02634148933930447
0.007477910577131486,0.00428792895233163,-0.002071998416270572,0.03326472882951509,-0.6181157361618258,-2.2540040035166453,0.0015817205937189447,-0.007699164190588366,1.9860372286367847
0.009046148128803503,0.6639643168345284,-0.001719715070802999,0.015410210094922577,-0.00962039670002364,-0.0014048626129241105,0.030862653119029235,-0.14825460469798296,1.7935297521926081
-0.3108554974361176,-0.027324591552793084,-0.0012829811024343846,-2.7106662748635317e-05,0.010018771079102855,-0.0958191519408182,-1.7017175327035534,0.034643561512158486,-0.10609592275312307
4.452209656471518,3.03961576696262,-0.01576464083135498,0.10319332731418324,-0.0843529303116517,0.007332533090909444,0.3509308656474035,0.004153361690507305,0.05304771884034576
-0.0034919049953077556,1.7321543099123455,-0.06037286567833622,0.8877815225339739,0.08396686459201066,-2.6709155369113386e-06,0.0005090504583845565,0.008458842210270035,0.01883118182444954
-0.003030098276938689,-0.930008769252801,0.004732373722818359,-1.1038788946791924,0.0014585771385611874,-0.003022362374290855,0.0010930141122627458,0.002645129429358564,-0.14168482330468768
-0.002850266307472399,-0.03356691868204331,-0.0004244496489838579,-0.001668921858912844,0.0003679424861475584,0.0007357002816779934,-0.22314109181564257,0.007361116173017296,-2.422748777282317
0.007822320345499744,-1.5279785051456376,0.45341462841828895,-0.008245431455782853,-0.3392899679599544,0.002960494725470001,-1.8518279799067723,-0.017788188845645675,-0.01809872348065711
0.011745565117196332,1.2120834121712227,0.00914506406016169,-0.007991677490955336,0.0015226385445396735,0.0016194644094904508,0.003820124945543877,-0.12474552293226071,-0.0014452275264407732
0.00031221118139245657,2.4187689296929916e-05,0.0005837343299760339,4.679142074341769e-05,-0.0037013464504948384,0.015586944900797272,-0.002984287400494192,-0.0005939028408811342,0.0009941185956501776
3.4774096149427187,0.010663808644553472,0.31081712929086747,-0.002609733231410699,0.0019147669391741881,-0.004326009740353926,-0.0059613111327084176,-0.09148927634455395,0.006643794358726751
-0.004933830344751684,-0.007396996783911055,-0.0010871595200784194,-0.9222979464728067,-0.5166564225193516,-0.008094213098085825,-0.0031115128907787996,0.009790658332064286,-0.10816121740458709
-2.181214113847675,-0.7058210732722288,0.0005265181492233179,-0.002425520091134013,-0.0034728579745716952,-0.02274688942816436,0.002064517351456078,0.04249096088591334,-0.022426436249625037
-0.011234315334665842,-0.5260784563840096,-0.010688317123652119,0.005742145546302202,-0.06447517766574734,0.005329437280979426,-0.0005667616006720579,0.13085758180032886,-0.024499284898041984
-0.046818270573704066,-0.007408970096672855,-0.02955636928008404,0.0036744420122132183,-0.0008005908950163118,0.006593259396994814,0.022260193462087893,1.0771118975246292,-0.0031756105528613562
0.001004349600251992,0.0005039350101106036,0.0069079299933974,-0.3561313292411714,0.856984879142924,0.0024202511217200455,0.0005125092718563247,-0.0031613735859287746,-0.0013456620041852213
-0.0004193276224607178,-0.00037288890079773527,0.0021934656532766293,-1.186390128553565,-0.0014717550152921676,-0.03484283834564517,0.004826191915107543,0.000350067802953997,-0.002886810685998463
0.008412442273047578,0.4040887615826219,0.003393259522052383,-0.0004856291550177857,0.00028745173516106504,0.028105189983119044,0.0023565943415564533,-2.9282408473854087,0.024669513984273195
-0.03712624298169344,-1.7954318456035885,0.004582266724048892,0.0010119173041450262,-0.6237315358306157,-0.002173730617389461,-0.025213905849414908,0.008153888749391281,-0.008323830926054043
-4.005364884205787,0.00011561401854870944,-0.012786679128617418,1.8829176293408192,0.004927671766734736,-0.00479379271538716,-0.001379656039280485,0.029600305469313547,-0.001467411776649552
1.308409060643829,0.005384047093884797,0.016869300917471852,-1.7032480492878657,-0.007973748287186123,-0.015288274340346396,0.01237282456443876,-0.05700300789390492,0.008443825375632208
-0.0021652706139903624,-0.2300744942225072,-0.04066285721420404,-3.5997260479229336,0.003473162602085751,0.0023201108518522483,-0.0003476500230781641,0.006891392338587016,-0.03008056235231342
-0.0007964523852379331,-0.6792100738225446,0.0007727613273340039,-0.015063157006527196,0.0047784414285893945,-0.005693364110229634,0.0008422502787983842,0.006010163554908332,-0.8867253949116787
-8.862952773230825,-0.307978462006459,-0.00227750758411549,0.0009760722113091329,0.002052742459543483,0.01868274472876962,-0.011287224690244943,0.019905898166939936,-0.015085796723001588
-0.007422875155552344,-0.007284497019577063,0.001314521067689683,-0.0007081599658513708,-0.031789761141853425,0.059824285271825865,-0.012598809782105494,0.009261047095924957,-2.978918110280084
-2.947662791341129,-0.0030802295297794827,0.06780613420169179,-0.004519473655403252,-2.721199130656967,0.8671022053032598,-0.6242047044048058,0.006517585479587841,-0.007852698137221226
-0.00029993646659117953,-2.4745736449461805e-05,-0.40702350606210413,0.005534410776080235,0.0030822177151208358,-0.6262571804303501,0.005358786757529204,0.0020705079848225665,0.00509935416585355
-1.3235731711698522,-0.0020681366063890864,-0.17966411810851302,1.7836183568425512,0.02057435788470506,-0.002014279404305129,-0.8501751221477393,0.21049816909289243,-0.005133548872292559
-3.2715261814434445e-05,0.00022939636669080482,-0.0010034174240487626,1.0779392497799982,-0.43803540093800075,0.02442862463130974,-0.001132128229493188,0.00042225008855616847,0.0023818147162155785
-4.839557432143548,-0.09753506419591662,0.0037277924966241383,-0.017075773493992343,-0.9603671690494398,0.003046413693053529,0.0032256080620458732,0.056599753314402756,-0.02259818270618741
-1.1288293997864565,-0.004756997053803034,-0.0005276735474377993,0.0008857915233996302,-0.006799493676275176,-0.0018616692495149096,-0.0045089316138955515,0.0534752497179783,-0.008073885288160401
-3.6419029870353725,-0.7037197245476525,-0.0015003676667450783,-0.0022482464798108466,-0.0004615525886964983,0.09508740092220404,1.5549807416972088,0.05683714010665411,-0.01661143068079407
-6.163072492462711,-0.22011527131577047,0.006392302402737471,-0.10736393939684896,-0.8988507277908095,0.0519996534789645,0.005789653047603382,0.02177854824873321,-0.07820412946055066
-0.0014974015723110798,-0.0028455366165661446,-0.0007861434399863167,-0.0029206368394870813,-0.00043341514573295715,-0.005392510407837858,-0.1161601100340956,0.0033288746564317877,-0.02176048616855415
0.0011694506854591522,0.000999371314913287,-0.0012851069484994008,0.060087500546348274,-0.0025592923456375155,-0.003794522684562507,0.0030774007347757412,-0.0019348345078611722,0.016354013802546478
-0.024766456249696787,-1.4865285969342872,-0.0031779851120908864,0.0046489935800864066,-0.006925559212890328,1.3781911789787296,0.006122167404101632,4.846991202021869,-0.004077442954028898
0.1382160786165635,0.012189702709442904,0.005614062460138798,-1.4136155164889375,0.012704262244647605,-0.0022795145913990186,0.0007075956022620632,-0.033186711700910476,2.3684844399293414
-0.0756989236365704,-2.5834488335553383,0.0007306569680032016,0.002107288018040057,-0.005127088427465787,0.00822331005436085,-0.15612477421957816,0.032772238089167044,-0.007271397316924499
0.009998962336387834,0.6391780226976154,0.6943635166385014,-0.0071692650272909275,1.7970982692167397,0.00034336842858475464,-0.29747616940421495,-0.040287547884973074,0.007060461177095301
0.0034568039468891782,0.001567256619384577,0.0004954435299963726,0.0022426471233787946,-0.007510291838681686,-0.004240453601797893,8.458455500285903e-05,-0.004652040397732642,0.010333224224632958
0.0011961505534692283,5.168461291824224e-05,0.001234076723879562,-0.0042366962761054274,-0.006593983687529207,-0.001857499534386342,0.002466592774472904,-0.001753077762206855,-0.0015913272738682567
0.075070229220153,0.0678108049099659,0.013933480193150057,-0.0030761974764940006,-0.005531202180128619,0.004868614190118763,0.00207150744393653,-0.8386387810145566,0.013118537864048818
2.2750835493069017,0.1008934186293235,-0.0031869774924860733,0.012385039962195081,-0.011031711435560705,-0.9502954050796615,0.009889658210493738,-0.014604309987704959,0.8021721618821882
0.01911171423194538,1.2669035234136734,0.005095642793780275,-0.008689863084638672,0.0005237668620355889,0.0012679089747437062,0.03602578512367609,-1.539022959059444,-0.005392647804327799
3.094400322784564,-0.006676657404943283,1.3346353960789017,-0.029876707426451432,1.2494412831479624,-0.9472870709055139,-4.053576502152682,-0.01488641182725381,-0.0029083932667951506
-2.9611683092498065e-05,0.0009121432103060267,0.738898434952711,-0.004367104832660368,0.006230021735856418,0.1292678353119377,-0.002341296474967652,-0.0009573440237600137,-0.00041814180788932176
-1.250801565782396,-0.0018653438236579112,-1.1710600400250044,1.2593828145905643,0.09512642008182592,-0.7780548010392911,-0.003846483632159517,0.01812701412525497,-0.002427665377565613
0.057829167241417304,0.003660472879419901,0.27302232370467044,-0.022068327467228907,0.008430105481325341,-0.0014577550478591498,0.003331945408790746,-0.08205108285308998,0.007619716301138935
-0.0017094379851824316,-0.007491494443436837,0.0013090367175292196,-1.4662784724331335,-0.007199869237306282,0.006609858701885242,-0.08313683489635312,0.004039152151472443,-1.7010631572404171
-0.7245520979326969,-2.3301765909298333,0.011643869750589064,-0.010076467515105431,-0.0019204448259683288,0.05391461185320392,0.002213392147100937,0.11081142224618795,-0.010745619871678214
0.0010214491390494879,0.0005538068389287637,-0.5161261020372185,2.4318498756562406,-2.467889698124986,-3.299773064613296,0.30580783450684396,-0.0003712062870088184,0.000804746524166372
-1.2261413785599604,-0.004171465615907142,-0.6066115721387835,0.016304536123467522,-0.01757841898172613,0.005830856729861632,0.24820160485569664,0.07891223438773604,0.002317250258351916
-0.0018925383336457144,-1.649951829413996,-0.14598163394125252,0.023455967841685493,0.004047820845209023,0.018661833803407604,-0.46474057985703077,0.006255046933146394,0.005905186153279063
0.017675727130166494,0.015811698743424852,-0.00010277516806575515,0.0012476345205147425,0.0011555835604895124,-0.16731162980038783,0.0038422241508381926,-3.2337175912829337,0.0129891617646673
-0.009308040318919372,-1.5057064306217087,-0.004085518544947167,0.0031978360867996967,-2.4809909896717636e-05,-0.08365795906400116,0.004702494685178095,0.025795157932693213,-0.0012310693080763713
-0.8948850666754604,0.00027006054574844256,-0.0009286880610018047,0.0022428467704584264,0.014988230696547516,0.0005886828868672399,-0.001054469399033607,0.014123491269752722,0.0007504056475797494
1.9596173200584064,0.8390864796782118,0.001995088363018857,-0.0011385646305540052,-0.0012639689509726139,-0.005205379804911463,0.8139793334985125,-0.10382795305228647,0.018671340231773526
0.05181672339418161,0.0015311963593614207,0.007661915936200303,-0.06903019104801043,1.3563463744975484,0.001058060555134255,1.2168048846974835,-4.1235961108621035,-0.002311790597845642
3.8365797075554475,-0.05131367838004114,0.01262248249772524,-1.0373969944583261,-0.029635211253962734,-0.02679999577023415,-0.004629078509100925,-0.014242214463485801,-0.7793426754289214
0.012941335161305781,0.70395846157728,0.006832713036908522,-0.0030978125440739874,-0.0011578670405353597,-0.7735032602104247,0.00686337931271061,-3.6420066850137442,0.06641004945635842
1.8835264531490141,-3.317812803212269,-0.0010106503800067501,-0.002556481297288093,-0.005839809739112592,0.0052922386485752156,-2.618438377084248,0.002267159865321458,-0.048560423975324785
-3.3373103451368735e-05,0.03884523206788523,0.00044279056221209934,0.006365068999616793,-0.0006572228070157806,0.8847220030011547,0.29942458077329487,-0.0024758472838010415,1.758478842917524
0.0006657392149378663,-4.607858742371152e-05,0.00011307247689253988,-0.001307601070709371,-0.002475895119776132,0.02679563321291878,1.477101411707171,-0.0009926058302253172,-0.001711554651314796
0.0008038757211490512,0.996108640090962,-0.006995345014398538,0.20591818625693126,0.008589262071657625,1.9222031684747058,-0.06901433589356214,-0.0010792637968025584,0.07231474975142937
-0.0010725620997050285,-0.8655905395995657,0.001776514847233783,-1.3110891992764309,0.0009918108581391152,0.0004396487838870057,0.004855663052174733,0.00038432599568188376,-0.055243794108237765
-3.9349718281581505,0.0009478037973461371,0.02128595834173852,-1.857832970415091,0.7772489516425136,0.02692456248358234,-0.006056039566367615,-0.007303495026281543,-0.017357698803930566
3.660082979286095,0.012991530206212812,1.0866947121771524,0.002909582710971609,-0.07472510447078187,0.012664728058153683,-0.019316406750837956,-0.02094017553020333,0.0022493765533462273
-0.017193657723242925,-0.7273222943147429,0.0012447357968790457,-0.007275394542067012,0.004921928831226316,-0.012835763157682348,-0.00024023422405499133,0.040745666312176555,-0.18699219918224363
2.9757410448489137,-0.002746180291589856,-0.0016814373071905586,-0.0006974737295332823,0.00045808959749962623,-0.6207425662061323,-0.0002662921147397867,-0.007476895184231458,-0.006795208023946342
0.007932147851395765,0.005858182794841727,-0.0013374084400407564,0.4328168553872236,-0.004557033472267331,-0.010252382191613367,0.048181919766250296,-0.009072412996499815,0.33386205579474265
0.007899840331342015,0.4409097958137287,0.5454653188260554,-0.008528384308191764,-0.0004543703386104452,-0.0052799276526503125,0.03136445362226824,-0.04137040223753802,0.005395846607820387
10.282940357440648,-0.06365671983532287,-0.699539033128671,-0.003374709461677561,-0.003938054480491032,-0.005130861502852316,0.005933371288108974,0.05418026672480769,-0.012618963469481548
1.6187436678045704,0.7084864030332841,0.004003450058972041,-0.0024602618107515384,-0.005543240251947095,0.001997816959321772,-0.0016815714635071161,-0.039162518542789376,0.00041069884870931217
1.683132004031252,0.012596816234948644,-0.00806219037068287,0.27102914846068443,-0.0034462185067164306,0.0026866500526646583,0.0019624609715049113,-0.01882631330355798,0.047395925769406544
-3.091651634996471,-0.006379389064029163,-0.009591790687147939,0.004883495906298322,-0.02089031477816452,-7.84808056684021e-05,0.12355975930062238,0.14971672864406607,0.005644830733255002
0.2310240233547068,0.0026561656325074377,0.002589796314623583,-0.005152054160201025,-0.005991606009199256,-0.008337936079959788,0.0016217766548649692,-0.01702648531627123,0.0036977914409511443
0.007695100635929957,0.9115241063847476,0.008518931291213352,-0.0017262785118791813,-0.7090913404523806,-0.007246772239988442,-0.004978859888401826,-0.050061785876778245,-0.0025002171901896686
-0.0007234355161409836,0.8899483948709396,0.005086234260464999,-0.005684381195841473,0.012242405443329966,0.0008825544989580386,0.007827190666206171,-0.0029367759833190494,0.0030444953659898855
6.610404194965089,0.0072661060933739505,0.0006317782221818558,0.001929761685257712,0.004865760770362212,-0.0055146013190370035,-0.8618993778449657,-0.02569869747059649,0.008364238143807157
0.1787885253798192,3.5097332972571116,0.0047928938659813625,-0.9485092823737948,0.42466334311655807,-0.24496145044368722,-0.002347588550391015,-0.891713490131721,-0.005484388382646532
-0.019282080854125395,-0.0013334717035513536,-0.07970622509623726,0.010660729538909931,-0.0018442558395547932,-0.006599240529686394,0.007742344148139643,4.192608475979627,0.010048567704161349
0.027385516370086335,0.23636798044187307,0.006759549586330755,-0.0021447217557195725,-0.0006251611192140951,-1.609992686948993,0.0010581918080624394,-0.059448897759343276,0.040718329689865496
2.5156654804018195,0.009957984691710437,0.0003099832049267143,0.004614568762850992,-0.007266939006628359,0.008763848087710245,-0.7252181496949067,-0.01801500217392517,0.01613472690137746
0.9874286715978274,0.010023679707918115,0.00221138508843605,-0.0018254547422181552,0.005368692982605871,-0.0004772486471232065,0.00047420118500037314,-0.2710284416043886,0.005166919659453373
-6.330528258319354,0.00249153317651436,0.001865605363444156,-0.001476706578052189,0.009090901674885327,-4.6030862890069474e-05,0.4620519294112384,-0.003908741983736962,0.021073173249351873
0.004306187638765356,0.015835339230803346,0.00015384842206896023,0.002598854165685403,0.0028814474525675226,-0.00048508233891523845,0.02146808213745761,-0.009846949255397728,1.3170749500455932
-0.0038359527010709033,-0.002144116513928864,-0.0025277840623334994,-0.00021112335098086174,0.0556259420890311,0.002574131439492561,0.003869160199337417,0.007054622902318833,-0.00508298826248798
-2.2573240423918,-0.0050206456142708016,-0.011877177756816681,0.006994576356116487,1.3470606590417105,-0.00710270164255408,-0.21016659441590904,0.038974232521268325,-0.0027674474232637913
0.008154045001675084,0.16092277236353006,0.0023647957247220075,-0.0014723113711226491,0.009140764035487291,0.01035728611317406,0.009900887018310316,-0.018963455199065594,0.09482704024089175
-0.4292338792941185,-0.0028243560596993237,-0.2776034353378334,0.09009171891226508,2.3375577420766716,-0.005714497512832372,-0.8743965759181374,0.035818675627216634,-0.005904402225829719
-3.6839007935110475,-0.020578682904627197,-0.015715376896283884,-0.0005827608751495829,0.48935690644560376,0.0021977996872403955,0.0676009733924502,0.06363623421054661,-0.010922244162855477
-0.00349704827006141,-0.0007659223779013149,0.6378268932171889,0.0018204102802233876,-0.0033647364292579518,-0.005834092194151016,-3.11807178483208,0.00258335660937533,-0.0019761033594778103
-0.0901015993405311,-0.12244733856335283,-0.007467739543156993,0.007492382526263844,-0.14223104198182196,-0.0007160716319743643,1.211539149044738,3.5065005074204576,-0.006186202175910482
-1.1250041816884646,-0.014250154421655342,0.0019245568590337027,-0.003719395975814439,-0.008247114937059343,0.004101633523235428,-0.006767028704125599,0.08037968236559515,-0.05071175878728551
-2.9667812743069373,-0.5070087448066911,-0.5587517204845049,0.006368535198180175,0.061947640628551986,-0.0028840749546291972,-1.5626889661967578,0.012961036928309078,-0.002749703926256619
4.985603703478029,1.2827842524433857,0.00029857032252028626,-0.0006683087502949211,0.0023126272167634937,0.004201806130811889,0.006893172042390011,-0.02511214364720779,0.007449687725094689
-0.0030900692634933495,-0.011347002377954739,-0.0025822460715992568,-0.002584800676766423,-0.0002158075333853781,-0.002219279863758768,-0.004702540804661353,0.0084794837154218,-0.04622756513612874
-0.06347736436872509,-1.6766956782245157,-0.8981213853556129,0.005140145853701317,0.005892713949201834,0.5562457682539552,0.009229310891219339,0.019430171917882988,0.005937894134455002
-0.003302489100586968,-0.0009009467103613684,-0.3924039013846408,0.026849354917259025,-0.3357239984531006,0.004732581842756739,0.009915760381216863,0.005188060937152024,-0.0009470963303121263
-0.001253393858388509,1.4154770931706917,0.0017162325294738795,-0.0012403126383579823,0.837123268084261,-0.003086734420218898,0.02451744691830214,-0.004589566043243641,0.02725025428475092
-2.657376786242917,0.001198406450249239,-0.23983696311400182,0.022893217926813758,0.00497274145933597,-0.01693736374272382,0.0035302613540427047,0.017555471977170597,0.01126261469109785
2.924494631838208,0.011617268115109037,0.00017291245323396154,0.0007938522666343906,0.011153250009627875,-0.003251375567951632,0.0004525871484469552,-0.04634822761267138,0.01652313714714232
-0.016798234012358533,-0.027556971264719593,-0.009067245938709284,0.0017604259518725416,0.01672309008048966,-0.00198044639494933,-0.04347094635506888,0.10008690501417573,-0.0237838014543198
0.24040056848920163,1.011698353971126,0.006568343683838185,-0.002400465746823094,-0.0032186079354009174,-0.0008902437065870599,-3.1553271007472756,-0.0887426256960128,0.009419100313207363
0.0018111181541334,-1.278019879228248,0.012303173152553082,-0.36412206985304074,0.010575435419553456,-0.030497564117012682,-0.003856992434155729,-0.01130254642472981,-5.5372084738166905
0.6376483655442718,0.005303951081202279,-0.0006330059458788707,0.0010296799075561868,0.004430625232666702,-0.7113319168940073,-0.02452595226460396,-0.015109200555949063,0.007125596716306776
-0.0041459211906378175,-0.883235375208684,0.0008158717395496048,-0.00015615594189952002,-0.9032833539170575,-0.0684618827282914,-0.0007690718553708866,0.00642091860887075,-0.01905308506451664
-0.008172286073448557,-0.0017052622340227317,-0.23049199165265552,0.02220208800693614,-0.006495635918701353,0.002682062065371231,1.2082185845214908,0.01330986059704872,-0.0018507831573689243
0.8926903148085114,0.004186189540792771,0.003057179084313997,-0.004208964155840069,0.048492040158467864,0.0007593558722055013,-0.0038113218571784193,-0.07790198682961819,0.002067411679290365
0.0015962444553843363,0.0005876353921969741,0.23471566349310602,-0.9141417882182836,0.0011949287689522747,0.0010756884574989463,-0.002551965469027274,-0.004483841536801963,0.0004079957102340378
0.0007293020105564908,0.0014436188935556275,0.000493932032835185,0.8096479554897941,-2.3259396867634297,0.0020010013076249794,0.011132769842944203,-0.0018652379035587726,0.009681818508313386
-0.020591588750226222,-0.3457624255383576,-0.024533263990927784,0.004240309944693225,-0.002723723442985406,-8.712933824480112e-06,0.7110483769494382,1.337203778234437,-0.005306339206010452
0.0027204861366379378,1.0126859988335097,0.0008358038212790339,0.0002457165328971708,0.001885846665903192,0.005622402586623537,0.0058784248490017215,-0.009649831788549824,0.11913712946319
-0.0011904126435598739,-0.0005766338964067162,0.8673017762059915,-0.018988113608500876,0.0006265527164793044,-0.025805533322485856,0.002010525776293267,0.002656738520952509,-0.0050930896475678555
0.49270481674496786,0.0037262852722089092,0.005914819337906477,-0.004835696477156281,-0.0012962961962917979,0.0001956111952058419,-0.0022181506259506367,-0.05015436422806469,0.0026512672072034893
-2.4130463999124334,-0.09069376913404636,0.04693513813961403,-0.1707796397213669,0.007926661271673244,-0.022343604939285822,-0.03155929077840929,0.007630010973500592,-1.2154152441687334
-0.73785417636287,-0.014419583232164242,0.00029274571457287013,-0.003648175511386751,0.00130189229525294,0.00034667376879642255,-0.0019599983297037002,0.0363951494139195,-0.21604649399576037
0.0002526603084697515,-0.0013526654975520407,1.0252873659288715,-0.011922450366801701,-0.0031281455735926015,-0.01666014560189894,-0.0348171988682067,0.00133046107231935,-0.010353837172894197
-0.27908577218092173,-0.007937005791055239,-0.03445245267361319,2.6876433576729806,-0.7825658257507371,0.007865951212056268,0.8810121084554559,2.282206725196251,-0.013708866127440822
0.0018564559567460725,0.001600217593721872,0.002756819653362887,-0.0006380255873888817,-0.0022324907618802596,-0.00825062626256611,-0.0005377087596879669,-0.004178371131614684,0.005693166399595391
5.682093194565171,0.008250048543519028,-7.674340442379024e-05,0.0011846102991496465,-0.0016379862962802028,-0.0598871859382369,0.016031270204424915,-0.023250574900774514,0.007845230518663704
-0.007467869174472333,-0.8429183975827503,0.008546335304253194,-0.004299074789362631,-0.004609765232044795,0.059025256263230914,-0.024488459949483593,0.006217564736818714,-2.3033750070490804
0.0028108387117119597,0.011344062910528821,-0.0018815497478829176,0.013222678628715305,-0.9558242454063618,0.002176584732972065,0.15302829241462093,-0.00393077776057419,2.207960422345048
-3.075420506198384,-0.000355364758047462,-0.9338733431719497,0.012878874950200292,0.003548477925077089,-0.009517485686120535,-0.013991309508784106,0.020666811612371494,0.0016068758762466384
0.23383173917089906,0.0011008806993934306,1.0778171460261525,-1.1782057088934383,0.002846155391468451,0.025797210768285887,-0.27829078331704515,-0.07682518599433252,-0.00040450299302596804
3.2077003852827493,-0.0011297084691944655,-0.0009471403407025902,0.005662520589436197,-0.05025683773377297,-0.010419000096570928,-0.12329581791580849,-0.00597021006364327,0.002181034436821272
1.9791886421644767,0.008981045726325191,-8.874337563838375e-05,0.0029740183606632433,-0.0010268218535065161,0.005925083112598416,0.0004601372572613392,-0.030424503311864633,0.03700451194499832
3.6086575125939406,0.6926678429365882,-0.05798367436024554,0.957444744044587,0.0003486893326776798,-0.029800550199839647,0.03006150847731221,-0.006771527230157101,0.619234206499442
-0.002837367235856099,-0.0005901152363426282,-0.7302144759361013,0.0044713167724043795,0.006221657288761582,-0.0030115228451478983,-0.00031844885366436656,0.004034505794922996,-3.129441224976326e-05
3.2217389693961413,0.0003692651428791481,-0.006306128395780902,0.010340065394616176,-0.005349537105561075,-0.000279913167359443,-0.023817332394191253,-0.0023254741480929807,0.001445762976273246
0.01996725306230019,0.8247048871848912,0.0031960301795481427,-0.0020649564356144466,0.01214113474733762,-0.0034443599376913717,-0.0157981566990254,-4.507972583654281,0.019971086281675765
-0.07312183887908794,-0.0021384226322029446,-0.11962683084002014,0.3874439707298696,0.013882589078333212,-1.966578453304302,-0.001374778631072124,0.04708776334908079,-0.004977116997403127
-0.8066092486059304,-0.46717235411628855,0.0020363452437973315,-0.006083580022388993,-0.0007644208958120027,-0.017937128698940895,0.010835326405332503,0.021613971199375956,-0.07542254657851821
1.2191248657469251,0.005082035700627158,0.05406792167390306,-0.33400474340236497,0.003565015481127075,-0.029939210069674562,0.0012600963156582717,-0.059371690263561414,0.001700409937087699
-0.005278264750357458,-0.2693639497521231,-0.0005468231484127718,-0.0015658404385337638,0.002827434333241728,-0.0008229490723849994,-1.0782906858252594,0.010245171448360946,-0.1925981410942772
2.563022779445033,0.054165406020272866,0.9797294514348209,-1.8753694135089205,0.026875208470516443,0.4419992868537493,-0.009491788369246551,-0.046920273305931515,0.009808820867216905
-1.4017462451951035,0.0001803341610631358,-0.38009294875352273,0.10391091026598742,0.006608752876690093,0.004254745247709943,-0.5013320078117881,0.03993451977842741,0.002629781508894785
0.9911976814082649,0.4812179141435864,-0.001581816879963227,0.00311560214380015,0.0019549123751851395,-2.251699513936867,0.002654236251691827,-0.03710846694751421,0.05775793303877197
0.00845674785605299,1.3586655114690744,-0.0018146458303892055,0.0024317844383911257,-0.04135533182918577,0.002937300516164266,0.06612193219693224,-0.00617859314199542,0.029755581486993865
0.8010202703486349,0.23155694494630508,-0.003879799073516245,0.004641369824011938,0.004134773415834063,0.3036915667915162,2.5086185647978794,-0.020275494780713617,0.9105623534270144
-0.00849267032143926,-0.02017229213474662,-0.0034801222966254182,0.0008660238240368566,0.0002084362218841553,0.0031881260369085386,-1.7064275225969492,0.01581029665811146,-0.10750194044251456
0.0017463677573276576,-2.1186395818875168,-0.6356227705554707,-0.0002403683578477145,-0.0009279663548578815,-0.00412423315425876,0.020350231103690275,0.0043588289095818356,-0.005093789690029826
-1.29948821608337,-0.007328219633215074,0.004210538375114651,-1.1061828226724575,-0.024517336712065147,-0.025908700054340775,0.0037306609770673075,0.045798659108625295,-0.06904934856177236
-1.0063069458833844,-0.0038550772706555493,-0.0027710616393168026,0.005345943704988049,-2.5664347605331272,-2.021574650897232,0.0002181843105272651,0.026776094995754045,-0.0023577324134628486
0.0061596934497206175,0.010291867194416451,0.008231858080893228,1.2978251306392359,-0.0020042170344296475,1.5187438058556868,-0.2862391194350852,-0.01342471142415436,0.030167345056353368
-1.1246755141337768,-0.002745891303421236,-0.0014271365156090857,0.0034311195307720407,-0.019785574766249207,2.195346623919574,0.003594343404630368,0.034357225237077335,0.0014783646416931945
3.7521948544263397,-0.4476812720928459,-0.001515281136822505,-0.0007247115182118489,-0.001009498604193115,0.002179435590013254,-0.0027561767444662533,-0.0011840487249190272,-0.009323425499893678
0.004763555342215392,0.005832083463609968,0.28653187915584627,-0.054825237276818456,0.6656351801407207,-0.007443806206850009,1.721325226911533,-0.011356787008376272,0.009554270608181335
-2.240767471583273,-0.016856023592625405,-0.08353426633903616,1.1297002399225817,-0.0001994318253585453,0.0006655710386975644,-0.0695594975470318,0.25048166411698847,-0.012762827046110758
-0.001612239182143098,-0.0002447150604865246,-0.0030170978493250476,0.02814966418887285,-0.034366506346033276,0.004310331085108989,0.001978777837633324,0.0028681729449214727,0.00042072576499854107
0.007032712557375148,-2.5855749213910917,0.0024769310864315164,-0.006550542080644635,-0.01085524199386892,-0.0018835874564961897,0.008077249157822493,-0.009767982127317987,-0.012192086567465177
-0.004038927226753402,-0.003950577246250168,-0.0015493166357914141,-0.0013689973404189327,-0.0029426633031176216,-0.06721644503201084,0.0027375224054997085,0.007805656712003164,-0.01838699449160875
0.0024370070674104754,0.0019763298639385086,0.0010548119588720316,0.0007364897613233276,-0.007324163068877935,0.016534802219306026,0.058521558532151914,-0.004321837285476832,0.011683389045446921
0.003037854593262169,1.4767401153247852,-0.008049642707327082,0.4695955423766669,0.0013488189854603313,-0.04920236192492685,0.008244556112136843,-0.013252173875498614,0.5604410698215538
-0.006199892035376836,-0.5279130554856307,0.00040247599601728537,-0.003638976516712002,0.08249568207099789,0.002157670271196484,-0.05799282748221765,0.011392722540864526,-0.20805559547070485
-0.0032979570277130344,-0.24701249927855196,-0.0020377342304913563,0.0011039321543397122,-0.3565008497011979,-0.003979596971266727,-0.0031374180434821635,0.009167877783760627,-0.021806041182601515
-0.004978700363308747,-0.1736477704531867,-0.43955643575730785,-0.00017648742329137712,-3.482643400474653,-0.006978398048646639,0.004990340020586948,0.020394157719929654,-0.015120966751206222
-3.4343851164370576,1.9230727119649762,-0.003298556415459248,0.006158113887717448,0.005434225802164268,0.0035512882568319603,0.01762667069770356,0.007462276952784446,0.04113703578141131
-0.007009984874402412,-0.0069517251129688935,0.8845689527991794,-0.00492187200871648,-1.2129796777149582,-0.7489403590425715,-0.09541725269348351,0.016351300977430996,-1.8571357510434403
0.0015964476763062991,0.0010349982994775223,0.0012617416254631134,-0.0004586097551579154,-1.5743351786657735,0.9741387746000187,-0.0014318676193497077,-0.002718328775721021,0.002711581530627081
-3.097174499145897,-1.1832481518348898,-0.8739296421678926,0.0029284893886282193,0.4742592291689811,0.0008410492482597426,-0.015451177851478592,0.026680178662782383,-0.02483175771532764
2.8570632046388154,-0.0016875158412148691,0.005269190197041862,-0.007687665268121289,0.007186475627595236,-0.010098113250739182,-0.19190632439274016,-0.04096147396811808,-0.03540215059527796
3.7370507709113743,0.0016442261423735925,0.016580092073743613,-0.028098072269035088,0.00758862028739711,0.0010130504181223297,-0.0003846845408220171,-0.04044329867449824,-0.010220278201695299
-1.1443048082011416,-0.001381558028566026,-0.8196665893229973,0.014618233206986159,-0.004342620628628767,0.0026026650541985698,0.00372463134875008,0.062567537664321,0.002832471305210027
2.2095604427013407,0.014527723873120256,0.009057165441420142,-0.002519545478748525,0.0015764965653342015,-0.00045694757143119216,-0.006248218273744227,-0.07674983694077586,0.006138530083864058
-0.017197000740106057,-0.010261301059109535,-0.12734831781158484,0.02755188289724962,-0.5826106094689193,-0.030588406066143478,0.004672584432652977,1.8478893286224511,-0.0010168537609025474
-2.589787651540366,-0.2473679883121247,0.0005112837693468097,-0.016996619846753463,0.15577217897552914,0.015404753239687893,-0.0014878033130041116,0.03294364989411361,-0.8686478172498422
0.016086456671390137,0.008075114493542007,0.4123922980098565,-0.013080698448785857,0.03766587095293307,0.0025025802564932545,0.0006209341073971828,-0.06058365040726596,0.006559971461410522
-0.09474143664439456,-1.3571092870636656,-0.0024304982100570305,0.00170737430292262,0.002012028739783213,-0.001780096749564163,1.476209348175435,5.0819043257433885,-0.003157167681824502
0.0039869475635459645,0.00347086188962659,-0.3468369052797448,0.48561840593307704,0.0005146981644684476,0.0008793588420702176,0.010044907943768356,-0.004717853217557244,0.02953904427226867
-0.0022285318820665827,-0.0010744946417795324,0.0006047686237753571,-0.01179406674367696,0.5366699799576603,0.027390489722552435,0.0002234022300386838,0.0029622365029062575,-0.008239511132704488
-0.5049198129466332,-0.21206140609708934,-0.6056540955462602,0.006795150005438622,-0.0007200977361834122,-0.0005234915041029062,0.0007879751378584987,4.077890286735727,-0.008911023216026881
-0.0004843866059866465,0.9544403356204629,-0.0037793748358295326,0.003522367273118954,0.010156841165563842,8.257771587261701e-05,0.015096962205570413,0.0017344022604011506,0.058096390932087405
-0.017063969422368222,-1.1195249405212966,-0.015463143442132538,0.006654004010914002,-0.0021071966460930944,0.017907625356641928,0.9634965259212973,0.652045320490906,0.008826379942972418
-2.93497807457912,-0.00771134674092773,0.0037767065243370507,-0.013188689513430234,0.028618058342496762,0.006764432393263207,-0.6354689901260435,0.013881797996433137,-0.059667760349793486
-0.00976084623414454,-0.3645277216264069,-0.7484431497446371,-0.0011188193758316645,-1.2438038370899085,-0.0006683550052862097,0.005908711544040046,0.0701052648316155,-0.050792839439825044
0.003681182583161446,0.3195466814529188,0.07934659850002945,-0.0021107752239201754,-1.352781301224511,-0.006993348575320553,5.88573229254076e-05,-0.01825653314029861,0.011080393419727053
0.0006491528638343982,0.000811248645853321,-0.47668777395824,0.003857707701632563,0.15390019411619177,-0.40948391441346493,0.017400621808086866,-0.0007952418105014944,0.005941416183213602
0.04766642426773686,0.4149733033635077,0.007772223169329018,-0.0013213129744398828,-1.7703993089804277,-0.002952725208153422,0.0023298734687289806,-2.5635238315568953,0.04892437159398799
1.608009668863234,-0.002866081879992153,-0.7322511311915461,-0.02628948150479991,0.01018765817180491,0.003801524197716322,0.0059037466420003275,0.004869487191301831,-0.0015750449988236742
-0.02168464165066325,-2.418901664773342,-0.004832660815776685,0.002197361605985894,0.008904966936718182,0.0022191415190776042,0.0005435833933438716,0.10986533816963863,-0.010477847821167563
0.008535106973109101,0.08972115857304437,0.22871719058001425,-0.0008232696929798191,-1.3773094144643716,0.003746243869109294,0.011913455594977456,-0.06900059833500427,0.029654677926836848
-1.6036757554537588,-2.6204108492228637,0.009576426581222153,-0.012189795384332701,-0.003440805553804247,-0.010626185015924237,0.006141202956357873,0.012801122235949414,-0.06398547609669158
-1.355324699911646,-0.0011867763730856434,-0.00031494118526814024,0.003922070641774332,-0.03386223121788967,-0.0018477980854174183,-0.0014568434808817166,0.019832909505833683,0.0025848849451770295
0.003936976759319948,0.0043608597587529,0.0019371864089404668,0.002830173130337745,-0.0035784267420104886,2.094177636883444,0.003601353212788195,-0.007737654850426398,0.028978441381396863
1.1332344152728502,-0.0026834997127135637,0.001362378171856738,-0.0043539053830425785,-0.6985847073252571,-0.007418995149583338,-0.0028011986313991226,-0.009392292993338661,-0.007471864397402425
0.003535537492706041,0.030116631029328322,-0.0002851784074598689,0.0023718684237143467,0.003749947563317567,-0.006831456648680286,0.004846480125764552,-0.008219152847268707,3.6274407680832566
-0.07936945842223155,-0.004034905483266098,-0.0636849132720172,0.013336879165108485,0.0012748496032177908,-0.5187884955846277,0.6953352465509166,0.032532311872606495,-0.006516111606691924
0.010245200732028559,0.0015003703068502128,-0.005514400990620771,0.006575560758163408,-0.0002260475803340517,0.0006308066089856243,0.002409481918126689,-0.00701808153431463,5.77084984611168
0.5093225377194676,1.123408910042131,-0.0066232864676208925,0.0631520121910086,-0.2819967679069248,0.005741441803027495,0.004412462229413624,-0.021466565185640513,0.2928093639664304
2.7502002460802437,0.0063137196546420755,-0.0042371246363525905,0.17123563680240228,-0.00042790927407960686,-1.3602703297063086,-0.004694416181213851,-0.04880020485455242,0.02260994478654277
0.5414351810888567,2.2482034863081246,-0.03509305177524458,0.02228072526114766,-0.0027610453529917506,0.0031106060688705327,2.7752228559000915,-0.04192133164689221,2.0889273922931437
-0.008631735209838013,-0.000984983286877939,-0.08464027623695447,2.566020205973925,0.018293010441830668,0.008327864804813094,1.1044180324358774,0.013344744846709583,-0.004254063795947264
0.0012264277050948753,0.0009624987907943903,-0.003888470695218327,0.5259014626375352,0.006351185780221405,0.845700315304967,0.005539573010244393,-0.0018751631944424558,0.008313904679594732
2.362948189792183,1.3969436699842104,0.0005143316097915573,0.0003817223806264775,1.1079570876705085,0.0005141263192915114,-0.01517685322170612,-0.051129446988686406,0.00352768824637395
-0.0008180953222240177,-0.31743450198141554,-0.008326280253562305,-0.9970299178363681,-0.01520183144070012,-0.7283241569044725,0.016666119463794246,0.009570962047037529,-0.1570191090603532
0.3621262339827229,0.008646107895703262,0.2906413836051466,-0.011415589174959044,9.562241432690011e-05,0.007945461835412707,0.016813408877470622,-0.24860547389168575,0.009145157496386988
0.005269067620559245,1.5483782543858604,0.02586842753450258,-0.0111722787558679,1.9346183456243866,0.003406497875551419,-0.944776389039069,-0.0658872128997116,-0.018999824506724994
1.795403203741732,0.00030857177894035124,0.013815105436446193,-0.010617817472068348,0.0003533033042910612,1.4419728267425953,-0.011403594731294722,-0.02079284827797408,-0.004566112446495435
3.5853578173486826,1.750966129625377,-0.018536070530636106,0.054359006611447755,-0.006446978070536007,0.9691061132095963,0.020832238997504915,-0.003958376676082519,0.12989028162770566
0.001284531452570813,0.8173781334144368,-0.010271675017080636,0.3540345867839351,0.034717777981764196,-0.0007386958855885739,-0.0022974546682729344,-0.00413653589773263,0.13038707974598185
-2.8280243325602976,-0.16791019441534083,-0.0006049099754957127,0.0006915164054427138,-1.9763559847023777,-2.915964461060099,-0.016182680510612238,0.0420647109726464,-0.016893346159459366
-0.37653691861869104,-0.22583516203837262,-0.0044747836304206146,2.0588161526489923,-0.021579197525518366,0.002179322854438559,-0.0005061178152004208,0.09021185982537257,-0.02350506298752364
0.14083622347725389,0.029541050134948982,0.01450026808135818,-0.008321695710938829,0.0008342221569909289,0.020878674400005858,0.0014896186267733293,-2.0464176200860953,0.007644768495109172
0.009166406636979874,0.028178658424759806,0.8459076423964697,0.0007909220350761637,0.004901062879736664,0.0007795057515656385,-0.11475061169358439,-0.02773037661815958,0.008516844998314302
-0.0054065200094912955,-0.47497242736669815,-0.0007276496484911014,-0.0023263446297228014,0.7437681808702813,-0.0024666560840391786,0.0032286389186777197,0.008123264757521632,-0.022293861590560876
-0.1312717151321251,-0.12218449041736415,-0.0036789166086378944,0.0024668919541481864,-0.004662529444475243,0.0025443456986557348,3.5663373976053387,6.768505857452717,-0.02162368340522991
-0.7278555032701444,-0.025117854881499754,-0.0031953418653885048,-0.0015832652060721718,0.008674123180608027,0.009309770331987662,0.006677112495727845,0.162530428463608,-0.01655176255745998
-2.868714291911038,-1.2047625547897651,0.003433314421341427,-0.0033704980586356558,-0.8790554059616635,-0.0002542546126670755,-0.0028681369603311413,0.03969999867102003,-0.02944144985657071
0.025328122380044598,0.004994263800329595,0.01043470688023792,-0.010307901805707611,0.07713778692972126,0.00025883670098901746,-0.0029932787492754397,-0.8368108957685143,0.0012342836685253142
-0.0012983400343816098,-0.4603022905049837,0.0027679563522642614,-1.2338174097928922,0.0030615346387550322,0.0014219500046111302,-0.4844053185803392,0.001745273995267995,-0.6363681208119436
0.005846794087014841,0.061941710913911215,-0.00044530474942179284,0.29033637984954913,0.001978831079934087,1.504614366221844,0.00015500410030031366,-0.01141718208381181,0.21341268778693206
-0.002057945743649904,-0.5531865553345092,-0.4753606522316087,0.005752996936164767,-0.16553051783233108,0.031533509621169194,0.0033360103895074683,0.012271225976267827,-0.008738434175701693
-0.000694030555618042,-0.0011191326086273233,-0.0012971948854890484,0.0013490165682160952,-0.016294229098967977,0.003955832072601264,-0.26079285220841253,0.002231260972087096,-0.003575634118543275
0.003093905950417501,0.9163903347593163,0.020173844850300354,-0.005286466242828433,1.0636850303436214,-0.0031284016048340013,-2.295131845861706,-0.04052428616559908,-0.0020544485812472035
-2.326845074629329,-0.8690899792183207,-0.02127032839725429,0.003994181668125273,2.4300269048195746,-0.025178880600437045,0.015574637876102939,0.5343159769925756,0.005413963195866178
-0.009591655094600901,0.000199366224258566,-0.7300178199069955,0.013170169234742124,0.014840649274413193,0.00017165474888534418,0.003385954773613493,0.005553491733551352,0.0015387783050603496
-0.012633934818910016,-0.9642959791340274,-0.024133013856169255,0.0023357600129618886,0.011469931936089311,-1.0470749433195938,0.8153185651067509,0.09116549588962007,-0.0022667456955223764
0.18514282501132934,0.5697043161544201,0.002786964254640645,-0.006630974979368437,0.5248849295868634,-0.008283490927528982,-0.0030095146677902914,-4.2910745158601005,0.004621144965880952
-0.0038988791259790927,-0.7435362689135888,0.001996444765478396,-1.0324441189122684,0.011874634701958889,-0.0009576855364861562,-0.003035784393930414,0.00746269263269503,-0.07108922190677736
-0.37588940707700397,-0.0024882613630513484,-0.005174592989658234,0.023189987196914136,-0.0029559746972676534,0.9800743355399942,-3.870718217385697e-05,0.018930327480949943,-0.003953256365682303
0.0009420046963521291,0.0003010913892233113,0.0033178332147558815,-0.017243461912017883,0.004143826159853047,-0.0029805680062572125,0.0031426752413920072,-0.002057465696767465,-0.0006609792692333622
-0.1070275913985192,-0.14921599439060385,-0.5367507545064636,-0.000655164203517633,2.3178976634027144,0.0013405457205220767,1.6963746556533592,0.145912075616757,-0.018947154907647618
0.21731903257536964,0.004084005812275168,0.014153256878297105,-0.7342755005560294,0.005658875045653795,-0.002002267190668434,-0.001582070041894618,-0.0741722182727845,0.008971233875810496
-0.5344840984651192,-0.002636735669251728,-0.004121418002420349,0.011289991354803174,-0.033107339016652755,-0.001140788599038704,0.012040466720729387,0.022377776501159616,-0.0007134215076073924
-5.239377484020848,0.0028380936378220906,0.023571121733501288,-0.01592896813209142,0.3793632803057555,0.0013904306872254552,-0.00305931124064001,-0.009235641846746193,-0.01311476174728099
-0.03856738225089906,-0.02226712918375426,0.008742315363758081,-0.6718458509613514,0.0004228870318946933,-0.0028945489273857245,-0.007691267725759656,0.016070736700706592,-2.3940978674564994
0.014155663214874815,1.1925184283006907,-0.009548770058248834,0.013208794935704163,-0.03302434860676181,-0.004885580999688055,0.015836004861667446,-0.003693424972940479,0.850944754171902
1.5997776325171769,0.009758703881018085,0.010098291217728955,-0.0022798505113903068,0.001833175697773217,-1.8784532529347657,-0.01046676608042971,-0.13304283069631095,0.006329745914353924
1.990625963921337,0.001986331092597447,0.004971065406417771,-0.0012479135242212942,-0.008356968407475032,0.000965675171713314,-2.0381591389269733,-0.03600878907975023,0.003370465544937029
-0.6529793979661128,-0.00405625226588225,-0.11573936946749086,0.00010973201356491782,1.1870793788382068,0.007551177743966694,0.6036399387273043,2.0835648408007867,-0.008678035987734645
-0.005999209987246432,-0.15775186559827648,-0.004370303206736063,-0.0029378385253501296,0.039085866632345395,-0.001406413896789566,0.0052503115375521015,0.01722141604828423,-0.03723815886997131
-7.218582000636719,0.0028633443042438383,-0.002235241816755995,0.4941422704774454,-0.009298985142733814,-0.6416451858608619,-0.0033878333354256072,0.0019182613415838264,0.009166959425285226
-0.002972000400336499,-0.42890551456050163,0.0018049778241078021,-0.010619624621000717,0.0013356489251685148,-0.005680187387949339,0.0006661668053778071,0.006724353871508697,-2.2181696650674265
4.830700392386811,1.431823915188287,0.00796165575806268,-0.024968103782381828,0.05882206740914467,-0.003031077523074961,0.034752817385504786,-0.12127322144652819,-0.006029231913583288
0.00197570149182575,0.7662570250406097,0.00011499806163182882,2.924330052226686,-0.1060003981352798,0.00034349104106869653,0.0036893458959719357,-0.002546126990006281,0.010637114750103371
-0.01000257882280247,-1.0371966414118512,-0.0027220377115133587,0.0010830531071403717,-0.007733845262527522,-0.22315585623524906,0.009223292049955005,0.5845605322585292,-0.006069903034369828
-0.00043156761021190346,0.6962959443115373,0.07394313970590133,-0.0014016352571427446,-0.04327806130469382,0.014046911740239417,0.35317385256353456,-0.007777634408619186,0.0340506176769263
0.017422320058839383,0.008722772761392866,0.04795504035246512,-0.01326786322190662,0.0017991788236080847,-0.8440064553908431,-0.011534161987452458,-2.7088478072860775,-0.01310437156940178
-7.658121858776979,-0.0027800512483231116,0.14732221007954127,-0.030035594852945435,-0.010136680446932625,-0.0027978480322964835,0.021576438164001788,0.0006402895124481001,-0.01672541116527637
0.008773717448310916,0.0008094659959773967,0.0034504092343586312,-0.006507229005683778,0.05789443849494909,0.00016648621797054572,-0.0019508463639289,-4.674624074825933,-0.008486754966978538
0.0004657923843924708,-3.190375826471141,-0.000993787672871338,-0.0015463720659566454,-0.0193185354755816,0.004714689321159702,0.01121315240051702,5.242833494363868,-0.0039052496038292084
-0.6420800684253318,-0.00449094750766767,0.039710232816798516,-0.06586187008668681,1.4447480119837954,0.2027204466166394,-0.0008608120013662826,0.006672976405674597,-0.18873570316758304
0.0025420639448258103,0.7552795171087756,0.0003207559888162015,0.008884660830425242,-0.004171942622341611,0.0005482665501268587,-0.011007308251605676,-0.014198942399927195,0.025229462021934546
-0.03510125259364826,-0.0063332655001181355,-0.005470599055658748,-0.00027002047181036686,0.0625100607167321,0.2587741251992084,-0.47762252845485886,0.8626851001199967,-0.03677203397173881
0.011365571375269964,1.194108942835698,0.001628214360780908,-0.0011753415553549431,0.007117503096981987,-0.005087626030735867,-0.002250456222124759,-0.0859470939727066,0.00745069954671751
0.02056520608184377,0.4668144412812203,0.0017792628832427743,-0.004186605851453334,0.014816974631414764,-0.1816013919188989,0.014292514385687259,-0.18497602167271848,4.0625236295533504
-1.6301702943995808,-0.0034150963542705,0.007087316649384057,-0.0061722757501101976,0.008859928192466695,-0.00925449044923994,-0.0021157471445517224,0.0057275139037468985,-0.01530260337546585
-0.000777086262445457,1.4573028581313732,0.026061846176895387,-0.0018776987200901374,-0.004449781598608378,-0.013953202320093288,-0.005444872918512551,-0.007046417374068957,0.001587873140679097
0.5536956543692297,0.003686017916540187,0.0013931275423723945,-0.0021379765531431795,-0.002877126980019558,-0.0017844702808139132,1.3098392493785895,-0.025373641068464826,0.008879438319115682
2.834822595164149,0.03095014829103107,0.0027775517435063984,0.0012376332683899103,-0.0020399340568957296,0.006466434736429927,-2.9552136542058918,-0.42307435365272944,0.006954960849883729
-1.902362985630723,-0.0007829280464305788,0.00016077242618078857,0.001576393348262976,-0.0071637695583022225,0.02245340489268644,0.0030146992726044204,0.01126729356077906,-0.0007022208811682806
2.065402248421403,0.003484576020457738,0.006987086889936808,-0.0017299816625482396,-0.026269648568765253,-0.00492171583748599,-7.956252248149647e-05,-0.04928600475218405,0.0023688069066994943
-0.05304573493042697,-2.4712568781696076,-0.034073967040927355,0.018704192391006992,-0.0008879587521815613,0.00042959117785326554,0.00686285653215879,3.6414056005181212,0.0026125591220531597
-0.04295808045749544,-0.0028782739467402164,-0.44918805046380594,0.007271403360866804,0.004355224481309872,0.7163943219872816,-0.00021835093659232688,0.019089280897893093,-0.007071234540988989
-0.03021793348711859,-0.06830943235015483,-0.0007554147512113182,-0.0029649289745063215,0.005408921545513646,-0.002278252140844152,-0.004311926917633357,1.5119759184921149,-1.0480009730785778
-0.0037324587701177527,-0.11218533950043649,-0.0023608568180169998,0.00027127462416778685,-0.010340759756221972,0.003170257715619898,-0.009009150983833945,0.010869163941262945,-0.024194930331943976
0.021444543960429198,0.8259700130239807,0.009633459226379995,-0.002937559879110855,-0.009965874750343589,-0.3530792668964874,1.880679734644791,-0.07648238022812513,0.034234387627214646
0.03332203431217283,0.037832931644615694,0.39486994947647436,0.0015214243268595364,-1.473885524513461,-0.003740974640924807,-0.005528262522480664,-0.1649695471429895,0.0210310164626447
0.02133701938267546,0.010903887884923025,0.0012054281820447462,-0.0008428255673126375,-0.0008272989587831201,-0.0017746160153783693,-0.000632712848209738,-0.0191122829488862,2.8032190331192774
-0.006505056925309494,-0.0007364907699606266,-0.07233168658460462,0.02895583804513681,0.0006373392041161338,1.8184529634009465,1.0711483901000274,0.010429140340689032,0.00036726878413711073
1.952564090605041,0.002923188188294757,0.003912818138058979,-0.0020517391184156613,0.004684569934939112,8.761981522437243e-05,-0.5206966157443792,-0.12647750678054218,-0.00330915173319582
2.8333332942691656,0.0013519337554150372,-0.0006497357794976732,0.001440231863777472,-0.0017692813625528915,0.0007653730864878718,-0.00483647434589979,-0.010961526333479361,0.0031941551988761696
0.03349137211025075,0.9586795241410003,0.011750175782603428,-0.008639603666810155,-0.0002878619063441754,-0.0035943581282798353,0.000524732867425836,-1.619586447709622,-0.0011809200296891698
-0.06705241658141736,-0.0027079565115231278,-0.010708702995266217,0.011054227657324008,0.000808455659665449,0.0006011800266848659,0.0017941391670167261,0.02578652993863379,-0.008621125192312432
-0.0012179516148482865,-1.0018772280875334,-0.0009069554665788321,-0.0022000880452278607,0.011915511462597513,0.002052286758355524,-1.828149546099203,0.006982388337132786,-0.023729928273094725
-0.01430227784116579,-1.0471896452976874,1.0265864259000697,-0.0739050426113744,0.00013657327340523126,-0.16114741448924558,0.010832119078442365,0.021539300239024093,-0.04588386741793504
-0.05800800944464863,-0.0033045105073779496,-0.00461617995904561,0.003955153191213048,0.00021176284741241763,-0.3972265650525307,0.005488164603920255,0.03410154481116063,-0.008609932414244898
-1.3883757913350117,-0.004939245016322487,-0.09526917496893783,1.4804524599894648,0.0043201806620411926,2.757925912993081,-0.025889127330563422,0.1584580187316797,-0.014628207967459839
2.3009573475849603,0.003756794392123163,0.6437474205857967,-0.00760482009370908,0.002483268078473315,0.001831292147944268,0.005784356820897674,-0.2687704400181361,0.0035742706307765326
0.4364633287923206,0.0026584355427628657,0.005827925215895272,-1.5812265352588648,0.002572627418839556,-0.0650087501296967,-0.03674474257470036,-0.10619509403173055,-0.003108390364472448
2.1323857338245595,0.0027849457064904088,0.34393907064377904,-0.01127523058337955,0.01198681435117455,0.0009603113998635062,-0.003633805751848306,-0.07573574472671857,0.0027287199953768826
0.0019957975028011654,0.002382914843483584,0.0005007817240636493,0.0006467772625660428,0.012419851354568334,0.0016941792873309857,0.280637290322503,-0.0037362201872328566,0.013545353384433013
-3.8981384944978155,-0.0017319549434703487,-0.00349427640981409,0.003308826233752358,0.0035933361369891604,0.0002514557513168862,-0.04566661508380984,0.03145248662089487,-0.0016556405075395797
-0.002528509432784126,-0.00169364595526501,0.716421559790043,-0.11856896002587419,0.01951799171802687,0.02393413689887488,-0.5517623572435719,0.004251500617475118,-0.01449243731424077
3.1324465898143625,0.0032198425132052046,0.6496703616757937,-0.00441010618957155,0.0033325903961165804,-0.015006058157245424,-3.2233252100311334,-0.18889994346829342,-0.003438392507341015
3.0576310301466902,0.0028548751449878375,-0.5461372235869906,0.04404357972156711,-0.01282330329218217,0.014843995061218043,1.4693985896631,-0.00850681352876051,0.08880396754143627
0.001078594148878333,0.0005979444871559369,0.002616241833767581,-0.012988242980906516,0.0017965987695998066,0.0010027358904530232,0.7295144585596572,-0.0021386640310125543,-0.00030939757665252206
-3.3701891488410496,-0.0030090995749461236,-0.008061700241846381,1.7822137229545498,-0.02586153081680624,-2.8037673905833924,0.003314590589391906,0.09342185977525447,-0.0007624946962996315
0.002136038366364711,1.6844399243660901,0.006281940796641933,-0.0016173854085435066,0.0038542534286311377,-0.003981704085546121,-0.016992218724738693,-0.03774575771482114,-0.0068994716475772044
2.630959524593653,0.004798084437819454,0.19107846110520477,-0.001175749432209064,-0.004006415073493433,-0.018931388789341794,-0.06725632706593249,-0.3945389301430373,-0.00032048687335406445
-0.00044563041755433207,-0.3883581841182494,-0.003045918363312739,-0.0005011278970917434,0.0016605583935054553,-0.006017744673979345,-0.01014569505213058,0.004408503438132362,-0.0539422759661492
0.05521235949364833,1.4560509479349997,0.7214867753851708,-0.004666060618676554,-0.430892120066634,0.7296619251328895,0.0016568283870996847,-0.039046453815497095,0.005913944497229373
-0.012903047494435283,-1.0488725561858585,0.0030699478326599444,-0.0046208323691031596,-0.019383731582940936,0.20930057731573334,0.007484315254430429,0.016771969238039943,-0.0565722585074635
-0.9902024097654643,0.0008274106644403687,-0.0022418013257908057,0.013561311997456311,-0.5212381400091746,0.004688722086921473,1.0599410610676296,0.019328328098641902,0.011833628844570857
-0.0025914955499741505,-0.45775550361401673,0.0032892037758476614,-0.04088308608170627,0.0006329764939530845,0.0016793633428106663,0.0005803714646098225,0.00592316368525309,-0.06931954435504656
-0.0020960380290132065,-0.002242015274146868,0.00040423925741843024,-0.004911773342782058,-0.02007030828204251,-0.39824259974088516,-0.0025305391579053486,0.0036304608527764778,-0.018033933963258482
0.1404031563528588,0.01107557217768703,0.0012302551911998697,0.003062549325338088,-0.010435319497355669,-1.064110455298031,-2.7080572257592737,-0.02655429850581221,1.3294906319210003
-1.6900335497681578,-0.03452689959525164,0.013625593842743228,-0.01674503663550031,-0.01420237097700509,-0.33100389280021936,-0.001715673953065627,0.028207207378342394,-0.307572098572372
0.006969432653438271,1.7765156271692089,-0.0011785382944716205,0.9952530413657263,-0.20909974670392503,0.33277386346693516,-0.530425683630668,-0.00592981489394999,0.03724682064542817
0.007899153271173062,0.7008957319095527,-0.007892059903282095,0.07665752462465522,-0.954400522713617,0.0069721271194002205,0.0016405828362105381,-0.005311219681036043,0.5907649610761121
-0.0025898491380320693,-0.0030255025601804318,0.0006806004602783193,-0.003515855439567881,-0.3180327258466852,0.0005101198030053848,-0.4256551204366856,0.005014217578157105,-0.8678861959412653
-0.0009982071907431544,-0.0005796685136621341,-0.002333389806064077,0.008170028416410215,0.001163942035566829,-0.0005972305605380496,-0.0784678744167742,0.0016312090050979158,-0.0025819208239643895
1.3727768206137076,0.0008272124846736978,0.8380717897932994,-0.004316978743180239,-0.05022173290312244,1.099971586774008,-0.008357744853958432,-0.023826502950403894,-0.009156199704201007
0.0026233688329103787,0.001045987677900673,0.3210263072607418,-0.006646281374543726,0.1491553001020091,-1.2135802285670996,-0.0009505360671336365,-0.012627058820500768,-2.6930419902575914e-05
-0.3801603674718752,-0.002649076764715576,-0.9392383059037095,0.1997923254880536,0.0045629954437364385,-0.0004308260121302877,-0.00027626355365986503,0.0215309215768974,-0.0024610096925741787
0.2728245697411441,0.005530606467031102,0.46458194949845577,-0.000525319869710765,-0.8197290881954411,-0.008522159102987394,-0.010553358728747008,-0.15230556255429917,0.004143513942706456
-0.0015848509009622161,-0.0008058358671110261,0.00029189570341100113,-0.0026264064379674735,0.1796416417956128,-0.7973840838724633,-0.20025751530313543,0.0018625742083463461,-0.012010527479333882
1.1494352932692058,0.0029332498588338536,1.215333485706735,-0.002121911533012971,-0.9813495321673171,-0.0013150681914178165,-0.005836085302493257,-0.033252174973944504,-0.0030090520022375555
-0.004945380032167302,-0.516314389898714,-0.0023604060556306136,9.841598824958029e-05,-0.0008262319414179807,0.0003903291201377274,0.004114973235009779,0.017057745298985814,-0.010561117750222004
0.8051849400594318,0.0013584432865434647,0.00726985532585234,-0.01168721712488081,-0.5099611406745284,0.0062422235676142775,0.0023456971546130007,-0.017412157167256158,-0.0008736957159260483
-0.664798697143635,-0.0027246809044760775,-0.7132932274141643,0.05240010679893503,-0.000504702952400655,-0.000761055210921696,-0.31952464243800016,0.06691966019685952,-0.004119189484288577
0.0003057136115216768,0.0002659115469629587,0.0004202110295779702,-0.00014525991016252113,0.004219587958435866,0.22001829971585507,-0.002089888976266258,-0.0008129071388897964,0.001069086453450495
1.792228576299677,0.00569434500142061,0.7805076564799487,-0.1596687179382852,0.002731781421021335,0.5165846107368587,1.1890454391913523,-0.024963869695290408,0.005772368947545681
-3.092926650962765,-0.009739418455504682,0.0005554022554629667,-0.0020247578876748063,0.002103623190328842,-0.0022807560816416822,-0.007735567342811004,0.016390186888578673,-0.03518446513042939
0.8058762516177082,0.005811971248313183,0.0029176564410106007,0.0003191145075461929,-0.621999842663535,0.0646071955231709,-0.002966907666897033,-0.03632170155361594,0.012180690044071019
1.804557617179091,0.9356993494059018,0.5823121576970536,-0.0027579443342916066,-0.013086270741112918,-1.1173475202260286,-0.0038183255855599035,-0.026986410799711036,0.005448080450360937
-0.18477891296838567,-0.27238048405756143,0.002537036140149357,0.0011975190998676256,-0.04021262616102053,0.0015026736703994269,-0.4500974022625698,6.545322936155383,-0.1186359398436787
0.012602998907989578,0.8641103006326853,-0.00015716600573429523,0.0028861062002234475,-0.0025915204659228593,0.001186243736674294,-0.0012496706685987957,-0.03431212968395418,0.028736905656661538
0.002393907550819155,3.072233290824368,-0.04310007056541654,0.3875785880051419,-0.010700601263030171,0.005567405243750996,0.004718093094571253,0.004822512041810945,1.8365895097234102
-0.0003326680262794753,-0.0008296757848049,-2.1247565635942207e-05,-0.001395195195121369,-0.04168899889748809,-0.3726801403568649,-0.8223124065297635,0.0012613077307962897,-0.00667421035463024
0.0017817849897312707,0.00635183219481842,-0.0005601165996073276,0.0006919557532174384,0.00782879263922542,0.0005836932781742464,0.10261502270525617,-0.003003839739500684,2.4785296297675785
0.012577432503436124,0.5668347886689443,0.003632155366810011,-0.0012328243845331466,-0.08903300414921314,0.00683091398069529,0.008969462338536007,-0.027503233235453374,0.015032818553598504
0.24826674031285023,0.00200878190995743,0.0033632033319753564,-0.002996852923417688,-0.002413514511243733,0.014581951166428455,-0.0242993038373093,-0.02199321371090269,0.004819067159478892
0.004984225163940652,1.073768021999262,-0.019591526920981234,0.679495792742316,-0.0024941883671607593,0.0044376002302449185,0.004882101791968144,-0.00473927962927052,0.08595903478424605
-0.0073890940163624155,-0.0650384088916103,-0.0010787468106100862,-0.00023556957635770915,-0.0035057097506079353,0.004053804451279879,-0.10591884869745298,0.01369356155913384,-0.3700830641044467
-0.013873582861535306,-0.05811528293726665,0.0008508766018333058,-0.0031745850128268313,-0.02588961761100467,-0.00565768561222466,2.9242614178428874,2.1298815826775983,-0.02144021097491411
-1.289591166259897,-0.48416705313547886,0.0009624899796870298,-0.0004895582907294407,-0.0026706476582206012,-0.05132950720522916,-0.031838831890638054,0.037633993370759934,-0.0236539457824827
-2.658887179110442,-0.7958798027960649,0.0020110958423666114,-0.02418517807945851,9.979141203959527e-05,0.003720530434808186,0.0048291715248784915,0.08714617960188469,-0.07110358856486787
-0.9502915758057524,-0.5274970517682656,-0.0005579258479635196,-0.006010375978771792,0.6052396256470925,-0.009130392530145378,0.0008706285953095066,0.22024839525170783,-0.029438596275495277
0.00531644886185547,0.2941525210353839,0.001569182039330222,0.00479134763554942,-0.6377766949938763,0.0011651351863545675,-0.003880314797716224,-0.016514604332895963,3.033826593823454
-3.939676380677109,0.10378965537994564,-0.0011317570638312707,0.00454053912226386,-2.017327266788313e-05,0.0024357533851454716,-0.0015236218437204626,0.008154763186765224,0.009473536269396121
0.543129601183045,0.015583750259241911,0.004968293891259773,0.0002347326865172085,-0.012769169079566009,0.0019676441516144802,-0.0027740275635635783,-1.8316442005696258,0.010992165790301961
-1.824926577066392,-0.003997073096709195,0.000813470031343147,-0.004687798351690219,0.046587812053628885,-0.0008716677775068639,0.0011114940629926287,0.013511294092556417,-0.015873424977169426
-0.036961445714196565,-1.8495223680553226,-0.005433583794657165,0.019389867855277514,-0.009361838582143726,-2.298941844576365,-0.004247063506508844,0.30483902072438307,0.006197139477126745
0.005550403360998256,0.7637483089628103,0.0030904713926774713,-0.0007133053106508567,-0.005952680042545161,-0.009139516071503501,-0.0014884983136645826,-0.016358252510396014,0.0066124676769760415
0.01114579053194599,0.14776315314944855,0.014670879227607125,-2.5904567412264576,0.036306034609236384,-0.0029734197112173955,-0.004149590992607172,-3.542381213920322,1.9976354352461811
0.004729022654395247,0.007060454548027156,0.022169515260541648,-0.0004740584592186703,-0.007482724199058957,1.6182617951093636,-1.4684701710993824,-0.014641666281480075,0.017823194359199546
0.9913023972692233,0.02489787293781,0.00021330605709048156,-0.0009493441999778459,0.006194319588673929,-0.0014923160236056372,0.0022384258568075317,-3.0298838508184085,0.004468827429639832
-0.001984864682663811,1.9296815780842553,-0.020953663302039682,0.012277219198076738,0.011708291720343194,1.527162422606812,1.1743407560456498,0.004284823948099668,0.04392549063355489
0.03159759731673512,0.020816480341155005,-0.0016553552929707209,0.19022582709481325,-0.0029157440956919323,0.0025065417738212694,-0.021124860164061877,-0.01268281712003922,1.0113801200127228
0.10558843306146848,0.010268628826470519,1.516236528681717,0.0004673877406409094,0.0005919372137836976,0.002051174872735979,-0.01197423322155987,-0.0395235281209646,0.00984014062129121
-2.6336236577714187,-0.004282042071427336,0.011683163190740309,-1.2790405798621123,-0.004777034816041296,0.0006511390706804086,0.09036139227126944,0.004991012743327691,-0.014839914361048812
-0.006059348564702371,-0.009466859556951248,-0.3562335504632983,-0.0013801228735826135,0.002891922694480819,0.0027274590570448313,0.01157920065552473,1.5505432225638143,-0.0048245486553136485
4.179672326271875,0.015239177501707824,0.005582240660089055,-0.0020735780855754005,2.4064037042566513,0.001906809559651378,-2.6162422238528373,-0.0831724831156396,0.005382151019143633
0.015218936327729448,0.1353944650583829,0.00032305104427707634,1.3928391555261808,-0.0012922416797475729,0.004660988892235074,0.0007762941721806173,-0.048458876345068125,0.01800341407001335
0.12177311572245625,1.5380532985698343,-0.06903643974596463,0.024027697344499777,-7.353079002367022e-05,-4.089896102066532e-05,2.2411273268983933,-0.09241393175877025,0.0697643056271735
1.100625372806157,0.11336181543709542,0.007990664117428464,-1.5807217380659524,0.029474942935850686,-0.0016562242296058048,0.0077332156635883465,-0.4903664089014426,0.04955886350195493
0.004256137040139972,0.0011261392607138708,0.016355117159069246,-0.02800468753705052,0.0009144151604914503,0.029836966953860265,-0.0049195436668001535,-0.007703218999124636,0.001961238006742593
4.664770051772778,1.7242269379427864,-0.033821085867730805,0.004801242759370421,0.01858641679813182,0.00242104318475798,0.22108077371959378,-0.0030539931012360244,0.06023512236777595
-2.820618751809355,-0.025922841592089275,0.015510775166231672,-0.06360531187593255,-0.0010256267486752763,0.0018432565747442875,-0.004026797159514116,0.01707209237777052,-0.2126720490013434
5.847489658358414,0.064052820932864,0.0007093863811784284,0.022452890662115713,-2.6698126230555745,-8.570683504626874e-05,-0.005583736041438109,-0.10269293194041762,0.030991261827929772
3.446382802739114,0.0018762025253875637,1.114955931029007,-0.004425281336144782,-0.0025174606870172755,-0.012459141316298716,0.0030429214511824842,-0.02139009535997005,0.00430366530963866
0.01876066903770496,1.4488363092341165,0.003831618672277312,-0.002033253148916239,0.0015741512343906104,0.6996792830244867,-0.06019837741625622,-0.9795373570033477,-0.00557572963572206
0.25416127871910543,1.4620388524354229,-0.0036875199087858246,0.009115134915841275,-0.009467874933130088,0.46027378906195204,-0.00514768883603718,-0.011031472453416152,0.45391503893899454
-0.03171210238886207,-0.12198911398740833,-0.03595503940549456,0.007544068866076463,-0.004858222130047972,0.00794653895307507,0.003964367794941882,0.061369387491304765,-0.013206763710546389
2.8740020044452894,0.006382326262380208,0.042019125248299316,-0.0053649530603767145,0.00021572371715046675,0.07460043194281052,-0.005750992199688573,-0.13376530232506145,-0.0015611476281441328
-2.4073208965663992,-0.00492907940562955,-0.12107633335752399,0.6166627947522023,-0.0028954077471570125,0.005832307384195208,0.0016493445542037077,0.04131400714633822,0.00043710535828384023
-2.1495964629108446,-0.019644778361704057,-0.511217879285712,0.005025097448315918,0.0022644971099208665,0.00025155623271290277,-0.009785478212737148,0.0700289196717494,-0.0074391818997118775
0.9022619116556098,0.003163817296602631,0.00737008781616242,-0.00814875951813248,0.01828129736563279,-1.5621972860298217,0.0010686829225101473,-0.13902928121327843,0.007031097285464902
-0.005634102814627291,-0.4356031039725029,-0.31161214762373546,0.009806381263990901,-0.1627828020626211,0.005030577776017212,0.003242103452149786,0.033404070842557004,-0.005484807783297074
1.3493409068362627,-0.0007590109739320827,0.0017796827018799616,-0.005711262674210061,0.6792410950812873,-0.0033386379104343193,-0.0047677620677081724,-0.024790321711545864,-0.006250248581325932
1.644656503462814,0.008857124017043314,0.5185050164749088,-0.0017934663239767001,-0.49359413020350396,-0.2527228540409048,0.004442268472358436,-0.025474758271685494,0.020841696341962757
-0.0068788219842020725,-1.2638136991483369,0.0004700155302368031,-0.0011788596133770063,-0.0005611810154111038,-0.011079976107761031,-0.11034016732612656,0.024504174476023335,-0.592815636594219
0.003329421323905192,1.219385393853286,0.0004840596634286265,0.000407169382152345,0.005142592885606803,0.0254982394754796,0.0006151265698529518,-0.01681276491453799,0.014122614592553817
0.0035029441907270913,1.4829050973478781,-1.1911984600531451,0.1896965741591628,-0.04948002961865271,0.007829331510746924,0.004313647411213033,-0.0028623808511031162,0.06123614239951358
3.0864317770495666,0.008577123890998897,0.0013830068500528953,-0.0015066538588032695,0.025204778822952363,0.015384463328020933,0.0038679328185820382,-0.053228706228904,0.012052072347986942
0.26872436911248687,1.4940512942519686,0.0012236405007918227,0.000897966526293895,-0.0020319598950609523,-0.00029067416869554374,-0.02509453492047841,-0.1947104063229729,0.007242487281778676
-0.09610858108956749,-0.002287310743981621,-0.005756190694169591,0.02967637424447072,-0.022199617178675586,2.62780081767181,1.0957239375419325,0.03882003219622965,-0.001655899179070176
0.0037936572765705162,-0.8706943979073507,0.009494324790680006,-0.1463493064591947,0.0017797572580032558,-0.0023781488307539045,-0.006922397130415387,-0.011327743855412787,-0.5297835160551809
0.6651339301759249,0.030730225690895587,0.0016200139758184573,-1.5693979387350225,0.848876604330175,0.002041736023815319,0.031768589250165784,-3.5624449256665205,0.036081894890762634
-1.3757977395102734,-0.0068631596461891506,-0.0016124181871852439,-1.973478090011837e-05,0.0007604594439489807,-0.0008657171383093039,0.0016400834890945197,0.03490697382235259,-0.010541787843973471
0.002111693380877721,2.362292916423808,0.0032268042206208825,-0.0003144523326344519,-0.0013249236162728613,-0.0007774682128795646,-0.0017173923682710888,-0.028093423968640188,0.0058601623696976635
0.0012704712667479488,0.003484930174995352,-0.004142318630501202,0.4199512022587656,0.012938968636974595,0.0021108507147514642,0.0021534304959353514,-0.002482857469945865,1.8478762000066413
0.9077479031979504,0.0033553913731926804,0.0023626747262594228,-0.0021101354602455825,-0.0008160406634517095,-0.009239642397212125,0.0013631670315986267,-0.028799250941580225,0.00697440185878255
2.883209831868921,0.060607765177494624,0.002423606080080673,0.004412721469696235,-0.002576083271155955,-0.006262601198668851,-0.00950965096220521,-0.736857692585646,0.04259513220305067
-0.020134355760085043,-0.0038483611471433164,-0.5768427253296926,0.007363893746991791,-0.01596808001985285,0.9597776822265948,0.0020368510701378223,0.037928085854230936,-0.005565680039758575
2.689390795833468,0.0011123428533970378,0.009787654920287797,-0.5477438528726344,0.003056752468685295,0.00042702715157868565,0.005682252622664674,-0.03892780206003966,-0.0019454869643443784
-0.023564868192441246,-0.03666252616212215,-0.00599222188194562,0.0047923419072393265,-0.031609004623233225,-0.0028184603284960906,0.010188852798418125,1.9735716721722267,-0.004744001055721592
-0.0007746659009011402,-0.0006122560273674688,0.0005242948525441928,-0.014385853215795236,0.683070154023854,0.005709093344639554,0.6688650005887281,0.0012526020901884945,-0.00477306054994676
0.29794814926571134,4.065027879366694,-0.0006750808260451158,-0.002990002619493284,0.016746401513642567,1.8060882051336755,0.0199674683230793,-0.6757662399156898,0.01753533902507254
-3.4283545680281993,-0.04361743196177209,0.0022138448497310836,-0.01646604605521801,1.3763136155469289,-0.006340563166832555,-0.3488239745721584,0.03626831675983333,-1.5485169724690735
-0.006829985064065716,-0.6457222253155921,-0.0036844017842952506,0.0017490163109698726,0.0005310455472171656,-0.002508340059846692,0.002832063205846615,0.019651141217748882,-0.007708273738172788
2.4638185896290024,0.004712785520961478,0.003444144904195451,-0.0006810812577921786,-0.01709830764637575,-0.007481678451336127,0.001961022916600901,-0.03373509582613316,0.006260270089181841
0.002545330597182349,1.2151159860312766,0.13514009476352373,-0.04094705744042293,0.017489742029548866,0.00045855680007661406,0.010688024170536693,-0.029033048153572216,-0.004898489506262593
4.194184278447433,0.008962725413897586,-0.4509231614295848,0.021017833942947872,0.7855947610659529,-0.0007058465394083144,-0.005449587030892704,-0.023506279109535677,0.02079747983461744
0.0049187473282708005,0.4599445171626902,0.17801353777969076,-0.0014270804611000373,0.0025548855606716634,1.226018312948743,-1.0845830878238227,-1.5110877025333238,0.009299675394762286
-0.014120044303195765,-0.20027086299118962,-0.48075440227450406,-0.005420394810983838,0.020047041951943033,-0.004763767593646128,0.08226726208294503,0.19955654277796708,-0.017753076758405262
-0.002056876768062734,-0.0027215603450972646,0.3705299181568814,-0.03634882964640952,-0.02863681276880256,-1.915714955077986e-05,-0.013764499890525632,0.003990043815117316,-0.016498119163880734
-0.010663663280965203,-0.15703218803491684,-0.02328224311210783,0.007119587297050848,-0.007762918032686101,0.005459795255058789,0.031356056468766116,1.9885753344411974,0.002930141137062775
-0.003974523992461908,-4.589417413299486,-0.003291720467149928,-0.0017511290151693316,0.0038190520475969367,0.005024589051237026,0.010537855409732344,1.5863305470622935,0.004774854552626273
0.013665012545758486,1.0562032756426614,0.0017787344752880144,0.0008606304753836637,-0.007048677169910345,-0.002966903191718796,-0.02073613835064785,-0.023526949576263785,0.009749004790885751
0.003482243057168107,-1.8498247852771676,0.0008009287813801891,-0.003996713504841664,0.002021434676423581,-0.0027008066156592792,0.009943110948920659,-0.011464334770984633,-0.03477662067861598
-0.0004415498239395603,1.3041675424328498,-0.006979635855459743,0.029679494905920617,-0.029537504273737775,-0.0013962930078835916,0.006388871527104743,0.005586002854643326,0.1697962858073181
4.459418157045309,0.0031256124703960227,0.0022475661854174517,-0.0018495214274707207,-0.01080612120722984,0.002780687887241769,0.007568083571625136,-0.010694715940218636,0.003757330570460904
2.938652857176974,-0.0018689988617598373,-0.0018827126510496534,-0.004615620450808677,0.10704007230758386,0.19542680508811588,0.008382418491378562,-0.0019762816488144534,-0.004322736777933267
-0.004956129961196943,-0.25568794318274773,0.0012378603902538417,-0.002980842166980094,-2.0459275298225843,0.002842689086452586,-0.03816366642754151,0.009073959264696847,-0.5677020038145881
-0.7797028010987632,-0.4707653819627198,-0.6303629332001566,0.028182598568532446,-0.0018199929881350784,0.0020586590000239696,-0.017333834590950753,0.15350736436024381,-0.00910339590000464
-0.002060931295741761,-0.0021632887818027772,-0.0001248599900182122,-0.009182487825128868,0.8609295560522812,-0.7384631112750075,-0.10946686718155371,0.003631553440448416,-0.0213880868287845
-1.326233306842921,-1.7056152752616984,-0.8525504575264495,0.003143550389110683,-0.0039151193332417275,-0.0012660322914488757,1.0701920102280784,0.27086142607693287,-0.013450959676375218
0.006144895644228571,0.0035316114174967455,-0.002927203263454168,0.8874860101544608,0.006718123583136845,0.0030652132921452505,2.8443547944969634,-0.008528366983182389,0.032834528247868144
4.351981643555508,0.004714148765024208,-0.003104188051432616,0.008868708195759134,-1.0759112669377917,-0.03415125111966035,0.0011048585619149332,-0.008377101270452079,0.00870265550491689
0.0005461429062637302,-0.0006797083641089351,1.0182302932367402,-0.05142833290095933,-0.011611890379463568,-0.002369446975785116,0.001706908854285229,0.0023927922907331645,-0.00484213649810461
3.8430913636659088,0.004848892164226274,0.0012877365799292828,0.00388383423794009,-0.007484574004053019,-0.0021060785819811325,-0.016498739257232876,-0.039431742661734166,0.003922488957248449
0.000921314576284747,1.464502502123179,-0.002238314132000818,0.004832944337959208,-0.018210854349506353,0.018812811269606274,0.470398835865538,0.00014721121071569268,0.06537749780678537
0.0064227170309663776,0.0006485725079671942,0.0013843446594421608,-0.002939491079908597,-0.0034404203227717516,-2.017744933411014,-0.35092760259982714,-0.00483654834666964,0.0007122987810143184
0.003619946254238688,0.0012870403061194186,-0.43700397454674167,0.024295441641065403,-0.009457069315724726,0.29816242700609225,-0.0010348809801860686,-0.005084433555393619,0.0031305778120159326
-0.005660877753747856,-2.138435202103301,0.00015053418379273875,-0.0005121347565579402,-0.0013012112711533498,-0.0050567963915589854,-0.0006199396127382559,0.010527867950118357,-0.023558925597196634
-0.049558582552199616,-0.001281436909634143,-0.003246353268909914,0.047625120387690796,-0.0068912771156589385,-0.3454234171462848,0.0019155094053117901,0.01629714227207829,-0.003037073016937927
-0.0019771577024448456,-0.002303399673355029,-0.4051350279758221,1.4465159106152905,-0.020547937346463638,0.003875505719996025,-0.22571845594412027,0.007893303092901996,-0.008568792171970527
4.861823064752247,-0.021421845001841012,-2.8727816121509875e-06,-0.006382381500585763,0.005627366231055277,-0.005971887180381979,-0.0036615078940624955,0.007346760000345858,-0.02517886360203936
3.3896473112820305,-0.004788539201599471,0.002111959338316774,-0.006071040096378557,0.0018893246254451795,0.009493667808846702,-0.002679410403458808,-0.013795145129116365,-0.021790453959392775
0.09793172961712598,0.009288146389495443,0.0027767073847482227,-0.001907178782386899,3.91297017709679,-0.00209159041574927,0.00032698345841054854,-3.241881315217752,0.01091090225977176
0.030211205257519816,1.5720753771099947,-0.0018531298601522916,0.0047313334040823,-0.0029001192900615508,-0.0026874685383120383,0.0015962886599384628,-2.1676500980317557,0.1840096660318009
-0.08401429039271009,-1.7734721256626393,-0.02028379481548398,0.01609372673815425,0.0013204415675669295,1.7927531667031815,-0.0019498093639023321,0.16745914093864805,0.0021973672401077726
-0.01110948910339421,-0.0012362024009148903,-1.0676216194769572,0.009573245532643188,-1.2590028316870274,-0.000676996618913313,0.006276568331625845,0.01470831764117847,-0.0004994110124089679
6.104790347419415,-0.0008588763712529084,-0.6408673542118235,0.004691898699625163,1.1545431257591234,-0.009105236238473442,-0.003045416499415629,-0.00507740191631223,0.005867237601345554
2.8170974410727254,0.007898278127603211,-0.12001368496626563,0.6737740795391691,0.015006599674067513,0.0025657668122053396,0.004030835808467793,-0.03624564448007228,0.09411315001215748
-0.003979139560058855,-0.012275424035176761,-0.26207191035171706,0.0014221656021325777,-0.0006779108062887149,0.028209389897428876,-0.01068443319664677,0.014819741667754287,-0.016728036664986214
0.12628189470447,0.5128495219732139,0.0023738115126037754,0.0017276325939796556,-0.08386669501421282,0.496702796282069,-2.041921964983522,-0.05143553037485726,0.03275809801845758
-4.518209344522662,0.004882983905538201,-0.0009958424147167438,0.005095509703448868,-0.010083300182082738,0.0010124327190110841,0.00045125942717907583,0.010332112030030106,0.011472438921273476
-0.5678953574564498,-0.006273389006590881,-0.8466075965789908,0.012651005001691001,-0.009486827928102952,-0.00373664072393539,0.027637546079588057,0.15269144104582422,-0.001192149268924747
-0.0038272012393789504,-1.2484587319617502,-0.006569428863249169,0.00355519319356706,0.001910958646554715,0.30833470845652416,0.011823794132229563,0.008577301647789064,0.004476376821194061
-0.06919676915786913,-0.012442353512119721,-0.08832359978393783,0.04249571946587669,-0.014138004047062523,-0.05135533207688277,-5.267150049790073e-05,1.0993765857971871,-0.005942132744331696
0.00023648094761670468,1.7282133886559647,0.0032740054465981577,-0.0016835736983442009,0.0020321572193885418,-0.0004994864977233115,-0.0022577840096133436,-0.0051194576338126395,0.005056317076717942
-7.145999835860518,-0.0043343672882282525,-0.6449290187136185,1.2580264596793675,-0.002088205690848527,0.019333897980074597,-0.004606506703132146,0.029959964092320934,-0.0017259273892868965
-0.05991220261285286,-1.3211628747488928,-0.0012481859157274927,0.0031853660013917997,-0.034981216702029305,-0.005406450050451143,0.00015915687732295444,0.27001397415024464,-0.009273762866442659
0.6815594254822215,-0.0012338702593635961,0.0013331562207548487,-0.0047917505798650804,-0.007065245058439051,-1.085451574875757,-0.005194122487864991,-0.011021527363815484,-0.0036722235587397165
0.003639023159968494,0.009682846982816481,0.0007426584973018555,0.006896262262549096,0.0004870262740053713,-0.0023074666541389225,0.000916604448713319,-0.007471056932572812,0.2545048248123907
-0.008948131097176265,-0.6278486326102173,-0.6991725442819163,0.005788464619165906,-0.0033885914754886275,0.005931950331793589,1.145278979622383,0.020628317297901544,-0.00611991660302974
0.0014832777923952365,0.0018186326382506864,0.001369411654846711,-0.00028393673129462483,0.003770121297832757,-0.8984024842464959,0.002689787273454573,-0.0032908909267998225,0.006184152859361453
-0.0037465174705413797,-0.0012630583869415886,-0.0015993475944903874,0.006218583488489564,-0.005863736838963515,0.04779444298872983,-1.638945732904577,0.005273142267876711,-0.00438456490063943
1.2808176767087147,-0.0035550866918744087,0.004305810291373717,-0.38114121913361004,-0.00039867607929495313,-0.0048466051371145276,-0.020281112613943848,-0.013051756080115783,-0.021651246448125966
-0.0034464433870205237,-0.00010854791691626499,0.07209824051617755,-0.008615702911654238,0.0030496155666348713,-1.0111277029346217,-0.111677300649229,0.0015709724604824542,-0.007078126570431654
3.787633596885133,0.023827926695181426,-0.0008984192307827515,0.004619392514258978,0.012292738771361063,-0.01235594201660026,0.0014938112001376212,-0.4434755576055449,0.0468891220317913
-0.08340986838443376,-0.007090703800880796,-0.027348938828474056,0.7948030654192143,-0.034047569974524614,0.0017588956008972928,0.001362389263802028,0.30752829369697676,-0.011169451213100211
-2.3257846290414568,-0.8058088345483181,0.00018629118657811916,0.0021425189132921576,-0.0019677587872852873,-0.001585468243814689,-0.0029805781359670026,0.005748596950302487,-0.0009801490956272696
0.012948325549299394,0.8225522993755914,0.4547647525943961,-0.003140843561589765,-0.654468507613022,-0.002995925879546316,-0.002388111611871954,-0.027901435708936273,0.00490668633684016
1.7951940319945265,0.018459280711941396,-0.0003293360294759143,0.006143768918447845,-0.021422480607016917,1.1869261006081597,0.003084795407914496,-0.02430793319705334,0.10072576344171902
0.004634866339329252,2.5756043798267267,0.0029518834262680094,-0.0015827263956689217,0.0010048901915998242,0.0020295208482182764,0.06264245812038477,-0.846689447939676,0.03664588309430039
-0.00033835589217675645,-0.0011650532199423058,-0.0014280787416586366,-1.597353876675267,2.3462429297039953,0.0016228929137550767,-0.0014497560241306835,0.001248313869207255,-0.005700091048070293
-0.37245988973143085,-1.8736765216371896,-1.5010612742820655,0.00873460677506721,-0.0013879476108755971,0.04670015967233726,0.0112080441288272,0.02879086712168899,0.004642467408070949
-0.05948838222911845,-0.09403365783959533,-0.010002989683340957,1.557890517229523,-0.037096369600149434,0.0052858071456011015,0.005938874999638759,3.5321789402742,-0.010003640264439562
-4.220670229794404,0.05772831228005737,-0.0035672484873146837,0.025282622089687873,-0.02395258868303511,0.009237436882133155,2.2299127627543385,0.037591258479694134,4.068660745674485
0.05029586142338261,0.0018595112488576293,0.0021181241407797827,0.001098355776736363,-0.0019616245474286228,0.00019669318061660702,-0.009563106161685868,-2.0976445685341045,0.006225199186546931
-3.484626786307463,-0.05208610511356138,-0.4616444114575611,0.0006438828298024335,1.036039327180076,-1.5556535662388926,0.00200129500955893,0.036275562440640674,-0.007068857897673864
0.01670697469961433,0.8754460735060962,-0.002285885647715452,0.003283776786124585,0.008681247878381107,0.00799857389059858,-1.8849074184370405,-0.017399330210891656,0.03466072341849735
0.0368474121620558,0.12331601359310687,0.003786989682054903,0.002917614980157825,-0.5601641312569173,0.02198790201626507,-1.9433602129519083,-1.6801052700451635,0.03333808807957628
-0.018436531060257763,-0.8442720423394159,-0.342895306281938,0.072413378685657,-0.008149021470711535,0.005440896083630197,-0.014711622512634373,1.3035803619163095,-0.009339402050792756
-0.4732298985452424,-0.36194026584768246,-0.0021088383435723806,0.002003371345892626,0.0002817799795902746,-0.03950248227150164,-0.014604981569460777,0.18494312422493478,-0.019444464481744583
-4.308179666722243,-1.2281116158031808,-0.0012657918329692375,-0.004622520200197249,0.017456315378424986,-0.3713708099073325,-0.0007116968538791041,0.11343073759350053,-0.015016226968195268
0.00651434250143229,1.4996163699100684,0.007102210406768311,-0.0072642823870876245,0.0035286413008361155,0.00046333603187992514,0.2356816083382398,-1.0360424517641338,-5.704551220808707e-05
-0.015279642819596867,-0.001933797312612106,-0.003813437186591811,0.006776076874021615,-0.012406379985918214,-0.0005744618808901377,-0.0008529549286136007,0.021802120251233594,-0.007565916925365327
-2.2872862102392557,-0.766580300611327,0.0004051187421752894,0.002205169930638299,-0.5560925007010334,0.9926472739283878,-0.6180638377150363,0.029531244429318284,-0.005632940296583344
-0.5644909157054424,-0.013195365509127937,-0.0016136813381977047,-0.0012878643466584965,0.01325957407414323,0.007403427092647972,-0.0010258020575765131,0.030242553005832392,-0.035760700326662426
0.000248289981425926,0.9318012447416114,-0.003826791345300326,0.004794462935427988,0.006467224402195396,-2.861168119052153,0.008236545966866854,-0.00017743020553384246,0.06075691558262519
-3.6960918590363363,-0.01582835026871359,-0.7731428146514636,0.013144826122485243,-0.010355832755429908,-0.00873740216681583,-0.028309483824455084,0.21690808778182102,-0.00872207601730357
-0.0011539010973304546,-0.00034227761232660553,-0.00890512088236095,0.7428595160336974,0.001004188734026692,-0.0023949086636151835,0.0009077051380567175,0.002786427781335613,0.0010065880766962224
0.02346000976185332,0.003858997107805207,0.008046151992624453,-0.011227825204668524,0.020544028733696578,-0.021632497697779585,-0.3254189202643648,-0.057785294449147165,0.0016398012609335929
2.6679332340325965,0.13576884421771537,0.5934002414595332,-0.001668438487156254,0.0025722162606720105,0.0043011954111326235,-2.5167273252182047,-0.07045133115347013,0.01358536287887091
-2.0533431600512593,-0.00015380286585347039,0.0022489788133874117,0.0002263641759403471,-2.882060779139774,-0.06931990819549375,0.0008490740913636181,0.010561957862290958,0.0013370391634769108
0.06677503775731951,0.45141374656593325,0.00042043359046206943,0.0007441598591326567,-0.011857847587068112,0.03571929593003811,-0.0032392457360988216,-0.0195486776481915,0.009572971453623014
-0.02121127743818501,-0.014082870198765982,-0.09528603752435483,0.009969099135821544,-1.4637635556423474,0.0066815855733344375,0.04720010537300345,1.6223778077747457,-0.00042028052570815266
0.0014447099470001124,0.0006293940609205467,0.004526423627160724,-0.3415887254957542,0.011028237919977573,-1.2010744858711682,-0.00417820589281044,-0.002076002398725666,-0.0003084833999902877
-0.002581959157659388,-0.0018292077592073721,-0.021090234199495548,0.016546193985521856,-0.0013047526320065957,-0.0030143062973019205,0.009110683236630541,0.005373189229646238,-0.0003594845482990435
0.01861843171610327,0.3843009180740593,0.007838183444344705,-0.005688668678940812,1.2889920430521937,0.0028361342723792456,-0.004408457977802665,-0.04501063481870107,0.016060490239652836
-0.016589717130780248,-0.6822207759216847,0.004446509611474421,-1.0952453746783715,-2.87789476897949,-0.005457983550303447,0.001306562336741592,0.05586475131538187,-0.08838662915088014
-0.7467432055077817,0.0016804327995653878,-0.017719577573420908,0.34288027480704125,-0.002157534055232134,1.3494411601067746,-0.005163568773673409,1.7378289540934415,0.00608477023423859
0.9411716764183855,0.0003057827320093084,-0.07667744640085747,0.006166687790807781,0.01868375895953804,0.006474761977214168,-0.025172340661974154,-0.013944627438379771,0.008010720260389056
0.0005472790446146604,-1.6731652165535236,0.008557232156155142,-0.012834424704100466,0.0025706522215617825,-0.0018038108532876726,-1.432620063824909,-0.004366731779861292,-0.04909152644713988
0.001712722140548499,0.0006891512438431061,0.030909995981178183,-0.038676235056579036,0.0028032349906342287,-0.005546428555439372,-1.0575880537001978,-0.004782476683435764,-0.0044069091412772725
-0.04012791090825218,-0.03677803538162595,-0.004143693217481681,0.002149060055862112,-0.8296914914064395,0.014399371803747495,1.8494483707445541,0.09006727199616903,-0.018287141748537145
0.0005867662653339101,-1.6216126844625267,-0.21290119212061054,0.0020364107579838586,0.02019440629867461,0.00107475352286719,-0.001905023942450533,0.007219834712736226,-0.009864306249084631
-0.0005442078749618345,-0.00024666112611527384,-0.001453065657512611,0.0008257388249241575,0.004002577464455241,0.0008464016146567479,1.9960951541732654,0.0014178687592967107,0.0018029551166747482
-0.15020648526977376,-0.8396556023229662,-0.695112377398035,0.006178777236873129,1.7649961226482553,0.3941919588013798,-0.00314249979833299,0.05406602688470996,-0.0066518698336559545
-1.0220307637949522,-0.008712032734985841,-0.002013477892127028,0.0013307455507907187,0.0011509242262052292,0.005276323882917479,-1.3806635959858635,0.048492215013792105,-0.012578018553882603
0.020368234634421417,0.07238768419741726,0.0023306884837797836,-1.5806623359326984e-05,-0.005251768656427373,0.06566666071451305,-0.003566643779051777,-0.03469793133523083,2.252967151004244
-0.0029625809292018346,0.8069311360810498,0.001734451426624907,1.4971441112116373,0.005270968431290943,-0.0019168098788862778,0.012292323661191689,-0.007486588877466406,0.07987973161186335
-2.222796177715541e-05,-0.0005519960112775947,0.0010277862439653051,-0.021853421588647018,0.7145194121784726,-0.009226728276690088,-0.005977498120116339,0.000327319184055652,-0.005223015960769533
-3.2440428485705435,0.00048690253440387835,-0.024509029737707466,0.02376504249763732,-0.5618082688378292,0.0021314306175923177,0.006732317034352264,0.1388532598404672,0.016349508121066225
0.00199947201298108,0.44054159509272073,-4.6819288100685696e-05,0.00206190521546604,2.0059841994249306,-0.022773640189842122,3.0263161114755537,-0.006196052808653579,1.6881916546132043
-0.0006117101635726033,-0.0009498453920050453,0.0016511281429453378,-2.5433575076926176,-0.8616077439482038,-0.006466677678278266,0.005758199284862924,0.0005555238808805964,-0.0037633514433293275
3.0863953446536234,0.0006418393351944804,-0.005519522726101095,0.006979622789284684,0.0016727393627957304,-0.008422295261458858,-0.0031331592921482257,-0.010365810876602587,0.013859391529494391
-2.7360329562458423,-0.004484758799879238,-0.24892847298252363,0.6669207499986038,-1.576309570374998,-0.00047457908593347056,0.0005988749540489571,0.5336836485537613,0.0026388149290604845
-0.023674861107692298,-1.561033139951773,-0.011241675262038092,0.008079517796548582,0.00027427109969696377,-0.4443971827482206,0.001778277173980207,0.07382562861574436,-0.0023572778965706975
0.007434205344496162,0.012392892159799395,0.004003114081684688,-0.001251329421998936,-0.0025846953290041166,-0.00044507097000067255,0.0972699441978082,-0.015312887204492559,0.06513280252000853
-3.7941509264671636,-2.9077162073601164,0.013222796703521444,-0.005947764189205253,0.0195390395867953,-0.4972660117867705,-3.8295477048585607,-0.024764608286903987,-0.022029357667982197
1.382043034921491,0.0016861584908286348,0.7397866255320693,-1.6187488134802592,0.00277263036258156,-0.014793107576853697,1.5931383748175876e-05,-0.12018317607461482,0.008833273558104204
2.1068473139134936,0.002477632302576112,0.0007145140621285587,-3.112587501354308e-05,-0.0018479832485334318,-0.012910456254002322,-1.1349064977904457,-0.012351987981718581,0.002944803009086089
-2.311063952981477,-1.4533995371848747,-0.002564383154577743,0.002564654501104846,-0.0036746660024086254,0.007341360143997216,0.00027411991589703505,0.07925520657746711,-0.011552349260640193
-2.275307998697298,-2.165701254833205,-0.0006913455024495363,-0.0010166806354219207,0.0026548579327879893,0.12581176828794002,0.0011786694368207118,0.04738615742214723,-0.012649685140814437
6.109655541856735,-0.0011994783625241309,0.016604139053183753,-0.006239020785557218,-2.545494725107303,-0.004904015932379115,-0.030572276019528756,-0.02029596195502554,-0.008899096382100513
1.3667498130043256,0.00402502932752791,0.005633750726311289,-0.0032331773906724343,0.01008647075099737,-0.1295497820310837,-0.019795199116775953,-0.06121563899172813,0.0030097924122922948
-0.0031693945516669767,1.197278607344733,-0.0049227004511499806,0.04161142275255639,-0.0014006598167782287,1.2276790069697263,0.0036182045357075667,0.004730522380959071,0.1295480820269832
5.0730326814073194,0.3759248805230645,0.6772444915184597,-0.005339688011168131,-0.7728441006465944,0.18295805352286626,0.02980155480854546,-0.014871433202284345,0.008371759748600827
0.005182119080829705,0.4864685905527899,-0.000549193914710526,0.0078024226854018774,0.0003206212822674231,0.0002723932425885336,-0.004291427068249662,-0.017128032789525873,1.5744527163965447
0.0023562766746241266,2.4151052523817214,0.03009359106098275,-0.03223029331423034,1.3815236700876565,-0.0090764441373327,-0.0016410870484173737,-0.013535505292416872,-0.012241106173391136
0.8852424290161419,0.002707907163379954,-0.002317915849565358,1.611857956315032,-0.001285247257377639,-0.014224745644568349,0.0007702013873922059,-0.02312122928385383,0.01944521380708536
2.462538596802791,-0.000721063428368636,-0.0009316842454790697,-0.0015396762847150376,0.01562071505585812,0.729701382669545,-0.008579845346361976,-0.007093442891558991,-0.0034539074298386707
-0.8972844186721336,-0.0031909323466215696,-0.003322092701032925,1.1409987084269895,-0.0013738496492745923,0.0147875585295474,-0.6634401984264184,0.030163394743957905,-0.009717926911058383
-4.627845487904353,-0.043104837189082965,0.005343513388662263,-0.040923333094168915,2.9795894906918248,-0.001343346700355939,-0.002308133279701991,0.011672792420111346,-0.059744348912507794
0.021643762352077493,1.314219763171188,0.0019323268130937155,-0.0002779771797208107,-0.04598562986457006,-0.0023639029967663086,-0.004662358293749084,-0.013135237581131928,0.01431144825438091
0.03206933549234341,0.664595095692533,0.0042978654746201606,-0.005203357631204329,1.2808409614325955,-0.005702007643313939,-0.009159507700557186,-2.864220068792549,-0.002334168060343478
3.5225495622570904,-0.011351569197496508,-0.39642532910742245,0.004042667827259094,-0.11414922804022368,0.02510755687681504,-0.001850013917175805,0.008516233728543224,-0.00818029294925654
1.6401422195975481,0.1945642192936594,-0.005881970241545659,0.012799721233723749,-0.0026142134220535976,5.6838524184400774e-05,0.0035349863653100846,-0.01732598484331821,3.310674672029098
-0.047411415904404675,-0.024470691937440687,-0.007359321694868776,0.004555328889428408,-1.8990225605884004,-0.011828698625905971,-0.00044696015597587495,0.22718792039723545,-0.01752132814167826
-0.966004797304523,-0.0007666435611590718,-0.010211131306353968,0.16515618531553053,-0.0036047203274702615,0.07091220935025852,0.007817759261499063,0.029352782683574913,0.008878235410841956
-0.0006550005647456675,-1.1976969536254094,0.03162082229476931,-0.23538113119439089,-0.010075239759397104,0.00017463713318971127,-0.0008898859648647835,0.0009010033478682889,-0.30636628456993265
0.006009426487950793,0.0029478204215408507,0.0008248001461359138,0.0023298955555844923,-2.469381894390696e-05,-0.017005224030712845,-0.011900774760695005,-0.007961998314375615,0.009669227027486921
4.005181842074495,0.0035958843367301947,-0.0062159980465801845,1.2662117290022528,-0.0010052993961362864,-0.004655513133664903,-0.00063160540470685,-0.006546207925054859,0.03426549827113856
0.010070005271201625,0.31087678821732245,0.001585863427602462,-0.000882400017220284,0.0009389460119128713,0.0022695383752670086,0.03763348522506805,-0.02230780939413693,0.050570730923922086
-1.853755220517617,1.272868399384597,-0.0007471037982116832,0.005253358884944548,0.004402243356353212,-0.015227184231553089,-0.0002622679839078632,0.004192183666482149,0.0086740845137587
0.007861507577871435,1.1469557528852805,0.9524111482760764,-0.024219776438014096,0.004523690540360552,-0.5667885963292014,0.0026752304522186243,-0.03790411777388425,-0.007812927921516999
-1.718580148927028,0.0027219342785136705,0.004216770824214462,-0.0016214538107541454,2.7106612420996847,-0.1879853917323884,0.5949275698197948,0.0014651615884848012,-0.0025846116683507225
-0.003348592301355017,-0.5910854511435685,0.0018942835088791889,-0.004813576593753579,-0.0018081846284520448,0.0005601651664434062,-0.004109699655710825,0.00717533873442831,-0.09729390134030935
-2.9605001519555048,-0.00130139309539112,-0.0045780869010280945,0.005971726370153159,-0.008545934871183953,0.004892836579198883,-0.000697398580321508,0.06759315847669164,0.004173502957683317
-0.12179477691608742,-0.012485491165161754,-0.0029998991713263423,0.0011445467418626652,0.0021842169359165744,0.5283817653328661,-0.010182931823056518,2.61342744093378,-0.01617118460262479
3.7800713549474194,0.04372915934044848,0.36882760772914747,-0.00012508128658243745,-1.2236678546015827,1.2154653131648055e-05,0.002541649354607628,-0.5867474647215021,0.0156366800565938
0.017255435694153456,0.016549417778509462,0.33874280026435394,-0.003784596068831629,0.017993686277884145,0.007614612965078142,0.0007320184488585398,-0.05493818061909955,0.03312415508015994
-0.00024225608988023064,-1.286747278041304,-0.0011168524170573763,-0.0003312222493502138,-0.0022860514508437953,0.018930894477041903,-0.004506701123261722,0.005570226939045724,-0.03707649793028178
0.013635668054163075,0.38220915792977433,0.001638154693998143,-0.00045382807375101385,3.203034539350184,-0.001483776763345507,-0.005944437329303701,-0.02652690421104617,0.013800667159227537
0.01934343015329858,0.40964285808478795,0.00532355725129784,-0.01121659775208203,0.005946421397745752,-0.00705074881225567,-0.00172114005230192,-0.026883591143694253,-0.0004459885304508582
-0.00596506290139669,-1.5551071960120555,-0.11033432005075605,1.3069123783674046,-0.006517055110912065,-0.005461733837453211,-0.014497727138079827,0.4145121987228684,-0.017189275667377935
4.599562279387352,0.005647376706409741,-0.0064700099640076225,0.009949304667519324,-0.5437363491839619,-0.00412529853588275,0.0799720748871309,-0.0061462606121841686,0.010112741840519024
-0.010113293639187167,-1.501839561492978,-0.008016051387472134,0.013833868868419346,0.0012335500917989815,-0.015141266014069243,-1.2459213086636904,0.019513484813119795,0.0008944746518134705
-1.5530877379989292,-0.0038118472030386884,-0.013060024083252991,0.7529500277385662,-0.001729664951320542,0.006350741885400756,-0.005540428516012458,0.03992472299571486,-0.006928265295976871
0.048753349828102886,0.034408775579280626,0.007286581846055372,-0.006171558937494144,1.22852590821774,-0.004144313634509873,0.005865799936863818,-0.24168719152916698,0.017500120709076736
-0.00685983613710485,-1.1120326310981106,-0.0032725948078236172,0.007317590863838334,-0.5314363158981973,-0.0017246258965019333,-0.0021706783221616364,0.02710777946582496,0.0027378334072914456
3.255786311292721,0.0005395313731347039,0.012789721760707778,-0.02948571258358931,0.024148635006272456,-0.0043224731870342625,-0.0027531668129720313,-0.05531634773737829,-0.013856291309145008
-2.1516077931502178,-0.992722255580735,-0.7399799907001441,0.007013507935306917,-0.006777349179083687,-0.007065684422007092,0.6407993676878854,0.3181816521729921,0.006550717396281769
0.02060165016545024,0.05382326024992626,0.004231546740745662,-0.003638044547801562,0.003708836035420977,-0.004004478664332565,0.5700896838956232,-3.010778198265081,0.018901837846078517
0.00462446418071698,1.038259702510223,0.06760985898484306,-0.009127009861044536,0.009133677217383193,0.0026327519164038708,-0.00040254929827074695,-0.03711241619289993,0.009007338194684134
-2.105658267203918,-0.006801085267384886,0.0035988689762844334,-0.031177901730004245,0.019394709843010467,0.0020755355645052293,-0.0036042443356778973,0.02739115247176932,-0.02984050230215951
3.0525168376909773,0.9786915127797972,0.002245803942210217,-0.0038995779466557846,3.8112664377375527,-0.01680774419063004,0.14548616423815253,-0.256014551677314,0.0017246660287413285
-0.11318924846021094,-0.18277951967955366,-0.013984214839668052,0.0073769774605143106,-0.00922712677028184,1.4573562121491204,0.017368403594953917,5.527590594812028,-0.0022989277834137845
0.007199691390620242,0.16816316254116057,0.0006973223775410499,0.0020912354305877927,-0.002867210002806526,-0.017007989919166043,0.03848724495682066,-0.01989262353397696,0.8642162698001041
-0.0041177751957592575,-0.202580262876586,0.001714297487092344,-1.2156392234986493,1.5398952016042415,-0.3200676175029596,-0.0035024106163670616,0.0035695728020930396,-0.5012767277683696
0.5177654074128588,0.02137562672103109,0.35907963505236407,-0.001678512217476065,-0.007300937476933574,8.325885989078456e-05,0.0025035167578038465,-0.1023116952965819,0.021127407504653
-2.7207373953129874,0.001516306602474718,-0.4087266463987973,1.0554057798621006,0.0021612210244459154,0.002094933256024052,0.03222071347455993,0.10524021821119867,0.2642819983653544
0.0018252603247430393,0.0003729051959531673,0.0027753582524234176,-0.13808146402694998,0.0028192858610455594,0.004714299454037452,-0.0024310856687288795,-0.0023464539710106444,-0.0012751348736712784
0.006422771271355919,0.0013791618056397284,0.14292294818672985,-0.014142127860220174,-7.848273572422205e-05,-1.1906620221147344,-0.006194927910622804,-0.00972292837019136,0.0018436716338768068
-4.392356959725268,-1.3732099003904599,-0.008127769218473468,0.00529860081453602,-0.0016299371083356232,0.002886630213867349,-1.3260501574113976,0.9612094059605848,-0.009720508510198123
-0.005592904884217565,-2.085509039131596,-0.0034829424418648253,0.006176563525429916,-1.2500831636893526,0.006416430088295564,-0.0012380027831718175,0.02688137247607645,0.005527701579368882
0.007008995159860743,0.037047639385297856,0.0007782305921481556,0.004749479356569537,-0.00021705361980997525,0.7438002155054141,-1.1421318089735497,-0.01341603190821902,1.1784721616597482
-0.008979826404883425,-1.2379202460750574,-0.006733333141386216,0.0034282965967153377,-0.00031680001714088496,-0.0023503126754002472,0.007704887969226639,0.03460076177826422,-0.0014216185342106336
2.036878895636225,-0.004278364682797512,0.028621814808092116,-1.412213226231116,-0.0005784601858012314,-0.001912354412659396,0.0034209482493353094,-3.7834908765981226,0.0017390414765041662
-0.1766074452113711,-0.02330593384356513,-0.010499064240716116,0.004876130758482047,0.0003331686269240526,-1.029118542192173,0.0030864909598774127,6.115461476814146,-0.005826153688424651
0.0016595536317462016,0.6533099086405771,-0.0024281798097871565,0.007828758992179552,-0.00011923220005929935,0.0246425588929092,0.004802094910866778,-0.005703410897793592,5.354093789557375
-2.32809115796294,0.000640341808648975,-0.0028481082550845804,1.1345370014221612,0.00354773267074961,0.203044622150851,-0.4538366517937268,0.016678012577440227,0.0019464527496673711
-0.001501776309334187,-2.0872993011625662,-0.00199067316085369,-0.001444439958333872,0.0021610339862337628,0.001472179052941385,0.004044008312062773,0.029560478038722783,-0.0029120988797870506
-0.05739733559162774,-2.0051197946256987,-0.0035630661376922224,0.0027815543673390467,0.003919035173969101,0.029255060079281837,0.0002471013526171642,2.6161162799983737,-0.0013100390422879915
-0.0028511238658899215,-0.7134046743828846,0.0005511281385206929,-0.7997731309773967,0.00838166228503027,-0.0014451236629193297,0.004756876256423497,0.008339115014532574,-0.02257756085046797
-0.004742805663293519,-0.0009076688792480868,-0.11886612480757786,0.11959168978522194,-0.0012861312837389198,0.0016015620239228116,0.05443896855397787,0.007381524004104249,0.0008892136630776004
-1.558354555690289,-0.0028493073567044166,-0.025411418701230426,0.008162571777363459,-0.015064099801038438,-2.2080922652993515,0.0021867811129822673,0.3325887511363268,-0.004946055377784808
-1.2241634102812144,-0.0031065150563213445,-0.012412909652995227,0.5392842571454859,0.0013700258117959468,0.008209092654942237,-1.2548912409433968,0.03872765216596842,-0.0016324243884818512
-0.005517118999492532,-0.24496556234870764,-0.29276548908913524,0.004823507045839701,-0.04169839319696875,-0.003237021568996005,-0.0010681820774710513,0.03860716058448932,-0.01195508468606242
4.8610073955468245,0.5052033699377043,-0.004166136314496416,0.5365806041715455,0.00524204313173874,5.522598629195685e-06,-0.004633762296476829,-0.0355618038031396,2.615115610155158
0.28577834924739154,0.010366359945349492,0.00041047555420507635,-0.0005735614719112134,0.005334048285044001,0.002423366893864349,0.004769394221774776,-0.0438896783345368,1.8710861891578752
-2.7885422880259827,0.0008402553515375099,0.02774880127620738,-0.004593188887494969,1.2267485000526042,-0.8665101389684473,0.0036009150828307177,-0.010279343488830757,-0.000376858304750205
-0.8878523763263351,-0.003448457476997651,-0.0064854339282097995,0.007004400802665629,-0.0013326617537211091,0.04349581945967934,-0.003297117298597479,0.06180941196001777,-0.00138483778571169
-0.009203613089432943,-0.007886612755741283,0.5087227497272354,-0.0673776013764685,-0.006077679771029527,0.8198148109464152,-0.025536393109608067,0.020119124756111627,-0.04179585940343419
-0.0003916677295460382,-1.5634186163546606,-0.04100891335637591,0.0014725944976220484,-0.0011402199388897295,1.2811664300774943,0.01432763464819085,0.03298284102795271,0.0009864013854035125
-1.9206520519578487,-0.9219859795773918,0.9244124514066647,-0.010713130486349864,0.0025753906086098018,0.4834927725392764,-0.0014561061965270086,0.01368412915240283,-0.04526971802647517
3.5249625098367883,1.1453828905567807,-0.07903421794405796,0.023449194902474685,0.008187711481682972,-0.001776616862406506,0.0019469956125261062,-0.007905381767843778,0.16040217357591757
-0.06692037511050017,-0.16480796468417735,-0.06365368648544523,0.009070149421175087,-0.001226943674366935,-0.00020354689184196592,0.014674231852698184,2.9730133255064315,-0.00046685705843985126
0.015441596322264597,0.09792422720490324,0.12455707116088743,-0.003769694139122123,0.0006312120257414362,-0.0017929385323673334,0.15789127442453849,-0.22577868359346198,0.10173507233796386
0.009957460757482973,0.5898963900291577,0.0008925193434174451,-0.0010623973635427181,0.01491101532078789,-0.002782155950861174,0.0015295519273347763,-0.026965985249345802,0.01933704000172043
-2.5837419326932722,-0.007034992161965833,0.00034750567201681515,-0.0019857664660417967,-0.003080811181892875,0.6938414600004562,-0.005475870987113576,0.06899909385623462,-0.02359848002313858
-1.1755659897835613,-1.412613042932148,-0.014878063913809747,1.1584090651192747,0.0008362308836755115,-0.005004454022193804,0.0007712955799284507,0.05434553739280402,0.0060546251443245325
2.8040835687095074,0.18597649680675,-0.00013518717036478667,0.9193942330201557,-0.7909644729396652,-0.002387618239512522,0.0022986434568309753,-0.062285946440813623,0.04547700846155678
1.1530787908338946,0.014158665827842599,0.0033266583751854276,-0.002796907257654685,0.0013553925093371232,0.0013468652295716321,-0.0009033157065724455,-0.07372210191595777,0.0026750923911577906
4.380610216634633,2.040468145545381,-0.0012545604152634504,0.002362390377525686,0.0007924838870256162,0.42359856621193065,0.006129552773360816,-0.02061356855645574,0.03605897829423821
5.73995522984215,0.009398508846274887,0.17504447141323665,-0.013237481869894652,2.1444100959785013,-0.39246366255002524,0.008412897001842473,-0.267913140543905,0.00016867240418572127
0.0030362931093850867,0.0022359774932356052,-0.002781020680329075,0.006431257673326669,-0.005088068663194681,0.00550503698707438,1.3710585155514894,-0.0033585550576383377,3.8402073484919033
0.0013347055186440724,0.0026090564884807405,-0.0009579380024824407,0.012821119802148348,-0.002747912666693254,0.0008919428438002911,0.476215897556103,-0.002773181908805539,1.1822326514153425
0.0014171543260125283,0.0008503152546844048,-0.0004634947358858278,0.0056546249272604624,-0.5752493498154884,0.009988818961185891,0.40172126885556514,-0.00200602945304694,0.013590827077986988
-0.2879513896769353,-0.005491469338723087,0.0011649973886741329,-0.015634216812570868,9.145286685655844e-05,-0.8214766325134216,0.04443984046971607,0.014948141830100722,-0.13837193675413334
4.624680134733432,0.0458804656233494,-0.0028113320140580045,0.1017558949390529,-0.006757741913075474,0.003965300532435472,0.0009837244208404598,-0.02810845813524439,0.1089061019042763
-1.7677607574467555,-0.005353208547951847,-0.04325403502662556,0.0043817134505780815,-0.001397863302056341,-0.013306718175944275,0.005025119052960152,0.2458372274616393,-0.005864600575692436
-0.8895480101302877,-0.002860834570041162,-0.0029555098124248377,0.0012578637654638556,-0.001194848710368473,0.011625545273511912,0.002643414089293409,0.057190478047847715,-0.010135515994514246
-0.027572853811965486,-1.445853973344896,-0.0008373648325059324,0.002563968597638546,-0.016389759396234577,-2.6640899724238607,-0.0009669505099559016,0.10694380992648814,-0.005765371701400346
2.049562053951028,0.2737058336987045,0.004424582573432714,0.0002991330517121914,-0.0141825990563707,-0.003155641687459992,-0.005750201151397226,-0.036844626335513705,0.009901433367926316
1.846287409535172,-0.0012461843990699572,-0.17258933830776835,0.004024597879122465,-1.2739328439073767,0.003025288813264266,0.011045914546072809,-0.0011739034075101441,0.005410085083020766
0.0026780140161302528,0.6841539789259103,-0.008078951908409224,1.2880345276661367,2.1674967351906957,-0.9167635134707343,0.0013361097379636852,-0.004172774040883951,0.04250465340410425
-0.02592135074725519,-0.0026149860071467534,-0.3190980920651496,0.023846244770463508,-0.0057682831106502614,-0.0008732760890747208,-0.00038637810438191126,0.08849142911867372,-0.0030973106289793224
0.0014453842479761995,0.0033069252476366842,-0.0011555440274884222,0.026907441876382356,-0.022792768646017647,-0.004314410170372135,-0.0009001499552654934,-0.002292903104139571,2.064209984921947
5.670584080039866,0.4753196096185187,0.8995447760283941,-0.0007989287818743751,-0.009693000085663477,0.0007354277092174177,0.004023482047663091,-0.029000252171787144,0.01075088271186675
-0.002603472154236908,-0.0014615222905607597,-0.001725008028182655,0.001979192265569497,0.004972856268072104,-0.0023620922086075116,-0.4353551410233103,0.004093787955485976,-0.008032042062699921
0.005850432500441893,1.4311188853363745,0.002020565776770525,-0.009334307395159915,0.02072361860371226,-0.009101532191088448,0.4646157045237267,-0.009305274412762356,0.006873735560436134
-2.9068791374237124,-0.004225144274782197,-0.0046812607928916755,0.0014891019626083045,0.011758737730424991,0.8143737109036557,-0.10088945571458685,0.08482608268007635,-0.010128133215550006
0.00577026572456641,0.7473797359745991,-0.002387515204158884,0.13071227233219346,-0.009687654816787563,0.00363275657233138,-0.0008744471894897871,-0.018257436331134393,0.22294700356421915
-1.1119538382324743,-0.0072247202697294614,-0.007853515601481502,0.0019648485797686683,0.005354669606713967,0.00047100027614846776,0.0007421733376616604,0.11449627148394197,-0.006892843968867746
0.07433449697147383,0.010466084608105343,0.011771738952818522,-0.0008304927011130604,-0.004859940028651869,-0.0018711819271434282,-0.8041570879871917,-2.1922664135368817,0.00715432535898583
0.006383052269951412,0.0007693551226755305,0.09766470212698047,-1.7625195509341156,0.0012056440820081803,-0.0028310481496439757,-0.8675456504112105,-0.024416418842544793,0.00025294553654272786
1.0951301055474456,1.2299915798881709,-0.007362033366898613,0.015429775948408083,0.5052452380222199,-0.012097642469824012,-0.010050125813449013,-0.0448272674723876,0.08271274119476946
-0.031954964305828615,-0.00734124094950677,-0.010225432965576098,0.8813651995089876,-0.004217524779292395,0.0012672081292428871,-0.32255303011938,3.246533058069565,-0.008881349759168822
-0.003170071950307075,-0.6808373664724731,-0.00042954009825896255,-0.0006916303592232975,0.0016159898723667127,0.37043927767006846,-0.03159896229495114,0.007415510293956993,-0.12223345238093142
0.005089352362231918,0.22161140616908145,0.001640970404212412,0.0017402480945081793,-0.0137296219014552,-0.001403741312091558,0.4514309227127199,-0.013322973076710298,0.05108097485118293
-0.02962646866381259,-0.16767897766284484,-0.0014021405034782388,-0.0005387240891579054,0.0031999453494051485,-0.35334496253272196,-0.004444185381172599,0.03749201428764854,-0.5253998809063813
0.015655860957590376,0.032586677208927224,0.0026848063084866924,-0.0008718244252098553,0.02184900342823739,0.004954737217858292,-0.02679893690102094,-2.4367837712213882,0.00778468663910975
-1.5362517278051309,-0.32762835330613505,-0.7349321596408993,0.0009341696464979232,0.07298797764084977,0.01683589274147264,-0.5223632350332545,0.10782819408905397,-0.00932255251061509
-1.468147333766658,-3.042346492688793,-0.004507363063186054,0.004685053433093012,0.009630567767525383,-0.00011378187004433007,-0.04589973317217286,0.042781485882677384,-0.030155367540672273
1.9463681837834637,0.008802994973599428,0.7816629342626822,-0.0009912252772338592,-0.00010174828323803765,-0.0046536132904455,-0.005992955739160984,-0.06586264318145085,0.005883754129941909
1.802079878660915,0.08482698030870454,0.0009786263369349762,0.003145368564715457,-0.00166012639115208,-0.0076830358636816275,-0.012627224244683061,-0.046026060404089617,0.016003114404231966
3.879381939947997,0.5287181083114127,-0.0020288451487048276,0.5337213217455954,-0.0027347632258661256,-0.0002545860089376087,-0.03412882483136212,-0.008479249464712072,2.1527261020313517
3.358869531564105,0.9923972139063882,0.013519224149453946,-0.009075645280092767,0.0032191109695647382,0.0012029270737359296,0.0014172133504439938,-0.09486660717341304,0.005079088752025562
-4.786120617603437,-0.022455061946396015,0.8297291912263436,-0.0065226519733097565,-0.0015555885402067163,0.012683939564418784,-0.15123342665234962,0.007721036687485361,-0.35246909646083413
-0.009045594402107143,-0.5722137226351461,-0.003674179915709702,0.0005608679669660687,0.00023313280420230592,-0.0005122169873422173,0.014701578224936142,0.029323507035124815,-0.010866635540433045
-2.1737904145428657,-0.04704941337628966,-0.04009450611639248,0.01595861236964063,-0.005178806065322228,0.004375580920892384,0.002169819010423126,0.23554356574053525,0.0014449288750690847
0.4359748220371706,0.000926490045998801,0.005755583026144692,-1.6887652871342118,-0.0004279008981653513,-0.3320260702281405,-0.011127841677504576,-0.20003008967525798,-0.005068614330362917
3.7494472712125555,-0.0008542982051755327,-0.37063013084008434,0.0011081240162521544,0.0011356853397122366,-0.0018665427776035125,0.0013540463935632976,0.012912479279067218,0.0015490478468748181
-2.3049240981932693,-0.01563293563398971,0.0013796443176706252,-0.0019223625982697692,-0.0037148550213942297,0.01009003495048854,-0.5596463388936235,0.03093694844862767,-0.0342224858511857
0.002274987876943452,1.137291205521045,0.024231504141088267,-0.7707564071726446,-0.008888235027158933,0.007810449981251695,0.6603305942028556,-0.0019770782937787983,0.008833278546441226
0.002105231816811909,0.7333162276105195,-0.0010876167287399985,0.0002953621923354535,0.0042115557098992475,0.0031199353224489043,2.3291568072816347,-0.0019354771332295425,0.017174951556862994
-3.4983700897383865,-2.743584189427856,-0.0024329882219901178,0.0024543226666712756,-0.0024047088291061017,-0.008320041011827685,0.002831114026841851,0.06258909906892436,-0.002533563967226371
-1.8219437847584674,-0.8851773239360791,-0.00511218695861361,0.00582034463610606,-0.00144796250149031,-0.04745178302894571,0.00034846348106185726,0.042573548038480256,0.00022736862050976026
-0.07989175559354225,-1.0080524104345692,0.002451219253922006,-0.012772161777379915,0.005079663599146874,-0.02134857284085657,2.5473297613519863,0.02529572121813747,-0.08909384812006094
-0.010305616516905456,-0.23333601849296243,0.003897640125865451,-1.5006018915285417,-1.9944134607009698,-0.025428616695305835,-0.004871073160253444,0.011101203687445719,-0.21479666370524075
0.00841329688064313,0.646649525793354,0.00016125968246177153,0.0029313426683320863,-0.0027112022397526767,0.0014075820020001855,-0.016537075936939854,-0.01213240556295883,0.024519218932198772
-0.00275425888163363,-0.0016868691530466005,-0.0012453168573177444,0.0010650546669125794,-0.002757490066320997,0.0014972977341276724,-0.006430024384062802,0.004869270510681618,-0.007674380295985756
-0.0022089128342158222,2.339438687370168,-0.02834050754415618,1.8264965375901165,-0.0011613858398195794,0.03707234779325478,0.007452750612797002,0.017594346463480872,0.008342304237936471
-1.2031623864846845,-2.341373719730822,0.00270967444019371,-0.005340370344910578,0.003569630399224602,-0.0002878558305536606,-0.0037092249796403798,0.2447900114932585,-0.04796641751015107
3.0989152425625766,0.0002537757830200528,0.011300791578928326,-0.8065279589660631,0.006778786308637531,-0.0010905409926622507,-0.006949303209625805,-0.03753215432183743,-0.008232096919800758
0.004405364777844745,0.004155086890424377,0.39443267481850897,-0.004556013768670333,0.11831578420845698,0.003287112086047865,-0.00040443441994339853,-0.01648857992296693,0.006040922436475613
-4.821073161513065,0.011889773294393197,-0.005658575792370335,0.023659076460456757,-0.002989046549772112,0.7100336269169174,0.39001524726404035,0.010966162582191623,1.87420576712681
0.010478072156249449,-2.9292697367105314,0.024836031065600728,-1.8834369452507547,-0.005568510527500032,-2.6576074623383152,-1.3549573623854583,-1.9943829381943752,-0.028722343724432164
-4.341989371152961,-0.0061743400418248565,-0.003264819421529855,0.0022008818620974906,0.0015357413690305684,0.011298717678153127,0.0010972219522976615,0.02199311672927895,0.0011492835088859898
0.916064506432742,0.003270967551293972,0.002937156711786973,-0.0029529292022668417,0.008269602202282065,-0.3965214224461927,-0.0046041134212702565,-0.04455316666013421,0.002851464248601901
-0.39256723386150494,-2.1816684215504116,0.0012187662207748806,-0.0018177495999012255,0.0008883735769690676,-0.01322137932490166,0.0024952330754793688,0.03460959891012002,-0.017254621149544347
1.04288151389894,0.970864966172259,0.20214424775086748,-0.003427412934804877,-0.00848442292493476,-0.004425823442082651,-0.0120970745852933,-2.7306728405194747,-0.0012555367350267632
0.0026168072854549627,0.0007293084920804412,0.0015329957940679348,-0.0028607125252727923,-0.0033992626039928073,-0.49459413507925876,0.29299531042461535,-0.004177981789559675,0.004190009750742678
-0.009727910780093003,-0.07114855972385768,-5.689214576125312e-05,0.0009193679756307944,-0.00847269574911889,0.004534209273492894,-0.007844942476908113,3.9186866910909304,-0.006775475690543709
0.00018293450684161454,-0.8836142719465518,0.0011341470726784486,-0.004682094443117353,-0.044828897435175694,0.07072910937411148,-0.0025491989025569076,0.006911753723741957,-0.2418845305787598
-0.02941907585544844,-0.023115557953577687,-0.005392885093133244,0.0040101496278910935,-0.004623313837173807,0.010046051958567698,0.0022895855367098127,1.3406492802776997,-0.002277888619859683
-0.006852263526531306,-0.017242180663327875,-0.010896377295488341,0.007142377973442668,-0.5629392954012286,-0.012297927081297629,0.0030638340503786367,3.906352431070069,-0.0018705057020584337
0.0002898505883236295,0.0011284311452884645,-0.0002926550877588906,0.5873318270867878,0.0076831893701276525,0.016516239203683093,-3.419671461628369e-05,-0.0012840016382789214,0.008316000330217314
-0.010123443772532681,-0.08816926355428939,-0.00922238271994294,0.001139569595903965,0.007889577803014533,-0.7291968408708492,0.018583823986915868,3.455312024930213,0.0011382025341685753
-1.7342396365750445,-0.0027266849334207,-0.0024132959160350007,0.0011611877183728846,-0.00314891284813587,0.09183600213147321,0.008205688868278674,0.07382407140469215,0.0009000796103928177
-0.034560083589767907,-0.0036521455688088072,-0.1712814944016417,0.5639521573045699,-0.011226838666495837,0.002605981280229121,0.2148247921079668,0.11126761040512376,-0.0034681492676256233
1.1541032961354332,0.0034435884069777883,0.014078127869316198,-0.0073665811481186975,-1.4108139673255033,0.002400958590921446,-0.004567644205490551,-0.015725349096746073,0.003053869054751121
-0.05515606609616662,-0.8581150415856628,-0.008302798946886653,0.011533641741671924,8.657726059948124e-05,-0.41012169908358787,-0.02627686138801065,0.1651131309976227,-0.00678379764846021
-0.027256508659436487,-0.4570889817581768,-0.0019063175360569569,0.0013851744549623285,-0.6337231176919682,-0.050512943573021586,0.36359889466361145,0.039596505987202435,-0.013411901553657457
-0.02475016677634375,-0.4887726643740972,-0.011508600010240594,0.007570387700575458,0.03124701222473712,0.007610974958914036,-0.07158401910971075,0.07097975522367092,0.0012025556216138655
0.07865975749526832,0.6509091718561252,0.006669596636950825,-0.005112310614725364,0.004530428350542848,0.00011330114580359932,-0.15370525003871835,-2.168597543922033,-0.004068855004288496
0.010297936953710039,0.19026461055184302,0.0054460783044701245,-0.0014975234782368472,-0.669798033123264,0.009558421637452243,0.0019996496543593307,-0.018145419473089005,0.02540114411407099
3.231972861945276,0.012812260219030817,-0.01889448790594439,0.594043213559836,0.016537940094309696,0.0015810199985229196,0.0019776936874061606,-0.04802179574598571,0.044256908226984804
0.05279664585577229,2.0470013058592484,-0.013614100645079119,0.008306029632568667,-0.011043062040071265,0.9117677424905357,0.005238573516239374,-0.0076357602174957975,0.022620232201817636
-0.0004685376760744057,-0.0004232381807013479,0.0006653071123435188,-0.007842061751238097,0.8510816119570302,-0.00016090938339134242,-0.0016404504389514372,0.0008072472854198288,-0.004529081035114263
0.17323173566660852,0.010537374759034185,0.004262504739758154,-0.0017975530312551193,0.0028530096914492218,0.039591905577813884,-0.0016269209294439483,-0.07902745442358315,0.04627129937412401
1.8294733394352047,0.008398203216659567,0.004814728710625632,-0.006768255162469693,0.001990343872777734,-0.002053748365898012,0.0030941018919930516,-0.01941569841484826,0.004428408947292711
0.0026891283016119683,0.5703362973210419,0.0005203426004601747,0.0008923831124897101,-0.002770314372529108,-0.9650619862422811,0.341279281640486,-0.007872651587026745,0.029553672025954103
0.002136721447228611,0.8236761602884395,-0.0031732255275060753,1.0409212311086347,-0.005090947229856185,-0.03277591903441705,0.004586717071136609,-0.004851915402994638,0.027771524789794944
1.9683269085060617,-8.950804799681081e-05,0.6852062839539665,-0.013098973245309703,0.013646886755848745,-0.028704787234919288,-0.1987421427540781,-0.04163252844219406,-0.005388426555060222
0.17519593352117305,0.025366527212092246,0.2529816724614866,-0.030442496299526056,0.014564794269466122,0.0070846913702489675,-0.002846947610891222,-4.303370539414933,0.0012739204006282367
0.05935723935172585,0.0014411167132730813,0.010557393633608636,-2.5940592226489025,0.0012598050403147681,0.003294574563203791,-0.008686211583321307,-3.4074051192852415,-0.001232680911255113
6.458506627619251,0.0006712632588230486,0.004615135482443938,-0.000712075872212893,-0.0361088944347651,0.023832991892332317,-0.0013379110376738855,-0.054640394814719856,0.000757270148514233
-0.016035025962527382,-0.012987194328679313,-0.0024745380331851474,0.002305778694059098,-0.047608041739247695,0.0009290410168227478,0.00390034905688985,2.7819283027049724,-0.004417685571814961
-2.5011590790737657,-0.0026828728295284123,-0.47896304956264935,0.0037755244045087483,-0.00019281454222279913,-0.010204864119728926,0.018257224515933188,0.08863866092109407,0.00608437972456255
-5.0547696070794625,-0.7607150983545412,0.005393547944113952,-0.012435151049562401,-0.010424237544782403,3.519948843681201,0.020940207056262185,0.006798039562392905,-0.023261074436403018
-1.2290995937116103,-1.3616897421930467,-0.038235092621468625,0.012103303951377386,0.0006632284951004052,0.0017999581304473362,0.005715868219433529,0.128302315490442,0.00733588365908755
-0.002472398855343722,-1.4829237924344854,-0.0004818946948946107,-0.002989992594706792,1.593607006086581,0.00818325450366267,0.003401180602079194,0.007388576855588583,-0.03022558763216021
0.023573819801760917,0.052238439751361804,0.7063919957803275,-0.015287776074696557,1.3152067136601062,-0.7693163943887746,-0.0017979504737280771,-2.79861979311948,0.006796918044417011
3.235040417577732,0.010722950480544616,-0.0047942822563324106,0.004320115647052597,0.4199317810988966,0.003643590599436063,0.006373858654205046,-0.015336210630298594,0.3107570083529234
0.006262880694069914,0.001939069192139026,0.1373985817974849,-0.007506325234758584,-0.0354339246298329,-0.002238042268767958,-0.004079988754540149,-0.008478568069556719,0.0026234556733454716
0.013520455246678926,0.241827044336619,0.00015871675038204788,0.004602731893177252,-0.0038036500337592953,0.008650961589115474,-0.00034499394687585955,-0.025034051108230444,0.7045371837269916
0.16284109813077752,3.5288803115510357,-0.7906055548664046,-0.001497071942116568,1.4357957269420272,-0.7843584956611656,0.004883371228106476,-1.6388305501499545,0.011777052604101002
3.4916479799614963,0.8559433354287385,0.012176599409063293,-0.0019374848584479644,-2.168751962784668,0.009310015108177118,-0.0039787738387900146,-1.7753514908998282,0.02118338159113531
-0.05393166188438013,-0.48987462939176807,-0.0017987305682834014,-0.0005819836646929325,1.5388555203643324,0.03266363150773815,-0.002632785465898296,0.08595025653817004,-0.03803392213063128
0.24208506163857302,0.015203329228097001,0.19434372258349653,-0.261761371792785,0.005118339583115853,0.4869548460556717,0.0030780755921029743,-0.055417190787776544,0.01403121650690848
3.32073885441257,-5.50492581691802e-05,0.06307211561439297,-1.2984661996886435,-0.0028888646775385857,-0.007685595819744558,-0.021997847175694574,-0.026941660798659492,-0.015345359900739153
0.0031580451083287435,0.5418245932491985,-0.004130057818394442,0.02382655509223329,-0.002495972953429619,0.009537645640241931,-0.002534738313992684,-0.003990622028494022,1.5255776231026719
-0.006371041695961192,-0.004909653619646256,-0.0003523527038014146,-0.0036174713977027667,0.0033903733815975395,0.001246856307850514,0.0007697703699103427,0.00829885280894385,-0.9067607439487688
-0.0012689367903930722,-0.0007680515603768728,0.001131471292671961,-0.0026668176643149678,-0.023588690670779282,-0.002503814644179143,-0.004163787991970517,0.001961336578567927,-0.006800044876908259
2.5165877429928933,0.01305977027198141,-0.02022888707481188,0.05950178037738309,-0.0001741896830719583,0.0062582714364329325,-0.0025387720212746677,-0.007554554915863352,0.046044481113921676
2.404289662842803,0.0021611479791261096,-0.0035980635613745288,0.01151931207601652,-0.020188464724609938,0.004981227035091496,-0.0005262221180359584,-0.01679333510252841,0.005870662263970761
0.00351503870472981,0.5098924404709807,-0.0005707880372987015,0.004435109443703393,-0.003986162681061942,-0.004951315893260269,0.0066127711559609064,-0.009255834307832429,0.8224099650300261
0.005015429134750397,0.011802358929259963,0.0006932156618707418,0.0018649712651207806,0.017431095856009222,0.0035304600320367804,0.004138971035285496,-0.010627412339804694,0.4825332814566843
-0.0017042351359864768,-2.664623647413545,0.001517774289636592,-0.006252185544717083,-0.006936537997221,1.0383104182491574,0.005661958189353316,0.02461024824927349,-0.024992234991578766
-0.0055760533639052645,-0.2406236585193411,0.0009667655294714472,-0.005986370438178873,0.0028619842034449706,2.123257121609188,-0.0021591476950772563,0.014267731132938416,-7.28006982798777
0.0005010034360228843,-1.8435087043312677,-0.16150383180827665,0.0022549385499507635,0.006789435585607503,0.007297594996734453,0.029765156294205564,0.0066937449144962025,0.011976125203377763
-0.004679444632610293,-0.06990984001742406,-0.0023171714380144106,-0.00019837973183206722,-0.42948389552186195,0.018487624950320324,-0.012317937751843868,0.015013029591510532,-0.17234167927577107
-0.029986283000425443,0.0001413323548027116,-0.0076126506378119685,0.8259050938684906,-0.003290876257948265,0.0231876170667381,0.017362085619589542,1.6312736553145681,0.14950421923887225
-1.689667962007281,-0.017693525474081227,-0.022712630520070137,0.0006934402482992397,0.04885263628675764,0.9567702144248661,1.1931055552143537,0.09295807866499411,-0.006401474740730523
-0.0024932941261118363,-0.0023035085611054287,0.0031873090941469786,-0.28700958286266626,0.015873623775892087,0.0017409136634326632,-0.002953559818303617,0.0026820091463904197,-2.3840904922179846
0.6932969354491896,0.0043453194544793225,0.00455354568129155,-0.005106498375856246,1.44313575473807,0.0015783397902309226,-0.004558907139505594,-0.04149575532540582,0.004954954403593351
0.035179566482365726,0.1882148630171675,0.003932601837545851,-0.0009633808728052925,-0.00015480111310470224,0.01608918128203584,-0.001965943877352663,-0.055151433746887454,0.3430939236513252
0.004042825993381414,0.012523971783309232,0.0005860430746695585,0.0055926034864783045,-0.0029630404613053573,1.1936965361744323,-0.0018548932297776336,-0.007100220849883826,0.907133461892421
-0.027460683822871982,-1.2773379560136209,-0.001440625653328198,-0.0006104433839487769,-0.0006160232134434715,0.05762368031324688,0.01133578426767285,3.116178909867007,-0.017623736643031407
-0.016709730505581985,-0.005899956974044041,-0.010377579122168717,0.008991349483347828,-0.7931049929873673,-0.033408501107646094,-2.335876341854158,0.696927279442889,-0.015873446137297603
2.3614182181476533,0.01786945189600278,-0.0016326448973873614,0.05413193732244201,-0.006233923283612693,-0.01030303868893267,-0.001773665165135204,-0.08994647475372908,0.03425827693285177
0.02041879575208641,0.23074185690807814,0.0023364986844434336,-0.002258841099272748,0.0003461001676115098,2.6269449835953824,0.04612783040455545,-0.054780075626825894,0.028032119225050625
-0.010689820742690717,-0.42247968432829386,-1.301732001418813,-0.001304445278135502,0.0003701492891984171,-0.9400420937190359,0.0017319477749288825,0.32480430638018554,-0.006904488210335125
-2.1652221457484813,-0.0024525381863437666,-0.0010742516972772759,-4.7203397698247274e-05,0.01975015274971248,-0.008309371692047889,-0.0032989873377815924,0.018007407249228835,-0.005231409511334134
-8.866768370568447,-0.014795694579633489,-0.0134111672591124,1.6123935621966914,-0.011119822646448688,0.0021198812090917826,0.004737756644097139,0.04177931329123705,0.005489246495105515
0.008016543020882661,1.3054625069628423,-0.9898647715031272,0.02910867472212321,-0.003954569894141984,0.014291231241934337,-0.0010082965047613912,-0.010264122260163988,0.13236246199188084
0.026285609930604463,0.002535918693644919,0.009047785862566396,-2.683164277535714,-0.0038252484073643817,-0.0083670899517212,-0.0025347295854217062,-0.026580112891625297,0.008090960496183103
0.21214365473192454,0.0032055346169871895,0.010450248581857776,-0.007892093156007151,0.0026848606261611137,0.02443552323999805,-1.1131451171982933,-0.11371371170055707,0.004652602115539677
-2.2628323330781663,-0.0021950125253074075,-0.0014333929092094702,0.002457267085355035,-0.002070521896249053,-0.0014875822147257071,0.0024760255078345355,0.021458251157245842,0.005279098507251778
-3.0001449692060262,-0.0066813113103039445,0.6084652010916294,-1.6535254081916038,0.0027209240552813754,-0.006774557722444609,-0.0019143241593134871,0.0010191062095677994,-1.4260899693302846
-1.4526654078337606,-0.4031510290759168,-0.004031288365319213,0.0016619835579667177,0.0003635770467809371,1.7406278634199357,-8.008582911416158e-05,0.08359034184572729,-0.018217943889381305
-1.7881745409174075,-0.00802543292922586,0.00153910387598781,-0.0024160416458782917,-0.006826188564182397,0.0260177208638574,-0.0008556897152296444,0.036204954612386944,-0.012894380551551815
-0.023450583679338003,-0.01485145647645218,-0.003407992074979327,0.0008264734011413574,0.024279843578503196,-0.0074819584821398406,1.2054092088842567,3.7706806162047832,0.009421532450000492
-1.0862304955845032,-0.006551417612119767,0.0013184849336810404,-0.0015404968266834657,-0.0036779864846004946,0.0037909862200182012,-0.013286909543626838,0.025770510224587394,-0.03628960765247799
-0.000766765154176669,-0.0009869116747109367,0.0007051510486924616,-0.013803720865706226,0.003991570442270323,-0.003758980893540779,0.007377007148030451,0.0010376594918649487,-0.007070461670877532
-3.6322173388557,-0.016517435863618132,-0.01883780844658922,1.1742256255277375,-0.006773642552340184,0.012013058818324462,-0.044423018147474985,0.5593147997279867,-0.010622763262105428
-0.01776198120321104,-0.5254597367858924,-0.020268926071642657,5.590518393829424,0.003853902280306909,-0.006071439852579918,0.0025065943985395772,10.416008729117593,-2.0467249518867305
2.374961223288451,0.009008793693669637,-0.0020451543667148187,0.007188608917472361,0.002518488549272606,0.006305481590953236,0.0011268775186826872,-0.03432091959136464,1.047822473358023
-0.031108205683660073,-0.10630329200997224,-0.000742832106665342,-0.001803049428150974,0.6633995505466642,0.0327833886333876,-0.012524458652435046,2.3931980593972604,-3.6245960245882287
3.0424906264873295,0.04334797027578252,0.512967499222932,-0.0021871548320113593,-0.000253269999225203,0.0031723584069531952,-2.3048969638492656,-0.11654086533195229,0.0011738864443186503
0.00022240653684700654,0.6835509500504997,0.004041166078267919,-0.0027305310868739364,0.8398194557613518,0.0022591168970811804,0.4567532129513981,-0.008565355211347435,0.007481017914632848
4.178265680330464e-05,0.7281034882995502,-0.0018439097170261515,0.006204086963137599,-0.0069742850360581645,0.0095797918005816,0.6890926928872837,-0.000253868952793473,0.08727164291454725
0.00118539635231482,0.0007045984666945882,0.0009902116979324338,-0.000885772647224782,-0.2851151051377331,-0.0018322374039647024,2.0823754176650007,-0.0017372060921393346,0.001920328120289248
0.005075906759789475,0.004280780304743749,0.0018493026016721589,0.005948732814774118,-1.8929239277921823,-0.013040836754144879,2.697188311801002,-0.00883302451945551,0.08808023613557439
0.002608776767567811,-0.9031609810211312,0.0018498046896744322,-0.00460937449935727,0.0005964274883840078,-0.0008078894326334371,-0.26006288165412283,-0.0023037740540810064,-0.026807458881996205
-0.08682406804053011,-0.02013436099277681,-0.005429945132099712,2.0105369246346085,-1.0956154146309207,-0.0009602669409385149,0.011606048694523259,6.766313824676212,-0.02823352632538101
0.0016761598190756775,-1.257804583214146,0.011253768839257411,-0.007933382819992636,-0.011748014794090239,-0.06416405865282332,-0.015270585949687863,-0.005449817082922144,-0.09826889035661113
0.010325562934750558,0.30804409419611406,0.0011864692679037381,0.002265064677038112,-0.19215720588666352,0.04645806442132003,1.7225307630442472,-0.026071176853158406,0.3716956585587743
-2.5972805745463585,-0.01502157490989497,-0.8404311729670662,0.008819966967604842,-0.007576094527405684,0.0004628720296911415,-0.007506952201791095,0.1542310872063588,-0.003130558869514022
0.02832822273376417,0.45263291543742645,0.004578071280289989,-0.0026118890637750825,-0.001390336225445642,0.011366253801640906,-0.003003310706651434,-1.6816369843840877,0.0024420852046541097
-2.697109211773464,-0.0022123309077517203,0.5213100170486051,-0.06736003634134613,0.0055666952991204905,-0.9209660802756358,0.008033237612333793,0.008940446867660518,-0.009875435667612398
-1.1101260241129594,-0.014687945857568,-0.0008169452525024351,0.00013553491309345315,0.0032440741987804673,-0.509087482349162,-0.006345820231938786,2.703988494242828,-0.006855671613765102
0.030756515863639186,1.3150555844847787,0.002669256855153318,-0.003771863626597248,0.001486055712511286,-1.29036828509864,0.025196624854466887,-1.6622976548633361,0.00845362647103598
-0.09701069194307743,-0.006560215763665885,-0.5837361864171896,0.0017782704313614658,-0.0011222028132873655,-0.013418592057002488,0.0026112895240746935,0.3971485018215575,-0.009141110385693665
1.3664088900881253,0.19705591636366837,0.0005131929894201595,0.0022312073987668496,-0.010499520853045476,0.0215211214199248,0.005121723101023458,-0.047493049630496664,0.03152903435396093
-0.0003158718651244882,-6.792654426551747e-05,1.2600591627655264,-0.1808557236362529,-0.0024331493668619257,-0.0016089542886433615,4.202944291367119,0.00274321680072917,-0.006566157011484441
-3.5434938438389922,-0.010816489848178889,-0.028245189510337942,0.006805794181243989,0.00174431538448757,0.0038606121357827538,-0.011482201751384653,4.241327086659832,-0.0038799369091078173
0.01821591261777475,0.008364388874515148,0.0026814782256877946,0.0002722801938501783,-0.655741366526269,0.0035477469037066473,-0.002492784344342009,-0.02711636200788084,2.0138728236060883
0.0033372184374305253,0.341400394674338,-0.0022232247268818214,0.004486889809733011,7.726285461010993e-05,-0.03760382188617372,0.08643119451152748,-0.006340590357749344,2.4661958360983665
-0.004915263784023263,-0.700995963730715,0.005287538569899358,-0.004969189376845601,-0.0029466054612280477,-0.004183859343419003,-0.042005566039855904,0.006446936271901415,-0.2125302291925153
-1.7611344965817173,-0.005907807660424039,0.0003201615662758589,-0.00032114479068803326,-0.0036134983865327083,-0.936336240152591,-0.5763077725063438,0.04942744713568433,-0.014607603551749948
3.1276063241956207,0.010771594449566501,0.04682143243172243,-1.1816660147201214,-0.0001655500424541899,-0.0006162832267075884,0.26846494975557855,-0.17826397798616933,0.010043897573485117
8.66501158416148,-0.008823328117418799,0.002319791232456958,-0.005571274423853744,-0.0014324067329907625,0.0038607748025559223,-3.9736273419264023,-0.006668972074701801,-0.04194206921405641
-5.740734216753047,-1.9965669229705232,-1.3514519403323249,0.02583898084760139,-0.005221430070848007,-0.23525246806657163,-0.01041624711283845,0.015529930113107548,-0.0069558316632654105
-3.281050047005035,-0.02319929626715427,0.0008883425027735037,-0.0013364254829441556,-0.006548376652791399,0.2680827459801038,-0.4179013095385122,0.027537502495152452,-0.047011894189876946
-2.403512679325977,1.9836773316797014,-0.005536682643962114,1.2755780817165403,-0.038303546172695734,0.0006460970034055908,0.09823430634900152,0.20064326042616118,0.01859189127321348
0.00740384821479699,0.02951142363256714,0.022902868566498258,-0.5960954868444721,0.6979930516171742,0.0032584684984618903,0.005621480660785581,-2.632602045976529,0.0016178206028937825
0.03921402903396356,1.83735420920694,-0.0034326921548260697,0.009575640539080957,-1.1085140737215378,-0.0008002805813514362,0.0021239095733500205,-0.02268795433601523,0.05510766423032143
-1.569017621478261,-0.03478856157201617,-0.0006168697557877301,-0.0013033786443090857,-0.0021311437497266543,0.42900648741623953,-0.00024003270687263274,0.037024124840743425,-0.02966212444018368
0.006152472495077088,0.026001484555601733,0.0020927278094785037,0.002630353005558305,-0.8801437929042419,-0.029801209073065375,1.771348914842821,-0.010419453546499698,0.034128275676616235
-9.29955876472954,-0.0018709024919138064,0.4129389684597484,-0.02986119801199827,0.018413791709730634,-0.3241346793499483,-0.22823499870134656,-0.004771156636039553,-0.07933208296342009
-2.8166483200719687,-0.00037710050573038466,-0.03769858797793113,1.070679160024427,0.004838018973644817,0.0008777541960904979,0.00557155589064132,0.0244210092262939,0.007670796187985607
-3.307182311613081,-0.007787351800591258,0.003821463789226487,-0.005230349569888965,1.7360176004984143e-05,-0.0018627652433260802,-0.04005569184948443,0.019006962542716173,-0.037052517321723655
2.4958468911932434,0.0018135691164413983,0.0006931996294420179,-0.002520464621598912,-0.0008812822557713006,-0.0005976742290113322,0.003491651238424794,-0.0047450962736012665,0.004959321543612671
-0.04606925297346517,-0.3553982776926206,-0.004111561564557244,0.0010309879600866184,1.0802741931966264,0.00035613568327753865,1.0728789555449446e-05,0.05313848027436706,-0.028740613135761484
0.03513547957328723,1.5084754094275479,-0.0015606380944239717,0.013110725380240766,-0.6836742585853772,0.12311582947369186,-2.6402765167739326,-0.028431852073351704,0.04136928689790498
1.8122293094216808,0.009128441076804076,0.0012982409328466948,0.004170866692189072,-1.8455136870633018,0.019536402131474197,-0.0037262324671106014,-0.052241885777754404,0.022573477476763915
-1.8167243222488891,-0.005791018080376119,0.00024163587673577125,0.00023428961078235215,-0.5386243936379458,-0.03257298417037042,-0.09840906811333308,0.21233343950164882,-0.018950289545960286
-0.01697518201584053,-0.04859821397727704,-0.002022622463419173,0.003386205075432617,-0.5966364825852304,0.0012910998485308857,6.80066508225855e-05,0.024132580142958285,-2.4975844737495017
0.007386802891492898,0.004016014327599252,-0.0007202425016572802,0.005926833021787417,-0.015437935422045607,-0.010512809083225189,-0.0012943354056242067,-0.007058584305461718,2.86425661159303
-0.8706892203783698,-0.0049546516873432075,-0.5412667147091228,0.004800904151014716,1.5395947698841599,-0.0013595844077943786,-0.00387661891677241,0.06335008954832788,-0.0037824615581255605
4.675915975275027,1.1823278525238912,-0.014988599828722582,0.031482120697654416,0.007518448191834282,-0.000637786267682455,-0.0019450130170772587,-0.016971179063104247,0.03444920383089789
-4.602390106157784,-0.010893369185172485,0.000445505931116863,-1.0501552767334446,0.017825216883959376,0.05385039679881369,-0.007454962495902488,0.0460808747039442,-0.028912431331924004
1.8270432317285534,0.003806180959902686,0.7443859332987799,-0.008137545575523597,1.099901423599129,-2.5400535601905787,-0.037971588356386365,-0.08197826677664999,-0.0010490832406411799
-0.0016767779640128942,-0.7679984180412653,0.002932156699077232,-0.0070747841856162175,0.0026848361385605913,0.007582923303388502,-3.1462495473525363,0.0015482215994028024,-0.1409287626202662
0.005665896416223226,0.5729269050468322,0.663967906556743,-0.00159827532834389,-0.016529563983814784,-0.0007235608074048858,0.006942645474059178,-0.01659013228833081,0.012930797757597146
-6.479619117788695,0.32383760917365434,0.11488386713686927,0.00012483218657979855,-0.026719871578351873,-0.0006587854600885153,0.0030236506984670855,-0.02413744986441893,0.011673142647396828
0.0029200726940774215,0.0031970746614240417,-0.001990824635625531,0.35090513763193026,-0.023352587207307735,-0.0028632016494421356,0.016318134741000013,-0.003943928207774356,1.3234734439282414
-0.006990079920404468,-1.4102978587027772,-0.0008405881545334726,-0.001467689592086524,0.0023504862817379218,0.0009251500331929493,0.9529535901712256,0.0160063074351092,-0.012218840227192884
1.91572375023088,-3.633448399456346e-05,0.6671106429335438,-0.01317184019581455,0.005054770940033017,0.013413095924511806,-0.007684962769850895,-0.09562296106782187,-0.009105593066245421
-0.020136967627042313,-0.01930425515766715,-0.009869038816442282,0.003336216430660311,-0.03175124048256078,-0.00442396559308382,0.011120314692964655,0.670798207480532,-0.009950624088992985
-1.876245480198606,-0.036538502856228894,0.0006873602242260732,-0.0019256604560207423,-0.00923281900447314,1.196932438639806,-0.020690632067172584,0.19626430506428028,-0.05036955068347537
0.0025818780804558457,0.4778062561891723,-0.005550187752102125,2.6084807588469063,0.011093537634292291,0.0001228384038161729,1.208095399129122,-0.0023652713524432434,0.028490276873653353
-2.2141317368588225,-0.01265449177762203,-0.0027987786667163644,0.00016938975036606197,0.0011134084460627759,-0.0002667032121247186,0.003075328334228767,0.0524964951729077,-0.006625820263932547
-0.004718347819701978,-0.6470945860135853,-0.009593952634755092,0.001919789443383146,3.551242055645375,-0.7865981450376676,0.004812394262565512,0.032446122366155974,-0.0026306702338129706
-0.009492049028421441,-0.0025082421939793247,0.0032141079595967353,-0.498586395983479,0.00044287495508126126,-0.007049817125379379,0.0034285492418485624,0.006745583115587681,-1.286704799385482
0.011083031126036438,0.010625306781943279,0.006537503468051026,-0.001444197332188784,-0.0019656216614596304,-0.001166542851141202,-0.011015446788740852,-0.020443408717552482,0.014224945534781841
0.0008383200179305434,0.00048569801764181277,0.0013556331095905295,0.0002443612186573298,-0.009513320020698615,2.4133264171175344,-0.6426111765151442,-0.0015717466464075722,0.002631572613635102
-0.13410994052960837,-0.003473147378721424,-0.010623740222323957,0.02095494981121565,-0.2282812106447146,0.8482435359566292,0.01448366544723628,3.5277843915380753,0.010856795879415793
-1.9071623375654603,-0.012184018737174517,-0.025842419929979765,0.005843522818308904,-1.4132350581180273,-0.0001449915681575732,0.36384275818956857,0.7864437962287785,-0.0008101455594450302
-0.0013517459887341507,-2.3156433070524916,0.018435341548857065,-0.05691571258197529,0.006093430171146823,0.014475965772458924,-0.0053648498067485895,-0.002202395183872134,-0.04224139181181519
3.470583943932636,0.13598371056665143,0.006064478996354594,0.0009260768509732122,-0.47140480940988533,0.002455000026013165,-0.8504056829464215,-0.04548855040464174,0.007806678223368335
0.2821135684212533,0.00534923718387115,0.008931716328255561,-0.007599876424040801,0.9671409087523997,-0.0012443239604404488,-0.0073234773950660095,-0.11633465928163723,0.005446210272834075
-0.026211959771981996,-0.0011115951865823545,-0.0015602409710791243,0.0007769172382431163,-0.004429485948625354,-0.0009105279278269235,0.002939997186877712,3.6097915030299563,-0.005575728661923518
-0.05365064342529721,-1.5281621172069428,0.007776045363930645,-0.22955999350067996,-0.0003872850085060893,2.516846067508266,0.012773451677388657,0.03537711881708551,-0.083789331606686
7.096787496001381,-0.002274120490940529,-0.9657935856401485,0.005112612375377967,-0.001483179225246236,0.0677513912914531,-0.0022040841217630808,0.001297881666407652,0.003133530506484683
-0.03236669025226661,-0.25251889040759407,-0.004147833621734837,0.0023749623042586643,-0.0007801210701128053,0.0018127523760633807,-0.008005703859079864,0.23734369572432068,-0.022901992258172854
-0.0033057416597544074,-0.0011789946540711651,-0.12955326170780032,0.0568955530026868,-0.0005547882053073538,0.4937278620383926,-0.005027238782677407,0.006463897516964998,-0.002750116764139468
2.4680697572771906,0.009992967148949051,0.00754019088632929,-0.00043444617313568104,-0.0072912592533774575,0.0003703404250476331,-0.027320568460315386,-0.05973395681161593,0.002331426996904584
-0.030716621707242684,-0.6884743463860021,-0.0013558554368461838,0.005701890430220843,-0.07734724991617188,-0.09984687256924664,-0.003859829201432083,0.05312115724607834,-0.0007047202068722891
-4.048346267475668,-3.783141732695167,0.0006269520300274389,0.0001437779844587093,1.64920120368456,0.05465814886675015,-0.21195482634695395,0.004026566808477801,-0.03364341920438996
-0.004210854906003621,-0.004223399858046546,-0.03406400275072052,0.007715569328138151,0.004641579988051528,-0.00041796203847277935,-0.0007743416475902413,0.007545640331011874,-0.007502043740845258
0.0012846575432393593,0.4964875393996299,0.001146217474719751,1.1029926135264567,0.0037807301309167505,-0.9870024748440355,-0.3051604479962613,-0.007420933169918835,0.017563596386958508
-3.4692733409519576,-0.019743513552665976,-0.9183767331660402,-0.001391703851713194,0.8441605171471763,-0.02659123528795921,-0.624449480193868,0.09569781477108297,-0.020544466855880517
5.219198917136119,-0.0008292139375086043,1.6291413835821462,-0.004772761217037957,-0.014996288023137516,-0.012337762658053392,1.4246179335215903,-0.009134628203778306,-0.004248722357343748
0.0033528778267332567,1.280514202720759,-0.0014509109289367259,0.0013541842679042108,0.023472698302185097,-0.0021959535805314238,-0.001054137365856295,-0.007414032559360587,0.020949439563624828
-5.828337374024652,0.0021287253443652834,-0.0027963268447999956,0.0004483784867137493,0.006440112709305099,-0.10091990586468721,1.156157431388495,0.031104282892418234,0.003795384304283389
5.222925722295668,-0.014093870241170703,-0.0012039553613596155,-0.0014870912895930581,0.0019060253649464086,-0.005454764000877994,-2.3738396827058184,-0.0021997460216922407,-0.011916061042336668
-0.6550171523558934,-0.005759596346767252,-0.005888106727382474,0.003979892542960949,0.00017537417844920144,0.0028642688101466057,0.00423730781433014,0.030408658927517228,-0.006259175669269895
-3.1732420580689773,-0.014327173558529412,-1.0436339195949103,0.0981078019990429,-0.006667930389833453,3.8312785867828922,-0.03144735901258239,0.38251589237723227,0.008904858486096678
0.04216911040632863,0.0036655952001593307,0.025280861020809786,-1.0906046111280383,-0.00042453816345353317,-0.003039656628180295,-0.004222165814706685,-0.08880010294298049,0.005975025446678899
0.0019214443699363875,0.00516030238535677,0.002792842824358777,0.001558204670990122,-0.0022828946627364106,0.0042966410393342975,0.004885320635776759,-0.005962012706685496,0.8552384548932402
-0.005137558625528296,-1.6799468878425499,-0.0018538493592493432,-0.0013867313318959157,0.010598814485217621,0.0004638653298864835,-0.0006321314524075014,0.01911737992791354,-2.123678535825995
-0.012674245349787477,-0.01752420114128101,-0.002747657302972606,0.0013415954024001658,-0.005151197352418155,2.4559760800836905,0.0033923945240516263,2.920958016927273,-0.0017043716916169405
2.435905780070353,0.006580958885315661,0.003100471308509961,-0.002684952749616417,0.0033316153981866343,-0.0039332086921365075,-0.0003361386944708408,-0.034355314310718116,0.0027131467126467745
-0.003178801770801985,-0.2363302978203835,-0.0011678936174967444,-0.00421344388493323,-0.0015700953958263306,0.0024938964164604176,1.181023261104956,0.008783354427814357,-0.05475664271332718
-0.003373398716439588,-0.0013990367404345715,-0.012955990332828689,1.1707102724929885,0.0006956660625874519,-0.00044438964076199685,-0.008068639443933216,0.007303230632043088,-0.0046702796645563946
-0.00951533266737102,-0.004440080914503203,-0.007191876952371962,0.005830291561729276,-0.007102421330458056,0.6038368875345259,0.0011930160866410592,0.017742932858911136,-0.00919794204400836
-3.121876971122748,-0.0003711309691777245,0.05105740245253809,-0.008871740424542189,0.0018433902169484005,-0.001069862864602414,0.0025488479759076255,-0.006465835722624748,-0.016847746784872886
0.23655162681366826,0.004526910014894626,-0.00048119906758965336,-0.0003333724082867249,1.4668303223331822,0.0034219102779883643,0.003105262572727007,-0.012769627808206048,0.018963122409470495
-4.053962337693009,-0.01785075313197512,0.0892402844510134,-0.7795842889078964,-0.0017123726839529362,0.00846250387448319,-0.007189159700139711,0.007651735816689653,-0.041377257662023714
-0.0305176840939374,-0.6754457509748333,-0.0015581075063587496,-1.590303625016384e-05,-0.0014528281372639838,0.0036430226020089536,0.0032918273986836466,0.047968176173417296,-0.05751684512840061
0.004477966399412493,-0.8152164012630303,0.002019778048132137,-0.0037878033061076663,-0.007544890561340507,-0.0011183706576078038,-0.011914050605025546,-0.006203712928788303,-1.8010104265793316
-0.002959567647390446,-0.008093422101054164,-0.0011656692402635643,-0.002486774813231123,-0.0028715788047098635,0.0022175323462908045,-0.003681792313281531,0.006740537963996112,-0.47066827317187915
-0.011905045763665698,0.6055971571733079,-0.003459377053657918,0.04252355434270383,0.0013301829893063869,0.05840906098188347,0.0007267381355628051,0.010721170321635002,0.049634010616778246
-0.24591259750946115,-1.5314287592544895,-0.6796606327368275,0.06692221092206418,-0.006725843016608429,-0.0001846341206318651,0.0002627941318303767,0.16500270501307002,0.000559488663061436
-0.0011142151017931486,-0.001027883243362565,0.0006728735849949805,-1.6356262155425327,0.002834063944400311,-2.40216018154828,0.03073886279069148,0.0008520459535798213,-0.0034259441627166563
1.9269786757081844,0.011703286246699893,-0.0017352862164727173,0.008529820406880892,-0.0025838758539259927,0.006848745351484172,-1.49119021384625,-0.013160358628558013,0.10420011598289425
-0.0014753571660716521,-0.18492542411968968,-0.0012784886418963828,-0.003054759907473362,-0.00044082920633937745,-0.638730370510392,-0.018576493138435825,0.005288137920518039,-0.07018216550003206
1.1279989017196275,-0.004093147299788641,0.003257193050802184,-0.035616073533775314,0.06997888012275463,-0.0019198574679027683,-0.0659446566921213,-0.04566601778765067,-0.21475493322704708
-0.005885802967903996,-0.2248608794591944,-0.021934134160749137,0.000847026546173753,0.0190744995642112,0.0014337076204305034,0.0002524104386702184,0.03391497645027913,-0.010916694671080973
-0.0327631317111666,-2.5931285690483543,-0.007600357111319289,0.005795898310514031,0.005795397672170688,2.470402021001024,-1.3212029817724518,0.03318772417221711,-0.013729523538204669
-1.4368035898341431,-0.038092322115244125,-0.0006077638903331656,0.00035181487797517454,-0.010956486784345361,-0.0008524533810725035,-1.0638836977973116,0.36896255427057134,-0.029360718734961988
0.022759553277311682,0.8321448548437851,0.014760322832522502,-0.004191540320855443,-1.125787364681043,-0.008989534114877257,-0.0032427233634473116,-0.1267040327950816,-0.0006059639698785535
0.002917008481956239,0.0023264963678333206,0.0016064632474956202,1.7413325047439145,0.003501006932242547,-0.0029472672771989586,-0.007395666624457822,-0.004789835118079443,0.008730433684123087
0.9251054368229036,0.0056135915319541286,0.00803515090651101,-0.0014289081571351213,-0.021000773656228478,-0.0014505148012183184,0.0009811904378901125,-0.12041682951747122,0.008700651522360922
0.11913613840540228,0.013963527187521084,0.0047500207300246,-0.0005364493366050442,-0.0032500769483392376,-0.0031340524845124645,-1.8492619152392582,-0.049711606774590696,0.040305373972453706
0.8241124524762355,-0.0026223064472999102,0.7936482118985113,-0.27627786835032975,-0.02947844799851155,1.7095057365373798,-0.003220449578680642,-0.04651693909752541,-0.02677897584526906
1.187430157769317,0.011119780690139889,0.001518104615102267,-0.0004985565732272503,-0.0012782660390273596,0.0011576767057696093,0.004867488112269374,-0.039357036325960895,0.014235780277922938
-0.0006073696189847202,-1.683935087391459,0.030600271032245385,-1.1425580503621955,1.4675323378290401,0.00023426250408311385,-0.01047348164030859,-0.010737345918757444,-0.2286665865920412
0.026395788828665247,0.01564233590724149,0.001859578379736479,-0.0047545628823450255,0.007701018768588214,-0.15881867797257238,0.0472317901910658,-2.356492484626976,0.0016114190735252443
2.634916361558187,0.006412340861244849,9.760335298855671e-05,0.00045169821997385505,0.0026489599800011074,0.0017587853850116039,-0.000391275708398647,-0.021336913802137612,0.009173745110158782
1.2126549654071843,0.004082567214310536,0.2661523430433914,-0.005752990492476476,-0.6033282844121288,-0.000798389168748932,0.0016154701782456673,-0.029105383061656318,0.0031809484472305194
-0.010325720364747264,-0.7404599129460822,-0.00044361368036014565,0.00016812298080492647,-0.0006508033551185814,5.778428479046873e-05,-0.008175056688342234,0.028059223971098977,-0.014629147629586559
0.0012892220907468259,0.001421637164221492,-0.002166996792225576,0.1575186542210228,-0.004463359879327263,1.1170776701405898,0.01052556188272963,-0.0018270017365864324,0.010742867146179213
0.002909652347174358,-1.0307949554661797,0.013587834309493257,-0.20798543207064785,-0.0012927730060686132,2.097381325344453,-0.012597737005135522,-0.005628065812597572,-0.05266291135440304
0.008829716158209667,0.0021268007415580644,0.013471681646879494,-0.008782210426415919,0.004152102694185858,-0.00011266818781447818,-0.00026167584155657644,-2.4507380160768513,-0.007955928527030975
0.009368735332782317,0.360487987501881,0.001404134269399112,-0.0007657103321857082,-0.002182432465663833,1.4957926882072528,0.005605500684720299,-0.01319510636872078,0.04203679182866879
0.5232468025610643,1.5878470965706195,0.00232527317275949,-0.005623667062914735,0.0023781629658349915,0.0004592174151065269,0.19354402793908707,-0.04461453968309931,0.4446516548475774
-0.0011529910210577102,-0.015142198071601262,0.0014462644119513227,-0.04161013106702697,0.049010308296661885,-2.043887285120332,-0.5820619221215064,0.0024639102133184737,-2.3803849758276967
-1.3505764632130648,-0.4736233077660478,-0.0076040101350945966,0.0381139452264191,-0.46857053538371707,-0.01351214921381213,-0.0023414753219053418,5.526630802388459,-0.0314278370735428
0.0027982936903841165,-1.9969626642897413,0.004899505739213356,-0.9483813885277308,0.0017118611130486142,-0.05067346985687707,-0.003776245879209529,-0.00677005248813784,-0.06422876297812952
-0.6792630657342511,-0.005076129163972458,-2.4901262530572718e-05,-0.0017931789792990165,0.08064570251637912,-0.11868111326067787,-0.003707323867263618,0.01644328196538315,-0.014370390622545248
0.003605234643921236,0.649652523509468,-0.0018095900613794846,0.0032509192804390345,0.0006074258735462032,0.00010148406135860504,0.019520157241786025,-0.007505456506826169,0.06984380095087961
0.006745849692620511,0.0007329149879336451,0.007291796927081135,-0.05174096895301602,0.0068897645063432204,-2.9689389362873824,-0.012425932849881395,-0.008498368237797482,-0.0017213156803687713
-1.2515885389668988,-0.5018799086870194,-0.00021847143560349558,-0.001247827353692502,0.0001145698298405367,-0.009027234337142401,-0.002380123623568157,1.399169017290668,-0.019031965289962316
10.848825138976972,-0.002087628692311627,0.005378469568495803,-0.008207444338624366,0.005409411630762945,0.0016802438705352894,-0.0035872379036926416,-0.014634495762953309,-0.011921994643757206
0.0883123199849831,0.6335649572346775,0.010778216412567737,-0.005381049142102638,-0.157997694218718,0.00040128216181026585,-0.0018327430935720672,-0.017906906304448522,0.013726307798777149
-0.5738055972940526,-0.002849913058211257,-0.0033911471905320803,0.4702127823650554,-1.7924936387178012,-0.3236767364473301,-0.0017655919959924972,0.02018693355986613,-0.005619703266471508
1.5854713933939482,-0.00014871655235009168,0.003641640856178678,-0.012684187413996462,0.002791424535028576,-0.004713669231503516,-0.0024818961643613283,-0.015651306173212073,-0.011051676213995137
0.0018496603864217335,-0.8555936007490352,0.004931096920590468,-0.003422495185434479,-0.04740861613014867,-1.5006854757477446,-0.0007268958352666579,-0.00724367528200418,-0.020118102372595537
6.370133815198443,0.7111512075739304,0.7686768268484521,-0.011725063569367644,0.00973710792981776,-0.004066437683793528,0.01454125208070639,-0.03925897792248301,0.019953727609765437
-0.0015035386535541938,-1.2905007938071462,-0.0006784619935113409,-6.913770660162415e-05,0.006100625726302096,0.006142595907011541,-0.08442173498902736,0.004676856044892155,-0.018834868490379075
0.0072553744906536785,0.006439008510660206,0.0007614447975426226,0.0017460470508342337,0.4203702795307106,0.004505752087063854,0.0023931205645972473,-0.013701472698152284,0.032391801608437645
0.0052714821633459245,1.474293883042245,-0.37196596933952497,0.01571879116844703,0.005464331468363479,0.001122404008377354,0.09524496166881802,-0.01661803079704678,0.2809966403834121
-1.5797501128501379,-0.00490995276104593,0.04898154933263538,-0.0048756725862308305,-0.014476450161627265,-1.726399641605406,-0.09503693638793044,0.010923673221965998,-0.03854369107151967
2.115462831681648,-4.540971422704652,-0.0002650907814203962,-0.0032276306675714005,0.00031842200107934024,1.302900946227901,-0.013514746789926799,-0.002465896136022234,-0.015482233006611335
2.2670408460288876,0.00045098746377541133,0.001015708013549367,-0.0019660410644933134,0.019854289379032313,-0.0029199554832211394,-0.035591107549308026,-0.020276837846368165,-0.005324166420582699
-0.0030768312638499206,-0.0014644222336885162,0.0005622997171960114,-0.4740811635024336,0.0035756418971548474,0.7554653771858887,0.0021493309433294585,0.004076111813612894,-0.02071899064795837
-0.001315592374863595,-0.055106642116439626,0.0008235388441282636,-0.15346371934856667,-2.2522637889712486e-05,-0.9085356616212004,-0.002765495285529819,0.0031288726476962937,-0.6718296257492827
0.00484647317648227,0.006686004462958597,-0.0023183128628960457,0.016841046993799517,-0.0046510816224586094,0.001885012126195183,0.009862100437515564,-0.008617908536179553,3.6084730401845704
-0.23269670163900005,-1.4373599362264164,0.0006158489767159187,-0.0014461857838077251,0.0009642416828645889,0.13275233865561073,0.7738945786939482,0.01824954506868286,-0.008811679056236699
0.018558374784999526,0.0045987299405000695,0.49186278030182784,-0.5353863719681682,0.0025949287742473154,-0.002351608041308866,0.004628834862753423,-5.35127662084254,0.005959673492457629
-0.05360348111837715,-0.006375308792798053,-0.5696721089217169,-0.00018014111704231506,0.011314010482197772,0.0008950415430895482,0.3719408961545839,0.02824019418673393,-0.008754529317382596
-3.696793363127409,0.0014112492324647981,-0.12164521904815939,0.01669891682374927,-0.0012855436490903233,0.035003946138793415,0.0016878675217037661,0.2438770277132828,0.01932474046666699
0.0007885852005987393,-0.8263847707445009,0.0018696883445569051,-0.00839123400397146,0.042507720751238195,-0.004221131550599456,-0.06758736158462265,-0.0014181296985314965,-0.4142327190385462
-0.36172889293044,-4.771024155706836,0.002404524374794381,-0.005378344873794724,0.03163610989545623,-0.019611065535618977,-0.020970455798067528,0.6782839174794153,-0.18548605629727177
0.0008199021513777887,0.0005258858636862743,-0.003500950702865817,0.030807345940172377,-0.368836261989194,0.6509799774423547,0.23180144930820362,-0.0006177892453358981,0.007886642337915221
-0.010241864642741988,-3.443793634784245,0.0001856978762569128,-0.004409888196827069,-0.0015863709505230562,0.001624060944519715,0.011699033999466424,0.3527240167013117,-0.0056501737362473214
0.002194941046617417,0.003492017633639828,-0.13438753429923106,0.036689277530484996,0.013050900000576139,0.0007504434240868749,0.01408370516952512,-0.0026880047641942018,3.372744654487375
0.042581335445806445,0.003750805227171354,0.5188215123606708,-0.005413638791140429,0.005230710036332603,-0.0019340296975746477,-1.3974055168534234,-0.0987168520017968,0.0059283353166666095
-0.0047378963180868885,-0.8666801695162243,0.000646353680529746,-0.008480264592657497,0.8395878411443383,0.002071667573813608,0.012702198962249691,0.008367980047565067,-0.01981587132389684
-5.099582832188277,-0.01261508158209403,0.005689257190981123,-0.9865115869406106,-0.0006046706099570014,-0.0032726035402144966,-0.14520067620119992,0.032872377417666104,-0.1487570353470984
0.0021228883449629092,1.1045763876444872,0.001301668316327463,0.0005912808954668166,-0.0022624800538156298,0.0032467217585049534,0.002228199720248557,-0.011435911985053721,0.0115098674212325
-0.002047585227329532,-0.00832384753996576,0.0006622177297488464,-0.041039069239014056,0.002252445276330499,0.02165123732298454,-0.6256141159685003,0.004364127949795764,-0.6384821710520315
-0.018183865891962428,-3.3314860751459987,-0.07606533250848146,0.029013008444415844,-0.00424031893165451,0.014411071347297896,0.00445210048934646,0.1953448199773541,0.015171716285335313
-0.0022311270774545535,-0.4839643878471451,-0.002989112055258498,0.00035796556782126214,0.002511519600827047,-0.006691344386105635,0.0011848008330917013,0.0077004153637528616,-0.006921242425737911
-0.010259057081108499,-0.8103714939792849,0.0010631623629385537,-0.00473093650131691,0.03067626546301385,-0.0009653746129219599,-0.004272278453211698,0.011581095068985008,-0.3694273296177588
-0.004243506515066357,-0.0012050746102305933,-0.001475433284521297,1.1487626219259337,-0.004494862448324105,0.0021737112410379743,-2.0659281411728316,0.006056715893184214,-0.003035565422580582
0.10791840978226007,0.003597698033628544,0.008604559582050975,-1.9924569786836286,0.25894422841455,0.005186762703590349,-0.2806656611682108,-2.979931771942347,0.003659663519681333
-0.0007912599795430669,-0.0003125230600351693,0.004341317546041771,-0.2677128111337729,2.0565498699862865,-0.002197411760717103,-0.0010763778266453337,0.0005414024926276213,-0.0045358997273856
3.126991342459054,0.06914878457390211,-0.003730036803369377,0.00390345036642672,0.003043954757995699,-0.00018674258346561165,0.028531810867426156,-0.01497982240024182,0.052037794630166
-3.2547347472290316,-0.024940392189743164,-0.7228587410330576,0.00013729332028772356,0.046331334142141425,0.020260556478690323,-0.00101134001059007,0.022454537636421967,-0.008712909670984592
-0.11551392444763928,0.0008788107975419065,-0.1353616638431454,0.5601169357711973,-0.4789376631085873,-0.001175322994269542,4.129462640204069,4.729728927972768,0.004203401420134756
0.006952073875108693,0.9604948607993975,0.0028702866206907277,-0.008798048607330744,0.16345694101539443,-0.0008035916793470799,0.002956876867394464,-0.017238814473057876,-0.0005592111978140468
0.559990224502787,0.001507982900529059,1.0311033214862109,-1.4833380553805533,-0.01155275509337278,-0.002084887949386529,-0.14658870208016023,-0.020465708368707536,-0.001553147760007867
0.007112631659136965,0.3149177957533679,0.041102347162246394,-0.004134257226774032,0.04013166494518286,-0.00997012261127258,-0.01301863148882566,-0.06340958626372493,0.008158663176385667
-1.457693083156555,5.805678582118342e-05,-0.003050511758232642,0.008096142373386957,-0.0025991646879558105,-0.00023688717813335862,0.009306107551276373,0.01060533069082018,0.006447030413217147
-0.8651766573277806,-2.5389166368881853,-0.08275314594496264,0.2965150779723278,-0.0006821060205428678,-0.2357615121723688,-0.004469404400306562,0.20232813697954466,0.006662351194971716
0.7557001739971251,0.0036015425352587983,0.03968614785676497,-0.3144310139188041,-0.0031799306021593563,0.007661800552272128,0.8583557576193004,-0.04222480986084477,0.004680041219934261
0.03453057460106868,0.04849476483486397,0.0034637342984073227,0.001190997108069465,-0.007170344397582787,0.0007500020745463157,0.0014958978575728013,-2.660142607570036,0.0568590540413384
-0.0041589334595083,-0.004628100527679104,-0.0007310185602412886,-0.23772874340452282,2.5377982723891477,-3.1578118847968666,-0.18636478957731975,0.00785452052024098,-0.03995811578692864
0.0015492701304800805,0.9394919258776602,-0.003359887814408019,0.5375300745951499,-0.4150707765830385,-0.004781853946058892,0.009808752326024326,-0.0031194201041400173,0.49920201884109705
0.0035832641455406135,0.012058944138327202,0.0035862464429508908,0.0001935754676889367,-0.4974590780162098,-4.2309401065746726e-05,0.0033525186178259316,-0.008314965408450146,1.333135378489914
-0.002999796240233745,-0.0013391798078616712,-0.004937681373120661,0.0071919553542208175,-0.28093825451866744,1.2271362026796964,0.058049660644601465,0.005113315809958125,-0.0020435349944250085
3.1183912877269826,0.01307902606766724,-0.0001579801536718689,0.0036173360629238524,-0.000979702719532469,0.0021756400886471915,0.004353652906938156,-0.07361060715634643,0.022798643904632487
-0.004373619016684635,-0.6211104544041357,-0.0062447580022003055,0.002842318529155024,0.0015926001053882463,-3.3869000119873633,-0.002253844776953312,0.01769439026048705,-0.005734244536704902
-0.33310402536854733,-0.0072341859801842105,-0.013720680072261099,0.0021478223232470678,0.003008723060185044,0.00391218967252991,0.015747959419125178,0.11470993509336741,-0.01045314441307027
-0.07517883410409981,-0.7440764531833506,-0.6443610825738406,0.007408753933259515,0.04761601701220956,-0.0036885226512007787,0.002327245043461122,0.021677708570201015,0.0016058521596434283
0.0012515871337076892,-0.0037244768300189433,0.0018925176531159466,-0.8662066720720871,0.0006710896377231466,-0.028717143833966847,-0.2196721169949044,-0.0009276652556828163,-2.3767024432391257
-2.602638185586768,-0.002648832229238335,-0.044261317945407996,1.0749456771997583,0.0041802142356354224,0.0013584836191798274,-1.3155928032447144,0.09417524343262264,0.0017819553243210162
0.0066722097787638305,0.5499789516621452,-5.882433381189725e-05,0.0013814413732036014,-0.00031980302120372065,-0.0050525372807040695,0.0021132903738534,-0.011382249310584385,0.04573196302731475
-0.005120264950447761,-1.84318492687754,-0.0023631373847273762,0.0028180248064809763,-0.0002629303666217848,-0.8527920742640646,-1.5383658945241954,0.019639256620403667,-0.002201880592268668
0.15386894447496424,0.005051861539054001,0.8121731756771209,-0.17641279035574908,0.005283707475712185,2.3331297087147664,-0.0017221185581230425,-0.40663900787931295,0.002035384252752348
-0.011640655101454804,-0.9624047977880358,-0.009345432511081858,0.004795413695116138,-0.0013215019075984887,0.8696477132732618,0.0040773893222556794,0.05769744824300095,-0.0004287166616037119
0.011372476355395532,-1.9770049866820685,0.013836314721003329,-2.0782161256619,-0.46167599929922143,0.01087999284895455,-0.003597696865224341,-0.10117123994843813,-2.3108990147363926
-1.597691311116527,-1.370096908204324,-0.010161718086901417,0.002284467882652621,0.0030553941827815255,0.0024957169744475533,0.8338179006455139,1.6276668791737599,-0.005209800725058278
-0.009693601465032843,-1.721644040205934,-0.036155824066654074,0.005384141478905782,0.0016996443581212377,-0.0009672209597105534,0.006464619377597493,1.1068060275215506,0.00424456096632253
0.005956402175865254,0.3228669180163283,0.0033839183677445116,-0.0009978035060687648,0.9823327480191726,0.024226021591238923,0.0025820681738462246,-0.033506345512605513,0.03426710348148951
0.005037513314199327,1.6085366309594358,0.13426990163123875,-0.16777318848794354,0.5568525560497656,-0.012434048642195966,-0.0010397664346994476,-0.018981937391068016,0.017205926488249146
4.946692046499555,0.0017005969227762239,-0.02230510998881141,0.0043522799687102185,-0.5787163295137838,-0.010490654202680914,1.7064986631417522,0.02714105366382625,0.0061612316941283
2.2462843582359997,-0.0028929750861870773,0.0006724544245195335,-0.7412640332048861,0.6820857824262235,0.008737379335044,-0.9227682069528185,-0.0110069282070482,-0.1346359470178522
0.9345905998421224,0.0015627448039957706,0.0016599658101478475,-0.00551171887253649,0.0017957989160742793,-0.005603344820491936,1.470229573186745,-0.049173194045802664,-0.004369576576273473
-2.123598819793568,-0.005466880281438053,-0.024710997700259446,0.011257395417679438,-0.007163238765478645,-0.0008890912887723386,2.2327132896672746,0.07518426978788101,0.0034804760244542543
-2.1910860197178836,-0.0023279588454254803,-0.6826607410275152,0.02304652869174373,-0.0038491097219977444,-1.1735127388232472e-05,0.000766045621870777,0.09289271375317032,0.011229110493163108
-0.005811311030768049,-0.0025583309574057304,0.002344666011813527,-0.5187474216948136,-0.0012570290586834797,0.008575029335484366,9.60283206285445e-05,0.006170381920681976,-0.8353036544011606
1.9663867168935525,0.7480573546524252,0.0018408748286496551,-0.001542342003225262,0.009706078811590177,-0.005759108525300359,-0.004503161946943874,-0.91656820546101,0.0006749295306082148
-0.007037889123664383,-0.30123047240774214,-0.04853256151855169,0.007189689912752739,-0.01635691041010347,0.0024618622437858543,0.003089842087877255,0.03225096630738703,-0.009005502091966266
0.011228247062436587,0.002459524107408368,0.3184684578407837,-1.114870488339108,-0.00034308647176701547,-0.05608760050403609,0.6125200993508428,-0.01751011462724575,0.01818664104333717
-0.00043221687506429546,-0.00042352044544581097,-0.0029896032677369593,0.003744073359216002,-0.015275914047016798,-0.013340328122990571,0.006310044467167003,0.0016814684728545678,-0.0002883765660400736
-3.1537806447331675,-0.003587478752750013,-0.002684771357564786,2.5022055819421447,-0.4761384494236036,-0.0041358132588844125,-2.3671013479222514,0.16207598030280762,-0.007677085953398111
2.2902632813209443,0.7118411040536106,-0.0009305337179863066,0.0021444671596239787,0.007811027709657848,0.0008524748398067042,0.002136066662315715,-0.1701623542905525,0.034460935353151534
-7.198184204426358,0.07937514764369011,0.5049913774575057,0.0010421217309208863,-0.008437996547285963,-0.21328455895209242,0.006780471533370122,-0.016648661644276475,0.013407901824193935
0.008845165698561672,0.025541085161978283,0.008764004714120931,-0.002632339235240644,-0.0026553342176718637,1.3922375835770358,0.012983389340025563,-0.023638984097304666,0.035837994685395884
-0.006972641686950195,-0.21071935630884014,-4.959403315037917e-05,-0.5310320861255048,0.2589427965277887,0.051112572235141956,0.0028930613896638708,0.009208943185419023,-0.14367691374703523
-0.01306786337818718,-0.04287320469730096,-0.0007432396189425566,-0.0032060690974440183,0.016469014113859155,0.0020625128544928596,-0.003489255353262206,2.4343853137586695,-0.018271217807684537
0.01251702513603592,0.480982368684852,0.7902200679750888,-0.010215978611653909,0.004367208375833136,-0.012717065464259804,0.0043435547779146905,-0.041399986847778736,0.01051630306477247
4.1838929895047965,1.5455258810363333,0.06916297433505081,-0.022002752664580225,0.022916559707399323,-0.003982553481668613,-0.8595806103229102,-0.564061651447676,-0.025026183344554198
-8.895947491426963,-0.13558947845765495,-0.9063977242119954,0.013209605883648945,-0.0014666704637674097,-0.018070252727481584,-0.5255866030112362,0.008500106180957756,-0.009728412600345626
-0.04725569253341873,-0.00693152778902479,-0.20418234614434635,0.0023991562310827167,0.002429074204953574,-0.003228738272374093,0.10429268313912357,0.1349251814039014,-0.006073753376760603
-0.0023004765645682226,-0.0023540583880609545,-0.0010456648736277578,-0.0009010186963338479,0.003505139813973407,-0.41228575754688324,-0.02017289920156687,0.004009382215539816,-0.014471269760985733
-0.011097732447976127,-0.40452471372969706,-0.17860338346594773,0.002831691926734263,0.0064858669397090995,0.0060981971202625235,-0.004611305954918295,0.06938048670836039,-0.02666886839570326
2.984551541126618,-0.003227097982953524,-0.23995224702449613,0.003049494930041863,-1.3324931096745338,0.004029314607526858,0.8121261477838548,0.008016735855089635,0.006641589528019298
-0.010531418424494642,-0.7500713984764386,-0.002195901722191064,0.0018385022619218554,-0.16678157306600122,-0.8105908929637344,2.5490660245460406,0.055917915031932275,-0.009529691459089218
-0.04440605800969136,-0.9623469468788698,0.001798403151148327,-0.0013803197124583424,0.001388023659539668,0.00988096466208338,0.00031035607200084053,0.011583485771020701,-0.01861842883733822
-2.8987939982259765,0.0002721756471241362,0.005408288970542949,-0.006563363566724627,1.2736996662512325,-1.310923443166786,1.3034380490624264,0.0008784462622997246,-0.005207833546185092
-0.012124390890435103,-0.0009908784214293239,-0.20188079724366398,0.011250678688992377,0.010510346856637624,-0.5859418374631331,0.14232140525502404,0.014831140076546574,0.00010406365327287823
0.005525499299894418,-4.316550757568969,-0.2014650914134366,0.0012971731473606085,0.03282739640307564,0.004351548245281757,-0.0027150535146828747,0.001935363640765908,-0.0030927449714384103
-0.005644029132240894,-0.29752354541863557,-0.8801203777888256,-0.00374598950988958,-0.003992918186384956,0.0037896991585241527,0.23193310263669065,0.03803119772267949,-0.01670964009683168
0.1563715225364182,3.0723741352075513,0.00370039786665341,-0.00600111114210887,3.0232567839290794,0.0006338165045018463,-0.007511224660642066,-0.6822323494205528,-0.007395374407962452
0.0014808234690075481,0.946175716682473,-0.013032601617095588,0.036389019785667616,-0.0027450126807498617,-0.02725152129059724,0.0013086401807390277,0.0012992714182668789,0.0628514688061792
-0.0341932240704417,-0.3110074749287859,-0.0015331589388431835,-0.0005809764026628838,0.007202989480731066,0.006005861968007377,-0.0003151817304307856,0.03560019732495978,-0.023134309281086368
0.00719269657881212,0.8200689161156569,0.0031999505021833574,-0.005771304030592019,0.6938571868678616,-0.017239394972767087,0.01434897135260867,-0.027473743622909687,0.00917598021812871
1.2670696803499122,-0.00018520465608577177,0.0017554733209777275,-0.005919334763339499,-0.044796132930961616,-0.12213100097609111,0.02298276893046393,-0.011375209771048039,-0.007319734368230579
0.1630237792236816,0.001444862955926584,-0.00011075870150533762,-0.0009576380233528663,-0.012786846273173372,0.0025029409084060855,-0.0020629407138466403,-0.008641203730593482,0.006492766098986789
0.02225720351797207,0.008481979105996386,0.007556981031450159,-0.0037369954012225655,0.008273661898275768,0.0006842517390414508,-0.0026727021965128467,-1.3376951206917838,0.005159171645863839
0.03867944860434752,0.4197200642133733,0.002222506947394738,-0.0004586566235076609,-1.636409408631214e-05,-1.7766093935544847,-0.001648535458292188,-0.08708943864434092,0.01569361609875239
-0.01651493092575121,-0.882360820779617,0.030452623259985545,-0.013676633985638662,-0.003964432630510363,0.06948484246167651,-0.006234987491485828,0.015390050086038892,-1.1320424868236696
-3.7466681307728598,-0.15052335694573216,-0.0065347902207416875,0.0001917705162799762,0.003809624935379336,0.005734589651158963,0.0020571325194003436,0.2749951995676108,-0.01428386157504058
1.7561565723980426,0.5926968029095915,0.001309407399874965,0.0002924836594860446,-0.03308998457469396,0.0011107209553375332,0.10564099421243217,-0.028411231321221857,0.0348628081921627
-0.009152982223771141,-0.27856101145206114,-0.055870825926657264,0.0020938767131796414,0.009455801269965739,0.009280736054223415,0.0020235525405010576,0.025912207024669277,-0.029741654325782158
1.7096765396664118,0.001518748812358976,0.01814241442486131,-0.006753828198061905,-0.00947547189292312,-2.2207959425504176,-0.00024431198200213465,-0.054449633092549854,-0.004646321011331056
-0.008930723871328119,-0.7757427399037758,-0.0045301142164497835,0.0007397603533642304,0.21571335768610003,-0.008341059957522788,-0.0011469101765453227,0.025393237516102982,-0.01891582607074005
-0.0037794187743533103,-0.0013740803468335998,-0.1884628212800994,2.5828273849820533,-0.22122131945165457,0.004192420961908704,0.01901564130271296,5.566979425684547,-0.01438031175701715
-0.00024393191322053204,-1.3846879829034022,0.004123276661081546,-0.023168234422751646,1.3358172738623368,0.009189599812316838,-0.003711676727597594,0.00010882131883372965,-0.12089889060522774
0.0022236588192461465,0.5986904496451895,0.8780893120047626,-0.0016730906537256451,-0.0015588904857609083,0.009787091749428024,2.3455575405806255,-0.007625455058799413,0.03457871784011213
0.001269892462512799,0.0009242658965171421,0.004930001746684197,-2.192365052885969,0.0038059759881484585,-0.00395988774369257,0.05543387187264415,-0.0035647970042132337,0.005210190011842368
0.007241806216430884,0.2970827154146269,0.0057727374657595455,0.00011442278874323038,-0.004704322143466682,-2.3662199307415124,-0.0025344368753608686,-0.027139151472084663,0.0206662916452829
1.717402593862209,0.1265867056027039,0.9717297131044997,-0.007663616488912228,0.026891520256416473,-0.003202213594435392,-0.016852157432292958,-5.0670527834573775,0.0013112977499618594
2.05219378858423,9.24236604113388e-05,0.05418851331509089,-0.016741977406183203,0.004784292987298657,-0.00036738121144821653,-1.3066327144300294,-0.6501450897482363,-0.016783321331577894
-0.002891144499726753,-0.3977858242225182,0.002084399397418864,-1.3311574157497115,-0.4924536121126375,-0.3300601565527054,1.153505023174902,0.0063092245386125395,-0.026090614239481058
1.8689622013394225,-0.0006250933042966901,-0.5491556005358438,0.003149770094529651,-0.6535837787416281,-0.0023098537017737777,0.012516456959142223,-0.0019773209151986784,0.008060356487603837
0.03519087702764644,0.10761124131470937,0.0004342119281976059,0.0008881677366462766,0.007491830323738128,0.0032549948907873516,-1.1352934640299401,-3.1123452054060556,0.011518205680516591
0.7765361695327662,-0.000464082298039047,0.015572700849464272,-0.018723807085616738,0.0014441074534573967,0.005021618285911407,-0.0017601808135329407,-5.429072766658214,-0.008426962172520924
-3.7629025068656468,-0.019675905519660697,-0.9509945766629322,1.4448693516442113,-0.008204005688798172,0.02102298652364193,-0.2375687135869584,0.11002943811009036,-0.018526133417314794
-0.011608642755404429,-0.01238770903552072,-0.005898701983801087,0.002620050711525634,-0.09789277217377536,0.0025815860012088983,1.364504204236503,0.027882364387291938,-0.02287128088270956
-0.5551953481801241,-1.2409477869611418,0.0012808205791063065,-1.109665973886513,0.006477460332220829,-0.00314346764681565,0.005592257975783405,0.5023373523036376,-0.06624308294491676
5.74030242736095,0.02058741518486375,0.0020034786773543978,0.0006977257020233745,0.0007417428029706345,-0.013395435369411814,-0.0018072913121196955,-0.04044121731133366,0.011979642491001474
-0.05340699937010608,-0.21811765865169735,-0.005120078523010153,0.0038740958850003522,-0.005030243290594462,-0.05120464643805744,-0.004070187558389912,0.13007399027164632,-0.03858366483146991
1.4566487891121074,0.06401468459073761,-0.0013033693284100548,0.0037908899395438646,0.002718522463655214,-0.0028498752399506795,0.0008487094928309727,-0.035806033076910576,0.0461352094170599
2.1440862623118973,0.0014855989613951114,0.20006060277492654,-0.0018756348697381228,-0.7830885700722631,0.0009769381692959732,-3.233444598850123,-0.040472742551395144,0.019016231687760177
-0.010262531120224728,-0.717688057357532,0.0011974457114260068,-0.0216038790572933,0.014099870746439628,-0.0007951265582518475,0.005170440008221311,0.02311315372397514,-0.31460491314418615
0.006031411989543838,0.009851513467795003,0.0018448250942003602,0.6381365071615297,-0.10725386625960945,-0.7128237413304029,0.0008592773232379647,-0.009962640792818498,0.07828098211340279
-1.5665182036038239,0.0014440623358077062,0.0046741586497153,-0.0008745808665787757,0.006835043526784377,-0.008193351683551375,-0.003712690053582615,0.005426858357600517,-0.00028258723590213197
2.2775398581498587,1.1300524079168994,0.29488394110589944,-0.004298909717127042,-0.024317363911963687,0.045074267043052715,-0.0005750013097741771,-0.030297014889694662,0.007686249480556517
0.0223964534474187,1.3303524069044543,-0.0006029628081447233,0.0014484094601522812,-0.4760761850832845,-0.004038401918392177,0.01046005617304262,-0.013809999210077873,0.03358058248882401
0.0013617165766323502,0.31900866302498143,0.1988003116987821,-0.0006855283291254607,0.08238116658305793,0.03828121246581334,-1.4651930160412419,-0.017255604014280862,0.014438046395610818
0.00301643155054466,0.002214308324501403,0.04558090037575945,-0.43066034363185274,-0.005269293290840861,-0.009780287205509382,4.436241771936509,-0.005706318844547293,0.008205788013342395
-0.016335523937020084,-0.2806303537143055,-0.19940881581557945,0.003947310842895034,-0.008191200961193303,-0.002082349105172551,0.027538197466775573,0.09235338206927701,-0.013230613241489234
-1.2649520684597129,-0.5185684358273513,-0.0016986775653093644,0.001993085303435789,-0.02417529719896082,0.003027374810175604,0.03357647684911267,2.807303813589349,0.004133928964602518
0.013082477501429325,0.005122513489558062,0.04698978816053177,-0.43375150245366534,0.004424204884895359,0.003348311103044966,-0.0009955166773232473,-0.020902932170051965,0.0065886427649824485
-1.0792977722991806,-1.993680803131495,0.0007309928931732157,-5.2938236921983104e-05,-0.007595753185397153,0.0011892738797618274,0.02061512745566693,0.02863374016658723,0.006083630669244444
5.248517789833122,-0.00153468313797694,-0.00666372234552598,0.0023098185365586187,0.0030452742632283945,0.025089044377393885,-0.0005549322011127594,0.006675380724715244,0.01717703280948024
-0.017976140588615186,-0.46145049971059215,-0.0004451661407884125,0.0007028455538079618,0.023523515105035378,-0.010566859901903598,-5.988234808368245,0.0101928706014924,-0.009490525326513816
0.00027754627509112093,0.0019796609611384052,0.00023412859373341438,0.0045750249133198785,0.04356791743749185,-0.004272274183528246,0.001048193677223716,-0.0019319889164974924,0.7899849567507248
1.1476053434815805,0.016997192172384594,0.5399205346233984,-0.004058251075553701,-0.0007183572768250388,-0.0017291557914917068,0.004169403702488951,-0.05192399043881374,0.017198913107956043
0.11859561269553276,1.4095353659697305,0.7848882474840071,-0.013646760629174692,0.003633480701884604,0.00026326905085212807,-0.025277603464286202,-0.1093144578115337,-0.007607348503980149
-2.4427998025054407,-0.004025854709361345,-0.002740166540263392,0.0011129295758780357,-0.002274693859500111,0.1727573265578101,1.9893555226895656,0.051835307095181526,-0.0021642331486900757
-0.0018968982735277952,-0.014816563198153089,0.003666596756411828,-0.26612408303188106,0.002618196894015026,-0.0007838217969505471,-0.03453118043122098,0.002762395031695005,-1.607667990129368
0.9840086483469186,0.00536223183348206,0.9684664504962206,-0.004252954841755363,0.003911980113008522,0.009917769959119336,-0.006157118823772456,-0.047712031742022876,0.006056132939111641
0.2137638553859303,0.4777530369362611,-0.0036758476352875963,0.007618717637293845,0.00017843686321946522,-0.0046663365984968425,-0.0070035053124177385,-0.01773139592210846,0.0396464078227276
-3.4281671410495367,-0.8198788668518464,0.008634725926584985,-0.07851806110701812,1.036868204591208,-0.9178588023309923,-0.2543119262792504,0.0117620505884366,-0.07465647828443567
-0.01933734648443261,-0.003141675610074132,-0.20764241967982108,0.012241930033371498,-0.003362896669233181,0.015864520583613134,0.0017615561449997963,0.0855005598358586,-0.002219877616685177
4.459747709172024,0.003969798398482686,-0.01760823974382908,0.9066432790403902,0.017411598290627155,0.0006741477300337326,-0.1216942504636712,-0.010203726536962096,0.006619466005651886
-0.0005632999644211399,-0.0004748234249184746,0.4099923115978693,-0.5211825835757833,0.003147302002345841,-0.0020300333556897456,0.0006529190013402502,-0.0006089744560583352,-0.00407080878809225
-0.009970307234136777,-0.7528935192204758,-0.0037407969934144733,0.002993026429409831,-0.02167792682677437,1.7464284171729323,0.003379700423229267,0.06690626571809602,-0.00716223972726332
0.13083004681830224,0.0990613623833233,0.7573402638783034,0.0002139640635278675,-0.01496423920694364,-0.004755912368572965,0.0069692883402476535,-0.05921839240109833,0.026455178200553986
-0.0008787611166362493,-0.6654222228014685,0.0006647500737269676,-0.00818329720781114,0.005877192874342974,0.0020639699440212125,1.2763383945849196,0.003937430311940816,-0.013963955859229216
0.37000913572648075,0.003620623403164153,0.20299018824277004,-0.11231976768741209,2.512107013593104,0.1429559379561655,-0.004423953618985095,-0.17982696545124732,0.002942274883931645
1.621697123782398,0.00148252661260698,0.01608514399951612,-0.011608526136159075,-0.0008056476153849856,0.0016277818894597008,-0.002116467769920917,-0.0475707031583978,-0.00682974881784934
-0.0007169960501619717,-0.4695674657282983,0.0008134617447683908,-1.201238440534864,-0.002752632006126345,-0.001638657428876874,0.004375053526342546,0.002562987187922753,-0.017901486602076022
-2.2067489051528577,-0.0024236118229318147,-0.0066193862434822115,1.1456646970437057,-0.6192800612168867,-0.0012018063610825759,0.0018170168022593556,0.16319814319068393,0.0035061253568061668
4.9112910302580595,-0.0018918547242956166,0.006987808975069676,-0.033342335861516526,0.00532827252796321,0.0034487529278268707,0.0025897037536457695,-0.012979196763842887,-0.012583387928529643
0.007397299528199439,0.22594074720548252,0.8066229787686039,-0.005435748205516316,0.004118375546737476,-0.4111251540388702,0.010042765893652467,-0.02197993343357632,0.015465158192603995
0.07591072313831852,0.0043657357586252945,0.013893062176676352,-0.004012412809204523,0.000619501586190039,-0.0012367155687550094,-1.1101847966910396,-3.107266882433335,-0.0010528213701792577
0.009460953375651997,0.003244912982296004,-0.0006667497881701045,0.0019820571699756106,-0.008428623409230026,-0.00843220524590304,0.0025790247094905185,-0.006300553961341791,2.426499188726968
-3.0040180819845634,-0.5478561350764348,0.08315860013975329,-0.005821494882890466,-0.0015471782860921462,-0.003214776111414011,-0.6979395533233266,-0.0027841875024953028,-0.039015672242786126
2.9252338924500925,0.014820935644210546,-0.0003625049204567382,0.003125043840155455,-8.628646038543603e-05,-0.016489944084018222,-9.900299724929437e-05,-0.02276368982645694,0.027259026476511017
-0.6863744976666462,-0.006805082081269234,-0.0016184351663645902,0.0008116153192852372,-0.0018053522679528787,0.013724013522879237,-0.036254144919337705,0.0768061111089707,-0.041984632068628125
-1.7692979061544936,-0.0013662068172266072,0.005383479446477914,-0.003776217738066722,1.2822431442524644,0.1435417282399948,-0.00406862905974322,0.004815961237950686,-0.010531892552613886
-4.323637742420504,0.0036306160610834965,0.0019468347925175877,0.0020487023415227765,-0.008855601882794523,-0.00024292696518254418,-0.0006686586230256163,0.001973845552872948,0.0059900852951954575
-0.0033794118328060695,-1.1210365824959323,-0.0030420030397282846,0.0001406656291613787,0.0016275254786728265,-0.003480996191981898,0.003889785816490191,0.019981303910008057,-0.007160059133134999
-0.328438149219093,-0.002591699776748342,-0.32233496163260345,0.0028464206805006165,0.654446065910412,3.164741048674819,-0.001997650021011963,0.6106662328466681,-0.006097217030032673
0.9926343328772438,0.028361615903691045,0.00123838903237046,0.0011878235861855265,0.00019925096627431988,-0.005783047183744753,-0.0017615015254380513,-0.028100776240075988,0.5508205014714984
-3.8289495796208723,-0.476486863203041,-0.0029705133477908874,-0.0025408215487503724,0.2104201273695446,-0.005121398939802797,0.006706097839868794,0.04037459594725036,-0.007683543482847721
-0.03340504525496432,-0.5099687288618973,-0.004230411999913225,0.004428523890889088,-0.015914242757547683,-0.0007930209535014934,1.3630286456694396,1.2721244358668966,-0.002043896181499083
1.3713193016686258,0.012102953047347584,0.027196076975722572,-0.0006294916741009394,-0.678998843553595,0.0004080830248956057,-0.0019603843955321954,-0.09205032585285196,0.0770017830232379
-0.0030527216167126206,-0.0017102694393200915,-0.17743032396113173,0.010233060041201465,-0.0008586064773162467,-0.010390103499327561,0.00018651725025899238,0.007022663809975498,-0.002976059647641088
0.016492392284656918,0.011046768854214855,0.005291766114036547,-0.0007959750591005661,0.0009676016464733178,0.029986761344821377,-0.07142412242183142,-3.66071665552354,0.004067154866229716
-0.06291341205780987,-0.010823208569523523,-0.008175792351256962,0.0040841689972988615,0.006713348835046281,0.00021094396289857427,-0.006812387110931686,0.07559177593202193,-0.014140356840181948
-0.0059168138224574545,-0.010339335751633764,-0.000753783896865079,-0.0029188070958169185,0.011189760674554718,-0.0002722031249800115,-0.03414953011149384,0.009994395150408671,-0.7346924569686637
-0.0038243803659460014,-0.8983917023066578,0.0008024800154591213,-0.0104513427586762,2.0855470228917237,-0.004122015640072917,0.006587232411684169,0.009386242551382862,-0.05915495733810927
0.0054474143441916815,0.4960226875254755,0.004532147306611334,-0.002576350568548024,0.0001301448032572372,-0.003968740033905238,2.4967114865510704,-0.018231690118036607,0.013243674646178927
0.0019205811405343257,0.4464820419564203,0.001158935554112988,0.0007376271597767351,-0.002550711495127151,-0.12060832418333028,0.02346540415634954,-0.005174896017820691,0.12006375822039206
-0.04922250928867551,-0.43580215712999404,-0.002563309134577342,0.0014657936963637676,-0.0018845756192908281,0.0036911808634495728,0.002589580633012418,0.06566551347669577,-0.017553063377183653
0.5327843551370607,2.1504026747181753,0.008859567640282118,-0.5847619571290978,0.025273953757114123,0.19008674994492938,-0.0026610006004633875,-0.16061606571112957,-0.0046970995529029835
0.005631227342880924,0.0016200624818665781,0.005079292774767163,-0.8125884736139383,0.020653685501788446,0.0016018398925097834,-0.0011784618890823152,-0.008699553540037517,0.004501003996089242
-1.2315031553939053,-0.5274724820732052,0.004526735213288016,-0.0036402774007892056,-0.00038759784405274084,-0.003777315917110822,-0.008553551492258803,0.010833366888940403,-0.059873432771796464
-0.008280566895766613,-0.0031996029093458184,-0.0992026957110102,1.8010335437026899,-0.11618876179258092,0.0028837505121901944,0.00407754012211947,0.022669177568025764,-0.011528966203728928
-1.1046831849687446,-1.636267458884526,-0.006696371101211129,0.00965298513148144,0.003996448397527094,-0.0025586868023954237,-0.07183952833845034,0.0691374363840577,0.0028238313408275317
0.006695256027018431,1.0268615657997975,0.0007570951409550941,0.000983332222644722,-0.0026755924649849976,-0.0004893372170075294,2.192257429712235,-0.019934067997546163,0.5955341655871003
0.000844996238754612,1.056677691040738,-0.0019547429723318632,0.009003500225045499,-0.026359395919341142,0.008144695443293512,-0.00023406909309980212,-1.977049540481874e-05,0.033352412309498924
0.6083303125687503,-0.0008487640329602709,0.00042814302577229985,-0.021604304104382303,1.9487723003317046,-0.003593317163244296,-0.0024616382302115264,-0.008160834041416973,-0.005401041623574583
0.009057534913193898,0.6349284835246336,0.0012077108355475936,0.00016511446279211036,0.0006548476296901196,-0.30817693018255243,0.001616170155182074,-0.04610162924082516,0.010387164632453094
-0.026931996433535287,-0.13950963643813571,-0.00379042693103954,0.0006729904083819409,0.0017589020467897057,0.001801877540049633,0.001167815771674643,0.052548713562324816,-0.033278014013219254
-4.177961603072493,-0.0021936804888160505,0.16184103331155608,-0.03263735814453722,0.038229191299409174,-0.009888645979227912,-0.018123910584420824,-0.00381679672490913,-0.04780479550605965
2.9691490251108554,0.3417005981165061,-0.0017241316278201746,0.0010881351700291254,0.13213943000320993,0.0014758642433162245,0.01033504190142976,-0.024293382349570694,0.08816453356351728
-0.009355660401963423,-0.010234701009644888,-0.0007814999872821876,-0.0008142865486198387,-0.004121915099371682,-0.24486029970697554,-0.0009268762500453285,0.021799973449567703,-2.094810856814776
-0.009885585969568162,-0.0045738723577812635,-0.00043623467993542196,-0.6889938350500375,0.1690456967203906,-0.02244624980299081,-0.004812156731333329,0.012079278274354982,-0.02938576356708469
0.008373073549849588,0.36860606519098704,0.004410660730366202,-0.0015431852308030822,0.00019763913278803176,0.005068325860383503,-0.004619311303906647,-0.023065993865418265,0.011561296234254531
0.003509820315758961,0.006841717191144292,-0.00015116651405061018,0.0015518723259167928,0.0056775852191432346,1.4580014050153678,0.05899416800810902,-0.007354496961283576,1.9177161104124982
2.729767665606191,0.0047426829898970235,-0.0025844878039380237,0.014918662489253581,-0.02706001189359432,-3.659023590912059,0.8964508122060351,-3.1394839597178095,0.8257557654172842
-0.008400465129364603,-1.5207867603174716,-0.022875687208533724,0.002927924629860774,0.006186455311760292,0.004117899630660747,0.017483590597288764,0.21924624948591467,0.008238823544218676
-4.743972751968503,-0.3930305880964835,-0.5032192938635136,-0.002015072882994684,0.013984748946920422,0.005342467308378,0.02865048067185147,0.0940645716194275,-0.004467420748698547
0.10227475726436142,0.007089019931028586,0.32546301096329283,-0.0010452420521278889,-0.728699819892279,1.1473878306537e-05,-0.04883790750915369,-0.08823850149153997,0.0050274430368162475
-1.6356404032551808,-0.0014684206983352288,-0.41971525527295794,0.014263980021507916,-0.0005142700830665405,-0.001198426073115863,-0.00762294186823536,0.7299812369942265,0.0020761346887250287
-0.0019322956752786252,0.001067655800162248,-0.5183336338980737,0.03118161723426488,0.001896708580985644,-0.002837672595137624,2.148820713786329,0.0019495346955285126,0.007782424440330225
-0.018212817017411287,-0.22605467435918938,-0.005883883215930377,0.003505898415384902,-0.0071523460988497,-0.02157932009619132,0.0016332350186308866,0.04694918770587149,-0.02227262446854976
0.02972217581980047,1.0087682503462354,0.0012361008396009274,-5.11789491325328e-05,-1.3311988835060733,-0.0018611191644043702,-0.0023551952546702407,-0.01806034183685339,0.019753744574627308
-0.004140004532676786,0.6806770346530888,-0.0015815608629728695,0.5614703270963877,-0.0850335321911094,0.016392365844144562,0.005764759435110879,0.007780741774821531,0.0625737467309413
5.762698095373275,0.19747688112121553,0.013662996935911664,-0.012083583017649977,0.01712719922345396,0.009464402343334255,0.026389617678669847,-0.08923590703394413,0.006699212214797634
-1.191209316190398,-0.03175933626010109,-0.001584983430265384,0.0002782353406392975,0.003374333939584637,-0.005951666146376272,-1.5583708894570214,0.057005347547414716,-0.016433073111830565
-0.045911260542480445,-0.0007032233229294152,-0.5985568171210742,0.01308178520495229,-0.0015243428744083874,1.1081997424846157,-0.0028604257587274695,3.4912154735656493,0.0005429168179212907
-0.011897123012464988,-0.01393722174459883,-0.2642807445302666,0.013511202446279319,-2.0274895519853073,0.004215909813189997,0.00011473811158878994,2.0467447906020357,-0.0018088793534504766
-0.00014459033053644999,-1.051137076637843,0.002329139238983688,-0.46022279988725506,0.0031938718461631435,-0.056899970755292344,0.006565592774670084,0.0011475505099483847,-0.06533245428927259
-1.9476212815702159,-0.00065625149013994,-0.6002848931802625,0.005898433478891296,0.0006091889503815322,0.1294339440147762,0.7665000673724787,0.0431961345890578,0.007529178542196202
0.9628392348587904,0.029863805034582663,0.00032481314624699387,0.0036573829919782606,-0.03047428278241525,0.005920159294981064,0.003853663942970177,-0.027841438989372788,1.0943119199955529
1.6616091950785292,0.002837016918763487,0.0035662083449428394,-0.0020881918299483575,0.0027194854812810833,-0.8098601445441611,-0.016375750648833162,-0.0339472821189766,0.0009091130590630492
-0.001898678057746005,-0.0008146293646059755,0.012478406621665076,-0.052398857467201174,-0.0038452246581276235,-0.0016009526410695068,-0.041468245300251706,0.00202648781922909,-0.01174706718472131
4.873961410426059,0.009263889886256753,-0.0013917219941112224,0.004631046866492569,-0.0012232615402163992,-0.005712227645359568,0.6522090799178134,-0.026268283637797478,0.05093806493234099
2.2406135780023586,0.6646384122699414,-0.002041238015870611,0.00313778126627044,1.1767025826688557,-0.010172311777780395,0.006369292437669292,-0.06082797118465768,0.05931904167079294
0.0063251625735561935,0.010940526167314751,0.004782106682101358,-0.0002133695748951529,-0.34089376305968583,2.512043829874905,0.0004976955183433268,-0.012974319319611132,0.017788461648986904
2.005490987278821,0.010272855107903045,-0.004306577875136691,1.4705593943912874,-0.012752081882699138,-0.005842613553958802,0.005969753943251253,-0.006976220156119683,0.07203723286525343
-2.1717497089020683,-2.3046373920128795,0.0014140975633904485,-0.00492131304109595,-0.004009656516150033,1.556834339053884,0.0077279725027715775,0.042788308826798814,-0.0389703149250038
0.000531509257309869,0.00380646532110571,-0.006735356101160599,0.017883779283623176,0.021425827999149164,-2.355193039498765,0.05851509835975292,-0.000694667424142148,1.602190960660165
1.0338885860327447,0.8211306952471396,-0.001328941991259186,0.0021073232328819615,0.0016782783111409204,0.03478933458582602,0.9899484590458382,-0.4674140362960672,0.469586281191388
-3.813847249557373,-0.0010202815741274952,-1.0687485212900683,0.019629814660332756,-0.005532640084785115,4.237213174965845,-3.884351280125653e-05,0.025707096776104166,0.006495923468190501
-0.46900392999747154,-0.022474535078154043,-0.6509543709097889,0.0004356792739405868,0.0014855561981686402,1.931841740040101,-0.00786424382159745,0.2105680365836493,-0.10440400312134479
7.18899099850501,0.006101895763960434,-0.006879557443878248,0.888493347221925,-0.012097038269585837,0.005235970724661294,0.008440705509670694,-0.0008833163120754474,0.041925565612296545
-1.679816009086145,-0.0017065975676716577,-0.5348473083720533,0.0020628857335804607,0.01684209835353922,0.5788033146977241,0.008788276539827188,0.049708587896901135,0.004629510516808044
0.7560057159656641,0.011917493481022428,0.1880059981541341,-0.0034992719088030692,0.0030461448476422045,-0.0007486505492180556,-0.8708641238345936,-0.43271061545923484,0.00994324003799546
1.0244581918634064,0.34247394616645654,-0.002439441608100834,0.0035239374812230796,0.010896892020177146,-0.003003398859474825,0.0033462430264719545,-0.044995805305055446,0.10250406590335048
0.0018820522431514824,0.0019967141810723326,0.10275520390354587,-0.0023745571647797266,0.00038847047055813957,-0.006830121562687059,-0.0065329477201604,-0.006395995919164433,0.0038678341792685537
0.004737285853620571,0.6511058048648833,-0.0007658887574492346,-0.00034615381391796957,0.018483481074357523,0.0309764596904182,1.0175901230792967,-0.007962956891241288,0.04554096366519389
-0.0004644310989407528,0.9227210812247391,-0.0012509334358687119,0.0015442968271108279,2.334170092505909,-0.006837769864703901,0.7779988443920071,0.0007706511985923234,0.03368750565348566
0.7692894736507303,0.0012765592226736066,0.008255524611049225,-0.01998416766743873,-0.0024945411281505395,-0.03392419578628036,1.86794716035061,-0.03476695280769332,-0.0004921797038503622
-5.242811923451184,-3.780728122582122e-05,0.20397381383852053,-0.7671055101565898,-1.6386557561227058,2.627871783346153,0.005397728865304673,0.023527917153473132,-0.013692844887298605
0.07994203712517312,0.005206192498715896,0.014790847557247867,-0.009144536944928085,0.0011207751194044233,-0.0028894647921217575,0.0012388032512817126,-0.15483639709281138,0.007283793274046109
-1.4051443293690382,-0.019943193640690825,0.0013066157120392996,-0.00593400980463284,-8.454654735470368e-05,-0.0027883540524794416,0.002854708867323338,0.02160850632883345,-0.0707486477057353
-0.015237996453282172,-0.5874891354613002,-0.01842692149384101,0.014478551412324483,-0.013046074753396437,-0.0034100031646918253,-0.00017966446993336084,0.5807208045747353,-0.0032366143020038374
-8.176128806858731,1.8515053689678482,1.2828140193078785,0.009070258016116134,-0.026033150777565656,0.00015896943431403625,-0.0007936082640982514,0.004705626484822312,0.03724336546567497
0.3145379076088244,0.00863804144903783,0.0035704569206916796,-3.724949236817536e-05,-0.9477042868138271,0.00018885126543878627,-0.0044367058302992,-0.03697349483419111,0.021237756236696104
-1.4129167982411728,-0.0023919538859572455,1.7464949489271249,-0.01769119965017424,-0.0019396818555038968,-0.04508995462872542,1.2722433758612397,0.06915172131568265,-0.01844766494102182
0.04198974310528933,1.9867390714223345,0.006689410824947062,-0.012469529886161774,0.012997655095132274,-0.008561672377006311,-0.0029545558564143468,-0.7727258129973973,-0.0064219936384757315
-0.02056587444199867,-0.00422442104022456,-0.019951235886772722,0.015082887702037105,-0.9034834805268379,0.6605679084324718,0.0026701914877424,2.1204879712275972,0.003056528706316064
3.2033437695089333,0.0129174035103782,0.005481519673572674,-0.002727371150369774,0.002305421510183347,-0.001557019619791296,0.004630462607856756,-0.21934992882833232,0.005488683465815547
-2.692873301152428,-0.013073461160592135,0.0030812784643705904,-0.017457078208014436,1.130775312829505,-0.005611493428822622,-0.013153647245332235,0.02750459026369539,-0.03409847585528991
1.8781716914583593,0.3215757552260949,-0.8772060848868437,0.016550235305576817,0.0011323383396225307,-0.0006925341821511278,0.00014062218474867466,-0.03024963491436837,0.10306836657236462
-0.0028123033236652634,-0.16541710121462794,0.0023324331862935987,-0.34481039610593633,0.0016444351514274729,-0.028502887042490026,0.0033722733398899177,0.005249917736584932,-1.8835589903945698
0.21848995587254194,0.6296235680284746,0.007667102093534245,-0.7796475065273164,0.18267345310383898,-0.4759811845137964,-0.55532792122671,-0.03883866181082929,0.004447360384080223
1.192680859989302,0.004295166716054065,0.004844122922087579,-0.003679899036714137,0.11117590086006653,0.6040839997630014,-0.008790431147445564,-0.262578281027304,0.003786059412799997
2.1836448882419637,0.05024604537578111,0.0040618818670636325,-0.0013825755060796298,0.0013394533245686558,5.743181191055792e-05,-0.00242534106330134,-0.06470892210729634,0.00731151060073254
0.0006268259679202814,0.634682149540581,-0.005360952052469989,0.05128146798535679,1.3145092931812508,-0.5245756397197145,0.0031757720821188554,-0.004879988903449501,1.4845379482486987
-0.016220283391381558,-1.6845620798060943,0.000917063065810575,-0.0009504242656660031,0.0059741375347851025,0.011006629867327648,-0.007383453453886912,0.008930177220307207,-0.0368037241255863
0.037547476036569265,0.008582232540535344,0.1967764624445506,-0.011819236954322902,0.0032458892182236875,-0.024757829794731435,0.004817014147854175,-1.0652657667970524,0.004585067976156945
0.002073980332018449,0.0009795329968054563,0.006804081357506469,-0.01065122447059496,0.0006009224646510215,0.0005944212507849879,-0.0007711813393931027,-0.004496716313672575,0.0006224840330502871
-0.0020436581306666948,-0.8369313852831644,0.008173907762334773,-0.009374393966647862,-0.002387544686264306,-0.006646462027019379,-1.4017552687646466,0.002598382425649611,-0.11718040587040734
0.021600736191890884,0.018860134294750388,0.0027891516683924977,-0.00010124433163701452,0.0022429884674253003,0.003436125252968615,-0.0015992699355878827,-1.467390756235091,0.015142435735450793
-4.5456385287484675,-0.002294517747256233,0.8766516679375744,-0.0006838047224726612,-0.004988036718389176,-0.07875657912925739,-0.46998714861258506,0.0036912653173111487,-0.022646673304473675
-2.881860207114444,-0.011581245240204121,-0.00563877088181125,-0.0012070452645661749,0.021247222865047235,0.0016276710280586353,0.7396268465881464,0.04113299540243606,-0.011320254748008962
-0.0012147592638357488,-0.7896482740199745,0.0030410701456801206,-0.013558661051659576,0.023286160777607662,0.0032870591738493075,-0.00828304876864466,0.0016822849332860292,-0.04625592849666693
0.006787467984602574,-0.9667334230212394,-0.0013910195663626723,-0.010697247830564562,0.3385304032032574,-0.0039640782873828365,1.0244857973178603,-0.004106302473101611,-0.02579791827348099
2.688622092475672,0.0029885843350188793,0.3410741955814136,-0.005447612004459312,-0.005025656909893112,-0.4358430469638152,0.00012776608949068013,-0.025103601822048405,0.0017812776061494895
2.9953600620856466,-5.83892444543533e-06,0.654904403616678,-0.002600783158099862,-1.0657576965730715,0.016549410738107836,-0.004817192666633066,-0.03314689282488775,-0.0020368847105389776
-0.023336614808048935,-0.03372431670246191,-0.004982400012395777,0.0031602439263052435,-0.003342584509462578,0.0006805561332238355,0.0003781691479572205,1.630532694092663,-0.0057125390945179655
-0.7203203203374753,-0.033893466335330524,0.0009012843088517242,-0.006106621624119242,-0.006130089972783028,0.030928091230639533,0.013008703796203537,0.07190446065360145,-2.3272972214731382
-0.020860105009845857,-3.172238008332754,-0.0057097189699826245,0.002626643391254404,0.00293734990908159,0.004470492275863978,1.4917783143080379,0.16886113093687793,0.003910090360413676
-0.18191943471913138,-0.9832681626734646,-0.005919729742555863,0.00890663418950807,-0.0010734311741919002,1.4511388636204865,0.0010843713610821475,3.1925071002362797,0.008633113483363708
-0.0015573723911569736,-4.429538517084269,0.0022675735521668627,-0.0018096387551079585,-0.15093119136080624,0.008353194703919226,-0.004293054137313207,0.010894492424987759,-0.021656252723425418
0.0069614058966716765,0.002740931168538918,0.004703873280129533,-0.008584783057408476,0.33637524153637227,0.00211144605005757,0.006270163441845011,-0.014680542997154435,0.00791507266033616
7.370773586255517,0.006753918811521653,-1.0072427459543807,0.0377606260763057,-0.001180621334133769,-0.009717520750345085,-2.209815142257173,0.00022565840094834755,0.059340491063824885
1.1001487934240057,0.00280245681154395,0.00703879612831583,-0.007890842438109776,0.21016629197315467,-0.012806839344055054,-0.004922068258556654,-0.09566098858827597,0.0003338106493335352
-5.6137446323452584,0.006839110508721562,0.004870469712889847,-0.005942363352610711,0.00291694395185264,0.12444199197374584,0.0030104943913574454,0.0033203471402707962,-0.00464635575583805
-1.52203363239462,-0.05972531070466132,0.00022688769559796318,-0.005420651305090262,0.03687735988916739,-0.00015498128665270895,-0.007895130059330444,0.028637442934549808,-0.27580579995266774
-0.004952530414961208,-0.004283580785299595,-0.6154177169074829,0.008462158826214934,-0.2623564036508985,-2.0771820012866495,0.0008100794917866327,0.013286597988056495,-0.00445330941264778
-0.9636419144657893,-0.00037730591584531417,-1.0697769273879145,0.02177365489601918,1.0981638330404146,0.16255438430276828,-0.0016269179537010889,0.017819353636212287,0.002561035043726234
0.0029746115433708573,-5.18206885498949,0.00857785360826191,-0.011194288946602432,-0.0035419933097123255,-0.004344543840934849,-1.4406267389407539,-0.0064595881402969985,-0.1789054160862129
-0.005666362170764897,-0.6514742789366478,-0.0020030269369913263,0.0003817306246496842,0.014257510438350957,-6.307722527751454e-05,-0.0003358217627561239,0.011314762432804316,-0.006511830566922477
0.025780009668615933,0.0020540167781830654,1.0380401256259502,-3.841176755663083,-0.025667382500132507,-0.0030800666975006187,0.28507663831064756,-0.028730591168850683,0.016797699459301846
-0.0050978628454646955,-2.1667711895078927,-0.007738817977761464,0.008623404484096419,-1.5268634425172811,9.918390353014553e-05,0.007342801261580462,0.04465249648399931,0.02583943316381343
-0.00020035256653835382,-0.0007134062492952174,-0.0012542210783538493,-0.0012475847806748266,0.0057140153405622444,-0.0008201884026422919,-0.0030755023222550325,0.0011243564991017833,-0.004256062601487937
2.300733247934447,0.007744129008869357,0.04686229543482501,-0.45427791130586526,1.7363269362969247,0.022553573091437594,0.0008141484342431126,-0.15498966750913065,0.002975230073290036
-0.002971091520440854,-0.0035073584092390614,0.001485743643138946,-0.029089498912121856,1.195471655485168,-0.004876766928557093,-0.0017451044999242506,0.004087597664100533,-1.332306082891902
0.043614536371556045,1.533348281791405,0.0248651096627463,-0.015942090569639553,-0.0014083074093779492,0.003416132901582264,0.00041424287545629643,-1.3719543588376328,-0.00805815912300012
-2.1519022542182666,-0.07772396901466463,0.0004024014149373381,0.000128384817561151,-0.017053257587169336,-0.0005038475174033111,-0.43248681985827875,0.050671097274214316,-0.01896801636326534
-0.16983294789677564,-0.2358396895192397,-0.004103628111669588,0.00028852210785389925,0.0046795618482681454,-0.005185895273235424,0.34790121998057866,6.148073561231978,-0.00991894927857584
-0.0584259695727115,-0.9257790286566322,0.002575886864261176,-0.003488258898638342,4.322047919684085,-0.008029714940076363,-0.01410706016608912,0.017343746977578896,-0.1083804373918551
0.0013589627608163197,0.0011675206670213652,-0.00013182209365471785,0.8281350507824624,-0.03593109868373929,-1.3499123344976518,0.0417472521933631,-0.0022948837091264353,0.012092614015977122
-0.6516389821912327,-0.0014876099486461362,4.9106548442576226e-05,2.447851689980902,0.003688940847692567,-1.0776427401475013,-0.010972222697758945,0.014711583431631505,-0.012885608260761128
-0.002204846604453479,-0.000556348871511629,-0.004030841139340017,0.25974518689944764,-0.09097145536802066,0.009181656522915678,0.0032732665555949055,0.004187845096302359,0.0007436826342666237
0.130193046130909,0.2616465552951053,0.010633698456871399,0.00044247212048988734,-1.487760265902617,1.7718499316652432,-1.0267924878870915,-5.193831282522507,0.014751574198825779
-0.012527537930677672,-0.007506238002679404,0.6880081995634353,-0.003682768988216664,-1.6272687632585892,0.00473165445355614,-0.1508343685965643,0.034263371993500324,-4.0685742648994365
0.004723883784969999,0.9003660768969979,-0.002622205896740386,0.0023697661768194954,0.013931215763325008,-0.003131918648518843,9.871639830066892e-05,-0.00796553062634631,0.021152166605641842
0.008044329165635983,0.08346522275774028,0.0010686928464623139,-0.0007651049756696374,0.0022158217170735245,-0.00010636848237078288,0.026597940583377954,-0.010537799189360025,0.5663011873460376
0.0038720037669695137,0.0014095751754889295,0.010347192565683293,-0.011966409994282608,0.0007979722715300498,0.00014946504393511801,-0.002338164496379083,-0.007441191007464815,0.0026490825942941977
3.8339505855384237,0.5952888683089081,-0.047175886385938615,0.00807157024548437,0.006652076770982531,-0.004231414370031161,0.020453569760284757,-0.004717917502577912,0.04210881490762741
0.0006045497337199461,0.6257513188712733,-0.0036953884493468106,0.00661932676910862,-0.0017716643426988875,0.9670926439575744,0.5897241738906497,-0.0002527946975725303,0.029983615804722197
-0.007425305161506426,-0.002046972275222811,-0.5307073174563544,1.658010687370607,-0.001382584547501134,0.005085864471197943,-0.0005718317188411594,0.01863768932212223,-0.002943971032844772
-0.00934622360104593,-0.47798999139293086,-0.001859995230348438,0.0004027933998457501,1.191813003233623,0.00367424210265542,-0.27600474132767827,0.02124381823276359,-0.03068774938218949
-2.3416219056417824,0.010006185071944599,-0.003776971805554849,0.4053493177719555,0.008729739652365308,0.2100322160924043,-0.0017490987865938137,0.00583930177886523,0.021357962638722583
0.13401788486870936,0.003034433468338984,0.05049017111050591,-1.3376712800025445,-0.015395102254555608,0.001579952493637682,0.03181908206657775,-0.42629875477452167,0.011487581374978205
-0.01330979810293976,-1.037021468855176,0.00022079644205951626,-0.0014949607421209554,0.0037707358797363635,0.003483461390872642,-0.0022194871025894656,0.023507056296984533,-0.02293002847866954
-0.0004568229397200864,-0.7537321539057014,0.005499606454880769,-0.025647024410378146,-0.00407742155733789,-0.057460208005701424,1.257780943597486,0.0005268216001396032,-0.11630788459563401
-0.5607023977237668,-0.0016519092309493569,-2.041298727963704,0.021466321212162853,0.12170116009314132,-0.0002849884098470156,-0.00018866310772575057,0.0206315112707941,0.009196745741596235
0.2904463534538534,0.0067637436309246485,0.47995489706194827,-0.006788210366446744,-0.00048380541537220833,-0.002439706225931911,-0.006030099577844387,-0.030212772742464034,0.007407298930828574
4.386442308793022,1.0098017909164283,0.625132275988225,-0.0034781163944142546,-0.0068656096323128635,0.7270762886076763,0.0060425845868687655,-0.032061765461054326,0.020364016138298524
1.433503416418827,0.0028681777843983436,0.003558301254868071,-0.0055491527748613954,1.1511657374411886,0.00249583518167234,-0.0021972348465564575,-0.03027251800182293,0.002124784854963341
-2.10552914098752,-0.002620009218641006,0.003239947423898895,-0.00046434798020421363,-1.2707623147064,0.004924208702483948,-1.5082789549097593,0.012898366888995346,-0.006675693502336322
-5.516935162179158,-1.2703830793512116,0.002865546474906777,-0.03236160196419367,0.004209798958338243,0.875406568190474,-0.00108801167327046,0.02819900107631374,-0.03737744802832488
-0.007730582650141328,-0.2193846443692715,0.0011038377979507288,-0.010217910834327248,0.001457137342710704,-2.1712613275392063,-0.7446820707727896,0.02048911352338176,-0.06968728263642143
0.011527997630161846,0.010324488342205076,0.00487343824253475,-0.002959008366753839,0.0022386730026880027,-0.0017497970846325755,-0.04225317015429215,-3.7922846093021176,-0.00986866563521871
0.13898604807761397,2.5217605045501106,0.0021375665366592245,-0.005359559900174459,0.0007126928278429825,-0.2771288756375467,0.05131509018095812,-0.07867423869234973,0.001871270358167143
0.00839032581989532,0.01768761990075087,0.005081876260226593,-0.0006000470838538915,-0.018356073111165286,-1.1055046831248379,0.0914713658838237,-0.016427569364139374,0.09361921988750535
-0.0017680299669011704,-7.746286166484395e-05,-0.005823368792707826,0.19759435793444505,-0.004418521233243504,0.017937252529914502,0.02997980279463013,0.0031523590078356926,0.0031115343561867407
-3.1674330440306426,-0.484424052610984,0.002247829150543973,-0.004399327609655732,-0.00771061199370213,-0.7128601072310304,0.002813532547225179,0.02041647720123854,-0.0295011252638
-0.01912071268508421,-1.7073031380588513,-0.010801597637221494,0.014623754391962918,-0.0049325140320923,-0.0021118485441436463,0.0004739165326042849,0.10877289760168464,0.003066640392380582
-1.4744089606044408,-0.0031914548185583026,-1.0155407136477868,0.012661503004708918,-0.003469479126792588,1.0889838396993519,-0.003950009826076115,0.03725713479017628,-0.0055168602211570494
0.0005659994392918088,0.07612307341467861,-0.00045275836857046597,0.00968951621819702,-0.001164250182597202,0.0009206852213222588,0.008429751725880827,-0.00293365266716359,2.5373956763521135
1.43718679008696,0.0162257023675753,0.6518549393078938,0.001794800578269154,-2.4333544063625183,-0.0007115079010367436,-1.5013205540414365,-0.11901013412105343,0.014863380507985358
-1.1990117848382156,-0.6929504341832705,-0.0053564927662410056,0.028263040999837622,-0.35879972011048844,2.7708500086730656,-0.2929891452283791,0.4307163025160776,-0.00031715605408544345
-0.01867713493114894,-0.018298501333274125,0.0019614019207709332,-0.0044814675998240145,-0.007182396207599282,-0.015260871318020225,0.004161986849755192,4.942731097253046,-0.03051280048366789
0.022762861519356626,0.2860967439310607,0.0017368782416353097,-0.0012809317074009112,-0.00033072690986569607,3.3728499663096287,0.15966626818200091,-0.08358641331038107,0.17188928757871813
-0.6344140331497214,-0.017678152983567907,-0.004446520274453834,0.006329648019756896,-0.3899469400827581,-0.049579059950921225,0.0343808616092792,0.04844341627875827,-0.0026072719335941477
3.526926202173236,0.014207914541248041,-0.003324729135036633,0.008759800479278879,0.003173276308816343,0.005206011527836064,0.008811288653174702,-0.05204442615245192,0.036664686295871385
-3.758895623641279,0.014901925823596623,-0.004484346124850103,0.6648432659016101,0.00035788849668949574,-0.0029876478285830936,1.5017061888956196,0.005914053645061366,0.02931284001360246
-4.928982132789918,-0.0010256149746638871,-0.27999858721937887,0.019859620800629918,0.0007189903532029071,-0.0046314443680056105,-0.0029998507101245825,0.02678670657377341,0.006871036245606699
-0.02304638825354774,-1.965947520895226,-0.0017225030490069793,0.002612652597497475,-2.343980962351835,-0.008051506367436175,0.007285097297602884,3.7109108884324074,-0.003825142305296625
-0.13327399868087372,-0.005731449526628105,-0.005025303276777681,0.0036168125842367177,-2.374371787403075,1.152965727294821,0.005640365274947094,0.06140211268866805,-0.010605153227145525
-0.3326257756988893,-0.002204886127606942,-1.2172138233906153,0.018170538576523676,0.2815600934165784,0.32807397656180004,-0.012767601870542857,0.026153881896099018,-0.0006862143252013564
0.03332340899536603,0.06087836089284644,0.0023071581061785418,0.0038162297266544055,-0.01294703327208368,-3.0814253931382116,-1.695951254827608,-4.144964536087833,0.01963092351449075
-0.16560067632719128,-0.4959178966334065,-0.011818318864952604,0.006489419967715968,-0.0028623209981544807,1.864805013191059,-0.0008197552911508345,3.14835077271121,-0.011553931435308029
-3.982528574712801,-0.054893499467183346,0.01266887185763571,-1.0666022013315446,-0.005160962260228682,1.40837612461092,-0.006623713175529091,0.016947936777002993,-0.10171365708260272
-0.002171324142233045,-0.9401923867444402,-0.0026249189645979956,0.0005988234459941104,-0.01184390026023832,-0.33774061920481174,-0.0018328246577008524,0.01743273267174695,-0.08729762624222692
-0.024756036074785215,-0.006026936642186214,-0.6998311826062844,0.016763908744898526,-0.7228900031333515,2.232078161618868,-0.0027342119456475085,0.7643154571881601,-0.005567700364563027
0.1267305086374043,0.0031012737193028637,0.022606806967986143,-0.1827691172623544,0.01080071401152584,-0.010719580913884513,-0.00018648158138698202,-1.407559882405751,-0.002181946952434108
-0.0004767398896475977,1.975798027236813,-0.013278987877356263,1.452824794174762,0.0030694382836717483,-0.004209192553230684,0.006267447021642614,0.004125300516944914,0.0400886467014927
-0.002766754254101899,-0.18080927623761586,-0.004275871234310204,-0.000282456778465411,-0.0008184566111550814,0.0008266787405964523,-1.7233379474989219,0.010099324718352964,-0.06938740105696348
1.4989326974008086,3.391028171533408,0.0010086692718863088,-0.0038690704669461697,0.40705306097462124,-0.003982369815488216,-0.0029918633530225808,-0.09939236884471539,-0.010694274175322871
1.9289370893179987,1.6798717072232616,-7.823928274336422e-05,0.0016489575636224742,0.002140252686027442,-0.0034028566001706425,-0.005136647494058996,-0.04777391269607402,0.01387810379669574
0.0023340464916802176,0.0012148286088853807,0.025612871265821197,-0.12242548674675822,-0.002937182107782757,-0.026020066505371114,0.018284501876307816,-0.004645046253864001,0.002669105977441805
0.002682911482612975,1.7605979073726163,0.0005246221736822654,-0.00369599867889056,0.0036800947299713595,-1.8784107507140786,0.0017438031135239736,-0.0015429347905767112,-0.015641372754136906
-0.008003935357525534,-0.004334472568170329,0.002117958665216995,-0.0037307707985322833,0.002213822040306503,-0.0033228785265103935,-2.5325402798752186,0.0074534858041764435,-3.0488077679938175
-2.220250854741864,-0.023589973695396126,0.004454537120349836,-0.02457962936452082,0.1544159816123385,-0.0010304181906181035,-0.23303703902161224,0.015255995761150063,-0.21855263323607232
1.7596822792639728,1.8040769070186613,-0.008930693944271928,0.13449405114050422,-0.0032062118129802288,-0.0008614174910423004,0.0002795383400405714,-0.026311228941902548,0.048160386104048936
0.001798785528229103,0.0013223206191155911,0.012568483315097993,-0.004555185653114284,-0.011445016530319652,0.00010554204552933887,-0.028497375650074763,-0.0037681476223780748,0.0003683243995396742
0.006615166245480215,1.1479113303006847,0.6869984569790031,-0.009250351709787719,-0.0008417723939139615,0.0006248135072283827,0.47352537263035943,-3.844692206654692,0.005659042784451396
2.547954448235171,0.00156399161501127,0.001730172135560315,-0.004295984006419352,0.00657956879504319,-0.001197669896271718,0.00404794780236987,-0.017435200215347023,6.249674876174227e-05
-0.0029912155708855257,0.47371924526188536,0.005627947415996877,0.000923845020206479,-0.04265594117509127,2.790332565439934e-05,0.0018702921537765123,0.0009251960450376243,0.01869918312760227
0.22541656837595436,0.0074620588905264795,0.003015825487547308,-2.8522664332365935,0.009576943709366313,3.3056854601746437,1.2493350431346575,-2.7802749849099335,2.8459950248630363
-0.5886686679483257,-0.003646554968104072,-0.009723701899674156,0.004115570424741867,0.0017891854413385874,0.06341070833089807,0.05524250880292608,0.03485638236486532,-0.0026968104221605366
0.032687243270574616,0.004772897027034989,0.005427793203150261,-0.0037660765054483903,0.01025138967746838,-0.0030849520212689907,-0.022653863492892383,-3.8015505127133067,-0.002590206913590687
-0.004005960575819409,-0.0019266862405037024,-0.4098604157272393,0.025004285138775867,-0.005033739734292871,-0.0024337141794260626,-0.0015277875210483473,0.008733114975342342,4.8105887577570144e-05
-0.005035104482016992,-0.0014588738787798439,-0.0063381201268449885,0.005854315166518025,-0.002873562990673391,2.0010419781204947,0.5239489095266893,0.008913731711466923,-0.0009072213900542751
-0.0067078138422829725,-0.0043478629159037115,-0.32360764792399677,0.0065497751706912015,-0.00473830537924069,2.3981372410020723,-0.22957896882425863,0.024775094112318846,-0.008311291618596311
1.0894359235242344,0.002714662854599304,0.023127009188745856,-0.38712409264221337,-6.630188589124876e-06,0.0073507974895794335,-0.002802044513436367,-0.06805056551119468,-0.006150892400868205
2.6843209750655705,0.003942187662090731,-0.0047039255296097565,0.003007674528467757,0.0005034518626963174,-0.00037249645116112326,0.7436950163495222,-0.0093864749439767,0.021542738848010945
0.08611368028085199,0.0056118888594367715,0.10603033755176361,-1.104466023577111,0.003313726377822176,0.15972888903611826,-0.6813757363724942,-1.247431329073232,0.0037101830938421343
7.018419821968805,0.7335191477505716,0.006579309453483673,-3.4330968308581705e-05,-0.010106803109814148,-0.0010403773795832946,0.0009686227564136979,-1.4045756450620055,0.0369482928840541
-1.180276289580525,-0.005049319538875509,0.011731438410157835,-0.6204856416899106,-0.0006664445193761556,0.0031057772112530915,0.004157969547950998,0.013322397702756866,-0.01692170471644036
0.009331374097418521,0.2888827048547789,0.0038609619490124376,0.0003631173783895834,-0.4152427442029052,0.03800424685142389,0.0021682482543613174,-0.023705567804220284,0.06466226015685853
2.834901286138049,0.0027132126307761427,-0.618069988084649,0.02727083789360124,-0.009909181065044233,0.0021635241271907423,0.0037332326223070353,-0.005966975888258869,0.07308291513896259
0.002023745167510408,0.0006106544968436177,0.018247188570362123,-0.008232835671905414,-0.04804499615764171,-0.0008714543130675394,-1.1442622732622731,-0.0037921394723877027,-0.0014274573602978723
-0.004921798892283403,-0.5418822781263094,-0.011680982329233147,0.003683141081617451,-0.0012887341449859362,0.17651729437974958,-0.013991421531621745,0.03722169721875104,-0.013428963013567108
0.9128163415815651,1.234376840808597,0.5583942378125135,-0.008059833182995413,-0.05821986979058601,0.6277397148121144,0.01090148400946217,-0.02989335441699542,0.004507636400538861
-0.011259994906215813,-0.0073832547924252865,-0.023317139484441238,1.8494466167350203,-0.03754478175753086,-0.00489538761818923,0.0031393531388642535,0.056010320943149575,-0.009506180922522147
-0.043517155663887655,-0.0782937514067678,-0.015671612699474702,0.004322068803311059,-0.001676039439898478,-2.9457116964459993,0.00841621041481371,0.26658715065717875,-0.012833121428949629
-0.9544031297053229,-1.070503860940533,0.0035657208758552578,-0.003985037343465344,0.001698594802603674,-0.003326860014498862,-0.01814630135290341,0.024239232140159342,-0.04070720457212884
0.020131422150126137,0.8926974020849489,-0.0007279284764864849,0.004456545379647483,-0.1725484087446999,-0.002192204803574695,0.009679330133469156,-0.04166126506664333,0.055344068251354184
-1.225399454104431,-1.1740171525101057,-0.14889478883987284,0.024475641899340095,-0.006583051450111434,0.008820798496620739,0.00534322143963728,3.645642494566683,0.007905816090192808
-0.8252510454613071,-0.035373074375537134,0.0022571301122342596,-0.001873358426016979,-0.0030087513005523387,0.0042744704751203145,-0.013595488521361743,0.013686848937016945,-1.1620344221475394
0.013807194296448597,0.07257791150830584,0.0056676427559329695,-0.0054803588267899675,0.006163423881822262,0.47099826308564163,0.0026450124616054817,-0.7696714731264915,4.542159612925584
-0.0037141311277105304,-0.4163247966059669,0.0014146435518098237,-0.002679196999026155,-0.5214109586798538,-0.0014436072285121753,-0.00146383624799674,0.0073650670272799095,-0.059696424871131526
-0.002060746220831784,-0.001740276130299286,-0.24336278178191997,0.0027562807823613648,-0.00015591620453812353,-0.0005293162439999388,0.32151057184681703,0.006912439958734747,-5.250295221775024e-05
3.378960755814227,0.0039215513997512864,0.1416460824646104,-1.191640076796633,-0.005817823128508072,-0.00013886722888329105,1.1246820602760417,-0.03761493846348976,0.006326365051310789
3.8625238050527746,0.002038349944277096,0.00012837743297709758,-0.00048163632203282567,0.02645324928397065,-8.12482428945496e-05,-1.4473405935197952,-0.028824231117754517,-0.0015711581146344855
-0.0015498324574874799,-0.0011403906716196586,0.0013397514136188303,-1.0230437532047567,0.0006021711125097431,-0.003952464041192225,-0.0028551767430638796,0.002343617052749315,-0.005709369059744389
2.2798857638831813,0.2554746579627256,0.0024951651943832948,-1.943840564740118e-06,-0.0007021655717113079,-0.0015261007913835373,-0.0030577730770656314,-0.04929853061534814,0.010412917003152167
0.6794470232041531,0.007224420704372042,0.020605894669564737,-0.007685051731224343,-0.0033693967040361837,-0.001924719052782413,0.05105639887846032,-0.09437860182259616,0.009223636434890103
0.36449024385537704,0.0033645837975799725,0.19977151630164514,-0.09637923988244959,0.004322744199152285,0.0014095325949315396,-0.00060775898610743,-0.2629884230444626,0.001407618003270654
-0.0036642660704854883,-0.2031912691121977,-0.25623218699206723,0.0019116518635151312,-0.5001360085629395,1.6002250888584237,0.0033222973452064243,0.02260242512326937,-0.012356196058765298
0.05217831541640951,0.0024693386469123047,0.025400845016389187,-0.43759957447115716,2.1754083800277106,-0.13519943530445783,-0.00034707168236385207,-0.2465137817466289,0.004635252789333036
-0.002109482615770265,-1.1356037595397694,0.010612731413883497,-0.09808621753396246,0.004105664538734101,-0.40040274943402715,-0.001239763938092033,0.0012274369725214108,-0.7208091684162579
1.7747730222110556,0.06348171040288596,-0.00045458413866582975,0.37984974061481236,-1.5776789053316085,0.6851400563640403,-2.695961252513203,-0.042420631650753035,0.2676939856395997
2.5474625918057128,-0.00022332184551684194,0.006289415730996506,-0.048686222984259925,0.007677673930521302,-0.006488330827897568,0.012592774700411213,-0.01877904060734472,-0.0015420708223000679
0.0134534357770552,0.23879836928072173,0.001487123552562808,0.001843276388450523,0.0025111429853201437,-0.10498477778702926,-0.003556362947785724,-0.042730723073170516,0.041814321387994985
0.0016509812542638558,0.002002895740280803,-1.2181289652664364,0.018265205842695892,0.006398418323390108,-0.011415179223850212,1.3027426413425605,-0.005409080037887898,0.01039497931607642
-0.01815416789634685,-0.0024179885941746342,-0.010764690057623885,0.012095262796489946,-0.029654358783765822,0.003146268679610964,0.002128153179976074,1.4293484672558043,0.004738575322755956
-0.0023492776648488395,-0.4424551700383704,0.0009698063505766165,-0.0027596507940346204,-0.005609408477264398,0.005310305982989233,-0.8001850224268784,0.006650919702510562,-0.06707850821570266
-0.012739416124681664,-0.6082085645563254,-0.00644902090508824,0.0009264609061987389,0.027463555065585732,-0.08721756968460624,0.0032269548469121,0.03545982788569858,-0.016367315727881304
-0.0027217332153409313,-0.0004718917128909159,-0.19556613536658424,0.871053832314001,0.6318402230327818,0.002656228268805197,0.03737278263069915,0.004900306538149657,0.006861856398853387
-3.989072307676849,-0.7346260263157527,-0.0005004441366240342,-0.0025758207615799895,-0.0015862600991890553,0.46934493951917045,2.3452750516613197,0.031630061872256726,-0.017246869843160262
-2.0995834297246585,-0.004526545614026421,-0.7446486827854297,0.028493768021337518,-0.004624244340433084,1.1975936874960629,-0.004918288167145485,0.03859064404120849,-0.0025395623091563624
0.002108689441329798,1.6435589143083806,0.0004436517366055853,0.0014601996050441044,0.004027370131073557,-2.7461221174221495,-0.005268234459426388,-0.01793087393083402,0.00731070617790841
-0.41788814207850183,-0.06437684436479366,-0.0015586272446865158,-0.0013378451854979575,0.004752876869290003,-0.009888897490464402,-0.0011993164953399136,0.0535226311270899,-0.15580226366489075
-1.9095343214779303,-0.004305317719020183,0.0021329448116239186,-0.0029493568102073246,-0.0015023822380749114,0.0017863065461956964,-0.0005875391284598953,0.025915177885318105,-0.008084239371177193
0.346187897430868,3.7053138755005666,0.006965986539585467,-0.5098481905084182,0.013361974214050165,-0.0009981493998189668,0.005148213627360912,-0.7615948372366468,-0.005132668118922545
-4.7387750506266055,-0.002890050970962968,-0.5684903130757579,0.01737964011948545,-0.0007020331319857291,0.06484101515733132,-0.011757115261707946,0.021550939366876465,0.0014723935773666152
1.497879351771965,-0.003493433418727602,0.02232779573956889,-3.6071253078393366,-1.0366617961884752,-0.004703452444713298,-0.007222596660174257,-0.11009698119210866,-0.006015031797712844
-2.2406751529176834,-0.0030370947362628117,-0.8334503833684508,0.5894855326243817,0.00040702611399397876,-0.004705389072823119,-0.002360438164821725,0.02084318248409156,0.0007005517271276296
-0.18826751746891163,-0.0035756712354841173,-0.0018844678618174238,1.3727258800171867,-0.015360998830332054,0.7130853299786462,-0.020801304072472496,2.3798077661531782,-0.011688102744833562
0.0228657310905393,1.9639820074552883,0.001441570066054415,-0.0014532266904669657,0.00028032865207027954,0.0390771814513364,-0.002793650895989982,-0.04057536736106616,0.004677271758275814
-0.007702582955049905,-0.870218806462294,-0.00048389561434037526,0.0010612998600668542,-0.0024163441949723325,0.031051788787250834,-0.09343625406325061,0.015586328799216256,-0.029033509644712185
3.39626056611057,0.9421426920429997,1.061414594311918,3.4190283610291416e-05,-0.003391418751064197,0.013147906630974406,-0.11462762478330224,-0.020185762168422605,0.002814771021618423
0.0043709086169400274,0.7173683369389732,-0.0030878366676406477,0.008943074758941419,-2.969939133612449,-0.6789728385063852,0.01685771576920783,-0.008037999959409261,2.6205553589185406
0.013308882003635798,0.06179585643000388,0.01056651584070126,-0.00107483428267459,0.0005687993370433108,0.0004340352199297597,-0.000322851319642479,-0.2960484332937582,0.031559412711123794
0.5641577790675132,0.005203560714672822,0.003087736258030117,-0.00422476251734098,1.827722590256143,-0.6954900296831553,-0.005846340955534896,-0.03014853889019149,0.0035604445702401705
0.06129695311026365,0.014555700812162307,0.0011916486138567979,0.00021257933498453757,0.011942213627147166,-0.0022309911611895217,-0.010108645159131121,-0.059028791707579464,1.924479207102789
-0.004221200628250002,-1.431236743846962,-0.5238229291470784,0.018654502603757506,-0.0013250222371600853,0.001721994098532402,-0.06290525338975111,0.03980111815450116,0.004446320201501153
1.4376376017287105,1.0995582080899449,2.214690155774579e-05,0.0027082413618977176,-0.002393490130414868,-2.1561167747330696,-2.1785364710281985,-0.02479028233161022,0.024247294871014846
-5.725732769597829,0.9693740607559552,1.3541284726346567,-0.01240883330545875,0.021798662699896054,-0.01279132889081604,4.3372202811347425,0.0029895647288705335,-0.005679671871534536
0.008597053519700294,0.0032127382725753066,0.01910473573263728,-0.19329397795916967,3.294356530115303,0.8205935458779117,0.000835890069371169,-0.01568591645494963,0.007108313405700316
-0.05268647809189611,-2.249310289804739,0.1785332117557581,-0.006276693823255422,-0.7195494950816168,-0.0013955978518976342,0.00303965428897595,0.018863092467038378,-0.02297755364241616
-0.01604099620513734,-1.0461210172485302,-0.004585561748458172,-0.0008566277562939699,0.051373252591226645,-1.017381555121707,0.010048740766443,0.11534892647590289,-0.01847723719740202
-0.02737926451179945,-2.594219305749369,-0.2461210916316796,0.37603207652419535,-0.0012305792945676158,-0.6017648860332777,0.0007190488656125121,0.4946741016269476,0.01560251861374895
-7.841859756953415,-0.462415397718269,0.7883661758241427,-0.004331279988550318,-0.004960464040287049,-0.0004735982662252454,-0.02926451247102102,-0.0002081179247621634,-0.07144657509869123
1.5940786001706604,0.011367742350787623,-0.0003963427098451558,0.008006591412293481,-0.0012451364265450762,0.0024675521233847655,-4.59644370774284,-0.08180122084462481,0.0340264109129825
-0.24664715399285853,-1.388585645185486,-0.005543934857527383,0.008591895452981477,-0.006788835725903837,-0.07720088263431703,0.0061463281390843685,2.4621099154438584,0.004246842792878902
0.03799463452938019,0.007450465072923393,0.0018664474331705973,-0.0004758588871798974,-0.0071813992561485015,0.0014815443619551859,0.001687899506854055,-0.032225508198302596,2.0470871444743954
0.010886762688497725,0.015346614656599492,1.0038720621019808,-0.003397905164091844,0.0025137268768490894,0.0017823546257548237,0.11262186711293515,-0.02577196711825641,0.012660173963491159
-1.4825210584904362,-0.0011855998951329468,-0.0076190071008145205,0.44191965272731554,-0.015606909723997947,-0.0037431887513580515,0.00159009953238068,0.06041468279295421,0.004474089804681142
0.014031424183796923,0.4208040033020172,0.002381677735451594,-0.0009689313237902972,-0.00629796186502183,0.19297475839280107,-0.0008100298397258916,-0.017511969575518843,0.017295462891408292
0.0012362032573687537,0.0007772249157019258,0.0003049800787074847,-1.9545017085862395e-05,0.0026208082895383625,-0.005470827956538029,0.009916578938368207,-0.0022392958417514403,0.004676767593906473
0.03538161351947165,1.3561887197345912,0.0028351653984088204,-0.0020618592745708184,-0.8775657758480621,-1.839975515855432,0.6388851465704051,-0.052075370446697924,0.015444584000295136
2.5846348540215835,-0.0021275711111545317,-0.08838754053678033,0.004819468767780317,-0.002711046091575113,0.49280146987208473,-0.011940823235922823,0.010500985713610335,0.0011957586029169853
0.0022667752058724362,0.0013464621315981435,0.000786751630232535,2.5799768265415497,0.0002612299785182369,0.001965486705032233,0.0031446127011037685,-0.003631638643241213,0.0060459892727937475
0.252619069174933,0.007424388387052521,0.3317164951161482,-0.005277215111027106,-0.000163657506279025,-0.0014309616100514014,0.0019381426552851945,-1.8494469376266327,0.010031277526851956
-0.004777153590942494,-0.9432925196302817,0.0037504501535797416,-1.2555365465070871,0.2766958986239703,0.0016691863478459057,-0.003997612715745544,0.0036403083046790134,-0.06070722805311779
-1.335162065225411,-0.009456255232460846,0.0003222095218609611,0.0004436557993496948,-0.019223962233640618,0.004345611907062738,-0.004872370397966778,0.0325592405402052,-0.013224814863365325
-2.6613388871082324,-0.010192334422441262,0.37243376956580465,-0.017977923337507848,-0.13543159494165022,0.0001957963111891151,0.0023606641214629527,0.031071495827589724,-0.03960168068077763
3.762559127495318,1.781273093062296,-0.004642822398819413,0.011629369187105885,0.003685515378653789,0.004887095219664681,-1.1707825689303177,-0.00943526311699196,0.029240284907410263
0.014117685825536679,0.012721696843961877,1.5067979748957718,-0.21662756698152652,0.20043940359518142,0.03681282513830248,0.0015569510454121194,-1.9203211334072385,-0.003156567128193899
0.02004138356785694,0.26871062814299984,0.0029487591357321777,-0.00034646736648979493,-0.0031001695701281416,-0.014094902511978938,0.003126396607989456,-0.05429126169634691,0.033478345537467286
1.9554848014461133,0.028563094183297902,-0.0007415950255010989,0.00067424879826779,0.3735621954225932,0.022880181815637748,0.006042157987839783,-0.04977139542619008,0.022203527433801162
-0.012207470501223873,-0.0008541158626456675,-0.4598849840364989,0.09671776699052695,0.005107026092932577,-0.4047465016050519,0.0006397273617367889,0.009781865169640747,0.00013227528442970315
-0.008591329469836618,-0.008121489664651902,-0.005086707783106673,-6.255365521560667e-05,0.001889356192304999,-1.0970840701995974,0.20527236156181194,0.02056472986361734,-0.016322108058967884
-0.006269708884204064,0.9233902676898629,-0.004111310750525732,0.8374356731643828,0.0015482846709707052,0.0003648122192666249,0.01754464710691162,0.007956169403701346,0.09573746058281118
-0.004636066945785382,-0.12926928587248956,-5.652161654456922e-05,-0.004793977929737679,-0.004191565607910853,0.00023717761630850345,-2.3905675870574967,0.011348492489078418,-0.4998552135162886
-0.0180513152971165,-0.37265196486294316,-0.0006738620493006477,0.0009375101471230038,-2.2956642613076506,0.00517125543269619,-0.3040248663023264,0.03573589824836723,-0.046450523863308835
0.017994527635874304,2.4159067521041013,0.0022999914058244864,-0.004593400135680605,1.0931598858746976,0.0024923790503126797,0.0034584939781156857,-0.3840061476181908,0.0011391983093709257
1.1691976435202176,0.0024673114267555933,0.2546543848614653,-0.026526917840843475,0.0030386993479196,0.9168396040911246,0.00039267874494077273,-0.12288660560276699,-0.0008515008530661783
0.0012961927990553317,-0.8586347382586237,0.0007117790264447449,-0.005127740769296223,0.0031412648436292354,-0.003319407843330034,-0.00856911507114176,0.0013598609869206022,-0.04234358153205631
-0.0007321393029663809,-0.48300875658858977,-0.2436780219909791,0.001811262712991056,0.015656454712156532,-0.7979440247197308,-0.00014495146049139755,0.005188737673393576,-0.004145398263845995
0.005281898374858764,0.0018094645212572945,0.1271246575953333,-0.0071074987644233895,-0.0020761905149157944,0.004340258958981272,0.0027916711201212835,-4.5703982082291255,-0.001916846898871949
-2.8456997213291153,0.004435594152905009,-1.6140059935868827,2.1451985479503506,-0.008093996009250759,-0.002190529834019406,2.747753217247684,0.24664556373501334,0.005871867527059704
1.7143419597534366,-0.0023347552264869733,-0.007348452603481798,0.001235752716166229,-1.242493003752044,-0.022178144206782404,0.001249794703270933,-0.0008314357309771943,0.00019066208200849144
-0.032139589542240075,-0.004167485683975528,-0.012153296936866093,1.1065210021920429,-0.3456457019296887,-2.348067445367617,2.530342633422882,1.3589019863236014,-0.004320614898556868
0.8653188590591637,0.032285348855024903,0.002422536675813724,-0.00022227209053987998,0.001090057933564586,0.001013745702097571,-0.005443286751533145,-0.08368084108527593,0.012101822588228908
0.00016640467790975761,0.0009892626883842483,-0.0033019162497909364,0.44234214552785495,-0.0026636235280776345,0.00536813499548021,2.5231488365242147,4.847491852924199e-05,0.0076388546644633685
-3.056240541628993,-0.019704692220676275,-0.8673754606369775,0.0042161554538531765,-0.1827187300624854,0.0017611468231826452,1.0273926491983691,0.2416515894654152,-0.00377312529965923
1.4227179194058672,0.005672297740983782,0.00033924769730098864,0.0010081358613473923,0.006280202463933524,-0.030020311305125637,-0.005309705855222488,-0.037146775475411745,0.009680904460176332
-4.122482320678591e-05,0.00025114117529975277,-0.001429499799931254,1.410912176933017,-0.04198272406687399,1.3345366251200725,0.0012013438836732957,0.0006761349637250238,0.0023111704716048064
-0.012189594786780417,-0.6085827360235442,-0.0029451145159597528,0.0027905153428970974,-1.3038266898672868,-0.002161877111033039,0.01622852360346637,0.027595496732671095,-0.0027847879927423713
-0.003040519735124331,-0.0024091872257525565,0.0008888619835724522,-0.011718641991794993,-0.0023226594770302585,0.0022056541781397924,-1.4428141121990627,0.004671713983815366,-0.02290847904776181
0.006499338615944219,1.3923122827796965,0.00315806518993772,-0.0021784448874841624,-0.0029156508498742652,0.0029618540719162346,0.0033543557639308663,-0.020417959071529095,0.00821230559821895
0.029690239844817896,0.02077479079342613,0.021919571330582255,-0.004200869163666646,-0.0012444014991303551,-1.7932551384423407,0.09309828327194627,-0.5326884980886605,0.026865109174892196
0.16093125666125824,-0.00793150742657146,0.016910082807978677,-1.8483816878745722,-0.003284412369597065,-0.0014361159154599702,-4.1183262007454475,-2.9429792173181086,-0.0020755905260364527
-0.0023299825510476988,-0.2968306325671421,0.0010626914051494376,-0.0048859156346683676,-0.0005347651641891544,0.00820035576596959,-1.4322132931583103,0.004386394324455828,-0.4756902373962282
0.25178120394099346,0.013103417949434489,0.0016348767981196116,0.0007184179559678926,0.0017558076165805903,0.004477529316042558,-0.9553334891147254,-0.052068914113929776,0.016609818196083457
0.834172760938889,0.01248566949093839,0.0010205842597204515,0.0004838090055392626,-5.131835876606705e-05,0.007736184997097698,0.8128346278602807,-0.6100045579346285,0.039041588828470475
-0.23592970504834845,-0.002548281417851337,-0.1118476445390506,0.009396643620298656,0.000334382684049863,0.2866111070168066,0.00013800704251302684,2.7609321914905642,0.002290976634137243
0.005672190408918754,0.007076684675504916,-0.21314419538616586,0.018482030460323224,-2.9514303307587395e-05,0.003624424745659426,0.1981382945330137,-0.0063054207917687954,4.990040554715472
-0.01749649828375195,-0.03329067534456093,-0.005806077053308933,0.003086467758037713,0.0006083043098975317,-0.5651102384447569,-0.08883713306042645,1.6057517323035406,-0.014487102025126763
-0.061827348522094754,-0.009380033806077203,-0.005461329809545695,0.002129393288173378,0.005572024251709254,0.005652129391745498,0.0007051567602000229,3.005880168906603,-0.000733202432047414
-0.5056930811078346,-0.002566873458643199,-0.3587612990903204,0.004958572734471957,0.04514784572595738,0.0002908824029761417,0.2585792535184822,0.022023519304299147,-0.002790193518494924
0.003428730647876602,0.0223993063537729,0.007110908831925562,-0.0010236483185066363,0.001501797868041147,-0.008250566319983124,-0.0016052216405593308,-0.009798348575778638,0.962922720816901
0.0009242243446836991,0.000998496974082541,0.09420171533022798,-0.28906509438787575,0.0013875099952296282,-0.0005001806333876757,0.00020801433337665415,-0.0022591227503636676,0.0015748508748316698
0.011410316495313828,0.19229755503139812,0.0026420919639192943,0.0007010913482343641,-0.04978937965189715,0.0026966155390595204,0.0019278814709449829,-0.02775744943918189,1.9528195434326392
0.004715414177581332,1.7686151555292775,0.0020875314907166237,-0.003914679646310726,0.0016964759573244795,-0.006771677921226093,1.285052675126868,-0.008956056616819145,0.005243706001296644
0.0023931778563974805,0.020694260355972285,0.0011292514963579811,0.0028546669447023216,-0.0007234962891491666,-0.007376400993818555,0.004056235810449756,-0.007867957938499356,2.103257613160908
0.04989643927500482,0.6665539692027538,0.0013359339225804956,-0.0004324151106390485,1.1575492898892792,0.003148758442506677,-2.5041011748740694,-3.2326997423470827,0.01912509107932825
-0.013339057070295528,-0.5831846228178695,-0.029071865730811802,0.01030865388067411,-1.851563187312607e-05,0.0002529131342298745,-0.00537871746922465,0.07759050767586512,-0.004536081706195932
-0.043748541716550626,-0.06237847384706835,-0.7354246499422998,0.010948061735750789,-0.004268348371863889,0.005901142984539299,-0.002315754428361453,0.05047587603218612,-0.012085667924512558
-0.008322935041042076,-0.5655202276822419,-0.0015591995772439686,-0.0039845432917663525,0.012136249671569888,-0.004571819075849021,0.010311255644861217,0.021155378434060026,-0.07066563236403611
-1.81874587731393,-0.18524186945448828,-0.03645752969404792,0.00491571664286174,-0.002103805230925883,-0.000883864264578626,-0.0012523218806831451,2.068952130752727,-0.01961565398450793
0.0024574712491187605,0.31848114082116435,0.00764125722946029,-0.0022137241006425883,0.3036732211603369,-0.0035123101458702497,0.0016042352604357085,-0.014291958050236496,0.01296715203698133
-0.0020662219908268685,-0.004097575456849682,0.005703350120844497,-0.015772886964114365,0.008637762298178125,0.11066955422340678,-0.2877299127599836,0.0010070136721903322,-2.67024413539788
-1.4280237012018524,-0.29186813786809046,-0.005797427148750617,-0.0006743801912284364,0.8463109965169364,0.0010799790705481416,0.002333276897968018,0.21963888838817774,-0.029353661619282212
-0.006115976210284035,0.00033417735649727415,-1.2941722221489553,0.051160544909406636,1.2806162827830194,0.001340216676440572,-0.010374687102014125,0.005041713452726693,0.0075682548177202075
-3.1457136614999834,0.0011952344007485865,-0.22733379097626205,0.1006002353041564,-3.1837071045265977,0.0030112513653625175,0.01287741531987037,0.044685486551177545,0.018248410336732634
0.0455298141469933,0.004331448296756271,0.03310709212435498,-0.009992992457630353,0.003050808494112374,0.0026582674885642986,-0.002136993199198585,-0.46555870920323483,0.003684874947972514
-0.6268307912460003,-0.007443153289052609,-0.6883739400188356,0.0019764713351245883,0.0003045321817679173,-0.1537169883241974,0.0015139974917348573,0.4005986393449197,-0.00828190332898912
-1.6644120235108428,-0.00229391482581139,0.007391104307542737,-0.0008487354082767403,-0.0456281046558505,0.00042766175044857803,-0.03268923349630201,0.010291969449154113,-0.01996782368945943
3.821590754864822,0.043977414414537876,0.004106454094226775,-0.0026034721164939225,0.003221803960227386,0.052440591012025056,0.004232818165254863,-0.06189222491692086,0.008064899996632624
-0.39609404298241824,-0.006459540491977431,-1.3118759278546244,0.3474187579881627,0.0003014842788795144,0.8217526912459477,-0.4741584903370968,0.036549645699612165,-0.010274471831931808
0.015975789087137753,0.39285586483047674,0.006992357738015376,-0.002248564290065676,-0.001823120346138411,-0.0018765356236921911,-0.0009274744396563428,-0.16628292643080048,0.008665015147930472
-0.0020595371706076298,-1.0341403975645236,-0.05892503478339478,0.0017778901741150703,1.0444785482797867,0.0035353985216821874,0.00843076698508503,0.018291746731949058,-0.002196301857856353
0.00964872537635536,0.7403696183288575,0.0011358150865136557,0.0017575038337043925,0.0021697599362039983,-0.1718704320295059,-0.6005619642098461,-0.03472116942151208,0.021992683165691307
-0.004424797985457692,-1.027218662667178,0.002049286524880123,-0.007368096161311571,-0.00782057150978601,-0.8298628537034303,0.0020490025338883756,0.02239873143318177,-0.07087085176588381
-2.1919681308723584,-0.007122676682464817,-0.02260940610227491,0.42485092369901567,-0.01936131355149374,0.00030396387484285753,0.006905495597186178,0.03286764045170875,0.0005504579016293865
-0.6025265223528607,-0.6338881306334434,0.0005883254299369894,-0.004234463915449106,0.004780388673503203,-0.003900319089969807,-0.002357456181615347,0.12555691812202024,-0.11682914935615485
5.464727514596325,0.2162506400472942,0.02381422377364384,-0.002220500967700977,-0.01527035341262211,-0.7397374197645805,0.0012477577847582987,-0.6043112148205633,0.005143828475555168
0.8660970841066304,0.5197372416521491,0.6130479766984904,-0.013972682568023281,0.0019041141298603657,-0.00298622585514571,0.02882686010244534,-0.18037624187227963,0.014592877471477195
-4.911949523440651,-0.000991235162436204,0.00017456208238811333,2.5719088660956427e-05,0.001993916043192944,-0.17076528719456602,-0.011580405810533174,0.010803429455435012,-0.009318876375412066
-2.203018287782648,-0.7980394409081993,0.0005495555587948786,-0.21365926629567594,1.1189528846970633,-0.007036610445401843,0.034395591200727306,0.035381006465747156,-0.08872587542744359
-2.3447403422822664,-0.005753841742408923,-0.0027825324611459867,0.0059746322751553955,-0.8939812231808951,-0.0033827266920357264,-0.004424978897730844,0.0385621328491708,0.0005328479467963387
-3.9082379134795757,-0.002623803850180265,-0.10715247046643417,0.26908202973012674,-0.0026695575189008107,0.0025527029726693344,-0.006250465480010833,0.044092347671516735,0.004680455294791663
0.0035626036670640807,1.0019934096920926,0.0014718605365541954,0.0015739149768976566,-1.824617341694145,0.003556507875792315,0.0012049791170159613,-0.016979772542889755,0.022344169474866393
3.6183484639321377,1.5530664752038137,0.023839437108977513,-0.01286999786004429,-0.0020286669617187586,0.005449860018947368,0.007669654595254982,-0.08689748123506062,-0.0025494840762918525
1.3004627355233274,0.012577949707973272,0.0010558640749266865,-0.0008461059954796571,6.709316268022156e-05,-0.0009400985888368156,0.004217870332633258,-0.01995036964666612,0.017024834584766307
-0.10080648925450608,-1.4220020064690195,0.0005923247593900838,0.0011366560938558335,-0.0062431571273225996,-0.014959479669087028,-0.0020232182900582624,2.4915001119470475,-0.014669639476333929
2.750035754903922,0.004695988557938778,0.0006230768640560214,5.218075174334225e-05,0.002821610662457466,0.00017018454964248036,-0.008808517650807295,-0.0239264035014106,-0.0018438504914278786
-3.7587212105696155,-0.07859005552994408,0.3067869574419526,-0.017305417239692644,-0.8316483504448172,1.7421683366619498,-0.011278143197785306,0.02208618891054734,-0.134616180942853
-2.451014812323389,-0.008894273392244086,-0.009539825788807077,0.0030848904380280755,0.0061508403851109235,0.2938322677738646,0.004712019874641364,3.1815665090905427,0.006014117498190252
-0.006045231902472616,-0.0003460011232268188,-0.03233519333724694,0.013540573186696957,0.0041960013935165115,0.002677666510898638,4.114957637023176,0.014969349979627403,0.005304836981969912
-0.12047427379359275,-0.006814602456012181,-0.007822965084571535,0.6636694768475986,0.0001362504019838699,-0.01411371107151884,-0.03673543349275644,0.028737008330491556,-0.01535584908286558
1.8641089593805984,0.4164002845957044,0.00033792303525997935,-0.0005487889948239096,1.2852280311531565,-0.001634202603912933,0.003607357795769454,-0.061086435055379466,0.010990085951350093
-0.01568550142627563,-0.10180398583887286,-0.00015943147407997127,-0.0032914592544952036,0.0044877960495309805,-0.0011787562296616317,-0.003197908590017477,2.390052814310805,-0.04239189053401504
0.011744839602956872,0.25405540294206175,0.002174975224111777,-0.000856636787313201,0.0037278745763684785,0.2445800131221788,0.0032325883164543144,-0.02730320138488549,0.08254058081555704
-1.8336059633552877,-0.170123196710144,-0.0007323400521523568,-0.00285870001341417,0.11473684853162605,-0.0007281133603565947,-0.0028802541826125974,0.02198481652714854,-0.03210276496000353
-1.3503282618924262,-1.0745190262459139,-0.0005236495786446749,-0.0011803437413213816,0.0019057822342339707,-0.004050685973475949,0.007698336617113926,0.025472633517346386,-0.010818136706126857
-0.8919808193719727,-0.002513638097212106,-0.2471980373325,0.013257895674619435,0.0014864999142451558,-0.0070494958496595955,-0.00027664886254785,0.33600467188391814,0.0030623795962083505
8.09176250919474e-05,-0.7525431322887604,-1.321910023956846e-05,-0.0014959732069041295,-0.08175166089065448,-0.00026718917580419025,-0.0008627417270536866,0.0035730010131382393,-0.1547707650432273
-3.7838457461190416,-0.002983751565643969,-0.6241901627743758,0.007518039919498343,-0.003017577480521897,-0.021836571081626198,0.006559239585592971,0.017023174354379278,-0.00186188301153567
0.41456781613898314,0.0031622099596392483,-0.001138537502816974,0.00011545601648995773,1.7949557948369843,-0.0014441564524542208,0.004798108800166243,-0.01392071548064025,0.017925261428467877
-8.89146747544904,0.7009712502305625,-3.3784982174100975e-05,3.301828810237671,-0.02422251651521068,-1.1059328604133867,0.00011269189069457348,0.02250623755321674,0.0056800233773866005
-0.004704949432707694,-0.004024025963964592,-0.003313408064340214,-1.9891261023550146,-0.7006113592306237,-0.008156743592744828,0.5841355228072544,0.009358614561238482,-0.015920931712603666
-0.0027342839167461396,-0.0015828922594052228,0.004746017930768783,-0.27969559197308663,0.005766290540124687,-0.008344356058360963,-0.0539104454275468,0.002308996245324369,-0.8737180397344237
1.2888653770404381,0.01497877690978687,-0.0025889330003694005,0.005157055370712347,1.421792117581746,-0.032838763930539056,0.0032059850894117546,-0.04357149370551535,0.06500812232411368
-2.5928013423645613,0.0010138192692717128,-0.0029522304444222908,0.01276981692539839,-0.07853970748683789,-0.0023123923336799937,-0.00015311084684210483,0.040241969116985424,0.018652302311273794
0.5656795629736423,0.014773105285663973,0.010079353404247149,-2.1213010931241794,0.012946108402513583,0.0034470686736791326,0.002335316903352042,-0.3429585532610868,0.040720545883379894
-0.009721715396046243,-2.514565156247378,-0.006667107276005668,0.0007788742699164379,1.8284220947062622,0.06411600248110697,0.009843835118031039,0.8479374390058936,-0.00871168996045979
1.9453098379896068,3.6584365652507156,-0.004688032747855175,0.001609332833672001,0.3428617758411838,-0.003166679275898105,0.001426607306878644,-0.02584825487421314,0.050309595251082584
3.8706155433612732,0.001841215407368371,0.008470701295479,-1.8815182371301566,-0.004182587351352594,-0.736816882661541,0.0064571613310815765,-0.02303750885358976,0.004488262644515295
0.001931311125004523,1.5264441964359179,-0.0005983665462738486,0.0035405948346881495,-0.021177993788906446,0.6324355219438662,1.040523358851717,-0.005674378962057625,0.05616936100862846
0.0035798297627997328,1.372913854227192,0.008449871722091357,-0.005826576340796377,0.047005735108291855,-0.030769918766170707,-0.7196085233953405,-0.02346897927730319,-0.00657081681947258
-1.9073491245158387,-0.0011244349273759958,-0.001683231991167232,0.0002819201023247245,0.006864222991925985,0.11742592407073833,0.0008208078562675159,0.03378392311422152,-0.001548412320216408
0.8755951826651762,0.007293736550049336,0.0015747880711193887,0.0006558050674252169,-0.006683205981522987,0.11627202604098318,-0.0017862132979039424,-0.03667147286330316,0.01036659068179964
1.9933694948738927,-0.0017448116826459916,0.015581556128559881,-0.3656452065402039,-0.009619918922710104,0.002990109145021296,-0.0024596916400711714,-0.034349411721656495,-0.20342551763411043
1.8489702018997605,0.0036054727043389745,0.8505399429820457,-2.129455622595163,0.0025458444134099922,0.5513102270278497,0.00032133655917913895,-0.07028014312890485,0.015494895371101824
1.7151351751490806,-0.001569345554732942,0.0013535996314054388,-0.002903437665035616,-0.08124024785371482,0.010009154294468614,-0.00017321959321015077,-0.00514237379441765,-0.0014491998839250286
0.001440448780986185,0.0009925551857046006,-0.0015230809623392252,2.8463510752157917,0.0026585406259069175,0.004408051837112329,0.005284163470789147,-0.002023800054359357,0.005335959500633261
-0.0036735153399383618,-0.002413305930399078,-0.0010832046354148867,-0.0007919206739721517,0.9331361319682393,-0.3257643611855131,-0.015310400475368023,0.005792869436082341,-0.013102972320447997
0.0024361086750453948,0.0010330157420888782,0.16206503543337641,-0.013648646609315623,0.0026308271850629286,-0.37577547230069613,-0.04756878711869139,-0.006199888898002421,-0.003342691299626785
0.0015085107238772754,0.001312517975768309,0.001481024437462692,0.0019732441651285084,-0.0032342757214302363,0.012354080871143869,0.0011114390986006089,-0.004021960586604106,0.006507099795254585
0.0021061811494037797,0.0006148022350693071,0.3343916711420434,-0.011716205661299793,0.0017274322220031022,-0.01763933952521129,-0.0014743583877672795,-0.004688553740632831,-0.0005282249500647412
-0.0002300915204603432,-0.09450377365316795,-0.00017904771457274895,-0.013753159763596484,-0.0010789859113039923,0.008067230081021896,-0.037163828952355454,0.003597027326061141,-0.9572680576528148
-0.0005284009069644731,-0.7920367511747456,-0.005272229289386726,-0.002166406862623962,0.007228955374451453,0.008031394751256624,-0.0002065086507390245,0.012418934406765118,-0.07721717888983881
-0.007658379902203437,-0.0029151614651266797,0.013166368680182748,-1.1025802232256785,-0.0016515958267104922,0.9586652171265319,-1.29442874074665,0.005121139093645297,-1.605822565634554
0.0021253030945380686,0.5899218899355491,0.0009648592050304928,1.8056846216828648,-0.0014064221373155193,0.1394584578070892,-0.09042008131404823,-0.004481640014083233,0.010067213995511665
-0.00445754739708671,-0.3924659516219652,0.00039285167608532623,-0.0009585906780030128,-0.005665151719385649,0.0020906905946439782,-0.0034694016391454262,0.00787988593076434,-0.028474932736353542
0.03708830213286698,0.8420721588802053,-0.00338638649511791,0.013755548110672906,-0.420326393096159,0.0017605635702562026,0.0017949645525459123,-0.01765791888366151,0.24759604523447942
0.038700058102773514,1.532893964197266,0.003942511148709138,-0.0015782260887158952,-0.012928249563448319,-0.0004757113916573218,0.0005561212528128398,-4.274094477413755,0.0227049871355387
0.4585038238034964,0.14605384718574643,-0.00609313987000136,0.006049258351388309,-0.6616764439142455,0.1177727607656667,0.07194616105411003,-0.010004009524736526,3.8808470432833477
-1.5884985487497696,-0.004004249104099508,-0.6293929164248406,0.01846551355903664,-0.011254047128093247,0.6007738600154757,-0.00018689705551506314,0.26684647397225736,0.00030809632918010754
-0.001977259537065578,-1.3131125295619022,-0.0008276590487480279,-0.0011346512813585723,0.0006980266631855993,0.1846105032179134,-2.760661038108715e-05,0.009147825731485645,-0.02306500780480314
-1.8934860400940479,-0.014775333188609251,-0.0034562330303885835,-0.0016664421733783613,0.0019443994245271889,2.547051896941243,1.783617492822122,1.050684343122216,-0.020086250408726636
0.015010380281003535,0.7990616516465379,0.20076196720821926,-0.07861706339848507,0.06494542627761352,-1.5296281539572048,-0.012748767741695421,-2.811554712330718,-0.004459028226737827
-0.003706752007396394,-0.0045750589990297165,-0.0009723794475015293,-0.00132742418910091,-0.006953485835018708,-0.003750516799444758,-0.509883791347364,0.006757013492619014,-0.08090579810298817
-0.022641125173565334,-0.4624647768238275,0.003853695020302257,-0.0017693071444312492,-0.057510122939697816,0.0016890782868546274,-0.003690871256303731,0.012809396201603684,-0.08349073947874341
-1.7821522598845847,-0.001270204357210372,0.020374428386018967,-0.002740113534051133,-2.1613701663804505,-0.0024199204029440426,0.008321371975125488,0.0006318080019354581,-0.0034709391900402953
0.003255342070432099,-0.00030150421906693925,0.8308953451734866,-0.8781237899677716,-0.02816587796428866,-0.007896178537791943,0.01049034353105153,-0.003283656895142373,-0.0018725782387997644
-2.6379643159185027,-2.6508391124854676,0.0047946468225567584,-0.006664672029427179,0.0021584149545968087,0.0015344245548776902,-0.013164145082128743,0.009257267433861224,-0.4485089713991144
-0.015179319648622212,-0.07531731457600115,-0.0032094292446781334,0.0010435511793050645,0.0027612592033231407,-0.005265151085944183,-0.010162305809438653,0.024371448284694213,-0.15582800093953786
-0.0002665773942223842,-1.2598849872000273,0.0031773152408838684,-0.004688496571663428,-0.01112330566506448,-0.971751885359695,-0.002477721174137011,0.0021194444691357084,-0.04742210326967955
0.16503177207122527,0.7120618958348115,-0.0009517356385259287,0.00406835451705692,1.3488466329972355,-0.002262902404215487,-0.01303997298967677,-0.19093344664087752,0.07692359794568415
0.0009889143391806853,0.0008026168166952797,-0.0016351794062144376,0.9408875210097011,-0.0018691499915769703,0.8451006340268669,0.005373665727863389,-0.0014845620369589628,0.005944322178244251
0.008629451334439228,1.159934133233534,0.0034781905514344597,-0.0008640645045590651,-0.016021913257294462,-0.003058247602919961,-0.0004899688543772898,-0.023991132841149516,0.007869490190582473
0.006770128085516831,0.380004275338884,0.0010065274161085037,-0.0012535270596629176,0.008698946218282919,0.023428073033929773,0.14790693628415597,-0.018177327597649826,0.03289587456790785
-0.0006054436136805776,0.0001991225847166992,-0.0021049537397647092,0.01119979627800931,-0.00465554480457578,1.136468764530032,0.007507707485113271,0.0011261657861045746,0.00479658880281879
0.01875086001455315,0.045262502857619596,0.007062932808746196,-0.00096478305127952,0.001660780043927764,0.45232801327496425,-1.445551701601762,-1.0663763809472913,0.013841357763310372
3.0399257295518525,2.0167269082767607,0.008613366106361153,-0.004733160898351212,0.0003039146518739079,0.0048106588217701,-0.8543461951958107,-0.07566390890620892,-0.004339645153548455
0.0017343242354639354,0.0009654394713319789,-1.505288445563743,0.045943719113807846,0.0013002634176451405,0.002731097067717469,-0.005730660497931638,-0.005050869937487129,0.006704597338844667
0.02914163592710959,0.04243813825368554,0.004421189349977022,7.98153474385292e-06,-0.004065696525711013,-0.0008994046604974076,8.894259090980357e-05,-0.10247752052186276,0.07454792828524114
-0.020885445475227016,-0.4299908440581495,-0.01409610148062368,0.005029629538546831,0.0041383994820973075,-0.024208551723979153,-0.0004352876645182255,0.08401034185632002,-0.006504683279508344
0.04049467600006173,0.0023869554200094648,0.00803973652198139,-0.7528616143485947,0.12482283538380969,0.00016797741267585595,-0.07424953722315017,-0.03301352003522425,0.0061371939058966485
-0.02586434733434612,-0.003216375848903715,-0.034097028547061065,0.023293371447817516,-0.8608396048366189,-0.03854990349975343,0.0030775540676412877,1.1463298805248059,0.0009055930131041806
0.004478507778205194,0.021264872188561462,-0.0008753202792869674,1.403290254138528,-0.01164648266816578,0.6402797098885962,0.010479666342863295,-0.007530534813744716,3.037825219372612
-0.004189446051245311,2.5720755109867937,-0.0014717492529670306,0.8909056993199538,-0.6431032799795546,0.0030730758646213847,0.7624698760885562,0.0012489603931911952,0.025044743435329142
0.7736189367614239,0.0081242103526212,-0.00038832826087652726,0.0020460304346241955,-0.0055844271851279645,-0.0007445593829758543,0.5048094873372717,-0.022746744417760895,0.05448624802167276
0.003479988508514397,0.006813404795475438,-0.002361898256962352,0.31047834775359884,-0.006909299838610608,-0.0008437608534984991,0.004358784410689919,-0.006095362126769165,2.2016129830762483
0.0024976504332740873,-0.00023465409472968324,0.6761254498059404,-0.06328770238462278,-0.0029449579155865456,0.0027924820229463286,-0.0018150130887336425,-0.0014671340229487073,-0.0042233663529184055
-0.0054785854207371806,-0.34589643424933275,-0.0054771956462877705,0.002258747368473847,0.0013727079712800585,-0.012393498096872837,0.0007687443542399031,0.012600704519379474,-0.015209413663784033
-1.7352374601455225,-0.004885823651182239,-0.0058256256678091076,0.004830874185653793,-0.006304707835533396,-0.0009625048218384778,0.002565660985742412,0.043069244645093804,-0.0032331550664393693
-1.3968289267367506,-0.3578498376391403,-0.04807483234755955,0.009654029795231537,-0.0005118205832275249,0.002687513553485231,0.00845880584635607,0.08108305427966249,-0.002227530581727588
1.5419891394231362,0.00461114506878704,0.003191516676123482,-0.004381922241805442,0.8288954965675498,-1.8030901391655183,-0.0006982665106750182,-0.08066912000165935,0.0008801206007742202
-0.003987021734699498,-0.023887855257403754,-0.08941148852300507,0.008402044021560272,-0.0027077939631113997,0.4440756148625109,-0.0012929502768395523,4.439859372774546,0.002453297948210642
0.7540390299919942,1.42658149752037,0.000724046491038785,-0.0005763853379059285,0.002244063743175425,-2.3096042458722414,-0.0028012630388559914,-0.042224397936029494,0.018919669122861027
1.8890295766999075,0.0017559856418313227,0.009675831202885385,-0.0008353693482819674,-0.5810532482506613,0.009533699383802365,-0.008261669232529852,-0.1783259107185116,0.0025145964087431305
-0.942073070862904,-2.1669450076707824,0.0007579597289214535,-0.0005085604766460186,-0.005101462188067091,0.011999064600168172,0.011854697908873547,0.026844309255568525,-0.001410596632908323
-3.9936169589987016,0.005687334960051971,-0.0006359247465771434,0.8821428910254585,-0.05387267986573131,0.0029307073307832648,0.00032066080267677786,0.008092061370493956,0.009440802742507581
0.0024558688711065783,0.0013610598931194048,0.2338321699514189,-0.008014004471464779,0.006354077861080119,-0.0006423970651886903,-0.0020995972549643156,-0.006994849505945807,0.0017483582287985324
0.006652741315032901,0.01455009272941396,0.011500840297982054,-0.0012300390450836942,1.0919690196483873,-0.4663143025995801,-1.6026954388802743,-0.022782869778026744,0.037141672207509
-2.1658888603079327,-0.0076116276664214,-0.0025667616698391155,0.0009424173589027684,0.0008578684829977489,0.6360226865654133,-0.04467075430622479,0.08766229247669409,-0.023750970328062504
-3.8003957389364573,0.005370519177026755,0.016429466100909063,-0.008453668240239758,0.027528198650777505,-0.5058314078893646,0.6033616222480547,-0.012787803245993577,-0.0011493986524089839
-0.00653168057025641,-0.34299239142338406,0.004169484602799061,-0.9650462304444933,-0.03586263929356401,0.003290370860792567,0.00016599452219134923,0.012062746453544649,-0.1053536631521228
5.7692030997089105,1.412426675999109,-0.01955113905519501,0.018622385861458257,0.0057307607360195245,0.0027506297398444193,0.05109345986450403,-0.01913920975429706,1.0374554048175852
-0.07123464020111418,-1.8860177358060786,-0.0026868820744179595,0.002901845977220834,-0.0005463562676649054,-0.0018653523920197194,0.0006301819922520484,0.268759302540613,-0.0055803981783086876
-3.4383186329843136,-1.4236842446317046,0.0014899412905372555,-0.014521028716919945,0.051225021554966055,-0.5786384929752267,0.029556710607842776,0.00028456070872952526,-0.021235621987821807
0.0032418961474260793,1.222722747689532,0.23301326256228028,-0.00969773345284923,-0.0016882113535968924,-0.0019443432844038462,0.011602551052907889,-0.018887484539739957,0.0009266222270061242
0.0012339570197238612,0.00035614570274749956,0.0042397642990103955,-0.006537415005525785,-0.5944061127124441,-0.09028285714077001,0.0003996908688861951,-0.002174955492905475,3.644719675669916e-05
0.010487765199262866,0.002408590802803947,0.4717945271447313,-0.001667120289841539,-1.0580912890091492,0.2784651690967034,-0.0010755108882628355,-0.01357470467913436,0.010161687482441333
-0.009226758528174693,-0.3613280147035374,-0.047312028335237816,0.003446191319326147,0.0018375665022808665,-0.0004435351276305383,0.002810855546987737,0.03202267244575172,-0.01785278009608529
2.10048843275778,0.4148965197250804,0.0034426340707648384,-0.003095948861370889,0.7443938302330284,-0.0906946930243823,-0.017628317015596657,-0.033788430172696754,0.0023308042353684666
3.767954568817933,0.003406350218098944,0.7932863125983687,-0.0017507234963147211,-3.285931682747118,-0.006661904635930686,-0.0055488247076926345,-2.6333706661862344,-0.0034664664344383755
2.876949731146925,-0.0008859120884649519,-0.0008730882497590547,-0.0020600285490046184,0.0009576975551800759,1.4338504155845004,0.004591554985275062,-0.0026687484114753016,-0.00013391890530506378
-0.0003133363487812389,2.781042803608784,0.005123988222954207,-0.0033606562518281586,-1.2886791597228455,0.005066881184735426,0.02105672436081872,-0.0037793174682581943,0.0013876246207678022
3.1615127053445105,0.039764260393847575,-0.00011191108389946303,0.00667512609172286,3.7997298317375066,-0.039224693032000685,-0.09196269815510368,-0.024819898202870054,0.03612235729503743
1.928995467632908,2.1146120156283232,0.010639184675706015,-0.005955476837665237,-0.0004956074022265979,0.0008423348732619747,-0.013156277522955145,-0.27489219497831374,-0.011352502863609004
0.0791077464783006,1.5470755124619273,0.05771312261310224,-0.005556700918980705,-0.5319456971055236,0.10933566479772683,-0.012605341906067248,-1.523702144057578,-0.006332188348630252
0.005341214436923224,0.17376908583984474,-0.0006718303783137328,0.004888694505351081,0.7567900039241734,0.5133908529062322,-0.001485924101677567,-0.01489974516919601,2.2209925235626304
-0.0014241933801174393,-0.2636571131711809,0.003746073598051682,-0.5510045456569743,-0.15973080009289956,0.0009926788413961289,-0.4855776748829729,0.00388688857691914,-0.1416401520885568
-0.0072963605205772055,-1.091158206577446,-0.011711160005462407,0.015568885814795886,-0.5193902784381838,0.00029160182950336113,-0.0013826113262896851,0.5031252777496802,0.005798649644396303
-0.4095608658405412,-0.019576450227417816,-0.0010704371964382793,0.0003569578283470292,-0.000548573445748017,-0.061467017651428826,-0.007330437202428459,0.03128084216614524,-0.059488134380657864
1.2526189403038257,2.1145246948371774,0.0021301684903829443,-0.0030135821423222134,-0.0032304710110190246,0.009581558193822334,0.6052977308278373,-0.04607526596960522,0.01575305207189026
-0.0001989600453136057,-0.0002812044995360646,0.001321136067814549,-0.0032156079749914583,-0.00014479670043184082,0.30192818946131683,-1.952900276504316,0.00026199736343956526,-0.0027108796044668145
0.027661211145411264,0.3889656879861342,0.004421646159626761,-0.002258017006450825,0.0009207138351415996,0.24834282093801344,-0.0010504647498087308,-0.09287843326116887,0.0189840987723017
-0.004498137049661921,-1.3139131598421716,-0.0065882195131683335,0.002950319158249226,0.005688689160087213,0.03800346915730906,-0.0008658161026653365,0.013487680931236298,-0.00510850860086165
4.042825602067256,2.7381793946637023,0.0025565257934362373,-0.0013848164494215751,-0.0012348481717124118,0.025429802517124428,-0.0018819074965964952,-0.07032510091667316,0.005935063323446954
-0.0005626183602723675,0.000420484877542763,-0.0013865947839789223,0.6946282403214663,1.3318746763236602,-0.001844527047210168,-0.005333680296392553,0.00030237777353120534,0.0021668908822935415
-1.7747023215335191,-0.009840520455561965,-0.01418583292975234,-4.0447591125781016e-05,0.21175429632894802,-0.00955857872865204,0.007041562614744666,0.11848689842840548,-0.01359236850961737
0.16680781656776245,0.013953786488450096,0.05497719438561852,-0.008329844229880685,0.0036091035280793535,-0.009708011982308572,-0.005618299185065141,-0.06468106400574875,0.011339179688769022
-0.009648339628823003,-0.004905889339673021,0.004385429283353892,-0.021812259120103407,-0.0007982480752577092,-0.0009649059997288257,-0.00012981883127568741,0.0067993608811284835,-1.392696197413839
0.006202785355184745,0.010401751876685836,0.0002522572202083498,0.0015297229132468148,0.16669003179867753,0.004526342119519665,-0.002165065479955181,-0.011846715265763051,1.4808370346292181
-0.049113844064296266,-0.009946958896346903,-0.0014457122041491126,4.320213166049804e-05,-0.09401262582924735,0.004094662639537769,0.21111509777666967,1.5832879015478527,-0.00742254741494093
3.973178299578104,0.0014091208300901562,0.0005749375628270048,-0.0017560132768512614,0.009974452599907351,-0.0007919948973425969,-0.0002585191663448689,-0.0246378640068916,-0.0023797611748312963
4.904567044304647,-1.21733791412034,-0.13640542127498323,0.0013858720873412313,0.0009297653586415201,1.1698556219695577,0.021992125692329553,0.017066030615153188,0.0062159327785807905
0.007321566738286258,0.31339255831619567,0.0017371388826243096,0.0011259187964842996,-0.02252329442067867,-0.023828658706551605,0.000704735581653182,-0.01052227369813726,0.051481669111572675
-0.0017365941509972743,-0.274545052101959,-0.0024739352575489006,9.606402875699538e-05,0.0012691306444220514,-0.0012679605415637028,-0.017059617501729123,0.004892657285644372,-0.052873269733134415
0.04434353666103259,0.0027509954731243756,0.31800098377979924,-0.07804872609376248,0.0043265531583369715,0.00695494251198715,-7.72001560089341e-05,-0.04193506100589364,0.004476590802934152
-0.7246342190202943,-0.006233755988024593,-1.3849119875372722,0.004457171124454429,-0.015246198467531228,0.6256623360934718,0.7359345546962478,0.06002761158891601,-0.0070684394291787855
1.3375906173192507,-0.0022810412725737246,0.005011380120869421,-0.007841782465610738,-0.037771163367183766,-0.005722651425747918,0.0004094401835457919,-0.02085912320519822,-0.011970409288136613
0.005553889212570204,1.0289528522308926,0.4855049481902345,-0.003599841602743556,0.011485996744417875,1.3928256511945536,-0.22871197805898247,-0.11225572105844972,-0.00013618820653682473
-4.219458242987817,-0.0005338580536517201,0.0008819936558018548,-0.0009952643150290255,1.5840475034737875,-0.0051587366922621405,-1.8702445816859536,0.007789789745196273,-0.006005684653524579
-1.9159390944351915,0.004695395236751162,-0.016529112193513995,0.037944850108326586,0.033395242072778095,0.10662098497985596,0.01752446488172889,0.012704493165902515,0.19410527652486897
3.2924176302625257,-0.0001583932692772492,0.005655183981463821,-0.0049883986155148975,-0.0011915162205471692,0.0005965143350214468,-0.00022241541694512437,-0.01900603529917418,0.003008134356200176
-1.87190436400072,-3.290068026032961e-05,-0.6383354439092628,0.9294640096378224,-0.006328599706154681,0.007870395039010535,0.020582865932916306,0.13438510240664003,0.013712645637564358
2.185086463361224,0.03767659025529071,0.0005896862920932583,-0.0009129757722565104,0.021144769576010625,-0.00026918584692061916,0.0011019389751606573,-0.08012185056177114,0.004404633966091587
-0.0017996897153331208,-0.7923224841547919,-0.00035027192789337247,-0.0007157326046191021,0.003015414417853903,0.0019719514178623784,0.0008197740641235386,0.00253927747549769,-0.00860904873146262
-0.0006071560457262735,-0.00027101553390565265,-0.007075368517225495,0.4969101068608268,0.0005675206556369581,0.018581584942811695,-0.0009606347479697952,0.001247485433842674,-0.0003549673333808203
0.11240558127497381,1.4704571339291261,0.01202484763089251,-0.016487994006083445,-0.004250972565734187,0.005776001673105279,0.046130630536034334,-5.9186704988339285,0.007970505493377633
-4.459035602114255,-2.395117481727959,0.0029364143237978757,-0.0012809330835846199,-0.12304109623157666,0.7074981206645168,-0.01026761376458303,1.2877291546411016,-0.020009163846674838
0.002970876829457108,0.022745976044282773,0.00037171406011362977,0.0031625901156092416,-0.0022559885971825165,-0.0016521079263718398,0.0054818603303651275,-0.007378970854527989,2.539593299424618
-0.4096458879257217,-0.8051252394840371,-0.009743020115762724,0.013095030730211222,-0.01245609404278096,0.0032735184073998786,-0.0011124575244564824,3.5636998388896277,-0.011376945929487459
1.8355987346232663,0.03235818650578153,0.0022966730248424327,0.0005080064810505656,0.0003326788532492832,0.003158249484820238,-0.13002918724236348,-0.022105579493394836,0.012229898766541625
-4.075814474814005,0.0006175011550916213,-0.06380413895444148,1.6398595082381666,0.01856074538113269,0.008807185982029514,-0.05384993116922768,0.04717227843263161,-0.004757379033486053
0.4893965572656927,0.004343242241066305,0.002538084970036743,-0.001583783538823356,0.0011507140145590997,-1.1107087198631438,0.00029818446837334266,-0.055161947203507256,0.01067764145298393
-7.846409184974463,0.016017039603052556,0.005164908340996532,0.000978797055923927,-0.9930427003665661,-0.0013949543345084315,0.008180478933474577,-0.012354751719571552,0.009634904973624625
0.005636174888247173,0.4815453756302416,-0.005286218329914105,0.010696463582450225,-0.006999523401687838,-0.7553925529746759,0.01935269349230556,-0.0046800312698852976,0.5993306532904987
0.0050628823205284,0.12066523058946658,0.0027413055635547587,0.0005029684591505619,0.002063243342569873,-0.0011871757901082193,0.0026612117696719183,-0.015409116868748142,0.037559658024332906
2.199432392666772,0.008270456256791896,0.035031916770372096,-0.004152896136230825,-0.005906745289693303,0.7741750548276362,-0.008725555403739444,-0.44920921221043253,-0.006489138801416272
-5.581641905158516,-0.010982547945099702,-1.8397557042851584,0.009625203769742963,-0.015994929393145146,0.00015943534631267936,-0.013030949785755197,0.03688081625865913,-0.005101383194121345
-0.002216047170756583,1.1360681639936399,0.0010422692952473528,2.097964010163306,-0.03830385625548373,0.0028412473572992153,1.2526361312325567,0.0026142432580539272,0.0282189612808057
2.0219721274918365,0.38836556281423723,-0.0024788226144715764,0.005262424004311081,-0.8416906124379119,0.19374979036495227,0.04297092120788258,-0.012096041237510975,0.06075636688683406
-2.111705843414059,0.002665476863150923,-1.3600021523051486,0.026078722854403935,2.040876620653939,1.3382074123707415,-3.111390907856171e-05,0.014775000241090075,0.01979483327875664
0.051883411524470714,1.0461914687611338,-0.004498715820809088,0.004388359898864748,-0.5255600846174175,1.6359653303188475,0.29458262583432004,-0.008528738671859016,0.261504774781649
0.009456728199398932,0.0022147548867889368,0.003658429905774983,-0.011168048335827576,-0.0023523438655103394,0.236030957164005,0.0006968760002756686,-0.007655773111891043,0.00720844883083656
-4.776250856150105,0.004997200754456865,0.3001805474091075,-0.00041509156277147463,-0.0026317913793547122,-0.3449128662305447,-0.008881333936324926,-0.011093007126672633,-0.0013026869589173318
0.010716155478171611,0.3762974486821244,0.0016788684247962538,-0.0012422268883299696,0.00525937502003221,0.01292917939457876,0.03722283580682256,-0.04229568551677995,0.04216654458334068
-0.08697231349369125,-0.026858871689858854,-0.020400109826310575,0.02261194749046767,-0.008768627202087355,-0.006481824965402691,2.132016213541261,5.371126052454682,0.0054637041219284255
-1.7938432971881673,-0.0027498493107486754,-0.8877685080945108,0.24744404881701287,-0.0007765352942039512,0.0031298324019454586,-0.0034433715366482473,0.06413203096535058,0.01275306339290444
3.2829481101609566,0.011456939477355495,0.002703072306466936,-0.000541032464063208,-0.0007822463650201082,-0.006791552081105686,0.0058027531087773004,-0.046641811613633836,0.02343906379095473
-0.0008115708391706984,-0.694408193563745,0.00445015158437503,-1.64489073117856,-0.0022853592447380053,0.004674357930166171,-0.024642112183621084,0.0016147921079561131,-0.15000156916231155
0.003324791795475873,0.16142779272782892,0.006673883385943118,0.0010589770410873239,-0.13439403282913068,0.8201805324087124,0.00421813398802573,-0.010102079496029297,0.061313271830211236
-0.001572675352337852,-0.001766892425373177,-0.00983081322821807,0.0033759107670853754,0.0023956523475342785,3.2300243457297104,-0.012838224387584038,0.004026727327329741,-0.0106963592914037
0.0006200097939437166,0.001405684635416414,-0.00011536196640686731,1.2393689913754418,-0.004333447637734616,0.0017960890208701939,0.07157797221700207,-0.0010956168544050246,0.009689256873745455
5.46971757331669,0.0019073031316831981,-0.36924185554795663,0.05251653474750917,0.0019905837440003064,-0.01568745828251624,-0.023268664102229164,-0.006158891995467403,0.008477534636040063
-4.194643571679581,-0.025821331362891,-0.004691713247835211,-0.0033616604411523567,0.02033052893524001,-0.03128948325008777,0.0033451279186312447,0.07972696574673499,-0.09394573630968184
-0.08451309558529811,-0.06383538136193506,-0.004576024566001321,0.0041419076683348295,-0.012425623672028058,-0.005158386455667198,0.0011293950889941814,0.07177508842381458,-0.018292946416941482
0.6225893401772801,-0.0004185467487790549,-0.0037500409350200783,0.0009100674588740953,-0.0028402144786875195,-0.0073236910744279874,-0.005046570504691815,-0.009661264706688497,0.002272896837920188
-0.01191192135106025,-0.27803711870643655,0.00042557690927062103,-0.002368993748295029,0.00529196999097555,-0.0068411948827374796,-0.42667621469883604,0.016524134518794528,-0.029634011184572123
0.013120145856227693,0.7056852882273283,-0.0015311286534024499,0.0027541456173261775,4.510912936096082,0.003478216837119883,0.0019023382297934915,-0.018800338927844256,0.08087645359757045
-0.30358888998417105,-0.11421142526583482,-0.0020193934381771694,0.002459356674975181,-2.042838770595763,0.0013499837312157502,2.047628350179795,6.655348954370972,-0.007667435534876144
-0.004436470981435423,-0.5219571903554692,8.638245279454435e-05,-0.0023950813161388376,0.014729766006609916,-0.007175138692108361,-0.3818441985019567,0.008493278977076817,-0.08496102110684667
0.006472706440380055,0.54948131878229,0.0020448762701791787,-0.0008012043055080568,0.0013899105260128672,-1.1035289818324485,0.02353854647813744,-0.02703408025937643,0.03393918142945335
1.028540336854636,0.0038595490586062066,-0.0017284888357677018,0.0003580356757422055,0.001148015491737383,-0.015810798955556864,0.09270268063433668,-0.014289292854972829,0.01593053927980284
0.0011719886972641272,0.013072009334230437,-0.0028965606217007367,0.1370474296695984,0.005930178343675405,-0.005246808528040258,0.0025129369191785036,-0.003036247134542397,1.6389879238319758
-1.132321612149167,-0.001564420467283468,-0.002520338687173017,0.002995583262727382,0.01926196188638704,0.012175884324454942,-1.7914418889957748,0.017171782129707276,-0.001206909393032335
0.02719462219431547,0.9975932255345934,0.007661307015614627,-0.008981122114398818,0.002511835457412133,-5.59918740140762e-05,-0.017785973826488027,-5.4070463859266855,-0.015766160866564904
0.023122356782317853,0.5488445216643458,0.0016652083133189347,-0.0010457456951169773,0.0036191946583188665,-0.0010727547570768374,0.0009927042098022126,-0.08672424818534502,0.019579379307200606
0.058358272604097136,0.007042267286270863,0.010231168148318787,-0.0074632552728554555,0.003381690210446665,0.6760503260764149,-0.0011860016314687895,-4.4106822179003995,0.0015866122866631804
0.0025617482019575396,0.6413607200261022,-0.001065487224696876,0.1328440890849394,-0.02094312009631063,2.55796176942703,-0.010075338090519763,-0.006343139445187992,0.1761336573946044
0.0023811158124530016,0.0004028061056687297,0.005295778061070738,-0.011963955240547329,-0.4793759449130086,0.01639098187510644,-0.005753910723957685,-0.0034263257468250454,-0.0008430692161042286
-1.8621085541992632,-0.002949717212846965,-0.04887892589869125,0.005215175408938254,0.0064967220900415,0.004160841384483352,1.8786535981236985,0.1945930053637871,0.009003836925986775
0.028003607973276064,0.007354191586767537,0.0010803457290246184,1.164877483020086,-0.005618251360220892,-1.2836094282529529,-0.004528073107264595,-0.017576198861633655,0.4630560004751634
0.013636446062737258,0.14027540347755565,0.0006945082669926831,-0.00013458169298704746,-0.0024380633892873904,0.005028613416396483,0.07900495495949723,-0.013402491266989528,0.5638259383797166
2.7332687587719953,0.0027407152842625856,0.29642620811570675,-0.005214819473504426,-0.002332361523401282,0.002580404472181658,-0.003420612608557038,-0.044478769588290834,-0.0025026126241045055
-0.027405251348262077,-1.452364499086478,-0.001457759187872068,0.001130934634842328,-0.0017771607007797726,0.04403611723638513,-0.0008662350780127975,0.10540747206797366,-0.019885384306107423
-6.935738746059172,-0.8616054375540476,-0.00199757325593794,0.002142478445802771,-0.007505698319725813,-0.0002750396388399791,-0.017488503916775977,0.07970323182752795,-0.011528747949802298
0.00037486853234169437,0.0012603710168894544,0.0021143151015524057,1.1426669719366722,-0.001473839736239521,0.0017100851617341132,-0.03217821739965361,-0.0016048435986926778,0.004700498904013951
-0.014481055574035825,-0.3168867544766777,-0.21352928696602969,-0.0007926788000280939,1.197336762337265,0.001111576737362804,0.6683197910772266,0.3076765409801786,-0.014931590024894886
-2.9800898622156495,0.001203764661753091,-0.43612576522957447,0.007887859634377103,0.005379698189346128,-0.002699271566382992,0.4656281033317431,0.012444918571512142,0.00857269161495039
1.9205593366062135,0.5080664751716584,0.0033619027728314654,-0.0076800953705220346,2.841952324651377,-0.06372624291452023,0.021929103401289132,-3.8390942184378205,0.009871216166916108
0.001653764067542655,0.0011788583610202396,0.00010357093397965733,0.008116531100147187,-0.08003148048542737,0.182591405505914,-0.0007272272923163444,-0.0026784584637304684,0.009317112569038775
3.3905048098886006,0.9575771881794339,-0.0015252350169937257,0.0029406475703579278,-0.007269557653089183,0.00021722726929939416,0.3592672135488868,-0.009088058509726264,0.060387264942401764
0.005444229351487421,0.007213449160381897,0.001412705556506257,0.007485992638555016,-0.4148286208043399,1.1912096420620555,0.006050860575172725,-0.010395513033907742,0.11142792971442021
0.0026550382514866824,0.004581577691615376,0.0003334130179099902,0.010908423536300966,-0.010141252331772713,-0.0007953833931983582,0.007005705666613371,-0.004900578676294908,0.3111127026202692
1.8365687958722416,0.007287166389346265,0.8203583086211523,-0.00652313034279603,-7.79418364657454e-05,0.0035688016946735165,0.6668649920864862,-0.1115354449017445,0.0047428775295393355
-0.014255760368843632,-1.5036070002974293,-0.004426351295836836,0.0022880032567654104,0.0004094136373063023,-0.0014796094192264953,0.008915089339869044,0.6785886517834747,0.004734026216107634
-1.6965155479672396,-0.49363798289797667,-0.0004608989949491521,-0.0010980702548525597,-0.0025491984253711263,-0.009150772213413903,0.001276789906286633,0.06848983016093899,-0.017591168255795986
1.961244876799106,0.017432138454451747,0.39901780783623364,-0.004497354529048772,0.0052498728883922305,0.011576321258555585,-1.2502012052691491,-0.10938587674151135,0.004874820287080139
-0.0003272730012707044,1.1564799237462204,-0.00038233591904669045,0.004189119242760026,-0.005261755324155436,1.069007696941987,0.00377093793188258,-0.003440978468626491,0.01970699218051386
1.2692525507495134,3.7299715802643734,0.0002532498269210981,0.0015490288217817894,-0.0040330711280796225,-0.0004698471308055407,0.0026470998738879203,-0.0755423106292003,0.5691846703034713
-0.7124322329864308,-2.6416666852075683,-0.001965131564906908,0.9989101592291643,-0.6112013096128746,0.0035401013095114836,-0.14039037938032783,0.19164434322311868,-0.004231016388529962
-0.02785767718074597,-0.0011821726914512812,-0.031733582079538025,0.007319893808124443,0.005331794453525357,0.0022072011348354507,0.6236875804874523,4.428752869769987,0.021570456198409416
0.0026094588390844185,0.0045439142103037115,-0.003031450557585651,0.6534486808831981,-0.00021837533732658228,-0.0009212041286154381,0.013565477271406123,-0.004534208813509272,1.9187966261139304
-2.250411313639895,0.0038056628747277802,-0.012837831466293886,0.009069030739158122,0.0017782749072312292,0.001435611153368708,1.1567855640099858,0.0592969069281267,0.023138683011458994
-0.01243002614958362,-0.031201512940206528,0.817718399515122,-0.007850016073667004,-0.014685663153248997,0.0011639188927452392,0.0030452096713205583,3.051657344141584,-0.0012189889756003547
2.198560639952257,0.7257367745558572,0.010237972313060173,-0.004532759112267599,-1.2178306017282572,1.311254122759294,0.2804391445698238,-3.563522700615456,0.012098784698748144
-0.9415439322317866,-0.004160375961168193,-0.005295591502185205,0.000996901514538762,0.03538349842400695,-0.0846467304768144,0.0023379063338147136,0.06579488629621656,-0.004125944630806247
-0.004914740694095206,-0.014014939055715395,-0.0016134683550415984,0.001082762448482685,-0.002262460605559442,0.0024757359855707315,-0.004948101299517717,0.01102329084765477,-2.7246208323754884
-0.03252052941340828,-0.799909022878568,-0.000882871809671934,0.0006777524771513591,0.01139796815207024,-2.73301891119206,-0.0016752644621655724,0.01948296952088065,-0.012288557108263598
5.374760674172373,0.4026301991877605,-0.0013243415537437242,0.004524479904666214,0.006281379520683722,-0.008886964803430026,0.002018574189019417,-0.05401951395606063,0.023695183355491034
0.0027418013779342146,1.0794312775923003,0.0057865283450881655,-0.0017059208373783959,-0.016284233893828916,0.006107364732041201,0.006282237307768106,-0.014220246912115764,0.006234929668835321
0.01103018866945829,3.4671515980753065,0.3452093660739912,-0.0056044026653345735,-0.016478775575607563,-0.01017740356755252,0.01358561855597995,-0.11830734269700471,0.007613523893483354
0.0065697273474422165,0.25975481385208865,0.0007869196560717339,0.0013754260127259547,-1.8652319266819206,-0.07265015970186703,2.678796090005694,-0.010379107113206224,0.07890380593767565
6.348878743257046,0.0025858787103585634,0.7519887986065221,-1.367462197603455,0.0038039372079901046,-7.105069386805529,0.012000686504673896,-0.10954303891879302,0.019333672758419684
0.03862497140031744,0.020391465211940813,0.1434439492836314,-0.002735676004314621,-0.008042467422026604,2.967571417789267,0.0018661862983440922,-0.9936459082376814,0.022128740037733657
2.0502267243356043,0.0024143482539369285,0.005822598479378077,-0.0050933409248655696,0.0002917209401144781,-0.03978339927907964,0.0015395599762064848,-0.06467285645068846,-0.0031042923158051128
0.00422415848536291,0.6756828210384009,0.012142257081640809,-0.00483927948909429,0.02307072130288999,-0.0022495800758790064,-0.00043148394498500504,-0.038371967828237596,0.006439723868682912
-1.4436678195219996,-0.6791065836962678,-0.0036386024920648935,0.0009904954645779762,0.0062381116998007306,-0.01022299544555303,-0.0007806285821182427,0.0603244928279995,-0.017844615322796686
-0.014796441637959729,-0.05488076546614687,-0.024398332683852608,0.0040816681193741045,0.9641043829294906,-0.0018114826462801085,-0.0015371114933227618,6.547008200189953,-0.009064732858596547
4.031447449926383,0.03089647410771093,0.0029647242743379154,0.002006641528745814,0.0004344303923167099,0.0043265491098385955,-0.056866212079422565,-0.0877327947436338,0.00980321236267423
-0.0035769845192751212,-0.021556795533904105,0.001717806228867299,-0.48097884238458427,0.5003210248182274,-0.0067286246771515795,-0.9718830063778628,0.009542912835934184,-3.0656804715593617
-0.9167254089491814,-1.072749114252656,-0.0027780821257121224,0.0029174886821390017,0.01560642330288349,-0.009322917369158634,-0.021238306287092765,0.0354970635196169,-0.005143644626281918
-1.1401410500126965,-0.006629149013644212,0.0012932069769692016,-0.001487251980931145,0.000622663589604353,0.001167082535881723,-1.318291051808893,0.017498526093642344,-0.01819293088220525
-0.0014982613541566132,-0.0004826853043313134,-0.0011836506765899328,0.0001275962066566293,0.8579494647783132,-0.0018730219639765985,-0.00034922026867901515,0.0025902273170295316,-0.0037800851932117906
-0.005118308046378368,-0.663111156475077,-0.2724461898506765,0.007351909994245433,-4.095070760339915e-05,0.00013696898679833782,-0.017068406151800657,0.0334454560135404,-0.006918019445512458
0.0002809710484401658,-2.3530600214804984,0.0012761840467953034,-0.6245041480839449,0.947495033009672,-0.010664598573104318,0.0035867320875228766,0.0011563593154156442,-0.23827359735259357
0.03141270635465802,0.6761878165595749,0.002388986009326348,-0.0016023805043523525,-0.00012185713352613065,-0.011761948529804379,0.011132346076572243,-0.08184675988228184,0.0709056010333553
0.0027790896270375037,0.983406147191807,0.4634476956265843,-0.03455500242730014,1.542619552756887,0.016473522916912432,0.018516950426323175,-0.027229048722812565,-0.00016154488190145422
-0.004352738010423266,-0.00145708624630379,-0.0942804705492497,0.3617160125268468,-0.002569436479771652,-0.6635094737097132,0.005298954054144595,0.009877491152884044,-0.001438194332596259
0.0006260903740874339,-1.1385332580754322,0.000281033007704809,-0.0038825885755899665,0.0010369313945805857,-0.4320637329234018,0.00036582409762454457,0.001965839568773284,-0.04615610197562936
-2.999224674280553,-0.005191255240260751,-0.4594093197582563,0.0033390789403389687,-0.0006331539095648653,-0.0031090143665989996,0.002054453903180764,0.2150593648181185,-0.0006791745557632733
0.01495557268867202,0.7771452675302291,0.009485630843922191,-0.0027681186373340874,-0.0006180923730320113,-0.008977553239580285,-0.006312698908650289,-0.2521826277560129,0.0041952232035880055
-0.3906768236144362,-0.05898133826767923,-0.0069274465796759985,0.000983862862837717,-0.0037807027350250035,0.004260973663391956,1.056510184206655,0.1935899323318777,-0.05358528640810731
0.005773647840607384,0.11226652922274813,0.0022682835278446164,1.2692510933813386,-0.5332486569496265,0.0027931273330383255,0.3319036360976272,-0.01305875817420225,0.11367029180826847
0.5769745055458411,0.0028044538889244294,0.0050183115738048,-0.0028329188492843987,-0.0016474628807852819,-0.017045504307351703,0.008026653389675092,-0.26624561661628654,0.00889741164700901
-0.004223195650537545,-0.0013611594404430404,-0.00013121751148608394,0.000991373021354332,-0.003147093380551981,0.0008211218638887535,-0.001556201116195725,0.00453958324646834,-0.004230761754780564
0.006912779656790231,0.914734213552723,0.0011524893513981255,0.0015799864272141428,-0.000994664747802099,0.08245552848713678,0.002101996979342057,-0.7390641131103275,0.025458927662792563
0.0026635505615049734,0.0020931858689784612,-1.7629922771655037e-05,0.0030411201405101023,3.187692487965691e-05,0.0010798286452157926,0.0029912701345510117,-0.0038620337372599726,0.015353807070322719
-1.3149920953200587,-0.005578872202397535,-0.8593972300757091,-0.00016014334793348906,0.3821825116483958,0.023008635356047795,0.003924808234972162,0.028265662552811044,-0.0062161181113037645
0.006794654952298355,0.39186621104890235,0.0013656441406923354,-0.00025809418639458136,0.00525609736060966,-0.014898331375531142,0.007876567796657474,-0.02155480326042545,0.04667698326776665
0.007736776903347927,0.2978807212822233,0.006515487875885448,-0.00015126529729824422,-0.007467875260537051,-1.2740568120056877,-0.0010666250688250922,-0.02752063351816685,0.02433672783377218
-0.30898735086692675,-0.007395776996759862,-0.8265893396002317,0.0333681737609805,-0.003807029726034753,-0.021408501269575945,-0.003394562013902213,0.06417360193878058,-0.006697169025636454
-3.78296157336179,-0.06187527563485587,0.0006258039309809671,-0.28877056815703595,0.03613679472756829,-0.0020024839416789664,-1.398402993000362,0.14873321528931283,-0.24093989321502107
0.22804104473549425,0.3582040198150293,0.0031365387724908572,-0.007307934379194585,0.010603983982327966,0.005353321869775092,-0.0005523100426727996,-2.9097357078242037,-0.00023184793239444668
1.646587199684329,0.004848614238124674,0.005312579709094885,-0.003692080322731323,-0.047221674511616095,0.007738392775252581,0.012716938403240728,-0.01984813815316407,0.00405446196386261
-0.021288363851652458,-0.0152190246580456,-0.00422891405214555,-0.0013051495672854183,0.0031051881000647478,0.00024223814839920396,0.003911286953177332,0.2162619229010924,-0.036628464225147976
-0.005128756946904196,-0.4493157629995853,0.0032301766262350477,-0.004809694354574292,-0.0034004943629690892,-0.0002296193688782443,-0.010553442223334859,0.00879942355791035,-0.037377637346950154
-0.007794615608549577,-1.9616785897282045,0.0006602284042375034,0.0013084105920753513,-0.014214509287222548,-0.011738741184720196,-0.0014292070074932856,0.014501890295995416,0.0017986376123518832
0.9509213119774057,0.004851415834874116,0.011840321249514812,-0.0053522348348658474,-0.001178096083538898,-0.003034235141760181,-0.0017187177379311882,-3.2265946993249517,-0.0014009287638190315
-0.0010270693151529767,1.671323617435567,-0.005751816473837892,0.0224258608820291,0.008341106173484557,-0.0012280422359030034,-0.0012274588968309644,-0.0010423561565875185,0.05674409653711088
-0.023221238264100323,-0.003578177608928956,-0.418149775150912,0.001170584333146641,2.2904340365142697,0.0011794319710078985,0.41278426410825586,0.026918667817595887,-0.006688714687674138
-5.504561093574476,1.4107029155882194,-0.0025432164473521007,0.006911736969053159,0.01158888960505117,-0.0022265600204887945,-0.002298049869708562,0.008126898577131985,2.4898380060053373
0.02580512627608097,1.0058327912171197,0.002392201701175961,-0.009996211494658812,0.02498982958967954,0.5691713013399949,0.07559456109550083,-0.9493751409396189,0.00437007793732902
3.4521389805682645,0.008703328882579344,-0.0017608004761021229,0.003316269513634673,-0.00459407537065201,0.46610580182791816,0.0012499852745078924,-0.010367242976692278,0.006740690028799845
0.008370060312840686,0.5270744329884927,0.01971107344548101,-0.9144250079102957,0.6960207144482911,0.15053659796577995,2.1709637629459477,-0.05849915223356837,0.012870394206680513
6.15161768557695,0.0008857576195443508,-0.01681823102867197,0.02848151065915598,0.0008974734828323949,0.008148272513311782,-0.0015892806963132243,-0.014377877009438468,0.01028158810780233
0.10303423953327266,0.00893030410887099,0.028941807834051647,-0.48298145149827604,0.12944390527180571,-0.010285468061540544,-0.005641439966421076,-2.726432994362718,0.0019360981972238456
0.007522345840993493,0.43304913882146323,-0.0021273373919463573,0.00864226436349437,0.9758171931617228,-0.14721574683146627,-0.015065296429504806,-0.016663197180615284,2.741961372933563
-1.1552364462619265,-0.009108347476256433,-0.5895389965479372,0.17143142034943493,-0.03247704042177414,0.0039030658978414868,0.0020312179467015558,0.03871940309630012,-0.00959511947028141
2.3607188105563033,0.003371377806786452,-0.00026762781569390076,0.0015666471903886862,-0.0003607518837075996,-0.006708880602241872,-0.000815043146585496,-0.026775637875269636,0.006974164230750757
1.9861570408895175,0.014427175656170844,-0.0028241936227901,0.005493812198485664,-0.06823122524216435,0.006367704608753352,0.002238600671719923,-0.0038324480283477872,0.037472770619184914
0.0033832632220728957,7.167577991007055e-05,0.005957915564598473,-3.508176256465427,0.002740257874168709,0.018030012662856153,-0.009426456711824132,-0.007149451464164905,0.0006945452785894948
-1.2308194076789767,-0.0012290039783765117,-0.00807230723812033,0.2880452288116614,-0.003657616099143635,1.3451948500820592,-0.012426516039976885,0.03845623651878849,-0.0036185535470748126
1.0616071559041056,-0.0004824761627866535,0.0008032874082531428,-0.01358561133917455,2.1256792667616553,0.0005798584794083748,0.0016264149353690275,-0.008373331614069644,-0.005005120553093184
1.613163508597357,0.01055130388725221,0.0024806271479872744,0.0008609016882360136,-0.027568601768486762,0.4286359531074307,-0.0015426263977898168,-0.04437768338893496,0.007270480139023067
0.0015770240040121485,0.00021598098504647383,0.005345671172793685,-0.6735277088281467,0.0013229390595624144,-0.19560790452107144,-0.006769942287166789,-0.002585432952560676,-0.0015069865640870547
0.008784157933765786,0.08328256209926942,0.007426024709020726,-0.0006777933416206132,-2.2666251031047553,-0.9343660615785369,-0.0028671271618244737,-0.01883731004444122,0.03588328915870896
-0.030062011562272693,-0.03244265311292551,-0.007753383295686103,1.6768415115621687,-0.06139269577159638,0.02794206953373745,-1.6346315123567168,0.7601972588556568,-0.020485381673237296
-0.002305255154078569,1.4995375951712777,-0.028237463861426393,1.1023054591722894,0.023102341887438278,0.0008586537331499661,-0.0021055222199749465,0.007700561475461349,0.013227464772197939
-0.0016777566859990261,-1.0679057657012798,-0.0016735248271957728,0.0005160900505755919,0.0005806680031801388,-0.0028321361098014165,-0.004314169307185915,0.008854022582928143,-0.0094580985009734
0.7268532951922877,0.0071376315492267875,0.7741579273250858,-0.012952818722476639,0.0037739280247498135,0.9685569997077079,-0.00015892668600797633,-0.060371787228234164,0.00529725324634045
-2.1264577609763373,-0.5946398453113912,0.007765616899058608,-0.01419689035778647,-0.01242101023168464,8.028732792726527e-05,-0.003225142692416708,0.056579287813464746,-0.5440352168862219
-7.723859867798955,0.6247987056828719,-0.019378529058075356,0.11002922711271225,-0.00688891872782673,-0.0642112536092419,0.004901748440414744,0.05603194511511707,0.03987273545295711
-0.0015952506140499366,-1.197879987132289,-0.00024283222895460366,-1.3280060787327037,0.1151296800359235,0.001586981997900748,-0.0013218877111917902,0.004044086776324661,-0.09337228971412781
0.00020612716475884146,0.0008131271201902002,-0.00013203365167987457,0.003848350642342784,-0.001020301186401529,0.0012859870381329327,0.01660044676898271,-0.0008892442262646643,0.006877536748075574
-0.00715394978993354,-1.576655048944577,-0.00272725915460037,-0.0006920745535806752,0.011627110768441988,0.0006165378322400832,-0.08567636795686817,0.39514888950434013,-0.13654947055571576
0.0050333412727031224,0.0023714734077309066,0.0009212300545344485,1.1172644419402797,-0.0070547365046949966,-0.028889419322797687,-0.005987544096034952,-0.006859143132026958,0.012010757182481527
0.0015358167144843594,-8.32466311492374e-05,0.3081598883273103,-0.04289055898850172,-0.00044110368335754577,-0.010435283652371985,-0.07085264546045097,-0.002503930347503038,-0.006867641076456956
-0.2771031701460386,-0.023471800067135735,-0.0033746773119950613,0.0010371916370704834,0.004047204888019054,-0.003069009711689657,-0.0009687156560588498,3.0712565092278097,-0.01191113900225993
-5.485126482162959,0.7106357701389662,-0.008037232359626528,0.022744082031933024,0.0003519482356045614,0.007199473104926938,1.1776284490287912,0.013387011269888269,0.16652585033722422
0.017303611250622075,0.0033637406819925497,0.6315782664408363,-0.020668315889294436,0.011102142283644903,0.0687602253020017,0.004007431919941808,-0.05642998643853808,0.003783996246986006
2.7334254492854644,0.021513002903802987,-0.041031590622198966,0.011696538447414022,0.0007079418796540598,-0.001956981269855165,0.21968190018098308,-0.006441673053400081,0.11865181779785505
-0.00029419686428996223,-1.6744087103111998,0.0005863318685823127,-0.0013438432017609289,-0.0009371739967644066,-0.0015251257086245755,-0.005156643864193233,0.0029524668850973313,-0.01256785716662423
-0.011500590975287186,-0.005719511818308289,-0.10288564890588797,0.006482233511268584,-0.002164430835256124,0.002815036420637712,-0.019088864127297177,0.08290004681747423,-0.010952460516682791
-0.36043711427007347,-0.004541291935851126,-0.004053106502989207,0.0018643536370254658,-0.0028528513959449105,-0.009198036724201468,2.0125546008661193,1.8354739948239427,-0.005558593425005587
-0.010558149044261405,-0.034993867663204545,-0.052166849110747204,0.012390434795934428,-0.026401956686670995,-0.0044787161417739665,0.015159546839187752,4.405578867432897,0.00038729088888866947
0.006777179270150958,1.3024141639917863,0.009159202850945874,-0.002810662182893832,-0.0011085195914822491,0.8841129134177941,-0.02594556929924949,-0.03570473705543011,-0.0014906455941834373
-0.016109969358596377,-0.5462270274132193,-1.017184844559615,0.004843488449964073,-0.003428706413720877,-0.007847482874006793,0.3479681410174693,0.04474966914162526,-0.0017355993447044082
-0.7245823946982632,-0.012751240074725292,0.005083059650465904,-0.014862091759599558,0.01764290548084262,-0.021620146473428085,-0.017401417979193215,0.014768479269265236,-2.188157911788543
1.4019090802975096,-0.002108175111795141,0.002448730669714183,-0.009305301764571538,0.9467421155136038,-1.0273188341966912,-0.08551202286888232,-0.0142273715069608,-0.012275326341093823
2.4074711632757513,0.0063455806861590115,0.005796585898879228,-0.0003010196955051728,-0.36671136427522033,-0.15283879088723257,-0.007098883193017657,-0.030239249361368938,0.005096493008883596
-0.014664283292143965,-1.6414832056936013,-0.0005463111921690939,-0.0010385201353861426,0.012557670523053881,0.0032515295871296873,-0.029447379366448298,0.054963061916011906,-0.090066080131324
0.12346517984837554,0.0097257926219171,0.0017625941042937326,0.0012861405773489938,-0.7328715374462844,0.005870269898712265,0.0018988302685386971,-2.992266291102726,0.01810945374535916
1.6497845463293315,0.010435001695036366,0.0030166126576799193,-0.003015778873177722,-0.001983696534839224,-0.7047879317699921,0.03634658083338915,-0.029925647804651522,0.008514012789231695
-2.833927534336971,-0.6704918255421767,0.03078108859554829,-0.6593257948110077,0.0015582067428651248,-0.0003890656988521553,-2.146511928854955e-06,0.0052217806701245865,-0.02076237939782466
0.002246254265589451,0.0004367448369907148,0.21649108603416264,-0.014722819180776215,-0.016453349671133606,-0.002769449703553668,-0.0017357445957161155,-0.003414465729797256,-0.0004170546895552532
-5.5283186262935855,0.000804534962982678,-0.09499298555106961,0.44008509756631553,-0.00014696571696574956,0.0003667733222633223,0.007298344652866197,0.015314905163006723,0.013238619130344187
-0.0010085652853058617,-0.0015975644757161359,0.0042317292240640035,-0.009583195641557834,-1.106002904814541,-0.0020519296358242033,-0.00942806610441907,0.001515413317423088,-2.460482179192359
-1.7825427696101048,-0.02025344666589181,0.0016760164710335132,-0.0022436033984276986,-0.03379759490085163,0.00029424780789606356,-0.0028819375092752004,0.039989078037698404,-0.04446780692085506
-0.0326092667152858,-0.010887552326120882,-0.0023066686033054173,-0.0015997475866489468,0.47942504383623813,0.00043501114946132717,-0.011063738091278702,2.3687953060059628,-0.029687049960296807
-4.664803992600965,-0.05470582116169684,0.005821365511387483,-0.02965354485731153,0.0003916192681792906,0.04345225344157925,-0.010052493186300476,0.021446367040149066,-0.5475760083803074
5.990910228426952,0.02909352784324927,0.01729820363152862,-0.0055014922925062885,-0.0012971703378277105,0.009397697679256316,0.012664745941713414,-0.07674127998745182,0.003852753573236112
-0.03823542003683109,-1.0800042228577342,-0.0019663580362856425,0.0005661108096463195,1.3837021600546657,-0.006135172030127621,0.004301286338414374,2.8519171658809226,0.006817734543585807
0.0017117520852917034,-1.6603379127555555,0.0013695217491220546,-0.03444746250546236,0.02683700381394246,-0.010023586806940425,0.07019929040449194,-0.002508513127610412,-0.03760691383364456
-0.00289361393881119,-2.357696726853208,-0.001469659776960175,0.00243889492574167,-0.5613786404641951,0.003940366283224588,0.001169086182070577,0.009705529891174586,-0.008470676789667841
-2.9168340254557075,-0.0008425115721603809,0.6634499957452316,-0.05281568484678395,0.01250780701678083,-0.001210720509525835,0.1787812656069243,-0.0008131677376458646,-0.017782420859705217
2.731635293551374,0.0027637744609031872,-0.34415743742328697,0.006731742092881701,0.0017383953065052138,-0.00905370143998134,1.1524885509535818,-0.01085563865874116,0.017564846120615873
0.0004743520873425876,0.001181390281310821,-0.0014401929912826522,0.855185382847287,1.131381832237787,-0.9496250533605587,0.005613338686811267,-0.0009801517991121843,0.008768172525410116
7.470332686844787,-0.01267349206243725,0.007769706999373738,-0.385616595499238,-0.0013735375040018413,0.017915558936549454,-0.004894968838597063,-0.006204066394482913,-0.11227190112776952
1.8469414453588624,0.001090541692051842,0.32125408217847795,-0.015618917599043644,0.004639889983091658,-0.01825156276728569,-0.018212108602845528,-0.0462218521483419,-0.007846145042108066
-3.2050175794458324,2.744102933699316,0.0011694799658211463,0.0025890614003932647,-0.00885781677172955,0.7729606544050813,0.0034845180796357726,0.0015069251807014218,0.005629698977440367
-1.2028303861742966,-1.5980786225073613,-0.815839767831827,0.3350016919899961,-0.004120749959660788,0.0004788856982890083,-0.010687856807307577,0.06629234478986379,-0.0003700608149601603
-4.459070447308923,-0.6672001848589879,0.003197201615275147,-0.020781828147403578,-0.00623749776944519,0.00365296309322737,0.008410213529242663,0.02312167038961851,-0.1594783706666485
0.01339416512403089,1.546080322172143,0.007434233305270488,-0.935011261475497,1.2503208843707918,-0.02222898563200554,0.013988214422149509,-0.25724677304703003,0.004875376644257079
0.7314458967759725,0.014903411825399795,0.9525300599601945,0.00021774747377519,-1.111520593188365,-0.0029053835777966084,-0.0002290728844495868,-0.028757840324747708,0.01809542410912754
0.001147115856629838,0.0003978004536667446,0.16304812334395652,-0.04441300982681973,0.0046471282605905365,-0.0010045516714213268,0.00013558725019180358,-0.0036078124993569865,-0.0012275177192585755
0.06107393546023551,0.9354523239446083,0.0014180868248592493,-0.00032433295949649537,-1.7098290444448851,-0.5615859441019129,-0.0035768176313366803,-0.022051186112511105,0.012813530749697266
0.0024544960413053723,0.35860236676782103,-0.0006630917457136915,0.0062385725105801,-0.0004799091366363135,-0.004398777309315477,0.0010928409927083152,-0.005855173402754134,0.08586068079331138
-2.9598626799956573,0.005858670135450253,0.0006010611920229808,0.004777291521265178,-0.05342513865613238,2.176661826946064,0.001497717339340108,0.0051126971622916465,0.00928883819603138
-0.006485301646379213,-0.002300621426151433,-0.5036055953342546,0.009360579563703328,-1.9818401216565715,0.009601888704626572,1.5844352661142036,0.011985702613190236,-0.0024304736994164057
-0.06266861900057807,-0.00045956405570837106,-1.1451503856675582,0.05973711779049251,0.0005750339191204447,1.0795681869501417,0.03773052872289566,0.023629556081945113,0.010439758248160624
-1.7945081949119395,-0.07028175786477218,-0.0019086189966431577,0.0023971134207673543,-0.019002494901436632,-0.00918187368002819,-0.001516305413050807,0.04469861772991873,-0.01659823371302027
0.001984068182120388,0.000606881458084653,0.003355136248431239,-0.013523405307412016,0.0016712608231705267,0.0015458234101178073,-0.0037849182847416985,-0.0033344094235179984,-0.0016892205587002206
0.05693744380960072,0.37872853756300684,0.005575648431167188,-0.00038265405502245357,-0.015345506610624806,-0.002062903764677302,-0.0038954456881403984,-0.23986274840753374,0.017665744786697524
-1.5971587781936418,-0.22796133434576688,5.4804764199001266e-05,-0.0031175229597833354,1.4249635934916265,-0.002153039369094357,-0.17700147246258363,0.1592077078382713,-0.021345481602006167
2.103611631432732,0.008218956709793302,0.006276931644969674,-0.003176966750386454,0.00856319284051162,0.0024111552148291045,-4.223631217610046,-0.19014296202465605,0.0053688300004199885
0.005451324687412036,0.21601309488156134,-0.0012366788136789451,0.009292171652334971,-0.0008640155333486743,-1.1341602115026963,-0.003204537220076649,-0.007925513590358778,1.2410549565707085
4.034683675620444,0.020358879532514914,0.005291122941538051,0.0005384546128012438,-0.42645208275434665,0.9695026890726948,-0.001625783159511127,-0.08967277462560043,0.007272669434374324
0.0036621544076916503,1.2237057663410242,-2.4304559383570012e-05,0.0038339154040889153,-0.002865085178766231,0.0023136273173547444,-0.005019993036181952,-0.01381285605484148,0.022607580175115882
-4.387852434756634,-0.0008752686975923062,0.22450404640796684,-0.011425074747555622,0.005186214607737093,-0.0010117363363988498,-0.02587996930132036,0.0026495348581209305,-0.012375644603952352
0.01802409811061411,2.981773450861515,0.006063426104757075,-0.002664085454039381,-1.5408020788304717,-0.0064296661179524366,-0.010034530688777958,-0.31773289673299693,-0.007575937679541012
-0.007348898478406116,-0.04067797975066828,-0.0043784810811959285,-0.0006315133642546458,0.0007659851977483319,-0.1304334987038172,-0.001099481847487857,3.647488404521881,-0.058391615645444594
0.004592993542354961,0.9697935568645883,-0.0039815181807837455,0.005642225632675298,-0.002793738692050473,0.0009576011630170423,0.1532830489546439,-0.00623275460665681,0.1793973889183853
1.373095070780105,0.004041025045386857,0.3926577433960914,-0.0012309874490736283,-0.9903228721872304,-0.0029374192765938218,-1.6949232013175566,-0.039713048240704124,0.010172282329323934
-0.0007763315066737475,0.0005378522205753292,-0.00260883901533132,0.16597540162761598,0.0035828313130854238,-0.5056268765205573,0.6162858929113318,0.0009272948646343428,0.01013919632352262
-0.03817568542408056,-0.023837986048342197,0.00020472282208865416,-0.0006346208557769057,-3.5694289397420143,-0.001930822702814884,-0.011987258088024491,0.03736906809913432,-2.275123064115781
3.330961912644506,0.0012656224588104767,0.4908776037347007,-1.0802413053121462,-0.006018592145267898,0.0023935764008361964,0.011035359780748683,-0.03307440074304657,0.0005274284154391795
0.0437319543686272,0.016670316163715525,0.01649768060825027,-0.30855874774299347,0.016415197199523404,-0.00019737593414575588,1.1729364864168934,-1.6687205783171015,0.007812375347820283
2.5255603681349976,-2.5462058924392355,-0.0006027067011268733,-0.004224989257780244,-0.0029885079314783992,0.003658601334373888,0.013615373656795424,-0.009268906459190106,-0.03052919897255557
-2.9996652848320493,-0.003871969254841351,-0.002079091529598634,0.0032647924489319783,-0.0002869165442572659,2.5776559772986665,-0.0535429386330446,0.025433307250186638,-0.0034474985560176696
-0.016955962645006834,-0.13019703616782838,-0.003093331001768642,-0.0004913848305442285,0.0022029588165910986,0.003223107377493576,-0.0016631622361736797,0.09550205442643718,-0.03450515629126891
-0.01392981742419159,-1.3377439434133835,-0.005822432305819442,0.005944101242720795,0.17474229846876269,-1.4490267244189303,-0.5034281808311694,0.022245787650625938,-0.0002141705068413602
-0.0128624693497984,-0.04019985280112076,-0.3158313679622302,0.002558914853376164,-0.006307907729876729,-0.0008615071513279138,0.008757713591263783,0.13411554095761818,-0.0074795433714924045
-0.00010373199820351835,0.00027439855969789835,0.001031939955168119,0.0021867860452108555,-0.07036935963094118,-0.004646957250012564,-0.7520877816424675,-0.00025988750666452526,0.0012309838728838556
-0.005474827873905198,-1.3052037193626038,-0.007014036764071807,0.6340023328639796,-1.2381022886608322,-2.9844681151840216,-0.01562709184948491,0.030010432011664645,0.0009642952038267927
0.006409851557882797,0.41572808471665595,0.00026662622781242415,0.003792169843830569,-0.014715602797713535,0.007358789455976528,0.3545281549138799,-0.019970777530192586,0.09414046635086293
0.7248539412564017,0.021785903361818442,0.45519870455734956,-0.0039890346400439855,0.0002335126634013876,0.00290136317346977,0.001316297040163377,-0.36352586806332865,0.010834023940696963
-0.004290406663709686,1.8959863107754633,0.014177531437469193,-0.001452235975242449,-0.00021862294878854244,-0.0007407131380983598,-0.006980790554929207,-0.00266027938516376,-0.0037030295007978165
0.005156677357347943,0.01126032540228494,0.0035750301330729145,0.6151221660836856,-0.027627107629386468,1.6381389749475022,0.016067661449956985,-0.011566760866345486,0.09687225206137179
5.565341772111958,0.002392496693185378,0.013534295636935811,-0.010219643323088178,0.12314075300957267,-0.0013465127014041442,-0.0071908338824016645,-0.10146690693537234,-0.008785290233657372
-0.001508283919279149,-0.000548144919769484,-0.014718498489892562,0.015191195947371712,0.2862335461062159,-0.23504298925640912,0.03470137862937748,0.0024904280833465972,0.0011047752377349447
2.843906787983374,0.008814196333967506,0.001781639426761572,-0.001688331517804951,-0.0005309566692566943,-0.03013111666936803,0.02434168638763583,-0.02044311409801078,0.012109406794321542
2.713283474889307,0.18576111160287656,-0.001018566178176722,0.005370528801477592,-0.00014533445961118635,-0.023359529820051805,0.004639555903711512,-0.04135379090201616,1.8761699197135044
-0.0561506058637277,-0.003256501766054104,-0.3203572645328725,0.8316106550093476,0.0012928487249476775,-0.3861191315917202,0.003766928865107908,2.3114779509182526,0.007074257483186186
-0.0063331423284247665,-0.008812271712427617,-0.19186807797224645,0.0014441437758453812,-0.008440206195697351,0.00027751667573188213,2.725348335597327,0.06315886127160714,-0.013882352773500254
-0.013981895842502907,-0.5910227560367716,-0.0027889356714832295,-0.0012527103856911632,0.013229556612217735,0.0027780279798793185,1.6798593464761304,0.03248992595143092,-0.01824658745527194
0.9681275565726246,0.0002044836741545855,0.00045125642106928765,-0.006742518711316437,-0.0010455675040742397,-0.030126716583669423,0.14528975504871697,-0.008919428156346356,0.0007715673608386375
0.005998677786012267,0.10034735799591944,0.0019992257953051484,-0.00041008133622855484,1.7607944464219742,0.07044567062702704,1.532891555086299,-0.01337245849132256,0.2382208559661581
4.956653529793685,-0.006924791018975018,0.003154321893677675,-0.011751741654362866,0.002382502429387045,-0.004416543657105559,1.1166241682119322,-0.016644994770045114,-0.02116659202869775
0.1353286102391159,0.5038526208896024,0.0010599083151570932,-2.1511237000729886,0.0921527146964824,0.018445565107723903,0.6449350926496309,-1.3072649398382712,0.0683085196971438
9.114948762452762,-1.5557999941595981,0.0020443747944813295,-0.023348757778781024,0.09995404066266245,-0.02353515652141835,0.0027925319806744765,-0.005605371959570406,-0.06450326010618657
0.0032613983866889677,0.0005873841556893779,-0.8733188350971957,0.00046546752135048775,0.000597903816623087,0.07066322608965123,0.003708276295557791,-0.0032468281058950776,0.005056640445385868
-2.0874133883557566,-0.07991514384984699,-0.0016789341065107585,-0.0006553450151215244,-0.0006383010106056648,-0.0024727911053643065,0.0007043641628926437,0.08216090904743685,-0.012967227462433562
0.4325360941958598,5.9906460609386765e-05,0.01010204604390788,-0.01425993989057224,0.034690482602810234,-0.010336596164359961,-0.05707473240476084,-3.353866201060377,-0.01533164479756366
0.00449081759706414,0.00036209526005596385,0.003179435877934256,-0.009820651719757552,0.002141357832195935,0.000254551946670792,-0.015888887074043054,-0.005695495693137017,0.0002396714045248405
1.0449968592096281,0.005531588959009885,0.07837313472370439,-0.0033243727939571317,-0.004964583135447504,-0.2798500039151591,-0.0031262974047080506,-0.1569544901048998,0.005888464723790857
0.36620283809898885,0.22618799962858324,0.0067157436628393075,-1.1447856636694296,0.04229981961501787,0.00040682504089305715,-0.0027580639980447873,-1.9095952857934901,0.006166859763821475
0.014858196717131796,0.09317552064972773,0.003085842724534718,-0.0006755099250057989,-0.04476699861349768,-0.0005646806275248866,0.21797801091243688,-0.026604090802784357,1.014948322169976
-0.0008722158244909166,1.4982877725577666,-0.003551070547635801,0.2106783781217806,9.78758057338918e-05,0.002642255376140505,-0.011143078521629997,-0.0005427501945927038,0.04038676624217774
0.34429664179745956,0.009541362259616201,1.3339808373827755,-0.009962305737669819,0.0070372105089930356,-0.010619270597406083,0.00312079412183763,-0.08876675649923738,0.008273749415295878
0.001359042605398716,0.008255772034101145,0.1267659611558264,0.005296215593454504,-0.00272321798966335,0.0001531759926108442,0.01535003174858907,-0.0077014441514352446,0.039261812238708234
0.0035421445328729304,0.29209934475773014,0.6847577203283781,-0.003535812490957732,0.00979667634254178,0.006672091189135164,0.003427637640085218,-0.016675635516760323,0.012190351395155785
-6.370553679564649,-0.013299923072591719,-0.004634175129837853,-0.0005565276650845076,0.012995467597396039,-1.7959052772566102,1.0498392399027274,0.035944626868344084,-0.002708599043655835
-2.1144965899591526,-0.052559197166431884,-0.0006474058745095032,-0.0024155109829647656,1.3512662400898783,-0.008676019694135489,-0.00790807560259575,0.031143732855437974,-0.043599017147745056
0.0032717212886710476,0.002773032422350522,0.0004352628538123411,0.010748676871428782,0.003801253405320677,0.0024481165329835724,-0.02811609784869657,-0.006034351913854446,0.020145828256785858
-5.09357791263983,-0.000375224616263059,1.18222885400505,-0.06696920083222846,0.006501012559302053,-0.0037996421464409893,1.0973528017688654,0.014192159832870532,-0.007498417567304516
0.002519770717497782,0.005143727012520703,4.682609764445665e-05,0.02053064948288854,-0.00274471718553365,0.9019365521834866,0.00978293949343503,-0.004474026930226042,0.04594745857270803
-1.467973635195344,-0.006579726405331921,0.004168015427817272,-0.0015924268594750234,-0.00569351089349452,-0.0005122914931370778,-0.014172453574172955,0.01317434103482415,-0.016358139715810738
1.740593871763431,0.016285253433285227,0.050889862473717185,-0.005338186358369581,-0.11437989934361367,0.007876911778347555,0.01711119735810808,-0.05706057684659299,0.005165454136149994
-0.011240944772246629,-0.004492212576494145,-0.026701963744208967,2.0932209184738797,-0.018120883703807336,-0.004331201449321357,0.005591560029908442,3.4663770432409926,-0.0036325065848093474
-0.015573310552409238,-0.016424016882811424,-0.00874611110687426,0.002492056255007687,0.0033537495679699034,3.813627940152384,-0.00396135647667919,3.3093674613882507,-0.01274530506892635
-0.021408588865475794,-0.011243330613443701,-0.5353718210306367,0.020395460384590294,-0.016861362440520906,-0.004665072288223956,-1.4428679042458432,0.11347354873617366,-0.00975700777463516
-0.0708106299858929,-0.011735316185335578,-0.021486135530546326,0.0033568915621463224,0.0030667481530213822,-0.041468455789282904,-0.00021444169471322174,0.0992182807235808,-0.06368825551631835
4.186914605218335,0.002275486634962457,-0.17675428488690548,0.009081496852373805,-0.0009069712374102073,0.003626589436712452,0.01105588641597862,0.0029499807209335815,0.05482018500285957
-1.0974776840314566,-0.0015491358736083012,-0.001073368240597214,0.0028364012881552897,-0.0032410256063155132,0.0025604477357213853,-0.0006768638969701091,0.017708628539996794,-0.0036446107543701978
-0.006799407906773424,-2.0958993733037365,-0.007886676366883866,0.005802495463963947,-0.012529243503775829,-0.015599861740299748,0.013699022141360429,0.08797946995631245,0.008201749994496965
-3.256769708044478,0.0015535885797309588,0.003232791998015655,-0.0003171593037632326,-0.002260781422133094,-0.00990794872562447,0.0009624411744870963,0.002189546255499112,-0.0008563633320530228
0.10697735277121698,1.4680472085164018,-0.009016592392956407,0.007069612295810746,-0.0012991916074504388,-0.027765990306183094,-0.004949501668639434,-0.006212542189682152,0.043411378999917316
0.017593251036412447,0.3978724457600454,0.004154209772374053,-0.004063170500905057,0.0092825890370126,0.00027801168255748,-0.0018843407314673697,-0.04387913140063265,0.009413126921487575
3.306279939468075,0.642910590989253,0.7786466896439332,-0.0016599479257199956,0.0006685066664855778,0.04649632533139275,-0.009770823906680812,-0.07784065586966582,0.0013745618621965328
4.83854695724345e-05,-0.001333021409527218,0.004813589248007651,-0.7809307700287249,0.001050189728646696,-0.0017157826432701283,-0.04780118904706566,-0.0005811690660039032,-2.559101861735205
0.0007871366305895297,-1.6212180716161289,0.00836710051871667,-0.023707672794800655,-0.0008966857105634288,-0.0023320700262062025,-0.002391336710484259,-0.002055924574716402,-0.07277813185542881
-2.794016957496727,-0.9978899060271622,0.0003944824894601684,-0.02430957880741806,0.012017523599779475,-0.007628289354016748,0.03705572970298804,0.02327909381447096,-0.04625999720792873
0.9854691393480082,0.0020594827110289853,0.007198011208413235,-0.676707238917414,0.006966659448284944,-0.00030358739585169194,-0.0032261161473739882,-0.029041372375524496,0.004565252680241938
-0.09172637068397849,-0.003218119262339764,-0.00662655572082782,2.7184391110568478,-0.006936435244190284,-0.002922115865029222,0.005873319666692049,2.287118503514044,-0.005605931441348022
0.010173876677041005,1.3782180101564199,0.0071725027902629634,-0.0032582444379796217,0.00042482601839787144,-1.9882856102047244,-0.01613745970081998,-0.031134079791091333,1.4534306115976392e-05
0.06377084345773795,0.2332399189942247,0.010030819925266166,-0.005666021720294781,0.001057280496572232,-0.0018782736279148325,-0.0023604435014886477,-4.968898425225239,0.006114899747060587
-0.000718079897925323,-0.0032758281626408224,0.0008884433762781673,-0.21343954835296636,-0.0005463636699123743,-0.00469837593919692,-0.4533463759702927,0.0019850005636453906,-0.5420652498981244
-0.13535532551312524,-0.0014210711058696701,-1.0144996877548356,1.071802353823819,0.022936932786956327,0.002733589158400284,-0.0005385452016915043,0.027075527719576664,-0.003460560059073192
0.024081958106476044,0.7330242032367968,-0.0015306752656872036,0.0031130661134876683,-0.003774920521310888,-2.4322274962512656,0.003179751571551567,-0.012442242678808783,0.7676761964388046
2.908316837137234,1.562021940438636,-0.0031803563362531595,0.007302098288184039,-0.0017101372666895424,0.0025679925861353805,0.002742384696505406,-0.014781543999384403,0.08432834521776122
0.0008825383192377668,-1.315468869845987,-0.1866316207240244,0.0027032284797355727,-0.002038084239144665,0.002374462202132715,1.2588907591028133,0.011228349098301907,0.004425194690140022
2.467099200201714,1.7151129383597818,0.4297355391905313,-0.00686784394215012,0.0037341640666233022,-0.7935452496021649,-0.011382955141336887,-1.4537071637170946,-0.0006142002227305099
-0.004025432599679111,-0.915507936356154,-0.0011863130499794525,0.0007279079783578,3.540235071551427e-05,0.013146753716478506,-1.464515728134232,0.010518532291535038,-0.022939598750969625
0.04931137363987402,0.004242843201311747,0.050294114970499904,-0.010112695374399428,0.0016870876511149878,-0.3509436404312216,-0.020468387966474676,-1.6649252571654711,-0.006880273372247378
-2.54127603821496,-0.00888098731814708,-0.38143468492099686,0.004920260011115812,-0.0005354160240779553,-0.0059095090180575184,-0.0038263699758173883,0.19170916128712512,-0.004642708284565533
-0.005663252618115143,-0.5232871095398411,-0.004640235477007586,0.002897894102996649,0.001687485479973899,0.007547981468231661,-0.0047961120005377425,0.014803693518893046,-0.010877390604342424
-2.025046489538492,-1.1846943552562474,0.0008133347833925164,-0.0005224415883746236,0.0003921088364428442,0.0010040996345391847,-2.126933324304863,0.017966085008125566,-0.0107018095143252
0.005607580839170048,0.004844003734525988,0.03576158713377831,-0.002430170050283096,-0.004722914224305259,0.05581406517498296,0.0012683819395975487,-0.016822764644734037,0.0173154697420293
-0.025160582581181888,-0.3822974777150879,-0.0007380216037204401,-0.004555034473270601,0.5493582000070494,0.12597892340803557,-0.0015750245183367515,0.8545842660186168,-0.050652226988331495
-0.7980513715842155,-0.002121957953371524,-0.0019546967605689122,0.002490479124443732,-0.004681393897399093,0.0027134152499511924,1.2780857290220167,0.02696778188379746,-0.004364637453472826
-0.005789992728830219,-0.7716459024007188,-0.000983762170447787,0.0023061467447654154,-0.21672583660216493,-0.0011587216894161003,-0.9579046983288894,0.018082744957127524,-0.026764179894887774
0.022332170530722766,0.02252371375079827,0.0021041660790827206,-0.00011190521046707246,0.0028775458881190206,0.003149092207645416,0.0010372480851375885,-0.9238177594473532,0.015814524079101028
-3.448074079596627e-05,-0.7902858336422057,0.0018174171843479414,-0.4683643815070735,0.004163498833710585,1.4185471440926414,0.011432066278159337,0.00027873154985883246,-0.030396671491032312
-0.01646595328298594,-0.8506474186932966,-0.16105267296671233,0.003661872109368275,-0.0016553665311457117,-0.5030796901995888,0.04463413619655089,0.09451102825112465,-0.015362328123809
-0.002337519026583044,-1.039458507737409,-0.023494883481363527,0.005897136936097424,-0.003084176689761112,-0.8164217199354024,0.0047121430384975665,0.01635809867341647,0.004597801678172364
-0.40205356863804786,-0.0166395689986342,-0.0015783018341371455,0.0007370447730606078,-0.0016570241468616739,-0.0006960680892768744,-0.003978108288365115,2.156672382867735,-0.020746638871614154
0.0067371144997951824,0.4240710970441186,0.004165935214285172,-0.0017692857499707804,0.0030900882338495595,0.010145638944530426,0.0016371964807912701,-0.03516447242350719,0.013845686070995372
-0.0023189722236466315,-0.016995707756917014,0.006971283736760072,-0.4924089059226994,-0.05300533552915635,0.0002668936086587985,-1.6663464434248794,0.0025177706144591423,-1.5969693052250664
1.23422838513493,0.007624437183557664,0.22267192868403018,-0.0016891059855252862,0.0021720309052198168,0.026772360989066882,-0.037819669398817576,-0.3395538780623337,0.010719548749852703
-0.003838520771271306,-0.12644499005436072,-0.0008268374205826056,-0.006339337673263759,0.005188843739029095,-0.9298663479248706,-0.001879121245152196,0.009790420958844285,-0.6894744054242161
-1.9912979754633877,-0.0077927138928757045,-0.49504781272500686,0.0034584247696662213,-0.0039724419203729915,0.8221994812658476,0.10454361015841981,0.032192725165118646,-0.006432016355789938
0.004498063123019886,0.0010743069301696676,0.422502716745332,-0.05674890589530983,0.021740332580138494,-0.0006906415139094919,-0.00615880248086479,-0.006853598454423654,-0.0002792704908124409
-1.7279122326269905,-0.002705900820032147,0.002875439210774308,-0.0015153701273163973,0.0009589020841186376,-0.002037322119335406,-0.010300991174576736,0.01442073708327453,-0.005266438498278181
0.0003173196026620929,-0.8619930202074686,0.0048705780500920975,-0.01156682573207557,-0.00031527264319162855,-0.011227386164507983,-1.878266265373219,-0.0011766696910948914,-0.508021973004662
0.002671346406501455,0.0015949619789087839,0.009777854882789719,-0.003925006810615227,-0.13709406341797703,0.0077264112287181025,0.8906752043105959,-0.005946829447762456,0.008525167939376174
-0.9646726808615296,-0.5457437474968923,-0.0005860377383194934,-0.0012032526011334249,0.009488036020055279,-0.03219842875167528,-0.0026285089337056144,0.020857507925701384,-0.07305741151129985
-0.02665444340710177,-0.022563637743783463,0.010780376455188811,-0.023457688223083195,0.0039807006733310404,-0.07640228273035965,-0.016300380475136707,3.9787908973744885,-0.7004092173659089
0.0006444099126364632,-1.7619260820577858,0.0021510064262838385,-0.005339169871602177,0.005729111378030255,0.0021569794568149225,-0.7326931533583365,-0.0017994889766340845,-0.46124456874096076
-2.2203809542323096,-0.004216859313445301,-0.42447294745177544,0.013244245376884733,1.4318826414132393,2.000943974912451,-1.6998546790310969,0.021757384662834306,0.0014130403347598075
0.0012731596252114688,0.008543867689208576,-0.005772779518537198,0.043507507676147424,0.01792358032648335,0.00746452395728948,0.09134282579467559,-0.0028198211694829625,2.023416143992758
2.278216225628748,0.008143476448334797,-0.019294842538410406,0.010186481050986455,-0.708722871011132,0.4333203997811746,0.035196237466450925,0.00014707602931814112,0.08130197560678432
-1.6693141743387507,-0.01512002902695932,0.0021962132328376266,-0.001450338507932154,-0.0015966802516495168,-0.07699866429015527,-0.0058376636300619756,0.00798980327252467,-0.04375522540983323
-3.2929913722854893,-0.2800689799030208,0.008754453585691518,-0.022739945521321497,-0.033396738594818114,-0.001365433583875472,0.11817818873103864,0.009818708679994214,-0.14762928475372172
0.07544438221934004,-0.0002770171073946995,0.006549740195368053,-0.0052676364424802755,0.0014779186442412384,-0.3328436887026567,-0.0019318086331473697,-2.9816671535038637,-0.0026392964236891525
0.004007219398316531,1.4872327369583314,-0.011650478551136656,0.017850867577982404,0.0003033315583646119,-0.9755475139443089,0.005270380920356476,-0.004898996705802995,0.6930660898193253
0.012665743705781461,0.052991302772894135,0.013496524944029475,-0.004624890240929809,2.451268950960298,0.0001485851938920694,0.0011247081500891341,-1.044219730231621,0.00862533341933068
0.0003442327213198233,0.0004515478054149211,0.0003336010810026965,-0.0006652878560907982,0.0007908822142832045,-8.524927458414511e-06,0.01753365487302596,-0.0007541188636629592,0.002200289733525338
0.0006279104432228067,2.1281955023520776,0.0005472609464940853,0.0010350027100600088,-0.6882457770023683,-0.005707164871383735,0.0057144676202960445,-0.0026478880702254853,0.009052239601667011
0.0060076286134604,1.9762558580374265,-0.0020962140808087615,0.007711439215481713,-0.0027612968748676973,0.01481209213834391,-0.003347799209204763,-0.015171761808518015,0.026823531815605817
2.5449390060384296,0.007745220372421647,0.5798983433157785,-0.001683106623826397,0.0013259536001489422,-0.015078475765081995,-0.014772832296145455,-0.03889337368012513,0.005404828611220658
5.239430746211063,0.008806400948251476,1.1584874605588151,-0.004157833276775991,0.0030033862788255844,-1.5529545306807209,0.005757825536383376,-0.02790720701813565,0.01027973667070281
-0.007412550827877952,-0.029706939163812753,-0.10928260078792165,0.0017604777495064936,0.011627957995566353,1.6194731646180234,-1.6088103372104532,0.021550414845865225,-0.030395414393083325
0.003441215257452078,0.03395172452170449,0.0003301636103647606,0.15209544792885282,-0.001065432111097618,-0.004874418655886464,-0.00283578937605063,-0.010280377982203926,0.5851263270041598
3.5480329129203536,0.012582879663672011,0.8914729240514792,-0.0010226176505188922,-0.008286485956297034,-0.8500401674004661,0.22072240329620474,-0.030354888722662454,0.0289486463605646
0.008144383147628748,1.2703359076918752,0.09613156875870721,-0.011742558071896884,-0.0001919045238500533,0.003969185778741649,0.0014957490057781082,-0.09867963282866288,-0.005791893248340063
-0.9562578561489165,-0.0016864955544287769,0.006916441558029694,-0.009982366778958732,0.21587932629502649,-0.37653985721024136,-0.005610284260993817,0.00836220522954943,-0.04059295700698684
-0.028371964199996172,-0.07156135788932269,-0.3619974401542158,0.004804940924463517,-0.00042223934423648614,0.002074793558137674,-0.003751050346302803,0.14252100831678016,-0.011487215319222262
3.1505343084972637,-0.001410169578148504,1.1742168178134982,-0.8979345898276883,0.0037429760719504546,0.0011389594768241428,-0.015126210283242819,-0.013623573293877533,-0.011691389519907891
-2.942997046868771,-0.0002682118386318367,-0.14052327582256607,0.007212382524272157,0.6459783514483709,0.00030391309450090304,2.293114913515507,0.018224564888941447,0.005806938912447712
-0.0016039421615238994,-1.3005780732870273,0.002662016145831461,-0.8331433365817366,-0.00040775156281173605,0.44828212324488753,0.9556301273751265,0.004079932533409261,-0.04271573091839209
4.176627202481162,-0.0037395695923168955,-0.17615857426534198,0.0068788337328025,-0.009931006250670702,0.9895458489633104,-0.0011502683756037593,0.01274007274072289,0.0017006603157168065
5.959516741201406,-0.004121493942634818,-0.2842217915041303,0.0018978284796016542,0.014342248080523118,-0.39044051587768397,-0.0017981491860711088,0.006391743637469027,-0.0033600925304506646
-2.06254061325326,-0.012946674970522022,-0.0002895972046249168,-0.0009095731663735455,0.8598336959062289,-0.003628575767810131,-0.04815296499362574,0.020777745015459297,-0.01588147930972461
-0.6664127825107773,-1.651999958205551,-0.0003514318479194145,-0.0005492530642091432,-0.005431374040389316,0.0015154792342031865,2.4343420231817667,0.1024481832022728,-0.017926215339652662
0.005495465593879985,0.010914350525202062,0.003375283638847598,1.4455715761621244,0.019453083456127285,-0.008730515135850813,0.010794353578452787,-0.01454278150772997,0.026373695693661974
1.2609480322903655,0.0032129304166224944,0.5474723994798816,-0.0023837312739929395,-0.005537992940025175,0.0024436761363078223,-2.070453231268358,-0.08534140968897608,0.001486755918066962
-2.3309582879414625,-0.006405870861676584,-0.007399082258799872,0.0054651851388778875,0.0024405481467428772,0.003628362852437,-1.218374402071631,0.028271723218981727,-0.005549566967405384
0.0130707193124966,0.004850431153008306,0.42615073382211227,-0.0030438778427853974,0.0017037697848249365,0.6302011189098222,-0.0020803965922749513,-0.031210314014791893,0.007530140082282102
-2.6232301006419756,-0.009689667721956124,0.026989379192558838,-0.885601361129249,-0.005944294069357299,-0.001190841544820533,0.3499306345061005,0.0062036365801304335,-0.014533850655076841
2.8141772741759197,2.8403936655774746,-0.0017509076531272982,0.0034933957884160996,0.0008948756219468723,-0.0024749841901097335,0.027941994351961374,-0.5898065420699083,0.09516055957017144
-0.5531819562465945,-0.0023912409924868767,-0.00584462958180193,0.0015007930532088586,0.01316007860177615,1.1168594273833021,-0.008564203065053986,1.5449979437877452,-0.010951554247047218
0.000548444117491874,1.1081497511678602,-0.0008548015320913663,0.0052143700984360174,-0.012779510723502766,-0.0018028496695274925,-0.006348471044147369,0.0012492575633784525,0.02137405065402631
2.5635640998191054,0.11426923289763707,-0.7694003068351489,0.030607389312592145,-0.003993506403022914,0.011424333290660659,0.21855754346585732,-0.018491027527872295,0.3801306001279272
-3.57656236080635,0.002539750332322681,-0.00558531670499271,0.004434936294524034,0.8606849191898631,0.6097083888772161,2.2514972933844977,0.02282091872273384,0.0187541362006462
-0.03946553842530619,-1.2724239185753525,0.0024817659369557044,-0.0010342259278796652,0.00045112976204345415,0.016952857115304268,-0.01944556551161078,4.686717491929631,-0.03937323151042582
-0.008565003520585226,-0.09268233325619088,0.00011613970321381218,-0.15375589732990072,0.03360868478811418,-0.026805349472756805,0.003696293372427681,0.016581216199118023,-1.2065889280059945
-0.8387844609037197,-0.14825288005064083,-0.0006810479031440358,-0.0029289418199828147,1.5720902550740987,-0.32867307921034783,-1.8383529570260328e-05,0.04762067160987144,-0.04359279792734949
-0.003034934566592609,1.2554858707922492,-0.0013713728160142519,1.198519283740902,-0.022660462355779166,0.004386415536309467,0.00017765512310276982,0.0077144062900120994,0.008580250425901603
-3.6498777333111,-0.03326986509118951,-0.0005986344610235117,-0.0009462370065892583,-0.002933753121495568,1.121461669521206,-0.0029394308035061868,0.08228089712647259,-0.007545051417584436
0.00955792883534456,1.0090635363690823,0.10208815892265499,-0.46177593892448643,0.004985780506620085,0.03532530352997955,-0.002204167349944098,-0.04101916671470905,-0.0012338319939975695
0.002092934830692077,-2.7025852227611784,0.02527673000922448,-0.2949589971544575,0.013469081968852673,-0.0001114843659863066,-0.11906611018029115,-0.0117316191424973,-0.436365517122848
0.9829495278468068,0.002503194149398053,0.0022823992507595946,-0.011747511829532625,0.005134757379804136,-0.0014349605657833994,0.36244909279460114,-0.019400613505845477,0.001687141439879164
-0.7485139753312284,-0.011903776241973769,0.0019163370258768742,-0.015627438904062735,0.0004980817115235133,-0.0010456097949373827,0.002210934445547496,0.0391179380004896,-0.22153359156513608
0.00032352453736139177,0.0003842865389529957,0.0020837982320957684,-0.0006745864819748455,-1.6410145374935665,0.6913854598539759,0.0003517400900440743,-0.0012509487850759797,0.002888691698356647
0.34296684114884224,0.00721883062906379,0.1680361750021886,-0.011973171417625439,-0.0006440845204497107,-0.004918022127053962,-0.006938169303930659,-6.1405439248003955,-0.006610467508390339
0.45222342716994,0.009424027949241257,-0.0010549342488457613,0.9786366715980306,0.00396527223597969,0.00028065050755337977,-0.01830192947784457,-0.0240622253738958,0.04300653293721826
-0.025588596320968937,-1.701054317069637,-0.002447605266768932,-0.001007228359511858,0.48504439572375446,0.001989624657937861,-0.0006623514300849315,1.5194224974545407,-0.020321105200542755
-0.527185192566903,-0.0016305353676538915,-0.006922823398188893,0.0168412340325516,-0.02041527488663075,2.7080601443392607,0.009147319807581215,0.05891882191442609,0.0015995440117034104
0.006447398656516242,0.5391864532428314,-0.010562570944594014,1.55549364950926,0.004886178116726126,-0.5783283033471571,4.084180011343955,-0.0047621318772808115,0.0330038947321859
-0.6810562391030877,-2.255453476243636,0.0004899980439468654,0.001218520279551277,-0.0012147750084449162,-0.003930696706869829,-0.0902191682789733,0.035737692030054474,-0.037712568320264594
-2.598111895220333,0.0031464902061314084,-0.018912469399755466,0.03499014007441628,-0.0030108949151793647,-0.004536727644973231,0.015610215876110146,0.023748176586704244,0.02227132568226098
-6.061607644660453,-0.9905424699188244,-5.9862165116136845e-05,-0.0009542933704244777,-0.0005236226527515139,0.024619522314006236,-0.012272304686000837,0.029985271645566615,-0.011564284230562993
-2.6330434746388627,-0.00445607269430069,-0.003682674915516132,-0.001447519469591787,0.020608197931894966,0.27917857185774586,0.576281219586386,0.028048024080751695,-0.009982125640337347
0.005009915031857369,0.0023926926886391835,0.0029795977631940068,-0.008440886145980346,0.011929674762029429,0.0018591846569221604,1.7624848623474951,-0.00796341822550943,0.008634545560152224
-0.005555421069536243,-2.108927358452149,4.16602752027484e-05,-0.0013778609571735265,0.00466039605068444,0.002572016051108594,-0.03658465369115334,0.03723486166732129,-0.021492523984080636
-0.004354399471934075,-0.006933782462978022,0.003100671979283645,-0.45111948756781217,0.00033144008176881656,2.6855904706389695,-0.09764035719566068,0.006788844401497365,-1.1068458081572
0.000987309315072425,-0.2888994125730262,-0.0002647034087621767,-0.4228969708872086,0.0026178666411329084,-0.041108810455770355,-1.1997260405934496,0.0017827852652280236,-0.11753626277569917
0.6383281330382089,2.5987772501121627,0.004247921626071627,-0.03290794879333282,0.4625066995452076,0.005575630617916485,0.7330455206055473,-1.377901726004792,-0.012347433233824479
-0.0035284960234928074,2.0970757909134985,-0.00885786861104676,0.04437180465832913,-0.0060882136218208815,-0.002500227564337862,0.03531044403584412,0.009109632855042606,0.939629234294781
-0.0006641047882044922,-0.0012408363349318918,0.0013997104129632608,-0.008250096289025685,-0.005448954381611117,-0.011067249197879997,-0.046387338103901436,0.0013063734107133078,-0.01047147369832755
0.8726692683212754,0.009632066289738863,0.00024977052523373483,0.004104230172674914,-0.5126500345767878,0.014567357148703945,0.0004987749457739917,-0.024315088305711354,0.03681416051042119
0.0017369040604862818,9.83085524617869e-05,0.27472038982620656,-0.010062289181415026,-0.4723581053083683,-0.001825189602881651,-0.009570447485429952,-0.002440807931236664,-0.0022160607254997876
0.007659701037452182,0.028961157819886736,0.0022947901891274764,0.0016741625164807595,-0.009741648557836076,-0.007370971751214695,0.007803897438390685,-0.016387666165217186,0.32887179486506063
0.027615875090114494,0.4731360709686513,0.0012195621935935548,-0.0004111845199284987,0.010608724426156414,-0.018912239679865078,0.0011682069508830075,-0.1285232754257006,0.061445193280794674
3.4381752999774062,0.027133560341040048,-0.0028624164689385473,0.024250671936144757,-1.7008504213202262,0.003805543219875746,-0.0005681838557940883,-0.015278449543866292,0.0521584499717922
1.2024169971296212,1.0187691196794946,0.001018720452359373,-0.0006164248492804406,0.00031420910381352134,-0.0100267897021404,-0.0006754503077724457,-0.05124172213213914,0.00679562593639782
-0.6603242088228028,-1.6062872533201524,-0.012091495242787742,0.011654437575412591,-0.0001561640495888212,-0.002946002604655665,-0.0009887011960305336,0.0860701502493952,-0.004320152872875349
3.2301367527161062,1.1362541298858573,0.020918018306467667,-0.009250279820878981,0.004068843241388419,-0.001023467272856136,-0.0042279843602878,-2.0205950374090915,-0.00281260620819368
-0.0015513373134450163,-0.482715923055986,0.0025997792507475234,-0.051674047197695104,-0.0012657901057848515,-1.2648829552268597,0.004443186631133359,0.004361624382526861,-0.12099735416161106
-7.743373472819897,-0.023366778688600168,-1.039741447586712,-0.0011981938244097212,-0.006796635888595179,0.000856529475205231,1.1245269277824317,0.07177893893261689,-0.015735692768608978
-2.1527493916538454,0.0005584989502591965,0.00028070460037433326,8.427155290466597e-05,-0.005102469869483418,0.0030638157031319274,-0.0037610919815492614,0.0777670198090361,-0.0015672958350556876
3.619749989210577,0.010280075264167177,0.9946720772180235,-0.00803778728837734,0.004066415183299098,-1.0754832227010458,0.0028603529614809053,-0.05284850127299234,0.000541661539966154
5.8186746439777295,0.011079727008359339,-0.0021656175503151076,0.0030188888246206473,-0.0019133557685941938,-0.0019370915115301426,0.0066475418199266716,-0.009363399126355663,0.006992512963464037
-3.693564642770292,-0.426684169970139,-0.0004553495485681014,-0.001837601838368643,-0.0013231587135711272,0.02878510982483127,-0.0037905458383561096,0.04227078266985723,-0.04769599610133568
0.5186537023445599,0.0019524442024965436,-0.0005561310189319268,-0.0032120266666763693,0.005029124345537357,0.0007447884278295953,0.8520637098308138,-0.009771296279893711,0.005178229274072195
0.0039169548754080736,0.6310937836039152,0.0011748668170198824,-6.6073827971614815e-06,0.00037458209171801257,0.004433418996847436,0.002562890298658884,-0.012426328261187527,0.014443563715222263
0.023252861492774123,2.3353664237277343,0.004183917350023381,-0.0032333259278562094,0.0004230427152360841,0.06311334677486934,-0.005179713221947602,-0.047091305714228274,0.008638582045704002
-5.527053449624775,-1.562331311907757,-0.0008628110094835162,0.001592489780266459,0.0005459035730172798,-0.4322043142971834,-0.24799882827007702,0.012306107311892515,-0.055312325192102385
5.80342964640564,-1.4827961271899752,-0.46595720233205906,0.012665551211201387,-0.1369799459034426,0.0007082728417300544,0.004443952249546412,0.004857628401988348,0.00697864550064925
-5.17587474791705,-0.02697280829811429,-0.00015655986390863963,-0.0060021191870949534,0.0013113494476860582,-0.001440389826747465,0.01574692559178511,0.021865090788950346,-0.011891984925382237
-0.0014658402035952086,-0.0002489440412131507,-0.015281075038686847,0.015133056330908501,0.08417654434009847,0.02077358955409128,0.009979360242410475,0.002686856837594401,0.0028059554925626566
0.007304717125951289,0.17044895976710914,0.011109940361748491,0.0014329197419625781,-0.08487413382514511,0.0015965100818066617,-0.010890030266150721,-0.02486563354925582,0.03597380094486624
0.10851979147296888,0.012110277842890831,0.004756885657891474,0.0003515296381211481,-0.0030630076293600905,-0.004207014990607096,-2.32445406721964,-0.20428377428284608,0.030995656402473364
0.01490017192431052,0.016011184654251172,0.029238975320846287,-0.008353871006047493,0.003233870384151736,0.0037623781733644077,0.0202663034472104,-0.2856376685867651,0.0089084346163773
-0.014613776060598532,-0.04167179489865967,-0.061932685620957544,0.005529207956333952,0.0022673857971426954,0.01308468843970734,-1.9395988178217247,0.08588948037675628,-0.015428819429799852
-0.0016537293911224288,-0.6983679374470726,0.00016487472010278878,0.000939971131533515,-0.024965904709868158,0.0065371074192914075,-0.43640654100923065,0.005361702236863113,-0.00939914721730456
0.02085316427516439,0.48759055073499535,-0.0002959649086637581,0.0026487137969497332,2.48638829717176,-0.0006900501888059702,-0.005262525414367778,-0.033188346220399956,0.05303203538007012
-0.0020724728352812735,-0.6053446642592433,0.0013336856783063497,-0.002137972236741029,-0.0049207270116396,0.00561046401714169,-0.7335945503743999,0.004396094536588827,-0.17388927845262137
0.09860936681145449,0.0034381285193146108,0.9794418419033775,-0.004475766891015698,0.003692402187524586,-0.5019325675504326,-0.011523511225230904,-0.033665194506226126,0.005972700834869893
0.0011938608111089581,0.001425728679923055,-0.00031178040902098483,0.9392207118917876,0.0017440494295516704,0.016345775549795875,0.002244697685984723,-0.0021912461849411986,0.00686641453230223
0.006970131792533481,1.588169683803394,0.006366101870945884,7.968065100038071e-05,-0.0008619660437967809,0.006649216765831299,-2.3305471372391393,-1.9278627022094759,0.03582263529573382
2.5330260448855233,-3.7771526527798556,-0.02865776927340702,0.006665699676067255,-0.006347785134501339,3.414329941459418e-05,0.00596418265617589,0.0021526397972695226,0.012258311848180936
2.0889285928718513,0.4439412841756595,-0.002580649604213267,0.002946588774516191,0.0036353175030472765,-0.008192777264509827,0.12095111763947433,-0.031247089276586454,0.0527596696711361
-0.006392825874703586,-2.4026580094108536,0.011114934451133152,-0.2212521355430872,1.6246508034744953,0.001985585823161507,-0.001996454767434201,0.004730891908324349,-0.2290054513014912
0.004623145092182977,0.0004888147354647052,0.009925100410569127,-2.154186019338124,0.008535858353050891,0.8320114817734401,-0.18733759797425115,-0.010617996831105665,0.0022091141645184777
-0.9655572188735451,-0.0036164116607693784,-0.2894206575929874,0.005692995581769542,2.2419527666968364e-05,0.006409736893290048,1.5945947497810473,0.1453042567825787,-0.0008726472573171162
-0.04940889607774816,-1.3751219320355725,-0.01184800433621408,0.0021832516402648656,2.1126996676107908,0.0038987014171233863,1.5127469732791523,2.7762531777193367,-0.005527134846094572
-0.7222499500012327,-0.0009290092761556746,-0.006236775951719904,0.5736265552723642,-0.4808497405787182,1.9446347322530306,0.008058920551880223,0.05410318318525019,-0.0012182676146178517
-0.0002852559212663108,-0.00021808711531939824,-0.009309484105219257,0.8594373401994785,-0.0031504022327199068,-0.003899940209333009,0.0026364116305463664,0.0013632776936510194,0.0008582750779578961
-0.0017286195011305104,-6.016148206744564e-05,-0.0026432854148139132,0.047072689862413836,0.048041678984924494,0.010917237956691991,0.0028917150938067345,0.0013433506792851688,0.0028439014538897476
-4.484983651187133,-0.042349470606448995,-9.358200455028554e-05,-0.0019896195848378563,-0.06345925229737445,0.00037390968758507716,0.0024935541709158876,0.202859939895679,-0.013145559060215195
2.1029553390447924,0.00549448053671276,0.011282276745549408,-0.453547708415035,0.03200558080695076,0.022660619275382324,0.02484456809329791,-0.09045542785353636,0.010394431791685865
-0.2977767218079693,-0.9684677477100787,-0.010566804556812193,0.006518658641271637,-0.0019973219570528153,0.557633586912854,1.7412161176385248,2.854467369904253,0.003697915159811882
0.006508001363049045,0.007883670959295475,0.0073049730250810685,-0.00548233213805375,0.006932068632849274,-1.3187206319132145,0.04922954264404125,-3.201836021089219,0.006147441950225707
-0.11628431715227544,-0.008350309002284464,0.021639318740882207,-0.00636063841855606,-0.00100034977402879,-0.0013094450135931312,-0.016778729598885534,8.506060779428173,-0.4299909361206158
4.76655374722596,-1.8657963173253538,0.0015287728898832412,-1.000141827522695,0.004035825413392721,-0.01486843792757803,-0.006469746320286209,-0.001473037960245875,-0.21914174085248525
2.2979049860490317,0.011841612080052947,-0.0019414713150246593,0.0015471999442960428,0.426095289100387,0.00396852359893922,0.01959902190034025,-0.04505980266590448,0.029311959249648634
-0.020964435652174332,-2.045121935731185,-0.006706022135905904,0.010162981055232634,-0.011039558607261628,0.0006236883953778648,0.004875999287821134,1.0352741894539268,0.010558771058712724
0.014370836947988644,0.47630387680070124,-0.0010275191548200042,1.5983120769973829,0.0005800125369502069,-1.9814339021357241,-0.002953404481715839,-0.02301389200966636,0.07166793330436205
-0.007820419314844548,-0.025778583277963382,-0.002424087956853604,0.0008486195505314617,1.3115683836073295,0.004526371687759831,-1.3050511663500186,0.015725136989301725,-1.6122320778388528
3.14251876063053,-0.0002132104812255925,0.9833041464987708,-1.0257661295252873,-0.0018824364556756928,-0.011687703583343263,1.552120023332269,-0.04724917464655998,-0.008134987199353239
-0.0002220448658254594,8.546515855279762e-05,-0.0007047750819174391,0.004804689461222999,-0.003221524961804788,-0.004440938851114891,-0.0009197580448949621,0.0001365474589603767,0.0012355715013837516
-0.019976658881355948,-0.005472414474566388,-0.2132129191651863,0.12681416724309091,-1.075444936957728,-0.1792316216127624,0.0018400807654597269,0.09616216693351523,-0.00378207181447995
-0.04821003106141352,-0.010076966778193789,-0.006319215827743252,0.005935946224014716,-0.014994695510318628,-1.0744618978492142,-0.0009489885263614848,1.4179783148213796,-0.00859305323613517
0.0004443589534449087,0.00825578642270279,-0.0036651902106196476,0.058444889218715435,0.6212111547644429,0.0035334418779836086,0.001575848771762382,-0.00228967589337193,2.75016130887753
-4.586395850027184,-0.000256998763469048,0.2794224284336373,-0.009753683773900595,0.0020623838457293434,0.002255311027566216,-0.021525337861612065,0.004830584347556066,-0.015170709028207607
0.0023879001833368644,0.0006774808726475534,0.0021137102858203058,-0.011260845470689064,0.004170642173255529,-0.3827500885784474,0.007121156623401989,-0.00350462545352599,0.0017405006998662386
0.003648354833333311,-1.0163011853057324,0.004632322366599065,-1.0074793316873498,7.790202153930151e-05,9.375134844819867e-05,-0.014641581162767914,-0.007628914133800112,-0.091073016674452
-0.004077773392109569,-0.053408216043797245,-0.19697210025611173,0.00014136530305918372,-0.004076466381067533,-0.0359933473586282,0.007834597723666393,0.015186211827410881,-0.01780755410361053
2.0542328644363685,0.012905037035492936,0.0005217183306074694,0.0010608688623489598,0.0008082262006061866,-0.0025267514407437885,-0.00029856003778043743,-0.029739628413054046,0.014174192986778744
0.2874892697645438,1.5585108992277688,0.0012390039535861708,-0.0038032526691138286,0.01574429900405827,-0.009756701502142829,0.0016340114472119041,-3.3775864620020144,0.12827385805638247
-5.84566013123518,1.7855852585694652,0.11170516190725488,-0.050257489791645495,0.04755802565844426,0.008780154640348285,-0.011184255839851373,-0.00035941045843941935,-0.01353440957043317
1.0707903593448953,0.003124645907605625,0.06812920761538,-0.07575840998817468,0.013056766611452546,-0.0052908055342766845,-0.002163905242341582,-0.13828007011688936,-0.0016809197848423468
-0.006312089840468116,-0.7384736888541594,-4.336261885272766e-05,-2.7128258778668377e-05,-0.0029451283069055036,0.06554352964206149,0.0009086704404022861,0.00808849419414856,-0.01850536180104906
3.0639552510741037,0.8762267075993981,0.6441709408683209,-0.0077604157430405385,0.006044912717530659,0.7742189992411554,-0.0023020000024195214,-0.14056528365906162,0.003756101833922054
-0.003096511254662859,-0.0014965845202149998,-0.07378152050073687,0.026073935898439076,-0.012543550053188926,-0.002628035616072525,0.002950051992364575,0.007941142801129845,-0.00183763679289645
1.7371074397899682,0.00930969019628188,0.14705770477947544,-0.6641031478238943,0.006306443473746932,0.6302085926720409,0.005249382506078933,-0.6830971434791426,0.005517182298094614
0.006988449373254845,0.5703337129608665,0.0007094660063090841,0.002003588636996525,-0.0029976799769010016,-0.05405960263946479,-0.0009585804751940262,-0.013931038927581747,0.09718840566509201
-0.001027406174153759,0.0021512127337253266,-0.0008989508879025211,0.007532364591140112,-0.01932325142773753,0.003253446474648528,0.2990486444026853,0.0014905243794284123,2.195978918892987
-0.09366588777829804,-0.011379565107658977,-0.03786617313872312,0.008329397988877623,-0.004901263517056761,-0.004070185078637953,0.004873923161110389,0.18661496231505947,-0.009001004596375258
2.09275331138405,1.1598857620153988,-0.0008319553301710525,0.0056592450822625165,-0.022188061277578316,-0.00029839938352685044,2.178816707364886,-3.953422338258914,0.1208607796471739
0.5457559762300619,0.7152563790612851,0.1020516560843494,-0.006173312337617292,-0.0004917856217347052,0.00024401500614830993,-0.05884047123891657,-0.5006528743207731,0.0005029619921383399
-0.023214513160365713,-0.09207153346835682,-0.05741259718451422,0.000766960329704297,0.0029365769764761185,-0.002738908778138121,0.017596356108108085,0.21589651946313804,-0.03392994002543259
0.008186003201317469,-1.723496259416334,0.011252923244019164,-0.7629076294050567,-0.6484884408482178,0.008246319954467281,-0.002623727551968314,-0.007782832353735526,-0.010860944613618528
0.0025869235651100925,0.8412937106195982,-0.00021942837118665848,-0.000991703500855562,0.19433408709046596,-0.0036159251528811004,0.004411243245295413,-0.005790582617487898,0.011350805458311186
6.2066329009484305,-0.002050232794855593,-0.00852851234652563,0.02895514836283934,-0.9681694807314549,0.0024646351443082452,-0.05142416221332786,0.005430998996452822,0.0016961446809333758
-0.0024095112481356835,-0.0010048484007057657,-0.0016015194331695816,0.0005074557103087452,-3.9872036418780095e-05,0.002949046226041954,0.9704743578517827,0.004102011107865936,-0.004003934367133567
-0.002383874284791237,-0.002811178602726375,0.0032678857934654074,-0.0332575198778286,0.0007893408106086084,0.02217014387655381,-0.42081007031055406,0.0030681881437956172,-1.169448829798794
3.3017880188048943,-0.0002071467863153985,-0.004114915264257293,0.0032282354317465433,-0.008804016531092043,-0.0004817338653813783,0.0011779453880032577,-0.0035953399022365003,5.139455938374393e-05
-0.9016589064252115,-0.036972608675532474,-0.003466962356980463,-0.0007726304726142772,-0.0005098272006179936,0.10815876519982136,0.16202274973387754,0.48230837579939256,-0.012078093479932134
-2.694894357913572,-2.740734079948175e-05,-0.0001450736442338979,-0.0005311428307951983,-1.6223514691462015,-0.0009497520560019478,0.017124425849598633,0.024244663931499003,-0.0014679333009866569
0.003889508693891104,-1.2356102308065575,-0.23395662568770903,0.0016366197924224807,0.3448536693224288,-0.40730396276749464,-0.002388028760007259,-0.0010050671305402575,-0.007518320388801514
-3.606422987386342,-0.8872909823042816,-1.0226757398328576,0.001526022901534918,0.006943642926631112,-0.0004212244448855186,-0.002438452675376457,0.03401573537089342,-0.010960664351466587
0.008993836058723198,0.011137764804025417,0.002729140686162083,-0.00141269911032405,-0.001768807706851766,-1.2847104445982316,0.0028879078390949787,-0.017362263444617734,2.4387670060893143
-0.0002634398697254839,-0.0002001353090053365,-0.03135593137733906,0.1162234856840939,0.014107150333119352,0.00985528985093375,-0.0014003130477899712,0.000977865015411664,0.0023682130239000366
-0.0026324224434463445,-0.7770638792301229,-0.1619798973987534,0.006479532412285889,-0.0009376572016369291,0.008021564400189233,0.0012946078352722538,0.016204841928448455,0.0029108964465224263
-0.13819705611769673,-0.00513624742945918,-0.3274869239634053,0.015458903362934415,-0.0023331411125184724,0.0067778039680622395,-0.00592207354364219,0.7543233485959422,-0.0035673314793463473
0.008114291233727021,0.005422066174196704,0.1673738676790851,-0.004992397403479832,1.1740272246992798,0.01837364104160945,-1.9036444516912403,-0.03209762844625049,0.009684046203241632
-0.012114115168828168,-0.6596974099914295,0.015515596059493875,-0.007469691004362618,-0.0017277189353589904,-1.7448701126707848,-0.013746010022808501,0.008962040110993347,-0.0709710942408176
-3.376216241419692,-0.008773932620110943,-0.002460150109975953,0.003331613010453647,-0.005324124641285743,-0.00010501858651922139,-0.20845530373106713,0.03757871725043949,-0.007469441515711772
-3.975030885571969,0.004752745689836102,-0.07165912192198332,0.06963973109300445,0.0035815361504739837,-0.0023286623893617256,2.602107435681977,0.017792807844034093,0.06000505927698874
0.00011523703548525777,-0.0002857308435277907,1.3519968914364113,-0.003861478519279482,-0.002860632694951586,0.0033371725802606644,0.0049693732614628245,-0.000638090295026067,-0.0014870118132351978
-7.121745783415432,-0.008304671096169024,-0.029296427013524973,0.006883168583714502,-0.009167792827231971,-0.0016523930190766468,0.014546366941667492,1.0657474119707473,0.008766313706132678
-0.07487219433394099,-2.5520139962948316,-0.000745063345460123,0.0007755793784895945,0.006204704943680875,0.002687334243474454,-0.007891425599837971,0.07704756334604403,-0.011314317667245888
0.025165037888829442,0.7302793337567467,-0.00026458527619693806,0.002796683639572209,-0.005614567340500798,-0.02490065624936614,0.01909848086357772,-0.13571920637165727,0.5868917971133145
0.001722165043840821,0.001212363710496012,0.21614758966642633,-0.011588087328526753,0.0019198908487705496,-0.00504211478684537,0.0025066802751411493,-0.005238112835464385,0.00021207295537458044
0.005875045757774877,0.0087718874224324,-0.0003077115768796105,0.7967173845858339,-2.605181741316521,0.002870579830510583,0.007502589547162846,-0.006830933773923083,0.24445556867068932
0.0011476399904680628,2.2748781721485022e-05,0.005794066777137827,-2.2655576431867246,-0.04472875332374534,0.00720438084355157,0.0572312983074137,-0.0021462483140676967,0.002059487519357788
0.019842975098312357,0.00413495901977529,0.002583712034188421,-0.004539574792646982,0.0818964013023803,-0.010972459209319062,0.00796975626676906,-0.02600793588687685,0.012789552147263688
0.09418566547061547,0.009085590693877616,0.002694968696409464,-0.0014022325142107332,0.588560062424464,0.002270353528021474,-1.0067763907034344,-1.475977214951325,0.009179397462850666
0.006185021969800454,0.0035125926871099537,-0.000149366330237901,1.71073406070179,-0.0013052868357616692,-2.9727939883662438,0.003422208180266491,-0.006883069775772693,0.017063845851741255
2.387861468776748,-0.0029081213435118844,0.008702263287978518,-0.8129117393308062,-0.000757476128215499,0.02455034882549549,-0.013114026570942136,-0.02239244735781448,-0.025918416979638814
0.0019443168608748312,-2.565298820934112,0.014283498854465115,-0.7440279754480619,-0.0034624952859067075,-0.7685920838418889,-0.00651541540236103,-0.0010883232498628981,-0.010116302461689486
0.0037735480641390416,0.02465336695649536,0.0027657411057158106,0.8313236799078827,0.0028485997575493235,0.0041181690718495685,0.001400775351708703,-0.009034944581962067,0.10437970244488372
-1.684996246118837,-0.0019282567582021384,-0.001105417385253063,-0.0009726908751838481,0.22211831260783194,-0.002543733396333676,0.007705835262921306,0.015103695969121703,-0.0018777474670530203
0.023314500691851172,0.9802696134701678,-0.01094835167573821,0.04121514898539336,-0.02823243076724881,0.04394665288227338,-0.07161127350797541,-0.0030456551260620024,4.072952503731443
0.018325692462909965,0.36015520507364307,0.008122257988950901,-0.002850908498046017,-0.002172623498491787,-0.03857431076042703,0.0005629881628108832,-0.0815741705682268,0.011103955691621634
-0.01520469322562343,-0.0016755873470361193,-0.012581927045757068,0.4457040151973848,-0.00034739118434646155,0.0054546737139008995,0.0018847700668818456,0.017207258185243508,-0.004063173915107462
-0.5904736933561117,-0.8548959447266322,-0.00975622696286313,0.0018071047175006129,0.03728383510075562,-0.015987070693260528,0.01000067660521619,0.10860669934951128,-0.004561333827017677
0.016387510768076534,3.0323064318682533,0.003127081018698019,-0.003977408344939297,0.715214164261637,0.005773765106228469,-2.292715495171448,-1.523407131431124,-0.005149486772749068
1.2184512220117913,-0.00022090456170270893,-0.0005722850016432815,-0.0018876883044850912,0.010711030831005252,0.6499248084211217,-0.002194353628861066,-0.01530077154715866,-0.0005206686465430849
0.010726599390357095,0.7373355631034131,-0.016095189446257457,0.2328600919190798,-0.0005116953436460599,0.0006206210642013548,-0.006620200930758132,-0.006839903425666979,0.5733643776790238
-0.0034951338833215176,1.922395355449689,0.54884857373911,-0.0006549172350509003,-0.0084781472238411,0.0024713655753533445,0.006944934249213067,0.00117106917038734,0.01651918422355214
-1.0293878623602217,-0.006834565955577211,-0.030207247077815275,0.0045363605798851205,0.004261940111947983,0.0029868014364621428,0.001122545777154356,0.08912032201321746,-0.005273453083949484
-0.08219550141502512,-3.7184028397830824,-0.0038277358492691538,0.012330960136869946,-0.06249709654120911,-1.0464726543886704,2.1898475823852377,3.7577988500901034,0.015788873348357768
2.1787660708922383,-0.0032145808123796114,0.674389078466147,-0.1381457157983741,-0.00043680737328042826,-1.3122837360084816,-0.008626919721673454,-0.023296461084261366,-0.037913300050620546
1.2743531173944755,0.19881954015124215,0.006266920953571994,-0.0018014723709829836,-0.0008085910852864151,-1.8710547632899026,-0.008378808850566964,-0.1252700719420126,0.0048314192992956195
-0.04665900978288417,-0.0064498939693248165,-0.022755713778563398,0.009578078947984108,-0.04472916419585416,0.028661709320244623,1.5940461425671977,0.206056569466747,-0.009214919570885336
-0.2969208218818631,-0.19482733066617666,-0.005729847130714838,0.0073660331178235375,-0.013099051286907318,0.0021508200369627466,0.002731010357588555,4.639881702125674,-0.003744892003130773
-0.02618795809265055,-0.3735331659067726,-0.07848783978531548,0.005102573891658555,-0.0022797559325384766,0.03271051379524223,0.009632167003110339,2.19287850310354,-0.008509104277489465
0.001687033583625222,0.004093150346304961,-0.0007556460948655703,0.002711041377977252,-0.001704100730959687,-0.0029212756887903894,2.0143543464001175,-0.0028333001855440354,6.732030797318448
3.93017879476982,0.00303760645841616,0.014207385415891949,-0.003998374939302527,-0.010131707974586202,0.2279829386538469,0.00010521542383245576,-0.04350734373559639,-0.0008846270931950895
-2.154754730946207,0.004306000627220145,-0.00024942382171323774,0.0045698208672755765,0.7863459900545445,0.0069408406772613765,-1.5155955723263568,0.0007618786497154803,0.0057197761694113836
-0.014981104618804563,-0.13063350979611948,-0.00635215291346595,0.00044080512806171255,0.018553381112482434,0.0011364134511268383,-0.6428145413209879,0.10055434493967902,-0.08061746644195994
-0.005779536018369363,0.00020533967828220007,-1.0197378349612964,0.888755072882498,-0.006407853344180411,0.024294699953761836,0.004036090451934601,0.013723495870894886,0.007050832501243776
1.5635398805562044,1.457609386770667,0.0035902002214676654,-0.0037475076838719592,-0.0013416328443374322,-0.005454558243458959,0.012535247517873056,-0.12538729318182865,0.00849291856566925
0.007802271772958042,0.48261394816957864,0.00279001212693614,-0.0027918361721543726,0.0002942544296825871,2.018326454341756e-06,0.02640593400329843,-0.02750462466314687,0.006316114303338727
-0.6800963401534038,-0.007493505053793414,-0.0022222683596196356,0.0034619696589444767,-0.018648934118615082,1.1766864059923425,0.011122453078606298,0.021429723544047846,-0.005273676439842424
-0.003556044184585494,-0.006610505790450048,0.015840910229565904,-0.00736081443568851,-0.9134160627650298,-0.0072767172907009575,-0.010522983633670538,0.0023653877861483583,-2.300090720008691
-0.6168012032061506,-0.002143319215608626,0.00014910397660696136,0.0009806756203609413,-1.1114399982797303,0.013193864091943282,0.004657453403952893,0.014903573399528252,-0.006755365485948031
9.716342580992096,1.0349998550549122,0.008784818222299595,-0.01838399956826519,0.0025190026275643818,-3.0192428765559716,0.0038624547420383765,-0.013743187374860747,-0.009092205667796449
0.0033490856693390234,0.01960321697118192,-0.0002722931722888727,0.004864308210671104,0.2984981491374974,-0.004514583217406118,-0.019116529675658307,-0.008851557276517347,3.806930449937854
0.0011638389485711359,0.0002920442281536962,0.0002973857025223696,0.0036275989022086863,-0.7766410432996033,-0.0088730333051323,-0.003927304200900993,-0.00217976445241208,0.003015245594547292
-2.4584370568061917,0.009223291622637894,-0.9680773529014317,0.890091568994297,0.019170956344040424,0.007391739887948518,-0.00034645370065249786,0.01848600512974019,0.022345817964272485
-3.0416406967529634,-0.003668208490570441,-0.24534305885154595,0.008165712380533721,0.0005732304162424443,-1.493013592198408,-0.010594825252703666,0.1700827482226781,-0.0006632072655111676
1.6627588730314886,0.00025521726479808685,-0.019683652585329836,0.00179239786160182,-0.005305091422830715,-0.6321555340944095,0.11992629887391079,-0.0035303300191704846,0.0004333706488782174
0.024991843988222746,0.00535273930820884,0.15537426476841176,-0.09883917280558,0.0026777389183911243,-0.0007475944585117814,-0.0010266190466457978,-1.8691869613416183,-0.007556360719390448
0.0017905458263915916,0.0008662986265871638,0.13708103409490158,-3.3432358466775383,-0.0018918376010076676,0.00803517697631726,-0.003544033217147897,-0.00452748296917263,0.010262171051676358
-0.7402553972944457,-0.003061614157812767,-0.33022379780469624,0.0036101268097974183,0.021456258366906067,0.02352173181566189,-0.016870238799963386,0.15333337856257145,-0.00667169361703733
0.000991552874250642,0.004723518301278328,-0.0037720942851212514,0.12949393787421606,0.04050886849793683,0.005181827089674175,0.0033471269752560753,-0.0015823589313639155,0.9073507192516292
-0.16609059837367718,-0.0091511663890349,-0.003050892730260553,0.0008648920617847716,0.004451464078465192,-0.041264209415221395,-0.009929859344960164,1.8971052068018577,-0.014260632502070159
-1.3284480964529863,-0.004167604969420197,-0.07654618201210411,0.07161425881807264,-0.002402109638880926,-0.11301330072922305,-0.0021503915076702615,0.057359462865965896,-6.994752598010745e-05
-0.0026182699681782592,-0.001755436373116176,-0.11405367221111573,3.0140042465103623,1.4866442168402065,0.2106477391954079,-0.2952842938907272,0.0073506351195906025,-0.011216722542790967
-0.006683512235321752,-1.413338856087074,-0.0166281280145735,0.005840902852688795,0.010390085683152507,-0.0030052648543851188,0.0024921269993758086,0.030762713179808963,0.013500745620281362
1.2247914368325366,0.003129194083532724,0.024220519120307482,-0.46473269856233246,0.009616204228901408,2.168925988359592,-1.4486058797740193,-0.06104120465754415,0.0014055812169168347
-0.0029768419120818615,-0.0008056966341727022,-0.006376688673438338,1.9497630226715625,-0.01546093525100179,-0.012908984020546199,0.0012228487971891943,0.0072428823871334685,-0.0037617248538722404
-0.017469062408463326,-2.4281462287981532,-0.8030065250953093,0.010652866258084148,-0.0035796373910811086,-0.1625152225163632,0.5712456802339902,0.5406182842984784,0.031473019654573164
0.01791484381109016,0.19228338723414343,0.04008089208700395,-0.004724874967057872,-0.0005952452112550177,0.14904128253730933,0.0074695755716449215,-0.20781826939475534,0.02661070841051426
0.03764387577815927,2.782086043484463,0.0024616023993466463,-0.003699456919022256,0.000567775378808498,0.0009706288684160468,0.07083239510684247,-0.36999010382571196,0.09920670428370215
1.7817928368664653,0.0016592031913397476,0.07167574582274461,-1.5548157743515514,-0.0018264455003541256,0.002470146628615757,-0.6355415423560923,-0.04385173491550792,0.0003766073200765496
0.8317665315518201,-0.00017331434964958873,0.0038560209755468255,-0.0064167386556151125,0.005871011402761004,-0.0009761452412396375,-0.01395781604219903,-4.931759318011184,-0.015044993609161672
-0.0012754295746580733,-0.0010677950463893948,0.0009662450481289521,-0.057070020107840944,0.13373125667083008,0.06137372318738428,-0.0015940222584851262,0.0018229659687659695,-0.010418827298903607
-0.0066348164733990595,-0.00502950698133335,-0.002053013506411277,0.00031656759038647036,-0.007242989302054199,0.6799833213695565,0.0011348437018697767,0.011369381065313667,-0.024406127515332852
-0.040742469737632854,-0.117036270736013,-0.005452484122169147,0.001943565210188694,-0.006768386323782792,-0.006427413932546978,0.0038755818946917724,0.3063352804042714,-0.029750429402625206
-7.460310821810849,1.3850919017694023,0.3161134958703711,-0.0035483204185721845,-0.006369375232627154,-2.028297047439904,0.010688327372877851,-0.01679778013017344,0.008449297480657814
-0.04489790627077455,-0.08246357989953673,0.004028608445889634,-0.007986880326519246,-0.034759306453544,0.006078270108058066,0.011419175577482671,2.639377589287305,-0.0358443329116338
-1.6748419685469578,-0.002981480863441253,-0.13684761450639638,0.1897860339891696,-0.016990472486050436,0.04544802249278588,-0.00017685361946155435,0.3003010101308321,0.0018847642418988453
-0.02399861810048247,-0.0032355311092234842,-0.5817212640809827,0.011069132433438739,-0.007130636151234998,-0.0031581231669014927,1.9764121198375173,0.07116288915739932,-0.0023966868834162727
0.21110664900522236,0.49239493899854403,0.013730333060035765,-0.013110445678956193,-0.0018645093280119053,-0.003233423710197159,-0.0008955505265151233,-0.053460303123222336,0.0009891370534676203
-4.053340814474809,-0.0033270994807401135,-0.009653004963020073,0.00302985108618458,0.254327207818263,-1.830091417541973e-05,0.691009929493623,0.010432578212141079,0.0018607837706370312
1.0669217795859005,0.008118213433848916,-0.003821796533916382,0.015436659991225524,0.0003954315576354551,-0.010138326451807775,-0.015443304104202858,-0.0163278077745576,0.021301721181223227
0.017751305406111473,0.04666348372646045,0.002259657481899948,-0.004217775491286307,0.017410346267975475,1.6072214713193373,-0.0020722027090855077,-0.02962861448161702,4.1744843423522076
2.846684416880996,0.0008325676246332594,-0.07258909270525837,0.2469036027180348,-0.07188371163792569,0.20591768151174022,1.8028138063035617,-0.0031876074308668616,0.03401488464436775
0.015732088460387705,2.9734967981913485,0.0011256715850340715,-0.0006520977873992195,-0.005373090702629604,0.009880515167222798,0.006810010517774245,-0.026682346851972016,3.0155286774173646
-0.014861885895173153,-0.8022261907444338,0.0005655277204395098,-0.0013843873724535155,4.5202909124256174e-05,0.0017765194208858512,-0.012477317988636178,0.03242087549747689,-0.08097307412942811
-0.050495648728904344,-0.005038563277138917,-0.36517283208772255,0.010830366279228308,-0.008960950773875806,-0.014446359933470364,0.004885014823233803,0.12309264504366235,-0.005491066940066125
3.703266147766144,0.026673630423599885,0.0032072002539894617,0.00025367152371319956,0.0041338958327605604,0.0015408587020109843,-0.017400083274690187,-0.9851866950662815,0.00441981767217936
-0.0022745393113499154,-1.9589090304683425,-0.0036148885135813824,-0.0008744322721811349,0.003689299109201575,0.009239091035487607,0.009229566830939215,0.01793082602963162,-0.022076629662169056
-0.005592222079198759,-0.7995503565773743,-0.0069116762520402275,0.003766749305211421,-0.000993546957596984,-0.8824087762826602,0.0012311370768310192,0.02178105329921668,-0.006132331648947165
-0.023562102424956103,-0.002542553157867396,-0.07502709248222278,0.9353544776294731,-0.0018526277259126884,0.008057026428469375,-0.0002613261708778883,0.05863198780926359,-0.008410981543313358
0.0025527612889837455,0.000719944704502532,0.3288045425513804,-0.016384568607449468,0.0009095459489224147,-0.02296990959184432,-0.0037427216085447433,-0.004656073037938992,-0.0016509420741929685
0.024718941430995334,1.271201041611766,0.004015645259472747,-0.0015361391586008256,0.001573485228740068,-0.0017428328691207464,-0.010626985681938424,-1.2047172893361635,0.007979277709210475
6.301455937752133,0.014191971521150034,0.6022442233550773,-0.0016539087440678724,0.005476463680719072,0.010962800037965958,-1.2932672266533194,-0.12332096144938864,0.005305665424688133
-0.048572309019608906,-0.4451091409349973,-0.00283368996187347,0.0009196974452630852,-0.004398180106742526,0.004441294247870649,2.0414497873101287,3.626200047087426,-0.012591487267294643
4.4229796019999705,-0.003925397778214608,0.005104272996115433,-0.6042101035145823,0.01100431503109349,0.006930060109350236,-0.027224919220853586,-0.009059223960961968,-0.01835702519868998
-0.8723701279900359,-0.007326061633786877,-0.08947941928171099,1.309701101885937,0.0038448278848255586,-0.0059227886909817415,-0.2619462508471344,1.1820467868493265,-0.010743034445011235
0.004826240971915217,0.0004689167462523384,0.0014851911798039739,-0.005583292817304898,-0.01391553164680819,-0.0005796149683802083,-0.006448489534948742,-0.004267218242870844,-0.0018925298024261331
0.0021443950263934737,0.00041989897737155276,0.002774099895716164,-0.2510985394591837,2.257529614515681,-0.00014713942138929186,-0.007039479213381562,-0.0032337456570077183,-0.0038249722319654914
0.011730991414145906,0.6326156721531571,-0.00015981277478903724,0.007415100898698903,-0.008168057715024043,0.0071188028195823426,-0.024043244119190652,-0.019610175500794916,0.03333060567882401
-0.009412552254842265,-0.15981000682536178,-0.0003926370036936716,-3.438972213428238,-0.03343045083534754,-0.006968628227762405,-0.008427101734406806,0.016493995163503316,-0.03113964295167515
-1.4441643553493362,-0.00026864686612358604,-0.0006359171236961295,0.005159926019402327,-0.002094376369174436,0.003159130439030817,-0.008073452866582504,0.008475673587284606,-0.0013628890971650598
0.025507441956292454,3.9739284992618127,0.22127419976183926,-0.012919568923266567,-0.003239765151788525,0.003504870303998188,-0.0038396506274282066,-0.14257282207599697,-0.008853227076563108
0.518557144130025,0.002099186160418799,0.0010452230463444054,-1.4266995928084134,0.020228927357932417,-5.8805536863714065e-05,-0.0015031639158257287,-0.022953799076491595,0.007407939287609598
3.21888560889472,0.0037026377652124515,0.0035813097295069596,-0.008186551313613389,3.5142285941608797,-1.7925455797738334,0.005011825667238474,-0.021730114010829995,-0.004858970231379767
0.0001471869095225404,-0.6169421150917022,-0.0007045875653985262,-0.1139013490411813,0.04639697054560682,-0.010422929222611354,0.0014234933458855663,0.009264351963522922,-0.053662455288799316
0.003430298252594927,0.8815521176379171,0.002669517470897706,0.0010113400496099298,-0.06951304871922802,-0.01893762312577746,0.003454583770825404,-0.011894871694107354,0.04078716442752839
-2.29545991524295,-0.028993674021221737,-0.8457895850423087,-0.00021421409242369793,0.00020884475968897115,0.005387809385689377,-0.004426641148099389,0.1496126544005696,-0.047476152781241954
0.00925152385876409,0.8010313432154464,0.0013106567238299546,-0.0012963981180837238,0.0056400499547086865,-0.004151068653347568,-0.0028127075272157773,-0.017692652222568054,0.010846492235854044
0.21365926844586666,0.002817279563467196,0.032338192124679394,-0.04070069217325844,0.008032658545426983,1.6561410502204823,-3.122669771853675,-0.8503613918212618,-0.0012049126022291926
0.026950703869570956,2.818229073959962,0.003224305435823527,-0.008077161759497865,0.015768992711888127,0.004804442070373767,-0.0013027387802890256,-3.2482870230453083,0.0012890348515051109
-0.004472310329659224,0.8543355801676509,0.0037470343418642763,0.00018749251431390834,-4.239767713988107,-0.14721815146783698,0.3572439258249982,-9.705453197234037e-05,0.013312074864373635
-6.159708816199508,0.0025012923429855033,-0.006696201589107442,3.0728154880742227,0.011480892827062203,-0.742498949850778,-0.049099392565362464,0.023787491609117792,-0.00872765709478096
0.036528921629054696,0.017110228134394348,0.0015722444983033712,0.0005913640259372212,0.0020926778091771257,0.028527318309097292,-2.7091336968916737,-5.608133786639017,0.03390298385151669
-0.5044832352498071,-0.009646071343069225,-0.03842339509297833,0.018057114278924386,-0.0026491187905145833,-0.001896646091257731,-0.0032007107614596478,0.191175767200866,-0.004778832444157638
0.7630159054763896,0.009619753903264644,0.02064728918751424,-0.006476892329805246,0.004564085499432831,-0.008434108166556918,-0.8129149297366527,-1.4947164360501435,-0.0016750685917282238
-0.0011642489348886896,0.0005127782434066547,-0.0016157812519675273,0.008550262437821915,-2.5477591572196006,0.011707256274945517,0.679250752793072,0.0018296886907652348,0.0039806373167522125
-3.8090772860592477,-0.6384610308611904,-0.4183527447237898,0.004372329934216934,0.005887760034439495,-0.009089630948651544,0.0015679079370312515,0.09377632509343581,0.008088107246809972
0.011560398023075145,1.3035436607685356,0.005472344496115347,-0.006460584874047206,-0.000125910838884212,0.004553100771293716,0.003103983757731396,-0.03523750244385826,-0.0010188681980336511
-2.753017863799811,-0.0023582016431970415,-0.05626262863979714,2.926967639427469,0.008587271964278241,-0.000616313735337506,0.0006165836117001102,0.0936521229725581,-0.002006413861336709
2.4558450907295404,0.014095661996433155,-0.000159496111244245,0.014441015077596365,-0.028445367882738784,-1.8030040308215496,0.0005108245637518299,-1.2273869911865944,0.07585953794621614
-0.9526904043158513,-0.20885809300433864,-0.0016118361109727364,-0.0026689962552058953,0.012396182553906027,-0.001998997396829631,0.015811697147126835,4.626909042243017,-0.01084497854356159
-1.806786579850791,-0.014420849458762004,-0.0017658185534053933,0.0005836264955996692,-2.1031767990683656,0.7963467559004057,-0.0026235896539076858,0.2665006389403103,-0.014728534831393914
-0.028792116259065748,-0.21651440117893678,-0.0010916125834853456,-0.0005885201770295628,-0.0015290285480241447,0.002890620912112998,-0.0008260442600835152,0.034452332012795586,-0.0784399095515281
0.006633592492627684,-1.2124836970552697,-0.00032092174279047675,-0.0013032056541769066,-0.6739469695352394,0.003962654539702837,-0.0015013295013383225,-0.0029278515250267933,-0.01305593792836679
0.016300711969259373,0.4389353859617656,0.1230336278869808,-0.020032636958485506,1.3107029316144878,0.05064954386326771,-1.2661657132218627,-0.3239225137003111,0.001850340356841701
0.003986345054803711,0.002431766029057957,0.00014501823364594904,0.0032857200223385045,0.0006248282879042866,0.0010925744017391075,-0.002569559608776992,-0.005075919041138401,0.01597184119530267
0.17352316201289902,0.0021614211806070607,0.3517056452905959,-0.006541297353625252,-0.0055013514821497305,0.0026743934124719834,-0.0003351038665497792,-0.12578554806579922,0.003400523416589231
3.7995732878549617,0.5600240767503681,-0.09780109980129836,2.1983646334392186,-0.0022161048657945784,0.23034022935006748,0.016041692053634704,0.0005660643304312152,0.03059226903975265
-0.00195218284974509,-0.7304079590009509,0.0014984857472620239,-0.010194133028592128,0.004052900815403149,0.005806986457168405,-0.0008086833667445359,0.006479290560782231,-0.08667035891148256
0.006619373142333581,0.04031208494201322,0.002382017218054468,0.0001575088710757287,0.0034899417204027096,0.02925566150021636,1.3053904864053565,-0.013805591649522459,0.1000428073505577
0.024309017323756926,0.009198581509263209,0.3922407508041335,-0.008506097059441109,0.003662523319517915,-0.007552417835368145,1.4216389220243886,-0.16031840485577392,0.009368695760848936
-0.00015536478462680928,-0.0007655830903276034,0.0005929469378501024,-0.004238280471861724,0.0025171225171053747,-0.0029413304882917784,-0.0914343232918881,0.00043475194039338934,-0.006962673762124779
0.02558578500422109,0.004007654024543673,0.014446590853053637,-1.351456879358894,0.43618620653961404,-0.006166394360297245,-4.245083972331815,-0.0872991896917925,0.01152490097470836
0.3423221512723531,1.701172232121336,0.8650909622875886,-0.13709893247800053,0.0037202658434088293,0.005966290831858019,0.007292796754739594,-0.3146791339439243,0.013279161618523494
-0.011155219876277569,-1.222647100366336,-0.001384214531802458,0.0020332038589003514,-0.3080830430804236,0.0007128265024942528,-0.003599731880692729,0.45846903557116053,-0.013705238837368516
0.013375952592118327,0.16815907093799717,0.010578897744557503,-0.005003846608594405,0.0009318170873150559,-0.08436203271608729,0.0004686424056617802,-5.3422291898779,0.004658565303085838
2.6598615737436595,0.0004947401647603781,0.0012485127688296876,-0.0026026858954055036,0.0038463792215782874,-0.1737067200877639,-0.0015973971191573745,-0.016703126437282133,-0.002153285138136396
0.8801192953496613,0.0009873105277481923,0.7607745322400157,-0.012803038021156704,-0.0004393625033891294,-0.005564014059661332,-0.007473528461382769,-0.06258323944710392,-0.008281914545986119
-0.007857242692922546,-0.011813887547224653,-0.020885768988354453,0.003409523115599814,-0.00487990550884611,0.0014523076884828852,0.002378147135588293,2.881553022465315,-0.010871402442653222
3.179451925477056,0.08970631362460205,0.004172881260996603,-0.002950122736716455,0.007636589910274383,-0.003601107770300029,0.0032336582398437477,-0.11867203011091185,0.00846870882302686
-5.800289628348695,-0.006427832955115648,-0.0023296732887002625,-0.006183221313945567,0.014099606894366248,-0.0018745252360171608,-0.0023435065537131504,0.25517172551313283,-0.5339253992956188
-0.26368193973373805,-0.004400313252573366,-0.006709759313208261,0.0015441159749709893,0.001287845277678834,-0.0037494561849887,0.6756645094876726,0.20053688979356912,-0.00924519219292768
1.055422736384687,0.009416827687261852,0.0029516186617801476,8.736919963837843e-05,-0.003070760995309013,-0.37394187495230413,-0.017455785483671854,-3.358660911357037,0.0007081254002506143
-7.713177158127969,-0.04820981620328646,0.018215941777361078,-0.041021353763748464,0.004270072400346929,0.0015326975063915949,-0.6259389447036522,0.0004023570953215483,-0.19420683045388287
3.086372041475215,-0.0006439977608476873,-0.016262990125743337,1.4880095899491772,-0.008484044131240025,0.001996643512699966,0.0025576207283577665,0.0007312246695569142,0.02457471355522356
0.009061735240970927,1.300383547835553,-0.0033225722429698207,0.007901972832938857,-1.6799281075160801,-0.0007912439356513009,0.004820997335798428,-0.008814388894478196,0.43830819089681405
0.0001624192926026294,-0.0008650334205985249,-0.0031645231781675036,0.0010806277244380423,-0.0010687637800393828,0.019896620707422312,-0.0018189434743782133,0.0008415253654005856,-0.003479375336550362
-2.9802594630222483,-1.1994182847416388,0.0008914593522532099,-4.03027268729263,1.807614436627537,0.0019800483167532325,0.05738762729751387,0.0027894110661271856,0.012077781996037151
0.0020493942544026174,-1.9174907531514898,-0.0015941740088462608,-0.00029049668802353214,0.0066424228633928245,-0.014126492832449041,-0.25957254359190013,0.0015867081457137944,-0.012195048067882741
-1.207601187254861,-3.8729945825551417,-0.0017233472558291774,0.011217591223143074,-0.8860516631292912,-0.0005477261398188994,-0.052550938169818706,0.02199205923218312,-0.00693167987803589
0.02345638489386877,0.0013220981123668425,0.0021155568272198857,-0.6313326580882007,0.0874324112803107,1.0161955579002506,-0.00022800541693467676,-0.015236890114816624,0.0058895361707842
-0.0003565031784815786,-0.00041378235845781667,0.0005580890749659839,-0.0008772625651566852,-0.006898365200716562,0.001753625324980235,0.0008809171182820901,0.00024527478282788793,-0.0025647072656137695
-1.6997394431722808,-0.9245152626436788,0.005293167119163139,-0.002638416528082076,-1.317660736875447,0.006156162746375837,-0.8862166225434258,0.020531969223901596,-0.028606786126721406
-0.0023826997044557197,-0.0018072500917939022,-0.007698174993880997,0.010230826264501613,-0.5133948743796981,1.0221056020170478,0.00670923729816343,0.005083101618342787,-0.0018462753023111573
0.0004959832931828558,-1.439538167919591,-0.00023727293227039647,-0.0026437360429849,0.004530031650257978,-0.0014361346198774982,0.001511043670662772,0.001593004053143814,-0.014113298805892627
0.049631222728750105,0.014466482721154436,0.24624500955864947,-0.00406830257071316,0.0033173005257594312,-0.2760298087379669,-0.20173944221195794,-0.8179720626718359,0.005186736632727396
3.480174283791535,-0.0017702157218717168,0.004858930783992119,-0.004269874519193561,-0.0017667106357442692,-0.006241183528175454,-0.04973810967926736,-0.012939573815420158,-0.01068933320235077
0.8930077005409256,0.0189421034292811,1.1960897338784235,-1.3394595778400635,0.1056591870342457,-0.0851428796016963,-0.0040401160974756906,-0.1380809477675906,0.011209856401589668
0.011913666980899046,0.685282663212823,-0.008318372714621047,0.018204694392432996,-4.687462904038218,0.0020232293892444124,0.47241249755208037,-0.009933159018373244,0.825282252550644
1.7760382843846068,0.4732626819319243,-0.16232662100098416,0.013804362386536671,0.0014355363473900224,0.5013584089772406,0.006038872084353903,-0.009583347757855708,0.1060341370656177
0.002679594373797353,-0.00010610438147198669,0.0024310843006194512,-0.8427406321622485,0.09984592305289988,-0.18495300785663601,-1.9764436365364144,-0.004220800198363495,-0.0017298689566712377
0.0033291066021126615,0.6339918548646095,0.0002700094163851155,0.002484689661036491,-0.36962648876949683,-0.0005471713472181643,0.01600137625946698,-0.006966048789656269,0.8593388720614703
0.0063953794966068395,0.6822470657317901,-0.0037618208638612247,0.007330919191473051,-0.0030885712455209838,0.006778784169446788,0.0057788621692608615,-0.007950011427031946,1.3464364916703317
-1.006806295559113,-0.6784199830640811,-0.0016570752279600406,-0.001842027642857439,0.02441944535321678,1.0824694725777042,0.005607948210294136,0.039075201357462314,-0.012639676275353284
-6.4950776501147285,0.32207302361779544,0.039383490209541794,0.001657817672856339,-0.0068673834869942205,0.0009697249568041621,-0.7260015985975166,-0.023764622260958768,0.007974767772671032
1.5141426192902228,0.7799089512593613,0.0036191983319385362,-0.0018958961077694765,-0.35517370157046807,0.020502145421715048,-0.00017036181345037905,-0.03640605090848249,-0.001620166082621055
0.00356754903140528,0.010605542732633847,0.0022986335398782606,0.002827540572798712,-0.030426072225917294,0.0017441005650808406,0.013133060742141609,-0.007849822111239305,0.28527728702004335
0.4245653259949198,0.002799948963384119,0.682354080675158,-0.21185240843310993,0.0025711648088252367,0.00024049921855425404,-0.0011050225449384977,-0.05233322400954454,0.002315355705732297
4.265613345839558,-0.0008195604207297744,0.0072395341388324375,-0.006724178157575433,0.004909365227433512,0.0012252256924045381,-1.1932409569146432,-0.033638205955148257,-0.00850438122781827
0.00025389689378838877,0.0005126496461505144,0.0006056431847986478,-0.00021433814600431447,-0.0037422091465857663,0.5742876002149734,0.02459096444957452,-0.0007388444752837065,0.0027184044431123183
-0.0019993880918254842,-1.493325320202415,0.004780543118601599,-1.1514488299726309,-0.016435251629370564,0.0004989990458726349,0.00684740824157707,0.009030762589726564,-0.02233603881778934
-0.016189938471728532,-0.7475952935436099,-0.7105041089538613,-0.004751828573812872,0.038680809918010005,-0.0008927861329574745,0.01644054920077466,0.06739860024773847,-0.024154204181621952
-0.7922461014928783,-1.4285794027559875,0.0031539057099512907,-0.00041076078142106417,-0.003532604895674328,-0.4650395591366724,-0.5666426095313805,0.015103051795809279,-0.02190747881327204
0.012878919760141314,0.04494283375872049,0.005672527193733834,-0.005644963018144254,0.000958381636117581,-0.003512885020544055,2.5280998210685333,-0.0254534536521418,2.242226431144905
2.918391937429387,1.5789690092549578,-0.6344663040184209,0.007828611110732131,0.011871583161252516,0.0015735882563304784,0.0047468690431859695,-0.04961054062914194,0.051236243617286625
0.02734468865810072,1.8440511634517835,0.0018251353758674815,0.0020167110713662437,-0.006298711093059961,-0.001603241213294701,-0.5998207687052463,-4.951266119615611,0.025557738407846475
-0.006676911364886802,-0.24833615694330818,-0.05003844862883633,3.0144148813987632,-0.016842632179528985,0.0033791785908330704,-0.006979858910094023,2.3844174137816276,-0.07396595367554126
1.2597182850979287,0.010618108836959475,0.0035980404200329427,-0.0006774353278885237,-0.0033037867898753435,8.808562188725839e-05,0.1788371556611955,-0.08266412353541622,0.21878418644221664
-1.555063921919662,-0.0027430984508431096,-0.009034519549399295,0.9180472027116344,0.0011858806148684082,-0.003586338074752566,0.001684316327385378,0.027674471789164545,0.002189173627066804
0.008607932688799544,0.0007833445502277159,0.8412039702716595,-0.0038222453371218393,-0.003628552926234686,-2.4235449958977098,0.0012958352107895594,-0.01055468604391796,0.0020793126710513324
-0.13654115740185002,-0.3544154595574126,-0.6587473405749984,0.0062843456229047245,0.0013086025825401497,0.009068471421633355,-0.01099420729898782,0.16645615400336822,-0.015408645129438459
-0.0016233832101959194,-0.22373575017989297,-0.001724101983934908,-0.0032510814074614407,0.0015285009208288022,-0.005699369928412531,-0.002078086719845999,0.005853405334917433,-0.051513158819182225
-1.405240701265839,-0.011544576871429952,-0.0014503871337659818,-0.0011511088546980544,0.00045107228110452535,0.004653991702748484,0.0018138377246726856,0.09244825023333328,-0.013811592249503929
-0.2756978897803797,-1.6555119825075746,-0.002256646259811673,0.003120600059947581,-1.9616676645177624,0.017162511533056684,0.005200372282333627,1.863960755700351,-0.013716508326926613
2.956887067309811,0.002161812822164995,0.5343502835535618,-0.6103427674628321,0.007936701841478155,-0.014698932486597937,0.0009773231243299513,-0.0937939842856812,-0.004700951639079576
-3.6194284556920005e-05,-0.0001583136344400454,0.0018367399137266434,-0.732954394476772,-1.1228063853681345,1.7666742522313796,0.16029909568758555,5.1547716023132116e-05,-0.0020967392177135852
0.011727849638301332,0.532447264062595,-0.0001182498594459111,0.0013054425654500665,-1.7418212219626739,-0.001866185760907043,0.8291846762785686,-0.015484120969406885,0.038689715521954104
-3.032262784002934,-0.013287727681334108,-0.00563237993506277,-0.001045331953177422,0.6102990835282248,-0.00017840293693874466,0.008508669832490786,0.26169055504961497,-0.0034849077951668583
-0.0005594223759374617,-2.9184005703696316,-0.0012174370543715507,0.001009900843656891,0.02660970074748025,-1.6459172644171098,-0.024989403990371695,-0.0006769245937248199,-0.008004941367081742
0.018868476666962487,0.3967119483733714,0.007546293620359454,-0.0018718527408467403,0.0001614004165881094,-0.0002965927564735332,-0.6232022953455201,-0.38505139552794815,0.0041645076463023845
-0.008266324087800574,-1.2208415438276567,-0.006478424175980643,0.0030858419058230535,0.007985684471754899,-0.0031840723895612023,0.006325511270242366,0.049526630075684294,0.015691074543775496
0.015065843440976574,0.029171512224162786,0.005440806082214177,-0.0016889340671110789,0.0018671864216802765,0.005419421031010789,-0.000543774497970422,-0.04273671770898633,0.030653350776005773
-0.009460421421264773,-0.003002506652233939,-0.11355317907370177,0.010494585119660092,1.4013703966821254,0.006199797310273813,-0.09071989795303906,0.02065117731445958,-0.007953235805305568
-5.366301734976023,-0.9605682920601954,-0.023092432318813194,0.027632457099907852,-1.0565254177517351,1.0656847776062837,-0.0036487037360287133,0.09283946995078551,0.004253887885872443
0.5568797973205356,0.004009177330309997,-0.003357051908009754,0.00159077948636646,0.05115694928337625,1.703605710616942,0.006903455642879197,-0.011088636965960918,0.053328472511248864
-0.0011627849395390885,-1.0888272344408203,0.003655035724758171,-0.5016047307568536,-0.016187000411391934,-0.011396513080040294,0.0201148180672414,0.007806295249034251,-0.049161452538418526
-0.0013557022660678397,-0.0005665700698240413,-0.0027536581590287008,0.01610115316064422,-1.9103841105354091,0.0021489289723325006,-0.0006283510166651478,0.0022766385546354392,-0.0005155156545972653
-0.22953297576555412,-0.006276592352875007,-0.0196394265135591,0.3234701390954877,-0.0840854750300632,-0.6117404735001045,0.006271939307112923,5.191166885179737,0.003460752126559885
-0.006750824805170933,-0.009267910544330023,-0.0003934316958589232,-0.04920994137665389,-2.2331311490405295,0.5434573493975859,-2.977010760169771,0.01152344280391589,-0.16224426045893242
-3.0520659884949937,-0.0013172595275108018,-0.0002771457837337926,-0.0007816774882846993,0.03828126904231177,-0.008451596550520328,-0.002334917643483741,0.014352124026320393,-0.00023409859737583139
3.2068143557893647,0.03290214499280575,0.0044984250209988835,-0.001095859656943519,-0.004430979500454452,0.04409930866228723,0.6709550365995333,-0.08865457993681305,0.016321305111404727
-0.23673964068700318,-0.004554936802545647,-0.004809066550230841,0.003767439651980644,0.000290386269358659,0.01731112806596939,0.0016861261522850314,0.033379225220268066,-0.00987700895534116
0.0006684405264497447,-0.010447175304082339,-0.04380611025088843,0.003701284078102742,0.001006658206264107,0.6655003065645211,-0.21914998453810652,4.4846908745471605,-0.008975625711325375
-0.0031592302634076558,2.0022762745853884,-0.006181293809365912,0.019722217331141552,-0.002056131889543575,-0.0006867327379380871,-0.0020678199795733272,0.010973218218649973,0.0289166641562002
-2.6106741772422755,-2.288193620123275,0.3918589452164323,-0.044564305036085994,-0.015041265713803764,0.023400378999243632,0.007871518969870886,0.06449546556783203,-0.4250317936245125
-0.013555796150484523,-3.3261765088698665,-0.4003144897809561,0.018904311141541563,0.0010699856682644636,1.3066678715796285,-0.014082784489773625,0.05598931069604651,-0.001481931580211704
-0.7804810302812317,-0.013689957569831778,-0.4651593492579815,-0.0008645305717703902,0.0387287234657962,0.003746125128747342,0.005709058483041051,0.0728382078177805,-0.010968031300485265
-0.09168565723745854,-0.0015487047829425924,-0.008050300479805428,2.74775487141253,-0.002276462551274394,0.0054279921637187785,0.002275686099799402,1.9421262437963973,-0.007362184499153823
-0.02049373543694658,-1.0149077828660324,-0.0021087049153899265,0.003866869439935,-1.9044592665497508,0.0024941942952590584,-0.014181432860214109,0.1045789470523246,-0.017036319451397497
0.06660221229830168,1.4993134837239506,0.002524952507608383,-0.007100855938243743,1.4223602641982835,-1.649453995118732,0.8896783123292105,-0.23188130418749883,0.006205950643885294
0.0012949361341117929,0.005219386219570823,0.0007214801913292739,0.004463985239505777,-0.001640346380281691,-0.0039877214141593315,0.019498691973891057,-0.0035978426841400436,0.7829045222542081
0.004677557179480885,0.9559065042619378,-0.0009144469447830567,0.0009598354383117121,0.0013041828773562216,-0.030440384704629307,0.051460082101255245,-0.010609768186461312,0.03062026142300478
-0.009930506233353535,-0.5287941580325426,-0.001556898269681934,-0.001490393398056678,0.030406670326879503,-0.028248351436742414,-0.0009035381907806957,0.02047887199265311,-0.03724773020743605
0.015383031730086379,0.9617274868258896,0.18965018194196048,-2.5057302084494637,0.0010643929762740867,-1.9259076872026095,0.0033927492311083066,-0.13791393851519207,0.02095284982390977
-0.5728112831064381,-1.408771927611859,-0.006915319931601854,0.004011870730967475,0.37881633601372594,0.009956277496204261,0.0030163714234969392,0.02364268246414783,-0.004981203174843296
0.024504508378008053,0.00435399500945564,0.010357356464545706,-2.2274795459432273,0.01331917412995377,-0.004688421128036332,0.0015918824035422796,-0.057773908432021764,0.018616474169203628
2.4905042540289584,0.0007299949560778851,-0.004419160683763523,0.22288595795536412,-0.21853852791102382,0.023138019092080207,-0.01783268218290492,-0.0038424224301639356,0.068756047239378
-0.0011895441103634942,-0.9975015406605585,0.03124954623114301,-2.0388383322919834,0.00015187904014873606,-0.14434020797633765,-0.28736382734561494,-0.004597460456196406,-0.37923715574299965
-0.40265481641796497,-1.2990992012056322,-0.004081684917558406,-5.719559774651278e-06,0.06843773410408405,-0.0039011040183451837,0.6398751863052068,0.09100925559900633,-0.00437285770600615
0.04930897435549679,0.038990308106848795,0.01724279682680363,-0.10637679153324786,0.014374682844899511,-0.009990838976756818,0.011589534948615629,-3.7322519095047815,0.00381107129814523
-2.6688953503336355,-0.004260519144330675,-0.1514638955565013,0.026557211860056107,0.002098415597093896,-0.00919562045156492,-0.05462571809351649,0.036316864078899794,-0.000280772387341921
-0.002743878659827053,0.6898584974374826,-0.0020159180515861297,0.0012625332600219585,0.13302991507032988,-0.0016267400373251957,0.008173664286688677,0.003685617602849243,0.007222122589982949
0.005766447976107275,0.29020639580503843,0.006078034470372914,-0.0037778465124171223,-0.0006374058727814103,-6.8441430215548e-05,1.38182873185018,-0.018941390658306512,0.005917257935778297
-0.12088387060428077,-0.15753951979238948,-0.002671969477919131,0.010440881950005174,-0.025499662031663976,0.006027936940292041,1.4206808209422245e-05,4.514989799805268,0.0051822987403742915
-0.023268125087770524,-1.3223946398223343,-0.0004952465684566268,0.000908128191218271,0.0001675578486437044,-0.005032672966545565,-0.022688834010273183,0.09153224418344227,-0.011587080509521952
-1.9940852676342784,-0.0022590767520939167,-0.01859427210176348,0.27728162206102314,-0.0004964394569023506,-0.0034612282610446106,-0.0038599507884952535,0.044082300876576004,0.0066568856625819905
-1.832487422889321,-0.004931003038337074,-0.002576473211518583,0.0002900419079999443,-0.004403714640549842,0.004016478168051535,1.6146826737931275,0.08528314576511627,-0.008239818978049984
-4.046704373607004,-0.8914173268220927,-0.006566362136443377,0.004791749378323578,-0.026571404007023514,-2.481030831993623,0.838301521361452,0.2130390967941353,0.005467144859784945
0.0024209132079470548,1.4700557023944456,-0.007794080309150769,0.009910221787260323,-0.0031036920399513217,0.5370139397447252,0.022571466980906896,-0.0010826407383153006,0.8132021020620464
0.027299197622967106,-1.8860316661949086,1.1534118572160965,-0.16403982340405587,-0.017223986313626746,-0.0005411031760452732,-0.3425820585059882,-0.019396871252862602,-0.017428906284578716
-0.003639543735632842,-0.0011528644980994705,-0.0037217666370271745,0.008522353952030272,-0.006008527878316532,-0.018385899837433477,0.002277683835505309,0.005816555890703015,-0.003461074567699846
2.7213921744896217,0.0024133605007113906,-0.3653736517121986,1.3601596382403427,0.0009440855828750528,0.022087793924251486,-0.0012799621716577912,-0.010600912085835815,0.007435930107449862
0.004532618901598293,0.007189231501416483,0.0024637842099302955,-0.0007672591644638164,1.2103109844740512,-0.008814297637109371,0.011205587295429524,-0.010306323714827443,0.02798335496340969
-0.174223463534016,-0.26045015271596716,-0.0020798118722274023,-0.0002399168468565435,-0.0005400553291521528,0.010094663256485994,-0.0005974370617750279,1.070703157493568,-0.061061951879464504
0.0002624841160097063,0.9392576158949573,-0.0019504418228563844,0.0038580251559803764,1.4691360130328537,-0.004903868534049189,0.0011076745833306315,-0.0012886651426698243,0.04472181604146408
-0.026714928114583515,-0.014204413900713427,-0.2911919062499466,0.005985509856226139,-0.0010653191946833288,0.0022266925806188726,-0.9660143096303654,1.31828870286343,-0.015201605097389409
2.3382031242783983,-0.0009198607237093809,0.0036227245221472776,-0.007502420257681721,0.5079080309820089,-0.0013874225639976864,-0.7074658266910165,-0.021908318195623035,-0.008464882250153405
-0.003487882334307569,-0.0003996713911258434,-0.26655490641287516,0.007570049267556306,0.0038615715244574604,2.2131821814810593,0.9109901618250426,0.006389364995446303,0.0017787863561025746
-0.0027864176191677663,-0.00025911198781221947,-0.0009542112331496124,0.767330570017835,-0.0005550238720135837,-0.02658553715855714,-0.000723898133114427,0.00250392536875254,0.0006234842285257824
1.7850813410156747,0.7305903464567846,0.0014935096533943426,0.000387252104886287,-0.0031084221226526237,0.00011287173657142282,-0.0004075625150735708,-0.04949936815157835,0.013841277731088453
-2.660099539718335,-0.3775344486118431,-0.0003781699896653057,-0.0016761155889118261,-0.642365779846717,-0.0004548238907826407,0.006650013807566007,1.5124268525876825,-0.01984033771195115
0.001724598091840443,-0.9751611893162215,-0.00040065968001743585,-0.0009534226123970059,-0.00430559549229903,-0.004692764301079338,-0.1218632223451466,0.0038970380973450676,-0.019104848132298846
3.334233934940735,2.881278696455741,0.009935961465125986,-0.00277295030481491,-0.004687670156156155,0.24680510675249018,-0.5584253277534215,-0.2781419181623426,-0.0018462188098538057
-0.003817425837693386,-0.00908127323525959,-0.0005588006561395124,-0.0010334023526178896,0.0033531761716525505,-0.0027685605508964853,-0.006906466306385969,0.00647104573884863,-2.1286884924080596
0.25465725247681625,0.019894415935121243,0.3619503836933636,-0.0008575626320785727,-1.7073645226719405,0.010604943986238874,-0.0025981690584440074,-0.08028721806474426,0.021276727546120658
0.007585107367293371,0.022006059566411884,0.0007733421939469731,0.005247823734044197,-2.227674717380752,-0.0009941024180479426,0.010904098563130763,-0.013382369839615835,0.21455413571462018
9.008685291447582,-3.2098298251536788,-0.826880667817819,0.0025586116797346285,-0.007185433891181355,-6.27766916087122e-05,0.013493347381156083,0.012192559656570023,0.00651601040766555
-5.233552931277139,0.997535782532167,0.014383990329980056,-0.0037801279238853826,0.002367054294057546,-0.037111858448719635,0.03914549268869737,-0.01751967823150643,0.00717516809767732
3.819534327427899,0.16117452570286875,0.00032071154623526665,0.002622497314062583,-0.0020500086862171134,0.00028566437810118196,0.004480156606191745,-0.0468091696883702,0.01845186345196026
0.0001214157055570899,0.8459811206578716,0.002722458848146085,0.0005950746659330387,-0.002076052641007852,-0.7017998247386532,0.0041792228941061535,-0.006535424542020963,0.030864694908497525
-4.248422961097136,-0.01758814254932552,-0.005118056857076836,0.0009587148992986174,0.007443254763258786,0.012953572355896715,-0.07526368038990554,0.10726948767612461,-0.014931855425977414
-3.8283193598977086,0.008702050558335228,-1.77418376560696,0.014926136371742338,-0.0032057719872106843,1.5475922708087708,0.01706435808085474,0.01976024949130395,0.04283532263694689
0.002437966445911489,-0.811930611891029,-0.0020761865188338863,-0.0016918818649328802,0.007397279904814318,0.9360214512336955,-0.001800604403406618,0.0006333558291041518,-0.011095152798268282
-0.7510778688385921,-0.0026928793887797953,0.008526836938230576,-0.002551719839406022,-0.01825309553867413,0.0005388155801076283,0.0029478837491072303,0.009012898361480887,-0.02530944715968786
-0.006376915172781687,-0.013987389322667266,-0.004382202182549277,-3.432683423105722e-05,0.0010321589639824065,0.011170589409599254,-0.007719664355838261,0.024250451887266718,-0.5713476626548674
0.06875974772867947,1.1041045129195464,0.0031260508842814727,-0.005997302150709586,0.006073490561582058,-2.6364064257687652e-05,-0.0024054041308570247,-0.1467126919415838,-0.00510211331271021
-0.005562372767585953,-0.3028524285341083,0.0002660289254247661,-0.010070607108499854,0.00012389246794795774,-0.0003555568830977264,0.007849686754262244,0.013544258004844545,-1.0469220735178908
0.0352896819791447,0.004584372284537789,0.44741267480067143,-0.002701850397924522,0.005011742213339166,2.640830649521412,-0.03250476916171481,-0.03349457324912042,0.010972037740983896
8.028618007275006e-05,0.0007150633229890584,0.028004825308570357,-0.004694112579763607,-2.488679878626355,-0.0038658183281916453,-0.0007100719827334713,-0.0018234676435405195,0.000555696776368034
0.007294171275422737,0.3613593921013007,0.0007617793259421402,0.002979722694172858,-0.290091047755869,-0.00331527330373393,0.017726679172767164,-0.017204284550471807,0.1272842897062767
0.4531105747883099,0.5430043724580893,0.00928384715552183,-0.0021013618796386704,-0.027323074775019114,0.003398158078331001,0.44782235387450375,-2.3524709705891045,0.05479146475639762
-1.2585268728366747,-0.00119743866573022,-0.004102465708284091,0.010725993382541378,-1.2077694019647804,0.010877704666871378,0.00717243032162059,0.02535435570953943,0.007082682310497218
1.459555900832096,0.0020640716608638183,0.020218688130133805,-0.032654869223091895,0.644561071577696,-0.001435226980896408,-0.004824997697307832,-0.08491576707587546,-0.00422699526456638
0.05927717683214744,0.005234911930052043,0.006921612773055252,-0.0030708543173914075,0.0006261505333053918,-1.3887156265934395,-0.005586268266426282,-2.409540926417931,0.0006965523886854341
0.0068173274395132676,1.3751183180653588,-0.7817793061850198,0.038743237976802986,-0.0003354248462053306,0.0024842539323214233,0.001568390935211425,-0.015573964343028643,0.12441310748236756
0.00569147999891962,0.5614628242812585,0.002486703692519958,-0.0012718731884715194,0.02552074983498481,-0.0002884044697797812,-0.0037181294896564414,-0.02214041832865172,0.018826399099843738
0.0017121660298723576,0.0007337641206440341,-0.000264146763566222,0.0008937331761139853,0.004532186593793166,0.0071738845616020905,0.0013723161594452907,-0.002313893330993038,0.006641950730246707
0.0001896028253415248,-0.000482755920427712,-0.2841735671251061,0.3057644354060828,1.8775804743371591,0.0044158305270216415,-1.6394267938738663,0.0005486306255667178,0.002847156217585675
0.005951019360646186,-1.0489820189421466,0.0007852745964236005,-0.003007723469403461,-0.0005143229227397746,0.0014811737545831582,-0.69461381247275,-0.005269287889269007,-0.024357717962556924
0.9495261055545701,0.007976811123017943,-0.0006759896227060379,0.00035740858236247647,0.001307171920457264,0.005362508549274421,0.003381613473107258,-0.014481123700863794,0.01695819240409048
-0.0024543533795363982,-0.0026956181361677996,-0.005056072513274383,-2.524412928022677,1.8071660968414291,-0.025417361418277797,-0.0005299926440674538,0.004704533018706924,-0.011044380864892248
8.17929119928582e-05,2.1538419925717798,-0.0028515945499189843,0.0027853055174353516,0.007008364030808928,0.0025471226637506558,0.0031525439132347385,0.0003021261057052265,0.023174505563894776
1.2769258097263323,0.008729556999508078,0.008329208316519343,-0.010877160141904624,0.015269551506914497,-0.025271778366215247,0.02370465105463857,-0.17585765638569859,0.00935902702032565
-0.010659994909001075,-0.0018694824383341593,-1.146853091948123,0.16812229518263,-0.043696643023091605,0.039321616239704246,-0.003225962402994313,0.009165691926486197,-0.0024287184668505962
-0.02658790653704833,-0.37579104461223256,-0.0007866840268247535,-0.001377279912405297,-0.0029558929910088894,-0.016101504653532328,0.0031696256286352547,1.3986788604121636,-0.042033675507779256
0.0016686364076457466,0.0022493903219730858,0.001180228766593379,0.0009981329611757884,0.0006769656808308179,0.021233497602537888,-2.8156917485312512e-05,-0.0030930217216718005,0.011164290901110107
0.0017828375115975631,1.5723404271060077,-0.01441915941617622,0.7613047622979633,-0.0009148898233567685,-0.0049073185370759305,0.02480695026869028,-0.0023541283588543772,0.12566332524951918
3.548259444307304,-0.004075845402727986,0.04701862429805481,-0.015277864982449554,0.0009893378099546102,-1.4409319047542268,-3.2496979373011343,-3.0709816038076636,-0.019549546914205407
4.265622607717867,0.005300788552740308,0.0027044725230257055,-0.003807937079031656,0.06007368769014229,0.0009562442719857002,-0.005806460679709972,-0.02331962670215153,-0.003448312222535388
-0.05956951390484022,-1.1726434106645227,-0.7241667955119704,0.050817617756383715,-0.276581485882164,2.029001391652905,0.004806504757827887,0.24543341815062503,-0.007432328604921379
0.1116857510511316,0.793587782313968,0.2254766365362899,-0.00578457693341744,-0.012310359759573111,0.3318507168466396,-3.9352997752459956e-05,-0.22835421413225154,0.007800888604902634
-0.7667514619672329,-0.0012692043390541549,-0.0022439435068415114,0.9343184016201463,-0.0011666180900408805,0.0012456792139428595,-0.009186208454806416,0.026654020024355424,-0.00428684823801187
1.2058511032542818,0.00808815116160063,-0.0010908073430386765,0.0021375083967837875,0.987946009619686,0.0019296735156930306,-0.0005754281222867248,-0.03544672093759573,0.022763998245051237
3.2040322994842656,0.03885667895137721,0.5162757229760295,-0.003387065507731546,0.0002588799680602119,-0.004870378296532914,-0.0010506038196325188,-0.06323825109840953,0.004084921164546007
0.10126495456324452,0.004740934180786336,0.02108165086810959,-1.1875866107417334,0.3470972834141454,-2.3973000246949554,-0.008400405185045976,-1.65857651692957,0.0068518840248974755
1.7618009338874279,0.016577542268929615,-0.00040067855056415136,0.0016510943698566645,0.00171864238986566,-0.364229755798548,0.008562910442997609,-0.043954606603522364,0.02047191823668676
0.015822663421249262,1.0526363250558501,0.00228640697448116,-0.004540730225795264,0.03428582780466945,-0.0020156866647801724,8.274956428184002e-05,-0.054008143097758504,0.0031938019390243544
-0.0002849845503515719,-0.0012935790074226098,-0.0012745303779842078,-0.0033363701096010803,-0.00013771242018225454,0.0018896607342647025,0.0032936054961655455,0.0015563336074362086,-0.006278097192013795
0.004640757456308589,0.8721026041147747,-0.00713908348979965,0.11504524714959834,-0.0013815431734658786,0.002705788334997717,-0.0013288580934137442,-0.007744453658833603,0.10009821160632626
-0.03107315320653601,-0.1945460861694745,-0.0018679535602230297,0.0015670359579790603,-0.22722230642944968,0.1031032372974393,1.8572826683948014,0.030172705080102353,-0.019460451209764563
-0.0023333749959976633,-0.5446490394210959,0.0014832292277475873,-0.007885988321831565,-1.5701032824233656,-2.757142388933657,1.0560630650926413,0.005512861232747442,-0.27072576658165826
0.017726355543568405,0.4755805653735478,0.22979108528176817,-0.0010633482815032326,-0.022189413775478818,0.0028263117329158332,-0.00035309284413924044,-0.40516936534661174,0.0215635531267091
-0.007346793409065411,-0.05580147660685714,-0.8387225368151152,-0.00020565942897865508,-1.265851703137602,-0.0006819696729275836,0.006736523391927642,0.019452190174920503,-0.017696132172615925
-0.2032923396015487,-0.0042486884540389016,-0.013068160341120787,0.010122099002016535,0.0017951254579574062,-0.14085118123623794,0.0034656134911711066,0.0403063530288625,-0.004860078379037968
-2.592827303388222,-1.0049900028240586,-0.8798205263794152,0.008509800361770847,-0.0015777670082967737,-0.0010828546282862436,-0.004648046485281887,1.7465818426665258,-0.0047508622146359425
-1.792404159974561,-1.6112703535056965,1.0982199413151568,-0.03770751621903723,0.003091743645036657,0.0072296163794848545,-0.0028189009940428056,0.04399227271570949,-0.09237179253580852
-0.5912336554464463,-0.005386300456874073,-0.3127558701901749,0.44316954255495955,-0.0022634692679429375,0.01711594857430322,0.01587003941089511,0.03630450367177751,-0.0021321964618639527
0.0032320633869678318,0.06241469062985015,0.014137857685518954,0.0016289861350718454,0.0025640717161246286,-1.7780460476417987,-0.0038326238477056638,-0.014857220616611525,0.026987378928300484
0.008506766495507835,0.002221350054576535,0.0044176082717508015,-0.005474657985900839,0.7814772650273334,0.0014490859524750788,-1.2499196241282278,-0.012711911552261751,0.006582405917955826
0.8391674076623757,0.0037185319832563186,-0.0005966296258263434,0.001473307995770876,-9.067620735535558e-05,0.009467761392455884,-0.0003910710758954837,-0.018154344945222948,0.01741029405227658
0.012607880836163732,0.013142870893985897,0.051765623157137425,-0.0018392004426800437,0.00031121052479713383,-0.006248124530917733,-0.0012725627758107456,-0.43568832700634175,0.017608485938868032
2.116774574592832,0.11613001676865863,0.011160521515433619,-0.003950807046751201,0.00026803712363226637,-0.3886278454255506,-0.00042133171340456507,-4.94893897471315,0.013154733881612257
-0.05119778998963436,-0.450525864640236,-0.0002547547709129683,0.00043006747794880414,-0.0021130905953848714,-0.001047299657205454,0.004223486879433556,4.514694511509574,-0.0016481968168146066
2.068721901171922,0.0449415709565834,0.7368316089601503,0.0003631019930125795,-0.0029458066518493094,-0.0014256961975623282,-0.003941576562517153,-0.043467472013267006,0.013165023757352012
-0.0013280095092562689,-1.0831885303223183,-0.00020188564503272055,-0.00026752504778309195,-0.006848899146951295,0.00653424180629769,-2.1096629394699553,0.008770126700578921,-0.007699628863975794
1.2921462835269693,0.00929844479407038,0.48792881845931735,-0.0013622008651466497,-0.003176487532121657,-0.008964963420569847,-0.002476017045227711,-0.08115649837655636,0.009209963985422065
1.7648850423424225,1.8489227406737634,0.004558427636967954,-0.0034676880378346894,-0.01281354682942169,0.4250688038443051,0.005780959781816593,-0.05634531638923391,0.005707604533525146
0.12088622098072244,0.0056305190333541585,0.07197534338921213,-0.006690491254422527,0.002689212777659239,0.0008152077016963876,-0.883427399056507,-0.5122967438433158,0.00571099200282818
-0.010270501424856757,-0.01113243107052576,-0.007787479653502077,0.0016996739067990092,-0.003330981461216443,0.0072396542163044525,2.052589623485034,0.4883376138580294,-0.004336842375265821
2.6157918265777518,1.3183613438847928,0.2503733207856591,-0.009853506114794186,-0.0040046314966059385,-0.00948919237307377,0.002080359705973492,-0.0888903787880837,-0.00530535252842812
-0.3854465223880379,-0.0033141599727265214,-0.011665182303622679,0.0036274275402538468,0.01403052182930515,0.004747201255278857,-0.0007325836924989525,5.022772269802714,0.00026093765809348524
0.008373498935738105,0.22276804832024255,0.38957186458394055,-0.0009944607128510793,-2.0559478159583593,0.001508256742739397,0.0028684132025222197,-0.028000184025445463,0.03973289132961
2.8976949592588586,1.5357423438260511,0.018053056975942894,-0.012427261784384535,-0.0034884104525538633,-0.0018335219231861242,0.0017590631206138227,-0.07315242085193101,-0.01409739609152183
0.005953342990515011,0.01254000639866197,1.0573812564648212e-06,0.0006313701705906112,0.00680704761490342,0.6049519279855216,0.003792321192031595,-0.01065668047772117,2.731722329763171
0.002982109601849258,0.004378517547967843,0.00015420435729412768,0.0011989340853835234,-0.0009738906674718359,0.010744988314510201,0.0032364704799328166,-0.004292510980015322,1.812086863403755
-0.012570391707720011,-0.049530678909694384,-0.21946411922033637,0.008815248480463903,-0.003999610121350685,1.656952389138354,-0.0008812959668605298,2.683850159379147,-0.007317739027294323
0.027672196579663404,2.4571579239650614,0.10575638056209113,-0.4432986280892064,0.005597237642540755,-0.00012117805432676054,-1.2118458959837684,-0.6829341763687782,-0.03067462667654608
-0.023560918137958225,-1.5040775162596571,-0.0015391227602884472,0.0015576727164276257,-0.004810531572801827,0.0024231740988562836,-5.586447928376814e-06,1.248651412113651,-0.018649535716975807
0.0022922471903930007,0.5342824451565766,0.0017153138619461772,0.0015294629329403453,-0.023769833188481235,0.6336410778375415,0.0036765833284026633,-0.007596093961334836,4.260354260133873
2.2305850236251255,0.00011062470054949355,0.00592432234448792,-0.8234125332340346,-0.0013672757471411088,-0.0009706510919938063,-0.000799254121941124,-0.015330819022941453,-0.00514518237264916
-3.1890758456446955,-0.6248457769024922,-0.001550925996471414,-0.002060785941469295,0.00020995940487731832,-0.002893172440344085,3.1879494902487244,0.06378800801302369,-0.02164432569813801
1.905844363538075,0.010760575669919201,-0.004107734846634729,0.003845551569692767,-0.0011798032154454706,0.0005508548369850813,0.012377180565993106,-0.010873663505145096,0.027827770605410695
2.4143075925782096,0.0013039062122001954,0.09568439377807003,-0.0050757047355496285,-0.029128297371954222,0.017744622630569334,-3.8886046865890647,-0.03720945747913219,-0.003824889500464196
0.002256058912214094,0.0020253098875643964,0.09093636641852809,-0.007006007207351506,0.0011536512653477528,-1.6434404737309847,-0.004194029626853446,-6.185452266373349,-0.005840465326645172
0.08990273343916466,0.018878281150354864,0.003311816558647403,-0.00448293588201446,0.0010408022632353337,0.023851890058287733,-0.0019174827549847339,-0.03510540021901026,3.206603759203163
1.7958970386605984,1.3908096105685885e-05,1.1938635459692044,-1.2807663209536777,-0.002457060702902719,0.0037581405191820455,-0.004855492402331539,-0.056843597759556275,-0.02523103860958198
-2.58855419260583,-0.0034785484619566875,-0.8976385104067779,0.006236937032724127,0.004430626532628729,-0.640910820479975,-0.0035799041079060956,0.018636558840422257,-0.0013848748793313659
0.018145941116820694,2.9967518214331523,0.007554890087580479,-0.43556455286138995,0.003164059095872359,-0.0015608737096817224,0.02480385101209931,-0.01977823339368002,0.00214064286426785
3.904555322261169,0.0016774943781906174,-0.7105744128711304,0.16001904103516806,-0.0008485131764157973,-0.0019034815274429524,-0.015395270761274081,-0.014278309973446479,0.010620579012863174
-0.0011842038042547982,-0.0010985750404445777,-0.00021224194862087196,-0.0006548231575002996,-0.0027849288179189607,-2.0653504755390335,-1.0549994104446614,0.002004986776069773,-0.0044857552646465175
0.5955367692628576,2.311165875932722,0.01108765000863321,-0.01554850733224648,0.017703044545724744,-0.04564096015199296,-1.195586395704547,-0.0800074233795654,-0.007957722517897281
4.432095491004996,-0.009112578106453849,0.000988605351789365,-0.017535148107688053,0.008351273090549876,-0.48802829273421866,0.010415770994119292,-0.0005298203423823485,-0.03248285195573941
-3.7120540922295957,-1.8223139769775827,-0.0028467507399577985,-0.00046630599856771135,0.0023709839700382547,-0.0028684383741599618,1.207092840446607,0.09053148105501228,-0.006369774674709783
0.020700486221908676,0.018521209761041532,0.004660469102317072,-1.9055827516867123e-05,-0.004078654658981169,0.004597141107366392,-0.02680199556771986,-3.6856012740288193,0.002985714472429457
-1.0786671583478373,-0.001118307456942368,-0.0034418450144251753,0.004172768892072699,-0.0003097362914886142,0.0010938749973945375,0.000738088543983518,0.029668813699637493,-0.0010215752061622646
0.008762224348468857,0.962389771127813,0.003241938006083585,-0.0004365483115319678,-0.7897279970133113,-0.0014810269613497076,0.001981596916245297,-0.032593756641048036,0.017698241304995532
1.0830961273706299,0.09988297429283578,0.007161047799943962,-0.001354755167032883,-0.0010289900677845163,0.0020361019514836664,-0.03322576361439286,-1.607143074168473,0.003307307222348621
-0.010786760466518858,-0.7431077539894002,-0.4627433083487267,0.004073804164739653,-0.0010862263825718536,-0.00110449498178475,1.0770195222996248,0.2014241602342195,0.0021473812074261356
0.011051179853512064,0.004300879576104696,-0.0011580511456576867,0.5227160024701019,0.004050569975418628,-0.016626335953765194,0.0003682426301879953,-0.011837321207686187,0.028495506166645285
2.8526082989991464,0.0013712708497675124,-0.23101493302482323,0.005079668836401523,-0.0006332635120874387,0.006780828313425511,0.9910481231507742,0.001669686921990321,0.05575753171874087
0.0008263826978727254,0.008477383020590562,-0.003370898642910362,0.006228554059243131,2.3074076607105667,0.001568552025565318,0.20165026362356367,-0.001217927638258745,4.494979876011517
0.0006618201840920115,-2.9913917592778896e-05,0.004097211655782989,-0.0207203918108487,-0.0002639201624638968,0.009113848568283697,-1.6191411729910175,-0.0009312679204234099,-0.0038262074963681626
-0.021079460354382466,-0.011641716114107945,-0.0044951391418655146,0.0005104761693791077,-0.008194241446384672,6.747368279133798e-05,1.2563689027753484,2.121542713157816,-0.01619375861992392
0.004371795140015831,0.0014922179606096646,0.018125406055322986,-0.022688084420553076,0.014279673386963057,-0.041429974210531094,-0.013761497036764884,-0.007844360124882939,0.002911590415739334
1.747066004835298,0.0074003304898881345,-0.00026183577189216323,0.002381937646268556,0.004024741296013837,-0.0017043356928510944,-0.004086587268395446,-0.03722698363468522,0.014821139521143722
-0.0029105913344151246,-0.004139829272212233,-0.00012116692013540789,-0.002482835901140804,-0.0018809834422834806,0.0055056623340725966,-0.00173229868894185,0.005576600918023981,-1.6295778869829416
-0.040847802466700486,-0.10311104152497462,-0.0032051177580372098,0.003466964181991194,-0.013634461669285777,0.008312786968509733,0.002710031195943108,2.7047967784680402,-0.008038250958120274
-1.1176456215808197,-0.011005175753722552,-0.013555613577717798,0.0047656661329005135,-0.00034960402665345277,-0.0012456007147253875,0.006540520673005463,0.14858001398467058,-0.0013110432329886401
0.015007124310290637,0.018527580339847444,0.5161117736598624,-2.0647307096164704,0.03751118490726019,-1.5594927572644242,2.1408451520498732,-0.1386042629480997,0.09607000609174476
2.2807332886617,0.0005887868303305222,-0.005204367081894354,0.0014797159411580945,2.6224498278309603,-0.003858850715633376,0.01179333030631921,-0.013472773007396143,0.006733801554557328
0.0484516526557211,0.23513301157547212,-0.006279978127987335,0.0035133667542557616,0.009983249561197647,-0.026532355017065856,0.010768974131549737,-4.1541182068966,0.06757096346445768
0.02735087574481949,0.004316166024437003,0.04263955340153508,-0.01697212622830262,0.001232254255956437,-0.005440005737382369,0.0015056157135046662,-0.061287228817496986,0.006019841259521205
3.202693355020666,0.23649807603397008,0.007714627341694119,-0.0025067183975393415,-0.0026174880844591283,0.05132402830856139,0.0039228924381617646,-0.16621338082958276,0.007546952241639371
0.0056390883472733355,-2.733597695992359,0.007738434286333418,-0.014222007778056668,-0.0027862611638713765,0.00656734037490771,-0.006660780227019492,-0.010633832693034178,-0.03577197432976753
-0.00398122380373918,-0.002738493029853567,0.00021534345566491444,-0.6426922901372376,0.012618190720981921,0.002695763670222654,-0.010148044851889313,0.005843867672928867,-0.01910100218094548
0.03719391716232784,2.838824289478962,0.003097980802138911,-0.0005712589192836989,-0.01104240532556438,-0.2453611617008763,-0.02373461332133757,-0.032771756458004016,0.004062070992882472
0.015838258692808076,-0.8203866524910818,-0.004137353118842367,-2.861267340118357,0.5770989818911558,0.03532410341652824,-0.006727371730921659,-0.06506444447783505,-0.05702854594918605
1.8949506588115055,-0.00012601770697893023,0.007549322209085718,-0.9385416501459886,0.006900098006368465,0.0008530824355935662,0.0004085514738930928,-0.07419049078183594,0.002031687492377643
2.7090521538954317,0.28720682663411323,-0.00325983928239032,0.47653787146403226,-0.004249173538921533,-0.09257755549010371,0.006310564156809357,-0.06717825127135685,0.8573897423653847
-2.440893396497553,-0.009208630561428358,0.0020983689247866116,-0.0014137796301593886,-4.247235281192357,0.36054892182484305,-0.0025598664828869813,0.009946755686664942,-0.012406757579799199
-0.004153362838290308,1.4014103690144804,0.012218094745496427,-0.005842541567057562,1.670774503479214,0.00041399165233232905,0.00016309425111757717,-0.0002184694740257672,-0.0030072480033505045
0.10288204307091747,0.0023975298892392784,0.46186158557864465,-0.006227300169518141,-0.0407596784261777,-0.007396576978029434,-0.00048576182223292576,-0.031713117306055805,0.0026548639692703657
-2.0297589264276485,0.007526210394216526,0.023649877149018006,2.5025873571623,-0.009486726648277356,-1.2539503607340998,-0.07864889867671675,0.0033878156817004346,-0.00459515363526386
-0.9890979125507127,-0.6191428512792662,-0.001442750715161617,0.00369189375266951,-0.17887583638675308,0.011316444254277698,0.0017587510716955412,3.844808906616867,-0.005633427752759657
4.598830864795195,0.8413279650228473,-0.005204432422160565,0.016136220399914088,-0.0011885283622906258,0.34392594368604973,0.0004072949811359909,-0.00893863944615,0.055690905399030655
-3.8910337260694314,-0.04165772464295587,-0.0010171092926863495,-0.00021175006941218772,0.0846917073980572,0.8441310985654804,-0.2897992724643226,0.010295690638901641,-0.009827581740299074
-1.0599553344744719,-0.057270432337354606,-0.00455124296441102,-0.0005829477700666737,1.5391024059516931,1.4146517782977892,1.2396359773213137,0.04765891472626907,-0.016846031199092143
-0.022658047331376673,-0.8648540118297157,0.0007554285612496672,-0.0016081595856744452,0.0044352881343641985,0.0060689493113638086,-0.002551662132716905,0.017142769097525785,-0.027042198225175396
-0.0034755125664341965,-0.004288763789605509,0.003361997593217605,-0.049167753009278885,-0.8794322342888136,-0.0017210057904637444,-0.0013620042306114368,0.0053430741745386125,-1.0468336721380456
0.0032813968037560814,0.0001080159004360786,0.004542251332931398,-1.4614599349133357,-4.123761123685675,0.004409105107379575,0.0006053707421018178,-0.0052590183851776336,0.0009667875530256934
0.9215474088420464,0.035161885978941036,-0.0003803425422564087,0.0018088621650529,0.0007326098702596781,-0.004048429509338301,0.009592689815843169,-0.030672614287105583,0.13136803236801553
0.0039634409222413305,0.3765031173238831,-0.001155501460775258,0.0032018613175226873,0.0003414355312029169,-0.7125821012039095,0.06779956930119731,-0.008296719950410215,0.7599653814133114
-0.0034831018552315147,-0.0007143399795587495,-0.007227693487333511,1.2786868611353726,-0.0002446303735027279,-0.05533293498577379,0.0007066783388475421,0.005860806609471598,-0.0032799043515796497
-0.01541547418890538,-0.004955139960378147,-0.0036785446767278423,0.0058495654279087355,-0.0008079813313241399,-0.005324070871394325,-1.6863458046595803,0.016011036343432622,-0.02140999808409619
0.002074204737801558,-0.0015506629002720448,6.0432643551891485e-05,-0.4770194925393918,-8.898457906696827e-05,-0.0031549024676956077,-0.011944247635609848,-0.0005744159195777993,-0.9840531410161104
-0.021795851099256323,-0.7941339676699823,-0.0422822608962391,0.004149776855293271,0.003134950987228576,0.016170778871787986,0.015375538688331782,0.3277954466085605,0.0005937801454712899
0.005148053959903389,0.0029605431998210594,-0.003486913100477585,0.027116267468668517,0.003913007455833917,0.002896926273789652,0.001059302370724345,-0.005372772932066512,0.9102649323521235
-0.0019693975526370285,-0.30336344581360275,-0.0008674565180059046,-0.009258740451122396,-0.0005736942049584574,0.0008345276917545161,0.8275050992775256,0.008594433712770156,-0.046723577108612524
2.693231561792871,-0.0012047292008156808,0.009141707627264004,-0.02118299099864853,0.01778891301193152,1.555207355937495,-0.008736127601277763,-0.03507626365742759,-0.016378477672124525
0.0003994951720529046,0.0146257874367565,0.0021941501712390704,0.0010368137339660144,1.55598366830274,-0.002874310173641516,1.1653961287215142,-0.0030592506006177217,1.2712916669613068
-0.0032940284793057627,-0.002938019528447415,0.00021784376400136197,-0.0074314599675347195,-0.7087248603066935,1.4493460014063508,-0.0023951643248767145,0.00695224358827091,-0.03684550052903101
-2.4178170213362655,-1.7358277932000623,-0.006507827566176516,0.007207666389571552,0.001005850993118982,-0.010852668901096086,0.0019838287338273496,0.03611305100947794,0.007415527040122383
-0.00020931223997825484,-0.0015815634038242898,-0.21977061117856528,0.0020574832356425807,0.02104306642867815,0.0067536840384014914,2.887970469835067,0.0023744028726448516,-0.0023393762167559316
4.152383591207201,1.188660753163152,-0.3846106560897873,0.21106323842880226,0.00944603436413008,-0.07529456012487099,-0.0037864462803803983,-0.4695371109400286,4.499174123907096
-0.2421228252360299,-0.004196156683952172,-0.7026222982353073,0.002696268079169721,0.35753501001143334,-0.005387166443056004,-0.005442680244450385,0.034130700572245626,-0.009128231576026366
0.0852924406758174,3.32971375505456,0.0668672776645125,-0.014071884076871169,-0.220140886471483,-0.32488173270765264,1.5890034239150523,-3.1828400995085424,-0.010290447946260883
0.8469213125824494,0.0254173616617067,0.0006149841296879018,0.0014453114110716348,0.006733408130488159,-0.008825161193707529,-0.010660229263558023,-0.05820973552464932,0.016521556746004126
0.07179324257919359,0.023834512812619307,-0.0007093336487571031,0.011952261279004783,-0.0011743839924716459,-0.0037163394787892035,0.000824076771974169,-0.07798355050400224,1.5822763052300082
0.021110490273641643,0.14115736629152137,0.004086759361561639,-0.003946564558431284,0.3911551196557346,-0.0018375931244222488,-0.002336188875405985,-0.16789863695745796,0.005358504741775759
-0.02428198578616677,-0.07970432586875732,-0.0056949361544111066,0.002860597596851134,0.0018363979963076467,-0.1996080120584868,-0.007464956084456898,2.406569054379079,-0.014619625238731115
-3.796978589217898,-0.00012379556632596172,-0.006496618440870822,0.038221694529243164,-0.0014685337598088141,-0.31686945168273783,-0.007016396054418759,0.007756198086691128,0.0070450040781231404
-1.3520242844159935,-0.07500675379523433,-0.001072951233094803,-0.001345285259266589,0.7475251077754697,-0.016984606022947955,-0.03896004249948914,0.028015991478178064,-0.31897086656256546
0.0004146794641865247,-0.0005740379115761258,0.005325524117680098,-0.29979665861271076,-0.021904787850071647,-0.002823266885923588,-1.034275250411529,-0.0006462285967931661,-0.012655206593524057
-0.010456003660899132,-0.0716091419230045,0.0026935927547369343,-1.146152087796979,0.001441829758057539,-0.15949375971766994,0.001081923843834032,0.008683803822972236,-1.7894117535099574
3.225093219675448,0.006276814157455401,0.30710398031902386,-0.0024366194508943645,0.0008210671537773346,0.15870653074595617,-0.018526309455552975,-0.07210113953865466,0.002997821459656713
-0.05112125586483814,-0.01950049370073559,-0.014872777671750215,0.0047901581688862705,1.6955301770293967,0.006544384688148972,-0.02905464267235546,4.58710975635048,-0.012012230800640955
-0.00473524298155209,1.8433055737131805,-0.015431128241519487,0.04557128077967556,-0.0004400252285749334,-0.0007062348812410039,0.004543043033648161,0.015654638933009814,0.09646212284392108
5.185858642974655,-0.010246093762572857,0.005187448662619026,-0.06190949509655272,0.0036425199215784423,-0.005113948373485959,-0.003636987417981262,-0.010929971130278028,-0.642270719710087
-0.006849914091616805,-0.2857953226824992,-0.00277581314191655,0.005054058703036414,-0.339395812486357,0.010980914836222292,0.00030473830546592917,7.244971595824391,-0.003468999553518759
9.462167962271057e-05,-0.8367511121117001,-0.005084576528154555,0.00393738645971402,-0.13858964165205442,0.001164234044914903,0.771743671845216,0.005927190866028548,0.01337955479071129
0.4279861545982526,2.027481885834252,-0.0013435422416763487,8.205637422062807e-05,0.002360388493047292,-0.00412885672237694,0.5713775783531017,-0.045244364350270745,0.06766706573247427
-0.009097898190146171,-0.5293164293940542,-0.0012665156288364614,-0.002568755558844219,2.582986211074091,-0.0012701414078025474,0.006682590770166366,0.014622088697355125,-0.15486097056150427
-0.005598183839624755,-0.0915252960261988,-0.3457915491892509,-0.002600524909923879,0.10672149343186282,-0.03732997144872306,1.469843153013686,0.01624727999434386,-0.025275691116232193
-2.7935536368385394,-0.001388675182844814,0.0032659094944428313,-0.0028055066550271195,-0.000595306162832555,0.00515401760216391,-0.0006299056841928032,0.012724598480781925,-0.004686575777233415
-0.06615707254592257,-1.147611541546523,0.00013389480544274968,0.002033673213828035,2.446805213312009,-0.00784541455664249,-5.44475692355897,0.013309725314822655,-0.006745958652929596
0.20417533039631164,0.002473336251303737,0.225958372249847,-0.01728528974299607,-1.8048727887650842,-0.0023328837027579855,0.006072144295043642,-0.058010569956446614,0.004834797758410562
-0.019409824254798196,-0.040789752172671265,-0.009412597172723329,0.0044468958464014855,-0.002344716698668533,0.0016186752157155912,-0.4785897219767191,0.21249964316433734,-0.021598376317778896
-0.011342023908087858,-1.9224898906022725,-0.004937165308989466,0.0025606007359542616,0.002371602275983691,-0.007340821161179189,0.013414437105078808,0.031797997563169464,0.0024563419404038944
-0.0024901551967765794,-0.0018758557541082629,-0.0013565882847934828,0.0010862519427266197,-0.0055825891148757745,-0.000643713433910243,-0.0315397253283886,0.0048483922026856755,-0.011182616638580459
1.55124233999337,0.8138922576138519,0.0011510145825173457,-0.0007954659313715823,-0.004074738745961768,0.013148073847491839,0.002695892288321858,-0.029981799490250424,0.005436209133018122
-0.000743732948089318,-0.0007309421398507491,-0.0003397258293459161,0.0013066086751584067,-0.4272442384434273,-0.0007131269822188307,-0.00528924626863379,0.0013863497321641434,-0.0028476734223196326
1.6898931886245803,0.010691747693616723,0.00017849763487205045,-0.0002006934158983605,0.48650017189965716,-2.2750078214618226,0.0019615138171031636,-0.05258534335550429,0.016645406727145984
0.004421320215052248,0.6471446524123441,-0.0007242283585673567,0.0030460286716307585,-0.024049757589001033,-0.0016993902589515098,0.1165838419805777,-0.006925790496058529,0.1161526673793063
3.3945357153565956,0.009038251850103644,0.0005577103903105507,-0.0004214485253958532,2.1734616483007354,0.003545189385049324,0.0035398233656179483,-0.03757474180474578,0.007398604276697807
0.012141057707939832,0.036239760875227574,0.007332943280791149,-0.01083651456232327,0.2787006435908622,0.03404900946103864,-0.004092937804557978,-4.356254263444499,-0.001335558775609702
-0.0014586515900262928,2.3229140966125925,-0.012010055355118954,1.3444266617038432,0.03772113966366744,0.45599653943565516,-0.0014522589528496652,0.0017994915615536754,0.020993982703358505
-1.4490114276030028,-0.016061560653984397,-0.0014425885598893379,-0.0011060244007220395,0.0034286263875269135,0.004971069860901877,-0.0023124386584706313,0.03236330277651334,-0.05244781376812108
0.033905765095135654,0.014679816135153515,0.3542536150392296,-0.005722979687493031,0.007841665859552212,0.1630799843285024,-0.002902923868799552,-0.26807324786801334,0.009709903967801102
0.00018210953323877726,3.884625915362535e-05,-0.0029722980475675315,0.5463907801668754,0.0001032111281349629,-0.005539224536479422,0.0004626951039456396,-0.00023351724121943118,0.003181039922443122
0.00517227041167589,0.3763346779731413,0.025675167327413262,-0.0025025813419214393,-0.0007656688199749809,0.003539850663810816,0.0016458741025024183,-3.1396603274110717,0.03728015745749691
-0.007165830920548821,-0.8157479818857992,-0.01287352094274169,0.013027168430382506,-0.011031851224451786,0.009963742504379794,0.006213846357632756,0.020915523554424435,0.0030302491483209515
0.11814791421525922,0.0032679907949874796,0.009092716183542293,-0.00289498502723139,0.001511658214970608,-0.00018134962105359215,-2.5869965738456533,-3.464221977622997,0.0049903392037566885
-0.0018347973830620283,2.7919777901528735,-0.020327207238595935,0.11834699946701249,-0.02312893261598696,0.01833181737283605,0.006813167780177799,0.012867283222042853,0.24674605796353255
1.614857273708214,0.004549070910310835,0.025599335585273886,-0.004933072794871728,-0.0026040103299238594,9.883192281064617e-05,-0.009316957020728777,-0.043233205566542476,-0.00046726488590376203
-0.0010659502336908514,-0.0006090080508546633,0.006621220950631052,-0.0065495726646867996,-1.6709603456759914,-0.0019403899160584843,-0.8156846580785857,0.0009438154745344284,-0.005050676003896686
-0.03095663786661053,-0.0014237263368327355,-0.4336955691158631,0.013638773388062526,-0.0028821354549920554,1.3433479417347574,0.012208924643274496,0.05381672982948224,-0.0001797053476370221
-0.10133073275262103,-0.007805868343503632,-0.05491808032022677,1.975879812305141,-0.00029804811742988394,0.001326079174325835,-0.009802760147489755,0.2857869802888146,-0.035630994514992034
0.002293939453577898,0.0012215558223930526,0.013123167499898968,-0.030723557416167023,0.07413132173175067,-0.0028066409417594525,-1.2702633038246383,-0.005927465001104408,-0.0009277963776067773
-0.007352872001358091,-0.010424069623440071,0.004754881197409947,-0.4035291930660359,-0.00326282777837918,-0.8169354828457234,0.0032586704878194046,0.007995749450975087,-2.4039294695604783
-3.796327925846496,-0.0026281747545182504,-0.34003051134629736,1.7526993872952659,0.0012862813353766156,0.017881159129817054,-0.0008448292516078093,0.061963677410704965,-0.0025988141525170594
-1.0372915466104082,-0.0059053479446022185,-0.007435081606795714,0.011866558478256295,-0.11063763212457155,-0.0031821058983353,-0.001096245316257149,0.3959971465564928,-0.002126468777564186
2.801067140982924,0.003090583710369364,0.013585584146138585,-0.014545333618178231,0.011514268566245819,-0.006860174203170522,-0.014405124851902842,-0.034252938335687697,-0.011814022177678019
0.5768509798291974,0.7834971236717856,-0.0030193540886128203,0.003279127739360998,-0.0013443327680538845,-0.005058635438961048,0.08027869849028102,-0.02763798421199171,0.09326216906605689
-0.014710042788963335,-0.002250493058668102,-0.05709181052073324,0.8749144230685966,0.0033749122238760443,0.3285151102834724,-0.001049682823250798,0.02268561045209322,-0.006028382183467134
0.03705687121423355,0.8751943745126651,0.09881816025290624,-0.06962445954091873,0.0011726693243346333,3.537568472265155,0.003439154997151115,-0.3001371881831548,0.0012442537604822612
-0.006207826504214656,-1.5041722857029762,6.943148674287691e-05,-0.000763931440836287,-0.6952749587636898,0.000784739283161228,2.2611852925524705,0.026587417551527666,-0.010167120862229484
0.7972833215130946,0.007899596724500135,1.2179853260571654,0.0013837868238445322,-0.6295773030649283,-2.1951802250074515,-0.0015678735277994856,-0.045404209146838015,0.010076084843651661
-0.02817508276611038,-0.0045586129300992,-0.005087206055490535,0.003868663511258028,-0.8664066696035733,0.0037384293305314214,0.015469993348873586,0.0261215175903189,-0.014216299700520314
-0.45109402031107804,-0.01247096783274842,-0.003674016416979408,0.0017574110383772208,-0.003167989170724773,0.00020051921472341502,0.01948798843807649,0.031543970451028726,-0.013321132890136977
3.0097870286545283e-05,-0.2592767019845316,0.002413532802422966,-0.06382082697390533,-0.0051809887933027595,-0.004231941916079333,-0.35345080372890747,0.0024696025816089047,-0.18207454890593744
0.02315353447172541,0.0018951799117720792,0.020493980450702387,-0.004438672851076532,-0.0004945700136470884,-0.0625431315958848,-2.3180066550972214,-2.4485856318543906,-0.00332381812518609
-1.8304127589977943,-0.34658502172811945,0.004556473707904685,-0.007897619045004255,-0.2937738901115419,0.010692252117755655,0.9410768452323592,0.01885531852530836,-0.04472077839469979
-3.41685265918105,-0.006686521090197766,0.042472904368637265,-0.010874506893010087,0.0015881428682848059,0.005056584024075893,-0.006269153473628657,-0.0002752282926064449,-0.026776390716880982
-0.0024529069582502616,-0.7239590189333892,2.730647620419885e-05,-0.0006158634878010591,-0.00043892326477342185,0.0017987547723967395,-0.032676786764179955,0.006581471223507951,-0.03567088087024484
-1.796373772104877,-0.010181459834233478,0.002894287205703637,-0.004191868829006117,0.0015738827400830855,-0.0058638603390217345,-0.6417849352538968,0.017741838725313364,-0.057543031657558474
0.060429602497087925,0.033904048806540174,0.014542821204154309,-0.0007257053885699125,-0.008991832099972872,0.00463219146266252,-1.8437090916722483,-0.32817047781289777,0.028063524549912636
-1.053265265464821,-0.39399593217369155,0.007031158769152043,-0.02618815509952431,0.5306619320237609,0.004298377519038221,-0.003956355180364324,0.012311627728576675,-0.04269277127558224
-0.24699820972860312,-0.0029188410982698516,-0.006018061378937959,0.007767348109097677,0.001062091114275541,0.0020249942862995128,0.0030952161778054176,0.028543338434473882,-0.0037415700531334972
-2.0381779261450803,-0.0046090712801623804,-0.0029854081088222587,-0.0011758094803725428,0.05622733058478643,-0.4345586208824788,0.009452586282347901,0.029474803317501,-0.006112966830727429
-0.003033190950062996,-2.553825492226482,0.0021821638284876266,-0.007202338149310244,-0.004128030249559388,0.010429495242995874,0.017821586173190393,0.007742145429116595,-0.16796283617631325
0.015476550392175758,0.22746788305809237,0.003224524298996603,0.0013133074731441368,-0.0026107870205661346,-0.6628690930761072,-0.03858139392933911,-0.03084894928418549,0.031677197023057366
-2.6179856073356547,-0.0016324882879842802,-0.41993802253405477,0.0066842590729492,0.0016976439252895052,0.004557310617261858,0.0024554128260816377,0.03707972331230602,0.004596365453624629
0.0013774693682445547,0.0006876570813417439,0.00303692704961242,-1.1173932460796634,0.011604231683070513,0.7205749404847459,0.003462367484379882,-0.003054143448168052,0.0019215992010536173
-0.00421850057401595,-0.0014747506823231595,-0.00570701538667592,0.007702301361056114,-0.009209962859410909,0.003224974939242569,0.009464795536629139,0.007337866842474414,-0.003422263891488359
2.3233750544875598,0.8699240688386242,0.7659637804849009,-0.009964707146080942,-0.00028194592308993655,-0.0023297229597302946,0.0030792983919167294,-0.02539641327510611,0.005323684977029175
0.03162024292068617,0.2511366623798283,0.0009441532899200581,-9.895425148341078e-05,0.0029810836867749445,2.2264592446144156,0.003906694736289381,-0.09417969747101318,0.04453542769024993
-0.007935058187268045,-0.7173753626882332,-0.0023150663826375303,0.0029514573592297486,-1.4208559904451281,0.4139884523534729,0.001212437836157613,0.030159369098697313,0.0008849155132776565
-0.11783435139218568,-0.013811979169260885,-0.8662558659287423,0.0006547605422062841,0.004048501265316155,0.011048962097589899,-0.006632718242017992,0.1412098666030731,-0.012842007235807001
-0.0018628425914172398,-0.0043485816906256355,-0.001108263409388458,-0.0004776956879053467,-3.527028294440253e-05,-0.025747946792852,-0.017708347643216577,0.004268461479116848,-1.3846484926652889
0.8375843646503501,0.003064689932089205,-0.0024737179985349807,0.0021672456004031065,0.0007334354993988597,-0.009928207907468765,1.6277043551342454,-0.009496796826173786,0.048727946985944126
-0.002290341091321415,-0.4865458390336227,-0.004198350099014005,-0.0017833667023333657,3.015181040025592,0.0033230119430955867,0.0058419904350476845,0.01352301103182963,-0.013753034901048233
0.0024829745462872366,0.0011936335715053933,0.004559625623864983,-0.005262918421057876,-0.0004936127911853975,-0.00021853179981136663,0.00037073494135412535,-0.0046510394958141936,0.003937642412700765
-0.01203747243843481,-0.02777096240753541,0.0003686466388322235,-0.0005554508425201607,-0.008972020638786899,-0.0012377659484713985,-0.4289323542230399,3.04958860502711,-0.03623127385816283
-0.0008611979313168378,-0.0010968723916781836,0.0012619063177128568,-0.01362486907891863,-0.02733777717502457,6.897356162687813e-05,-0.0014344401817890677,0.0019230680549084925,-0.009379130599802393
1.229797552215156,0.0200403523496731,-0.011217999578430796,0.002852073050588308,0.03921594965758014,-0.01891723062008084,1.2828872164821064,-0.009809012629936477,0.02336889196818398
0.0008120881279889275,0.00021856583933413734,-0.38351351849317633,0.017257247996071368,-0.3284903073620589,-0.0026278244231980664,0.029349173798065366,-0.0001684928660525796,0.0053780303572343886
-0.0007821650011082517,0.4030350798166163,0.003982430630833596,-0.0007117145712082707,0.09344257681700524,0.0071909556025610425,8.08819824745996e-05,-0.0053473003648519535,0.008898882738445857
-3.324039441907837,0.003719769963124153,-0.0025979799608366605,0.007198393114186675,0.00466350305500671,0.008421407066402885,-0.0001474460824596388,0.0004490512459106354,0.00935712113276288
1.8439386232674702,0.004412506694257901,0.5085589909558745,-0.0012491865013633252,-0.0008882068169199508,-0.005509012643276129,-0.05807121325463613,-0.08829130139993374,0.000676479767601823
1.416895081649375,0.003455413273414881,0.37537559229070316,-0.04466403520374168,-0.003356942069336911,-0.0016876015547164112,0.01187552462116092,-0.02514615375936441,0.00045408541642719125
6.633504513523617,0.0021514433095828744,0.0038877904438228694,-0.47209791196139217,0.0027546562946928407,-0.02827929794719183,0.09828308058610921,-0.006386572894083689,-0.0014423351872557832
-0.8133663995995052,0.010827995170515973,-8.410775578916035e-05,0.005505362959753851,0.0038555593194180794,-0.0013994251407383222,0.0028961135603227115,0.00860535037728796,0.010004657554076257
-3.2775685647216215,-0.009551052981862044,0.0004379825305639157,-0.005724068015110374,0.003342016839260527,-0.0031681732699862155,1.3779714606028952,0.01879599889558542,-0.01562928655978013
-1.3626655893780244,-0.0012123015316229217,-0.006399935657833401,0.012162885908971018,-1.0027166318995007,0.9136305992260243,0.038918383665280464,0.04541391129891223,0.01376748343854603
-3.718251503966095,-0.04891987115715922,0.0012434989737351576,-0.0025667091626656886,-0.011178212132428589,-0.0050397510940475496,-0.0012861480017180207,0.05925292414613631,-0.01083595175519303
-0.0022258683230810296,-0.002866620884477298,0.0009851331451655933,-0.025995207186701366,0.005545416360294974,-0.0006920045004861246,-0.00416590829550006,0.0038935495236208477,-0.8905022350743902
0.000278277723175506,-8.745561095101564e-05,-0.8386029915205382,0.00983315358380895,0.002666052774787631,1.9171316215742766,-0.12969242603077982,-0.00048686750501608644,0.0018684259378065685
0.0030804613152655125,1.6130511291491894,0.0006281299231626902,-0.004268242611680055,0.24663066163515518,0.46079357776536434,1.186905916886163,-0.006245746984475935,0.00039243045372494567
0.00616473947059281,0.07352375544196305,0.0033054339931645523,-0.0025421934626579743,0.005357135586776933,-0.006082160104280977,0.0020330854542228334,-0.01593535181377463,2.2331461824098358
-0.011527609867522624,-0.7702469212708318,0.0007919087417616114,-0.0025628602115986866,-0.00026722729822445564,0.00013381284324736915,0.013807598723241563,0.007997675006225077,-1.0865487571328192
-0.000207926482894314,-0.00041160663817128547,0.001077961156524245,-0.0026820769786046633,-0.8224426152114946,-0.013389777105931849,-0.0025052309696630506,0.00030205983038339977,-0.004397330458926546
-0.011148021116763633,-0.865418710491719,0.003948457879526399,-1.420540379551859,-1.0470901471933376,-0.005680603170819352,1.1966936441142972,0.028028422968372255,-0.16248483951915116
0.002681272122434049,-3.017622442098099,0.0002042778041480564,-0.005448917614958797,0.02173138304961665,0.0005018334143108876,0.00013632936984712962,-0.002661223147453361,-0.040132138666931105
-1.1403294805009216,-0.40780270482835523,-0.0013563595612590615,-0.0018589131180843069,0.00359695126416141,-0.0009027793096178266,0.003502585443466032,0.08442441111260783,-0.026405225038324376
-0.03953034935322757,-1.056787898794488,-0.00713481329044964,0.004770001848941618,0.0009309523651927776,-0.010299790796463558,0.0023667796672306642,0.18481762444920918,-0.0033776933630295103
1.465685585064226,0.005791145096176387,0.0432297405222703,-0.016200170499977885,0.0021009255664605807,0.0035595005399027303,0.49572860838377025,-0.1734144962695251,0.004896952424955137
1.2490785825970285,1.466728292615732,-0.01601280354072626,0.005736408465331083,0.011504918886505056,-0.009444505823877252,0.002341690045076627,-0.021497116121268978,0.026708574503586435
-0.025104217348751123,-0.042115700493975554,-0.0017521967794850296,-0.003929102070492273,1.126835810309262,0.03506310827238939,0.0005718602720319356,1.5366589535921866,-0.0446762689146038
0.005679772100359665,3.2102091287110817,0.003435075365406215,-0.003915566761491329,0.004512972437234336,-0.004264274405017934,2.154104137829152,-0.052208105235229535,-0.0007853511538620239
-3.4781852962416453,-0.0020227268729693703,0.37275289394474376,-0.007575337694563061,-0.0005394636954901433,-0.010553396195315212,-0.007737524227923856,0.0040490850541030216,-0.04263947537358448
-0.1093696759355449,-2.219844423566447,-0.005441402605857681,0.006770375854610773,-0.0074306914372354455,0.0034292601630113214,2.0773047980375967,2.3799109662400477,0.0037922899021269885
-0.18016293334328304,-0.002921833522296335,4.9479122659097565e-05,-0.003503173267239943,0.00609449071884298,0.00042359178204661526,1.2811301608312384,0.013860273466279514,-0.3094557421364101
0.001969242743474587,0.5481411110190307,0.000645117153699238,-0.0005348277814150515,0.04569975509608992,-0.08825829032792312,0.0010795392722959358,-0.006276942046536614,0.013088691311149564
-0.07864964126018609,-1.5151550367265796,0.0005928136321898536,0.002620924457306117,-0.0334053294653695,0.006955801109674057,-0.07378149751115987,0.04475488979120221,-0.012194821634720299
-0.003587048910739986,-0.009321804397220974,0.0006501869925311043,-0.0033369353235467207,-0.006089990365968257,0.00861575271568765,-0.0030100960415442536,0.007449214158157864,-2.6378858475610487
-4.25583992964799,-0.0021860829049952036,-0.004103945712872176,0.0010323403731449833,0.0004047958282354068,-0.005334537022723356,0.004488651642606489,1.6681830999759042,-0.004165679353243523
-1.128604471268738,-0.8740174358983598,-0.050096205867928845,0.009480716217102222,2.150792199127128,-0.0019693516180627757,3.061259801281219e-05,0.13008716213057517,-0.00011475642891767279
-0.014335669596038525,-1.3878759830211016,-0.0021516256686401614,0.0021740380595045494,-0.024090557843173183,0.012875091010189958,0.009610331606355013,0.2625628043826262,0.0011173847771209777
-4.301516406753673,-0.0027803480166385796,0.009789028610616868,-0.12959528836206408,0.0006313788287310336,0.0053919157550455996,3.3778049217723964,0.005805435394216178,-0.13340470063913523
-3.9504775903587728,-0.008281179599522768,-0.9577379780900106,0.0061232552067292945,-0.026593446872845122,-0.0037324429164724664,0.10310817404044126,0.029851783571378077,0.001745544169176827
-0.0009062048364034145,0.00030915424938412036,-0.001984760959442915,0.03709509648672578,-2.3918443665894737,-0.4223407982142473,0.006342083104367007,0.0013871257917733664,0.005266141984652719
0.0017886435274178235,0.0006310387279341992,0.004733126898245749,-0.038931660823754106,0.0026234649547382362,-0.00023765435569607756,0.0018846742820899955,-0.00345761160878303,-0.0005256089425116993
-0.01274495663778984,-0.0034707890605795294,-0.4478547950344165,0.005578132935754487,-0.04189147339271841,-0.0002177492152620735,0.0983739751727295,2.828233309253055,0.0010104349257391565
-0.025064862690322764,-0.007336409214766252,-0.15547142331721883,0.003379976509494829,0.01484699351147032,0.4977152302266229,-0.35135455873309,0.12854803422126063,-0.01378094748358516
-2.5009837902476226,-1.9381163901942817,-0.006163729162876774,0.005692762199138675,0.0009315514149196881,0.0038019031751280333,-0.0043784947423800916,0.08999705272690542,-0.0019419760960879273
-2.1292813578251755,-0.48719516989294825,-0.0018385027419016153,0.0017349916899029576,-0.012010991711466343,0.0006617036132582196,0.004526632520512663,3.5739251418840605,-0.008593069359896344
0.0031310955557411167,0.00011135182260545509,0.4568386664148442,-0.004467393139158692,-0.06632332946900402,-0.004852921765213073,-0.32541667198036145,-0.0036277432650820146,-0.00234643460119734
0.596073756423727,0.012645591513222261,0.0011344551424807541,0.0015704872938510223,0.004104412208739921,-0.0007238895888211721,-0.6149910671615545,-0.04452390569044751,0.02263864788115419
-0.3852766860128052,-0.0031908684908088514,-0.5761028836310427,0.00764418041210127,-0.002640371287366489,0.024671981147437492,0.07513633978910116,0.07383504435998156,-0.0010344852002478477
0.2777858115853342,0.00265015144709225,0.005241924025580177,-0.007873207040941648,0.009145825665724963,-0.1939288790228473,-0.0044359317927510095,-0.044979232683537214,0.0037646749988568366
0.010945126700405889,0.05638703561952728,0.0158141815906713,-0.004086474842659268,0.0021441825237330705,-0.0034301541676802546,-0.000224202023954536,-3.062600446642245,0.008485962216490062
4.769333331005162,0.013985630613497817,0.0034996577850665844,0.00045857239465769094,-1.3467921700233214,3.764286287003579e-05,-0.001642078246502237,-0.04001047249936115,0.009939587441113118
0.01898853671705973,1.5027209707234137,0.0026806384445089426,-0.0016999494778303461,0.0007070825319400176,-0.0014601983153636644,-0.0015163451292907297,-3.183751719077252,0.02380526288381324
-0.0017739759493851906,-0.0020168315941436485,-5.600272831353609e-05,-0.3563431012651294,0.006003030334804255,4.476750736970393e-05,1.4675420563664207e-05,0.003129219450387812,-0.018168611578654778
0.5605944522884001,0.0005435413121225303,0.0016240662725228224,-0.0033767305264702876,-0.004721022781086473,0.007320824847669932,-0.023156534081879628,-0.011857117126265635,-0.0009998775486645337
2.2569159965171375,0.029304824559271803,0.07283783300689095,-0.0038423797866861537,-1.3289930143929674,-0.8121068049491684,0.004308146074971899,-0.10532822901875309,0.008661583589863076
0.0015084723647057763,0.00230054051730964,-0.8230681574197325,0.13962210580042178,0.8567669007285187,-0.0032678892638941725,0.003029205786145251,-0.004328982333246023,0.012357037757406063
-1.054432194236146,-0.0026116987928798754,-0.6054991788904545,0.007041067672802492,-0.0020033019483192884,-0.0004705036341599439,0.3487350980403077,0.04671630883815642,0.00016309217304746881
0.0009096854914824922,0.00017693977262456186,0.007630093875640315,-0.3362465287813693,0.010730830179036609,-2.6467563733674355,-0.0026805184497562242,-0.0023162161419452232,-0.002946387031775495
-0.006665726429937056,-0.3102481839239154,-0.01663373382771466,0.0014656995076433013,0.004771141780724392,0.000665035150257323,0.001957462717260051,0.03510045737455629,-0.013327451632644607
0.0062377114362039375,0.002486632523508984,0.21312847317444322,-0.0020925484906464866,-1.3765297037863289,-0.0029487206898839587,-0.03181619015231377,-0.012872014688050756,0.004007352444163732
0.006239809890142472,0.007891505480815065,0.01594129769068334,-0.005386104320140913,-0.0014635434025458036,-0.0003971358684190174,-0.12280830491263703,-0.010040575521859767,0.005277796472863019
-0.9538988756105656,-1.1949389460292585,-0.003016250390632802,0.0006409769955580985,0.15228514699022522,0.003526414356955312,0.0004729418534050178,0.026251849941546074,-0.03095044250518386
1.718902551322032,0.01162150818972613,0.0023276701226606147,0.0020558449777554467,-0.012666488879770938,-0.01617053190929088,-0.004828000108860713,-0.045942883351767216,0.011378674452356824
2.8897815517954566,0.07454269859691731,0.000569911045478419,0.00507996057970373,0.001051916918762887,0.013008931725407513,-0.02906732589964799,-0.07960416730849823,0.00944526325991979
0.00650330611442269,1.557387208614598,-0.0006062363544719757,0.0020824755315323896,0.003086673400440788,-0.004626940832472486,0.0010718334494764364,-0.041702784730476276,0.0237035408898707
0.01024159157910546,0.4322278381959047,-0.0011269581199539538,-0.0006070074089909838,0.5605185230005216,0.06359400089016665,0.10149230571823067,-0.013627979497815428,0.020335058865790262
2.0577915361779207,0.9867128017662874,-0.0028649921765746544,0.0026304662445945214,0.004050132240429397,0.0013484291469716089,0.993867321230758,-0.6603012371012297,0.05779227910884677
-0.00348823587598516,-0.651376921872692,0.00015676601209628147,-0.003777668412669608,0.0019273037612741097,-0.01067599644770535,0.002529816574573793,0.008059561778550644,-0.14974316011200695
-0.002260382627518957,-0.6835691127152487,-0.002977650919084661,0.0004709007044261873,-0.0015391914914796934,0.3749558145706049,-0.003979640611457173,0.01416657631813252,-0.02016090118244862
-0.0015474382958825252,-0.4562433205116525,0.009027580224342524,-2.839109171805458,-1.1740715887921573,0.0019906636860315035,-0.00979898450054768,0.00010518338341303831,-0.022026018481401816
-0.006961421958813302,-0.3322157671261339,-0.46149727736973367,0.016858769070310864,-0.002770791109001347,-0.022085661457006165,-2.2970307194174877,0.020040437889199292,-0.005131123824108519
1.2447201759022892,0.3238078124805313,0.0013723585366045565,0.0008249387269673637,0.006835051414627971,-0.004691095681838795,-0.004086742628435306,-0.3281578516414898,0.03270576961323779
0.04866412939878824,0.005564522151680301,0.0046023095831516925,-0.004707078421469818,-1.6568779090146484,-0.00775350384223671,0.06336770383363106,-0.0608786252181307,0.009312185136493862
4.797157773837544,1.8359838032647713,0.7035041191744824,-0.13918548509456485,0.08113294477554145,-0.0012297008770496103,0.003826126292376303,-0.09606945775818465,-0.0005434813148252893
-0.008342823903201,-0.0017948848146416545,-0.41698024271048384,0.015310013471979168,-1.9236622366676976,0.01734725330887678,0.0037657985702918366,0.01452380925645605,-0.0016114385472214728
-6.998419851514191,-0.0006177923379043267,-0.004293217717956349,0.008813195234898787,-2.3126462790047677,-0.0036046315785667107,-0.005519189382864803,0.01896468330087185,0.008046877999343116
-0.004843869618786918,-1.1076859105543657,-0.5785959907943448,0.008478704012801597,0.007934272719339434,-0.034660767705919124,-0.785088116764709,0.013520611704412572,-0.0036134838583432582
6.223158950729898,0.0020468935748933774,0.0045042862292098695,-0.0075420222247848286,0.6385733399577116,-0.0007470826474527598,0.006897209853208394,-0.04125429087760546,-0.003732123211613314
0.010897674859541698,0.00595886618087605,0.004312330188956758,-0.0009770242688552776,-0.0020360288887642953,-2.482405746166174,0.00361803068734882,-0.0220598741804238,0.9615273471102725
1.599927563653657,0.002925109333098145,-0.0003904707022050549,-0.0007666503351952588,0.0035377286522014495,-2.723269017403281,-0.0011037350180534557,-0.0180734750232222,0.001486312601469475
-0.001095880912831819,-1.1901392348019628,-0.013711756026046795,0.004548645660553797,-0.034919410874054424,-0.11786787886985106,0.009536846852234469,0.011454331546286174,-0.009591222907913366
0.0005410178680203956,-0.00027062988164023357,-0.11214834109325562,0.006965847744839898,0.17959333270094477,0.005428353226494284,-0.0031817287453225,0.0007644597322961494,0.002047771449351912
-0.0779681508161654,-0.0025347084125524905,-0.40937302507456663,0.009041016900075933,1.4848057007794127,-0.017899585442193944,-0.010692391742834227,0.04963163285280192,-0.005961513285037946
0.7698549646570871,0.003832959841440829,0.3912502959310791,-0.0012879505578456685,-0.7592928666576162,-0.0070460651988943175,-0.09644113567836843,-0.06040387242873632,0.001681901400707217
0.004865613703868563,0.059389372017995594,0.002231999152424134,0.7585790216545456,-1.0618749114246127,-0.0002912403321266683,0.0033638161480820518,-0.019299285588512273,0.7337462280657137
0.33756098214741037,1.373532261604882,0.0010898486710682331,-0.004494353679674815,0.0249163304325946,-0.0018390512640830271,0.03038816532741595,-0.30137278078038243,0.015332215877802868
-6.848516153122388,2.211919162211496,0.32217816017068657,-0.0030244657241597223,0.006504820252500863,-0.00014300468604172773,-1.893290925553997,-0.02922433080361482,-0.001230125401162685
-0.4757990451278228,-0.0028845079425378894,-0.3530344749980703,0.002532360464126443,0.017743487915632256,0.7199116507750568,0.010918143564118153,3.732193490663187,0.0026493949380135273
-0.00977864196995537,-0.0008740716795102629,-0.24473957732786178,1.5767014721663775,1.938761900341846,-0.004133414055786244,0.0003965127386414396,0.01467929122523079,-0.008879155960808165
0.006051243349144184,0.0035135273245793554,0.714799135439603,-0.00391031622125592,0.09976085957063151,0.0052373560569809515,-0.0033552184380549097,-0.019361265379811976,0.004507191585261569
-2.57813431182404,-0.3127197119498205,0.0007122793465092897,-0.47603524988218177,-0.002731768699955825,-0.011909533876030214,0.2786030707084372,0.2073977857264431,-0.0834107253662415
0.007264045925027218,2.297733789312378,0.1949111581036136,-0.03249285251754008,-0.0011587208746039745,-0.008175295480868934,4.157704478268049,-0.023536396841016854,-0.010626013437871729
0.005611642908654398,0.6776531934112491,0.004928250821420906,-0.0028289551274355024,0.003340783998129665,0.0011664309566121244,-0.009558039180077797,-0.016954789958551576,0.0036366546826050727
-0.00040574741656281064,-6.5433759590949e-05,-0.07423446531536884,0.06946700064475347,0.0038648507265336574,0.3111264286616323,0.00010619061046122637,0.0017218340549657188,0.003722120189140468
-3.6993881010169165,-0.029109296047985254,0.014894286544346158,-0.012235732634379841,-0.0011802767665728617,-0.0030290067681675555,-0.008748931844276438,0.005972678122556384,-0.12419019134577924
-0.0017230564752695188,-0.009718186885489824,-7.568362209277747e-05,-0.0034331192981112476,0.025066852991984898,0.008976166354428359,-0.0024639897530783278,0.002852811911731229,-4.004824231746851
0.005794021410514362,0.018380395162265105,0.30798863605024196,-0.005193293882834987,0.002372240866908251,-0.03599189555039012,0.0408316428849302,-2.112268781813783,0.009564573593060899
3.2712904706722776,-0.027934154108341436,-0.0005121798713991765,-0.004696518597510908,0.07572224775289407,-0.00676140335494844,-0.12395828275634203,-0.0004920245588048476,-0.022215067203551597
-4.559141062128576,0.006983690377411617,0.1625908797951543,0.00046448501644200113,-0.02624535648562655,0.0028934933229549003,0.003294585821336904,-0.021240395489476593,0.006025519937945201
0.06557567122160111,0.011675016325858907,0.0018138162513182121,-0.00382022291566274,0.005709696619882142,-0.0005781354304271707,1.911712038608244,-3.1386212864184557,0.00460318636134649
-0.00012304311396081624,2.719086754163828,0.0003170609956157089,-0.0012331541014071953,0.0005114558848225911,-0.0018410243755236253,6.496118847339155,0.002266763428507755,-0.005287608077368278
-0.0032767932369618174,0.6832555819747844,0.0006781847187790971,1.433877562453488,-0.7315843630882606,0.34562383617025133,0.0052898564317313095,0.0036016041314747274,0.020648831466357265
1.823425663713659,0.028937927831594906,-0.0014532208917698713,0.005388794826447413,-0.0007204395986403697,-0.00445951996765751,0.014241485997642155,-0.28699302951131767,1.500552615058286
2.9481092611554933,0.006914471156930106,-0.3707259246521848,0.008410895289089317,-0.0018287793316601655,-0.05586566770801783,0.9128684007926675,-0.0006824803915052857,0.3364403680952943
0.010351882654106637,0.34545448567358855,-0.0012434212597496625,0.0024243755174663878,2.1950841813234425,-0.7656877754836204,0.009177759725490325,-0.015127092084150194,0.11522535992126892
0.0015513783313815485,0.03557375773752061,-0.00011675564946192355,0.0776735013188097,-0.008969672890534451,0.0014804024781199124,0.0076844978061278435,-0.0040147568223987806,0.6127745309010592
0.0027072725080923023,0.0028779603157111293,0.002407081549227834,-0.00039378804728237046,-0.002969250639347671,0.0008002318020768455,0.04896325538674155,-0.005532945382780237,0.018871370398823445
0.002933119913307092,0.5341851759803711,-0.0014619526867381133,0.004591303929554157,-0.004098140997971694,-0.0022902168933917185,0.5409505681210112,-0.0060262302727065765,0.9542422003076716
-0.002217109601914806,-0.0013228308322693325,0.0005279324173416127,-1.1631461417627698,0.012089976038735252,-0.005675646741805315,-0.003977015171617308,0.0030267318903571434,-0.008293775736594346
-0.005411595400068768,-0.010074464188643842,-0.002981178972409243,-0.001037545166500048,0.0049200788206500805,-0.01134021398764716,-0.0033074164843843795,0.011682240698882414,-0.12156106865482713
0.019626684304986847,1.33234417095808,0.0020436307088878003,-0.002968343242407046,-0.001946920576046023,-0.001815004411194142,0.008254793200560079,-0.036691284823420836,0.0025012300016546973
0.0005500119583964981,0.00022199792603140925,0.004671565214575214,-1.6190662094079866,0.0020344802419939214,-0.5998219391091442,-0.0011792945445104836,-0.001503504727881817,-0.0009021535887032938
0.14630270363369935,0.013509206191274907,0.06452553316599609,-0.011230112721402634,0.00640427752708001,0.005211521911328846,-0.7419209208300132,-0.3532066978441407,0.00562194436976645
0.008646839207892224,0.5450177420705578,0.14091592885339854,-0.005418761418346064,-1.4984853183266196,1.6614057784730316,0.0014600839029366604,-0.044476549564850476,0.006222026519034557
-1.1327238127982981,-0.015314610281986406,-0.0020345465755805744,0.001434198926319132,0.007517015246089139,-0.006568230908925122,-0.1684376220964124,0.022678356258220428,-0.018472835537972965
0.005411854018210371,7.090660669648377e-05,0.7929877306530986,-0.005771775602714822,-0.7374514001918108,-0.0019443915565133304,-0.035697837850188006,-0.002789129165577345,-0.0027383862156510896
0.0018114129785222364,-1.4696936518202859,-3.203397482265391e-05,-0.0020320313076111606,-0.010501206005008978,-0.3463361496823005,0.00029350869105734465,0.0028888383905986935,-0.02844973863891087
0.03055497169198036,1.436267153457622,0.0020488706102099186,-0.003317272313066462,0.00045096039325444315,0.00546871356539381,-0.0007516880880989556,-0.027128757545925065,0.003279760219756289
2.5420304197822747,0.014162181351669112,0.009888647192265287,-1.8646614645056958,-5.584019673817234e-05,1.298294937248395,0.13672561860863203,-0.9473341412102287,0.0075862160989756955
-5.797333153975279,-0.41714393856740073,0.5491553232577537,-0.0017083192147172577,-0.0015595592462026853,-1.1606635428342862,-0.014517049542763422,-0.026753209098975383,-0.024860227445302252
-0.002323833237003235,-1.0734185325328627,0.006368104290093282,-1.8741472577697886,-0.018528751028018167,-0.0036595430145101434,1.549196785978233,0.0054459113807380525,-0.014698393377272523
0.03095034277624591,1.8118280925911106,0.0022130483432727804,-0.00379202928863101,0.013152612541521658,-0.0012501536443592783,-0.0028670759495479405,-0.41614847645162933,-0.0007388595312441959
0.0063906246848912385,0.00918242721040867,0.00011367656792604674,0.0017332268643710813,0.007472467630280112,0.0038804144410361876,-1.0431568931378579,-0.010929504761869074,3.181654859482203
1.1043115938900596,0.01075731721046387,0.0014924244048718713,-0.0003600429538409692,-0.0004728217197013662,-0.13889448013248065,0.006998247972410324,-0.05816202186622888,0.013292203849421647
1.0315496880347512,0.2829910099213949,0.0032818152193336003,0.0009884496894870696,-0.01518379413341097,-0.5287715030129483,-0.008222025431359135,-4.413042611710617,0.011277686049103619
0.018387027235050576,0.6596834837295816,0.01387436045459109,-0.026577525677118834,0.499632464355373,-0.011414902656793959,0.00120618768104995,-1.450847650076645,0.006643681430126336
-0.162536346918321,-2.9692601104763914,-0.0049806905631566145,0.005512996402985099,0.0146175277094319,0.0012222388673210998,-0.49875213062549895,0.1489984288340448,0.0029737957059534637
0.006245166239882199,0.586092885545612,0.0017372527230433213,-0.00032672871246811725,0.00014262793785158132,3.247255028478201,-0.0028808510163109424,-0.022604244169286886,0.002664294796604988
3.323897850148589,2.616532493773818,0.00020659526615546264,-0.002147580019849853,0.0035526671696370915,-0.00269543633529394,0.026101773322212085,-0.029775655015140352,0.009017901677994988
-0.010821542334396014,-0.299288819902022,-0.02813545496288561,0.004823199497845411,0.976210715711055,0.9407988272281341,-0.00013851992803100288,5.207849234488524,0.00356015213456784
0.006159898264782856,0.00338364051445197,-0.3326463890180772,0.06106806346330812,-0.8544097271918423,0.0011139298768165877,1.4613457984779352,-0.0036559478130425097,0.8784741188016628
-0.0057456794791543656,-0.7087114851062203,0.0026238581484644002,-0.0055337506231738325,-0.0023058889306070895,0.002158081855722709,0.03345656806440244,0.0051226587650180355,-0.028521935044562463
-0.004543124736857506,-0.8642310035037212,-0.033971034710122694,0.00434724199451891,-0.11249783245212908,2.4047990864725803,0.011529985293596494,0.0471594610010103,-0.02047026148615083
2.149611954902162,0.00886313128059604,-0.0030288492244369136,0.00017665539534475103,1.0845466096985814,0.0002859503077619773,0.9100312792468395,-0.0077446721547568265,0.017172035958046283
-3.8197901494451254,-0.0004967464564415141,-0.276943069834541,0.02216118984302584,-0.003631333656597697,-0.006665263064097607,-0.01605873824664636,1.0083198785376837,-0.0014157472159522788
2.686578473930255,1.90363692079103,-0.0026513798558608914,0.00218475644125521,0.003862601833377652,-0.00768668352244577,0.004697895124866777,-0.04445786731304097,0.004653267091866864
1.02442365797032,0.021161306945848328,0.35501448713899064,-0.014585857304704047,0.004782446619021579,-0.004915280039242518,0.002058463940597546,-0.04099795270147205,0.0187153774073964
-0.001570799700527013,-0.0036353512249580446,5.910308764738134e-05,-0.06847190373701947,-0.5080196236758036,-1.192765579368214,0.5028901483443314,0.003341850817274245,-0.030988978858307068
1.2393486108412275,0.00852045963323999,0.0004596716692371258,0.002054699446113664,-0.0037332570567798194,2.1899992253901794e-05,0.5657107193110749,-0.4868045146056372,0.029912751581217978
-0.00853888102412858,-0.0037695301502724387,-0.08554826451539244,2.5656788154822907,-0.00604604108835027,-0.0007465644894630005,-0.0008182507012786007,0.02596266887129929,-0.014342347945633733
-0.002439517441546579,-0.5506269293220613,-0.000725414814231537,-0.011064302922338698,0.009288574888869559,0.010845397335361873,0.006695091741884792,0.01104589004132607,-0.09883767494021323
2.0077189804527107,0.0024774062488907844,0.001055002520275919,-0.0035106078335565465,0.004162108672603649,-2.4682609209679987,0.0317051203915316,-0.027901824183618112,0.002401901624518865
0.015938735267258648,0.0020821292602648716,-0.30112121690691435,0.005690392131162694,0.25462659418807443,-0.005078077063872177,0.025681305041719404,-0.012999902152987158,0.019054681632669636
0.1778775436598088,0.004822868250650058,0.1505856848127746,-0.06779429704738717,1.214107202180334,-0.011615486772299403,-0.001568661401898558,-0.17043367417015431,0.00496912810389831
-0.012064750612854683,-1.7177380634194672,-0.3449137146608079,0.008641745446855392,-0.0017675767133982691,0.0005483570152493688,0.005484291376292139,0.2805357791469185,0.006875950381633578
-0.0031287376121650326,-0.9850566899624025,0.0038071080191519474,-2.5743356181731563,-3.1514661443045258,2.1554655774186815e-06,0.0024360076345162004,0.002735250785001764,-0.07244601323765232
2.7308801856862783,0.4337176149847084,0.14323922130014477,-0.0035873231258638782,-0.008484132617496767,-0.3537315867249739,-0.0031664295877544407,-6.173345251024177,0.020465302297118182
-0.015574437719745298,4.829105926113586,-0.003948288608481065,0.0024593977387823863,0.023735416952098867,0.3873187543798701,0.25072922018615573,0.025081151623823773,0.0165729339901306
-0.010914138642349233,-0.6380988412435029,-0.002669303236576784,0.004511428092297263,-1.0349118257589685,-0.0022658839843117864,-0.0021247817061539973,0.031123282914653116,-0.006836080174886183
0.0047623726528990265,0.2604885966467587,0.028984704615654014,-0.0028264118110357334,0.040924905778143256,-0.004659785008065561,-0.002628724247115562,-0.06713578709151881,0.007703184155796058
-0.0733946844808495,-1.372815377808698,-0.0027347059325755346,0.0007060215010453129,0.0071301265168873165,0.4520594903877187,0.18822160301115823,0.027201794822466176,-0.0037103642645481827
-0.5143825998425214,-0.012843961707098284,-0.17179345906889276,0.005274688464050825,0.04410008160589933,-0.9703213834308293,0.0006632803166617476,5.984744308626238,-0.002180680067796814
-2.603492897600348,0.0007632806341812612,0.007545028045575303,-0.01749155769690025,0.42607698743308825,-0.0005032700329246091,-0.003810064357344877,0.004696171853048957,-0.114196912667488
-0.9513746252223529,-0.045374613171102876,-0.005760552492033416,0.008368059501741592,-0.006246322129153818,-0.021718058831062353,-0.04437026554048216,0.33099489098651086,-0.015409346392315532
-0.49475268762200436,-1.4747304389759703,-0.010765285130141966,0.0031778299526344033,0.0013534006259104305,-1.3613683827898035,0.3524522967765645,0.0639611040481957,-0.017239387644791715
0.003383573020277142,1.4522158395249598,0.22697172073772265,-0.004951437568563213,-0.4872669826394215,-1.0454757734770572,0.008782162899173093,-0.021710723214319383,0.0008304081620336135
-0.0027216535820190186,-0.0010468949982688183,0.0037783072824827124,-2.3471507124574407,0.00740341738382224,0.004916465965619402,-0.0006564299994242136,0.0025836271503338415,-0.006458599259844531
-0.001279453676970385,-0.0008587968641924242,0.00025382151842064435,-0.00010250712742610867,-1.0475115806993507,0.03545554942319547,-0.0006445587599974834,0.0016228991659824,-0.003572759286991113
-0.016883757778229813,-1.6310545657177706,-0.0019502269706727637,0.006675793777120609,-0.016872623170096614,-1.9041667042107162,-0.6263963905342891,1.5798978818707492,-0.0007260011952053835
-3.2600903304347386,-0.6585077860265559,-0.0033559918308265213,-0.0009613159965912298,0.002786816079518445,-0.005266808453217886,0.038233591117975696,0.04176247871578723,-0.011144935466277595
0.0020944730959525197,0.0024254363297483393,0.00334562410234326,-0.0010690583623448346,0.008309311395174953,-0.0040856306626439794,2.489714493411989,-0.004874303940305513,0.009752665047590392
-3.2300486458192372,-0.0002527470657323746,0.00035388177184478287,-0.001722604310880223,1.5802578617260903,0.0013553811301983906,0.0048562906902070895,0.013074221958713338,0.0020597411998898307
5.331902805165342,0.021293612921910732,-0.08644457720115195,0.10942920537253786,0.0055206639383426695,0.006502678495007137,0.13444622702104392,-0.028512895763132762,1.736392321362601
0.18316106590948555,0.019688254909995484,-0.012593501356840453,0.014416575733112558,0.0019898729045428817,-0.0028653973580222356,0.002782981110603787,-1.548188660122861,6.085091147562736
0.0072841744330512884,1.4454021741321579,0.019303912014879576,-0.022297127541622233,-0.006417727465145032,0.003402875119405959,0.021277210249269436,-0.016002447184007392,-0.005739634226130996
0.0046883299725199515,0.08615792302315152,0.018376317199413208,-0.002083212379119167,0.002374569077038393,-0.001260143196935931,0.41807096305071695,-0.019074999118995642,0.049701140578445685
4.259551705006056,0.0016718984172656493,0.014050947063779962,-0.009445615427878144,0.005459163270203869,-0.0006619074442656241,0.00013032783854676974,-0.2893460720382474,-0.008298024132079806
-0.21250012169208504,-0.0011146259072117894,-0.002046354714552831,0.02145459954309024,0.0016014988258726858,0.6761096518707694,-0.01953649107439427,0.01276104869410551,-0.0030120026485666983
-2.61600918697944,-0.08855226520614051,0.004076652126955099,-0.006491104883067131,0.0018252797619281776,0.0023901235857931484,-0.08978538968769387,0.014334184984867472,-0.08080551273530645
-0.021750197402291373,-0.011430612611169623,-0.33498508769020163,0.004291841269787537,-0.013095848716997316,-0.04241460531008953,0.8975856123819456,1.3751439772620029,-0.008702171097077688
0.010302966765310626,3.4983936525029615,0.004372249273719708,-1.75509507855591,0.006530227555047438,0.03416066788050067,0.016008487490211776,-4.0081140964399555,0.028963922009878296
0.0069912109137503205,0.0008967386382547915,0.004775393443260518,-1.0438043766526992,2.120301030983105,0.0008350639798685537,-0.010093792127644038,-0.009525414687209967,0.001748818212385044
2.3940584079271376,0.0010657654676117833,0.01829995098152362,-0.04530788887816797,1.0769064604425722,-0.0018821238410031559,-0.0016144460514278744,-0.06635931280800164,-0.008838093575699757
-2.7087337396434594,-0.0027081239682469976,-0.004214680310261218,0.00539823169018154,-0.4913534610979766,-0.004045910134005649,0.002205929689403305,0.05861217536108188,0.0022939783808699765
4.7624550580377125,0.0040486067751417665,0.30083129720093815,-2.491012434843448,-0.01976807244799994,0.03317255570633661,0.04079371086763883,-0.047054180689209746,0.008459153926911656
1.2773564155932895,0.050321951011598406,0.004647891572719692,-0.0012667397246496435,0.00141169577617703,0.0667517509228975,-0.9645171878428291,-4.485592967512992,0.007655704798013363
-0.5980459041978498,-2.671882607014253,0.002055767857558316,-0.001223658806704356,1.2711928163131585,0.0009404269528173101,-0.2115178796621061,0.017451135537180668,-0.02248318114239556
-0.6042187860840134,-0.005257056277699672,-0.01612256671108725,1.3355295205965663,-0.002033710393468901,2.872784898214697,0.0011062995668118622,2.0309356600007273,-0.0021935009711206432
-0.04622500972845717,-0.9252167805607652,0.005623944314228135,-0.3992654130241438,0.03577739072532389,-0.0005847790440004741,1.576237719128671,0.011795440515118555,-0.024012487538411564
-0.03129051198912848,-0.8234527150997913,-0.0018693411233488,0.000975166223079231,-0.0008186693364434028,0.008354900779980537,-0.0012447659830079286,0.11915043633393407,-0.02176550229852331
-0.6691705823416317,-0.0014025476260916023,-0.0028263861504066543,0.006540940398450467,0.000134147164335715,0.0016654756082679916,0.00042476638757563633,0.01991005019403452,0.00041612075698218426
-0.005580506792530297,-1.5394525487434099,-0.2844219445484395,0.0024429574086713146,0.003153439960580602,0.004094556350229902,0.004393734774484334,0.8142278009963846,-0.00028678560396455666
0.0011999059969507683,0.00042883046514130834,0.0010965277360705842,-0.0009997143376448197,-3.186925697655738,0.005183707546795395,-0.001426789623839324,-0.002040097820433305,0.001844228126517332
-0.0037566794549660134,-0.0019506509233493206,-0.04590315762397165,0.6168650608335526,-0.023923752269327365,-0.023307088580507243,0.8054480753737544,0.008584271569000322,-0.0033463747480312134
-0.004678254410284558,-0.002388329180929932,-0.011887460205513845,0.005113730413396998,-0.005735138334853779,0.010037844634051895,0.003830693499290136,0.012029300195599332,-0.005876724024013711
0.0031596902413622836,0.0011179764527740267,0.00692831086302257,-0.9775271842536819,0.02714618040089011,0.12186006793843383,-0.005769657903694667,-0.005789637581418442,0.0035831984956081644
-1.4419044045290077,-0.4749546021809649,-0.0021793623789831823,0.0012356063444417314,0.0027772407134689595,-0.004900555904110081,-0.006042195208121031,0.046672160328879934,-0.014216396134904608
-0.018975153217449532,-1.2214589703224155,-0.0048839931109969925,0.0057137474155125574,-0.0003419245205761451,0.0024082833749682355,-0.01819886173500288,0.6266338970017137,-0.002382534625499977
-0.02075543807723193,-0.6765035185718561,5.340043259048632e-06,0.001289160291319466,-1.7040166879570762,-0.6652864918976737,-0.013011009851357547,0.027399538756620014,-0.030861853960999996
0.7221277606613192,0.9715048127999035,-0.005537648719123489,0.004362656634473664,-0.003928249964327748,0.7290175093885952,0.21847978675937935,-0.01232142467189075,0.11419057305157088
-0.007395188911896208,-1.1670679524288894,-0.4886214982538202,0.014679716852655622,-0.38951231686714916,0.26880248574380416,0.007418446752191839,0.14669206611748908,0.0029398228042297747
0.22608833970466652,0.014913608753454996,0.01008749189843415,-0.004069387923103377,-0.0013442315260614787,-0.0018392037413977485,0.008563268690172593,-0.19660275573678848,0.02378503521377344
-0.00015039505247415311,0.0001678266008410851,0.0010530101253426963,0.0010555167397716114,-0.019741688501690013,0.011239679438574351,-0.7029665839575369,-5.0218712188630755e-05,0.00033530575804449885
-0.025487564683550852,-0.23430630022902232,-0.0031634100461873683,0.00043758514486595646,-0.00028760533405498877,-1.2227263993762674,0.004619978057371367,0.06093579047510448,-0.03722651285959627
-0.000531551593530854,-0.0013017153654666638,-0.00040897163674983325,-0.004719606456187577,0.008104425786900184,-0.0017912138289874534,-0.023261325529175064,0.001574178611680278,-0.009408532887302853
-1.617501968766387,-0.5118541520357889,-0.7208503564311455,0.014896055566924804,-0.007580670999389066,-0.0013109768680326667,-0.004595635914484933,0.3392113381274622,-0.0045777155709640915
0.012749170060805792,1.054064404357827,0.005871995485321746,-0.2292708304201952,2.4213404500481026,-0.0447084241018129,0.07971901229463857,-0.1800220442587794,-0.0151147418040255
0.008474084040369617,0.1545004045818208,0.836586933093818,0.001187228291528744,0.0009957885183711716,-2.5591488561645876,0.0006222518695268922,-0.0385081162592158,0.018256415789969282
0.06840306350546177,0.007263701147960686,0.004176632453335466,-0.003182586472540913,0.008566151752098777,0.0012876088754436368,-0.0030512437656828057,-2.413546988604826,0.006362826764036517
0.010564578684529839,-2.8430620097765695,0.009046141104207317,-0.014562444078483831,-0.13066855231576224,0.7587762272466512,0.0024900655190101956,-0.015959570199691832,-0.012593242869894716
-0.0005685733157633488,-0.0011459931176856985,-0.26869482529402683,0.0051877337836519315,-0.0019678847658987164,2.68659838171186,0.0008211641588704541,0.0031979432807460566,-0.0005197935456936146
0.0007164855233888891,-0.8075843505246211,0.007568339791762857,-0.02914480581086515,-0.00543761215811157,-0.016828383339996346,-0.006266448855671075,0.0002440341905771135,-0.4759293407305307
-0.00256609071034803,-0.002127194045904557,-0.0029773000132453376,-1.7110295475739996,0.4775630040528782,-0.008578461949164517,0.0023943254971199495,0.004146666922740891,-0.010529647001728426
-0.0339840153288135,-0.005044446976382323,-0.36255165241559556,0.008002078765668597,-0.005904396159605326,0.0036864160665553637,0.026181317895564767,0.0761185731814597,-0.0033556286741940507
-2.200907760515028,0.004778309196434977,-0.0004310862850259167,0.004554714980998266,-0.0024298222404753045,0.017215436962511793,0.0010437318347018033,0.008420918299735389,0.011732700281244707
-1.2098334443998575,-0.0041056682766375825,-0.012309703391649662,1.1947107292434154,-0.009488570085461424,-0.014019439202052444,0.3052720282143243,0.0523110510590744,-0.0038227285010028478
0.003836586387113326,-2.3302054886681263,0.00707026609237249,-1.5313464775196861,2.1794202970480714,0.0005532865615139383,-0.07375733751120622,-0.013445578589564638,-0.034203751477899225
2.2794605667294383,0.010290741102083745,0.018119537725877988,-0.005773312265752116,0.060201192477684407,0.0037771338972806406,-0.5103012789953498,-0.3946315234241844,0.0011102601337495965
5.038617666428742,-0.0025338778956658925,1.0466205669166513,-1.4477905597692349,0.020116356431070737,-1.135333641734738,-0.05329732463780834,-0.06623329563375746,-0.022162887839010326
0.0037354598258463444,0.003284607652125179,-0.0011797167288756273,0.6460190413970118,0.34172521620481056,0.0009985345640384552,0.004193841987068262,-0.005760930100445592,0.09382977809950716
-0.0032078151808877116,1.741633787336374,-0.0063918917123698404,0.011918341568619022,0.21191904993349492,-0.6033743591228107,0.0019569488509688093,0.0030404503066762596,0.02725953538535042
-3.1401157703879274,-0.0008232419084563888,-0.8632553358873647,0.0066807743071224945,-0.0043051919393557354,-0.005952253858168159,0.03139169283155818,0.3144388206823665,0.01665152851294649
2.9458933272239234,0.004716618184782738,-0.6169856403072638,0.0039018607005061115,0.008074915010486046,-0.0007119339232019382,0.0013170883469668382,-0.0075989724050500584,0.024303664756608667
0.0009540785328713413,0.0033987768208678147,0.0006509550851603919,0.0066908717785295665,-0.0004472625989125227,-1.1049181717610348,0.018755349136897633,-0.002982483396194422,0.031640983518514146
3.757604929063167,-0.01563712056347591,-0.00035506750480550353,-0.006498984569464759,0.2123176835497506,-0.0029701391248897683,-0.0019665022078995363,-0.0003793454710371187,-0.014848916075505092
-0.0029983991174885663,0.0007877280864875963,-0.0027131185614677963,0.12198721883094432,-0.009741012700075513,-0.0010263383062482324,1.2281240793661126,0.004278447296514762,3.0017690161053574
-0.0002302492767205708,-1.0061656901849925,0.038395259923353964,-0.0430561403230644,-0.007071302253420522,-0.9493287616920804,-0.03064513809406067,0.0012379616605344857,-1.2189957525413284
-0.00896652366678842,-1.327466935197244,-0.0016907025770883238,0.002759864201693688,-0.0009372775338294219,0.005684319900154525,-0.0008001416651896177,0.012248793891274786,-0.004614742630219881
1.9379862417858182,2.4644242379560994,-0.01367450549917204,0.057236016123246275,0.0001708862449489243,0.694704028382322,-0.006266104478807377,-0.013224574760699673,0.040242298538370136
-0.005253654463697421,-0.0012824978189264601,-0.4067043690595364,0.008993633947478444,-0.0004566332679622856,0.0017730051373542012,-0.002363277925468978,0.010558798447881781,-0.0017694309613793015
0.0005135387809151341,1.8422492173896188,-4.8766961362606276e-05,0.0019044303305815625,0.0001191071307631332,-0.0005674554752273422,5.135916724477441e-07,-0.0053686794558243395,0.01622165688248267
-1.8235069668451098,-0.006240504865527937,0.00091164117277822,-0.0027867996473157257,0.0005041171187871937,-0.005336309128513637,-0.001765717254569853,0.018172537758272836,-0.05830013962668423
0.034880147718727314,0.06233547986280524,0.030959235957047693,-0.002698114679257279,-0.011265247910573296,-0.002186864285538521,-0.0014345305186255534,-0.5569884564814783,0.008280026023299907
-0.720382565021632,0.0030579071702037455,-0.8061926510062358,0.149806916238294,-0.000959667713755245,0.001458228763251154,0.029943012603137635,0.09320271875411013,0.027754224772802483
-0.007517560266179004,-0.5071305563437736,0.00191608000946826,-0.012401194683512591,0.6276636574703334,-0.0010416753030039352,0.0008632602907575919,0.007932972707837119,-0.12814220398016796
2.2857107908342407,0.0023058036010671005,0.007293080004488264,-0.004591014232856711,0.00566264421667584,-0.005190688631195919,-0.5212923248514219,-0.06413554769037864,-0.005013889919593173
2.1500849994839655,-0.003274947393671218,0.005028117769460827,-0.43978818298391,0.006337694831177432,0.012585432231255746,-1.0058050921160302,-0.03612264310387801,-0.0904551029525833
0.0030048047201369677,3.575597110757692,0.009767571449055545,-0.002204701981687091,-0.005227757569457297,-0.0033222866334634282,-0.005057896164086896,-0.026609921415913645,0.001322515893077858
0.9588607046905651,0.0012240255214321025,0.906571561325956,-0.025533332724961222,-0.028108217824537464,-0.0018260867702636335,-0.008032639340467738,-0.009331109621323108,-0.005332962699339361
-0.0032121343267368188,-0.6247481114186452,0.017909946417421344,-0.5421947699194856,-0.03344294789005945,0.0004518805094978557,1.458071477144144,0.005081206448831556,-0.08131128687692857
3.1481703091354887,0.002296804024432817,-0.0002642812331214578,-0.0013292826446203165,4.114813034848913,0.0007633716524128387,0.011079456377533319,-0.015282773707287044,0.0033832262582531025
-0.0034178313162906045,-0.003012528407894112,-0.004470432256086086,0.0012898729489066083,-0.004368172447417233,0.7672042033450596,0.005660958219139009,0.008100354808276405,-0.008335368983667121
-0.027019271806741282,-0.003975651274077979,-0.003533048649019377,3.6053314233264233,-0.0028299289643684347,-0.0030251301309208427,-0.009708924161117478,3.486148447509276,-0.01000355564599631
4.38320700055844,0.4646129221170754,0.0054685045579752345,-0.002467222092313905,0.008151727649529487,-0.0046804079176798715,-0.008059731885959525,-0.3188410606792042,0.0023498461022734007
-3.0361725027828896,-1.557204918196733,-0.4994823157239576,0.0024306392336277405,1.611447383368529,-0.020516019123858725,0.0009279254075617721,0.12545092128833524,-0.01734465691543008
2.127712160841372,0.0056114425577714205,0.004434401997122597,-0.0015238913628578946,-0.0031041379983116667,0.3866154211766484,-1.2511923113424144,-0.026574954307583956,0.0023594167303432334
-1.2691337678026804,-0.0033394075071855565,-0.009194235451664146,0.01398718626393334,-0.6578939768579521,0.007866377696353519,0.00011767963197876347,1.237500949585963,0.004308587885567788
-0.02221250410492892,-0.010561827928325437,-0.0009568133325134221,0.0008647417489131967,-0.1452833619261983,0.004023722694728215,-0.6270891062495656,0.8786560173778968,-0.026886250989165403
-0.4080683598434435,-0.2590613556351518,0.00040193617668309034,-0.0032472341682348435,0.00449573280645533,0.002831610671884768,-0.0009322385764804488,0.027326720318557006,-0.5710064819817169
0.0006563094066412144,0.00025538428961553044,0.00029915728999368253,-0.0014841535599523948,0.0030127569996382907,-0.004131362654598465,0.006829993317988274,-0.0010878355762494246,0.0014324708857945318
2.285340158821956,0.005728896006210751,1.093891603066088,-0.003118004652846479,-0.0023186966881546707,-1.6515888255248212,0.0008848757136881713,-0.0379079335130057,0.0027750999383678865
1.0244492749388987,0.007478921683041545,-0.0016770322438979073,1.461705589696437,-0.022918584426475406,-0.0005075777183947445,0.00805876023098476,-0.014258437566507373,0.2454801346794575
0.051279078411158675,0.5696781351874951,0.004630828714024843,-0.0065681247957357775,0.006304495037065084,0.012037149666977684,-0.0036962631289656975,-3.4126312624312582,-0.0004808009214667397
0.2406982636099579,0.005340982738096663,0.005699878037469547,-0.0025062185796764736,-0.0010429663392468314,0.00464571654435347,-0.14486145719301358,-5.933193084519425,0.0019047861688636925
-0.007156090642945857,-0.006154716086851895,-0.0062342744010322046,0.001362704533617966,-1.5817032531208342,-0.0002995428244498818,0.02804255813602556,0.015784088738759902,-0.021254812669157457
-0.015386792925626766,-0.6265376425644671,-0.3647234459267572,-0.0008816875374288019,0.05536827045419171,0.023063772149579862,0.0008181014204271357,0.09887337956644066,-0.058517567994766484
2.5472223271473724,0.6008485374665639,-9.991764881114862e-05,0.0014109725045121286,0.002716815993997663,0.032293365078135565,0.009483235025756136,-0.07706576973642462,0.04101335367565939
-0.0006141213925709254,0.0007202687476746883,-0.005449789354083634,1.03452668358114,0.0028027575543503533,0.0005413663769930101,2.475613341523068,0.0015946970402103229,0.006546391313314352
-2.73064262367238,-0.004374165993771323,-0.7037869159372407,-0.00046394339878638724,0.3334692961246475,-0.011581489480590632,-0.00039706915211403654,0.029478624872009473,-0.017843086880222736
-2.0990518023957687,-0.002482225635914213,-0.6775788676865533,0.02560855217917335,-0.07771169879071636,-0.0005417907944203406,0.008540290207240064,0.5985345946821354,0.004747080173087559
-3.1260362123025485,-2.4462793803505374,0.0003870196370679424,-0.002620916296310165,0.008156056995667946,-0.6934844027358903,0.002667035289387429,0.0022005195801800322,-0.08859554037519501
-1.5087564748430737,-1.1538649539734536,0.0019866258001092485,1.2802304893354613e-05,-0.019761516068108158,-0.01180423841788628,-3.7219394570772932,0.01369411898008482,-0.02690777159223523
0.013097339337997813,0.02762362317297899,0.0011019813969213046,0.007737718605734126,-0.004856246047611806,-1.851202883589136,2.4643463929672897,-0.0235878988687807,0.2000996520252894
0.03182276866477746,0.03516583555664024,-0.0034943975911697345,0.021267176251191178,-1.9709154076089193,-2.907421677837274,0.0008620330033820827,-3.880433883725468,1.1810899054393005
-0.009635814278869344,-0.008115850357919226,-0.14250228517826716,0.0027948374715746705,0.004246058832117542,-0.17890731255449804,-0.003715919827581725,0.030877605002940386,-0.017745230333759705
3.828100374053703,-0.009764350820552312,-0.0035428407015244967,0.0013977792901794302,-0.0007240604631394143,-0.9010981972029911,-0.011840562224611259,0.0008316718652728854,-0.005261751502048939
-1.4353437957721162,-0.0001020240096342368,-0.013131762487337051,0.7333634380032383,0.0005113949095541977,-0.1920943383762033,0.00627607988527168,0.028557334206369484,0.0018426105718494235
-2.018118191714217,-0.0035510474455469013,0.029075653421848258,-0.5519899815679111,0.018077611305737293,0.013956098309946883,-0.7475637725671037,0.0067864019716730225,-0.023444637104211352
-0.009018038675615944,-0.0015508214048350806,-0.010739724764610444,1.7551120894610053,-0.020758173162447085,0.0012785326996252585,0.0064491265177790405,0.02076762858727997,-0.006045125776600074
-3.4005770089313563,0.0006080608402136251,-0.002155555021164393,0.004048629518910487,-0.644540339040181,1.5945503005721755,1.0404888332752447,0.026492108199346248,0.009344807406109934
-0.0002080569771369667,-3.1231437392400045,-0.2633327626145805,0.0026690950475265762,0.007020792622931826,0.0026571258652586874,0.0017902014458848342,0.015666345903806056,-0.003051222304851997
-0.619520491230087,-0.00501075013209679,-0.003824628824520459,0.004173257527145894,-5.361723757095005e-05,0.0010200611589578528,0.0004353308593769609,0.021044241401930355,-0.00841204064030622
-0.0040477832015193525,-2.112457760432114,-0.002918336183249076,0.002369261367608325,-0.7790906485774499,0.0022768492321827904,1.893049261378333,0.03730543214393589,0.002497016901022553
-1.7422292436584044,-0.008772626013997357,-0.00202165218422367,0.0006049112823814483,-0.026894925126454933,-0.0029115520721407252,0.009821385421186688,0.39877548075626995,-0.0053868514017775815
-0.01792274600888447,-0.00372526493937427,-0.07620626736264846,0.004987176699111742,0.6832647118681815,0.0171633741971747,0.006957964237780785,0.03690038044677321,-0.003366644622875741
-1.559210759288073,-0.006178252641264939,-0.08270279872003716,0.00415587836533815,0.00846307290806192,-0.0007369294833184121,0.011636693841719479,0.0386406219099134,-0.00032216976855489743
-0.003484052737052025,-0.00045924855262689107,-0.8113850364145654,0.005983385209466993,-0.0053751844369068855,-0.0409540344576403,0.018661888968495237,0.00979305499036301,0.004884954825562435
0.004198733974641486,0.0034195270248311973,-0.002007162723416417,0.007752944612963249,0.0026496731333389358,0.006000590597169322,0.2947400357086809,-0.005181673953067196,0.8664737529385438
-1.6370316497469022,-0.6818332064016714,0.0004800567386794019,-0.024516864096198437,0.026186387983459812,-0.002591743605502222,1.1369557348067152,0.025756174559947186,-0.9186876752443247
-0.10709503253922746,-0.002884056869956146,-0.03340066156051637,0.009565619084901712,-5.621386441359794e-05,0.0015298283644457331,1.0203042207797708,0.09546963949508487,-0.00560318287214261
-0.00453709847860528,-1.0021695971658127,-0.038837627216928905,0.005071904531394183,-0.010771142778462977,0.005256876435815915,0.014927024888174567,0.07270149125972818,0.0031284178216028358
0.0035581478251441477,1.5864693542249158,0.007455788635704286,-0.0021017938657188697,-0.0028607509907775577,-4.523710883236423,-0.003941271624671842,-0.015230921711417279,0.005883570745977451
-2.4164385733305127,-1.4306135450346127,-6.860723557039483e-05,0.00017359408151712032,-0.009720443126406936,-0.0026084148020959442,0.00013870740735604653,0.4874613458452449,-0.00569642443528906
-0.0017606324653481782,-0.024441536059238086,0.0025286583139071533,-2.795432113224876,-0.07426503900295973,-0.0005647923944302777,-0.0186022778292195,0.0028913384710977166,-2.2889147365794544
-0.009627711161758382,-0.04137451503587097,-0.46092247011454307,0.0026947027982821975,-0.006705486617878266,-1.7782114956979755,-0.0042016244606308045,0.03539447497662146,-0.01922580375377632
-4.3340500139104294e-05,0.00017941377954596135,-0.0011564758417268097,0.006834916164347105,-0.05106279194678393,-0.00433148202331588,0.003882073495241952,0.0003111438319906601,0.0029057130090748753
0.7945147957171718,0.0038415950626178707,0.012646939298082152,-0.4791621316344574,0.004833959905346618,-2.641704510108781,-0.0022523189035360334,-0.04573151630814469,0.0026488478889241662
5.982711844016997,-0.0003702476019977509,-1.4495478706294396,0.005506219764908921,0.0054994264901841,-0.0008819668291848749,-0.001247989795949131,-0.03151506159861339,0.009903159411981388
0.00901022555105599,0.14562727818988253,1.0125641645885128,-0.0024177113819303653,0.012367485570986828,-0.0021174337488966445,0.00041156282889819734,-0.027277483938439318,0.015921992077612246
-3.6397814274173443,0.00102650262045419,-0.33513264793547437,0.005218297795192464,0.4125466771476549,-0.007986885575074296,0.02953045486091989,0.014863849086055647,0.014075193093897043
-0.004708364425290306,-0.34177957190266345,0.003281945726060635,-0.44222476840591873,-0.001699060149909342,0.08081751865605839,-0.0007751800183907701,0.009338159196691058,-0.08783021348035563
-0.17101778689430572,-0.003553136028267542,-0.002628592595921686,2.4965931255180056,-0.5030829605562728,-0.0009578091374042924,0.012485363499498112,4.853719624409447,-0.00404710195185487
0.0015792867312553333,0.011598068093039843,-0.0045144033844442925,0.021303042898694106,0.03703100593472105,0.009954442722183382,0.008042629968140733,-0.0043670399387661235,3.1862321760548875
0.037533462346540494,0.016434684225625523,0.5171018144518591,-0.008564374431647342,5.016397481472385,1.4966861792607435,-0.07937191169914226,-2.6010627746393293,0.001452439775494363
0.026214892468319824,0.01033670173134428,0.03016350295975664,-0.007325688930117227,0.005288261369754624,-0.000489198080870625,-0.0014073402147241855,-0.10747467120607584,0.01148999069209643
-0.0006139172861557613,2.1411018910959303,-0.0016856313753010749,0.0007682590328711349,0.09978383790271084,-0.00021908329996010045,0.017492521106977334,-0.0018725722295632593,0.015188408614357884
-0.00633657650232245,-0.002482358290247029,-0.001288513018216409,-1.3682978121074738,1.0369855629577789,0.00041143917448458253,-0.0017196157118716214,0.00870987496838195,-0.021700643045107607
-0.002390356476726696,-0.0007686351175267211,0.913372074272367,-1.1588778472074877,2.7638355534038164,0.0024345038688196098,0.0015275306786258153,0.0031186674009194837,-0.0053587102304476775
0.01684707293227814,0.022122446651047872,-0.00015903319117901993,-0.0019091744872264116,0.03044099287177475,-0.002808876614401299,0.0194441345279047,-4.10801518212681,1.5893525635523815
0.8639111991851057,1.2845306215240653,0.01010838494253169,-0.02910782296623644,0.030629236413351746,-0.0034853586919535197,-0.002949114704138247,-3.79491412714411,-0.00484741380195941
4.317051913954881,0.002915950160981084,-0.6588367737813279,0.038516927898517184,-0.0011476144747981608,0.0006258667475262571,-0.000703907650881283,-0.015185955251410838,0.026855406587204977
0.053409927576777295,0.4355050811997896,-0.0005178453412256478,5.816580335527184e-05,0.007426680056286848,-0.013905705078228959,0.0009610756434627662,-3.6715352326557613,0.022119789299946513
-0.9206138736411383,-0.02094413761663645,4.690100784452908e-05,-2.864463305295514e-05,-0.006443146143602331,-0.004305887598197441,-0.036813640994219764,0.06916611397187891,-0.02507352411637845
0.06354433652367841,0.48117507209521493,0.00125242784617011,-0.0006174490202711815,0.002808207118774912,-1.5491770772579347,0.00027537086756921746,-0.04290502233299609,0.037456850448601364
6.186552146826456,0.056924064578244754,-0.00885294145021509,0.23997518017983963,-0.7309972917833978,0.00010047165981299304,0.01901075751216015,-0.007253540611431068,0.03113490417450615
0.0005839457980641935,0.0008100492360596629,-0.0016246865956647148,0.321981657166696,-0.0030558653912405066,-0.01040975636617843,0.001995216618654514,-0.0009078133538176245,0.006403908348251565
-0.0005889943278547579,-0.7367791497707095,-0.22387470607082283,0.0036519440872046782,-0.004114789143216525,0.0003592574468050669,0.005722496726105669,0.009615674045654367,-0.0015607544180836763
-0.009269532559122107,-1.7115947302471042,0.0030089051665025124,-0.008282212409681768,0.13541896668314135,-0.1322364597505687,-0.007889985883024298,0.011113227145155183,-0.09075430082000446
2.313786872204912,0.0025015519178684534,-0.0017720408765150852,0.0014277946047695131,0.0006394055128701656,0.1978132031971079,-0.0071867666878896504,-0.008051675855976628,0.0010502909350623146
0.006202226502608397,0.8368144522241835,0.00211334898841449,0.0004739930373814632,-1.3910156412131782,0.0017095158564985813,0.0023354289979029535,-0.02475049341770795,0.014601046486517333
-2.0585697795674136,-0.005507842743085328,0.003156863935479884,-0.005934053178032635,0.5553144498594652,-0.02811373451108412,-3.6872458842527025,0.006894380186964795,-0.027909107101956487
0.007365450166452889,1.7098938950214952,0.4179096874814885,-0.021229107088817034,0.0022904228031779272,0.0004913108118179427,0.002931452103567919,-0.1524146689089958,-0.011981696558284738
3.1974360781779585,0.9800640458984407,-0.0016948744304990382,0.0020094087416526224,0.5023376624047236,0.0066187176920348995,0.0010877589180937203,-0.10145923436483115,0.014977546769010308
0.0281572384026186,1.1969878304490578,0.030200706861632787,-0.7665242627011546,3.3393762751766403,2.9733301336380475,-0.003494869839913227,-3.0667697093719424,0.006336013780764205
2.6434703157963715,0.01788182441677099,-0.004390435254604794,0.02575408094307429,-0.001147974455583626,-2.342118241923479,0.0018010406990806365,-0.028447799889442342,0.10275783278784534
0.003289741332761568,0.3488919026829417,0.0010234568365296258,0.0010985864240303828,0.0013751141510567606,0.0007810836055889356,0.004633976203636191,-0.009363165254963,0.05868445033307568
-0.0014096059784867202,-1.0392613507595374,0.004038098623539016,-0.005790975451844333,0.0007970459765433372,0.9433998928199294,-0.012287221371674446,0.00014398367293099379,-0.33173095995765145
0.0012095649272974985,0.905873603014284,-0.0039200488533625635,0.00370835808865477,0.003266648664742442,0.0037374258186145667,0.8810338949586994,-0.0016798583541711492,0.023536567500560324
-0.001012384051297829,-0.779063350589056,-0.0007389011305825449,0.00047527969779848924,-0.004539966493783784,-0.046701793530866016,-0.0020183791965274755,0.00443596279111352,-0.00601527654301548
-0.010323247125124224,-0.0017252345402573432,-0.10762828517563205,1.909862631483758,0.0062151639196178134,0.0015055061232416662,0.08169318428641811,0.018044109178671705,-0.0008732491040151363
0.1196124552888991,0.24252345224902058,0.0009296442597140561,0.0009277521130055095,1.5172729607232553,0.007303978487631984,-0.005266265767010543,-0.25899133113358286,0.034064825816362804
-2.435267407684485,-0.008750844043868007,-0.5842400354000103,0.009438671495357015,-0.004085560887157457,0.004637417088386671,-0.0009684139682633736,0.062386134158744944,-0.0016036889026029844
6.5405893865344575,-0.038996117125891135,0.003945137852608471,-0.008855447047996698,-0.3865997725378423,-0.004395669222050049,-0.00936611637701052,0.01272980037657818,-0.035255835495605625
1.4609841844304863,0.0037469161467702174,0.005215777836928573,-0.0004775983802980402,-0.005344700218259511,-0.0009973073075874317,-0.020644458103572145,-0.08422350304952342,0.0018446338636523008
0.005321322289978113,0.002068855087145524,0.032933751579446446,-0.01758356849393436,0.005871455087234998,-0.0019052009619636183,0.8541556501349769,-4.432279692527786,-0.005162340223155981
-0.5328448819495419,-0.007113897908477541,-0.5298211067981211,0.007908419575994016,-0.000697014956937852,-0.5124041666806942,-0.0381422244792375,0.3146465029848091,-0.010456538108695262
-4.855834610035425,-0.0015276353821429165,-0.04581520792440896,0.6419030506764231,-9.45752260275573e-05,-0.003130266459331259,0.000990346629439972,0.01757619774088169,-0.000329084248495759
2.434991107286452,0.0031694699567651023,0.8012085447850472,-0.021151648267599688,0.03761987604079867,-0.950206555575271,-0.027107553851861393,-0.08823854536938869,-0.01288116978812559
0.002041697410320664,0.21908022229362617,0.0007429646308998884,0.0050867606760897415,0.02835154751069978,0.008859259682012365,-0.0031603734196956725,-0.007830188355394932,0.054229535742443186
-0.00029777829907487246,0.00017808619213100033,-0.0014201140461341274,0.07628561975934668,-0.22515901289546286,-0.008431834747667807,-0.0004470252932290769,0.0005536620809927322,0.004301714105899543
-1.662610497204163,0.0002949168905448975,-0.7198704244035534,0.2529918788594623,0.027116694631959343,0.001384604365648523,-0.0025724283582501603,0.010145558519761871,0.006404765601325579
0.028146362131892064,0.9972908149043123,0.002497084316530382,-0.0027465526067688194,0.0008527148419855204,-0.00487614305951331,0.006342253864212194,-2.30680060882152,0.011799387187608645
-0.01564111653167747,-0.18155357841057462,-0.015094473585860194,0.0025383961237831565,0.0006610150586981443,-0.021144218685316622,-0.0009501476257636502,0.15758923855515372,-0.027333297312108804
-0.0671237390027653,-0.0019403098511895514,-0.28750443212203813,0.005076913314384222,0.0045476282792352735,0.003150082601382515,-0.013576556791692514,1.3564853741659513,-0.0052330495768200536
1.332754308001469,0.6754696746277943,4.19044170084093e-05,0.0034399953524081573,-0.0005557242817806653,0.5113378422617129,-0.047654165498940956,-5.002824647584373,0.032435737323177616
-2.036140785921105,-0.7658973816180837,-0.007194973406196237,0.0030245465791501197,0.004968231175465403,0.01209494384791283,-0.0009259476758126071,1.2433104018886827,-0.0007692557589304982
2.3408742949908863,0.015060799056749268,0.8626171221744379,-0.013939615558755558,0.011806006715336381,0.006018835946283031,0.0005773084203754691,-0.031711893223129284,0.0060024918827828455
-3.899511705958396,-0.9945153369493654,-0.8883870808258667,0.0013530700570731913,0.006250379603080683,0.008411492146598906,0.0030792044279602526,0.0432442244967004,0.0006106356500943377
0.013155704617764719,-0.00030269449836538287,0.8946023468957933,-1.7344571414127126,-0.14499553201216125,-0.0013209176267479402,-0.005511519528899,-0.011697485347535064,-0.008935392521461985
-0.1982286133445912,-0.006802368334942285,-0.0090632482794277,1.5806964934039045,-0.7988455075670364,0.35702106502467806,-0.0015272454939736825,1.1260643579309018,-0.01502728836944256
-0.03636163151663693,-0.006594967294749933,-0.4727866863401925,0.0036328136989552187,0.0008650988303787776,-0.001136139147022086,-0.014456377428334229,0.3523831637101349,-0.01056266546747929
0.41823030327216726,0.002875798915329301,1.04235189468294,-0.007930851303439068,0.0032884838910752882,0.03425777503664787,-0.0037595165108812757,-0.06468925334682885,0.0033858339673938087
0.005333099709278286,0.016476818598096556,-0.0012244060350974102,0.03343882521717875,-0.00026456703371096474,-0.003421893967135531,0.005045072638781513,-0.01271198038170529,1.1884522344167254
0.001917779475141013,0.010049431974194015,-0.0012044714710759562,0.008273889998306845,1.6186076872096695,-0.007205675783778485,0.00192594337922594,-0.0037241827822321466,1.6746828861662904
-0.004731120233533259,-0.8293731380866611,0.00014786938031959712,-0.0019947137189815674,-0.00017119652347342106,-0.7605620881063405,0.00030041945426670554,0.010957958261191073,-0.060505942307105154
-0.014566123215715676,-0.8357177527301236,-0.005237623479479286,0.0025316150935119327,0.009267510689568393,0.0007084479971788999,-0.3663964858820661,2.338488044144372,-0.008766702566161966
-2.357528501907793,-0.001943166384835637,-0.013892066597913505,0.621082366315287,-0.9495179101695985,-0.001806252516059564,0.018239055773616515,0.04119445837039487,0.008732461743248376
0.7407194428150394,0.017621640227441324,-0.004857614611131975,0.00674217241662587,0.011011493555282931,-0.018513019983885888,-0.0010970690742704969,-0.018241657201900643,1.8770125298032934
0.007123362803547882,0.4480036188365446,0.004150954834052471,-0.004969975296259017,0.008393574878743666,0.0044455921279821856,0.0005238453480125894,-0.019419073217914425,0.00511202789380058
-3.2959138138564397,-0.00423261776977446,0.013295935603122505,-0.004864735286491841,-0.008587724586883973,1.4476149370375242,-0.17691035301934446,0.013932586573121372,-0.0229672061791536
0.000419365597742172,0.0006715776510623152,0.00028642280794591817,0.0003779787090985179,-0.0013293615726019676,0.0002006180709144097,0.0027305710877189465,-0.000508079452518031,0.00439627252805135
1.0100603419114547,2.2289651410469355,0.05814477312439026,-0.048514021827025994,-0.0007241781649861348,-0.0011752689825834917,0.012017429127050464,-0.17423885232038205,-0.005831937757677874
-0.00682655812020852,-0.007004635681242308,0.001082812838433199,-0.0035813842888061205,-0.005528813823376489,-0.0047763440065940535,0.0013742153786198937,0.008357690082435129,-2.0677352514833105
-0.007252706437809037,-0.0014054639078790211,0.004591030132105536,-0.004099045474411473,0.0014855526620613545,0.493001485831424,-0.005573103467966612,0.0033265098584557007,-1.9752180499864307
0.008206180300271737,0.7189566107886809,-0.01007628088995599,0.006053542752522817,0.005236584084871439,-0.00018459235808545357,0.015198729506246018,-0.008542928349644995,1.6115543709124367
0.495211023128986,0.003939353259713454,0.020974102934095726,-0.7142229565309635,-0.0025411054541616598,-0.0008674459825412619,0.0012423491406408221,-0.045089424469048345,0.006881003097112176
3.4711876571836386,0.0021295561355325152,0.0013920594803197017,-0.0017748883149413123,0.003785933946217058,0.0031197768320531402,-0.9192601972073523,-0.008595539686439288,0.001651430986116753
3.844676249920318,0.5086520951513435,0.0011951071183012307,0.0017465513718916467,0.00242256670100861,-2.9926165499167,-1.453489244775516,-0.0568302100525019,0.01279608108636765
-0.0007739505219434067,-0.00035956428588356166,0.007332316788613163,-0.5062567882549952,0.00042132663910482773,-1.034119959019656,0.0026559239333532594,0.0002665518444470486,-0.004335745823222615
-0.04383701651040453,-0.006268684372384172,-0.7211180089981417,0.009148663210466715,-0.0032904101602252954,-0.0017674627618732468,-0.0023075220378935835,0.653347010210799,-0.004266329960474435
0.008436860620009192,0.534460831581629,0.003712999843663689,-0.0038586224597800026,0.7164348363433016,0.0020584970427419825,0.0037404420194562717,-0.0844267752556084,0.004802935659316082
-0.40131569108061305,-0.002435902624531597,-0.0252629901300942,2.8610073381371337,0.0027059650520655266,0.020868107136824545,0.005915197979345744,0.266769592819218,-0.011012649183437445
-0.002264357300790235,-0.0012636896841657784,-0.0021257019606290076,0.002557092028677705,-0.004825262096581743,-0.001840361938282602,0.00042774875629659825,0.004302358647805988,-0.004420527915911317
-0.003538869239537613,-0.8222323655688686,0.001418528006825369,-0.012311115937161906,0.0030802194872473253,-0.0054306187273604955,0.036090815918946764,0.007523256269550794,-0.03038326675532177
1.9343207083208118,0.004792946279145921,1.4925964351535093e-05,0.0010770094633733606,-0.0017899405662276414,0.2640223957004722,-0.0030484737300820472,-0.012211312138603094,0.013435957330813542
0.0002421516905181467,-1.8025891294432355,0.0007158488730486801,-0.0012618119840017733,-0.00014707182816332647,0.0026422114511997197,-0.001849734641554239,-8.297687528601902e-05,-0.00488009968093539
2.083142961934666,0.03864867428117839,0.0025937485422483364,-0.003916539227784616,0.9221284104080902,1.677343598092642,0.0162860503446911,-1.512488642086048,0.007973377943609306
1.760812673393852,0.3188290330272023,0.001984412308418018,-0.002300870681632137,0.007806254950778862,0.24045615295915565,-0.0006005896184500831,-0.02904333761404774,0.014422471443129747
4.620143125066628,0.03911795394022277,-1.1470821865605467,0.010572058713297,0.007027212209204183,-0.003918345655598039,0.30874570141437085,-0.054475723830275324,0.5118509138631815
0.011606298518439098,0.013424101694894233,0.7500725905656036,-0.005474557047267077,0.003621431672827833,-0.0008636013175408932,0.007856998773966372,-0.023800289250346884,0.009451949855646992
-0.0063093125568707735,-0.9675555220959202,-0.0025162676199738804,0.0016233905861375896,0.004117400361661258,-0.0037968947078522025,-1.4354319254415149,0.014229388121894702,-0.02645127619969201
-0.0010218685715658968,-0.0005028743598857948,0.004078696582214008,-0.03811447674814759,0.0036002820977916773,0.33973258334887657,-0.0022169903755247097,0.0008633187676658201,-0.005182174335524207
-0.005755501315554232,-0.0029946214532028705,-0.677902165078487,0.0006016687273879343,0.004169082158579778,0.004225416621952415,-0.025418550149694314,0.015206189123218417,-0.01350389010085009
-0.5898160225929446,-0.001955350962812632,-0.004467942947446454,0.004508545178191112,-0.003238175323857154,0.003757266640210118,0.0011616335470150533,0.04522353345883712,-0.006078137892007736
0.06928337421147569,0.009225662784276818,0.07696607745692344,-0.005061446090684414,0.0010336746646200535,-0.06363402876112344,-0.00467789320695197,-0.582680268069276,0.006871018336644434
-0.004582968806123067,-0.006126708601000844,0.0019445417290033114,-0.007691856565868197,0.0007033279736114718,-0.000551253960141807,-0.008941260019250366,0.006148734824400995,-1.9738989935678433
-0.004212698834024603,-0.0018869121406379023,-0.0026585221046524785,0.0015096737739635929,0.0019796202486178824,0.00014058859183313467,0.0014108847101074158,0.00705609038948127,-0.0078097645141387475
-0.03145775720958758,-0.002706674989748743,-0.006479489167833939,0.027122576528567133,-0.014765997248164438,-0.003968070619407098,-0.109466683321315,0.9971174753289503,-0.0006054417262734285
-0.0361566732912022,-2.734060190173831,-0.5061830318814966,0.005094051951270884,0.0032164919444354623,-0.18851213682857215,0.02253589382182536,1.3719473712245147,0.00597422876030973
-0.041693887143079485,-0.010683116174091943,-0.009414035059383596,0.42329474191921185,-0.005556635457932207,-0.00029142984499372425,-0.7279563465263326,5.190198557725685,-0.0053661722882580865
-0.0026286926322600726,-0.010529621823391441,-0.8482187715682588,-0.0016059860035222834,-0.003945519700292612,-0.00018923830315029392,0.7769252149790647,0.0113194122941363,-0.004482067741687572
0.0003623520136026401,2.3224850897255522,-0.0014401901320938854,0.014007161093457314,-1.4961393689698403,0.12262405297694176,-0.04533925826653799,-0.0008303117654959928,0.049508493196587455
-0.0029334530570848515,-0.004037698252717037,-0.000468763971616352,-0.0034827330220492192,0.005053495637537972,-0.0023358441211673133,-0.004083982407544337,0.004704012763802609,-0.013372631344231764
0.8106245928455067,0.0038066860886303085,-0.004741141516371065,0.43258609296206346,-0.001566899870187233,0.7194781648193542,-0.005791012731306423,-0.013622272491803158,0.04009623478917451
1.6531319691691826,0.028539378016341377,0.003020425347888704,-0.0005748040794616708,-0.0009873201472481346,-0.005449410402844712,-0.00034453937610789184,-0.12100069527584638,0.008138607106829732
5.3892859359254,-0.012410718280935895,0.004110531754482394,-0.09607169976142005,0.4535419331459516,-0.027089134764512707,-0.004656409636067027,-0.006543936935885227,-0.0742949273335276
0.05055750575481335,1.7322107671446214,0.005526996824303548,-0.008320480690053835,0.8234652419065536,0.0038884771131535135,-0.001623602123399119,-0.6346441980983327,0.013927144749994902
-0.008826762649648701,-0.012561814972904713,-0.0018383211656339995,-0.0005829338507579961,-0.00411749878069419,1.9811289581237972,0.0009143659345146316,0.025516440439394397,-1.580033804241255
0.0016489112747700015,0.11677138436151252,0.001986341540477601,0.3442439214868769,-0.8658036581590709,-0.001910922416637833,0.004696358073087244,-0.0056509277985862735,0.07369092232924764
-0.014796974118584938,-2.3591021741920617,-1.1111294804826066,0.006824538780154765,0.0010535750486630885,0.003994710187477046,0.005312745696505278,0.017907997256540353,0.006744586036661504
0.0005035784299290706,-1.841504532523958e-05,-0.04550470615405407,0.9853474226171605,0.0031319085560940433,0.01130063172444462,0.0008104318718526,0.0008611583660335922,0.0030319153266372494
-4.006013406401852,-0.01666355922163517,0.0009771153600954402,-0.12750124912333008,0.007351055955434048,-0.0005872410310972381,0.6574054559597262,0.029331489713945842,-0.050335619037911394
1.5638195494326257,0.0001300352154990055,0.41126950397521655,-0.05186738592623258,0.005321057811978978,0.5947496823974523,-0.005030837719668314,-0.09142195579486151,-0.006868976031641327
0.008586540639181768,0.4476859488727688,0.03720205845139868,-0.0375255438696988,0.893138842182041,-0.0064226447371625965,0.004148872210390054,-2.513056604160598,0.003704038567600876
0.10802447123730424,0.01902559628472312,0.007741205910228671,-0.0019166380402172124,-0.5922195805739308,-0.0009821674377777066,0.013042425833031765,-1.4989747158309286,0.012262650169831968
1.806500538691366,0.002535752780922669,0.5089317321230231,-0.0028558446573907492,-0.007842592894350915,-0.00014561586015601757,0.00011863567993784796,-0.08328853818405324,0.0012972915809044139
0.004683047380007141,0.0034506843123873086,0.0034405312558426645,-0.0035063252304360646,0.013775413804079487,2.2976065259681993,1.2177200594060076,-0.00852242304266413,0.014135049060659289
0.0018438904373207557,0.0014683475098526794,0.0016830144184823682,-0.0007843613489709622,0.0025564727076192156,2.170475879146205,-0.00099150601716569,-0.0033858798579186355,0.005929794483167809
-0.0037055269597838086,-0.0007992931289333184,-1.1242496617611146,0.0010209363368026622,0.538361916707023,-0.008495881943740818,-0.002640275333548055,0.005857815897808816,-0.0018629875157583145
-0.006149684448199551,-0.7828340109226191,-0.0010925244776914464,0.0027567581506532475,-0.8190846482399783,-0.0011087538625685655,-0.991138915409191,0.018705531098390335,-0.008137157671070594
0.0016333872939127492,1.113602372409995,-0.0005196318486997906,0.0013157994450149445,0.0022920133614739904,0.0008021148929407909,0.017872951730838894,-0.006164459942193574,0.08911580100513228
-0.00014253141682952922,-0.00018212551827249363,-0.0027725438665151597,0.00980209858466475,0.0008544508701683411,0.06686316523735547,0.0006438555372021294,0.0003485936086428846,0.002359273492662435
-0.009039878946685228,-0.5365711392647534,-0.029224602608394767,1.5284873310439346,-1.9449565846041197,0.10184217843508284,-0.00307850463686545,0.0781728676125574,-0.012498303362182273
-0.021728342237143563,-1.8294624393756087,0.0008831357371605342,-0.0021266826252472927,9.784647852494749e-05,-0.061671419630655776,-0.0021536648833121626,1.3964604954429365,-0.09939309032012034
0.0035720265120524944,0.4551380646223251,0.0012122694795954972,-8.455275246842904e-05,0.021576552413374805,0.002973981440978838,0.00034895837658727516,-0.012797733152220304,0.024184532462019626
1.8461659710992935,0.0021299904850831247,1.0292294378014493,-0.007051966863447445,-1.6023587385475555,-0.002140806566486072,-0.0009496326316727338,-0.014386519424818278,-0.0016883897646044477
0.005529384273414265,0.4467693886208223,0.0003798301454725275,0.0018233331563782267,0.00029463414330202107,0.018259853066265125,-0.0011976343642914988,-0.01304122493661479,0.02326210327931777
0.0013971176158265358,-2.4303088043926255,0.00809048905162707,-1.1974626949889227,-0.005133223645228852,0.0032616984864861373,-0.0008064883774489204,-0.0029298796834460045,-0.024716669307437655
2.6731795253041635,0.009097683096476602,0.0002283630354806554,0.004323054359769976,-0.001610693386602061,1.5396164669156047,-0.01711822455092246,-0.02362956956292837,0.012152878681803647
-0.0023106772701946008,-0.28160968448868606,0.0006932287441783046,-0.006757413529045748,0.0019373317890569956,-0.0016292850628309577,-0.03662864475782064,0.0064480136658469495,-0.1720398959599153
1.6265703411527674,-0.004677827596436021,0.8009293932945187,-0.09972754428750918,-0.011949566299110318,0.004276969385342478,-0.35652599942387203,-0.011129327672651845,-0.7235720221235988
-0.01997431305202002,-1.6572880659894547,-0.5130236384086038,0.004015035332541911,0.011070140875913532,2.523396233405503,-0.003383851919973868,0.5836349646099466,-0.007211824875690054
1.1407131272833508,0.0012914404477568219,-0.0002096279739034583,-0.00026572446396550876,0.0010556470256269006,-4.526641664822649,-0.5800983602224317,-0.014264554913632842,0.003858767827083859
-0.00502731171056277,-0.002432640022446463,-0.00020994676487265984,-0.0012105677030705636,-0.009622022526624686,-0.000980734581016298,-3.461450430901869e-05,0.005726786455081598,-0.04020048136136835
0.0010281654079884776,1.3328019779100457,-0.017368218879665304,0.00962517515548157,1.5629454837842236,0.00398107664433384,0.034748091826173895,0.00040702169393538705,0.2701950349320956
-5.534020961106332,-0.7399393828367036,-0.0019896880984506815,0.0013107210393490313,0.00025497637749976806,0.8564157213980557,-0.0032734168843665257,0.029821597700652475,-0.004902272382232731
-2.5151997756451507,0.00020873296892690268,-0.010128870640875115,0.004148848550222496,0.15597357690634625,-0.001332309057509543,0.0064113027795979355,0.022449081239550778,0.00694046913035401
-0.005412652433158207,-0.5263523935221017,0.0029183268061071174,-0.005132293398598161,-0.003250192142974723,0.05970142261358279,-0.007781941936579939,0.009710255786677297,-0.8925004240964078
0.002002003345914022,0.5399803050296306,0.006550612499760591,0.0002990447585965554,-0.010796813006097004,0.005310107752900846,-0.0001110893640461014,-0.011462829108526253,0.020779313087383178
0.3299603029422557,0.00232653760300819,0.0052704339999727345,-0.6388134418486752,0.0026007672554284504,0.8483146022490318,0.008442799726928388,-0.023078605714801918,0.017245213307129387
0.01383265667424496,0.6504019454510577,0.0006370417039894549,0.00016770624803040752,0.01168681294587167,-0.0026078104054352374,-0.009701233152900442,-4.671201936144217,0.014817395739272099
0.008632405848870262,0.0035052733798440518,0.2890165546173904,-0.017901562508839924,0.22606698957196747,-0.009922803523994968,-0.007043137234557913,-2.996804434800863,-0.007293299683665322
-3.085448929995135,0.04708364552588379,0.00023310135892025408,0.011579560726699786,-0.0018675708161922135,-0.002021691419466674,0.0012035432093535393,-4.912478884216975e-05,2.4225861827599413
-5.355442125033731,-0.0042202159743217095,-0.0029872102889096086,-0.006018072075808221,0.21695693276586306,0.020734158134685217,0.04141156518032407,0.0775415033352306,-0.0033426734728752017
1.6204902709152464,0.0030884486535822423,-0.006406204247277558,0.002781967928749503,0.0013321766413314706,0.9149311711985484,0.002684799953926115,-0.00708479376274934,0.01482516816753185
6.51765682561331e-05,0.0002372426946233175,0.0006783848625142453,-0.00128463310268496,0.028442188630573895,0.006388886918381693,-0.00030944444040702587,-0.0007316380920594141,0.00032521008125043226
0.4831535319185086,0.002670127704873577,0.0005205798619542538,0.000782894828072082,-1.5882356633382329,-0.0017787406644053485,0.0011019256622541616,-0.018631022134010276,0.017968792453480556
-5.005893283625873,-0.003360257250844153,-0.3298632579670304,0.008652393086781313,0.0035576060800525944,0.005238974809511805,-0.006416804092920392,0.018975060089650053,-0.0030235773164380975
0.0063245968331355415,0.002679973182482296,0.009270635037300261,-0.013280450909147638,0.9058830440167316,-0.003466158076410357,-1.431378957763271,-0.011166817141730484,0.0035512129977402136
0.16029661903712739,0.41286837046123415,-0.0015996842193119198,0.014266304366219257,-0.0020731997262518724,-0.0029730905284012857,-0.03352306523084814,-0.06793044680469437,3.798377679071816
-2.09319580020719,-1.1154328799540836,-0.0016691045322493325,-0.0034575092381336388,0.17969871807866256,-0.0012967956368693289,-2.307584338975576,0.1277533732357455,-0.20038256733028614
2.554032601253773,0.0026955231195491154,-0.006590285819645533,2.864048903022825,-0.013804295740801803,-0.004168805313287686,0.003226869050927641,-0.002370166186296689,0.005871925681387724
0.006301617742155133,2.4142712855758295,0.003503043688378976,-0.00666565928642769,0.0008069067958430751,-0.003321921432343012,0.0013314852787528753,-0.008997928391168673,-0.0062562749508823234
-1.7508516840252908,-0.01432519263600596,0.0028868170118679995,-0.0028074093376503576,-1.5577897465546358,-0.0025973500607475355,-0.6142958293000987,0.046770845899715544,-0.02386703267388518
3.547317855808914,0.003127428091390368,-0.6673162633605552,0.038394800828073006,-0.027358158270747772,0.004745655245565771,0.005358177915123809,-0.0058514559280979095,0.027495454463266067
-0.058592241436309984,-0.01267450979730105,-0.049603753184139315,0.003329929873190066,0.00766814712070382,-0.014794224623956857,0.002009970946630216,0.9239262492168856,-0.007041151468425988
-0.7499986943137849,-1.9614470508573694,0.03388826671695688,-0.2015362144109495,1.1973462147509077,-0.0006456538252694664,-0.0031869142779970133,0.007330453847318692,-0.06608876688189502
0.0024458573052706756,0.6563427578443188,-0.0017330725412353226,0.008884907162909088,-0.0008308358572454251,0.011396540198541694,-0.0038142346240618904,-0.0048593510203350804,0.26588618376148565
-1.1799297354274407,-0.8404365555945666,0.0013686197447804749,-0.00013914711473916874,-3.571124850021971,0.011075552977999715,-0.015332328497226506,0.021231835782422544,-0.02893015463409332
-0.05207658958020595,-0.08045233426377717,-0.008447691794557233,0.0036991724876571388,0.0029645893261286884,-0.04362924102505477,-0.06413580215257304,1.1595738175871877,-0.020731387202422707
-0.0005123986414096407,-1.3350485509672276,-0.0013934060360429185,-0.000984570227261262,0.003618664414243678,0.0006971126609858265,1.602357390609326,0.003182684804110482,-0.006047606535973027
-0.00659462667708873,-0.9919375642873023,0.005209125127391981,-0.021606331748476287,0.019209786570251297,-0.005337104962101503,-0.0012632941054962418,0.005323592239557553,-1.72743962517999
-2.0206978985679367,-0.46433913861103293,-0.001601757888188421,0.00502100772499218,-0.8292654668279408,0.05637348039065667,-0.00183335940223011,0.07924326410475181,0.00851457604528938
-0.006000185960441261,-0.24452735811639975,-0.00016391728525009391,-0.0011412984206770854,0.000668674652631992,-0.0461556010378728,-0.34025776002819763,0.009879565084326518,-0.08768345370757052
0.9107083996039538,0.0027027525486079443,0.0016837513067420665,-0.0015127218819775317,-0.0022356955092574186,-0.000408100808214078,-0.002412854767744015,-0.01769971011759832,0.005814099265745484
0.010419455792654197,0.32029693310575147,0.005789718108428602,-0.0007875369402519196,-0.0011773359090049304,-0.002075106865603918,-0.06649788318023014,-0.03577296741618133,0.007623149260155129
-5.264855555842867,0.0010909305610663188,-0.041394287310993594,1.762392359316297,0.007677890371129162,-1.3126173349864714,0.0011826601674336627,0.02124455255553956,-0.004753839369218138
-0.005820534233723366,-0.007518265461933529,-0.546653715432457,0.00029028799007670136,-0.001900169836398084,0.0036629094857611637,-2.968166245970114,0.02076063076411143,-0.014103003182882864
0.0016145195497960026,0.000833153152918817,0.002417649972842653,-0.002060733606907936,-0.014922767139926432,0.00889378018152457,0.0007553029887564372,-0.002776809633691919,0.0031072800540563393
-2.7655117021064317,-0.0013640134641991985,0.0002468929966971817,0.0001550098841760696,-0.02245501641136721,-0.644193000892334,0.013829034761892326,0.020834867963816263,0.0006464061846800373
-0.5248866811461519,-1.2466237563717477,-0.00473155494965001,0.003619336820057701,0.01416266328957464,-0.0003251177027444069,0.0012164343666640608,0.039140962064474816,0.0016016202542744606
0.003466324044455739,0.19198285324687742,0.0003909137461797626,0.02066299568902382,-0.00748003046715286,0.003202406407598476,0.0013797292036510924,-0.011257837508423851,0.2662883328252719
-0.001428092973403637,1.9663731908253865,-0.012724642995807722,0.20579287075829505,-0.0015524875588008615,0.11854075568303436,0.0014035250200574757,0.005811351615110392,0.08427371653075433
-0.7067572250508067,0.000396195286273444,0.5021912457720807,-0.021900741950077608,0.06387825412257041,2.8877419768497375e-05,0.08986646748784348,0.0106371691609411,-0.007097101256753217
2.1587183044152276,0.004909966687503232,0.6144052717776738,-0.07958200822398287,1.3192501018144527,0.010628011618591216,0.009745003448290504,-0.4676098938452773,0.0018861051157200714
-0.008999350240923418,-0.006478007280748264,-0.09814842903275009,0.001164903008062296,0.5047878453912557,-1.3762486126651416,-0.0011080017228820883,0.04045257172589775,-0.021404608213296525
0.06883967528169459,0.43587517963622857,-0.001665808555425613,0.00957650732770993,-0.9903479790957743,-0.17464863164222594,0.004681194715796942,-3.4371886882987477,0.2615935887051526
2.2049204917554084,0.015957293721884272,0.013754376767378285,-0.007789259526852494,0.006905536040332111,-0.048861749795972,-0.00015927537937499448,-0.09978904220956782,0.0022679354839956756
1.1259234039449546,0.006480347828984871,0.00794504406965904,-1.9515590614871794,1.1142688964695355,-0.0026736250808421696,0.00029583191112388194,-0.523959286456724,0.01209666726751868
0.8806434821984274,0.03826349973378597,0.005323823815214165,0.00013816974394187018,-0.014277282598163889,0.0004575128631451389,-0.012105531729028557,-1.2053604955576223,0.004030800824747216
-0.002695537519284188,-1.1411268062563371,-0.0027057292093456004,-0.0010079866825553033,0.27211773221936564,0.0006961950708035644,0.005338481651862697,0.009521947070014813,-0.00792296065192477
0.014074597514981881,0.3761082642965963,0.0007656344404572465,0.0016695083735985153,0.002207966249002483,0.035997059521282786,-0.550135836048488,-0.02353500663613724,0.02504552560606632
0.3735214065146676,0.0065044817468116484,0.025495319022666996,-0.6869732199659594,0.012371603706045904,-2.1963882979692197,0.0007540326105057987,-2.858647448452807,0.005358796444153213
0.2806998938390584,0.8490477241855071,0.09598052817741731,-0.008111925396663111,-0.01441292627061605,-0.0004429641132075446,-0.0009354484379776248,-4.791663024558819,-0.004880320965196194
-0.028598547639136412,-1.8800845358186182,-0.0023495557709949932,0.0021132080824829065,-0.005768350858771237,-0.013394943906962253,1.87400469371095,1.6494159785999916,-0.0013773323871140164
0.0012653255028950306,0.0023165603955061925,-0.0007502341638090928,0.3644645628218766,-0.06617643854452603,0.10084485976124002,0.95429728743652,-0.0020996843521118476,0.9637733799459869
0.0003235504068015158,0.9627237344828454,-0.00853617397264704,0.02257725478541195,0.0006850955195821622,0.0034239575121825117,0.0036172412336571615,0.00018727786478708636,0.08311872817992572
0.010777411754344398,2.1099203642421163,0.0028310648039463343,-0.004437036317366848,0.04381250219968005,-0.00039684080331681165,-0.0016176932923950872,-0.20094440752129772,-0.0011292980757027227
-2.413664220342034,-0.002329356243759525,-0.03474937828877528,0.004029404089627856,0.17313264563007208,0.0012562076302594645,1.3198179963327785,0.0390009518578572,0.007721776004534997
0.00038557420438452283,-0.0002634064103745337,0.9242307757924204,-0.006413357032322126,0.000537628120826648,0.02950868553506651,-0.3099111593575578,0.0007621660232459276,-0.0019449051645614585
-0.04642333495742926,-1.96973131269245,-0.24139900348885712,0.03665991929247914,-0.002406093589527779,-0.026434784810391056,4.88032383302861e-06,0.3986191168838431,-0.0004307615956480326
0.013183834348327442,0.029489356269515384,0.005439476644322275,0.000149994931885695,-0.7449965019360745,-0.02248297425490376,0.14891021971013602,-2.3236197927893825,0.04359774924962001
-0.01267407522215265,-0.48310804786749684,0.001591918583438167,-0.006493888515557686,-0.002025291033297999,-0.04599235623271023,0.0029526390096472135,0.024064416045984024,-0.04646448458367525
0.0040703396381028285,0.28324418968940357,-0.00017753501373617923,0.5691115222297863,0.006958887397274863,0.020481669487542445,-0.5510674842877322,-0.012732990487475827,0.0606860215211088
-0.004861881783299889,-0.0013954423014293478,-0.2681478136369454,0.011347949422572383,-0.00742647625855016,0.005943066682035447,0.8508435315372704,0.010027780807511658,-0.0011304428661919295
-0.30812364065774156,-2.406423309519925,-0.0011182120753400054,0.0008348825570396205,-0.0005087260128031589,0.004217957863508047,0.012300612242987674,0.06102768335401923,0.0008562360248944856
0.01481582192142792,1.0242593303538954,0.051738090346988175,-1.8586950780454605,-0.0002718998845776706,0.0020986255873387356,-0.00575974366020029,-0.6991910279337776,-0.013800232496362197
0.0037239095758137735,2.939575875952959,0.0008028648037313735,-0.0005856371512310979,-0.0048739148730239,0.006527225707944317,-0.0024098643787415774,-0.005416492270988552,-0.005844055517405966
-2.285890049994645,-0.04085915022195585,-0.010326727289595161,0.0023076127341423117,0.8898585631321824,0.008883375667601162,-0.0024970777070540216,0.050226231848669506,-0.007997301398362966
0.0038783763314668984,0.0037957642929096493,0.001754943415041105,0.0001148341974804136,0.006769469503695716,-0.058799886936985846,1.0607463761744713,-0.007744504118288439,0.02661688565325833
2.372882938953236,0.0006918092217458177,0.26813740680116194,-0.00855160239194197,0.0026571674957456357,-0.002221358973249719,-0.007435965899831608,-0.25520466211967874,-0.00692263048707914
3.4136704024304585,0.10701397527871366,-0.0026871785290345923,0.0032914542719914624,0.008375430537459629,0.0028680423908355344,0.004218324535497897,-0.01955531872747489,0.029024313351600273
-0.033253215377667684,-0.11558061339621666,-0.0009242247345293119,0.0006751705108216954,-0.7198272646405053,-0.003589589630837508,-0.4612625320604176,0.5016625798189542,-0.05699037372483684
-0.0013889185171860746,-0.27013924339872153,0.0001295245772130922,-0.006315205069224807,-0.0016219584152645352,-0.9181301439440632,-0.0017200235505996486,0.00553654660884139,-1.4590254420446005
0.01755880602185737,1.8032442858658286,0.007059199593532128,-0.009574219061095226,0.009587299479616031,-0.6986580596628202,-0.003260410635158459,-0.4073122650846308,-0.008622691827634865
-0.00044087167898615,-0.000526108836723562,0.0007512917093632867,-0.001601063931244045,-0.001767956790036567,-0.8444000508694386,-0.010786919653294418,0.0005252812421056243,-0.004497939534566905
0.3665429839219425,0.0020930739777202875,1.0588412554963504,-0.1813679916516593,-0.005413172435429884,0.22452747282902774,-0.0026942333501974395,-0.018864731869636442,0.0014673795382446064
0.0020532331520464117,0.1457287724016525,0.00109423577786329,-0.0010735014366935781,0.00200439197636316,0.0006145929972991016,0.3319102273325948,-0.005217047499829222,3.9742237535918274
-2.12101350971743,-0.011481198515768837,-0.009829647382984252,0.001888367359529869,0.0008991745515830787,0.011599732735412836,0.005188305466171706,0.20744018596489266,-0.004824561486599599
1.3013902990175257,0.0017475802563421572,0.0007059693530633224,-0.0029551305497164896,0.007874132462189404,0.025761803985664536,0.009382328155140163,-0.03190927423090161,0.002384275653028109
1.5967534957953218,-0.0005592116781964419,-0.00033969447068554065,-0.005295025460628985,-0.00148946563727853,-0.004406488168238969,0.07232016768527112,-0.012116602357994433,-0.019702709235116994
3.234189961785372,0.007067649147043137,0.10078072499761914,-1.8699781356935645,-0.004164518876825209,-0.00675889241892317,0.5027054040416058,-0.0882914112186231,0.01514069477875557
-9.02356987131624,-0.005241114662307717,0.013580671633737551,-0.8077884362315961,-0.02752286186436806,0.0008927909655208257,-0.6255634500123131,0.07851753165888592,-0.04872255537087167
-5.143725589136121,0.0057974664375598246,0.4657783589078175,0.0002415795643875701,-0.017542760386466315,0.001476147892350543,-0.7040942953920846,0.012079230057811807,0.002491063984102704
0.00109962555266142,0.0022500534768701104,0.3166641270287801,-0.0010455528254463518,-0.0009413701043821665,-0.0032693911140553875,0.0031442963444095907,-0.004978375947272327,0.005372174499796007
0.000457524738824652,-0.7840896250310022,0.0008714380557865442,-0.00929627921062285,3.753909779760668,0.48714458180009773,0.001550368746258927,0.0014381478775008765,-0.055836311828635576
0.3550639118936103,0.007417341589425525,0.0029089174299555126,-0.006017219382304039,0.00781950991259055,-0.0035427650161928064,0.10793266189417244,-0.12319350158158102,0.007731257868126892
-0.0005932948722107761,-0.0015668036401121975,0.00015287191379818397,-0.006931492428024268,-0.0017903916085880121,-0.0018650010746526628,-0.406063551525449,0.0016309614995844474,-0.014790351071289154
1.3476466006366734,3.7641930169459807,-0.0013108902823502633,0.002376886733814306,0.0035691106326081884,-0.9881535960221437,-0.005309369112901613,-0.10795120692403837,0.016441704381089828
2.450715550114784,0.003530117675196822,0.004745785648455597,-1.557762781576327,0.00025476086391976877,0.7273166107650703,0.14281053418441947,-0.04158806312573178,0.009046641213373896
0.0009813908940264958,0.0007332068578820976,0.0006632769362001439,-0.0006040724925826026,0.008679403766860576,0.0013076775906679708,-0.0002846774933671932,-0.0018735718731570804,0.0035223760786068227
0.8021566679384261,0.007093787017589184,-0.004853721173607155,0.005300470526546455,0.012547015183103872,2.633899408654366,-0.0002498298385415938,-0.013173492599069976,0.052406227399533656
-0.003571249687469264,-0.0017111317589325716,-0.0011484112414353364,0.0012929600062086665,-2.222456461691944,0.001595409832668568,-0.004540013842408909,0.005779604755495506,-0.007912863379305399
-2.681123568366262,0.005877266034460427,-0.7486318451689158,0.908844589194981,-0.0014668968251868586,0.020733811982713818,0.04743399992185038,0.021328781366421357,0.01809768302699355
-0.0029118853037836886,-0.0018116056360750186,-0.00364593641332129,0.00672367935508059,-0.8592608942882153,-0.0038665529068896815,0.001562197451966046,0.005131178175262833,-0.004653341615343528
0.004473104951428825,-1.5155616754631012,0.00951344803600987,-0.36308652042403694,-0.007792560190173483,-1.1804582237817884,0.0010115060097707629,-0.007698825034984361,-0.04402555312034084
-0.003370670194960853,-0.00033838243935809816,-0.004315933050080209,0.4782722333622492,-0.010685202113978508,1.179216760571218,0.015616629015369705,0.004832248309352764,0.0014731595575310623
-0.7667441476349918,-0.001712627741867691,-0.006101707135898651,0.02644555340501597,-0.045724819365202694,0.003386397138402615,0.007941741014247067,0.043330407389618915,0.005410962525994899
-0.044287644809204746,-0.004422890000792821,-0.00729952488020965,0.012629649894697429,-0.04433458037702542,0.001920453283422923,-0.003993585830614585,1.2965523513153396,-0.0014125694888109108
-1.2680047644569208,-0.0014471834983575257,-0.0018803339505742422,0.0037968094102966542,-1.8294004035344158,-0.0025996259817293622,0.8787480828864821,0.0269466787619644,0.005438056590940127
0.002295489013821464,0.002094441636535385,0.0015022201522004142,0.0013004196198772707,-0.0006117829867275697,1.3202898569558374,0.22672552692528178,-0.004971135455435734,0.015071199385056445
2.938433096522471,-0.002698318419122898,-0.022544247263145523,-0.0009695587485620376,0.01223328960054948,0.001472104253171285,0.007626796114492927,0.004823312457850188,-0.0035782661455148745
0.3338583745769278,0.006086561890820366,0.01153156949532548,-1.2526142254496448,0.0028459574254927275,0.0024394408085300257,0.003531053815433841,-0.18461773186757693,0.012762443920602655
-0.012673765046806985,-0.0034257730214994997,-0.0014470326895059814,0.00243554573111971,-0.013432079367925419,0.01491330834858851,-0.09055972399283567,0.01801310831240411,-0.012082426800328522
0.0036516780914231523,0.006844990542543672,-0.0021073111833125185,0.1278854687959003,-1.1205196651114797,0.48516388041713454,2.7707588795434006,-0.004248438237380626,1.3487211859201613
1.6301035753961637,0.7436036166600901,0.01199058005726325,-0.004957430650444474,-0.008050826670223653,-0.0025715662292279118,-0.001861281191484005,-0.04520750563773446,-1.7495061182315474e-05
0.013520392423906881,0.01915811870799771,0.009726133112459116,-0.001760884881337594,-0.002887118105765181,-1.7067318406930192,-0.0033369068768387233,-1.2747681779153879,0.002606938591817584
0.006146245614118275,0.0008107386559887009,0.27734559323681957,-0.04054915464974985,0.0025040301184149046,-0.03185882905168189,-0.00550718230054913,-0.009554145963036925,-0.0010182604255999407
0.010989044927157887,1.1685179308552942,0.0015453666697629043,0.0008577953178577058,-0.016372186223281356,0.006652165173973802,-0.003492664203994503,-0.023947516937874058,0.010114865240955506
1.2926405694884684,-0.0037003089871949823,0.004257293636637245,-0.028076939608638163,0.003106836231942269,-0.0059555537954231715,-0.28527401100141636,-0.015381082032328366,-0.03444731994292646
-0.006629740087801535,-1.5882706563908302,-0.00038178245705529357,-0.0005551752412318103,0.0008150678118423842,-0.0024747602806941393,-0.0022816765693264053,0.011435977765463283,-0.8407229228723558
-0.001567731975024559,1.0180154730065516,-0.0010082045224689001,0.0029896360516513936,0.0062831240703945905,0.0015998947000449872,-0.0024982929409623836,0.001620269511583128,0.020189359588291156
0.006232922682329375,0.9196629774587148,0.002649362421432294,-0.002020906345684961,-0.008000060934471104,-0.0004945289260207403,0.006898295389163249,-0.011899542155072025,0.00865741534415182
0.00032243079021890985,-0.00014827982077392029,0.0015497846286720218,-0.009161186644754045,0.0030907305681816127,0.003552298630504864,-0.0019406143212890815,-0.0005078618557326714,-0.0027655076345398477
0.33011492068918163,0.021628349637319976,0.00840656620618287,-0.004431618468540603,0.0019938089109394976,0.21648317530653063,-0.0016951408388661095,-0.12630756069727678,0.01134946590108623
0.04670423511004652,0.005363027999813938,0.010566611864226007,-0.005317472711937436,0.0019922357016933486,-0.042807586884987765,-0.001994276809104886,-0.09953674103323681,0.009282512290676831
-5.018098467234797,-1.810522639210491,-0.5536984407744789,0.004838858587862815,0.016474902895939544,-0.009963080675388307,0.002496489039946509,0.0214021745119779,0.007018773521757726
0.014042991647275486,0.3438340777713487,0.0028175479062899737,-0.0005785351772014828,-0.017600625930198083,2.5049912204155595,0.0062266475756282995,-0.024089977278344617,0.07417788509111689
2.4904819193474443,0.0052178190976730505,0.0008884242119317834,0.0007394979068404443,-0.015026469657059106,0.0008779613630513274,0.009406546682654724,-0.021091823819535106,0.011922541949973109
0.017869706731627043,0.005595307453785669,0.013583568243848435,-0.005994014387185817,0.7979247279463464,-0.019770337461017223,-0.002017563018953643,-0.6505436719280766,0.004718736294503353
-0.003556200071088877,-0.22735459840503228,-0.0020637191541517524,-0.011956255752964724,0.16135828483791595,-0.000879573784282599,0.007132620002249786,0.011327642461770988,-0.047097248413405776
0.002679502438016188,0.004031765633090659,-9.684254484409907e-05,0.006308891350635199,-0.05775787199577102,0.018654268814478528,0.11463691831924731,-0.005657519039561298,1.82485693591877
-0.0034552851233590302,-0.003081668506370896,0.0028302362594138566,-1.0623041767228187,-0.001153598949296888,-0.017759308915955063,-0.02075038223274049,0.00410146536716237,-1.1514323123912062
-0.0008431768976285374,-0.0006819873855437016,-0.03030530358213026,0.5279823201058534,-0.004115605411095607,-0.004466781623223106,0.006438137171073192,0.002819765207125914,0.0016701497942781236
-0.0017867630047369888,-0.3313683825575092,0.0018991924674273582,-0.02067154414184394,0.002139883528438845,-0.97829285035634,-0.0032708106998322667,0.004632354221496819,-1.205311936252822
0.04590221069042162,0.48040290297783805,0.0010259625710859928,0.0007160495233959397,0.006917992168820521,-0.008515800242423226,-1.7186124386321628,-0.10747078098600701,0.023276012982545002
0.44608202358848104,0.003430726043136448,0.4152786084018941,-0.0011468059467856992,-0.01632447340640089,-0.0024424346234982173,-0.007979241738384518,-0.033817358202680295,0.01035837492398417
-1.6888442197379971,-0.47606540686386634,-0.0013227491830047344,-0.004563776628498814,0.002572903851876203,0.0018497914096920077,0.006991447152087188,0.11146290106253479,-1.6592361173963752
-1.7739395820845734,0.0002814013822038397,-0.00014295752610258422,0.0030983647575820506,-0.002107480955969225,1.0654800463507188,-0.0041637929384727886,0.013312076066980517,0.0028454822687263015
-0.0006284391407416117,-0.0005888894734391611,-0.14097062865848847,0.024836784180222515,0.00019809691313352467,-1.2098328054003813,0.006608756218787386,0.0017893227427484039,0.001032167835205453
-0.013693715414628525,-0.005642205434832127,-0.021454900649634012,0.00911170853591672,-0.9097252236474112,0.010108679901014758,0.011574168015335956,3.2434412805331174,0.0030145534503041582
0.007717050367296105,0.3086824610704856,0.036902174378041164,-0.00664458631496225,-0.001417951273426057,-0.008379069041953575,0.0655203739803821,-0.02848996058904505,0.013231361098372071
1.4278984542396442,0.028695147205777156,-0.04767556008721807,0.07576027516262747,0.006549212496420967,-0.005952708841472613,0.0009577830345116512,-0.019375999445137248,0.2710980991120917
0.010962554678913083,0.6028205672415163,0.00587165233816981,-0.004274948583249278,0.5126533937698123,-0.002240305811116193,-0.0012885501842216417,-0.15827155144719882,0.009763500221087545
-0.4138626302317512,-0.002531973204666327,-0.00794038935176642,0.6412923674597705,0.0008666791275877186,0.019123946036121425,0.5412060904445132,0.019493051861735333,-0.005243239360632621
-2.9757280848150045,-0.0033037613596022747,0.00029052983648669706,0.0013177864212932818,-0.01088068615970868,-0.0008190869903638589,-0.753120766008429,0.02382884135068133,-0.006809265295533162
0.0011885544549824281,0.029856408055141836,0.0025825746492308182,0.00027523498602449693,-0.003236158692060697,0.009392020055642054,0.012764013847701816,-0.005799246799342392,3.798628181752098
0.02522496264815368,0.01669303364369978,0.001273663960291993,-0.004305896278483981,0.678270571929523,0.8959807391752403,0.02489872922246534,-5.103228620320164,0.013236426725427575
3.1220344546785266,0.028227119743364514,0.01119368198736509,-0.00026058144448210235,-0.06317076130301202,-0.012763754269526136,0.005161093451400013,-1.1082696754479393,0.019997919677650966
1.8708051820465674,1.341198096359271,0.0030495768312269744,-0.002969068241723577,0.00018586278135627674,0.02488143896320604,0.0016251863315698348,-0.07237426283452598,0.0051746190331070085
-0.004261711676666943,-0.001269421014739128,-0.16484946081861207,1.5469641927706326,-0.0007630744948896647,0.004821403515564958,0.02402787770505478,0.010497719331073206,0.0005426219817165553
-0.00641334091424621,-1.232851721926868,0.537473058096396,9.58495038629048e-06,-0.7166495151391947,-0.6845731940839213,-2.0896481211157196,0.00492730453855858,-0.018030776340029475
-0.0014175334158745441,-0.00015969503478108237,-0.0010507612811636404,0.0071778990393177805,-0.000864707030111949,-0.671232240908183,-0.002508021955542592,0.0017322067304831957,0.00018071422639695002
0.002508381223473112,0.004982623240124808,0.00086378094838656,0.004189430994028323,-0.0016942649605471859,-0.0061315004237478,0.017460374186781622,-0.005046784850228077,0.15763685179681056
-0.005644234405053629,-0.33228443186819634,-5.862233206129289e-05,-0.0025294179672777275,-0.09464352076470682,0.005133980186401469,0.6844306906871418,0.016788250521994647,-0.017239738061172474
0.03231818113536748,1.0444782649505835,-0.8955662615967063,0.16944748079275906,-0.008768072561234148,-0.003229390170223249,-0.00043530530708345977,-0.010570481229927261,0.05377043421016614
2.1482251572186524,-0.0027793204816143682,0.65000799616345,-0.5483322301805824,0.0001714353547008704,0.012328378091694844,-0.2861185125295984,-0.011792648733799316,-0.006324424028990028
0.001245555312110654,0.6981587608323087,0.08025541438591216,-0.003075606614114634,-0.0011188298611448612,-0.8144620749226344,-0.005725096914070764,-0.00810014443048349,0.0074390512345730575
-0.08599900339233728,-0.0013830029626968195,-0.007282878341722948,0.0029658528048794167,0.011025040408624015,0.02810153997805657,0.0015895071496006066,4.4557442411697,0.0014372239582485236
-2.912955335368542,-0.00385965493644115,-0.007160100835317609,0.006215573417071132,-1.3462968403882432,-0.001983283576460362,0.007124515025277508,0.08913256449050505,0.006920450993845861
-0.010432294745223575,-1.2019317184316898,0.0018833823388434007,-0.005049095615781789,0.059844864728015465,0.0028581022927757728,-0.0012165901178949785,0.006527121927456057,-0.053186548497264896
-1.7084564200388161,-0.011723599064129162,-0.0018951309298365082,-0.002350409180095704,1.0084287228560085,-0.7327193697315669,0.024484760710407193,0.02642681566601106,-0.008368779094124035
1.5945264295512325,0.004724080180011676,0.0029408455431728653,0.0003607187088143966,-0.5452926774489506,-1.4904113689229546,-0.006331490395623264,-0.026684543925629516,0.007069875728589331
3.4270421230910717,0.43823862955313253,0.6351519762635096,-0.005292746401136028,-0.009738107451043743,0.001396912340107765,0.0225058818847228,-0.019860058268032665,0.01084984688212176
0.012441488073640209,0.6997504536363346,-0.000765240926553095,0.0016064136888600774,0.009105755043737953,-0.010831001876816182,-0.003790755836332739,-0.027193734588654556,0.011161474356407242
3.5363471188309843,0.0012958867802695443,0.004444024641555855,-0.6470799596655581,0.027227930698185715,0.010380449180201739,0.0017677822802056996,-0.033356202871989496,-0.00628267400353455
2.663488251006548,-0.00045548212859283115,0.014475839092950582,-0.02812704153484599,0.0038764768268815235,-0.003558206681239143,-0.0017267038244429258,-0.09387981255905871,-0.023402397887759774
-3.5925522419924825,-0.3962963014903149,-0.32793550337090593,0.004035340053754402,0.0015231578835936295,-0.006291475374091348,0.0005424624823489599,0.06514701073816298,-0.00425339547665049
0.027173953392799446,0.7840379759583351,0.3430871351765692,-0.021752042167270835,-0.0020364922805601393,0.06142054202661567,-0.004753014161240254,-0.02796829149251856,-0.0005691902146239824
8.473849537842456,-0.024885661944681087,-0.6003935717485707,0.001231830432747938,-0.002157545572746989,-0.018262427154879336,-0.011849053363785389,0.03462195005649249,-0.0142779790846419
0.004601319836748153,0.2185148864286547,0.00038495137959592904,2.474121267229598,-0.6329521527564581,0.0035679365611960287,0.017519204934982525,-0.005056755807690217,0.4030418398191653
-4.740279500558205,-0.0006862237028391078,0.19971991572480974,-0.011125699389302718,0.013224580677071392,-0.022348945418285616,-0.1131509164028317,0.00032273122427546597,-0.008494514826750454
0.0035037049874024583,0.005580102163583499,0.15384684752377834,-0.004449737196720725,0.0021717559509860335,-0.0050261923578484805,-0.00717290431966787,-0.007798246490902324,0.005927883260115197
-2.125243963477265,-0.0018447337260599573,-0.018279140908093378,0.024233845634213533,-0.2743510341366253,-0.00829878558748375,0.00798813694512718,0.06957925636870092,0.006837160226314781
-0.014542285316283723,-0.0051047523166986705,-0.00152495395093977,0.0016175382458565126,-0.10261903032315145,0.0017208947016084247,-0.00313125519130025,0.018428144929974306,-0.021997558366505597
0.5590690094671826,0.0025601416370889946,1.1294964625069777,-0.008134132462477517,0.005670288071089014,-1.8671595689976073,-0.006930571304279567,-0.08115128892474277,0.0019088903514769828
1.6959776243829492,0.0037757438898530418,-0.007780425496667326,-3.890148024740525e-05,0.018047694376589714,0.15471533869114418,2.1429117169897727,-0.004225022529718672,0.005384734491333365
0.0014433706063999058,0.0010351213512951292,0.0007843127707121097,0.0014572885652339236,-0.04262780161143543,0.06853228556718143,0.00475735148777253,-0.002500171277681019,0.006281312014979348
-1.7290261975335675,-0.0004905882625556809,0.21390171227521249,-0.02833376225247008,0.004525696039029502,-0.03916993334146111,0.006288682590469628,0.005971511950649367,-0.018269191626792275
0.0025115327286985008,0.00227785855242236,-0.0015663524223605183,0.01733871387834093,1.1795869582281064,0.1547521283466276,0.004386291983275831,-0.0038668748487126576,0.025283293812002894
-0.03204513168153817,-0.012442533111091059,-0.0015467556560275443,0.0016021657907773902,-0.0004535493382513717,-0.014575362924846649,-1.8284494297762988,0.031230385426613966,-0.9954843725373338
-2.1927605942920008,-2.932878392795353,-0.0028067725275570943,0.0019721265196071614,-0.00048454125816072,0.00350951970206776,0.0034954338386373116,0.07645524198915199,-0.015065258123605041
-0.0156709529961824,-1.2068240008540263,-0.0026394681930636127,0.00627086430888581,-0.7955865946246252,0.004967072351651336,0.003403270121207785,0.23695393136708082,0.022341615081243882
0.03282743564830368,0.007407501574059287,0.4633399247285638,-0.003852052307771022,-0.003320936805903449,-0.004250962216585368,0.09355519613044927,-0.09848618925995428,0.010515561031984706
-0.002536148879383006,-0.0005978243902002925,0.008556462212816038,-0.0060584905563272244,-2.3741073082408892,-0.05488686248460204,-0.3883448418174923,0.0018764041950543806,-2.060606224167525
-0.0005992207038844136,-0.0004305045023836728,0.591702733871504,-0.04089203696124678,0.039041836491349236,-0.04293453711363658,0.00014032640943019225,-0.0007425497483053503,-0.009412395963339988
-0.002595125313100096,1.4437360442051743,-0.003243972383444732,0.01264242393767466,-0.052103868823514754,-0.07392547391157077,0.004083003725045522,0.008736646924948082,0.028206390202755283
-0.3977955621064615,-0.0032462579377375974,-0.033960243757656036,0.007524852564605049,1.8906409266779056,1.447981859841112,-0.00031263627966915744,0.0946052978458198,-0.005498604809378811
3.3462022796325703,0.04326968160351201,-0.7599665806186175,0.09518562398876129,0.948369665919647,-0.005146447087063679,-0.0010495133203605733,-0.4057616175738361,0.10007665783058628
-1.5990504831270007,-1.2825952642771066,0.003063810754400792,-0.0036660700053604478,0.0022090593102028974,-0.002057157698364793,-0.00323898552216436,0.01333830700834827,-0.025884556517123514
0.009186226974172762,0.8082041676395606,-0.00041719768720613337,0.00032431424411630337,0.009248653622215372,0.00281588697619424,0.0022555203427554113,-0.02272471023737608,0.021775459709484246
0.008732525253754689,0.006116299704108158,0.006231095681334501,-0.004991885598517681,0.014097721786397979,0.003991920078674429,0.0044058295560853965,-0.022512579517788255,0.01534173987798817
1.7991127442659685,0.3717254282765674,-0.003916752670059004,0.014167695604309206,-0.005370333708088222,-0.04895248984948527,0.005189108136341589,-0.020000234496431596,0.11358471092430888
0.14161413508795806,0.003488055085274659,0.9015417652955614,-0.08923330173187405,-0.0015237241815888665,-0.01791484292880907,0.07369590464186401,-0.029796925852414557,0.0062258425064042194
-0.0013936341809489827,-0.00037160233586479817,-0.2480924812710447,0.015640455126441192,-0.0013533911252961391,0.024466091926358187,0.0021290913975282977,0.0027568148460262315,-0.0011593453487443155
-0.03357845709182085,-1.528860189918722,-0.12211184875775638,1.954135443379288,0.0018332179706148297,-2.1815439798985126,-0.011050499770199201,0.10201701272890845,-0.04026567655177171
1.5939967990183188,0.002053340985444102,1.5055823596590372,-0.4401290868515346,-0.017587848617166654,-0.009262300483872332,0.5825708465241841,-0.009771453496200233,-0.0004478341202227565
1.1759531119791284,0.0006440322151981251,0.09150829425914853,-0.6023464724174497,-0.02088882607179548,-0.07030209866463713,0.0009696759853434159,-0.025921717340064744,-0.0025988267272162857
0.7259759744679356,2.150369090371381,-0.0010523487672341458,0.0005525166506518977,0.0016869494534351784,0.00824640271483403,0.0035408304743897376,-0.0592971359064097,0.023864937302573885
-4.327757244956896,-0.006967611876673621,-0.010219810457556322,1.3778785629070742,-0.019596749858434084,-5.8287398889855926e-05,-0.011865816567020137,0.09200710957856648,-0.017826012842433903
-0.0019478664084880432,-1.8525587295090176,-0.009301987153796348,0.0009647186343586158,0.007481477113885316,0.0006490527739701824,0.8992435566228755,0.013007753495646153,-0.002851463661027731
-0.0040614564557199945,-1.5023332342639921,-0.010349216387737864,0.24186240731377978,-0.007107011490351891,-0.005421166095248305,0.00291664587715142,0.00662768781317787,0.007429324264347503
-0.08626360874632977,-0.016880570628013014,-0.005959531291490586,0.007349977712984755,0.00044468887087109783,-1.548333616567062,-0.5767269559184085,2.3203136620452414,-0.0053333008676925975
-0.0003151931499453531,-6.529146015512785e-05,1.018057553902859,-0.005308216883182414,0.08479270142677708,0.4183843763740978,-0.014517233029360258,-0.0011334712305591382,-0.004515622024278347
0.9961609319373693,0.0053641482407633875,0.01017617059040056,-0.008992960414501865,0.003468606610035465,0.5172068038396338,0.0023351701976803444,-0.1096247351507055,0.002542871126796256
-0.0046180686545001255,-0.0034627236516699095,-0.1330518106519983,0.009181375406638837,-1.1947893617353873,0.0036432357690025317,-0.03691993400543049,0.017019002248997356,-0.008676223089985157
0.005009255872167668,2.589516900220703,0.003071169886855102,-0.0019790746654957865,0.0027298789894476885,0.0028106126697969016,-0.0011717987727623246,-0.029552483641638733,0.01356401999809198
2.2334916097871886,0.0013453395964550892,0.7078878960983488,-0.015912043579464852,0.0006432273137330028,0.592665865329163,0.003504503888872669,-0.039547493942987344,-0.003193601316715533
-0.0020522466319827584,-0.23397689829687085,0.004885755835335424,-0.02586357367747566,-0.0010381462929074728,0.015592853721334317,-0.0053896803579165965,0.003932866506254629,-3.666789447162376
-0.03200528153122719,-0.1105020424324504,-0.0026430866925132405,0.002146897023024251,-0.003927964061261342,0.02987055500976061,-0.006747594707070807,0.047431141483507654,-0.02269071185654386
-0.014219154793513024,-1.3595440491336404,-0.18190758401940443,0.022449144975584312,0.0007683245639905478,0.00237700078328517,-0.0038870742674145253,0.03338239468489465,-0.004421900227096542
0.0010096089079464452,1.803983116423653,0.002621628486747435,-0.0022416246089531954,0.9082188089214288,0.0004545202152381069,0.010019812502374985,-0.028182866163282753,0.0010406209313277293
-0.0009150749446931339,-0.00034123386465583047,-0.001555834809954655,0.0011762291933803586,0.744486698877643,-0.09568781863427007,0.003043971407849062,0.0015655654495240084,-0.0012147005194591508
2.735551486686997,0.002593364679239949,-0.0018305977758500541,0.0019757614360731077,0.006383854953347725,0.010403685818443278,-0.00414970808002285,-0.016620678190212596,0.006552937953388738
-4.71734566546899,-1.0602698696427515,-1.2870106086672664,0.005441628290832723,0.01196011633703628,-1.5920545597265099,-0.006206257862211767,0.008958813494992723,0.0015310492622522265
0.0025386777547370034,0.5900947759405164,-0.002379372475165141,0.6320932704870469,-0.0024032502699885454,0.015819279386581397,0.0052217417383124895,-0.008658471206592749,0.42935567536165475
-1.3186253074366963,-0.0024344154061664517,0.0039048500740467285,-0.007429480995476044,0.00228318270252985,-0.6920377170280094,0.5561516628148666,0.011204121443417685,-0.01020319071828088
-2.5387698526128712,-0.0017975286136616693,-0.005547307461343465,0.6688555535655012,-0.31101491953417576,0.04167274281788831,0.005284264676563455,0.032046841224140865,0.009314213892522516
-0.28399938144217607,-2.086837250325369,-0.08347209310415638,0.007636568010767848,0.006894218553428172,0.004224944965702814,0.008124211841564748,2.3816338213566652,-1.482075936642957e-05
-4.2617155972437555,-0.004705913791055009,-0.01871481394197172,2.51738956419159,-0.010207457016340654,0.008189121968006655,-0.004658558741846577,3.7239172936911915,-0.016986128420661828
-0.013600480176177305,-1.2212335548181847,0.00837272440359671,-0.006044903025346205,-0.6309620928844007,-0.02528824805421693,0.001375949667724773,0.012049763992857142,-0.6991566310931123
1.5625547032684426,0.017295171191832905,0.005698960601980788,-0.0013824411652515144,-0.0006620055008186038,0.0003164010045559524,0.0004874697230783723,-0.08973772299030845,0.019103661856942344
-2.225104945406958,-0.0008186414053335997,-0.34146753124683693,0.004606693378809909,0.012256687791533986,-0.0010853392408257346,0.0025874711844515105,0.054584370168545726,0.006451933066497495
5.055053906408284,0.004702390206779261,-0.0010030568214321745,0.009748600028751022,-0.19744382273298733,0.005873628861319156,0.001965636766516673,-0.01882236040640655,0.016051749657448378
5.162598424434087,0.09430825260295339,0.003898488958121865,-0.00044506727026957793,0.002967869405932605,0.00158556089117356,0.7608695932136363,-0.13449799825766443,0.2763601499139412
-4.526937283261514e-05,8.361939777028579e-05,0.000583113627762273,3.7743135424983884e-05,-0.04132382142116868,0.006519901893689238,0.003180479022319533,-0.00012135788698308904,-0.00035338455428486886
0.0005185600495233762,0.5989324874396005,-0.004724554185842084,0.011484695522411437,0.0022254514765041276,0.008883629142492511,0.30216500703832416,-0.0023262830956764634,1.325464257542576
0.21199487777875328,-1.6070501858813633,0.0018918092462836822,-0.010637621419641061,0.00117898369649304,-0.0013439497716985203,-0.004185386264664481,-0.02822375868730983,-0.0336407159887786
0.002320677858225765,0.002119474964012116,-0.0022856843915425836,0.25506996196096887,-0.0019171440632656583,0.0044641975016302005,0.28424419801626977,-0.003122212843551123,0.023715431319148408
-0.004159414471626917,-0.0018385456944512012,-0.006618851917195419,0.9325274103320548,-0.0043331285623701395,0.018898115910474036,-0.0038967673699656473,0.005451947459529492,-0.010475369884585792
-0.002956913401367099,-0.642186612510385,0.0034214130209979446,-0.007670189265807574,0.0010146084663295368,0.0013807869734496765,-0.0022029505434650867,0.003585866258597684,-0.09390583959122178
3.5114092856706,0.027164539084622165,-0.00012612603195466532,0.0015656180049652638,2.0455060569064774,0.007327028170503116,0.014440941394739157,-0.05367827894965789,0.03400589133312848
-0.00044740979785189963,-0.935586194450689,0.0019551346754380847,-0.004348193455770629,5.714532474499021e-05,-0.42467431674148026,-0.012332862044817663,0.002493489554893103,-0.0469167570800717
-0.0027828419168697198,-1.3110828893909932,0.001732696249827602,-0.006844277952182981,0.02356318069651357,-1.7330911738678927,-0.0019518966756719765,0.004085370000692734,-0.06314406945740036
-0.009867690281706566,-1.354291964415441,0.02459766171664024,-0.05645012204695929,0.0011627897300624697,-2.2894533998437354,0.004804771274100216,0.007317012566067992,-0.03574542289426286
-0.005267686189893955,-0.0007555771407862042,-0.36887152025238407,0.004140559626416497,0.010757670754154701,-0.007404564958187985,0.03124578009859855,0.0074410241303956084,0.0005416895545202194
0.004952367374861645,0.002583536688935237,0.000748743727408574,1.7294127646473687,0.002633972596439901,0.0002944417214606124,-0.013945659462013746,-0.006637525794211504,0.011786568703333533
0.09065472905428826,0.008193457830554477,0.004661587456764565,-0.0036507389295124737,-0.004686206932964272,-0.0001403181699285672,0.10470423630767918,-2.633166428444106,0.004353659432851403
1.0155605777346934,1.3710374839537394,0.0006284736008830283,-0.00022122023584331563,-0.018553556515136106,-1.2330716501296581,0.021597129482487647,-0.03196055235181412,0.012817310147131167
7.489150260375928e-06,1.3069623756391766,-0.0004545957451375232,0.0007678793144641209,0.008559407565810648,-0.005353923935340441,0.0037696654308395743,-0.002738833557118606,0.016689194026157428
0.00587481167168301,0.1968194690631854,0.001125645382022829,0.0011229462498917647,0.0015050930729778311,1.0620115802261123,0.0020192450204561544,-0.013044792919307154,0.28993861363825757
1.194510951627222,0.004366257608359885,0.578542375644957,-0.004511385023954678,-0.01934527038108809,-0.004609835783515813,0.04355254466085956,-0.04495763156349403,0.005969949087965221
-0.8399811189736066,-0.0021497265310281566,-0.005079962754291491,0.8136509895236229,0.005701107481652802,-0.049446638613437614,-0.004163231832626245,0.03610725784430864,0.002366265903646997
-0.0010527718864408674,-1.09807089961638,-0.001923617114280407,-0.0009862658367876644,0.015378925644749434,-1.6034804936520541,-0.0013478473451161658,0.005123981519508783,-0.0238952680739013
-0.008743955738900635,-1.2574972802467732,-0.003418322391154194,0.003976641501746416,0.004044311973853021,0.0032496648340391322,-3.021394600204218,0.018643994357120323,0.002935310226294896
-1.626716350812963,-0.011550636309676381,-0.001621237187442351,0.0007492479601797533,-0.002650920939660007,0.002155235828334891,0.000789482749682901,0.11841771750883459,-0.002844309517790994
0.9554200083681713,0.005004157147626489,0.002574762624422706,-0.0008578864981217105,0.0029462988045849126,0.00041230217282911736,-0.0202267111744487,-0.05489592695678291,0.003779446083508234
0.08226298187585601,0.02403061184020047,0.00881033469024905,-0.001362531308933144,-0.002140522457822529,-0.0004398937536408724,-0.01050821206102089,-0.19629060719709462,0.017619026543840483
-0.00773309435305982,-1.50508624516607,0.1457387101981389,-0.15626297684774149,2.465839573428772,-0.0034946142071753962,-0.016662122096756694,0.004397447407974431,-0.6111591407964792
-1.3644324440397286,-0.0005292166055075075,0.0002402878041141733,0.0007948881959078096,0.006472630704908828,-0.0023618304884298726,-0.0055101912478673154,0.010732365988374742,-0.005062529969352747
-3.178320835816338,-0.003213677654847167,0.0030989390524110844,-2.1999139952276687,1.8650110327280653,0.004793561598152723,3.1924132772168026,0.002473312557238222,-0.019233693060932366
-1.1163155292788964,-0.025749028221812242,0.002430371570610927,-0.011582759242565008,0.30136437759738244,0.011751109892772373,-0.011935148504743337,0.021553625757513767,-2.7128034610242633
-4.879438339988877,-1.2701022943039169,-0.0027901577265606603,-0.0057613104122221275,0.092871758107549,0.3600352826874102,0.3896176468952938,0.05309753533977901,-0.0024407086377313814
1.4495602457775971,0.04670822296636021,0.017919403923102095,-0.017421104471877013,0.01817453937377297,-0.003001753031052887,0.001557240603505131,-0.7177018462561557,0.007493241271098572
-0.0006563829905954187,-2.221335212555884e-05,-0.45346401740605563,0.00868114933093185,-0.0021613091357007897,0.02655361030780616,0.13049013039481971,0.0013540066069106238,0.003399822498347884
0.010559539956771141,0.006069642040997048,0.35155600150814204,-0.003347992013975745,-0.00013462380471892903,0.009284652664548407,0.007740432034462508,-2.706937013161247,0.016218519078442628
-1.432433033046344,-0.013382660071829477,-0.7434911328982912,0.3804688636318847,-0.004310775607860244,-0.0029073525751422266,-0.006964564346963402,0.1669349417388808,0.00010670568447362916
-0.00945595676836092,-0.12119080853628873,-0.11965165518059462,0.0011992304536468162,0.004652964285612767,0.001696051509044058,-0.0020633287980644137,0.05270221672675159,-0.05587544278299571
-0.005698512379368236,-0.8196409935033904,0.0016713797315794574,-1.3418241661813308,-0.0230494672019915,0.002042526198972585,0.0934385365962482,0.01935838820439196,-0.034618103585096094
-1.9960911008482929,-1.0425582971160492,-0.0030586732950530354,-0.0010118908425128716,0.31576488144092707,-0.05436985241407587,0.005084460032616169,0.05326776082357355,-0.011727951467152775
0.021602599708431057,0.4937926168004287,0.02259491173573283,-0.0495641122781485,1.301749703741279,0.022022302916848983,-0.0038937901879526633,-0.0787000731853576,0.0001617341800153882
-6.342899823851155,-0.48411465924942565,-0.0037962816568812285,0.002966811991263177,-0.00909892945336413,0.0021732062509618923,-0.0007454484283158959,0.07683090681053224,-0.005543625708740452
-2.8182764355423,-0.08290657942910531,-0.5343824595655198,0.00864572594782545,-0.015917532670733092,-0.39472541262989413,0.002055848180865051,0.18803515626475953,-0.007472143704012502
-1.4666670159117565,-0.014870339843549924,-0.2685385742501143,0.0017355701159459808,0.01425408922688938,0.14945303204673482,0.0036815841490042567,0.04140600063352415,-0.007352084039369627
-1.0607931156416166,-0.032793937517554037,-0.00030163712032817147,-0.009747375678673504,0.019284222683314298,-0.0009983292108972147,0.013699228958668026,3.1563119263043946,-0.023636118859217903
-1.5510139410926294,-0.012517842750484131,-0.0019322572478640138,0.0008887536214151433,0.0007176072072705118,0.0002624072664271329,-0.0006371835332803881,1.7747536729537907,-0.0012976007557510827
-0.00239888609628813,-0.0074301871335521975,0.0005637189392620779,-0.02651565423348627,0.01210573751202212,-0.003025089914452954,-0.008555759952142387,0.004091207233913475,-0.62773901754796
0.003664394718286125,0.7150823317677647,-0.010944011441285324,1.4994624297584296,0.029597218712022557,0.8081794314930892,0.007366155320429429,-0.008208812432800344,0.08357121048662997
-0.0023040100848493116,-0.8044614159563623,0.003868330687332555,-0.01218989992427965,0.0047106924416618935,0.0017914517685135422,-0.0017315003155490122,0.0018402487784947323,-0.8927419426376719
0.004487008975484511,0.0012071383659709453,0.0009998026252504854,-4.59602323530198e-05,-0.020843426141340965,0.010569598429004179,-0.0012397469140287478,-0.00516702526666212,0.005673144202595626
-0.00341185527409458,-0.7242380578841159,-0.0008300877362536208,-0.0032863949170553195,0.0014674225316355823,-0.030944447453004887,0.0011828087880747257,3.5534749477413747,-0.024886170920501938
-3.6177763170712023,-0.014376971356616211,-0.01739934269345561,0.005746230718512878,-0.0045188162668757005,-0.6806986465247881,0.8513069661082966,0.1111356092258548,0.0061565915806094385
0.035336812012262964,0.009226787572316653,0.021889959045181012,-1.2791904732909032,0.8424898935519334,-0.005653557141712108,0.005682188958007433,-0.47971070629233903,0.019233110864704542
-1.1951681108103864,-0.005478443293866778,-0.548802469420826,0.8443016640720398,-0.008971024190334707,0.008058643612951569,0.00044957557421998126,0.1174611003797561,-0.007831233037553287
4.523494600749755,-0.002164546319760867,0.44636423668481484,-0.7288328129125681,-0.0013458172542081814,-0.002717103921788256,-0.0017809181719008194,-0.03548672994485824,-0.03552610266855871
0.002699252662093285,0.002634826222598695,-0.0003420246046190393,0.17899051534541377,0.0013951679819627183,1.867675480329885,0.0005836329466972728,-0.004844753178263002,0.0211942532372897
-0.0003859886090705855,1.3539941336432189,0.011521217977078058,-0.00163428081735131,0.0004156288159503727,0.578985465683606,-1.6150120213201127,-0.009901910647299311,-0.0003346170556727257
1.712225710865055,0.00790260681484327,-0.000488957918978225,0.00307407601311027,-0.4928313324764759,0.020651950733677173,0.014057938425957551,-0.02198400072244657,0.02337766211713893
0.005983501816596873,0.8839848786619324,0.0006713336223811914,0.00023835442355922445,0.0021627963790112085,0.00032201580754224725,0.0010859083349556917,-0.014978981312598446,0.04368827066717329
0.002056928428034401,0.0011094897762052003,0.0006245152149198659,0.002186321624610038,-0.007173376643032254,-0.014198256155873477,0.0008166932983929857,-0.0033850016149026573,0.008480772749560439
-0.004902869301632568,-0.052861294331297215,-0.018890109850685607,0.000867195060953299,0.0011262068721199585,-0.0046791805883749675,-0.0015152648120704574,0.021736893168793466,-0.022716002727603435
0.00023199145936022515,0.0004614920262407768,-4.7113245490600254e-05,0.002711199120408086,0.0022662951679130955,-0.004761202279737939,0.005449496214657002,-0.0011558394264432606,0.0038502697182063836
0.01346783511703209,0.9430746288884917,-0.00022288287622945768,-0.0028705741751511495,0.007491163211990453,-0.31535875268800423,0.5283641639871877,-0.014947404292069472,0.002365936085792275
0.007667876836589009,0.0689759379070917,0.03724253493005596,-0.002740201516616289,-0.0036314535296378607,-0.03258121834228038,0.004739167605029485,-0.023616387282810496,0.02567137359603888
-0.8054073662946726,-0.0013473364828458076,-0.0035521261708950716,0.005045798908853762,-0.0002903744624532796,-0.00023199974202269187,0.003006186963702088,0.03203490759943995,0.0015049747417699294
-0.003596304223473265,-0.009707926276948504,0.0001729447086620719,-0.1766697389075434,0.6278986258532642,-0.0020633926991157543,-0.7824037850397939,0.007612854114511163,-0.5917704688562083
0.0780398672334468,0.001360240411416292,0.6318901517142568,-0.06280431908339024,0.007426121367362969,-0.005478532577624537,-3.447076423805955,-0.14774381158528727,0.0014260089793546801
-0.4523848378543376,-0.0089609335797731,-0.0028606680019914055,0.0024186287384943567,-0.001738880331589072,0.009513191237461856,-0.001054472424867242,0.03770717252896342,-0.012968261263110473
0.0651882895439137,0.005688368580252037,0.07127195495609673,-3.5628384416771715,-0.0017674969962711007,0.0032614340608967296,-0.002613622016867566,-6.271729256656393,0.015597159521066661
0.00394129709386741,0.49514153533601213,0.15808815996762127,-0.00770732866358147,0.011955632207991234,-0.001701403739953806,0.003978765442601385,-0.023888316240088144,0.014308127241348195
-0.005671267427844308,-0.011088493220261997,-0.0007589636705883026,-0.12645644352054797,0.01018266736370553,-0.0673978047624682,0.003685753061316391,0.011211729482980434,-0.046461905196809754
0.00220478547227905,2.165727076288145,-0.03428095689912403,0.6370397338519891,0.0025709997302683744,0.0032528732031598413,0.00270703837344876,-0.0011860843924921156,0.6995371071115954
0.0146571151265437,0.5299925853136701,0.0006412997432907359,0.0007710165314029392,-0.001371257288312879,0.13120067938892913,-0.014801696024021392,-0.014669507738851157,0.013341738706839579
-4.336918377371987,0.009957638449662042,-0.34993059244808666,0.05328730524050407,0.4281815373247675,1.9458118384012855,-0.0013660744321012108,0.0016012929639861728,0.01012034462120559
0.039873048546549904,1.0632746215049127,-0.0003179186497749842,0.0015543271383952704,-0.0018552076615493823,-0.7521201467499242,0.007997772025082462,-0.048024496242565703,0.262326385270665
-0.022861097381966795,-1.2671002493287413,-0.014230655412891952,0.006451527557778936,-0.0006708840154281935,0.008134019034871145,0.010412548763885305,0.31378973922117076,0.007370748479708422
-1.0943738181552758,-0.016616638571056615,-0.0006961067373003026,-0.0012227651622231342,0.005648121198857139,0.008288698662592919,-0.003330430106548071,0.02887392957141898,-0.019524906550193316
-0.001056020785644287,0.0006087293294084369,0.730687369965598,-0.007498896384837542,0.056843094460416105,0.00046628138660001614,-0.0016679607735612559,0.0004933868851520543,-0.0031353131193191906
-1.2080053231488899,-0.004420702292055208,-0.0092618426472975,0.0063395434081834155,-0.0007107783893602181,-0.0011999159632065774,0.38164498232124555,0.047882706965308885,0.005105200432592563
0.8683713057752498,0.004704533653852299,0.42689257841155603,-0.6498000843609835,-0.010690747926677454,-0.0013850623612891816,0.012418328880539037,-0.04307255323631565,0.0028266033713023886
-1.4277642404731712,-0.5665116548733148,-0.004830938753480896,-0.0006314615210492739,0.025449519522898013,0.6226447785259268,0.006545679163303442,3.9829970629853286,-0.009637081732195574
-0.004610200429167205,1.2602342284331194,-0.019903910075137338,0.008918981549498717,0.0017039624240398291,0.00143483991437137,0.0035520178815258985,0.01802231701951431,0.004531880049011561
3.5809868128617346,-0.0006184213327600063,0.5759731129607992,-0.01782812014925461,-0.0056825586005743445,0.0072544686291367046,0.002122280667547105,-0.014286317393937986,-0.010027648703202163
0.004249836754125288,0.005848190733810696,0.0030030711585705937,1.5251353000371768,1.4107518888421828,0.003082055659336157,0.0028358189994180513,-0.007872701989883074,0.03961368994939419
0.0036422429080530602,-1.2040562088677578,0.003521652562538849,-0.804938788938838,0.004728771768681688,0.11449311369074469,-1.9180295095579747,-0.009621709738086771,-0.07094827264763559
0.006121015624589901,0.0006697579749140974,0.8071950664330658,-0.008488667539303565,0.00022059732235207461,-0.004917010171028292,-0.774828436208908,-0.008760914953257398,-0.005028243242178439
0.005641900833942759,0.0003416147214470901,0.03887685906524174,-0.40872426769582526,-0.006101580945127439,-0.0023088437733319546,-1.3657421554384763,-0.00856737519280054,-0.0008039312364155476
-0.01882736117358668,-0.005830576530832495,-0.008261408759145791,0.007164197392579509,-0.0014084745664700237,0.21519637643892195,-0.0007208061816907761,0.021041732853405548,-0.011754254287173898
0.9937045587270504,0.005607709693603558,0.002272839328123836,-0.0036327170386510847,3.3324752913819227,-0.0007784695425317005,0.006805633253665258,-0.034100190338684264,0.011214307618672287
-0.0015281458024991985,-0.7946367191333972,-0.00022463191092424173,-0.002822628142870512,0.009507943438991197,-0.0005693577376141114,-0.0011481602701328177,0.0039031414237877694,-0.03971682269278787
-0.0729983371384208,-0.013849919487722892,-0.03291491578673558,1.4312231991549427,-0.0038561335484874407,0.0003337891684707967,0.0035432446941827712,0.0628784544826539,-0.01668786059494844
-0.03176638851629509,-0.007101583404576457,-0.0017730549190852901,0.0014820586489465498,-1.5102458769968292,-0.04175348904608591,0.004449740282334712,4.5952869917535235,-0.009720919062208788
-0.05909589854814276,-0.00860547707116948,-0.006423627713020896,0.010112079658539476,-0.0028860006589829386,-2.0944748728686307,-0.010224046825747428,0.05342585006317444,-0.019399787668256712
-0.007505233078737124,-0.6745043919115967,-0.015059597400208152,0.00047032863072390355,0.0037488356702353514,0.0005345243917169897,0.02700440589651758,0.05429013839099342,-0.021296460112765925
0.03777662743982804,0.1292378869860113,0.008887563186277966,-0.0012277991864943,-0.0012531487142210564,-0.002741268187521445,-0.006581008588709414,-1.7189056523005974,0.013213043507916106
-0.001260923898757243,-0.000906095340931075,-0.000401117961065203,-0.0026761640568010708,-0.0017949423521394234,0.1335187365812496,0.015054096474963448,0.002239376260633767,-0.005492226105789764
-0.0008477069336995552,-0.001770190586928709,0.0005491915856831436,-0.19554708383397335,0.013434328893648166,-0.04153445948879433,-0.07974305833060115,0.0018141950357966883,-0.015674232575831802
0.3039508677643934,0.001923941268396376,0.0013087314350932458,-0.0007397672764484211,-0.6936037079982271,-3.69814879920967,-2.241930991463981,-0.020272484966853375,0.013509253216062927
-0.004828853847014217,-0.004985864958211156,-0.0003284827273984264,0.000302028574533441,0.003939624218751764,0.0035658889397520966,-0.009841163474986016,0.0067229280931805635,-6.087175368291807
5.388834152752259,0.005519756935340629,-0.34343125716772605,0.03750195925121552,-0.01256525015725355,0.009221634959906898,0.02661226723741897,-0.002846000933436982,0.031005668344208814
-0.008459143004682933,1.6971435811773392,-0.00012856635853239484,0.0017454587229441805,-0.0013606503180567803,0.0059672055024801735,-4.350356942693992e-05,0.012388882114345284,0.003991854622703128
0.26514387436655795,1.562119259476852,0.8817565794763649,-0.00827720731645265,-1.2090148111216759,0.3919978048124998,0.008922521336121397,-0.12038831784322523,-0.0024963658877599215
-0.052825409146121854,-0.037058128072283106,-0.003041080037091713,0.0004748896702428248,-0.005362485671020956,-0.0027623266563181325,1.5097266688317907,1.4940279230432794,-0.015294054494664255
-0.006244094098408221,-0.004348593604349197,0.014724955354683576,-0.49096838432561735,-0.012707235160856322,0.0028331467308305835,-0.019269956899822808,0.006758762373381327,-1.7458311040724575
-2.6497893602066114,-0.0006204439980662395,-0.004467838674482111,1.2117010967452835,-0.46463939270364696,0.0027319394014243127,0.0015570109621328553,0.062127725029098295,0.0016884196507630511
0.002151712913336254,0.12570030744754124,0.0008076841785099945,0.004119541924615069,1.293340829094756,-1.2320274818145487,0.0022394814253003043,-0.009302176066970182,1.5961789394241617
-0.009645874554549183,-0.4063756617176346,0.00024116073245696035,-0.011344365866828326,0.005199535631529358,1.3046539926768852,0.05052044813479967,0.01642014812307291,-2.9790296611933176
7.147955341006414e-05,1.8275037470268631,0.0004722991089819023,0.0006267794431822054,0.7101937595219966,0.018448835207753256,-0.6345221136974293,-0.003260204537590945,0.010650452518465747
1.3207199547594701,1.5021473124307272,0.9751322820208124,-0.016281033616874496,-0.00035792161530324995,-0.0009170529432396997,0.31131743682579494,-0.06307411235486948,0.009487318750803553
-0.012804279522038775,-0.7487277051276924,-0.003193526159248533,0.004920357796412875,-0.24213718387244265,0.02509565603292389,0.015512518489502004,6.741216490307803,0.007504818874592978
0.02169918439116883,1.2667047165580732,0.07077742464790826,-1.198400048936302,-0.0010240982191756336,-0.01214352606284507,0.0033861751795663773,-0.3552885233628035,-0.0016547200677506924
0.010132958391037972,0.011254664354028183,0.02256329616161909,-0.0076553708727432924,0.0008716447463075917,0.002090056947249675,0.0032746160380930193,-2.522991459790675,0.00031263017497989987
-0.030091138606477066,-0.005885453129369968,-0.016561060855207477,0.00245153486114842,0.0142504565881246,-0.9236019695423228,-0.0021606160831621527,0.6486535112067268,-0.011163291453540003
-0.0010143291453009523,-0.0007705413394483234,0.001759399329924128,-0.2671981251423592,1.1672837521293014,-0.006154030580607537,-0.0005302794952794562,0.001210232356427887,-0.00776754494188097
-0.0005794329051877706,1.1806522898694358,0.0559748298530931,-0.003347916103703585,0.029956889815373748,-0.0048168639132406075,-2.012675494750779,-0.012555202085174702,0.01476563582500623
5.672905673673548,3.3572499110150495,0.008382619582599893,-0.006907754404242383,-0.0048410357006679755,0.1118149263991093,-0.004161520002978383,-0.03178843606176317,-0.008451078037424953
-4.219656774164596,-0.001963913831213306,-0.7725241716513018,0.006611750147228923,0.9205270980655258,0.0038162185288870415,-0.015210919931867989,0.019261299309820568,0.0011845511588327584
-0.032277110642685944,-1.9628201242107364,-0.0033961378855653646,0.003163266330093828,-0.0004299397748181062,-0.5054831292638127,0.002900236163583654,0.7183980314188431,-0.001085559703896788
0.0008124693132414622,-0.0002588621147425804,0.0028138529452363253,-0.40642778074580777,-0.004221224522200183,0.0055712027617861835,-0.014869319605399823,-0.000643486573297611,-0.004018369546077608
-2.0488226802175853,-0.004054791527676174,0.004798289097802708,-0.004935984352204355,0.006965531467957033,-0.00020136656992777007,-0.04834604825613641,0.010993484912793377,-0.01932806427616396
0.014126317192683677,0.7136458120798487,0.006988014930672748,-0.0030275225869437496,0.002576802182258328,-0.006808011768918656,-0.008744507594546865,-1.551104773650808,0.0017673832476732265
2.5965090298266604,2.1644841638506493,-0.019950413373299725,0.025340828561173236,0.0026409815669300035,-0.0062127669405069065,0.0011938582859244082,-0.011199155625613431,0.1178046443212164
0.8295690301939629,0.003970659228967766,0.008773642374169055,-0.0469274860212804,1.2951217971738413,0.003281234870104879,0.011036690985812286,-0.13957137307484252,0.0006975742150761854
-1.4138092938423963,-0.002063245842335108,-0.0014520944386976,0.0048640670309744085,-0.003085653015855055,0.0007471436465188918,-0.618468941885323,0.01879165930575659,-0.003637960696254716
-4.243774464329167,-0.0072118498670397345,0.0013216988703327465,-0.0016634051019838742,-0.0015452868179926735,-0.0029850169974979177,-0.2403624944826554,0.023418786646838725,-0.02102158422615119
0.31013271126042163,2.71752224458415,0.0025683990608397766,-0.002869240155735255,0.0015728431237957904,0.0014518973905046867,-2.503084687654074,-0.1008598157956224,0.0004536849483323113
-0.3834323706001519,-0.36793855402535175,-0.0003822894079867564,-0.0006820390490856709,0.39475689495572874,-0.003721332159653724,-0.016176035867988568,0.022709351931549288,-0.03401003542948183
0.001424451632314003,0.001233997790152878,-0.0005640142174655012,0.3288233492655813,-0.014775979779519461,-0.0011340645885123933,0.003456759890884813,-0.002515494170219027,0.010062955290704978
-2.6432624892308914,-0.0054111821974406156,3.259008210680647e-05,-0.00047904183845908855,-0.5992946945212403,-0.0013203329489427376,0.0423180610071493,0.029167152541015123,0.0023146871780952427
-0.0077776828712366325,-2.155234609187543,-0.00014752603635426187,-0.0015639467102094497,0.000182111823319734,-0.07530905611365635,1.7422253742499276,0.017474144128203323,-0.018718344016585675
0.0741095798810537,0.0027772157456068466,0.003050024954456401,-0.0014316697293235217,0.005278040001941877,0.002989965017744694,-0.007257090503196441,-2.956564575023518,0.005509013651849859
0.1928624847172373,2.8180111145846563,0.014123889495661401,-0.008200385917216122,-0.5131641545488719,-2.3371570548773355,0.0036612270601035085,-0.3819515500410462,-0.007322159435065423
2.9176855315919794,-0.004225915411236694,0.006544678860027381,-0.00868572170655333,0.0030421283070667,-0.0009537167793497283,-0.03601272791752137,-0.4725151766913753,-1.4268065600897444
0.004564780318928556,0.3625087803316659,0.004877941748681756,0.0001689411146977631,-0.35792536313310835,-0.0022856581375021424,0.008434471446868137,-0.01855507538069676,0.023738586015212865
-2.9370516498725467,-0.004711580576971223,0.003735164827971857,-0.007482456398229626,0.00214076221604796,0.0059889980907118865,0.6046840171310477,0.0022575784996791658,-0.01928830105161511
0.3577033937455787,0.012083711156916746,0.012648393195239319,-0.018864256752680844,1.9873473439051796,-0.0034680831888472263,0.9183215021598108,-0.7743549631243765,0.010097152834662837
-0.06793283024630004,-0.10407586585723896,0.00012127583903097719,-0.014038855528566126,-0.0004739484141691895,0.9733640979094358,1.2556916859075313,0.08353871398526178,-0.660623373831541
-0.6890928048387039,0.0009201505621835744,0.0019062929182009046,0.0008230352228209841,3.413637202663144e-05,0.0051546189517398325,1.6916595855568055,0.011544816271003318,-0.0013714271974603898
-2.835533379314427,-0.015639299179311852,0.002585749728833936,-0.005393482229270049,0.0032720532829299594,0.009490593406267494,-0.20297370572302115,0.0160218942133436,-0.13633222544158485
0.05331180848653975,0.002431523637410559,0.0064322003362628465,-0.0046404723892260425,-0.0034342041664968495,-0.014894342220385645,0.006226834147336453,-0.43519297765218024,0.0036852948829761457
2.9174766312634715,1.1063180507076291,0.0054532719557068565,-0.013585900723836478,0.027052588619992782,-1.5798073384832996,0.0131281305261799,-0.055947084695487925,0.0027833309602653955
4.483636796401623,0.00368589362877101,-0.0016589053096252304,0.005335300105644765,1.7915647759041464,-0.04313343295555512,0.01047048149262759,-0.06489744482689269,0.2339128473424701
-0.00454141985441604,2.4906089835638987,-0.009220022469371869,1.2371212322461584,0.002715197119868059,0.0002993994568401316,-0.0021214499723760105,0.016499467934715767,0.016071703879719124
-3.7090831794448085,-0.03469853240147114,6.756424748557976e-05,-0.0004109631998087185,-0.01891301861498114,-0.0014313518290037194,-0.3719754823253862,0.04294826040451578,-0.06269354918516834
-0.011959540141477593,-0.07119637211610652,-0.0018041864834458243,0.00435438314698351,-0.0281123264103329,-0.00295470477908479,-0.02415595599928409,3.1535199925275856,-0.00863677400396956
-0.003488417018679055,-1.0747557262047875,0.0004308192567568092,-0.002057582264282755,0.0012776422639104463,-1.0045607282109816,-0.0011135536170749864,0.005744798511670595,-0.20706433874671148
-0.008808329760244218,-0.7813106953882774,-0.1643590278408068,0.0033156839328820943,0.6993562086739522,-0.029523296929790117,0.006135378032562398,0.029747782554503402,-0.00478023184637183
-0.0004067687669051316,-0.00035929706558057066,0.008291101995904637,-0.6148061364946067,-0.006060865517337271,0.0006630638354405724,-0.007671864095058852,0.0003447736894895162,-0.004441176997115312
-0.19521022255018697,-1.1727170660203905,0.002060683127269411,-0.0074050069219069176,0.020964715758029488,-0.04601721074277984,-0.00676125441792986,0.18153246379767235,-0.998007131143325
0.006677043769205592,-1.1099040187824851,-0.010271182808623353,0.0003417303028737124,-0.1657582486561753,0.7155173865869059,0.36585824972937603,0.0030201689173439353,-0.004007672285893549
7.458543764295875,0.8348455018604528,0.4272442543828845,-0.0171525990569521,0.005015098926038547,0.1617728371461702,0.0009443644932042305,-0.05968720724390675,-0.006384723339001086
-0.0008677459991655156,-0.00042156912674114785,-0.00368688006317611,0.005347811148361512,0.007177336154592262,0.0033901168689445807,-0.000257411205900567,0.0018792170715792064,0.0006360280218172891
-2.2100876125585147,-0.39020169565842383,0.003434659468573645,-0.003900268708449728,0.0004365549272872544,0.009744188470850837,-2.8053889614464484,0.010803828704876485,-0.02380460982328214
0.002455854318868774,1.8872041543126987,-0.0017317504722298982,0.030841533359395754,-1.0717041050978513,0.0003752314999960001,-0.3202025543065936,-0.0070544280099975425,0.19035353244500275
-0.004672733224643568,-0.12571214160553357,-0.0007883472320902411,-1.1263142434763516,0.008130977768633599,-0.00011170050724463069,-0.009299432836059867,0.013118883834710889,-1.0941911973743228
0.005712924831361627,0.001965973669974492,0.1211839881609136,-0.05297331784460455,0.040415083915919546,-0.0030550212537122207,-1.8381784350314534,-0.01493875712156773,0.0004088772621359269
-0.004179470372068822,-0.3146734803907413,-0.0007858827065648291,-0.0029568930199171065,0.007255177678276463,0.010433930668747404,-0.003112731057530445,0.009578189140842693,-0.05190159288564991
0.0014701816668566264,0.004620140038730403,0.0009273197028118695,-0.0005249202621575391,0.005406031160489942,0.10756143538076383,0.0050272633453828704,-0.003991976624552085,3.4910402604049535
-7.299428074162657,-0.02571633191225753,-0.24674799790705126,0.0035197987236870176,-0.0005835356000958788,-0.001027806044371339,0.003404521209600775,2.210530352559349,-0.0010843687713772976
-0.09486147850092652,-0.015424785152374346,-0.43618434536420153,0.008463241919548732,-0.005011005763364407,-0.1552450335300674,-0.0003645004438231161,0.060213755081770515,-0.013479439992988278
-3.6316970858632915,-0.00437940084604635,-0.0023506488948834003,-0.00029455776559467184,0.37870387458601373,0.0032323472457074383,-0.00343698556418889,4.499243878488774,-0.007938678828838919
-1.9651174408074017,-0.01620953543496719,0.0020867888400551704,-0.004235833488865326,1.220911893209839,-0.007628833625413083,0.00013572922798331562,0.0067950256532162915,-0.021197748263913407
0.0032525948963287483,0.00959470040902105,-0.00020792723597768726,0.021814521567790693,-1.278625299295324,0.0004919976851098689,-0.00026613452786832794,-0.006548533896874716,1.1796092567087535
-0.13995095119477974,-1.081548436449695,-0.005323594967648643,0.011229296052069496,-0.0035499943171272454,0.0018600157952992353,0.0019781942295012955,3.170878772176062,0.013818120573504178
0.09393004991209176,0.22934748545289532,0.0010331373620648156,-0.0018551960958683646,0.6015740864752167,-0.3615851570055862,0.00020755014874360503,-0.03240232819513815,0.017116313657152465
0.42391237038811286,0.0021228200490464493,0.0032965763403527276,-0.0042521779554632304,-0.001922202735029749,0.015866672549300576,0.0006764139859581073,-0.029330924662778295,0.004946070454081398
2.994529056145778,-0.003988271277625132,-0.5121336801723402,0.002449635870608334,-0.0009486082168032456,-4.780247133267211e-06,-0.0018296261575031433,0.0033047247117143075,0.0023589251084514262
-0.02683186508582608,-0.003742633676126593,-0.0983938440276726,0.006794368411344424,-0.0016919437428255931,-0.043811770448177724,0.006087081469751691,1.2093829744914275,-0.00038760381650980447
0.009220479673607479,2.2130036068411227,0.9129515278215168,-0.0030585419035266126,-0.00278237741968667,-0.020862544287291077,0.0025160875245512637,-0.06666200249352716,0.009113706962134316
0.008687325644464306,0.46511506475007625,-0.0016873976157812734,2.504160803212038,0.007918438289371107,0.006065152364102821,-2.442837023082931,-0.01980596551207247,0.01777849372422255
-0.01443824638878357,-0.09052844839269625,-0.3797313323590964,0.002027471119437029,-0.001377978029881985,0.003377178922465891,-0.004446345946501795,0.1114828384034603,-0.02129863346083552
-5.448824276463028,-0.005293877241510916,0.0023126698985356797,-1.4491824367896329,0.003468756725161481,-0.02744843485114601,0.0011619656307059398,0.009859056498080849,-0.02564093801860512
0.017676659186519176,2.837936364509457,0.0023983845205479692,-0.003131091517547428,0.004672717925906612,-0.0011420589755828168,-0.02174657950167845,-0.9714236029794657,-0.029120658137249622
0.015492902832613138,0.014497266264004282,0.0019903381455396163,-0.0018159388588221091,0.010156786563235654,-0.0008972291400020495,-0.00197457195941771,-4.514429058361586,0.005578033836775964
0.009107153686806334,0.009872888686047278,0.0017212536143648197,-0.001358947559956202,0.00967685028980636,-1.2056213878459365,-1.407243897867021e-05,-0.01848975002844032,2.345384314026775
-0.0039038686737257167,-2.0663856412829786,-0.01538521134172166,0.002858250062065763,0.00022901427728844528,-0.26324874841397894,0.0069130612242921,2.1405559398647873,-0.009736006882732129
-0.6194144021966798,-0.005874722174992597,0.001243325658011149,-0.0033816729348601906,0.003403182172466694,-0.0017994118371736198,-0.0038822459573547717,0.015744933076539416,-0.05120566981576999
0.0061227955384152285,0.012774808969521372,0.06964105178582537,-0.005241665558956769,1.6728555307673076,0.03782157438149328,0.004456279957439633,-0.02261610726567099,0.016262414831573604
-0.0005514457080793601,-0.00049562797226728,0.003034807158013023,-0.04988950256055753,0.00848526497227888,0.0004129057520414501,-0.00272252410362967,0.00024265201631141564,-0.007103554080322359
-0.03165810537902124,-0.385700055721141,-0.0008770988902563476,-0.00011607334454906242,-0.002407969404651409,0.025939264166613206,-0.001683370378949835,2.303579243345207,-0.025693282258161587
-0.01161944951321675,-0.0076174032582916745,-0.01731578795146263,2.2627658282758953,-0.02364088091969324,0.0026901533290829283,-0.00413177136921343,0.03564021957437569,-1.6531832592489826
-0.48214262371822086,-0.0031366502979031656,-0.005884476754596024,1.6671923122227523,0.006866751221450333,0.01694518224914904,-0.005063195066998176,0.028375358253530387,-0.013430581567201713
6.658924610603437,0.10399463489254554,0.08987987800422736,-0.005952631247494393,0.000819800772769462,-0.04405564970086505,0.05716939646837568,-0.11661567932050915,0.026540347672693976
-1.0783151854761008,-0.0039252959587495586,-0.0015364126257006276,-0.0002458479430431865,1.6833992045767234,0.010881588644130327,0.006303556325453386,0.021569874770683124,-0.005861875621034712
-0.6287241941924004,-1.3628839752278663,0.011195428177736055,-0.0016936235543259272,-1.672779200160698,-3.804738092407292e-05,-0.027535400020545317,0.006582188431502163,-0.056111225090406114
0.001699166392864453,0.046419392999104775,0.0018172192214588787,0.0028865235798794624,0.003094380496950927,0.013874039222955575,-4.009084361406573,-0.00742800657132215,1.593712896230035
-2.111969109080003,-0.00043544400822662565,0.04308496080843344,-0.7459193606038803,0.019659431115611817,0.00289467400374699,0.005687364779584677,-0.0010593317936671617,-0.009823477757323285
0.003947198274375197,0.0051441466588090495,-0.0016075753963562082,1.3119547660567805,0.005890173097071554,9.540303688379136e-05,0.004454105052641626,-0.0056706455651039656,1.0843603250902618
4.003486399924986,0.0020909607176415462,0.7648816328244834,-0.021618866951678695,0.006178428542771196,0.6700548886933734,-0.48235648252227836,-0.011619726745752346,-0.009582912277531053
1.1467168014959102,0.5282789231086424,-0.0012906671857960059,0.01249787272760027,-0.3581018999285389,0.002486472105825144,0.0044978576869561665,-0.060295310293603493,0.12741679104393722
-0.0034950595637843703,0.7715931628515494,-0.0027740194627194903,0.007073895910629818,0.03253851736247414,0.0007119903639830703,-0.000945035145710076,0.005298137547207155,0.5442644775289844
2.5900289331133277,1.0440790471463333,7.180460049549531e-06,0.004205773160143311,-0.015421734752674388,0.002428655488796861,0.0008753974462107975,-0.031073348244695168,0.01950572733536804
1.6418182038471216,0.007989580721125784,-0.004945122827020164,0.00840455914543487,-0.002873264989418223,1.204684320419325,0.004652397120589552,-0.010982430590062438,0.09814413413145162
-0.0009079504494760018,-0.7255818670306056,0.0028574310256156144,-0.01694768017175513,0.013348154150787737,1.5567235968796238,-0.036868284655539235,0.004144304307502816,-5.20137795074163
-0.001572776509559097,-0.43642519856397144,0.000642359743042515,-0.002182027252310385,-0.5078379030968202,1.662185747902814,-0.008686090391961592,0.006013583393437749,-0.05312563219617078
-0.004260493323755369,-0.2916586430847654,-0.002614287455695535,-0.0002819944426580027,-0.004331845464397178,-0.005255409458988679,-1.5775153144404266e-05,0.01569723661852542,-0.03789068030352494
-0.004597003554263096,-0.4473395459520648,-0.00048246971205203465,-0.000580603613939433,-0.0031195033609661936,-0.5911371572564381,-0.032153937667028884,0.023523900987939217,-2.6800938307657365
2.4051588935261092,0.3891589805217781,0.0049792870402824985,-0.002801109497155609,0.000955228031769768,-0.0008256559111348362,-8.907755627605464e-05,-0.7286863144539839,0.0009422730653103617
-3.2790671950998287,-0.021489548458507368,0.010883515666217425,-0.030876632632769845,2.26182832303708,-0.0014771463193556638,-0.2006960770566696,0.010187876665214347,-0.17552229204082126
-4.681336824039967,5.632869894336978e-05,-0.2635953664833792,1.004971642889938,-1.7000874781087143,0.3793457222454643,0.012786256584664007,0.05835258071791616,0.00605001520797388
-0.3340589885479417,-0.0036956386128670186,-0.5840901262508517,0.0031932074986660217,-0.0001641449774902608,-0.0015532081240615119,1.467852768525742,0.06617798044000722,-0.00955909283035239
2.670901077623858,0.3178632607868776,0.01205775767642292,-0.002261772647137699,0.002802300869774517,0.0013323742925350972,-0.029763902174055588,-0.10823912076386877,0.008664473475966328
-0.017428152341186092,-0.9803451998217646,-0.04514493252690954,1.1457016230704515,0.002604323853334551,0.009112684058115345,-0.01768742872847564,0.4111220998522881,0.0022102442418547863
1.5251155330007142,-0.003226859024811581,0.5613629068517749,-0.019395443263734602,-0.014865557386206462,-0.0069397829018508495,-0.0011678138366708994,-0.02366753733997476,-0.01587972736866128
3.9878741930479173,-0.0076122110652200314,-0.0010270074662640793,-0.0038045224002120712,0.0007959705796087482,-0.4660416135279883,0.004949436265813845,0.00469714069895153,-0.009835807742831937
0.005617825024780074,0.35122708786941415,0.00020354727202975473,0.002166107122071146,0.0014022891932715894,1.1257371570305301,0.0013709630728510032,-0.012628405530507376,0.0787843657050476
-3.130544412731064,0.0014879647212020161,-0.7841025927154028,0.012632023491771782,0.0038485577257503893,0.008567773512531594,-0.00026868344771574515,0.018299638056247347,0.010414779385174322
-0.005000609818330858,-0.12595462350710662,-0.00034682285026845557,-0.0691190659741669,3.905982173730719,1.1613088626143688,0.004667069204582682,0.013614919100313067,-0.6727310132062945
0.013629208542031679,0.012820998157992035,0.012180630325835218,-0.0024517010470114756,-0.0006420381984120744,0.018731399390646344,0.002280020319637429,-0.08499047586101703,0.024975984253908203
-0.004725063266644988,-0.459986603941683,0.006988260003249036,-0.18088253566071139,-0.6397741379418059,0.09582609019678387,1.486864081587641,4.385076090716542,-0.07772852810623654
-2.648759252235313,-0.043568006837319394,0.7474350482172483,-0.378117489932148,-0.0010234459345079255,-0.05797818078343463,-0.000514617633032715,0.02817851939114406,-0.0899552817815541
4.418557812127041,0.0311993056644465,-0.3136042789583815,0.006218545591126001,0.08657546806575575,-0.7479734865308163,0.007567470379720331,-0.009232998900241485,0.04288509541293872
6.648872973883726,0.32782143404370506,0.019649478306321466,-0.019507065884960473,0.5798218921786313,0.18254029328322777,0.03368724267163621,-0.09438585335241056,0.004705124556552143
-3.7923183386210337,-2.847356194937502,-0.0017541293000062352,-0.003106070584939162,0.0029166870949028367,0.003495503752741593,0.0195472328814269,0.08980164985346992,-0.0030009317790264944
-1.8967256561797075,-0.8180534219749347,0.0014696281543152417,-0.024211841550820665,0.0030681565905088144,-0.0050173460963232825,0.016146632136064702,0.039566778401226556,-0.038474967777445634
-0.015785705347458184,-0.7661917690221792,-0.014831806561785232,0.017433507840116415,-0.08588651131602092,-0.0007547194752832726,0.017168148627969875,1.6321574618613983,0.0038548680617872533
-0.0022902889770004473,-0.0024466835539121504,-0.2728327196866429,2.4395395048698396,0.0061688700174678465,0.05454048548051982,-0.008949488129977187,0.0050619995891617725,-0.010332332596384192
2.2252779920594463,0.009180122891370102,0.45765000499188213,-0.0030730121874622263,-0.08164171960133972,0.00042931448438893616,3.0548675686108435,-0.02210722622550329,0.0077953438016659105
1.1174830376139822,0.004984673395179473,0.0031901180610935734,-0.0036493941915479917,0.001109944975674326,1.0621034348843992,0.007944772801033395,-0.3666492272088836,0.00034480011787300924
-0.017374870312666074,-1.1906439123230932,-0.0019541188993987407,-0.0009290579279913652,0.0016603076099922457,-0.5268861715012929,1.3622849260902488,0.054592027087556005,-0.0362760124245719
-0.0033046788169163997,-1.5105681618309816,-0.001275960208250923,0.00046219277638485587,-0.008741185085855974,0.0012273009178388826,0.006307050583435071,0.012635712593834848,-0.011526308560866894
0.013629550440689626,0.010688170397572395,0.023194152210543773,-0.010429147921398133,0.26468572290880826,0.008387153182033827,-0.009078790009339099,-0.039836412934954074,0.007321071285002316
0.011395936311709952,1.5853719926226608,0.0717887610853487,-0.028412643747773803,0.01142788344687273,0.007612360343349853,-2.003707290788121,-1.1247670580386657,-0.01868098219879044
2.9033555564247076,0.05252601393831635,0.0003705243181677531,0.0018220952769544925,0.0840311658808499,0.004197054332489349,-1.0984647466568311,-0.07223158609067365,0.014933327247041217
0.0010815769206153807,1.7916198956384828,0.0007235878372229693,0.0020278890218747435,-0.005620353615123187,0.0016881857341520094,0.0031909615034247246,-0.009458707762652247,0.030103310376792036
0.027272148051459923,0.0962091144431563,0.003219274401989225,-0.002284925510579107,0.47072082059650705,-0.0048312532822128735,0.004066338836609907,-0.07052477262123437,0.06861911957606019
-0.04754418265335403,-0.006136075709424907,-0.02242048711454718,0.025043853028968513,-0.01564604327210324,0.9412495532678193,0.0006864517873327945,0.991336109462771,-0.0007181794687642212
0.00209687265670172,0.0006576932603302157,0.0014024212932264928,-0.0048383082656420304,0.575505824129858,-0.0016096165620402038,-0.00487668262588701,-0.003292766680710306,-9.547828868816953e-05
0.0015089477460066385,0.0006515473760800987,0.0035757371137118874,-0.0051687527389873466,0.0023495706184713107,0.0014857924411214973,-0.022769781525478386,-0.0028034006728193442,0.0002875711976083402
-2.164597101175546,-0.0015130548201416742,-0.0004747489524473056,-0.0015417119965622005,0.033231530183471476,-0.002351083704264196,0.0008970607592901116,0.016396531077668655,-0.005406609033137333
-0.004291337478237002,-0.8447500501422066,-0.0006479740424346625,-0.003979595673417261,0.03768873600922742,0.00018515224065795505,0.012993810015893609,0.00829586642576454,-0.017636666048135352
-1.0787924106535105,-0.007558804736023485,-0.002045314967525809,0.003113154194349475,-0.007738761861985169,0.3125415002036647,-0.003928936913148019,0.06124311113194052,-0.0042319540755031
-3.1286390516160583,-1.5727707321708906,-0.00667322789461966,0.0075290162162977865,-0.004982794168345548,0.06074289589893629,-0.0027114971338017685,0.23649989062528534,0.0021723729069305087
-4.701180793262635,0.0002551272928477345,-0.0010102580412759687,0.0009339256149448738,-0.015623931767140706,0.003632797412621051,0.779757187335289,0.03600477530176414,0.0033054290818507193
-0.6315400919803097,-0.840374059528059,-0.00021088834950246105,-0.001815764845556069,0.0023519846504125317,0.018263721839953666,0.003439028292926978,0.031094195201626987,-0.03145756314981374
0.032521654445275466,0.005095934499337196,0.002782850644731452,-0.004122718034733687,0.006217020238440136,-0.028496892007958397,0.002764006888172261,-4.282346462459164,0.0051246828886327145
-0.0022786572721008,-0.9978074947674525,0.007735480529447128,-0.003871256642372702,-0.0024804289637926705,0.0010952008471193518,-0.01961711980257498,-0.0009757385934989027,-0.042271291840131675
0.003942654224374259,-3.2161355972035235,-0.4476455251404188,0.0022610890450872057,0.003568533009027274,2.88702268160605,-0.002284146878896637,0.00740503002693238,0.011774869872322569
1.950927360192625,0.009907299223020435,-0.0015658559970784802,0.006910331265116235,-0.13315696502059055,0.005668222119555819,0.01934606363769875,-0.021584088251063224,0.030403478202490897
-1.6802523550834367,-0.41775764237758506,-0.3799771572905497,7.645981951640013e-05,0.03467194398815063,-1.8702758903706163,1.068754469585109,0.07123178836001298,-0.0062632617274517854
0.00016696881983417633,-0.0001890636977054823,0.0015811976141367969,-0.00519565506832822,0.005756871880272062,-0.0013662718408460756,-0.874549859436874,-0.0004978810478622005,-0.0028818206335281715
0.0016214431666521643,-0.0003002877317145904,0.0038253710833093587,-0.23771322765042352,-0.024288574121742502,-0.008897342605656956,0.03292560395415635,-0.0020916416918005045,0.00038216898827976066
-0.16365381266189316,-1.5837245843174115,-0.7526239013593043,5.312980949223611e-05,0.6920409470091129,-0.001341166822225296,0.008964168493741306,0.3031203721798459,-0.0068184685344663265
0.010702678788889919,0.02462268188018179,0.00205926248537318,1.1710251444528468,0.003983202028554993,0.003430265098097578,-0.0010900396439252739,-0.03021502418398684,0.33734431303845486
-0.00543205250248412,-1.194616629658053,0.006956076311631865,-0.012127391686579125,0.009542406827396368,-0.005593837616565425,-0.2790493544146318,0.005850106938020367,-0.1265866729063525
-0.006631613037766189,-0.977927990479967,0.0004842615711616108,-0.00039079825524569343,0.0006011468096246992,1.4051913114943264,-0.5987413195046476,0.008146764652537202,-0.06166378182078702
-0.0017169454475178677,-0.7157831220527824,0.0016989017800592213,-0.011831163644130793,0.002742591577539446,0.5237672762511144,-0.0012450946077915384,0.0066744626130753795,-0.36865120775297555
0.0012078921891137892,0.035778119243950274,0.0013483168500570677,0.5971864510592917,0.000926889756922419,0.024979862107055995,3.1432237071406646,-0.008053781981918952,1.530506748835137
-0.01877792768884709,-0.15722840636868873,-0.008148683301415514,0.0027289133576626624,-0.01229234195727637,-0.00026681701079077943,0.002624573315588558,0.6288431647153478,-0.023149122102542635
-2.623751383102922,-0.0023835141758883627,-0.0058788586598065296,0.562237815219868,-0.002482063002183607,-0.7281609933917491,-0.015568102215018108,0.040359647234819364,0.004170886149646391
0.009701465381690855,1.08086084960516,0.008475284051956467,-0.010201182242767268,0.002211385099982373,0.011873610872230609,0.014295177894759509,-4.668362510079556,0.019851734222535056
-0.25468000646753103,-0.004925886494245933,-0.007732473181647416,0.006242754901628316,-0.005065612597038201,0.0025318550485489183,-0.0017700104000855105,1.0863965942085834,-0.004233005933715117
0.23702015658579123,0.40219519128664694,0.036896615857156784,-0.2646423231464036,0.001901548332635998,0.7593638529359126,1.2308249693760516,-0.05409303727438133,0.023066960225734623
-7.106664718087227,-2.009911107396303,0.9818680332324572,-0.019702742446495503,1.1783752425424896,-0.11879281835534869,-0.1355008655641532,-0.00302471698681539,-0.07772460518994961
1.272894835675566,0.032521753658885225,0.06355048282395054,-0.00611301882122541,-0.006528294611971782,0.1673283404339259,0.0015120269509517302,-0.03453281660278372,0.014726316367895759
-0.001826931646150845,-0.0058586804691440324,0.0011017521091620055,-0.012000934614128758,-0.004011613553177808,0.2129930248790938,-0.00286794770252852,0.0033191750886073824,-0.9107767282563872
-0.0050818112488525986,-0.00717627926902062,-0.03349963769680507,0.002571892814051631,-0.0006572195575019375,-0.01275888483660742,0.0020392064195254313,0.016342893585191948,-0.01279118834944356
0.0014623811896984102,0.0009745767070665251,0.001062264803710875,-0.0009536804537953929,-0.0006453261624179385,0.0959326569437576,4.154454781821603,-0.0023925482264886477,0.0024472421871001293
-8.074443467098552,0.010777855346206303,0.649669163984802,-0.0026121969555643054,1.3196878746407816,-1.9085407884367795,1.1598820648851618,-0.04847782288802627,0.009524169921605541
-4.4853895346863695,0.0008405626403777955,-1.6908876349756206,1.5487574346523658,-0.7631760826835681,0.005843515911158579,0.5396027249840927,0.04557033299672231,0.01617484418485482
-0.004190423549295695,-0.0032723732858206587,-0.01811904002955447,0.0031128580291397323,0.012229342649891619,-0.016645748865844485,0.0037750892334933142,0.0103210839387977,-0.004955102004715819
0.0007556207523576695,0.0003712439014881882,0.33758394063534214,-0.08857391122281064,0.011798697919772798,-0.004457120820307115,0.021159081070639355,-0.003731238984848541,-0.0022160754718926704
0.9603211663598845,0.0012983860795826151,0.002690781157318037,-0.005726816597657715,0.001073665044299575,0.009590987097982315,-0.003498227367877904,-0.023852075219718976,-0.005240136843836063
0.002497945136321903,1.3384999135252007,0.003437848350193104,-0.0029081936617517384,-0.008233111156204264,0.4871521560428049,0.0006685374875426628,-0.003913380171121332,0.0002534252618053845
0.010058434810984182,1.2939583715528253,0.0025637371480804055,0.0005254653255282083,-0.7043302361859991,0.0015375196218190984,-0.018541376883636256,-0.01992009753009666,0.007839307499755477
-0.0011838043798905085,1.8473027833292692,-0.0032872947485627774,0.00905830669855748,-0.005208256160143962,-0.0008237322573848012,0.0002965000748269067,0.0059914251678070355,0.115097224171266
-0.007271450904962692,-2.796264124149838,0.007752533179927024,-1.122115777051362,0.0019781386088370337,-0.003969847638147661,0.00021416792290001457,0.008632411389246565,-0.034621384265073996
2.6387802491784935,0.00010236577219457921,0.6476721999023995,-0.0020522119360406876,-0.1372222280893654,0.018685967845234144,0.5723833269441738,-0.08738470825303057,0.0036564992035826305
-1.195484009688203,-0.024624301145121333,0.0029297060670564756,-0.0037380040538697867,0.0010434962371653027,3.991354973650364e-06,-0.8686707802464602,0.012235815890844035,-1.008152972825731
4.18695813290465,-1.4113045340902157,0.008389918016824136,-1.0947477148131368,-0.000810824255512559,-0.011383587646631214,-0.143017936682239,-0.015685532658496187,-1.5442990737406985
-0.004953325548390134,-0.005746476231228103,-0.0007261835253609197,-0.7430920153824082,0.0019861414544537245,1.5621208223181475,-0.0020813616508713376,0.008858176322932027,-0.03866591164695847
-3.6952870503221775,1.1873210774141265,0.003976155004056507,0.001691693205741347,-0.017083873781726256,-0.00036169365830886305,-0.004936846337246888,0.002308837793704782,0.003820299110951872
0.002901154198537544,0.0010847396220603686,0.0005093004292529742,0.0010065721401539846,0.0014800448789385422,-0.001352576448683193,-0.004573535984842361,-0.004254855872896052,0.006014179640617011
1.105465755318968,0.003957854102651365,0.9074011683296828,-0.005646871951675958,0.006605695088482419,-0.001986703821961186,-0.020777997811734297,-0.11398135217910266,-0.0015108381433452112
-4.733404411247552,-0.005169356533391779,0.0058553154863330015,-0.10003699574697396,1.5727455413834963,1.566716642203714,-0.027860551270761355,0.035699864421210606,-0.03538950357982751
-0.028881415030388685,-0.012707896632678494,-0.017231592739262502,0.03012135901909165,-0.8429564882438647,-0.008331242436954232,0.0030146227426416385,2.1572107576869755,0.0007507232463409286
-3.6464790608836726,0.00045898289770223116,-0.0018381664491402966,0.001608439524722784,-0.0039020503038043643,0.7372643207095014,0.0020456366676769432,0.10392410737774921,0.004354639999667731
0.8547756158988093,0.002200752354478693,0.8929665295288713,-0.008808059130191698,-0.007536658405538372,-0.0014175422331332461,-0.0009166011963805017,-0.04709343410463401,-0.006500589379603933
-4.151272092899033,-0.003528449217507925,-0.7625380502289518,-6.705418231475746e-05,0.7606152585368309,-0.004387653032574091,1.6990151802428333,0.030177487004188652,-0.0015449950631378773
0.9579496245039969,0.9449532467649724,0.0005627572662492419,-0.0025740474516126955,0.03659491465675156,-0.2703625463434697,0.011825873315902381,-0.2407123008282937,0.027597045796881936
1.0540571023789622,0.06855335391287802,0.000709897637580191,0.0016684149225633113,0.05852301140153964,-0.6537280969967231,-0.46334992492169635,-0.897630673405273,0.018191135514428913
-2.4068481185887336,-0.0012211679374242376,-0.6663983588861342,0.010799666467054075,-0.002904818511400382,0.00017866629394124728,0.002286889613889377,0.07702391863561087,0.006795609486471288
-1.4317602773467004,-0.006079575100859122,-0.0034651708761133868,0.004005341513259838,-0.002453606576404823,1.0287784656830083,-0.6243776494368157,0.06568203883526019,-0.005686798085688477
-0.006392844003790178,-0.7147188558824241,0.006365630811790819,-0.010068964575396204,-0.002642681789399047,-0.0058949761259989835,-0.0031939818671303,0.009388729695270291,-0.2621797182014811
1.848921365087647,0.006462817632078781,-0.00040095734938433436,0.00845594635690776,-0.0088060340823683,0.27136356437239345,-0.00042070056330053944,-1.66068713067525,0.040020004297669276
0.003825154215129402,0.34250000164775696,-0.0010852305768471078,2.6223222296048068,0.0017981472952227958,0.0031108890504413346,0.6595823027381009,-0.00572923082766829,0.10151310981839456
-0.00934039496428337,-1.1354899164191679,-0.0010050337162074083,-0.0008329159471208263,3.1454539388703813,0.014903635744735575,0.0019377818128335673,0.021998039494467762,-0.008810598050798535
3.0986835091174623,0.5472902053959554,-0.007144861124460666,0.022932957820524517,2.1725725281364623,-0.0010565413011470424,-0.008475199853919424,-0.01258101404021979,0.04082742980293341
-2.4922726572426717,1.4570620216362917,0.002225475929998777,0.0018933410625574,-0.005115581643932142,4.285078443127063,-0.009858402702539352,0.025440457724900927,0.014394857386623161
-0.005715456783380858,-0.016208085464596237,-0.005259455790628972,-0.0007864939113935449,0.29881299025177555,0.0025589895637857614,-0.0019508925905005153,0.014809538996597127,-0.5412158325695193
0.0011603990803946418,0.003521707648474353,-0.0011669692600459487,0.002559520196994581,0.016280983273291194,8.962204892313326e-05,0.019305931282361195,-0.0024485382597543015,2.2048131560611184
-0.001330427131059986,-1.233508181696676,-0.0026215254154171447,-0.0005411975485299786,-0.00044778736616406245,-0.008543348764284591,0.44905521781674673,0.013621500115727613,0.0005207799880291297
1.5343826981200681,-0.002652143362822076,-0.029342080445123514,0.0014538141350665364,0.0014829123683945816,-0.037978420800832385,0.020434397806160073,-0.004168636267229975,0.010438340895793263
3.5843831698813613,0.00010382077376452914,1.5671555181454373,-0.031205504684422625,0.6374074544138779,0.03927563280370218,-0.007038602265783067,-0.018410889028946387,-0.006321557775895492
-0.10046241598374803,-0.0030828288108928894,-0.002668605694360336,0.003396039284638905,0.0010236464377368435,0.007413978804214284,-0.005301539734776705,0.02480219951180403,-0.012318177231971565
-0.021724313642709648,-0.05967329888401243,-0.0014994071924315368,-0.0008343023053707585,0.005096975634915947,0.0017854923952112878,-0.020722567110513318,0.026819072045774467,-0.16051066836156358
2.0262813076302266,0.003548499097362567,0.00370909692009945,-0.002379707340261073,-0.8627369883863819,0.0008221859617876389,0.016035264253126957,-0.03437782908510682,0.0036623569795006805
-5.192091287733735,0.01203921324132019,0.001394041050859468,0.0024681192131591964,0.005116153277128936,-0.013361774423773464,0.005819948306650887,-0.028216351802873595,0.014552297323794483
-0.006036058346300437,-0.8716714697377215,0.0015864328265136063,-0.005473289558307385,-1.2997198587545977,0.00021277469689591683,0.00543059391634064,0.021983082642498437,-0.02731617389596952
0.08693204993404782,0.07326837969096908,0.001778805076010635,-0.0017569086077495735,0.0053633878571145675,-0.003264500837762804,2.2171981613789495,-0.23590201663471488,0.026337210118175844
5.1024369460642856,-0.002211180766069779,-0.014132733058504654,0.005898531920649062,0.0012375213724970212,-0.0022769147451272894,-0.008497228264043297,0.0033163068120752766,-0.00010898290619243411
-0.015154085604551289,-1.0167013643058118,-0.125707097283152,0.00461955157885369,0.009990118984124038,0.0014755199886929945,0.003264189714388934,0.11411653572773794,-0.000375916971705581
2.513158087551007,0.025426280050270644,0.008217210600936276,-0.0013913111574159198,-0.06236636500460588,-0.004381188874543512,0.6846095591205636,-0.05093448173273621,1.988289454543498
0.0006394415575241307,0.6058447550071648,0.0021054153084457718,0.002620875569669975,-0.8384160266484588,0.0007371934245908661,-1.3879192905737019e-05,-0.005285657111631808,0.02903929330666538
-0.006563604661603651,-0.4911478603348165,0.006460578107588884,-0.025230518135368023,-0.01843681543112472,-0.002889112756568098,1.7779175628261965,0.012709816149930176,-0.20753777988930633
-0.006791666646280829,-0.001080122657205744,-0.3364723710806372,0.18815922153380815,-0.01780303140992983,1.3125597635794124,0.025605871566343027,0.01015185174473756,0.0014925071889594459
-0.003354467131313207,-0.006853991900885335,0.0007298273426180773,-0.008131321388825333,-0.002170463108441484,-0.01057584199631955,-0.29087297141233065,0.005480041493089278,-0.49505039095631737
-0.0009754626004595882,-1.2285642625070778,-0.08786190746327083,0.0023244682129529154,0.006129935791570039,0.00366826527760584,0.9263703184966142,0.011760504450464997,0.0035460039708500313
-0.0005396187491453763,1.387201983166614,-0.0019981281239049575,0.003977757843963911,0.0006972215195457585,-0.005449935216724225,0.050513513359090934,-0.0012709544807183726,2.304067293019102
0.010930914269044186,0.6841360529049643,-0.001783666384452258,0.8675168746474854,0.0025402896214524917,-0.0016267492108844792,-0.10547104199484329,-0.02316817789930028,0.03964819580310308
7.902718583227996,-2.5433816140410004,-0.2549055485667826,0.0005060605361126916,0.03836549820156227,-0.0051410296442027685,0.0032411751588539307,0.007696925963182097,-0.005214236245082049
-1.481882258882223,-0.00687886301389877,-0.43670633419730853,0.6536683342147604,-0.0026775871770093086,-1.2868500784716492,-0.0038873608088118954,0.09813468546869109,-0.0044548516714718045
0.005222111826260844,0.020827121448415864,0.0018502451082229984,0.0002255053539079663,0.000970398134535226,-0.017087878711893597,0.00781277049706789,-0.011908412018888377,0.9006535271264089
-0.016186341003197307,-1.7805246996404374,-0.013278755120834651,0.009054059720132051,0.018691765234439797,0.015894924206147007,-0.2070165935933851,0.40177903163809636,0.014056037092787244
1.4712644434913371,0.0006012542288844236,0.0011222045161724675,-1.0131997550697465,0.002224727019349639,-0.001366665464221663,0.00015769888620298681,-0.014835804098016363,-0.00854050100077361
-2.131852105565474,-0.011536274011719704,-0.0016539706901185086,-0.0032241760027093194,0.000757440013416457,0.010255853707879814,0.008075339323489287,0.6381953009195362,-0.012293461122480809
0.0005739118943428285,1.4525629998599605,-0.0009204636762770724,0.006099460695103973,-0.18598438687739918,0.23619599220647935,0.007111783408694845,-0.003192903005759577,0.06489851107286104
0.003980736373933532,0.06343190185527864,-0.0036181917861687063,0.025731278193540034,0.0012500477781988496,0.0025605240959999244,1.1775974694112192,-0.006302586476654652,1.973562531383688
6.640396220848049,0.001715934020063451,-0.002156034786047978,0.0008342907647520791,0.0028745440023254937,-0.04730555248239055,-0.00018505622708719222,-0.0032266462929508456,0.0014136677815573817
2.3471924720781434,0.03326423886683432,0.00043272013081228217,0.0020493029334052604,0.0030282064775158275,0.10832022021706166,0.000955784301932364,-0.221918435655646,0.019305281394676188
-0.4308136248165917,-0.006058886503964928,-0.03705239653682596,0.006312702675873081,-0.0010146620821336835,-0.004781397517228598,0.06435956177314811,0.5364806037036526,-0.0001227816412006158
0.034759786030736844,0.008081840120577884,0.37075287373994725,-0.008832749994182813,0.009754197574167702,-0.002874238622742508,0.005993350441412756,-0.185012747311895,0.012024735430497535
-5.024166701695223,-0.011503514307073661,-0.002525943678321929,0.003707618997496843,-0.6782043550509769,-0.0003808209018818656,-0.020371219178602767,0.05118842038705754,-0.0031489653067474643
0.016032359019136473,1.2397757754491148,-0.00017656498408088334,-0.00012227344479869202,0.06618995965341834,-0.06953794683179816,-0.013143310774151136,-0.0310306789320682,0.0037702201308646988
-0.004194649099311739,-1.7873671176088908,-0.006359279315709121,0.005779990995009729,-0.44733740885098694,-3.31669936269511,-0.001422617026702596,1.291933012286934,-0.002087838864192726
2.9370137389112743,-0.00223036807239543,0.0066135388698884134,-0.039582420270709545,0.11407887746448611,0.7768591171826502,0.0009023863564854399,-0.04556791765011762,-0.010515872246540825
-0.00804811363747331,-0.1155339151185891,-0.023468900163387933,0.0010405284808557057,0.012960226656523716,0.0015500250474548094,-0.029097936802848924,0.04952774029327825,-0.14086198213175175
0.017267215978065478,0.046358595634452174,0.008233583030989589,-0.012255990710027653,0.020866226782414454,0.004327268495563967,0.004903612943605485,-2.7014319207587283,0.008571338249235616
0.0010081035058024726,-0.005643136474242069,0.003863381390473408,-0.09327440614323532,0.009349425186228721,-0.003526480992938657,-0.3772609119582676,-0.0015560851673484116,-3.7821531623817966
0.0019068885211176623,0.0006208330856872379,0.002044774590786652,-0.0005702155087405129,-0.004088594870901327,-0.002668247954918682,-0.007949710095840437,-0.003568764379343096,0.003195046582757277
-2.340847988767847,-0.0026052423666288738,-0.004132526936952291,0.004631855427433369,0.0009961395862431582,0.03735743991258384,0.0008835474851082029,0.017386006373625293,0.002039111350398859
0.0007818766479324377,0.001153457861543937,0.5262303151753223,-1.7357451075855423,0.001534048269790672,-0.005199807610239042,0.022439879344385294,-0.0044193294027519425,0.003467142106968815
1.0564493813631715,0.8028268141481526,0.0035008781864967614,-0.0026408633603801843,-1.269670339106809,-0.013339524786624786,0.07693180265918505,-0.03771807031103828,0.031033642990151544
-0.0031817175542439634,-1.345144427556733,-0.0018029172169708452,0.0017257201417980811,-0.0014916241947254983,-0.0020050775642434706,0.00037205771783396617,0.012256414971609461,0.0030196399761633907
0.00023442696448637887,0.00020725579343113418,-0.007899208901566628,0.8437244961272312,-0.489835093106628,0.010867444644830486,0.0009615471920795095,0.001128135520166655,0.0018158063887656626
-0.0033900789780112843,-0.0004872701152284064,-0.54531721127928,0.009226880350403893,0.0027481117577308,0.007655384472270401,-0.0006715901756999528,0.0048560940442333445,0.00040215026274395896
0.008534371277917304,0.005366408738066044,0.004796947822148958,-0.00037947829146775026,-0.7939675886484433,0.16192683944165823,-0.012198079357976026,-0.01501274623862303,0.012707600012927528
-0.028210810144777703,-0.42345703590817185,-0.002566229902891109,0.0008765803748809265,0.003936657032945178,-0.0011918790950181456,0.0006265264895437359,0.03819468073650702,-0.0178880810089517
0.010096247894411672,0.020640527184381006,0.010058278284491587,-0.0020381869533114163,0.0016477438835998514,-0.007290675553398826,-0.01128995899538755,-2.098874679622829,0.001960293768203253
0.02680384885920304,0.896515842472885,-0.0006983793275104067,0.00304868601687942,-0.003285829316998279,-0.11096024219810095,5.671806223378484e-05,-3.6855111746274334,0.03719304740433316
1.6528111162271333,0.0030048079843857135,0.02592379285027313,-2.951831472447484,-0.0003651489207802429,0.0029386540059750913,-0.0044500505240688566,-0.5919238921688471,0.005082186181305681
-0.11207525660761619,-0.0012540997966582965,-0.8198501493973234,0.004587549201923516,0.012514222916840515,0.008384169292091903,0.010903326918745593,0.03454627870767135,0.0007451383842670689
-0.0004862360819959617,-0.00018392241503831198,0.004285012650863395,-0.19136670966021416,-0.0003109006844102143,-0.011610677084452854,-0.0006436158300454889,0.0004413850499226761,-0.005559068239020904
-0.0005900688625205739,-0.00037763727345117577,-0.0006757054492971181,0.0016968811572312954,0.0028254797909066376,-0.001239895988855697,-0.40970578320871825,0.0008868113625564238,-0.0022788392102085727
-0.5279385007706732,-0.01387015714156098,-0.003313145372859509,0.0001590060219073065,-0.00012816596728688076,-0.020369658045555985,0.007302816056751524,0.08708246363372643,-0.017161142009408242
-0.22489926873862062,-0.008610276168857355,-0.000801595614535508,-0.001530000139283862,0.0015860869142154703,0.009308288626996328,0.0008236218006336302,1.957954212919664,-0.01904843657109076
-2.5420424163060473,-0.0027777384637709948,-0.0046310682804403674,0.008177397845661235,-1.0666609121155455,-0.0034898883517290175,0.0012377053987277136,0.053289534124670156,0.008476611344951201
1.7225953033814245,0.0028194744466745886,-0.000510435781743375,0.00025894219600964316,0.0017920917517387181,-0.002766428485330464,0.0027423524248409246,-0.020606869294248494,0.009419082274840007
-0.0029664320638760266,2.6192311506430612,-0.0005304135253784287,0.004005228386220394,-0.0024309914672876777,0.0013731614895671784,0.000867507361317181,0.0016692353877802643,0.02242021682226647
-4.5020530179247205,-0.005682469966372863,0.004902979701915583,-0.010590349828927429,0.002332250556644471,-0.004086982944529201,-0.0008049960176977067,0.008871690607718374,-0.022320759801678802
-0.0003639027870864642,-0.00035444489760516813,-3.1109226470165017e-06,-0.0033086963841585156,0.012260711390852004,0.0013020883733427784,-0.007318593411716384,0.0009873835776902796,-0.004247909853655331
0.0005073090598008805,1.267516426113781,0.0009868081596832445,0.003666194523707651,-0.026796184006489046,0.004432105745457958,-0.002015786032951725,-0.0044297344161909795,0.03922351250988054
0.33085418449553655,0.01242561410316291,0.0027227428874774225,9.110378027998758e-05,-0.19960139135707117,0.0020317235228118156,0.006063370988344374,-0.031990948595793246,0.11683917831645207
5.080651363343692,0.04974811985026798,-0.0017142643098465027,0.44602090698495844,0.0005109165136536718,-0.0008720097853194726,-1.2556960395630483,-0.0336786664290674,0.04907796914878704
-0.024652327352384176,-0.5752426397882741,5.560196101363907e-05,-0.0020608803098709247,0.0033028627833180803,-0.007650889943179497,3.476553582020662,0.015252183727441347,-0.03524362089308111
-4.1586181967352145,-0.0039710231345169884,0.0028609188991788603,-0.4432144043769023,0.006986321127460029,0.0017393975399485695,0.004294303677890323,0.020311810784767154,-0.0195446211129916
0.0026631388954717473,0.0016831500047288013,-0.0008760256873895153,0.013545544011901493,-1.3637180841924883,2.1374087283407532,0.0031362035269231273,-0.0037258534813129377,0.011441585332541514
1.10566832362202,0.002584162867635334,0.0030669654645157952,-0.0037329485730388445,-1.0760229707150466,1.6848484524963592,-0.007937430273092058,-0.021350054661554343,-0.008223986897237134
-0.029535379729694194,-0.005402395065058223,-0.013612208671254705,0.0028642954652246793,0.0028799402961128,-0.010588434145154181,2.793264002759109,3.338335384099788,-0.0007618806480820806
-0.0033413424156995128,-0.6190668271617021,-0.00018655554383334438,-0.005775326550652806,0.00024833177879678234,0.009848311772053343,0.3812887413866285,0.011666943043256462,-0.03618617192893425
3.685092827351551,0.0039852774618737334,0.004294784068738511,-0.00219466689811789,-1.2318120901406577,1.4441049723978028,0.001285546961337411,-0.026898741077583454,0.0008978551654206801
-0.0038882458146856577,-0.001199720102443591,-0.0036475221286793418,0.4574421859559932,-1.0794563584913832,-0.0185802050191843,-0.002930238112654367,0.006841649349656763,-0.0021250326710074603
5.0340266664409565,-0.004455706552693695,0.00762781499245585,-0.018734513692866966,0.0035991649722201466,2.016279706785947,-0.015584274353812473,-0.009994008777718853,-0.03499406100633151
1.2329149797872265,0.002784920608185283,0.005376558791296185,-0.0035336759634867557,-0.05221916526521772,-0.006147862027953043,-0.0009664651470462906,-0.016117435799379166,0.0014300433736276486
-0.007717304551744778,2.67954654680739,-0.0010523178757411294,0.0032443646099064973,-0.003075195597494012,0.22110516925896315,0.002320121209404516,0.013062733285558105,0.011711203346592924
0.008422582153067626,0.054668750249568854,0.002096576980454622,-0.0004660166124228326,-0.11664284536208433,0.44653274055331094,0.00044569393445643805,-0.012128114229527198,3.458670556461476
2.457159415491913,0.004586317252158585,-0.5450439558026234,0.006356052403278301,-0.003731773869867642,-0.005472307311767485,0.45071209142409596,-0.0026838285716563465,0.1408224990075917
-5.041154838256204,-0.010061144923617118,-0.0043927339888729655,-0.001314444021118758,-0.0007271030429900488,-1.1155837323813758,0.2004881386296401,0.30492433411785436,-0.005738922705585625
3.8842474228066632,0.10137350561878145,-0.0031414732816418545,0.04814946104389624,-0.003057775063908315,-0.1560473718305905,0.016181181030277023,-0.12015034175147632,0.19170358656786846
-0.0078769573712313,-0.01530906861822584,0.00558308741041483,-0.22836031570865117,-0.0006176638967194668,0.014288435618288391,-3.239497919767779e-05,0.008085057059631792,-2.38545109384587
-0.0005031227310667574,-0.003618288951967759,0.001267141064007488,-0.008968115297172754,1.4888269842932873,-0.00010999528148299652,-0.09072830812687945,0.001324360866788582,-2.5374277743761504
4.755265244011222,0.001937930676213442,0.00018935785210000278,0.0014316920863074105,-0.0038567099604429576,0.0028842894000805884,0.004548491619304013,-0.02319274724339635,0.01034956572985668
-2.565813359097275,-0.02709070049854087,0.0037390469570097173,-0.007445293639202284,-0.9043934672366931,0.0002498375564218279,0.00504652133246593,0.019254278645356525,-0.029130391626712937
-1.2065579161894422,-0.006429831472586743,0.00190121649939963,-0.003002408156422546,-0.0021913965393287422,0.00024098803686280857,-0.02049491063646877,0.040506120769331626,-0.03437342733853388
0.009115598914894772,1.5328860673475315,-0.006110876278509772,0.04115302567875975,-1.0314052337734256,0.00313495490128135,9.473697162865058e-07,-0.009693766044561729,0.08479487336729008
-2.7936785295091235,-0.263579965598911,-0.008347250980440674,0.006151527592959124,-0.007931321301637182,1.11014298680858,0.0057361364652216956,0.06614318817138473,0.0023812965879853043
1.647562400984131,-0.022175787496273525,-0.0022845537450239956,-0.9635635718475872,2.450067944427949,-0.0008880838405962029,-0.0012366975054079034,-0.0073541783225726295,-0.0705887251691164
-1.6278311508214875,-0.0036546900477390253,-0.035549010663458835,0.008755165269817313,-0.005132197129381519,0.0004855535546279899,0.005610501830457299,0.5381471123900341,0.0031914574507511118
0.33434884705587375,0.7128456043317992,0.5850498449412274,-0.0010190522532464164,-0.008866769881724842,-0.9843222917519585,-0.008254685650889194,-0.06744944959734844,0.009823686529269293
0.018330183501196296,0.4274847114547615,0.003178035718425832,-0.0025283142367594044,0.010326010952341692,-0.004402977223630988,-0.0019419028940132971,-0.06816916645723922,0.012204277395211405
-0.0035217713705080773,2.036053539796234,0.00019036129328932339,0.0005191448347405102,0.06058088501815598,0.003942456858865323,1.181876836296032,-0.0036100251190082575,0.010598659853691128
0.043240455562942835,1.212549854328409,-0.0032243424507627377,0.0042973210401961925,-0.004697570605656483,0.01875413432089766,0.001523213784196462,-0.016433001448984737,0.030892775865703714
-0.0031904053118593286,-1.592661757510319,-0.0012503897321403667,-0.0006231974638825791,0.0055142468832347115,0.0004483314306774641,-0.003487002806083741,0.012959333106991613,-0.0249957272360537
0.0014969814657955027,0.0023534168856704767,0.00885057940767081,0.0011064183255490771,0.004542147611916835,-0.00045634809281862434,-0.43473393134496446,-0.005787584945442079,0.010511507178904263
-0.006704612629011463,-0.004799540080568307,-0.009287025946982629,0.004784019039055573,-0.002473185799765967,-0.000536244728697198,-0.000696050707677945,0.01487749380314802,-0.011660907917087413
0.11219641620303662,0.009099213277178522,-0.0028392345305182157,0.0037409726939676255,0.0036984985566861665,0.016619772266583805,0.005723139825668517,-2.079989029901009,0.028778410141650113
1.5719612882952196,0.0004066317328127484,0.041091896457831234,-0.0574227113331552,0.0013821415763933028,0.00377291967001086,-0.10264853615545726,-0.11068341713541019,-0.06821695350379536
-6.007947158980344,-0.3820360794345451,-0.002695639402803318,0.0026280279638868096,0.00040019182799842096,-0.0025524416722041204,-0.01517602819096471,0.017822737463800614,-0.012727463821146978
3.084626068394674,-0.0033130348345505774,0.17824620354037135,-0.7833309010454816,-0.00458072175459746,0.0028807371762669337,-0.6229739708785691,-0.018077207632572007,-0.024868229793556296
0.004283627558476969,0.003144277599735318,0.001664084225529449,1.8828496611349466,0.019719208890386888,2.4575597608809145,0.0003351220798338732,-0.006742951566633692,0.014131250732184084
-0.0011551769155100863,-1.8787573449987274,0.00872273469260354,-0.03630684262563195,0.005795865471038863,0.009540999523752288,-0.0077732873001651985,0.0008633058656646771,-0.06265871348218521
-0.4196222639537296,-0.0020226037477214325,-0.005945518502802654,0.43567504831828224,0.00479920878467745,-0.0496580819168967,-0.028652665145346628,0.023054932562765577,-0.007193584299116415
-1.4019486537355972,-1.434702226664264,-0.00058835124559517,-0.0003064918975426681,-0.005844168410150601,-0.0075181234884244925,0.020741444710017324,0.10715960070415079,0.0023457939037137
-0.004481458045975566,-0.022976951152957836,-0.006814640203448852,0.002221385379849755,-0.8309648686342483,0.0028893824022559857,0.01138344342916249,3.219108585711813,-0.0017405505909194596
-2.7008309788469136,-1.0136985370065401,-0.0030513895093841337,0.003059998104279045,-1.1277400791441983,0.29666062487904965,1.7937795177210518,0.0507309217151317,-0.0007770435496521344
-3.5059329092053733,-0.025372208355607287,0.00020253687807411658,-0.0290017504033106,0.17242513382449243,-0.005082516514238645,-0.002078881834270404,0.05884676514219024,-0.5003539150392591
-1.3504550180777992,-0.002261364573776134,-0.01114586302590459,0.010865282403688583,0.006861865906981416,-0.47501724489540664,-0.001986545034138438,0.05925350938984847,0.008343814579233819
2.8494179275701494,2.659832950461656,0.004252294846135984,-0.005737744163643788,0.0015284198215543762,0.03224659501673261,-0.0002703311689261703,-0.0779190444383808,-0.0064532104122130285
-0.0020280758973430096,-0.0019865620533987822,-0.0006247296749676088,-1.1625319870268265,-0.002166217330685655,0.0014987308307944079,0.00046596528202554706,0.0034163039179517314,-0.01033181471442938
-0.004536047982143492,-0.0025458625500087654,-0.007126798939074088,0.02013748891710645,-0.0007840943147859698,-0.7586343482750848,-2.467210211323456,0.007733878283569133,-0.008566259916558506
0.15864302998585522,0.0006570836338832748,0.0017896239436659689,-0.0028705221316542772,0.015279573780731803,-0.002478131982687955,-1.767818465525218,-5.722534647701001,0.004487516168258265
-0.08375544633350096,-0.5456757359298917,-0.0006451711537677415,0.000382513878488037,-0.008646961433569949,-0.002512945731685277,0.016798852218268143,0.02446231172107059,-0.024378362841727508
0.021385506522644225,0.3555357684886683,0.0013752824776992988,0.0017300728927879252,-0.00028250922914985644,4.445455239467501e-05,-1.4100661438269138,-0.03438071090930833,0.04803838005132782
-2.503484987758449,-0.0021282333495159364,-0.008757962658297633,0.0073723406749577084,0.006908833079445912,-0.00029062162011176047,-0.020013059176140532,0.01775789220519735,-0.004749852647651487
-0.10258689271052573,-2.688900660870884,-0.004314981551144903,0.007147513034970104,-1.9592197474672843,0.0057203219557946045,0.010593509833745587,0.9593275775932618,0.012225665316221157
-1.5357747862264175,-0.0005368366482217698,-0.011846160875970568,0.5065501785063111,-0.0019607979157113316,2.3119324591383776,0.3934919020746393,0.04272292714862502,0.03424365172141247
-2.480802932880058,0.0009365674471856783,-0.06929104745561021,0.05868623417381795,-0.007462529719164491,0.015240515327874078,0.00166366690808167,0.2254466874240132,0.011661719555881023
-0.0007977656471757604,-1.7223784476969042e-05,-0.0005756005680106582,0.001961094558249633,-0.006155899408643776,0.004834620887925387,0.020983780641510994,0.0011587896244373353,0.0017374408089597861
2.3945850590002227,0.011029925823274557,0.001550987217179542,1.7435485294396136,-0.00020987724156287173,0.8701213352236995,-0.0028731862496691254,-0.09468872299235359,0.036378542432554895
0.03610812440346107,0.009013761213667178,0.018579896765698392,-0.006672864162361264,0.003828053142089176,0.0028908605533308086,-0.0022932852509756456,-1.6341901417191116,0.004200184759650963
-1.3192436342626017,-0.00431081708690948,-0.0003384016361962297,-0.0005948658282867551,0.004172032988947982,0.005530840829052453,-2.132820537709006,0.025134899086377116,-0.011736302051361197
-0.005738909859976772,-0.01740918505150175,-0.0030185824496913316,0.00019621587638702216,0.006571593788065916,-0.0010966918823003035,-0.01767629338773202,0.01240932848909332,-0.6909434595086064
-2.0237455947812792,0.00036629706181347775,0.3159551931577459,-1.4587891675589122,0.003047616169605612,0.01622869941186628,0.0035966861158263676,0.0012534357746067717,-0.03450658702528142
-0.01319586418766349,-0.006397416724763145,-0.14087851510649418,0.005059937233259663,-0.0010160192808571782,0.9034741547559697,-0.0024826747366786723,0.045559717653491,-0.010870575853604809
0.00313806784439705,0.49903360980411,0.007355908429129358,-0.003873539489705863,0.10355643972995394,1.9707471517739568,-0.028379112451903443,-0.011846782183454467,0.001855964963756701
0.0034673774277766516,0.0008379781651364996,0.5301863906596911,-0.0222687939807006,0.0009618980779917344,0.003929675484769309,-0.0004186569092781584,-0.005662850296217728,-0.0024413214853838024
-0.009596381047933523,-0.6238388804079182,-0.0017398764445787154,0.00288390573671176,-1.9314853356072725,-0.00044310480646350247,-0.025882449805841725,0.03127485803491126,-0.015454487870949274
0.0007667148775997738,-1.727813306007726,-0.0025034690530545828,-0.0002797751494167935,0.020347264688235715,-0.15973198234660682,-0.001230053732550116,0.00214683312626324,-0.006084177677676994
-0.007416907820552612,-2.064836485204605,0.6239063502431161,-0.02677925916669055,0.007515702017759763,0.003011290107872629,-0.04738726463519288,0.008450498621334901,-0.2039841591942464
1.3976885820051737,0.34762290744693136,0.0028136619432694715,0.00024053029977811192,-1.0876441142566997,-0.004246587736847271,0.0017521628263240194,-0.07150014502090281,0.015898095761345155
-0.018659193899211696,-1.740467203961847,-0.0005273502421413029,-0.0010468141873065757,0.007653395135490314,-0.0494263707545958,0.0007649997898933926,0.018720525065474516,-0.059674516899475005
-1.6244925319357173,-0.004264452070445777,0.0065018828351172675,-0.006469526273373422,0.0011656435586666243,0.0011053219888264951,-0.01764431448199245,0.012683654251660492,-0.058997236978346024
5.576026750854881,0.07882080713147986,0.0023938958077700523,0.0029848464104488825,-0.006066784085416534,1.460679128944129,0.0004619367636544379,-0.2543860659984465,0.013949571362818824
0.13818551506065477,0.005090020921768385,0.003332470242412785,-0.002637513337814542,-0.0005000460386056706,-0.015910194144712935,-0.0009139448133282915,-0.031001183810409647,0.01184231741512441
-2.7513086510786784,-0.0012228872522158116,-0.06725723900560665,0.009944436097926602,0.001995480024077992,0.046737282551197655,0.023050101397585503,0.03325513048247967,0.016959242031658106
-0.010653604869538438,-0.6405530573067683,-0.0015108163307691394,-0.003133107813062883,0.09287224611033516,0.00784834135985119,0.005813579457022758,0.023571835198553034,-0.024175566788855407
0.004003785225384897,0.006731295132965918,-0.00020267601093806767,0.23110780756752852,-0.00075490738898613,-0.005689145071333889,-0.00043456005217585333,-0.006855997419173516,0.20070199052960078
-0.018051886443974527,-0.037637522041027674,-0.00027683419377937807,-0.0035242202893415397,-0.002461138127180111,-0.011454626871693976,1.727439150012294,1.9091399166698988,-0.025578817584219066
-0.9924795126878393,-0.012520203076841561,-0.0009145630595569151,-0.0010569829918441384,-0.0007095064017922249,-0.8268213302066766,0.6273760570932922,0.028276658569862338,-0.011764078189272997
-0.011347042998751892,-1.282793401852918,-0.007228449727743308,0.000918622715032281,0.8603598577273992,-0.0012599727509006891,0.02117468971335986,0.0420031646213525,-0.0074943720626931
0.008931545422867303,0.008658781858516474,-0.0009709617727013953,0.36563555584017093,-0.0029605171806221433,0.008625832971916056,-0.14730022331461307,-2.5390526363269754,0.009257861734365797
-8.804887024407675e-05,0.0008126542730479422,0.2152518882721631,-0.002108593229647321,-0.02088843948790841,-0.015750854134088037,-2.3807456088631476,-0.002137449988299449,-2.4658484098911016e-05
-3.3921230290037814,-0.029106570388195318,-0.030719081585801167,1.5228180384864114,-0.0033612325597864867,0.005201343895095686,-0.00797374338576319,0.1940502781671965,-0.01187663735109279
0.7810429424754712,3.1982203237877584,0.7016705144002984,-0.031369878819388575,-0.0011369746518127,0.01837936986244293,0.49935929597359685,-1.8362840454532403,-0.0009441906214031626
-0.0006565682319255063,1.3212216417469973,0.11794639915149907,-0.002442517267097502,-0.0034164088860103563,-0.000620169193352069,-0.0012211217409230507,-0.010653619167156042,0.002225867908221324
-0.006569248908832459,4.063153111264312,0.0007722191136038392,0.0013404262827174489,0.9600211672785517,-1.0747241790634254,8.747277943008808e-05,0.002622824924624312,0.018580869224727348
0.04401999340127913,0.029405177576761504,0.003978754069991753,-0.0010021125171259578,0.0007027100307001575,3.1825306389861194,-0.006460411730047235,-0.8388849014570213,0.014211438508795637
-0.014133634366529545,-0.16156243590938746,0.0005250066179903149,-0.0016653295439797871,-1.1143382622399058,-0.007862803375660166,-0.0002064238850295792,0.01714984245355066,-1.1417331847784267
-1.8384772280561048,-0.0023690897132928007,-0.015053020894255253,0.5333957554974187,-0.045583441491329854,-0.029163779689595926,0.0074977141367082705,0.06991670920579979,0.0021851897829652245
-0.011885756843519252,-0.012976002307703214,-0.3006962553341971,0.0023992044240972853,1.6468874167097818,-0.024941257326351645,-0.004706362501972105,0.028486634681948807,-0.01688690994277471
-2.1220842248435203,-0.006887820365681408,0.004552571551039247,-0.003001916098875867,0.0002224976933050682,-0.011617043634123901,-0.3231563589683484,0.010697072102421134,-0.024867450509876265
-0.0019550617386506885,-0.02764522931734081,-0.005694217965932652,-0.0005495407050421791,-0.0013985879977777775,0.017767120873286205,-0.013273404237688618,0.005788765802283456,-0.0348093705938864
-0.005152951386458057,-0.022938132957626867,-0.0020414031353894525,-0.6693258274701832,-0.00040497112816165626,-0.000472229720931938,0.0020233420097373017,0.01144241472049735,-0.09289633185123122
0.004579094206466301,0.004069141764079454,0.4029832664976136,-0.9442738675886833,0.0188402219572806,0.0002473088018091899,0.39181291333016743,-0.01346985427507856,0.010359159709470309
0.0007133209985280622,0.0007134080985338326,0.37334242434826215,-0.007468542510848605,0.001597421297659791,0.0030198762018287845,0.003336542445515113,-0.0027143796275778537,0.0010373768956638517
0.001601374590363345,-1.9444299433962888,-0.0007947234743475168,-0.0003217669926153042,0.00047884278030214597,-0.001157749189759458,-0.004500667387992267,0.0009011032987210374,-0.006810228563240428
-0.0029831528101363367,-2.6423027646796204,-0.00146730312317786,0.0018654028258056278,-0.0050205879940766335,-0.5137057602517697,0.005015939348204334,0.006833034358524582,-0.0016289095206616366
-0.0015067381165729903,-0.001005003898038239,0.002262425413378899,-2.6722818711449836,0.0005667121847772738,-0.0004956424135102195,-1.0382852254031771,0.001817546522820759,-0.005078992427609664
-0.00455168965342833,-0.04311148062229336,-0.003300741191136809,0.000493026295742556,0.0037638653014295223,-0.0015469646197503201,-0.010918898181900262,0.018242010274112458,-2.9954345273987744
0.00406309051567472,0.004466492875876294,-0.0011810950891174476,0.11095442234662375,-0.403299100790737,0.00281659297743727,0.003531278239667361,-0.006087176251451984,0.9311077670770568
0.007917149340765957,1.4055612701840006,0.00195563695619827,-0.002272746998327536,0.0010804949240463182,-0.001016925410893126,-0.00048426277606746296,-0.015521300804613326,0.005086435874617989
0.008471255687322298,1.167025229809593,0.009279105707189053,-0.010089319611629979,0.0029405774929583094,0.0016676074514009034,-0.0042408475173838275,-0.04274981419819081,-0.01659122643761668
-0.0015036863285050194,0.7118290375890675,-0.001969071993868511,0.00692443645530271,0.0013086954228288105,0.013010983921305933,0.0030818341422022546,0.0014572969181087694,0.10093207306549834
0.24577110688888038,0.006779037888636041,1.4344313730132265,-0.09025798885111702,0.012947063790779062,0.0019240975146230617,0.006287790300914781,-0.05087166162850243,0.011971764319900713
4.727399729906789,0.008955068504180673,0.6823001933887456,-0.005897733595670307,0.004017147573603993,0.00547738470970649,0.004464573556685794,-0.06296845745380197,0.008071356370277227
2.599766146890641,0.19556128997264338,0.0010601999131022721,6.198745576530061e-05,0.004059773942611712,0.0009592497457798036,0.015106420857432364,-0.42347634470160855,0.020914488677095333
0.009349743012379444,0.3102531005233437,0.009703289391735884,-0.0022918323930180657,-0.19875997401202533,0.03153975500836299,1.7513874822339588,-0.0201758055788115,0.03645407203866871
-0.000656758748562276,0.7565992173503677,0.006043547178706886,-0.0022026525960433946,0.004587917157403109,0.008069918292125444,-0.00033364684003940256,-0.005165446310826091,0.003968799536837764
0.005148948294071714,0.42887745299219404,0.005519092963578033,2.1749166368015276,-0.052592357576024436,-0.013072538317569986,-0.7533253940904072,-0.00978541459949454,0.02155314659742294
-4.72782601902792,-0.8550542509115535,0.24405581812238886,-0.170304838129969,-0.009779624009257179,-0.0137279985892954,-0.004924902324822539,0.05304017031561581,-0.2714143908400395
-0.9943514904892607,-0.047195458163568106,-0.5057473738642746,0.0016817230937386102,-0.003039428341033979,-0.0007142915219021462,0.005681263056972235,0.1987320625307255,-0.01811534773243767
-0.0007296215068716487,-0.0010771994453496869,0.0015001424431697068,-0.01620330537864963,-1.1367389231547058,0.0039935441721600335,-0.5037212473200458,0.0015894817273479067,-0.013247142057578067
4.097149408693445,0.014879264681369436,-0.0008611672213656718,0.01955068121924408,-0.008622361511107762,-0.004997442888415506,-0.004064174570315028,-0.01761849188956008,1.5592379017518674
-2.3872371316564145,0.0010551970576849561,0.006512332054121772,-0.0002589179981449969,-0.0003288356111351993,0.012057551158970524,-0.011618498357020762,-0.0005903602147679272,-0.005781783034770116
-3.6681432019347797,-0.023606875454432262,-0.5118664007758555,0.00121723640404503,0.0027523003211969294,-0.0005375258575840182,-0.0025102538361824744,0.10999668037334209,-0.010696372076084648
1.3159607586948114,0.08610721302867438,-0.003310635009509441,0.005538158666931199,0.003087773277912948,0.004292545070480435,0.5862963649075137,-0.07745311649809239,0.18998742170660465
-1.8218169100871053,0.0009790122692507107,-0.008546450385584672,0.024621658662333568,0.00323644070705328,0.35019067709515783,0.022871330371318808,0.0205472561115565,0.5997991989168785
3.6980071008441486,-0.001093924406623828,-0.004284582730671338,0.00010666948050951086,-0.001261304094998944,0.7027298781373025,-0.0003861954880861121,0.0003311877760307641,-3.450288896400206
-0.03522867332057512,-3.115366605955967,0.0021589489278492358,-0.0009189516496833708,-0.008087623747270768,0.0024869372041696255,0.001868138750643164,3.4308578651738277,-0.020562464172409367
-0.015296926507279318,-0.010974037752021517,-0.02335815621546735,0.006490589306698132,-0.01826810143367881,0.000416906330160989,0.0021501191438926385,0.1434605113514285,-0.009597927555200829
0.014347185401714146,0.0014052090854030086,0.3814779919244198,-4.416632828596711,-0.009739367050248568,-0.8370931275673783,0.012022252314662415,-0.030891994333603345,0.01883382002460232
6.716500507200294,0.0003828408930384771,-0.6094091559523376,0.05494622022995066,-0.3474235239812855,-0.0003002939146306456,0.006608456394899653,0.00014879434709808015,0.025757675934141577
7.164389793711505,-0.0029196551296835124,-0.6763045100308904,-0.0013311579185300848,0.002178872784498659,0.0019347652887995795,0.686661413252116,0.013170696910517588,0.0011028723333723622
-0.009477405419901518,-0.02290235759212795,-0.0040121345130753015,-9.463287777865172e-05,0.8388573530111828,-1.0208624984205292,-0.0015178840977549857,0.01911930547329014,-0.049755741634569736
1.6101489076625182,0.0026358264566928146,-0.02263350267241962,0.016073470745244248,-0.6236050443022557,-0.002867245257561116,0.002210490802356655,-0.0026361757762267436,0.034806243414777005
0.0028652225211620377,0.0006479627044871338,0.5349152639662185,-0.5633225206488359,0.0055332453521930135,1.1767486546370451,-0.0037493359865043707,-0.005035450336881173,-0.00015881821751979192
-1.670074699969624,-0.01159678418788214,-0.0002750623755454068,-0.0012926324435526132,1.0599813298133998,0.08662636560180836,-1.0083993874704087,0.01624099179601761,-2.252398634845271
0.010532174044619496,0.041657400278977325,-0.00043049610182228394,1.0555509307308528,0.18366369285178205,0.26906035595976807,0.003686393404338865,-0.020022416153326797,0.327935828543787
-5.99563116782656,-1.5334090921332928,0.131413631204639,-0.0242968487060527,0.001266695477893022,-0.0001728900802466255,-0.14223074454308315,-0.001536679383680628,-0.05938119516356455
0.002553305269851391,0.7618044135349255,-0.001299426275630254,0.002005886852977214,0.14713934263581263,-1.0722457004277384,0.0020321230878242048,-0.009152721991243316,0.028303808199402924
-0.004827719868729499,-1.7106468799734593,-0.48360384907768417,0.008853735942474017,-0.054034912157395004,0.005515845058443426,3.348704764204724,1.124251545329603,0.009327422736205904
5.156102268442662,0.00015568290687234532,-0.2634848076399736,0.007285076596812795,1.380216940262698,0.003759620480501878,0.003164430052197971,-0.014358978167641034,0.007111515908573063
0.00281128441288047,0.00459916146564061,-8.935471332864847e-05,0.0057804935632503555,-0.022406367586728346,-0.0012334235523406118,0.7150953838353878,-0.005058016272920133,1.6860156545633933
-0.00692894936878573,-1.6727957193057676,-0.004171912156733126,0.0019149549041059374,0.0016880847846391014,0.002865310821657541,0.00225184132325143,0.08389686363241029,0.0026047008587885
1.1498448440549152,0.0017938447636304407,0.007554537377624043,-1.9028267338865028,0.0002330334057871336,-0.004020218755718562,-0.005283845752956377,-0.12521004322318868,-0.0043644777720003025
-0.03156964387160523,-1.4750872963464947,0.0012312424457367743,-0.00020853963534894944,-0.0004286053196433468,-0.0016265200429199352,-0.025334120647327672,0.014405691983978858,-0.14039825002017103
-0.005992068363085877,-0.3642460945538434,-0.5638745136321341,0.0037495083440816923,-0.01031650741326769,-0.0034904543138215265,-0.004822106823994664,0.053970175122863284,-0.016079932136424363
0.0028136370847193395,0.0009570938160599171,0.02533336644171753,-0.021312579747917032,0.0015400362226018736,0.005417484940884282,-0.005523817893573419,-0.006479423952639917,0.0002304211048131308
-0.001236491437850591,1.0354724363425112,-0.0030529538147828356,0.020223735306843623,-0.8989556163097947,-0.00024916860657830486,0.014104546606930432,0.0010989522187996462,0.16255884829525513
-0.038499565866502404,-0.0063302175491020685,-0.0005085896693575907,-0.0009095261299307989,0.015214518393690615,0.0002685053893829996,-0.18212306471697176,0.014482746510111158,-0.5907758156770897
-0.027455043446663815,-0.4756769809419512,-0.0003488998919558839,-0.009071344959049779,0.007635052148086203,-0.28555700659348837,0.02434910958286618,0.6099189677113479,-0.039932454723958344
1.064264266170389,0.022932809348562823,0.43202907961121984,-0.0008998298112813663,-3.1219779923726936,-0.04419880584416255,-1.3180434708299054,-0.08194931688523682,0.008641428605750845
0.734025393414426,0.0031708472073581273,0.024818552724493334,-0.004136614845886992,-0.00800334519300767,-0.0022011145387279586,-0.001000972619184744,-0.040782925645081805,0.01136343043853194
-0.004416762515899718,-0.00542387164822818,-0.136587972824023,0.0035338956297215895,0.002906767264155986,-0.002103712119446987,-0.006171675772100878,0.01192741683535367,-0.011667786179143064
-0.013609104124551887,-0.06417737265036234,-0.3116981087779383,-0.000194520089617959,0.0006027996857766422,-0.006237246087030573,0.0005809540207884984,0.1313882744663354,-0.042089296307779994
-1.8775026045957042,-0.17777563775864846,-0.0006314001786770496,-0.0004463284838047063,-0.005553084961412087,-0.011282131984347177,-0.0015707420904617405,0.031282995571460366,-0.059914547165768606
-0.0033641326321184085,-0.005384039488766451,0.00010065232375330803,-0.0030021946592842285,-0.0004237728761707215,0.0025428652045202007,-0.0038815081871048053,0.0073139870111265035,-2.464444881515542
-0.005044409686816811,-0.009368932294107415,-0.00017746010477068426,-0.3529313712865333,0.0003265217594252746,0.007943486998411362,-0.003849678320954371,0.00989892075424559,-0.06910450971773278
0.6497641646565797,0.006226375465106241,0.5751498617718194,-0.00042672826477774956,0.0004700383490239494,0.0017640551291170726,-0.4251061932882917,-0.07679226815593337,0.013248362990264911
0.7659975838914734,0.03531168409439789,0.02889871524734322,-1.1979675606116607,0.0046073165100255845,2.638189671571668,-0.001008574322246462,-3.9150199493906683,0.0030683008570410175
-0.020283906967911384,-0.0040919449768104625,-0.015293669436908297,0.008945047370656021,-0.010090351179384185,-0.003037165638737573,5.733503548584767,1.2475559406685364,0.0027633366542486656
0.0067986995481117765,0.02044836453821182,0.2776888448167339,0.00019870272707819304,-0.014776962263829308,0.009967862507681016,-0.0015318682153043865,-0.02101574871010923,0.011569266448359209
-4.34839270416718,0.004196873711678788,-0.004807723922958168,0.01123402989058604,-0.8870335106295758,-0.0012219920659060572,0.01152791018066948,0.01490732869869422,0.01620213128708048
1.5348123335512884,0.010298999511186737,1.2347524547303959,-0.003100703567119084,0.017307451389294196,-0.12413525589245325,-4.4045492301725035,-0.1328394532385604,0.009073588768463425
0.0003009562017218543,1.3548298037065196,-0.006580709164597798,1.2409867201380378,0.11942949106517536,-0.006791896158046716,-2.167576427803936,-0.0025505319829311835,0.06734211446901561
-3.1026006147872414,-0.010696275473873924,-0.2471176217270763,0.003036020604906979,0.7080486558711712,0.43901368413656167,-0.004947792137743268,0.02934283934768106,-0.018013517925248634
-0.05944142216990143,-0.001906461942917115,-0.0036822662832394215,4.082218184660908,-0.3203590092018407,-0.010596989163419715,0.008336944704376579,3.9744318100171547,-0.02751272092239465
-0.018357264500577074,-0.006396925213280591,-0.029349407363459368,0.014214908191447953,-1.0069651462618427,0.0030813086029833825,0.0025766922649609857,0.7126240451988588,-0.0013139205826305789
-0.03052111903887224,-1.5760797519727485,-0.004725228568339401,0.009168253389864047,-0.005960466081213811,-0.0005385579238195131,-0.011264367553061067,0.7378896266283838,-0.004588912106014087
-0.0005613336236804827,0.00028401405847938493,0.0011355323549712493,0.0012293093460195971,0.0008436779114552253,-0.004843611371056097,-2.337620845885974,-0.0003707793852276097,0.0007777888618962746
0.19334512176764354,0.0009071080864483285,0.0051707646471333794,-0.04290671175477573,0.006275730719714348,-0.002932139242915163,-0.49931692430203833,-0.026375194744949548,0.00023138657394571223
-1.8571458107305627,-0.018687053715739945,-0.18001022778575515,0.005229276562881115,0.0018094497009403486,-0.00021367585579597052,-0.016295706800427134,0.45126501575633715,-0.009358040658265177
0.5251325359740663,0.011838970706030301,0.001157091989215769,-0.0023249947776911957,1.063941230504366,-0.8574567045438979,0.7239673310124045,-0.044803821077721705,0.017572920900031125
1.445911749501271,0.002889696563407764,0.03053620024631601,-0.01210952707599554,-0.009397114651430954,1.666783968176447,0.0009527094941049396,-0.028761818967561678,-0.0034392273997589373
1.7952099595125577,0.04402625372596436,0.003034926376710406,0.002672959298052961,-0.030838373644109688,-2.97352588048242,-0.00027554681374519514,-0.06400589041951078,0.04776892767007124
0.0011605504530656206,0.0007132559450679435,0.00011133453068469656,0.0017852166745370324,-0.005473958177313338,-0.056481893120731486,0.0009237904334594485,-0.0015776365761177263,0.005776804116840182
-1.2874522530309838,-0.003157187889381934,-0.0028445804351052567,0.0051102208672272114,-0.002707072291289583,0.0016675780614235883,-0.009524200946283853,0.03380647270583778,-0.0016060829756478906
-0.007216411804004093,-0.008908285582810807,-0.0023005533701122055,-0.002389548700739337,0.005751312437562242,-0.9076215766767034,-0.009925654678580658,0.018710869452445166,-0.0530528124913177
2.726288268177864,0.005083655903858106,0.8849513748596163,-1.143850857335977,-0.0010883778674118244,0.0007087017089249968,0.003948414910083367,-0.03321188281426357,0.0003583547309998769
2.0066606768729858,-0.0005150385025931715,0.006211014684584487,-0.033437843276047,0.004569445965073412,-0.004039555543974139,-0.0019329669465004131,-0.01583183453265585,-0.012107354002603599
-0.011024916530481361,-2.2108704796587473,-0.003209519847233111,0.0022427164025016176,0.004330117993667164,-0.03295920872679939,-0.0009710707537842617,2.9512591497538936,-0.000612206462697662
-0.0005268811366062411,-0.0005324205667498257,-0.00013522042439342657,-0.0019629241412774225,0.9281752770384569,3.067000914197507,-0.010768892813455964,0.0013998327181022733,-0.0026497374019364495
0.4716664010077955,2.7268801324295504,0.0010419083980482136,-0.0009417376212084204,0.000995014382118603,-0.003966706899091073,-0.03227750970428772,-0.04917380671874759,-0.005828768089594094
-0.0029944812395176733,-0.2954878173719897,-0.045401448310194326,-0.00031145125354258745,0.009283072872284253,-0.005013615855905752,0.012043708783026123,0.014250426258431294,-0.013954666882347866
-3.4844536792433196,-0.012611830864865337,-0.5639366164799231,0.016759623670742296,-0.8169959623588796,-1.0689241924117325,0.0037220406294290603,0.05174032333742118,-0.00549592616372685
0.008679167756374088,0.3201427368793434,0.0020111695337848012,-0.0012315274772074834,0.005018037106526782,-0.0030089799424529782,-0.00319161767994902,-0.015017300212950932,0.01632679051339732
-0.002068270908470079,-0.0016973866208877149,-0.2696926558708114,0.0047386861556180625,-1.1331334851612633,-1.208464575323497,0.2897283756935721,0.006753665800708481,-0.0014390293163170347
0.03895224763685162,0.00424677936936009,1.0444986634568993,-0.013757537758499638,0.04241580621914852,0.014148409554841743,-0.004967791600070879,-0.08165359990488219,0.003846806933096525
-0.02440970520622305,-0.0015754194463455011,-0.005271135686266084,0.5158325324012617,-0.0006976509637949598,0.00459326695527366,0.005677040636440377,0.018626182999643043,-0.0018693528942693343
0.9793095686855285,-0.00012727881289905545,0.007982625710093734,-0.016472588718234368,-0.009209660218342231,1.605306135967906,-0.00036995338103396405,-0.01896851079451915,-0.004616243373684131
-3.6417474435773536,-0.00690675889272498,-0.0009339839712376174,0.0004232305644149924,-0.012262415429116994,-0.17309086015937322,0.0028048814962588937,0.062328027191855026,-0.0018363174347291733
-1.076947667216071,-0.00038516051327319977,0.0016092497904958598,0.003105258036292085,-0.004770410822286168,1.567155497842876,-0.005044055127477005,0.006117245201497111,-0.004242612673378304
-0.0006407205660720758,-0.0010744590547079945,0.0013530693523013538,-0.17113825132031785,0.001409203345294777,-0.0023610870891559036,-0.006022623624387288,0.0013526536022281151,-0.01028664821955394
0.006008262509487015,0.002199971771073299,0.3408241805320674,-0.004492003740688914,0.005698582898863124,-0.03482138760692555,-0.007591153911299745,-0.014710021165685039,0.002977360772201662
-0.01570499422107681,-0.007622586356472125,-0.022048396626190625,0.005567050514698122,-0.0033135880902745067,0.44180594837330783,0.02562180848665874,2.092645467489401,0.004095589429941371
-2.245544196632803,-0.011110646976167754,0.0007557678440398424,-0.000895651914918107,0.0008727444517086704,-0.17994220269274946,-0.00241025821136488,0.008413091513485987,-0.020416856123250282
2.3169110572589644,-9.859989550005963e-05,-0.39631058564231236,0.00041654535440241447,0.008753375539241619,-0.0012097554199223411,0.002364291223454662,-0.000548532567132394,0.0070324124598248605
-3.19300087744191,-1.0494044606480175,-0.002540541927047113,0.005583941086125855,-1.4228611393305262,0.0007726212909891,-0.7055909735046222,0.05060467106216686,-0.0016449879129367684
-0.011219709637328646,-2.3387468592455685,-0.0022575036270574833,0.004038785669833346,-0.004698646039583507,0.8467362236982572,-0.0025277656148704544,0.03916550701007772,0.0028794551322139927
-1.7752899020407515,2.011955392899221,-0.0030619361482309843,0.004169916505177116,0.002492503308565987,-0.0019413750500772101,0.7614598720873563,0.04460273666681856,0.016418010931312677
2.478983119792704,0.0035798009417418643,0.0006981705981425751,-0.0004872455165420876,1.4822329272305692,-0.0010373398711742716,-0.007085173276472384,-0.019713969409611395,0.004276695465934455
-0.09120341664962715,-4.1108390441582445,-0.013851634912646404,0.07276403412712762,-0.0035917064707838287,0.004559116659542581,-0.002888949794309731,0.5150922099562805,0.02365029494593296
-0.005614516515242958,-0.15820300148185854,0.004070694777871122,-0.40459895937611645,0.0007560236318891259,-0.04369842012867746,-0.20913626535621632,0.007333998547566932,-0.42127176203011996
1.6572216007667917,0.005434739566633739,0.5808823562034084,-0.004650467938595457,-0.0012365436144575297,0.0038178250621226893,0.0014874136333237198,-0.042339297672179976,0.00720133343687962
0.03505844953041684,1.0021957169470452,-0.00025613755178936076,0.0018191506298388732,-0.00017839552557834606,-0.0006268895738140301,-0.00022944402437775208,-0.04053864376767696,0.14799184880325633
-2.0398723268534296,-0.001741700247988329,-0.04729566948333008,0.012319684430899352,0.00042414986677379203,-0.0003392266054419512,0.002741313292885808,0.06880304232000309,0.009199794098789627
-2.1354753942452693,-0.0033104134672793393,-0.005061239315523797,0.0030751569269824174,0.0012668343764685938,0.002741914544398206,0.0005883912417354873,0.0937604847978224,0.0033782235852030384
-1.6959451157279921,-0.007633102732159183,0.00018824923786114195,-0.001323812348851676,0.0007275568700540512,-0.005381060209439396,0.0015353388015538743,0.016432704062473692,-0.01236213943844594
0.000417949248958851,0.00035305685809865087,-0.014423080400260576,0.5833549172393147,-0.0009368547337666195,-0.05022801457762789,0.8831885633332743,0.001004115366607751,0.014351189343484772
-0.003374185513283651,-0.002833977417975221,-0.003493776257498445,0.003024414809681214,0.00010366814235283339,0.4325606718023992,-1.2429348939026335,0.006548129102501401,-0.009663976860462158
0.006418701625050765,0.64388559785272,0.008843562861481635,-0.008156079409883023,0.0037435576763133185,-0.006993989181840386,0.011349425649743314,-0.02518012505815473,0.006872940300527874
0.008838749864236661,0.003649421961768217,-0.008542431842403289,1.957400924577567,0.0009487498796338003,0.0007900157735555614,0.051357601537895356,-0.005730853410165979,1.9732531014913506
-3.214482514755519,-0.013395876790744462,-0.0013409602162949286,2.591132321645988e-05,-0.003751782253094544,3.640360743656215,-0.0015537132658490476,0.15246717692258677,-0.009182228227979983
0.0019460413543931185,0.17875721128650637,0.0013811889243431179,0.16301893976285783,-0.008926802772284666,1.4210353187419063,-0.0021923862199758554,-0.007434144964296665,0.06196019058083471
-1.1514845437162546,-0.003815242183737553,-0.6335139474798086,0.0019368732064729832,0.0593910724127888,-0.011987625646607282,-0.001697229050730803,0.07637258007102848,-0.0018422084503674219
-0.009328731913589258,-0.19127153080918533,-0.0018184239216297486,0.0010564518502230564,-0.0020038512677081005,-0.018179511889053465,-0.0028904235915918368,0.013739202024179834,-0.038915887503774435
-0.004897897625363343,-1.865931448291957,0.02652488313976009,-0.9171701162120404,-0.8973701542379909,-0.6307123009353784,-0.0010637701959799774,0.017079014159168016,-0.041690249384127576
4.396351119657167,0.3591097606865758,-6.017545595704554e-06,0.004851158486221824,-0.10377623314464268,-0.0008362579087833563,0.00752958500770327,-0.01842901668473998,0.02841039031305792
1.8037533266911054,0.016670745856893363,-0.0018629534378979823,0.002706372972665963,0.0007052271685921933,-1.7155657011672716,0.8026604901837004,-0.027146190048873104,0.02825546215144581
-1.4762579936287905,-0.00043677803023546016,-0.0023556890288969415,0.6044186318780765,-0.017667575621343197,0.004931983732492136,-0.00027061640694339955,0.021583336277593894,0.0030979214178362136
-0.08499056616588815,-0.9839269494878243,-0.01324819871615912,0.0076906588925147665,0.0021378240135250717,-0.0011848951285673224,0.0011621892518525676,2.6186026981540382,0.00148854241603813
-2.796823406943076,-0.0010231029526728834,-0.005447498293623801,0.006463997044640893,2.008227929660479,0.00032197906606006374,-0.003886354486293689,0.0175376277974795,0.003779199796735244
-1.8852834815358634,-0.030258593961286922,-0.2557198575644277,4.344118789355311e-05,0.010182790361687288,0.0008529634833857793,1.5046409489566717,0.15601894802809352,-0.009442129254899456
-0.6087729606874112,-0.006084422379292143,-0.0020661262613265678,0.002337945970769684,0.00020237797170671997,-0.009629876145864065,-0.0004228964487822341,0.03751999714026619,-0.0037861141199664744
0.9013716238380456,3.835144684229549,-0.0006546134236787848,0.0014669126485112134,-0.3995076369705365,-0.0024363096163336324,0.013948793361396927,-0.023461606805335378,0.0397880350267279
0.012564825907927927,0.02561518754500832,0.0006182536324885676,-0.0007140314831162926,0.7274499559435103,-0.11262811165108993,0.0046084083064526675,-2.4380859527615955,0.00947300556856856
0.004215889245891447,0.010986128658902288,0.003943435807551544,-0.00043243235902563947,0.531006882572001,0.022542370087995478,-0.004323755628862957,-0.011671794513722028,0.015483498254038797
-2.5053804727973583,-0.0032348911533144906,0.21475881669164099,-0.010391857475297174,-0.0006183844038315529,-0.0005562614075588102,-0.006113481000195646,0.008234222088505688,-0.02328793227817927
0.0061075138943322985,0.8824828857476854,0.0043956222798932215,-0.0009788509430479955,-1.0404768679014507,-4.87170054981308e-06,2.378297242130973,-0.02003638848068256,0.06619047406119538
-0.002125446715386576,-0.008359456995982398,0.0011375316381364731,-0.013592551322284133,0.003452956004758521,-0.0015754849304723591,-0.0029355714195776848,0.0035795472675696736,-1.5798532279466881
-0.0015404114466850529,-0.34160149883126567,-0.09187928384112581,0.0009104430495771821,0.00110888461887643,-0.0030580647819484115,-0.00021454224944971335,0.012423812394175419,-0.017454988666473548
0.012971337283534085,0.0022235305278184847,0.8217891505626604,-0.008275808216772228,-4.428420674208429e-05,-0.0070103620865113484,0.005578140757305539,-0.011585581574602072,0.004518464588881138
-1.817051101432846,0.00021555281943674175,0.0009284261895359802,-0.0013049250777057092,0.021221443713290405,0.00029152614031441077,-0.001041298267024809,0.011844289621368116,-0.0016327186891239576
0.003820008089403968,0.6113405515852267,-0.00036605437829290155,0.49875257874316975,-0.0156667922661339,-0.11669323602101864,0.0021648874860268784,-0.01815997312172104,0.3190855318969188
-0.0006436811157227371,0.0018790429443901469,-0.00792794725413639,0.41842800474482383,0.0092442788991207,-0.0029849292156136856,0.00324331613070253,0.0003613679807141501,5.090708016430048
-2.5775972040706208,-0.0020820510035431212,-0.05349402247888224,0.011777250996553152,-0.6887660630183692,-0.16692067159681467,0.011614398722276799,0.08126920772094492,0.0004190510428347394
0.01061531692659144,0.09022458419402278,0.005046662010795386,-0.001751157721936023,0.0018915757531117322,9.140447072944475e-06,0.0042046035389574025,-0.036195583990698596,0.02928982583601034
0.16475101365074732,0.009446731097797954,0.01574463604719456,-0.0027262887932832155,0.0005944269893558805,0.009696616684169376,-2.663022203225221,-1.3728924938718665,0.013919186858159197
2.258680002161207,0.005264008926462695,0.31435878710444154,-0.011134450556748221,0.002110109714172123,-0.004243303443994113,0.0006429051452777092,-0.060532683972150725,-0.00013504747099662984
-0.004125039053364655,-0.0018241187998508644,-0.0023270801537583485,0.0011481349464493005,0.008467258923384796,-0.014185177788879387,-0.0009157685142708695,0.0064322638216021966,-0.008906561486560362
0.0023100592130280476,0.0017850390834773617,-0.0006871378088762068,0.00798431644467854,0.003968257554295356,0.0185653430629541,0.009468802854594807,-0.003884172543157492,0.032901441718812256
-1.2483591407873798,-0.7558080565022915,-3.0152167691005483e-05,-0.0031000989209690726,-0.004928554585464866,-0.00012748138009584025,0.006386708695560043,0.8573932324833905,-0.2109962366395557
-0.006225555951017479,-1.0772271984620292,-0.028275344481246856,0.02573997598412017,-0.020928647313729253,0.020355178804113822,0.0011783853252732412,0.039442310454077235,0.005298325387352476
0.9565259500374712,-0.0017569799664213879,0.00021118169523120373,-0.7881324779334588,0.00014212657134729523,0.002728927832568502,-0.00011688688637427662,-0.009794113616012883,-0.0053536444688203205
0.015070464094747486,0.005866869382571915,0.007306048986879282,-0.0019815375496830745,0.0023741785493951693,-0.0008193546012234203,-0.5067678977329206,-2.5326213561001096,0.0001992005852027301
-3.6968580021291038,-0.028318538815102462,-0.015927438091350055,0.01789355935661746,-0.008166091122104004,0.01683973151497174,-0.06436327543245926,0.08548948109315334,-0.0002498609444004374
0.0009880984264502195,4.761969674614149,-0.0033894087215058377,0.00626405130465033,0.021824687164133785,-0.5236420055810193,-0.008598372162115599,-0.006287971345938042,0.02437801414439189
-1.767557423425792,-0.011074127577844345,0.0013722265771872327,-0.004043381839414583,7.434539193220194e-06,2.4038968937675205,0.0016852348827276365,0.02858641279305612,-0.012848233354435995
5.539393179726641,0.001922219766021938,-0.6893599794079845,0.011352597156773503,-0.007420466410144429,0.011924966109831028,0.06507828166059121,-0.008123968108811386,0.01902577692249896
2.7502564810144405,0.00874701034876713,0.05639047871793623,-0.007600068862147192,-0.0051000743363093775,-0.010881587036205492,0.021657302476666203,-0.05986996440555064,0.004162496283572403
0.010504991074878511,0.017245991583694623,0.0013204411726630472,0.0037730191111416452,-0.01284081791838219,-0.0055645695955440265,-0.0010778267271183233,-0.024220597081965015,1.899160127740699
-0.0008948975774889831,1.0675969744990494,-0.0020994909178907867,0.0016018396600399583,0.5639316545561668,0.012487590128713746,0.009016953827938972,0.0011388199118425937,0.01798460898347698
-0.009685933266799222,1.2360416844375526,-0.0018932433256241485,0.006278205372767153,-0.004222038461053579,-0.03139252329067953,0.5965246477113245,0.015279657708821372,0.04426707867699875
-0.05584845682800921,-0.006971272633465253,-0.6708772627214937,0.00588082989710232,-0.010190569638218587,-0.006851736942621777,-2.6157993210981084e-05,0.17082451468162574,-0.009922884894493902
-0.00804880543394492,-0.009366668682383816,-0.0028552388796779004,0.0002697687987530939,-0.47459435320846577,0.014202226831212509,0.003739729910132768,0.018633718874029204,-0.029071919132339676
-2.055519675012743,-0.0004931532669547947,-0.42528994636730744,1.7614467243039087,0.004804304483163463,0.0002390125934324936,-0.00838263086949146,0.2882803843192132,-0.003309154526999869
-2.115098826019304,-0.0020648012460275523,-0.0009247364321294041,0.004198632391405055,-0.003449304812680862,-0.003140080844828089,-0.12389536952448525,0.01384278144456611,-0.004611197573818282
0.7022813682990361,0.005429150359586929,-0.004661350977617444,0.7912816974374502,-0.00205430807151046,-0.7374416254372638,-0.005891487181182104,-0.011624468252773338,0.019524822058271177
0.0028408133739270436,0.48591561518718585,0.00017774051301827631,0.00022665653350851037,-0.002901629283423358,0.020766082848159857,0.3609594304578289,-0.004164016900091927,0.03441881650927536
-0.04986136534983869,-0.10305746152993156,0.0031557265849057464,-2.4523377152123893,0.007011713552547183,-0.005901749346871635,-0.008816154515269913,3.8081390504704453,-0.054040745240246935
-2.018151451996844,-0.006197361451615965,-0.35964894743842635,1.3645251642433491,0.0017224217259462354,0.002008929207087653,-0.0007347141234592888,0.05885784336687849,-0.0025154987317513866
1.4458208184596315,0.012381243769371691,0.19769089418281394,-0.006485313706902918,-0.005712841270825637,-2.0086881450143887,0.6425740824345327,-0.07447342382796751,0.009775697115003729
0.02348726529708659,1.4889203712766035,-0.005875924746476274,0.031070552031866983,-0.9168099190910906,0.0033955658373753927,-0.0023751369548090442,-0.010280412291752652,1.215216217460867
-1.192134652827085,-0.0031271365079088864,0.005879490607205176,-0.004532977731534931,-0.0033744319509025076,0.002018110293612369,-0.0041590080332837695,0.017879835792321004,-0.01631215544385442
0.003155540023909345,-0.0022182095603205387,-1.597492232126342,-0.07772093100012523,0.6834310088823806,-0.045092553892881,-0.0011198135251188415,-0.0033380579645010677,-0.009371002430185599
0.004960255576808696,1.1771530698629098,0.0006179719298480268,-0.0009323952235259961,0.005646683936395901,0.005072474979464885,0.0046096910442266804,-0.017964984973255462,0.009459515750243175
0.6282836982680915,0.005144952345166593,0.43281998928510546,-0.00020123413554615915,-0.9890841734392488,0.0027038413987680466,-0.8804461984377769,-0.16684910158204347,0.0072862616122682244
-0.523745982524682,-0.17475264171016724,0.005855562430770261,-0.01573052120504212,-0.963504161704051,-0.0005786745975879058,5.384132907016566,4.012277639971979,-1.344698748896814
2.394822015998285,0.0001328948582816357,0.1806554679398975,-0.024363141813763645,-0.013681100937858477,-0.024457555042495062,0.0068123464579915305,-0.019801796816802858,-0.006042429573239416
-0.005415533893979937,-0.008220824903603364,0.0006895213259884089,-0.035670849568493354,0.005800379942661185,-7.6090058065055055e-06,0.0005599526177521997,0.008087080933244372,-0.7321860909819959
-5.360837573303005,-0.03264173399080875,-1.1389146398131214,0.014330346906934799,-0.004153801577108408,-2.742644710223605,-0.03902342759318883,0.032620563001101055,-0.0013131063625324568
-5.4341701622554455,0.0005398669719544769,0.29453779551078707,-0.004828578614353846,-2.9681891148453793e-05,-0.001551782783414243,-0.006439981058733876,0.0012534914089630533,0.0007457466945989255
-0.0011816633099377939,0.0005656198992777528,-0.0015756599259609217,0.6567487027729509,1.230082733410335,-0.024565470438105152,0.002485438232388188,0.0009097463089883927,0.003702393523087899
-0.055022773706767135,-0.004369083363539543,-0.059320415083148295,0.003991090570575236,0.003435286385262852,0.038615835751156374,0.008187481451238413,0.07574952556689371,-0.009247798339708825
0.0016151043125896413,1.8291624925401668,-0.001141777430081578,0.002666248323950472,-0.003104432464968448,0.008336202157963461,-1.4484097667302323,0.0003471794938876144,0.00857919412900876
3.13746853350389,-0.0010571483549951005,1.2261222512644796,-0.07130759982400225,0.007832338317780893,0.7711540286393206,-0.0006865599917405679,-0.0450265594026803,-0.017828030854443733
-0.027489762583633195,-0.9063232314969845,0.0026391005049737626,-0.0052328421779767615,0.08939065454158682,0.0009713233901217895,-0.06339633256567809,0.014449175645347631,-0.24414851860345532
-0.0033301071930738058,-0.0032315332776849857,0.0001521770760848361,-0.0039646112095293815,-0.0030332072228569807,-0.081848328098487,-0.18149377255466392,0.005274187356476676,-0.18623163663866327
0.33906992105846834,0.0023911130261780066,0.00027511797377140646,-0.0007232438653560539,-0.014951022048999561,-5.496597908411573e-06,0.014033871895713632,-0.011153687369384262,0.014644761231397307
0.024070793340860135,0.0069031496089782445,0.17826704406328509,-0.008896071367311933,0.0377291934979718,-0.00422294016517854,-0.0016213001110164111,-0.1308384481017783,0.00898695328865342
-0.7174904951240112,-0.00469408103882691,-0.005249727048767534,0.0026147807922503284,-0.0013384835869457174,0.0055523497374629725,0.11810385941841367,0.0945529904902011,-0.00016328005279013513
-2.4349386449851425,-1.8611143325764599,0.3237973788344046,-0.0074360041305872315,0.0038465709415562883,-0.8967224593634606,-0.21601209709859281,-0.0008022239973413114,-0.045760089298852336
-1.8182372374915212,-0.0014157042839833829,0.0006471615976043066,1.9453824581876092e-05,-0.00537767895224193,0.01218132704899811,0.009641471015300758,0.01817055471123939,0.003089248233925035
1.1074125826911652,0.023139056756078476,-0.00023547055590884824,0.002260099154597619,-2.4107511080291577e-05,-3.2454284739627237,0.007345374376480633,-0.7787162055292441,0.022676738643593986
-1.6285512159443887,-1.1873163527415391,-0.00018363159867891554,0.003696231787170311,-1.449886126332134,-1.3551925769352073,-0.13190583806399953,0.022736636611626566,-0.008985310635779453
0.22276324603007291,0.005851822342855484,0.20467169199927204,-0.006551704004995169,0.00047966604415698244,-1.4507816594422653,-0.003505786163476586,-0.48340474118468857,0.0041037276278480875
0.012544862231237193,1.5105751552907358,-0.24927453625106333,0.009242649456697963,0.02163179879915565,0.0052853962308564645,8.62313320163649e-05,-0.017980119854670143,0.0939934747990292
1.6144696521844768,0.9702173403508617,1.1038600998672443,0.0021701397616907814,-0.029217205143986763,0.012437987394702053,-0.6184532967505021,-0.03774681440732852,0.004063054785794384
0.018016613413682575,0.002545115287423204,0.9333941241963282,-0.003078186528902578,0.003413184740043855,-0.008774449597365015,-0.0024088722700020505,-0.03227333519479286,0.00327232388526337
-0.7270848356463389,-0.012372299197420639,0.0007484974414133684,-0.004641759339538501,0.002339360074428963,-1.2013850426177926,-0.0014638474662275929,0.0294253603884714,-0.07506765171202512
0.08586736135805409,0.39739990209503473,0.00755856244058694,-0.004231919973110883,0.0020540309468366907,0.0010767324089118904,-0.000961952901823185,-0.15980988668893448,0.020251957944068838
1.052574400408997,0.009968623846034329,0.013928037112431096,-0.10434627433182281,0.014027962064640055,-0.006581426738216544,0.19953919701061792,-1.4797555904418238,0.0014674383506637911
0.00018221373711633224,0.00030469124058838835,-0.0003562445114750117,0.004237598842021307,-3.607579268327714,-0.0033633855121021385,-0.006265275617982575,-0.0003100178241106761,0.0018464165173416693
0.0014329383409107958,0.0001638637563512019,-0.0008368636543767771,-0.0007905752004542587,-0.0003519933937466798,0.698531069676494,0.009777242652180499,-0.0013182580564343003,0.001949210375426018
5.429598520304759,0.07273296638269086,0.2886093624728119,0.001157002954812858,-0.027051973719467208,-0.0006557255040249028,-0.0022619612931964878,-0.19470066177557577,0.014459857596422765
0.05753762669556068,0.0066586976565685295,0.008932504687293619,-0.005241684175276439,0.3015526272775906,0.00015192946261842835,-0.02305230080515095,-2.660537566152984,0.004037236940160421
-5.045768226247757,-0.00627688436431761,-0.20579386594365978,0.0033894091098801427,0.01561879004979223,-0.0014444695990827143,0.007735394221653216,0.012760418097788745,-0.0026699902842680645
6.376202581377596,0.0021085740039822106,0.4532995605168182,-0.022677389599837006,0.013932173807134338,-1.4311718140224408,-1.1692456263658721,-0.024581897353613158,-0.010983726137011374
3.028008988314014,0.005189230837200938,0.0014650981584829331,-0.00042765116914869703,0.00668518960617645,-0.5283694355428208,-1.7484162006571033,-0.03834349217297438,0.003926680508065217
0.13607406313518408,0.005452859381213195,0.03598252357068947,-0.005546563505745755,0.0020063611672163266,-0.0011115896536423105,-0.0033278629150869385,-0.6692222314937284,0.006825340231648762
-0.011270413196140514,-0.194162931564525,-0.0003351178029683908,-0.004397426422590352,-0.010287165356484796,-0.002374026320403496,0.004957583074460329,0.03341496532642857,-0.552440389215161
-0.017142141018890222,-0.002152462947548308,-0.9193797172918436,0.0043677775652022355,0.6646124390688105,0.0007372924228020244,0.00033894849674580524,0.006996319557322217,-0.004045277901515959
-0.06019620422199797,-2.472126842778461,-0.015579450107563675,1.0100118267270717,-0.0006173497634898648,0.003750099839795093,0.00015626851743023862,3.4759405587393304,-0.006591878502977266
0.0024231251040798645,0.005571096456217388,0.00010490266091989079,0.005260008174147852,-0.03490814894692389,0.003039729501476438,0.8264724140024151,-0.005037556401312142,2.2855651704035367
-0.0038811494779884183,1.1547628969490424,0.00027725270381891154,0.0012444135457996093,0.0010156872454356522,0.004615939232272322,0.17002448841262877,0.0014621993966945812,0.025722714407228064
2.411119455728389,1.687716809106216,0.003888300413928847,-0.006819797231162014,0.003982932603460408,-0.002067679671770758,0.10250041029218421,-0.17956616442741674,0.0060040588011600615
0.9768688422011911,0.005206136728481882,0.0011268598108767937,-0.0002640556431694424,-0.005947346250764514,-0.015321696422055255,0.002452100926251736,-0.025314155728701982,0.006967221158435941
-3.617903987085009,-0.8381547349549676,0.00029146695059423244,-0.0025155710016950307,-0.0124924314998561,-0.006677240893503181,0.015238857183125058,0.0244224901140832,-0.023862891574807144
-1.5909746115743106,-0.6628989606708319,-0.0012889770884929042,0.0034532555163351414,-0.02460665635557701,-0.004622236840892262,-0.004768897623711122,0.05160226434469273,-0.008199741944156402
0.0031240410021154646,0.0009731457099145657,-0.0006213920608674982,0.00719575092907979,-0.0071648028149622674,0.00545886051827832,-0.8487512048413508,-0.0031637675057357897,0.010843260726198699
0.0026014141462527827,0.5557342806692119,0.0024429934508093075,0.0008971781069045836,0.000607792040593573,0.0011823972308380411,-0.004481385733000037,-0.01038653381877749,0.0327838345822159
0.015167260191024505,0.008038317626132368,0.002995652604782365,-0.0013556894313813132,-0.9065149924798439,0.0011136535248424556,0.003366438888204938,-0.01572679206177969,0.023658730258985294
-1.8649789675348392,-0.058036697729091695,-0.00179582014893271,0.00027587873702428656,0.0007821429548677504,-0.0076294815554828,-0.012445542540567487,0.045749093256765135,-0.029563224380721898
-3.5227878610145313,-0.0055640710656189325,0.003890385446984973,-0.003263021708209705,-1.6138249680189962,0.0019443254070688242,-0.00949629858885441,0.02058934901005552,-0.019428355607006287
0.00430786564439763,1.3108093340863618,-0.0006917998534678865,-0.0005350864521112646,0.1595346883630105,-0.009350042804615724,0.002175495707555569,-0.012376057868328603,0.003067917344521609
0.008856010200527495,2.8436402637316927,0.00165864895742307,-0.0011622725438599968,0.004713706171444183,-0.008811642104511326,-0.002663613867613719,-0.11709034034008547,0.001081578451612275
1.2409102373693264,0.005172881688493445,0.5781258933061904,-0.017284079251392998,0.006065880966905284,-0.005063326795667313,0.004002939015091765,-0.7062747677099566,0.0019489699361614488
-2.6298788243827307,-0.010480847445829337,-0.8246916101213815,-9.435357816486856e-05,-6.76841131342816e-05,-1.7339672456916837,4.855250743068192,0.12095460718548301,-0.01435668294591963
-1.6737289585245207,-0.002215381469556536,0.006458601036827938,-0.006928572604273406,0.004674278028874929,-0.0015416448886248948,0.002665623906638576,0.0077789815663923435,-0.00696041306626663
-0.008300581780446663,-0.7170553886131515,-0.0005329280700256886,0.0011162707462882343,-1.7875504105642797,0.0009924469334649313,-0.001493080226657886,0.016301118550172168,-0.011960077878341635
-5.898980394959178,-0.057225593007123765,0.4046550238110642,-1.632265449169263,-2.244036673512001e-05,0.0013680954290573662,-0.17460766400948335,0.0075947271778257774,-0.03512686909061724
-0.6360411237850943,-0.0022892904616028976,-0.5722183047664577,0.012672778840994242,0.3140081727809273,1.8977947812293734,-1.3159136554287012,0.02678669486848273,-0.0034444651129295345
0.04750074438315414,0.030086960537025913,-0.0013503850952500118,0.0038688359947654898,0.0022096211994344257,-0.019380416101064887,-2.1313938674621338,-5.098360004456384,0.021926750619064905
-3.7110819115180558,-0.3121429862615234,-0.621945124919872,0.0035163085182591536,-0.0010530687545262964,-0.4376033665326258,-0.0006945851652401663,0.08284690720944732,-0.006345779512415661
0.003147974794030265,0.41025841630244186,-0.004591030482245996,0.3324026053745169,1.332013763209262,0.005324785536974545,-0.0077013048837840815,-0.005895627004235585,0.13004745585108413
4.422694335658008,0.001666118233090614,0.030648748462742015,-1.895966759515133,-0.003165548443396886,0.0028609956263762532,0.006849217273214362,-0.07212885558316319,0.008059355783233468
-0.6392627148071335,-0.05241104572355281,-0.0002818369850989006,-1.7718081984212883,0.532620916650165,-0.005334473783604257,-0.0014602872279419338,0.09442119690192327,-0.055270389152324684
0.002660634301996143,0.0006424220466021639,0.00676079928587275,-0.3731893110101516,0.020556344779195455,-0.0050651996559425115,-0.546527390454025,-0.00466523059523653,0.0004115563407103961
-0.004483429933584849,-0.005126593879585986,0.002271426888798374,-0.08921835019921821,0.008811562680334815,-0.10108078652736721,-0.001895988464655197,0.005430159563702148,-1.3678346748935248
0.008076436742833606,0.0025731387813187935,-1.3979832656458955,0.017315629560310214,-0.037925773578631354,-0.007129383942768096,0.015473778082617923,-0.015952962156233902,0.01715764636484915
0.0006455778119150055,1.3816471119067222,0.000968686175419807,0.0005171857735082595,-1.1062430907773586,1.4096422027514877,-0.0018844897069513686,-0.000988000850591876,0.002439555666550186
0.04754025095291681,0.10412357468420352,0.8566923558590755,0.0040615624071554945,-0.005740325339190897,-0.004946715997028306,-0.008101427381770705,-0.09855075394342794,0.02247887635208512
-0.0010714894154420015,1.2858558925728258,-0.005386284579469103,0.00649595559664229,-0.0018412645800323871,0.003821952088121879,0.3041367059297526,0.005400980852389805,0.07741003769040322
1.254723654708624,1.1088507712040787,0.0084565394263518,-0.0031947001535983345,-0.010825612995753338,0.7324466712294948,0.0013499997253456804,-0.5082883017966465,0.005893146202243793
0.7804203581671452,-0.0008712512597470884,1.0594663496891794,-0.3182460420193447,-0.046947121702097624,0.004585637919693944,-0.012430004459675598,-0.014066111233427714,-0.012780947657664576
-2.157413310133521,-0.01169270667867726,0.0077496611448865105,-0.019230837306246668,-0.0029294420079180854,0.002422280152707787,-0.0008158869548342334,0.022920822939699062,-0.05993038911671844
-0.0036567376828791198,-0.8442081084919628,-0.003480415748514959,0.001609304835742699,0.005259491574850697,1.4250214627522002,-0.0007635571335557929,0.009058495222595291,-0.006287141076259384
0.010299984819730268,2.1691530960264687,0.023231279119900305,-0.04402946682887025,0.036566212167539955,-0.002197235281378892,-0.0016876990713485043,-0.07153561207250726,-0.0015117385246448123
0.009587644436055792,0.00046987285894737555,0.139098791815631,-0.00840490778645537,0.004568994582918224,-0.005341766940064116,0.00045875580724290613,-2.6503260312021606,-0.003601167696028418
-0.008964471812795683,2.4855812455800805,-0.004132374708905873,0.0066310852940517535,1.167652243357862,0.00020383154707910047,-0.0027409903843520177,0.022101005303757536,0.020932627346678778
0.0840094896211795,0.002412527138344059,0.009933687803491,-0.011746804290106766,0.03480550950574279,-0.013677648647092715,-0.006920618585294582,-1.417163363611464,-0.004016276496094498
-0.021170516523895063,-1.6488981983340782,-0.005226257339530832,0.01183045816390323,-0.00936549046307774,0.0017057650484226222,-0.011555272921597207,1.2410439231742334,0.002723535747425121
-0.0047133030766333414,-0.004270826728030218,-0.0030699385536768977,0.0021471923917154474,-0.006940993928210636,-0.040860195261455325,-0.012248190280267206,0.009204611020287686,-0.0387582294053225
-6.55413671804579,-0.1694502950432245,-1.4046013436022573,0.006536293995784481,-0.0068859237446518146,0.0018314511180734863,-0.011436635716103594,0.02624981321797959,-0.00734619657931912
-0.009418373545836817,-0.38694441591005513,-0.0035572521878304425,0.0013406398067082959,0.00422948257138619,0.35421946376099334,-0.04406857732004568,0.03645959407386435,-0.016965375084161904
-0.009232505503831243,-0.2922249648735187,0.0031369376132649174,-0.009009699403171485,0.004655724147106753,-0.0020254833080308524,-0.008490717508298943,0.011279109466773532,-2.709277865771897
0.0065649567443216775,0.04604162393746428,0.526762899475838,0.0019665806449557233,0.0015225418331177266,-0.0006926950487848331,0.0005324093608406015,-0.09132862177542794,0.014278089472318727
-0.0011735645042665762,-0.5068459794913589,0.0026622867754466373,-0.03064555972304385,-0.0023320393285477595,-0.06808653411509182,0.00590530904126925,0.0037396832970993323,-0.062815299353083
-0.004357627045850541,0.8984889850535271,0.003928614507243022,-0.0004653433410797547,0.006564029002281251,5.210104811806393e-05,0.00228625778329046,-0.0005593100818577258,3.5640080445109064
0.006750013353790656,0.013872223480218979,0.74206268498362,0.015537333757540836,-1.0980538730663576,0.0012627382296034407,-0.0037086896675531324,-0.0359011604988273,0.02394256902425937
0.00382529383379572,2.802009491813037,0.0020987247744786164,-0.0010671815592989539,0.003511249176893834,0.003846014759056038,0.004934377339367239,-1.9738245995542527,0.013389020371115112
-0.04194316876940005,-0.008108933573924565,-0.043785932906096864,0.8962974075949274,-0.007711357777134159,0.03230645393738815,0.005684580974656049,0.15965941590266952,-0.007417736333731261
0.013278481649004125,0.30122129191002817,0.00039061637587289866,-5.682583698134007e-05,0.0029960898725509034,-0.003398494156958587,0.33505540646077303,-3.112155561163012,0.055566523588161276
0.3248157317627569,0.0007912079191878859,0.34892547721269673,-0.0775955705743796,-0.8674008666773544,-0.0012631018176403033,-0.0002294074548261759,-0.037574616317670576,-0.0004651501097977448
-1.0683864056845387,-0.0022775389768098296,-0.010907260521337364,2.492975712901504,-0.0015794599420118419,-0.5417606287824366,0.008175849115404012,0.0946003076972878,-0.007174827043575638
-0.002762843541644299,-0.0017425646102821673,0.00021025031514947058,-0.010351489003578636,0.015054193477311868,-2.195795789279376,-0.4834637313863898,0.0042319130262845036,-0.015488155068850724
2.5889361006837337,0.002368579038746662,0.12216702703093962,-0.01733007382917994,-0.0005042507189883978,-0.0012367093726709656,-5.478355377406402e-05,-0.03582212226901517,-0.006265837101300409
-0.7005638236688871,-0.010029297525682096,0.00025230389198840214,-0.004915175212902079,0.002280848041433408,0.005108653955841529,0.004599916856233649,0.02171036721169765,-0.5453218824493151
0.014465884788788599,3.7565555145332103,0.005398086304093386,-0.011616216449773583,0.639500853558141,-0.003478485345945753,-0.0009486504094207496,-0.11723723335506653,-0.011072978159817115
-2.7185783266256696,-0.018922316644967796,-0.00904706404367775,0.012647713880893096,-0.008322029308067625,-0.003003793169091276,-0.7376473798677883,0.05160737600745062,-0.006367227299670153
0.004459209500502579,0.005137614669290958,-0.0015758717059477974,0.013030506162016146,0.0005996393948646915,0.004205437275285001,-2.7925316998546947e-05,-0.00665865678213454,1.5929531230485452
-3.652070256836381,4.55548949279249e-05,-0.002113863890637585,0.003700025833176357,0.002548567821053947,-0.0019378521706248557,-0.006295011281002228,0.012051279194405708,0.0032301695695210464
-0.0031049241275727703,-0.012093026545459191,0.0007657489067101411,-2.1277896305482047,-0.0024653863584865408,-1.473510628175453,-0.014930008906816217,0.004435653613581753,-1.4289255506881895
1.406432934549188,0.0011987132450383825,0.582564244988311,-1.0893550158203826,0.0020886723066894375,-0.019330445980948602,-0.01010620788878646,-0.14580112783900012,-0.011155594397574853
1.1776302120518978,0.009339289174208393,0.004354087041949305,-0.0003823817117569005,-0.0003967285587917549,-0.000844281696611187,-0.0018457178372418425,-0.07672932072158084,0.03328119066572777
2.5922650248051684,-0.0033393952304209638,0.0006797080003133199,-0.0023467670546735296,-0.013798100025702115,0.00035352895855999243,-0.0019415887029134602,-0.002869892540352974,-0.00792187699026159
0.00019355922651518117,1.048802977428776,9.056839976948061e-05,0.004578938304397222,-0.038891448930924624,0.0017875719847478798,0.003405887975701285,-0.002989290070871191,0.04941474871011409
3.2462169438480193,0.007998583216070977,0.0011404916851088243,0.0038429547210518692,-0.01652943772293601,-0.005222526774848632,-0.005263872792054737,-0.02597243284836903,0.009971184094512142
0.002042748322038712,-2.0444510330564722,-0.6161214954027789,0.0022570504505495803,0.003991655195570683,0.001791527932604245,0.00018110840720146626,8.198239915757632e-05,0.0005033269185588107
3.0232928707115683,0.0016714905380487747,0.29637136688418186,-0.11185517092342856,0.021045852679517765,-0.01342069647660615,-0.01161410322417323,-0.036901087148676126,-0.008358958667435745
-0.0006641930431826767,1.6819862114920805,0.0018597747513035418,-0.002717279828346967,0.5487358953587387,1.16050697254642,0.0034456574267156016,-0.0024781282507087363,0.007292808428175923
-0.002063713845195843,-0.0010042313093179735,-0.006074504473938143,0.006859553286468974,0.0037096765498122047,0.004388596641715981,0.0001594580765569938,0.004348090978639838,-0.0006228610009803184
-0.07372485531285691,-0.00490094002599591,-0.0015250346888042998,2.3987183809548482,-0.013162628546031181,-0.005450797418891798,-0.05933431343056795,2.309663055387542,-0.023632095853967305
0.9207109820062938,0.00948568386306727,0.002829212279595799,-0.00047517471641503757,-0.0038187711928185063,-0.0039194196934499445,0.002490259997489326,-0.09320112622816602,0.011848190700665354
0.003578853725111677,0.003859239624915362,-0.0017685421951544149,0.16188961845283667,2.1144279970778834,0.003856410247390571,0.003905214212545022,-0.0062519650259889245,0.5311778054771974
-0.022762163343188105,-0.0033954543262463763,-0.32045782581658083,0.014756350239404255,-0.004896179795093894,0.0005564987239380489,1.2346461835257643,0.03351452165519449,-0.0032414731389796923
-1.283699611321347,-0.024044101649203866,-0.005813083134633863,-0.0004905627703775716,0.05583717349904393,0.03798733258987199,0.0017873396713089036,0.14481332414115078,-0.011720717263516645
0.00089623329250947,0.0011017173903820742,-5.809582988569248e-05,1.895287042763742,2.076381768427988,-0.0038076459436268855,-0.00654227068121894,-0.0015362982389279267,0.0033471274638676735
-0.008493024898486828,-0.013640311437414537,-0.0018782214904049263,-0.003359765757004186,0.001044596022803332,-0.005136137975174038,0.005948693583285928,0.015934515315585516,-0.044425969179916036
-1.9158620509988786,-0.007892365491238562,-1.229011236364741,1.9666732675719523,-0.0006091365374328861,0.0007197059136354654,-0.005953344622596807,0.028762254074414795,-0.044090455632031844
4.102073485732205,0.1463518160694393,0.014455283925946194,-0.009496519445846674,0.016157842123499924,-0.009861847151587036,0.002767283436996077,-0.16537805532089223,0.002402862762798219
-1.6334585969437478,-0.0024724621193887818,-1.1667476719270438,0.02220407254136747,-0.0022563186121606505,-0.0009937488607190091,0.001660607135411607,0.01434955935859017,-0.0026744507778969084
1.703610559038746,1.4065324791670077,-0.0009884784096179378,0.002146349496414658,0.0018252418877845698,0.0028067677857222875,0.00347616529483797,-0.2794283012630753,0.039966050909221895
0.00046479153020744207,0.0006861170968856244,-0.002375096053790919,0.5677490766311226,-0.0016908506267617287,0.0017917295506423726,0.9612286999843273,-0.0009275885635398381,0.004310772081941859
0.000350797011006129,0.00010784982492985659,-0.0002536385031190392,-0.0009878621704647,0.006048784253536677,-0.5467091158386972,0.004095041240266586,-0.0004297358387898636,0.00019006606569423393
0.007641592796581404,0.7523147786330331,-0.00018026767003226363,1.0288209599177387,-0.0003665384432515346,-0.003413741055579757,-0.008736919071368431,-0.0278490235293025,0.06326664905411905
2.2337074921729188,-1.8217140367150568,-0.6267193688075605,0.007940906485369159,-0.02610151797623153,-0.0010449421775161095,-1.8902618774001545,-0.007325049862928479,-0.01584521274259354
-0.06192411835045661,-0.6156778032388864,0.0004373876162174391,-0.0013451584318424472,-0.002963182234228037,0.9773944362918818,0.00023642591624694741,0.02875446557579759,-0.10992207187509351
0.0026025141607107427,-3.1898978284976844,-0.001054113505355142,-0.0013462376404244662,0.2848464724178112,-1.0563323423807436,-0.008538047908666198,-0.0014192424795259097,-0.00760697423372636
0.030470989402554903,0.02190950036190079,0.023247434759519587,-0.002686087214643156,-0.00292778884349052,0.00020955596519832572,-2.4906848253733616,-0.353502927002502,0.013516596004913294
2.3544522940137442,-0.0004120865957635216,-0.0033429696532480957,-0.0013614001249815846,0.07752195601780774,-0.0018107695100430716,9.427787852212509e-06,-0.006380430939344241,-0.0015653668699598944
5.8933422058499865,-0.008172696176214883,0.00048125372359203444,-0.016606744552496555,0.0008298382693413126,0.7160256390382538,-0.00041546431413969076,0.010782821837681547,-2.445521633305745
5.153560933298666,0.26111264227409103,-0.005867530717325542,0.02586042758318252,0.8057135671730702,0.15204516458463363,0.013048395933423499,-0.19353404361882653,0.3986080951017925
2.9664005245122715,0.3088079184770365,0.0015145137910230477,0.0005817985131639605,-0.004607501324757049,6.385137819198079e-05,0.015565661963161722,-0.05779797890566225,0.018109854725732344
-0.3237031569681953,-0.006061766730068304,-0.0008363802873619887,0.000712448650558743,0.0021090667503727615,-0.003257605233358226,-0.002788147526712578,0.017749091033185335,-0.013823893257462118
0.42845873751912755,1.7801386574845388,1.546728782721761,-0.043134849991677715,0.022115644881376975,-0.0023171130871514345,-0.009320079234310802,-0.0879568701493949,-0.007825150992394114
0.06293990937310245,0.0034965725039918273,0.6786232359472999,-0.12473475588800764,0.004909166022741902,0.00859444471146478,0.9267869594920524,-0.9354986973785193,0.0033396796607005896
0.003650392291539452,-0.5487862830685523,-0.0006838708986765529,-0.004819472741643705,0.001500108139502934,-0.0020899184514093527,0.0009002376562416174,-7.328777811808126e-05,-0.020309486242347352
5.04097590785973,-0.6377100267438434,0.004914548900612631,-0.06956043334464215,2.869853049551793,0.10545060993992457,-0.29554789238317625,-0.0045914567386780986,-0.2109248828815513
-1.162428895853353,-0.004753121021891246,-0.007212936610487136,0.009145083867753602,-0.00244229636141879,-0.02116401259286476,-0.00222764205658434,0.03632760347187076,-0.0027901779604802834
-0.02968638559557425,-4.258967839342973,-0.00045644446005696504,0.002531300288107689,0.0024716677272151877,0.0010480082871910372,-0.06465356332000416,0.020077167598499326,-0.002533404745256984
3.0825247936619635,0.05648828665763523,0.005478893454938516,-0.00040551222992057446,-0.0012716466276919552,0.2366426702534582,-0.007793443207299993,-0.044745861883272835,0.01256700034807734
0.006111245536964547,3.0426083103675827,0.00030356270776379923,0.0008653828453279158,-0.007204809951871161,-0.2694642505721388,-0.0013707841698327242,-0.00890230746305233,0.008120499688097693
7.208976471095255e-05,-1.4321511549633537,0.0017207973853942682,-0.004121994794034103,0.009369081228209453,-2.7251524140328787,-0.021660137863048032,-0.0010908428025279556,-0.047151631328650856
-3.993838634499742,-0.013448986123420048,-0.6381523730743996,1.0326148677552816,-0.0019339908028451203,0.0557579478719081,-0.0009559461136784408,0.027867000471541226,0.002047654340038174
-2.3132053121710587,-0.016850959607029998,-0.09227814701235226,0.007669718091851754,-0.002782515212647732,0.062408550253527546,-0.0033760093395482638,0.3506802133123568,-0.008282952931970955
-0.005803977040418707,-0.004062062511250497,-0.017876714021670775,0.013969645215393983,-0.004940007068901599,-0.008964450044767588,-0.05330777648018728,0.014794496080055371,-0.009633699374244947
-3.8899358036002667,-0.022752618564061935,-1.7323217680259315,0.01338766696179361,-0.004753659985319764,-0.04735561136864003,-1.050278742621865,0.017955187955698837,-0.008199273879943791
-1.7601666210521578,-0.0036653463398766267,-0.0419350575601003,0.14795679407312923,-0.0009810088332296314,-0.0002729324298895993,-1.3655619380425543,0.06697672639686769,0.0029261051317941156
0.001016126641048172,0.0005247774590776601,-0.4313215765105023,0.6049212614190642,0.002845896615309009,0.28664443361771147,-0.0012555270516426212,-0.0008650416826289226,0.006233961594990657
3.5822899548580107,-0.0030285143905454956,0.0026273234043916183,-0.5975891840768023,0.03413718145482597,-0.00195830035671664,0.004206055078252634,-0.018598610721473244,-0.001313738470300363
-0.3613750425677982,-0.013879842985801385,-0.0017295096350782562,0.0011606504794767192,-1.4020983594231327,0.0015874028978691923,0.00018109686963301702,0.0664672693998024,-0.016511158143511492
0.03249005926289731,0.2750420848002807,0.3350856146943979,-0.015018301045550325,0.010494167025481685,-0.2559403757067872,-0.001892936555070883,-3.558767284841629,0.004524044908678526
2.602054758324141,0.1403622744094797,0.0022943469895599505,0.0009250864710494376,0.7463020041740541,0.007772155114250525,-0.026086868010681732,-0.05773108573858244,0.031455842582684856
-0.009997512220070379,-0.008186264719699791,-0.48819424313855886,0.00528432759445319,-0.0021779513618088633,0.02717860160240617,-1.1956976926517147,0.026770789787176397,-0.009717268955680168
1.859492262072377,1.3043111401472474,0.001399158940108905,0.0004164400999050505,-0.01569852252072789,-0.0006235875976265345,0.0012144735577981867,-0.026397312433824652,0.01957765938625622
-2.55742975817996,0.008327993102702845,0.24598842763948703,0.001150293378045765,-0.00861740652385933,0.002208350955610109,-0.0028711432360410197,-0.0018151943140550936,0.005880233386839462
0.05578711930850066,0.006722568705307481,0.109440794478874,-0.030408783881993452,0.0025250493715334946,0.0002847363877746252,0.0009566976936086786,-1.776177572681256,-0.001141573084634917
-2.6380811705605445,0.007577122921166055,-0.001179785874622058,0.0068745606906454575,-0.004336576131510303,0.022428278722095882,0.0007238014354272381,0.009147089242995775,0.01485032558995264
0.06837895830486904,0.5204106156792222,0.005124813686659763,-0.00674740591838765,0.04637548842588361,0.27079451530294835,-0.0009825456036458612,-0.1517272374287661,0.02154556492664156
3.8401090853315027,1.4557240546137218,0.19796527166886513,-0.008615646220771045,-0.0027120051278291604,-0.0022415532180925356,0.0037793851488028968,-1.1181480109882909,-0.0017085599652804095
-0.01085683709195711,-1.133616102388108,0.0009498342714791275,-0.000299081808055969,-2.6175146932627436,0.0005141591612307043,0.001380757923762915,0.012637803848157905,-0.010672141306876326
-0.18297187778848056,-4.1388817411614856,-0.0038522262189715217,2.552828833698479,-0.7410073081517914,-0.0049904390131520395,0.002629600053046452,0.10389218628894889,-1.1559229692939113
-0.02407931806260935,-0.6778668768558214,-0.4337235580541945,0.0043660592871568316,0.06438276540299283,-0.0010261414047656276,-0.011827447450309773,0.04494580677302956,-0.011427085395039949
-0.001285436997722866,-0.0005725532408280039,0.018964787579579173,-2.418873312959178,-1.5488881620077461,0.00018405089321259634,-0.0012650127862149987,0.00042409985745463664,-0.004001712506643088
-0.006580759573890371,-0.06291884204419908,-0.0017917897606584635,-1.1979019100905097,0.0036907617200985553,0.7314114673409059,-0.0017732162991218265,0.012729622424156133,-0.03225341395370753
-0.011032575360173168,-0.6521948433392567,-0.002917894256551652,-0.0006258935548991264,0.0007614687945515838,0.008586037380945762,0.24420588550130412,0.03902076608124564,-0.014388863085960879
-0.15844266369352655,-1.3893255250564913,0.001446573513940383,-0.007781594522120455,0.00670285226691668,-0.0013158639430327149,1.0084493728984543,0.024267307864800546,-0.058931045828259476
0.1879434289507662,0.002850332970072207,0.4695721228664389,-0.003116473271970191,-1.7519822652134018,-1.919085659776553,-0.0024660865686929076,-0.175503276259117,0.0037424925795402006
1.9193332488922352,0.05633985303768065,0.0040216116855636835,1.6407498566311032e-05,-0.0027346627915994784,0.0011706773858433115,-0.435420150262816,-0.02359388913119055,0.012841910810579338
-3.9019646179777983,-0.5847284641761021,-0.9691580776087232,0.00046287312137371917,4.676913274841422,0.0009613469133757692,0.0014376019635176235,0.08400123909570967,-0.0030092594734598688
0.02515207741250106,1.5212469555008892,0.008699734978350249,-0.016168746217024015,0.0009200622607265733,-0.006609688964819522,0.3940305816475561,-0.12362233923355799,-0.0009655474759522331
1.1796958361765433,1.6888476899630152,-0.005223017618620512,0.08117594257082886,-2.373830644170308,0.0023273046018162853,-1.9606439553863484,-0.03051423709780493,0.021452542630984617
2.262746183377124,0.0015297441934330365,0.09541269495915239,-0.03075300767183655,-0.003614939900696494,0.0002437273810841755,-7.525054370768718e-05,-0.03876813457764887,-0.01563782689686155
0.0005406404718443433,-0.0014141236804673177,0.0023054232485268987,-0.02245438021405092,1.3369551626951905,0.010325579791481083,-0.006734120515233798,-0.000730502295716022,-3.21801349884321
0.0009340317717094647,0.0007188198137091832,0.0006566744802741453,0.0023262831683636418,-0.002699900624336914,0.0015480854490092055,-0.030774054008465456,-0.0017052717431832887,0.003665459312408615
-0.004382715521620097,-0.007201877323645762,-0.0006046722355763111,-0.002337631734116839,0.002529064944106966,-0.010375975653455612,-0.00464032781710471,0.008172208240684351,-1.2619842627343467
-0.0007686153727255556,0.2817068820459,0.46398479502543366,0.009544198204777615,-0.0045387760127986645,0.06254618824378025,-1.2696988292218165,-0.00701404955866107,0.019060089483926318
-4.351220263215566,-1.2853923264441816,0.02516366291887351,-0.016937066867189585,-0.0002802288360546634,-0.9772185458725063,-0.010497437176013515,0.001941641588325417,-0.16768663549502705
-0.004584223699599795,-0.00132573992671348,0.00021855468303798341,0.001959786395084625,-0.40550419098071044,-0.003726248324757852,-0.0005290257602802676,0.004403850845563793,-0.0026348888369860353
1.7591022129068368,-0.0017454627593842449,0.008888364617974237,-0.39202544580779686,-0.0010698693890969363,-0.0029111297240678193,-0.00017270912963955436,-0.029887299121319922,-0.013735283800283993
-0.023032872697867204,-0.5778012531100437,-0.00723901081595546,0.01909784608572478,-1.520356270330549,0.013980895263300173,-0.00505195530984099,2.21203530298682,-0.0002048371158668849
-2.2076420376622234,-0.02065875041454887,0.0011965355318690751,-0.009292752454761653,0.001147228589996531,-0.009013304127940755,1.0583490926093146,3.1564175095743807,-0.023687577707428353
-0.4492872310339555,-2.7612475808268684,-0.6825472777106594,0.0072809762878715545,0.027832574192867734,-1.6226936393676943,0.000232999009898871,0.02245388921952529,-0.0070056226997730064
-0.0034678101396538354,-0.4706040400414119,-0.34626868796355437,0.00384891131568927,0.0033579321921390925,-0.004395408403694964,-0.0024299257456904776,0.017909644706931654,-0.001021570415400741
0.007088873763134897,0.0028076187416472722,-0.0022501890398161847,0.022076727226389987,0.011044055380418567,0.00010688998036602939,-0.00043703681417856617,-0.007866979914229334,0.5322740183001473
-0.029880959047131936,-1.3781304164990396,0.0009433360800404494,-0.00312578726196021,0.7348736078527363,-0.004074503204753233,0.0035804762218993678,0.02272593281075431,-0.004168983159799522
-0.024719356232706338,0.0002132564397672569,-0.02998331268883314,1.5538068761476946,0.0003991640333006821,0.0005779381480848537,1.973582384821518,4.867970171737327,0.010953368830723176
-0.008981655263223046,-0.016727345990611778,0.0014381327077603477,-0.0021489762467443874,-1.0743815755232176,-0.004889309311672631,-0.001029206463477666,0.009869071678052267,-2.4179661705431785
0.037435228446510975,0.01109144230034783,0.017734939974045596,-0.006799853479945629,0.00931788178999547,0.003191475051145499,0.0010429579551481543,-0.46932797669931375,0.014365432526645183
-0.0078048665689161014,-0.00817847526249671,-0.00481485201852853,0.005279349689829064,-0.012086287251757376,-0.0005275664646413514,-0.0477553348254523,0.021566440209353083,-0.010826044049295568
-0.6707281029304453,-0.0008297869765781071,-0.003478650228111134,0.01227642100040992,-0.009393677806868082,0.0030072082331503414,0.0017262484356325009,0.018599863112915123,-0.0024875228334643867
0.0028389114331299273,0.0018497873721750196,-0.0028564012433849387,1.8158939536704823,0.009340417156112706,-0.017072000410134767,0.012908164986518898,-0.003940238305425247,0.011654329074453516
0.00765241757201298,0.025224930682964816,0.4545375750562455,0.0004874891150715606,-3.2994141294413364,-0.00048300158550966977,0.003586601015262157,-0.029771651619790424,0.02470379987971625
-0.0019785776774552954,-0.004331383617446116,0.025439931437626757,-0.026432622456416293,-0.007769592654846049,-0.013074006392533774,-0.010683690417916778,0.0014771827483480438,-2.2517356803036757
-1.2201366514079308,-0.004995221686824937,-0.1696685991130874,0.10013304601551853,-0.007712035635589261,-0.012351381310966879,-0.026666669055641017,0.06648493373128948,-0.010423523066151769
0.0010289621132992983,0.0018308296438120236,-0.004683367516295868,0.837397868790152,2.126924503389302,0.01934022461345803,1.780805753751194,-0.0005521601921937881,1.245694207121002
2.9376601221415486,0.0016935685131054846,0.012467008373746424,-1.7290511962326103,0.006778098788324145,-0.007673570257995248,-0.008561386853054149,-0.06176003096876242,-0.0013899859668459191
-4.306832679836228,0.0006241837613458956,-0.007350647991990089,1.8605090820677412,0.002589316211598334,0.005024846016747706,-0.27768355005208767,0.050248045597411826,-0.004007353664587376
0.000637717017270235,-8.18106158897167e-05,0.41579490844603006,-0.007327595836716501,-0.0010832763617820082,-0.007484400340020971,-0.010668187554797494,-0.0018455076513394925,-0.004161637344720394
2.9424462511951064,0.0018049612189214876,-0.20944537381774975,0.002402549857345535,0.004931231736414549,0.004605103033589304,0.027192295935228677,-0.004169233758947413,0.006842748533383514
-2.4720571302638903,6.447234309672929e-06,0.01106988320938515,-0.0017607990437281098,-0.0004329850315192528,0.1595341578479401,-1.1060323486357964,0.0016792950451541763,-0.006791080419866313
-2.8584810147137643,-0.0032925410240646725,0.33159287679378435,-0.012649884105556591,0.001837307793358096,-0.004659298322563204,-0.010765541482136404,0.0057570715257117405,-0.10714197817036131
-0.013039578517713217,-0.09979726385763654,-0.006466490163303887,0.0007094466839438117,0.025925816906794272,0.0005357142678162958,-0.007511590764984302,0.030843088173540655,-0.17747503688656718
0.004235528848043669,0.38275593792553886,-0.0034740736269993876,0.008887525642161526,0.0024677384008782383,0.008171148996699722,0.0011922758986520339,-0.0063163484717874314,0.887858143186758
-0.002011880165493027,-0.7423866478469627,0.003314010096523424,-1.8080710636714892,0.003566861157488839,-0.00743909564430825,-0.011902097391815598,0.002660065748401446,-0.05861237246783557
-0.0006792309502582739,-0.000698055923192162,0.0012763426302208076,-0.6989226818082679,-0.001128789992686402,-0.002099200724008096,-0.014558788606603356,0.001233619720215508,-0.014892530235297791
5.151386154019133,0.004631818003180287,-0.5225865897872266,0.009471737150812592,0.004568969711513958,0.019255606488541466,-1.9630734203613525,-0.0021455797085305206,0.013876165811578134
-0.0018838348299667768,1.019572767718127,0.4804126796450898,0.008970040010097824,0.003808267897928942,-0.006426002545628624,-0.36527856724351837,-0.018969142688672835,0.04513254415356793
-0.0016989831397077552,-1.0663828133800686,0.29956328000571,-0.020674061596292023,0.0008727547100889181,0.0043854910526205,-0.7116619414989509,0.00040381906002979334,-0.07711306892443348
0.1119108558887266,0.024925934576614763,0.022338060352938505,-0.0032005726389140897,-0.0057376158247622955,0.0010728440349691052,-0.0046841016186801475,-2.7963206461559147,0.004611993225516919
0.004131847337662968,-2.6908679008083065,0.007065828823477449,-0.013330937395661529,-0.0049647563531580625,0.33632278513260666,-0.001970286727821388,-0.007397440330146514,-0.020474606539764295
0.0031292602913720186,0.004533475593191852,0.7504567341015075,0.004188963912250571,-0.003148823329959648,0.005978050236529373,-0.014342890259599457,-0.010614213851434823,0.0068323620642505856
-0.7073219664135717,-1.1758229720234112,-0.002364575753322745,0.0009159815184743474,0.0024700538654703705,-0.4171251356444006,0.0463651345509324,0.029868173214995786,-0.003766219453869013
-0.005435357297722909,-0.09691685371932876,0.0020555948398166476,-1.868395139596736,-2.9826620648066697,-0.0015463378007237539,-0.3893537758824863,0.005945354469583244,-0.7681656341934515
-5.637953357949854,-0.003895006997658517,0.9198242695333914,-0.011037759308440698,0.0031504119449674295,-0.0029130619960038902,-0.1838867064491292,0.011576001802341584,-0.05989107027092189
0.007995792891681834,0.20934758941919232,0.0005720836199866255,0.004117053997574493,-0.02092548439163545,0.0025208748950811787,0.005204671103062633,-0.013735803134452815,0.1658520722487687
0.1982840946992053,0.004679056661575429,0.007310964713246493,-1.4344826606024506,0.1544998181256993,0.007499443964609203,-0.004004903030197612,-3.6170570604294583,0.010870926388231616
-0.008842990069747644,-0.0034926988696806563,-0.4751362598403026,0.004498921587845844,-0.010136111598052713,0.0009328087917594716,-0.0011581137220412902,1.6998073921648098,-0.0031217987622916277
3.5665925718713605,0.15485539222091788,0.009141229544939511,-0.004785767663735722,-0.0009623801721220203,-1.5743940509941292,0.46424074516808017,-0.11558291397713902,0.004045286401033743
-0.02734604156361571,-0.6933970487640426,0.010612931709541945,-0.06291592082265551,0.007231072838662906,0.001995039645338018,0.0016189909873418201,0.010684481057028603,-1.7577063873621057
-3.0084131007128785,-0.0004163001868686164,0.000837236774684752,-0.0015148378163901887,0.0491883685151623,1.1193872028012675,-0.01662527475988288,0.01012418026098047,-0.0070213542369299
-3.6721451395466547,-0.019730714897517446,0.000252205883800094,-0.01636497798993777,0.01613880988433143,-0.006160245095601792,0.004816789099334023,0.025804034318939587,-0.06139975598077663
0.0013483244438179161,0.000803935615180524,-0.0008170996341341219,0.8875409165999538,-0.0021161884734293727,0.003187249120830647,-1.9093530516617636,-0.002103241762702578,0.004983367843066757
0.06846996106399669,0.01138406970079757,0.43610206551498787,-0.0049288437014664704,-0.0008512650525565255,-0.00868367299389066,0.1462862072085315,-0.6606732853229307,0.014403247441753128
0.0025951954664135786,0.571961586404772,-0.003226761367716151,0.46191142787851636,-0.0074515311243658145,-0.003860146508988374,0.00011981305427895706,-0.0033078451164498136,0.2224004033176359
0.00206034424335778,-1.90159916197628,0.0018623777174992528,-0.011972378642856756,0.00287890943142643,-0.0029005789075511232,0.005507265366196248,-0.0013942593147194121,-0.017839530116820157
-0.00405880319490607,-0.0265064900687971,-0.00032269566498197705,-0.007937420380736809,0.25684799965234917,0.00012615070841959404,0.0063541339917721285,0.006813037567598185,-3.242350773372931
-2.8102596883347513,-0.0005233305794159728,0.002883631429843908,-0.004089974674475267,0.0015328457396133095,2.5900739519606457,-0.003044052942877261,0.02224144231844779,-0.007495860331767523
0.5978497307923174,1.2646968854430798,0.31284183525708453,-0.02197687673100307,-0.7165797458949548,-0.0006388673162428995,0.0021659314060720053,-0.024309276726170892,-0.0040157042254709285
1.0379107868249628,0.014110583182153122,-0.00015728613136914427,0.0049315173373734094,1.169503968765159,1.262680054162501,-1.0807724894288597,-0.10391438428296393,0.07294777577432648
0.0007768011490501365,0.0009284352514072577,-0.0021609721072176225,0.5459776843227672,0.0011519404603385279,-0.01058618112429487,0.8226800669882711,-0.00130220673527702,0.008523502410775916
-0.006007319649614595,-0.5489214112098391,-0.0006041552399853323,-0.0023534789893883633,0.004691832700100442,0.009206176601081108,0.007006734800690832,0.010936157228588945,-0.015917651827260654
0.000420373707146134,-0.4791873833772827,0.001467265198872296,-0.7537817382498112,0.0008565035960439442,-0.010893011194440742,-0.005737039458125178,0.0019480852024505696,-0.04598241367367645
-0.017940965229061176,-2.6326448674292933,-0.0012308053144562403,0.001848418794879265,-0.011558686346357032,-0.007772185726717948,0.003457379167201638,0.16536468509915664,-0.00861264688173291
-0.031781489714986386,-0.017174939434049005,-0.5445377998708176,0.00039157795476135737,0.008713531813757251,-0.03852273796568626,-3.596753501408722,0.06043650649080512,-0.027019610541439615
0.13981498240834367,0.004185556223541953,-0.0011865927216848093,-1.9400712312416921,0.014486526643762383,-0.29768542820543015,0.09131222826898372,-4.186281104980662,0.01410709652063069
0.0018786093945748449,0.00747576119515464,-0.0014731781170014679,0.010353513940588985,-0.005880427271687086,-0.003448947614154367,0.03281168965114576,-0.0039305904657386745,3.0239755024411785
-0.03974393980176138,-1.6219281076498073,-0.003801502661616857,0.0038406204880785818,-0.0113081832891119,0.00903764131853075,0.43449949486030826,2.5947713838831623,0.0007047506040545048
-3.69209423892257,0.001295341481437909,-0.010442693469467856,0.03384009179777826,-1.2302670824270556,0.023831319689775723,0.005582179827543426,0.0386401108505386,0.031151112729401964
4.666150088938545e-05,-0.0036940045390542187,0.0012285555923473431,-0.008452373966329078,0.001957718350064201,1.7897875681194142,-0.16443195078532283,0.001231819018838981,-2.254531404970266
-0.010168211897755484,-0.005968588258130512,-0.19991433169642453,0.2831332036696632,-0.020159963401772393,-0.4695037277672251,-0.001687794601950819,0.04673651477272686,-0.004747849341636476
-0.0032945905531751724,-0.014638218179075499,0.0007112563749526863,-0.0030544480312427284,-0.003532764703611456,0.0029560655775400244,-0.07408285834457155,0.006877813043791051,-2.1393757027528664
-4.428629745958727,-0.02145753960079885,-0.004783081035771797,-0.0017372008903818617,0.0074888331533839204,0.002599240225323247,0.010253286569014577,0.10257109224816073,-0.009413868352025845
3.157480442404226,0.7761818338824655,1.1282476798295669,-0.0018729843142289981,0.0008085639042014342,-0.004440739861258716,-0.18520075788379353,-2.9574461807777936,-0.014070702791524115
-1.0465209495757897,-0.0029135486428622627,-0.03915859928184212,0.5067754841094898,-0.003360539696152654,0.008522802619915391,0.01782368759399376,0.1045154180958549,0.007801659905140035
-3.351011558723801,0.001445873264196677,-0.7511362970868172,0.029270001754872488,-0.0011873742669179857,0.03133322889301598,0.009203237013608506,0.0065565761438791115,0.010645661108112603
-0.09044547001667919,-2.220886545611756,0.00035711980558894574,0.001818706309688687,-0.008185369219500301,0.002242701386981881,0.0021099484861632385,0.023476469060689602,-0.00017447167915651818
-2.497248098273918,-3.080593766433619,0.0013916383117923425,-0.0023361858027290128,-3.4782974847315007,2.0028964482881144,0.0013330472060321882,0.04112947086512764,-0.02231649241386302
3.3978768147005347,0.6793247947862966,0.9461804694889135,-0.0057497717897807,-1.2086187935686903,-0.0012859690909635055,0.009313414369519879,-0.06185907607050711,-0.008940538056639857
-0.15601093653571496,-0.0016565841314416414,-0.6549334963097397,0.011640792915501477,-0.00034743088976643384,0.2289115131555729,0.01412946532154659,0.03888003086793948,-0.0014804841969599594
0.07277091683370515,2.0204061700710803,-0.010319068256459174,0.007610330209812424,0.0016730700481143654,-0.6737588242096103,-0.0006274363635166147,-0.015402710177478586,0.04966778543080208
-0.095728359575038,-0.0017616598372596909,-0.8211845835900289,1.1871056316288229,0.0156111657858828,-0.000635768564558499,0.0005299394148314137,0.039175724821519764,-0.0009525723713497691
-0.009895397423837504,-1.1659925500644899,0.00023458080031579787,-0.003419262055153015,-0.0001771209237847078,-0.010469057561145618,0.0011537246829628426,2.340840097024264,-0.11172946239856874
-3.480868224532689,-0.006734576691996209,0.21114041937954076,-0.7446900234738918,-0.002976999052896178,0.0014487878638719917,-0.002628405777312621,0.012386383110206386,-0.04311458564031412
-0.019076020392736995,-0.0022214041714691685,-0.6891366281137972,0.011555611785457706,-0.6912971548258959,-0.0004503334459005975,-0.00879533596028065,0.4428426998209831,-0.005210579437961785
-0.03672281805546364,-0.0031479968878104798,-0.03600004302066526,0.00610009285828292,-0.0021235011219594125,0.004102332511124835,0.0030488432317938236,0.7537690353315837,-0.003584405181608019
-0.2683044272661097,-0.04128243455803998,-0.007994197703782058,0.0038421613406555005,0.008213315853841816,-0.003690448820900928,-0.06274316304485121,0.06507224911562504,-0.024727294650818042
-0.004321646995890513,1.2565846996004062,-0.011597496552153252,0.8220985416809465,-0.004680267229131882,1.4857735292405914,1.9169202239161485,0.030306451723135282,0.03560543933179372
2.508376708633479,0.02228218452035895,-0.05997836414701896,0.14177395493240888,-0.0029039575328036766,-0.00022593343889065482,0.0028497596734746184,-0.00869139463951981,0.026553752708339595
0.006800507768922209,0.01058480563390153,0.004000183763857064,-0.00040604758650482744,-0.0023480291813395295,2.331245400307402,1.5513448750120138,-0.012262800376907468,0.03287418062289342
-2.884403156503219,-0.015868186176750447,0.12702924536219573,-0.011344555815491684,-0.006008414584794626,-0.008940045461644314,0.0003091195970596726,0.0021710986745052258,-0.11458809438528994
0.012104075820961591,1.6487341279442724,-0.0013432965170400019,0.006328254206074933,-0.01819847056140147,0.0026590519819076983,-0.014618996421511262,-0.008038261298728148,0.0237344953977654
0.0030179540247866755,0.2448679227410539,-0.0010831636128259114,1.9059692018184329,0.006074946582277865,0.0006868465387888793,0.20091387498277263,-0.005765857130568755,0.21133173015552176
5.6530111809160655,1.39902155006365,-0.01814098016342003,0.010941463845853996,0.004930525094514915,-0.010833742540551302,0.01523637000379012,-0.00801119633624589,0.03519596057090624
-0.0016599436893998173,-0.024448532217968576,-0.0028311553206968303,-0.0021707896725738137,-0.00015679980961983656,-0.0005754799706487606,-0.0003465598705769588,0.0064446065084126265,-1.3010456385679445
0.004131839218011824,1.2697946864345238,0.0027300015078557532,0.0006886820294003521,-0.010855058155891006,-0.025658175704177243,0.0011936987378615097,-0.020689209203949878,0.02861826354723207
-0.08770145833563289,-0.004230888556119854,-0.008611823009412156,0.0036552351183538586,0.00998074313193782,0.00912205413154021,-0.05670965302020131,2.2339084532716726,-0.004676065246171618
-2.2015499206878473,-0.007509220081098745,-0.09700167750939648,0.004722075889150478,0.30838820522955734,-0.004666411117852994,-0.38170029774161507,0.43849412822742817,-0.001361951216696966
-3.8768168665655978,-1.1925556052588158,0.004859607133936572,-0.019632992285608282,0.008490496743872863,0.866943029254748,-0.12710415874847159,0.016137591332995284,-0.09001827311585853
0.00426153405638576,1.4274885172869238,0.004209977247267585,-0.004105768900332721,0.0024148586743451307,-0.003669193529801408,-0.003034076923850503,-0.011692549614903926,-0.002036202815202781
-0.04218606965581369,-0.0012146053327367705,-0.008206639593663356,0.0037803176254972747,0.0029388030499888276,-0.007290023866798213,0.7113923805681459,5.0422655390603,0.005797174550846329
0.7254924661423927,0.01128419301304191,0.0003262521697667449,-0.0018866054209691603,0.9610060978664536,0.012108055079595323,0.22086166663941345,-0.05461988814191705,0.01209718879373084
1.1666636752902977,0.007969091057099368,-0.0077979803746771395,0.02430977591953524,0.40101602455805907,-0.004868810234705683,-1.9861104454815155,-0.03134600451242371,0.10364034428251778
-0.0036844355329313065,-0.0035518065191259187,-0.0022526191822281527,-0.003984211799640985,1.7701478504215307,-2.254325202834492,1.7513776751435028,0.00879276895693894,-0.03262857230867087
0.01800577717323579,1.293679849311625,0.001120588753931076,-0.0005366259715446297,-0.009340542026869408,-0.00659303543260722,0.03747831548946333,-0.039327320870871,0.01885761782446649
0.01867527888561659,0.3467708858707199,0.0014670001942834743,-0.0021395514127551607,0.023877379049613463,0.0037698412523163413,-0.0021992186947607534,-3.535885217459612,0.006610787469064794
0.009865827216637105,-3.484129441622824,0.011242335353419008,-0.11645062962533959,2.0721649008103227,-0.9003337283052837,-0.18263210544249203,-0.023644431106549263,-0.9584237926892882
2.1255635775421,0.0014623871335896748,0.7508187298598861,-0.003967159477460902,-0.0012107561363232724,-0.7670964566289049,-1.4643953925968358,-0.09513343716760447,-0.008334328043255235
-3.0086218375860296,-0.010122424495158697,-0.0071649615070111805,1.466774365616052,-0.005609226924403479,4.385580180634015e-05,-0.004023592306699821,0.03182778989656557,-0.013211953943654486
4.664769259655432,0.14765139021173646,0.0019126047287669756,0.0037982807074905213,-0.008258064457443225,0.9058497388414242,-0.0017566110495928489,-0.07728184732215539,0.01510598755213044
-1.70461492212397,-0.010996259648897175,-0.04004826178329851,0.0010625839232561007,0.09334798517034629,0.006842425526723711,0.04859562822153876,0.05756818970941901,-0.0033129586395975463
-0.8115194228360915,-0.010013848169126451,-0.006425041430249627,0.003603271302603904,-0.000774717139458119,-0.0025271463513334945,-0.0014385857955216581,0.07298944028526039,-0.01115083413986781
-2.87058162953479,-0.01679508418695881,0.034011599396843284,-0.022777734914254902,-0.7963751058482683,-0.005593578218766484,-0.001741563499132473,0.015416324374155452,-0.5690048962715304
-0.01737889303602095,-0.12384881856154224,-0.005681884136364571,0.002785762912638574,0.0024110766879388464,-1.3498735670083257,-1.4238832664650887,1.9793406989285047,-0.011456024231350226
-3.167043197820442,-1.0309867969312219,-0.002123412200249475,-0.00037325067986285904,0.0294486901331599,-0.2628456507521314,-0.47586938622600067,0.023953149752873548,-0.3531948067758748
0.0012129741464802636,0.00017444229909779267,-0.1219090455176818,0.10264563263913926,-0.0338188863318895,1.5827948471398707,0.0026258271182430445,-0.00010832653926145294,0.005021727113957635
-1.799982331789409,-0.008950547406451844,-0.0518040127856042,1.588162956620491,-0.002906926632278161,-0.004207800224853245,-0.001703282668601828,0.16337889527015145,-0.016981788832802824
-0.0009541760518340671,-0.0003167088043714094,-0.007367772169920771,0.07440974150674808,0.0010732516270849845,-2.3840905860195307,0.6950287751766593,0.001884477023401296,0.0026159058090820444
-0.0009950783065386312,1.004148841559932,-0.0026943917037811904,1.3734621913573684,-0.0012867230160606988,-0.009522509734733033,0.008924448490425627,0.0017155135361619101,0.498569183357942
-0.06788588764890358,-0.9211068452807281,0.0018470619368020635,-0.00337756193995474,-0.0026421828054319432,0.0032036233168339194,0.0038399981620677766,3.6277884531583995,-0.9417586960950111
5.742504794134558,-0.013124261394702328,0.014380205919260647,-0.02519395277848488,-0.003018264507722617,-0.0006753776370395803,-0.005438817241974127,-0.011733956863223639,-0.03477421448285334
0.3365930030820897,0.0029248796738508224,0.004500465781884502,-0.0023949420746511526,-2.164455729720084,-0.0038716260934116755,-0.00933900979618623,-0.042581882701838686,0.005086918201395903
4.3133963397551724,0.007687789911841577,-0.0017557050854409284,0.483620023607203,-0.007361013783241648,-0.00286993503124424,0.0011106834377290088,-0.07557430799526138,0.02607321522791728
-0.007457918054644528,-0.9133141635211051,0.4684544049225634,-0.006670080140363736,-0.013950257604078684,0.0013663792766953472,-1.3438694580537158,0.013191889977543114,-0.06022455300672447
0.15459511804387058,0.023508372287850857,0.004809975006994371,-0.0028254846706231235,-0.0004667909897828771,-0.042388249600268296,0.009545470621353722,-1.0993107812532505,0.012462724181996093
-0.13563667735931142,-1.9658245646767007,6.754694289014262e-05,-0.0009001887097359238,0.0819960074746652,0.5858204447935634,-0.012117468767297496,0.03469757786654786,-0.0182035602005306
0.005871567959115348,0.011848271666348116,0.009631154948233276,0.0002721955941539767,-0.48845052121618093,-0.0009244834036768998,-0.0004246826619327363,-0.0165319300940866,0.36907539811073065
-5.391155263368281,-0.0005995085966577496,-0.806180614557821,0.0031030357527524477,0.007669867185019413,0.002044021169997405,0.00340168411059949,0.011814292015210115,0.0020458415405104624
0.006334092562628309,1.1000167837112107,0.007065196900709447,-0.001387467120206749,-1.8046260057172794,0.002509785504481795,-4.423024616923357e-05,-3.2167647284568566,0.010696565297178218
0.010854481723818352,1.2612027597346216,0.00485643772030811,-0.0031437161747988043,-1.377174338508039,-0.00021619047047579786,0.08645538645658646,-0.08417367127293256,0.005986157320897134
-0.00020781207536615557,-0.00033555143503417813,-0.0023691876684480296,0.0023711850519114535,0.0012864875211662926,-0.0013347449469582617,-0.002917384239473913,0.0010581381188335454,-0.0015038519756689457
3.494205361274182,-0.0006352495609262846,0.07804952246610064,-0.061464220612815326,0.006025389691610917,-0.006519449551677589,-0.008446441334864274,-0.03245574269728464,-0.017614478072206396
0.013145979542553848,0.3506821398817849,0.0015971872516708854,-0.001677459094860979,0.002631529978820433,0.004583280839657863,1.4064049147473139,-1.6246603398535941,0.009403231573195281
0.0046897556048342386,1.9488216671845706,0.005709325859570957,-0.00298944631316163,-0.0005700650057662501,0.004585530321787488,-0.006899855465974231,-0.011906074445575307,0.008789189250739238
4.181032890007541,1.3794512878323058,-0.014403304293179597,0.17053325946654987,-0.016482093151810713,0.022952103303759446,0.0005796733454667587,0.007993226601768114,0.09988387642047414
0.002434293689075252,0.0005824372063562075,0.009996799044325625,-0.008840775841014918,-0.07156174191614505,-0.8526288299149678,-0.0021843882459178852,-0.003947683625083158,4.9308815900151866e-05
0.02341742185421565,0.2174137826522184,0.004926883591190593,-0.0031054782138137055,-0.0015332914622718163,8.451146750519464e-05,0.0051591026830908274,-0.042582088694226215,0.016745511367185162
-1.2514411374848144,-0.6997565897850966,0.0010880292474238218,-0.0020595512526027857,-0.004269040463362961,0.012930194321341055,-0.0004845656111369563,0.028330364316545946,-0.06799656320960135
2.441849436364051,-0.008644774214864072,0.003220135232394533,-0.10182390583769813,-0.01374010178571491,0.018791322930390198,-0.0007499123498426459,-0.0017400558906770103,-0.5561238617807094
3.3566073407570465,0.032087970422211266,0.0019680224292696336,0.0005169598964871232,-0.0012458831753723691,-0.004146387118228489,-3.0708512545967355,-2.103105673163448,0.0011462574092012678
-0.008031410783553246,-0.25014901322830413,-0.004274888782510006,-0.0012637897447741434,0.001071678445397314,-0.0006413625685154134,0.13898516285401633,2.216317640115449,-0.009054963812856531
-0.002412122411238119,-0.4796723389048336,-0.00034029908138724294,-0.0007326568453158593,0.0009298207351340535,-0.612164507497749,-0.38449835227070706,0.0059647379808105555,-0.03910709296837567
0.022982452748028723,1.154320177952901,0.00788977812694458,-1.0605061120543053,0.009375566705998841,-2.182045722965296e-05,0.010102431053905576,-0.7774763652118487,0.010312445756305855
0.00602028003787365,0.009184588262818209,-0.0008518475296654497,0.42943150397508917,-0.009842797231354207,-0.005440793947920005,0.0059027819957583995,-0.010457902037483181,0.9700582071407707
-2.944611566114707,0.002491889555431096,-0.6875287124731342,0.02169825449292162,-0.004617748867862016,0.0047169233334096485,0.028361163798547834,0.02640597351268492,0.021939847520137112
-0.004809721609688833,-0.29490194818595816,0.0016192541126837084,-0.2099572600528476,0.7575928606730878,-0.003071679825628464,-0.002627692816954002,0.01037158012561492,-0.05887643452695143
0.5277019326678278,0.006806202163284897,1.2072220356068462,-0.00266101276504499,0.002558482649273724,0.112710109607042,-2.1994185204276944,-0.07771192780044334,0.009280997395489793
-0.027757564072093795,-0.1343420226841554,-0.00534646669194877,-0.00023864565138956165,0.00662658625505541,-0.0017162704779998521,0.0034086549057564227,0.06841887922605659,-0.19088471589699207
0.6535026498611495,-0.0018333564834060853,-0.0012892869611487862,-0.08141293186171407,0.12253740460547582,-0.04276701866249572,0.08533595622948635,-0.009674831720225393,-0.0056374160449921135
1.4430437645920162,0.010933095701802032,0.13884205560141294,-0.023339261492313884,-0.0004309921749451112,-1.7911315049963983,0.18912413884278795,-0.05329788172991097,0.006705913404795177
-0.004837282590844455,-0.00852811772872264,-0.0016940821560088887,0.0009373433470302344,0.24143924516399046,0.01322234220591386,-0.07985235692798812,0.008103045872355844,-3.5108755571072265
-4.106091020689554,-0.007614256796514098,0.011801852471762353,-0.8074039497086725,-0.004100645711354248,0.0012907699630631323,-0.00042422255349400945,0.020014075942928464,-0.020084687939857293
0.017297998965924488,0.4515370626329174,0.0011578013932268157,-0.0006762768439753906,0.0006422111419131797,-0.0010563684912034913,-0.0019942479593122995,-0.014767767899132823,0.030817360945356753
-0.01953676170597443,-0.008308458055523722,-0.0019858905102530197,-0.00019386983562179197,0.02246375578295336,0.00287891654456095,-0.0023038056577117136,0.019231437518240274,-1.286594699379256
-2.429481679447467,-0.005329224370821909,-0.0010289570155133654,-4.138732117153017e-05,0.00346823265595608,0.011927075551174404,-0.007551244323385987,0.09252202369976627,6.566352249326446e-05
0.002347155194908335,0.00201733621789255,0.0021823890781421107,1.9114804941834886,-0.004197886461083095,0.0005998125367825346,0.0003932717713711429,-0.0039137861477147005,0.007867883210962082
2.691072237167587,0.01742101646810303,-0.0030778574548329524,1.3607194384864352,0.00034810891869172574,-0.02345995631882079,-0.8999298468046228,-0.010270556909126321,0.020045590384102363
0.00230550785805599,0.0071951917236817466,-0.0009184495951178838,0.4644122411897256,-0.00030534000020718136,1.4429671915800284,0.0040739322434432835,-0.005044767939732129,1.0288564115215006
-3.397486962654965,0.007286303777498051,-9.505591220666798e-05,0.004239431917476858,-0.005285847027395603,-0.1398049636210848,0.0017866268401160457,0.00439670627009838,0.011647640350498256
-0.004116478118989399,-1.2484197824381402,-0.0003871062085997884,-0.003252412546072026,3.7927282089776115,0.6719726809967779,0.375603504202152,0.009961428914129943,-0.008124946055694249
-0.008575017646325674,-0.001504271272745714,-0.004965192050414929,0.016097058194972473,0.00039854909220725593,0.000427551414156869,-0.002767696101487892,0.010120480401492007,-0.004166542491774242
-0.14632723584145993,-0.005014305085106202,-0.0495378589688803,0.003800543943940523,1.7330794174927715,-1.151317879178226,1.3075416174179377,4.589050584763916,-0.00012221167298387403
0.012511155418534248,0.6803894249658169,0.0021150350408267807,0.0005798629534649222,-0.8971323552224726,-0.16900904628383037,-0.002391948154230262,-0.03435768568660497,0.007977455267638267
-1.8036289017103107,-0.00013071097836030512,-0.8873641343218841,0.00980082827324491,-0.00040466049299630463,0.0029153275206756004,0.059200159223248616,0.016043531905258923,0.0060530815981218455
-0.002107449658657867,-0.005326794314286239,0.003159203686153049,-0.06223860073359636,-0.005168191540171764,0.007988725344624924,-0.0029067167280407004,0.0040648290920773066,-1.5788459942176136
-3.467571145531931,-0.990999212752503,0.6460733352860064,-0.017090191435841617,-1.294714370878134,-0.007471795189923386,0.0034850920358655696,0.016451925140738788,-0.1853031294767904
-0.026720231942696328,-0.004072394356564296,-0.0084098212978908,1.648637730458343,-1.760285200673752,0.8361385374249225,-0.010256130661740059,0.04259558858124876,-0.022121330901393746
-2.508600595673867,1.8849995507253468,0.004853909162310696,0.0032782080583583888,-0.00940144015032276,-0.2677015236576393,-0.0009587112913224533,-0.005907661972041701,0.010023933100730853
0.0016950744931731325,0.001109298257181722,0.0015487774354707826,-0.0014167648062985015,0.0021295024179975764,0.5065907813742951,0.4285647150349367,-0.003354340760464091,0.008941689198686861
0.502221471819865,0.006064974531174038,0.40090951156816734,-0.023312749542883482,0.006995481089426301,0.04114847225030693,0.002049366696343544,-0.3064285709578607,0.0053848519138137985
-0.005364778832474686,-0.0018440623343883196,-0.006384656718024806,0.022359372012580446,-0.004239962002474704,-0.3275924257795566,0.0009168269153420811,0.009422237748111118,-0.002806495472737291
0.0030073944963922503,0.0060809990003406825,-0.0027272713340904227,0.010852616733475309,0.005200081389582953,-0.003965009433934483,0.002796128408500056,-0.005274290354296093,2.772344838440806
0.004818160560541199,0.017619281509966667,0.0001665493089832719,0.006415481620928057,-0.0018458430765027456,-0.00994981102362333,-0.0013437321763292145,-0.011265321849363748,2.2948113981796223
0.0009076673283465366,-4.178460736281056,0.0005110397687157209,-0.00569296489656675,0.027064710433996164,-0.0015426072706821283,0.0006019873445981122,0.0023835752055990714,-0.024003926540043796
0.006327668561264592,0.6339645108179044,-0.011572494623387775,0.04100168905696795,2.8329076525168837,-0.09125796391354499,0.00016646398563310502,-0.009696647521647605,0.12069536187736385
0.3791130094448605,2.1290376379149767,0.0011070119002101753,0.00016092184989617998,-0.9239618693184459,-0.003212635087478904,-0.0025614488604312965,-5.613438645043718,0.011352182874804218
8.652887614060689e-05,0.0006617109814159375,0.9938529725341243,-0.005085780413895444,0.8035387953560944,0.000566758509146015,-0.012361411727443334,-0.0005319169173398641,-0.0013328658986102027
-0.000555638829755755,-1.6818524206011132e-05,-0.001746782108864431,0.511568418743042,-0.3321352183887673,0.007226439826760317,0.00020410476111180475,0.0015944136983419498,0.0053812747609568775
3.5687033487923774,0.0077029693688847375,-0.6729986736320925,0.015526241331222601,0.05658105720357655,-0.003294301749876139,-0.003759028074684305,-0.02974472176130849,0.08750929499562532
-1.563218356165664,-0.0004547952783736549,-0.9775558277444949,0.008008586714204069,0.019630456514218617,-0.007000462165735086,-0.006295551019867833,0.017024016979720502,-0.002335944178370908
0.9356067937099408,0.011212381787245332,-0.00109319232231192,0.0007046496574965658,0.0010833893293793907,-0.008395659192470277,0.15024207474110202,-0.024808236825561145,2.62092584410688
0.013880876328351091,0.18255754381986766,0.02800880726950178,-0.007874466100958646,0.04781588182110545,-0.00019477825377178532,-0.5875686131919615,-3.143467736060209,0.006581140225229709
0.0002324013031595358,1.465211036643512,-0.004327482998804699,0.005955834372703637,-0.45308786064709905,0.7762432138831721,1.364457869046569,0.008296846444048364,0.08520064744622191
-7.955292348067077,0.004382776367292954,1.126774269234275,-0.001928761182837302,0.0032758086491497702,0.14091494801165771,-0.0011942059328832744,-0.001784997757338369,0.006547410266657616
-0.0013632172982775102,0.2730173767306503,0.0013569293082409326,0.004607765300473021,-0.0015387700532994326,-0.0004917477455067387,0.0018590103565621135,-0.00277215250956752,2.391455324528346
-0.001188897443494241,-0.0007589141369884236,0.002544003668546506,-1.1410386280888054,-0.004654475631606713,0.002163646841697435,-0.008274435675078757,0.0016428453240938234,-0.010545728269037383
-9.085117446431742e-05,0.00021606481162652486,0.2253616834189393,-0.0054297772173006985,-0.003421086649614654,-1.0167269296048274,-0.004372059159776229,-0.0011742435691847204,-0.0015640391012851692
-0.004134325037399793,-0.07336606994964895,0.0005432821570802251,-0.3319655529144029,0.026850854436729223,-0.03099507545815719,-2.13664539178397,0.010336927860698925,-1.3940094697514431
-0.3792904322340892,-0.012352116048066407,-0.5305744682113978,0.0005723524568328059,0.026451479832438556,-4.5839184894143174e-05,-0.00687269519380012,0.9977280560167388,-0.013185338138049174
0.10716981811725731,-0.0007013780824984737,0.004476764261317892,-0.0039194519364763,-1.8494057485719764,-0.0006378574004978369,0.0017097344749285818,-2.5211200472224182,-0.005683255946894311
1.4657762379092811,0.006723751770882341,-0.01503129816860374,0.4512982540988177,-1.4888622134315732,0.4021724779674891,-0.0012988612538479818,-0.00556251154874711,0.05202721653105291
1.2552153336344019,2.133315217836262,0.0044673268873726135,-0.0035541136850697594,0.0004505924224556708,-0.012326222270243586,-0.02511429963023145,-0.07371868222169815,-0.008142849763447924
-0.013191647055189326,-2.238273573934518,-0.8451312191310958,0.0017456758531121386,0.011724400350874332,0.0015403662031801858,0.0022600176071783384,0.15696235190882746,0.004890685907062098
-0.005367874265369152,-0.14833541630807862,-0.004854478662765553,0.0016148804194516544,-1.1120590275284585,-0.05105534257756098,-0.01259923149009827,0.02030508339157293,-0.10042887463027919
-0.0026258619892944243,-0.001195849364108599,-0.0018925114549051504,-0.00032249338558383415,-0.008869953868903865,0.013068916160781647,0.010253252120916488,0.005760427909802143,-0.008443197990237534
-8.466887496399124,-0.12038911888504142,-0.00017490439489403764,-0.002592824535415133,-0.0037228587763989823,0.06411785213765346,-0.0031823037166951867,0.03190939834186428,-0.024615148731717884
-2.4283589778297223,0.003990857696446267,-1.4248898939369399,0.0064916004989889475,0.007308233387699769,-0.0008387118463228961,0.4958529111935941,0.010523785804796182,0.019731816550128234
-2.6785610769299657,-0.0073740421548564965,0.06924056841945814,-0.01135413651693326,0.0019520998078305894,0.006052980453823088,-0.5787809738513456,0.0047143928502166935,-0.028886396852819574
-0.0006741504690324211,2.12903277172277,-0.0004762290881976522,0.005080018117996504,-0.5896072340969474,1.1660973430851538,0.007062725653263571,-0.001780450776406508,0.1208043512445105
0.0019041701392280047,-1.4684997108108369,0.003193519457679178,-0.008315315872104188,0.4242307934452707,-0.0017095637317719188,-0.04089029819623943,-0.005743133690532958,-0.037682395869158336
-0.15925348277544693,-0.005694298175092198,0.00034700401325761954,-0.002375792708341184,0.03287602119361227,0.005149760721359818,-2.117986597652102,0.0225918251495478,-3.1197634735476263
-0.002029529005621801,-0.0004492496643283647,-0.03686374625319992,0.019547559017993984,-0.0014613553286208873,0.002523694612913701,0.016521601946844693,0.004906638323486281,0.001329569038203749
-7.5964589556960584,-0.0157013706484535,0.0005296636759141993,-0.0017400409574893426,-0.03147473630708354,0.3003498692946372,0.000641814101771828,0.035455368831938186,-0.012961412386193416
-0.0006256935127636776,-0.5697766937930862,0.0010156980313236856,-0.005105222836260919,0.009993634530834261,-0.0018544342911623883,-0.9255934958812104,0.0010864745083946892,-0.15151596833570036
-3.917611443032783,0.02444608263363342,-0.0005657142704073026,3.2068527510249503,1.2285408976273666,0.00447956239053,0.004982489160194677,0.0039830967598883694,0.07385993332096286
-4.100029708832685,-0.24411050234217396,0.004941009457176904,-0.014892701874484483,-0.3357015942485001,0.0046746643102150735,0.006188655208131891,0.04000749341779474,-0.02371080017780547
-0.010011610257628298,-3.077464581042637,-0.0007836543876026114,0.00010195435620112938,-0.05357977534686578,0.06975795702655134,0.013084128586989006,0.14804400188920397,-0.011686418710644908
4.361264445324808,0.007250291657497649,0.014867211723058216,-0.0036617530418655755,0.007391238949631285,0.0009940474002020526,-0.591724815720699,-0.29048477577029624,-0.0005194845669349579
-0.002548952452074655,-0.002321776737955579,-0.0001589397054015425,-0.026785995052722656,-0.00943990481750425,-1.8273012743484385,0.024990771777404802,0.004667876558279377,-0.02848840049630034
0.000405858747205827,0.009100819965678415,-0.0029339159768484247,0.18486019041078147,0.02797825094859874,0.0027643085610096108,0.9827189960354121,-0.0012731984271366938,1.1854036445986114
0.032144286452078265,0.005209471920232294,0.20483502419851143,-0.004790756981118815,-0.002760824947526205,-0.049686271504942994,0.005628938034189691,-0.04590972104425993,0.014892168172871194
-0.04421379506627918,-0.0035144883024959216,-0.0806961338493668,0.035018406330593,-0.0032788406958727733,0.004181397876150767,0.003560333254493874,0.03406516181798766,-0.005360238737002655
-0.7853025673343592,-1.888160856753604,-0.0012259128544450937,0.0027907163397388663,-0.001868565293847553,-0.002765066083667955,0.000540026562201458,0.033021461998339205,-0.001940066662333706
-0.00333349975115799,-0.0004874173247036975,-0.34407696083540495,0.018432113064371793,-0.004015020198841367,-0.0041348259831581104,1.0342045732931198,0.006251751827340127,0.001858005909966343
-1.4283094246756733,0.00041395664824730354,0.0017747848743530359,-0.0008901984056589136,0.007824533560561191,-0.001470252445522072,2.2710100570326817,0.006393057378773185,-0.00380835100223538
1.721288888839177,0.0008782878301361013,-0.04880370912095444,0.772968081771696,-0.39197499734999874,0.0017659062879059482,0.0035376602140673088,-0.0038030864746465562,0.014701629431338625
-0.0013019482337774148,1.1154829237769388,0.0007962322505692468,-0.0002596659178981048,0.0050769547311756355,0.43657845128350126,2.5029864138288027,-0.0019362987190554952,0.006689223326167726
4.499760290103586,0.04866543916956881,-0.0012810248481902875,0.000969984558831103,0.007347602692952267,-0.008298812442974488,2.588368343416306,-0.010480472843289372,0.022473891786520594
0.6482132843594898,0.026979869427203908,0.0008381423252599978,0.0011644285488582535,-0.006293403575280871,0.03333779560707644,0.03023271668464069,-0.052673774387806134,0.053405997914599296
1.4661333506914582,0.04084595610791934,0.5784152877648272,0.001387531608472936,-0.004581172373628306,0.008732224122067044,-0.025607729344346075,-0.08709814170040858,0.010554806418986595
0.0015481814614317461,2.1208560626117317,0.005502953067576588,-0.004182971038052591,1.88193672280568,-0.012043088164868569,-0.012824914623443835,-0.008687144811975168,-0.007474892618529294
4.449530385616248,0.0364899806911669,-0.001919190769557294,0.028978853001685984,-0.31154625290877014,0.5753724838514391,0.0020089823361815404,-0.01572007437873929,0.1386389343966581
-0.012147299313452022,-0.7884535030641452,0.0011222696025724802,-0.006352315113252323,0.013454037724363264,-0.0007069911036383582,-0.0035079717464910776,0.021175605868499443,-0.10694627547587032
1.3813909319473234,0.002912853370066667,0.0010976022153530024,-1.4785415825137536,0.0345048170757881,-0.9795225799991433,0.0016553495257245385,-0.03481848892919682,0.0025848212779322477
0.005289454554297609,1.3388700860185834,0.00018314835859345457,-1.4372971137448336,0.024006419813537967,-1.6856829833095301,0.015029957664975477,-0.004350217512328173,0.018640697959122265
-4.45306029524257,-0.001058480132082735,0.16148270975862422,-0.03134132871971998,-0.00029141444804212796,-0.010291551496962202,0.0014523564563660163,0.0076835899806645125,-0.014339294656628754
0.0028715529354477153,0.0012057644163170796,0.3462281306770876,-0.9926352696601843,0.009591370873492662,0.032459071949069544,-0.011494723729479656,-0.008730037286712206,-0.00203102668647304
-3.086222138856578,-0.00999805271304616,-0.5411319192013764,0.006115871936982181,-3.318262217154484e-05,-0.00630423440639891,-0.003984269542708835,0.08966128264603257,-0.0009757008625430053
0.0035201458665782333,0.37397903361976215,0.002851530642617797,-0.0008391449299858297,0.0023900061554839275,-0.8297775997939603,0.015400011587954796,-0.0135659209135683,0.03237902635948442
-0.7631382694576776,-0.0034635767954013866,-0.6310222000304786,0.0016150345530734078,0.011673346586079719,3.2202954552271654,0.001217046434458413,0.0958969984020811,-0.0039623733572260456
-0.052468708104974365,-0.004114612392596438,0.0028154595310399553,-0.0036781537450692823,0.007168243118068345,9.62818204999689e-05,0.0019127985797883647,0.008021658414591404,-2.8802150137166738
0.9876318607054333,0.001570795338545941,0.039917101589858395,-0.11953125806180223,0.001084320867053107,-0.0019329023950269042,-0.0022801642891183195,-0.04251519585656829,-0.004265021308503716
0.03759049072218394,0.0037829766648264616,0.048733613335421255,-1.519585751054879,-0.0002002850862916246,-0.9547463509743849,0.0007739941664809725,-1.5899000021492569,0.0043895963982153174
-5.857346741816091,0.0005077302751240072,-0.0006847064299205785,0.0006513188860548236,-0.0010394777162055155,0.001850387914655993,0.0019934599401427583,0.01722506352941664,0.0014926548837864706
0.6230330158757473,0.0028494151280066167,0.9299411530408266,-0.0034736690802251863,-0.5355359794610423,-0.0009488352715135576,0.0014793272813809141,-0.036153804818026714,0.0020639657690656177
0.0016733365502312014,0.0013305679191331996,0.0011492600858262223,0.0010903216573895018,0.18161331602576614,-0.00010661944523208229,-0.023454311926590598,-0.0033833214223800714,0.010850463726067669
-0.00432856228766052,-1.480195626326155,-0.008876765622216093,0.0032616550897967807,-0.0008426906620878083,1.629086108280979,0.004707057644626972,0.02186266085031285,-0.005315791563044292
0.005026001056082727,-3.4088894163136265,0.0010432505982646834,-0.0035230621111794263,0.0013909539667160756,-0.0057394094784300985,-0.009129374601933707,-0.005414880296580276,-0.015076415269087207
3.140636518370676,1.4979421553844037,-0.0031606494123022078,0.006584577457913808,-0.004172219462875083,0.1788482157621235,0.01501336301564881,-0.016491087292636833,0.04921525394293402
0.0030982711251464554,0.01554199731220144,1.4295231799405297e-05,0.012901993406067059,-0.05565199466164702,0.005002021681410477,1.7117777519740645,-0.006274652507694323,1.7159597878720394
-3.137625381332792,-0.005100460067574142,0.0019403356260788707,-0.0002830207408889696,-0.16239732737507193,0.007495820240199229,-0.010315132763350509,0.027731399526793613,-0.011048705138739068
0.0006751419985299122,0.8066163140587933,0.12271587378382953,-0.003430112598892421,0.3883463693619391,0.01979947030977218,-0.008082827815892606,-0.015495794141311976,0.009864884038311705
-5.2240209930144115,-0.0014503043950508778,0.0008941856350537791,0.0009122062931086359,-0.0007712093928144668,0.003897749468771127,-0.5497962219875988,0.013179716625357867,0.0034420357595369433
-0.0027126635297028937,-0.6581321340187241,0.00012800211963654926,-0.0035478623568218947,0.006046512758378049,0.0017991430046856735,-0.004604454501867949,0.00809388799039696,-0.06335690680154138
-0.004868124922042196,-1.5422123119913513,-0.029336340238875658,0.0020366977262164052,1.9866968903842985,-0.3031503237142578,0.021927137334607008,1.7418247587717943,0.0007695933276979927
-0.08922440886058405,-0.007515544823323446,-0.009948352328242899,0.004019570150811286,-0.002951437707883626,0.0172933686734372,1.5802159101028652,1.9281443676752883,-0.0017637904627285511
-5.165033999062649,-0.07145736049402787,-0.0008602895880469863,-0.0037650090575415923,0.0014372356425523328,-0.0009085357765326917,0.005423247173938637,0.03599396167326292,-0.01035122674316935
0.004467054114043047,0.7155380104956338,0.002006349803662877,0.0008618021851536945,0.0013302829779847517,-0.7382708281807248,-0.6059566457744172,-0.02416327017410771,0.004513665087071073
0.0029603512247893286,0.0022852292151839355,0.0005209172222937466,0.001523511470102492,-0.0017735989305605287,-0.001078261097244166,0.14609202710569305,-0.0045932970805579905,0.024438817654258586
-0.008684756146419647,-1.3744607906128197,-0.0027746310613452896,0.00441606230080616,0.0017051066234712083,-7.660592618182876e-05,-0.003926162812135023,0.010656628510853916,-0.0035366885600682796
-2.5570227979167113,-0.012412937830621973,0.011574280655428204,-0.013482667851186264,-0.0031447633001795913,-0.001255036414650832,-0.008739337109923927,0.015944919153353478,-0.7261383218643864
-0.014637437646415823,-1.6018489938472409,-8.005763559977563e-05,0.0013696450571619584,-0.0027558787163543853,0.0007169945244996109,-0.004879189687715089,0.020397422421561586,-0.005845454359655999
-0.002130576132538188,-0.8056344760022331,-0.001975671694959699,-0.0037765741534093967,0.03585774438411256,1.6392150827905518,-7.335273261293088e-05,0.013855571293297399,-0.03680178855883598
-4.125546465187791,1.9902500451054377,-0.005567711291643203,0.008141981459730111,2.1021878135923284,-0.006169663647682883,0.9427832555685302,0.017358923802583533,0.030394719526680936
-0.2664541174227159,-0.03248917384717817,-0.12334236472396709,0.004414487826292238,0.560752596382907,0.027043108030324906,-0.027464224367699436,2.304608866155663,-0.014190399208725668
-1.2303765338427974,0.0001663662998971145,0.6505900492826742,-0.00014920647278696044,-0.014865548931042662,-0.00154131191268299,0.0016898478464999604,0.011084441258480054,-0.006103688980366569
-1.4206901036310018,-0.00039494029308132276,-0.00551782204243368,0.004494989233798969,1.1015974050648552,-0.0013392033645509573,0.010838278920109806,0.019620470444980304,0.0057380655924254564
-2.0142961971959434,-0.0007275569040121777,-0.017821580262010528,0.005005749666666379,0.011079029419050285,-0.0006158376376678779,0.013390167753720914,0.025359656982613228,0.005288926390618592
0.02836225781429687,0.011435481087238377,0.12384760333835454,-0.007022264060249145,0.0026973735089142453,0.000634922559647766,0.0014520936554162892,-0.11577246900315186,0.01186393429158146
-3.721088270729111,-0.0023712983027635273,0.0015675467822668099,-6.9486425653048946e-06,-0.5439092426066433,-0.004601504997886811,-0.002688001252539889,0.0167655143713322,-0.007143130293743194
3.0097831125716428,0.08276543802202568,-0.023767434594824555,0.1941706610249051,-0.0008865284658262692,-0.9693871138844207,0.0008888683464472937,-0.006274843058482971,0.12760092781588206
-0.030527436082742443,-0.001831379259401203,-0.6139694678596461,0.004698482200261311,0.007227435953782508,0.6154694739621265,0.8420160834171562,0.02428329731602555,0.0002569676188659206
-0.0005097912432365636,-1.603385979147552,1.4113104252251143,-0.09219526048333856,-0.00011045564361042252,0.0028648662369160603,-0.982713882973838,0.007393722909522046,-0.08031619153226521
-1.9680686960372262,-1.6552265012618388,0.002639635875173324,-0.008384833259166988,1.1914688901811563,1.1365070833063842,-0.002432010973020246,0.023633468830874693,-0.008442877915936675
-0.033446330902792976,-0.10188029872265358,-1.2880997879901708,-0.0002573169100332784,-0.0008695817185516768,-0.020918751591151738,-0.002408543567154999,0.053495217025993025,-0.02729263918066549
0.0019712428445490707,0.00067185271078337,0.006978780271656628,-0.9657702106091479,0.01574593618586942,0.0011016554442688355,-0.010036878249844354,-0.004370154599960201,-0.0001586862605454061
-0.005588193938207211,-0.002426477188423554,-0.002622255788882825,0.004011101060964763,-0.0073193942734811465,-0.044471067757082726,-0.0009438088578942605,0.008796835870620705,-0.008156644098852387
0.0345618323770641,0.3242431543564175,-0.001730818898033705,0.002252568444274586,0.6349448279399402,-0.03545510235279218,0.0009013186659358342,-0.05271584640666421,3.1748089618160638
-0.012066989850551862,-0.01628366949713668,-0.006495356579113383,0.004934445568201462,-0.00042663837074059536,-0.002159036690520267,-0.01277531702330237,1.7942192252532476,-0.001254143799317653
-4.366117605437572,0.006857646168618128,-0.019670853050661852,0.015497000720402415,0.02475298497986763,1.7562837770635937,0.8066255917590148,0.013089280985819712,1.559202141448747
-0.0010890554969054944,3.516914662004952,-0.01065216374388711,0.11272615847555745,-0.009598028734801076,-0.0016686257506597427,0.004176098760373434,0.006474695940540787,2.0478431039331184
-2.131090732216235,-0.006921715516320356,-0.057654049671424734,0.0640073349248266,-1.141893653541962,-0.0037078924109100113,0.7432610883175019,2.140639788809948,0.025584351289939633
2.510459626970441,0.004909280324199933,0.8083245298539223,-0.07181716213329836,0.00041019193717756197,-5.5884458928224384e-05,2.214265844696823,-0.01041597475819478,0.0046381468847392915
0.02051611493787363,0.03392221650609067,0.009102798828421497,-0.003423063007214976,0.001542325884410946,0.0181745827396057,0.0034901366598235474,-0.25257239326049313,0.016384740331439666
3.2254515528466445,0.0032399478083417928,0.8013094556235201,-0.00949833344476303,1.876228979278661,-0.0034457341630270075,-0.007044703898146196,-0.10933702179730909,-0.004091588670804169
0.009499046510506065,0.00042511883673091583,0.4074243582225212,-0.8134160501251524,-0.001163935745198675,0.001103611726257306,-2.097991711838614,-0.012638045490852914,0.0013055327216029665
-0.002312923678085996,-0.2463954536331514,-0.006064010065783269,-0.0003099594459848897,-0.0041333962747384795,0.008783771353908643,0.0017218430430859847,0.011204580219234915,-0.024724616580267506
-7.37276853375543,-2.3566114545400394,1.3094198878553769,-0.02225864094573371,-0.038946135332036114,-0.007369859021303535,0.000756461978173889,0.30965886749710414,-0.10125146741508217
-1.482003545366183,-0.0026214079729319634,-0.7390737851444107,0.006308325049636215,0.0019182350179987595,1.6811110980172246,-0.00025575167446810487,0.039141920114642015,-0.0027688309089461682
-0.014382721936409203,-0.002004324465936228,-0.005725522655767187,1.2574993019058311,-0.013106772968376208,0.02780768275856978,0.00853194464131361,0.019993006619333925,-0.004050572104499722
-0.0040449265249679015,-0.8173249717989537,0.004102550167322548,-0.0050737273057581325,0.0017608655537904236,-0.0029844432229142017,-2.849212893072443,0.004133064590124405,-0.03608142885512433
-1.6020436718184772,-0.014037771608880072,-0.015521116519360917,0.5379152852008384,0.0010079150723410705,-0.001907715634946842,-0.49897813303359617,0.026945901176449964,-0.007448445628243733
-0.03930757189106288,-0.03201140084966388,-0.05280334653330887,0.01585386833358353,-1.6408308563568248,0.002852901812307372,0.007448719394094926,5.472470323067554,-0.00543415336320241
2.2921234904110497,0.04825654142606984,0.0026014428863457006,0.0017417035668867414,-1.1096755933377667,-4.179918159517324,2.858151673192009,-0.06832558610002068,0.049307986357801536
-3.3909987987362,-0.8916340330368736,-0.005237062112106644,2.142947575127941e-05,0.640291764529616,-0.0017541790383675234,0.0225922526603588,0.04977565066987581,-0.00044930045035240784
-3.7235488294293453,-0.002443593661759195,-0.00638486367255009,3.672175143387397,-0.013636518180724172,0.019901906732405373,0.0034737872089450105,2.8066157811104193,-0.00677521035932771
-2.6238041479608474,-0.6523517741555162,-0.00040318993457563734,-0.0022604040602099743,0.002355986355934212,-8.316652033068416e-05,-0.002574182726717951,0.08627827244337724,-0.016337983613944895
-0.013127407281986716,-0.010798759403870616,-0.00444456886068096,-1.503535120203452,0.0037174540405438515,-0.0013531267603501987,-1.4341452721186991,0.025642753811060355,-0.10625231646529265
0.007133806092056672,0.334400733227063,0.004328054968975283,-0.0014683398767719783,0.002390429840343796,0.0013684095651426919,0.0023087510524386285,-0.03202903341784172,0.023054189697530203
0.0005409868646210193,0.0005340339391047984,-0.0003547488986767344,0.003211598458712424,-0.0039006285485546637,0.0017555292971597107,0.0015398749589113144,-0.00084569531057022,0.004215312901997414
-0.05185740970165767,-0.730777117108008,-0.4915060725076521,0.029705710299373522,1.907818594487468,-0.001321125209037182,-0.006017549886617762,0.02444528078833688,-0.0053980825408965205
0.0006734162298552425,0.8619908567752824,0.019081551814362385,-0.8804483506772425,0.017384437782557195,-0.0003594835931046715,0.10505670632511434,-0.011930185763021867,0.0057700641233870975
-0.0030362465433699075,-0.7965779189843452,-0.00101469050455099,-0.000522620625615317,0.0025105219916236876,0.00225803398981717,-0.0028847676229044016,0.00904218025580913,-0.018049614377935563
-4.559740680197658,-0.012440604000869031,0.011468652238200872,-0.2639301412979168,0.0013928747364568873,-0.9096693442836925,0.0016064518127582392,0.00846438588063693,-0.03186348406849482
1.052718397619201,0.008576071885563006,0.03580476812788533,-0.007895543413292502,0.0015142130205510551,-0.005296290723861615,-0.002916052727328335,-0.32394275724285965,0.0011010756718411174
-0.001735332894979918,-0.0023946969688597754,0.0016824094382542787,-0.037030213881785165,-0.005802695573797239,-0.0021231652115835794,-0.02503193106806479,0.0030132443678103755,-0.028880708567705936
0.0016955025145345079,-1.168745500691287,0.01467438760651324,-0.044468828742441416,-0.006546944759068854,-0.005124632516222239,0.00033720815767992324,-0.00379358429122267,-0.03883268358029612
0.01831379059617975,0.0573591428822699,-0.0012373188584270528,0.004731449836077648,-0.0012535196574554926,-0.0004291300987377988,0.0008378984023607464,-3.130046788361,0.03648188365924909
0.006662226200524689,0.00417021056936759,0.0018713360445589242,-0.002716995226715366,0.011393149830853152,-0.004538470751665086,1.1747628244494428,-0.009198244191861023,0.021120804520792576
-0.007878960818249509,-0.6962979366439381,-0.016540980340262468,0.00479773961716685,-0.0006970713346348446,-2.3087245994439693,-0.002867638816256946,0.9004678665882433,-0.00478406670434961
1.729561336749958,0.0036513605431584967,1.473158386980713,-0.035866330895872656,0.04771194604609799,0.10274276449253814,0.0007703043590562078,-0.056009510780545946,0.0010898794141417922
0.007294900470190082,0.016557066276827806,0.0008721356157317073,0.0003457184067077178,0.007778187363175482,0.008928677439016885,0.029726570913202445,-0.014567161545498017,0.6367976955790869
-0.6750772496557832,-0.0030683906550326226,-0.011010411680887816,0.4069992469417703,0.0025247570911566945,0.01865593635617474,-0.00796357347809385,0.040970298286334327,-0.0016858006362434619
0.00819977739199167,2.49178075555713,0.034553556782928596,-0.01352942346012153,0.004731389549894306,-0.46370834361933194,-0.003563348712456456,-0.9048278199075757,-0.015854640958829824
-0.7804099054295772,-0.0070361694116912905,-6.278716067319515e-05,-0.0015946144637629988,-0.06714924742105127,0.014520829415797496,2.1258652219807894,0.12412599854978085,-0.015474491574081484
0.06401434401747966,3.0198994522197102,-0.00045908847072817505,0.006477909273219286,-0.010592050350688768,-0.01471553032924542,-0.010882442393950052,-2.2905381571434518,0.03594934802415484
-0.0017627866367247746,2.14931728828667,0.004848737186191832,-0.010264634683501722,0.014376585032049402,1.5345283633706297,0.030890493581006317,-0.0012220084883069783,-0.004750117627072448
-0.009971409947625052,-1.01102673956035,-0.003080212390196277,0.00028464338328357524,0.01811351516928047,-0.0004727173331143101,-0.2732014600869429,0.10108120949329902,-0.028855388650384173
2.6149632121793402,0.0021941758500567815,0.8927581340960664,-1.1426418693659954,0.013859220223786217,0.00010865279505118753,-0.0037075312283797665,-0.10315281737166337,0.002426234617376899
2.5772120640813028,-1.169850667965613,-0.0010029056445055038,-0.0020494481444339892,-0.019855480514381574,0.0017358418354571094,1.7093624004089645,0.001500231267672768,-0.01064141652891031
0.002583522329788368,0.0017397442007905037,-0.014376114803170949,1.2638660920581075,-0.02776876712129601,0.00016924057219281459,0.056953313905827904,9.668469552968906e-05,4.006239640231356
-1.93330114074453,-1.4335355383205035,-0.0010299487313053246,0.0030803673692326432,0.0072182809096738645,-0.002328029226432257,-2.453533052558885,0.005598047894921326,0.0032589961876985374
-0.05698882763711238,-0.0030633054461721744,-0.3188974795823034,0.08452928889403455,-0.049397306612157105,0.009201048193841288,-0.00020203962250870539,2.973389649121007,0.0022918050906207688
0.08971919980867313,0.008671956013769556,0.0007326731904009967,-0.00035425965123369327,-0.014025005596094701,-0.0002521908124068365,1.1200842748854891,-0.015491079699591941,1.1174860199268655
0.007369868523565843,0.001471686870696029,0.19534074680009028,-0.31605949458226545,-0.002565761823122466,-0.009011688005908975,-0.001978438636900144,-0.009601792864549055,0.0011229426645365248
0.0017557539280460641,0.0005707435848971488,0.2575947225220706,-0.008836946841495505,-0.00902116402840665,0.004469234442992136,0.005072155292835284,-0.004235363777021581,0.0006081066354879146
-9.73090426754014,0.0006905655952817481,1.253403923963754,-0.01705785776902702,0.0017753056547176807,0.01121755264427738,0.0035280252309591587,0.01011596286152916,-0.009039395810952922
2.2424616826172867,0.8603590768527831,-0.0005539135326916023,0.014907787107055159,-0.00380515527414646,-0.0003808413714107479,-0.005060753928151376,-0.27586651151610764,0.19077419018464958
-0.002853164514200618,-1.0260771225238452,-0.6129832503955819,0.0037958178148242705,-0.0021935222806574676,0.015727304769667914,0.0035497757409450187,0.017158949255637823,-0.0015250677296557713
-0.012034764928281948,-0.19504760966951096,-0.5908562586692814,0.005175967430270545,-0.010109395921927777,0.004495697181772615,0.002467538115285637,0.05702820074906784,-0.009271930635814607
0.0034200022736682635,0.8466471836343468,0.013359279164321392,-1.285601636807628,0.008667849114481194,2.0460269830777635,0.009930860698420535,-0.014341617358127196,1.1407350576829067
0.0013424938056888385,0.0025876631510286627,0.00031121634029884516,0.008682038783947054,-0.008835877744309776,-0.003989051735865845,0.16902214602125426,-0.002766787336932684,0.022951120752416676
1.3146915755019768,0.0036224349103931505,-0.009612669728058396,0.004691917186756245,-0.0016056148110639061,-0.002142688815080688,0.24249071563904415,-0.00894551236500435,0.029757967502333726
0.0010846874706203573,0.0007445734389080159,-0.0002640015676300027,0.0018452443368713865,2.0043551362509513,0.003474903208538099,0.0027509371785124676,-0.0018434027535151219,0.006080951344054132
-3.749795688530938,-0.015679526662448498,-0.00014208067193764717,-0.003432586314954365,0.0018784163213018922,-0.007921264004792657,0.0006359733396943418,0.043934279853084415,-0.010432244925492329
-0.014314185250365406,-0.00793102542954659,-0.0010937123114709152,0.0005218189535031535,-0.029767277877174838,-0.018322798599930155,0.00043482989836803043,1.974490912005629,-0.008808545425982028
-1.889717320049503,-0.2542793450539245,0.04661817528234635,-1.556406024511214,-0.0073153683661750825,-0.001759084103135378,-0.01163486903207469,0.06571128103431687,-0.20949953907450958
-2.199434687238532,-0.004691720003083226,0.3716271425201607,-0.018676988311093518,-0.0142701586568379,-0.0020681152035849177,-0.0006236858376456288,0.02618320985908204,-0.05445001626428758
0.03426185405741533,0.0994003119667196,0.0018937375230691084,-0.0007564318831289307,0.0021212972389765584,-0.31164222930155155,-0.0015674100260350708,-2.398827154790769,0.007775729823082778
0.1698054832840699,0.010588133714519695,0.009287282872952041,-0.004796106217773805,1.4477443767586199e-05,-0.6909968957405138,0.001694193575655602,-0.44990067690679164,0.00693179090079437
-0.00587794000133552,-0.4709810423423688,-0.20000524376044893,-0.001777190134630638,0.04035110989428628,-0.0008136839853872656,0.05889102839915163,0.0312884994733475,-0.02020049842543506
-0.051224395767019294,-0.012712613402891832,-0.01141307188777868,1.9227856617267183,-0.015716139831701177,0.0013076120970371193,0.0013237592758515633,2.1783450367207173,-0.011738815294060012
-0.0033731163429222225,-0.7679530182266345,0.00034785711734497404,-0.01584378174650615,1.272676233653236,0.0010997103731039434,1.2960688901582,0.012970267211313072,-0.05798374667328077
-0.0018725726943785144,-0.0017506648821600432,0.00032073081444984955,-0.8342567743337304,-0.00705691625578887,-0.0019036244123097111,1.217135877842289,0.0033801842597739576,-0.011688417671332722
-0.0026690967256816625,-0.0025925970399457397,-0.0006050609564509751,-0.003388279472590392,-0.0009707211556759103,-0.001584137061451795,-0.003371899256217513,0.005317588707753946,-0.017209016610569713
-0.15567822532343767,-2.760268987139522,-1.384316950888632,0.012713674374956074,-0.003795183539544063,-0.18815214611509756,0.0030862912036458967,0.09735927192735527,0.004693987330868232
-0.12512628855655195,-1.9337099852391835,-0.34315260340191056,0.04170879752000489,2.280153092352283,0.00972939918385185,-0.11175440915643897,0.15120260919583517,0.00583500599994613
0.003342748326153675,0.005343521252644659,-0.0004154968149333148,0.06203052768942749,-0.03642164120841714,-0.0033826244274953476,0.0007368260439222926,-0.007680226811024666,1.3358557264547803
-0.009540753989115313,-3.978737889970785,0.0006950120539130633,-0.008158912203314848,0.001241991782823186,0.014194307487749276,1.0251002772015383,0.11885394693423729,-0.06108166660498515
0.4544754703769622,0.0033968609090281104,0.002670697683899657,-0.016204176120972774,0.7453451481735988,-0.0038704587425445543,0.01867250568292418,-0.019242462480896252,0.007254262475265644
-0.01384335287321642,-0.16873696617508438,-0.012789642761570685,3.0299734765684563,-0.010475599593422126,0.005930776161853099,0.01403641082032454,4.385553116514207,0.0035951866478222128
4.64015020695948,1.91254524888169,0.007285085648331524,-0.004539594483410008,-0.012060901470354546,0.002214670969755954,-0.0030900867271825977,-0.04410757978695186,-0.010353275962529995
-0.0013883222332792017,-0.0009713041945468902,0.006714052520911215,-0.16766280716282234,-0.2000499382664562,0.0035987747312197426,-0.004998029251110254,0.0022183873895293246,-0.00617652785493733
-1.3144104129130059,-0.0017165413992720107,-0.002825539818135346,0.0019130522595013182,0.0005401172443790063,-0.010997971699409284,0.010598199707886172,0.02367727576978037,-0.0020157353706826697
-0.01547349032039532,-0.0023265896101396645,-0.002052210984595509,0.00212800247074142,8.771063849802192e-05,0.006234483867879508,0.004875133603259133,0.011496242036209244,-0.008629664131586388
-0.018088889470680748,-0.0023987251843927697,-0.00783427066250951,2.8505545972548374,-0.8426889102052653,0.002132194334312665,0.9345469720484046,0.06039429843689117,-0.006381306914523449
-0.03266376403711663,-0.00521336329001712,-1.3199620549025317,0.001219027509498788,0.017832470669462027,-0.9326256720775932,-0.004832323823207557,0.01519054789303309,-0.008545422530927355
-2.1623730890094794,-0.008653775380473575,-0.0014097467973183883,-0.001026924214314073,0.5570858960339198,0.007152991360092638,-0.014067265859343637,0.09408328113371886,-0.00502380405026534
0.01002425712996871,0.9819542552440881,0.0025933202498477775,-0.00024631519489986414,-0.00940323394095591,0.002532787449923659,0.00014744044685685576,-0.03799684834713098,0.011445191032154911
0.003938189619424489,0.24388565562001618,0.08963249290704586,-0.0006233034850628453,-0.003152990365973567,-0.008581762001699269,-0.002705323810859404,-0.03624275501267755,0.005498798157844334
-0.20551160675585342,-0.017094318019878908,-0.00232709706046403,0.0024618074289595613,-0.0036136345711206518,0.0013853884116605448,-0.2022707114799679,2.1396990745483673,-0.02537797337442943
0.07570339941068133,0.9085944398627895,0.8927854241762585,-0.011531369852537277,0.03624641563644178,-0.000386192101454335,-0.5884105309434702,-1.1599210309970385,0.0006043720213331216
-0.7481314245264206,-0.007684830870091738,-0.4153798926318433,0.0029685224020509077,1.1006717468840757,-0.013409284933254023,-0.006704644100159137,0.08573857784729938,-0.011089431616387965
-1.7830834199943641,-0.02348884956539366,0.0023957083615068486,-0.005781375252325253,0.0011490409785761642,-0.0015548404084118938,-0.0019289580366989413,0.0205756830513191,-0.034019829259337775
0.0006841606499019732,0.0007391560627575583,-0.0024418264688494526,0.007338963754036891,0.036793993395009814,-1.7658867234290252,1.5220192214593216,-0.0008754098825600441,0.01480082298582986
0.005293368729229048,-4.070628959366196,0.004360957416389533,-0.3569904741575174,0.0013390620100931852,0.5542687413760774,0.003170521930882915,-0.010742766264065964,-0.7592417233165847
0.0007357251511675858,1.918435014746171,-0.0014882885211083136,0.008337304576998996,-0.7856973691495113,0.0030051411990254288,0.0023884843890444388,-0.003973387881716642,0.08348881518303486
-5.636907014214918,-0.012229394678749582,-0.015543721640938424,0.003254885873130064,-0.0002630194175121947,0.006644854222710283,2.725239445432334,2.018366727923459,0.00038254868544207454
-1.5550312059702842,-0.002899218909681826,-0.00932151987264554,0.003259673797127536,0.012284374027893367,-2.3873281193272105,0.0038088146746167407,0.046020669015589925,0.0024093526544132493
-0.0010673780847900508,-0.0010825536725556533,0.002840285305269368,-0.012550143780231797,0.0005641708740567378,0.00685446607604708,-0.009825988699826626,0.001042666786733385,-0.009107685463743746
0.9367130174109948,0.011053760642989942,-0.003921036269546339,0.0029294738960582035,2.267907590423578,0.0009104239200839366,0.021870938231843308,-0.014408530986404877,0.9829151041276036
0.025324835851501436,0.0016421022636288855,0.05102175945469192,-1.4954435826619081,-0.0039298479341057695,0.008746860692945896,-0.013028794934651559,-0.04504812343703238,0.005442283093655685
-0.03583519892131389,-0.010913298071657654,-0.0035593390762415724,0.0037018419804690826,-0.006891332373973937,0.0032408144291967344,-2.531148203434783,0.04003106619637374,-0.02773119999603701
-0.01364367535575605,-0.8238937921213259,-0.27185463022609646,0.017045575420692807,-0.002720000608691258,-0.0034598976218584627,-0.01033396718409376,0.0586395940793793,-0.021330614447880647
-0.7293954585179683,-0.014647328793161475,-0.0018657539653315972,-0.0005557333100414061,0.7742375348658836,-0.0031903260018653675,-0.0032443505588922762,0.051789881837784206,-0.014223934960320483
0.006475089011033686,0.0018751188875347998,0.002955096666481478,-0.004703710431434475,0.01463803058486684,-0.015544774901357744,0.00808866657496713,-0.012313401345451367,0.008567720397877728
0.027890709050390608,0.003132753253846961,0.46939573860421985,-0.015259089869684085,-0.0005893469961132053,-0.006342130032609181,0.006535797089984122,-0.021415361271986427,0.005142313777160727
0.0019015900948193892,-0.647062067668351,-0.0018561212223263124,-0.0007868725076831855,-0.0004469346625559029,-0.002809603626611664,4.253651036244515e-05,0.0010835136844448577,-0.011258165421748095
1.3823961892350554,0.44654231905341646,0.0015791127489770684,-0.003966710092475954,0.0007977960218817429,0.02519232562778955,-0.0004491691404643946,-0.028837310144904687,-0.003866084646072243
-0.019287711139427004,-2.575751373050602,-0.004701749783062981,0.003781771034872268,-0.00220573832446469,-1.3714319226174028,0.007312031730807449,0.2803579166929095,0.0027389976749558897
-0.014620548575352067,-1.0469124680234838,-0.04111595395317069,2.92406347434385,-0.04280448927345604,0.0831353492889868,0.45882649537519504,0.6746777480206456,-0.005919071244388063
0.005902016661437047,2.061557531095655,-0.05285138144832868,1.1503551231261393,-0.0010252313341453153,0.0104916223082412,0.013644080999561325,-0.005789774660906577,0.04538229746354183
-5.192721027243361,-0.007066091454563611,0.003681618091962102,-0.9675007300025114,0.2867597253999909,-0.7641978800086324,0.00018171638034123264,-0.001073035388108462,-0.03635808518790884
0.001176597487656401,0.6505686870397498,-0.0016868116814574424,0.010281022502361334,-0.870882904436962,0.01723814046792446,0.004028240862458621,-0.002420047137592503,1.3906773283791853
0.01440786558198988,0.006244245604111076,-0.0010175168288929226,0.00232514868509269,0.019725462350848093,-0.007775470393480328,-0.004253839051507674,-3.528636345771575,0.016871124132834703
0.707271367188147,0.0034727467027460632,0.02021530624057541,-1.7840695890644116,-0.00774195885165898,-0.006008776168687839,0.001351682609769797,-0.04422088567961033,0.014010072190236533
-1.4237391751227906,-0.5767527018305737,-0.038446084190500884,0.0033058766205734513,0.0018061133620310386,0.005677996732482494,0.006764779481258783,0.47083193649838045,-0.014908028322923372
-0.7511168461716728,-0.005318105179152655,-1.4982681170989895,-0.004318336063731831,0.1462392420641513,1.8764252196450155,1.676754051541358,0.0928103763463366,-0.009062565191726824
1.4423871301412663,0.011215311811807373,-0.0024406041572140463,0.00416988386084317,-0.0023162437542326468,0.14347274865945364,0.002152346537206133,-0.010211189707701634,0.0905633643890722
-0.8330328582727753,-0.0068738422244759186,-0.5881401144856848,-0.00038543697633856844,0.12070353603800599,-0.005045828289637575,0.0019683286402924043,0.04084497024734787,-0.013549554800918517
0.07816982424699866,0.2506247313659421,0.004140447312832092,-0.005861629561802741,0.003582836375738625,-0.02908332663548821,0.010180835640904096,-0.9375044605964789,0.008584565721338033
0.012239615287393226,1.0026399301893132,0.005040267031220513,-1.7769280837555694,0.18654821408482075,0.0037549824675418985,0.0033560443316421017,-2.478014756972759,0.03332592456369987
-0.014100859089249945,-0.006585730147014674,-0.007190533692492826,0.001949009647041812,-0.002253661443007548,0.006157280688545379,0.0034763308215511393,1.8597158241202973,-0.004113818094403782
0.02511830820501071,0.8459959824138117,0.060412890698675725,-0.05786814005189064,0.019462798773778385,0.005838061119203401,-0.0018271406957895645,-1.03313921489906,0.00776464968742363
-0.03762876075020574,-0.4244898443218802,-0.01458840657097947,0.02474700500162795,-0.0019330090110850715,-0.05161170446720816,-0.0017883817073810569,0.03529686832218985,-0.007704335528891992
0.1816698459006878,0.003415677922845764,0.7433614425347266,-0.011948517199562025,-0.018720995957521087,-0.003708234255666575,1.0706528995759976,-0.026790371703201116,0.004118246360054062
-0.009738729063759988,-0.018503262162101363,-0.007370640476396739,0.004143865902700723,-0.0018597150097615547,-0.0012587397368546476,-2.5254465117646387,0.01775869285781554,-0.05308603750910042
-0.000637427092078091,-0.000157921516600948,-0.001130941914668949,0.0028007859194149084,0.003360138521475365,-0.002144978711637789,-0.002431220180994149,0.0010208880497833506,-0.00010770973257601258
0.017114286884660282,0.517705589129675,0.003498882723038093,0.00023216209389742245,-0.19845002794441516,-0.006917546752850399,-0.001129900002708105,-0.022845672844589947,0.05416116255252035
-3.405543371424455,1.0169684706513058,0.4737454043167468,-0.0050031545912781195,-0.002395157361718436,-0.005393826149338895,3.0010874067358713,0.009045481381285064,-0.00045086640408421386
0.00028930287062660116,0.6378417508316274,0.04373348207694547,-0.0033627038201384865,-0.00023842536816421137,-0.0017354736072764838,0.002033556080222248,-0.008659435523117834,0.005430059640949031
3.566866026560353,0.02065078475211536,0.6185696651504085,-0.4124952394045982,0.01352197637888286,0.007318952390943961,0.015433735664602155,-0.05339332134553809,0.007946011737084424
-0.0026934296883840097,-0.8360015550898998,0.0017708784599986052,-3.8793924303113623,0.05014560087663178,0.0072443246333056925,-0.024001766728493704,0.0015324798690138437,-0.020135332566114217
-0.18503882959182474,-0.006249862654766369,-0.01790394261413475,0.004311701178155337,0.0020139374129610806,0.41996345859399914,0.00033459816578363007,3.7539654685439157,-0.008082671799831243
-1.56423030102065,-0.0075116875319217605,-0.0008155828873070703,0.0013602758058416393,-1.7502915577280818,-0.5518912086335412,-0.0038922060407168653,0.04063342024020557,-0.008577036650323527
-0.0003092445321884571,-0.8421658451162082,-0.023973731313405716,0.010245113684689462,-0.03354297239869949,4.32705541572335,-0.022586041131732182,0.01579076525151239,-0.002509445642703001
0.009820786984344777,1.1071139493548643,0.0032507895781168084,-0.001488097704101992,0.0028511765118227096,-0.0004791905556054449,-0.0023675612611795457,-0.06711833700742165,0.015883684665118802
0.055843483435371155,0.005203945922626199,0.6670864414976256,-1.1996166428168986,0.0008346072624905304,-0.0014700799097314833,0.005142997643751439,-0.04101400178833514,0.014450014182408294
-0.026105528003552574,-0.0013251461219854787,-0.005214154032467638,0.49374152023626783,-0.03875201486970363,0.011251320142235195,-0.004641074572886655,4.197170481617765,-0.001632941595278603
-1.6289594463801553,-0.004647247387913709,-5.542557582176311e-05,-0.00015860360367006386,-0.046430775528802384,0.023281478175358427,0.010940505360170128,0.029144404368976785,-0.005013277646972569
2.316592716034077,0.015731100277150953,-0.004137918595962117,0.06808926591927858,-0.8818976392115447,0.003794438895495714,-2.00508696472774,-0.010195928483904023,0.04282275500886068
4.668216252858143,2.9340460042065986,0.0018058527310683137,-0.0020303227285475515,0.0033782712548649715,0.002928482393954408,-0.004158226631155705,-0.047698158838697755,-0.005210282966670032
-1.462929534333139,0.004171163943875176,0.6480987507940354,0.002269302889528065,0.004156812640631458,-0.001215646811480291,-1.413021199497217,0.002479876583241532,0.001973051808136006
0.002842498166794452,-2.5087114890218647,0.003476836062695665,-0.03426140147868806,0.010484118479780508,0.0030006403276564876,0.003025161735679599,-0.007558202370968825,-1.7118023241962987
0.059897858203238806,0.004983733151164933,0.005394534922899985,-0.0010640733427890177,0.000629567539977862,-0.000630327458170627,-0.5887794890931173,-3.8647014654953855,0.006167663929610767
-1.7253106297089822,0.002575146538802621,0.07931249341870139,-0.002866004338402719,0.0010521808236709394,-0.0004498273768431068,-0.0013956095125087237,0.00194270309907975,-0.002157021363149575
0.01348203626188585,0.1269445450642637,0.0021915703376516604,0.0021411840856124372,-1.9240107865483268e-05,0.002589050016943475,0.001736307866280357,-0.15415908923808833,0.09727807652665188
5.679155799699252,0.19577132896280397,-0.0005799866455837854,0.056004107713010245,-0.01152803788850883,0.0012646568413052339,-0.015876858655764207,-0.019707707917444046,0.03288395503103003
0.3496370708869805,0.008819864445316928,0.007141425758761689,-0.001470101419127259,-0.03259872844461385,-0.009600871725275269,-0.004561919221989438,-0.03147180637200115,0.01374595165445254
4.691862636075605,-0.0013824557540064487,0.016673737602416472,-0.00927798753586269,0.0006049093524228624,-0.0049313622381920745,-0.06517489262346793,-0.03119497686626249,-0.02363096279326482
-3.480944418028296,-0.002861996171917414,0.0032395477861681815,-0.0010084309793203234,-1.044989325576736,-0.0023183588286038214,-0.002696340138107727,0.007789727616990752,-0.011605532494521231
-0.00129980508240385,-0.3280614810164072,-0.005576276001862633,-0.0013720245930625647,-0.0025536980093968957,-0.013998855334650435,0.0009059802413270853,0.011837633317746218,-0.02390307799759228
-0.23303015781887088,-0.001679628189107744,-0.1725620039864381,0.05208180490314716,-0.002092341905746928,0.0086692009911408,0.007426401080547703,0.060009280177646895,-0.0015012866478740158
-0.9432003648065936,-0.016355247272904987,-0.00233745814770352,0.0007358995602987214,0.003003125717753293,0.0008181618437834784,-1.5545027613116122,0.05181066567328821,-0.029886345604387854
0.13065657347719867,0.07926415074271853,0.0034536029024787307,-0.0006195194843346651,-2.673994510403698,0.0010659644555834516,0.009862906606398622,-2.9660372464021534,0.03999035246484961
-1.8299592223148038,-0.9921650919338644,0.0013732703245561279,-0.0018475135043614322,-0.009839547479416223,-0.012479817131458942,-0.0017289986691882177,0.09393970878447402,-0.022446287260476705
0.002440988567486188,0.00023497082950654433,0.4642926472707659,-0.009031955736517112,-0.000729395234201282,-0.49291968871798925,-0.6029719045283659,-0.0037673564960070474,-0.002825052442970724
0.23879937396813872,1.5232685117590516,0.0004856250245034166,-0.0027796948950553416,0.008135204294115954,0.05953755843727579,0.00928995384426155,-0.06980223205321835,0.01700431148892123
-0.0015363848075536936,-0.004962221515888058,0.00024325396657696053,-0.48836019622546506,-0.011555078944655028,-0.01844589353536962,-0.006678960908481918,0.004285622687925747,-0.5071884331085937
-2.595229984023582,-0.6692435585367543,0.0037373438634264733,-0.015285361415800308,0.0031698353619419185,-0.0011887169470226214,-0.002858051683649849,0.01932644057540297,-0.12328158355194985
-0.046840409513414234,-0.00373870170350885,-0.28159483482168546,0.02873751724054871,-0.017648973893225894,-1.162827935342374,0.009364274430928687,1.9975471944871157,0.0012399720012597482
2.5575510549713467,0.25298462634565366,-0.00047964807697108147,0.0002185441260799995,0.008486889139447274,3.5186320715256723,0.007451134896728339,-0.02129571158436018,0.024418093865607116
1.4479400259947688,0.018683314853196624,0.0074105358309452946,-0.0016581482458813033,-0.00022304156502336338,2.1604379486581227,-0.11542965654611867,-0.33308131207350333,0.0027205574479126915
-0.00961534117992894,-0.007362218701461242,0.001034009066429628,-4.052267386163836,-0.6937188872312445,0.0007022788593547265,-0.011133930775123146,0.011088859112340223,-0.029439408869001704
0.0031289815105245873,0.001351894613488029,0.004359628639741211,-0.0020710364311833152,-0.23862586519769205,0.0017259149456046174,-0.005788602760961866,-0.005047559136562984,0.004477565030804715
-2.978764849699238,-0.04242424513576415,0.00011935474976708382,-1.9421214516040626,0.07647959038915228,0.005305956010027116,-0.6273808273412667,0.02489472810949407,-0.0501361653098642
2.1717304444408413e-05,0.0007595418807145116,0.017867319986541577,-0.0022238555697814636,0.0004897213102896822,-0.005011526315035421,-0.005171928990380743,-0.002188439229653793,0.0006408009449300701
0.406527708572478,0.03494468260527184,0.006150678923140314,-0.0004885093072741772,-0.8541457208242034,-0.0026218963929486782,-0.0025834123355044235,-0.09776479096583404,0.021375695259646596
0.0755607496138267,0.0021183507663146417,0.7459394589573238,-0.02616969945929845,0.0007124274474386663,-0.0011546177420290404,-0.00038818449509292995,-0.03562021368500312,0.001657974188525882
-1.2223016656524561,-0.004324378405883102,-0.003466098873184314,0.0004134315384451226,0.0025960700072492873,-2.5163042954503463,0.014758588232479032,0.0362156228583431,-0.0062032318535665265
0.001335617056703771,0.006740338246872202,-0.0007718370897825387,0.012325973144394996,-0.02755109806539015,0.006154693584434273,-0.000515979128739923,-0.0024004662468042753,3.1949294753254946
-0.6911636720852017,-0.008306433583191747,-0.004012679062828532,0.0005415439809958828,0.0040323621822717,0.0027049587109017883,-0.0025308786018199887,0.4817505564207627,-0.017322372610647147
0.0013056406965936754,0.0031872621126335064,-0.001845235280780538,0.0900950691633369,-0.3288234084764472,0.018484702348486398,0.9629551116158234,-0.002494831745352876,1.8570091801206694
-1.0740183202129248,-0.35403995308199254,0.003963482437450053,-0.009708555958750819,0.0029285171069462984,-0.5260142980149167,0.0037349033716998015,0.011056236763928595,-0.11685237433728068
1.917877283964782,0.005604217122744196,-0.002214189724212119,0.8961795805902324,-0.001264393960406914,-0.7608556815921489,-0.004232227728611405,-0.040321702159036445,0.015188050725310376
0.1173978401340196,0.6374974468015466,0.009279145641009179,-0.00635535138851806,-0.009153668905902086,0.00034110181254160335,0.07077892612634198,-2.751023280055179,1.926014329051938
0.006578774045436048,0.002174931268606337,0.02992785184331065,-0.9178500288372459,0.003572502539048881,0.013701063765642047,-0.00028941586826463717,-0.013757924781731696,0.006469503235120351
0.01362727978666712,2.767347933623836,-0.0014562306766493227,0.0035749453431787592,-0.006416328731678862,-0.011026940479792056,0.006095736585016477,-0.018832604929469365,0.6034438624423402
-0.009649052690561072,-2.916613526464813,-0.012442757447417019,0.007834030097959778,-1.5244615176456964,-0.09335192171369283,0.06125346848225452,0.3988551071351857,0.014107186874870559
-0.012353055343847008,-0.0010816780140767077,-1.273236598087346,0.00904286762170689,-2.9219185634187252,0.01807299554846928,0.05621294745118197,0.008352013384462731,-0.0002861896800186031
-0.5966544319325788,-3.7310027415812863,0.0012795318355830199,-0.0030644759101402207,0.018309038131222373,0.1041941478700857,-0.003910777392084945,0.04517048613610348,-0.023196881532316915
-0.004209301055422534,-0.0038085775317389806,-0.0010183230066104203,-0.5615025911183289,0.5207102414755814,-0.006249914485033576,-1.2512110704350978,0.00678089177144017,-0.05525181460684833
-0.0027106790194797482,-0.00577146530058038,0.0003075725392337229,-0.005254984814702452,-0.0009835521408556862,0.0013629950399089575,-0.0014730025029568233,0.00591138077351297,-1.8830027249825534
0.007063195433682501,0.5810865059000867,0.872464960294586,-0.02763875247828307,1.8422687527938812,-0.011103684723438742,1.0644830568798542,-0.03142087581635861,0.01137662885530455
0.001160817129320888,0.2602134639448765,0.0022946067588226586,0.002324263670450022,0.0008733998224536052,-2.752415189880408,0.003674888885049284,-0.006748984417856412,0.04931909056641062
0.07627408750440041,0.001991722023472941,0.02684412771472311,-0.021754085078156016,0.008215393818396173,-0.001027590468752099,-0.0008045204721741618,-0.6232497537872379,0.001675966080942528
0.0021278791176880607,0.36737952312158006,-0.0018578250970318834,1.1187475708808035,0.002294565800186721,0.05263752568854286,0.005619361002749481,-0.0051598163307411925,0.048158241184424355
0.006572197430138778,0.008485151949888987,0.010934509735531794,-0.0007337646498416952,-0.00895911374364316,-3.458456479960736,0.005890278274638606,-0.017683625434111505,0.044229090061474526
-0.008107907290007238,-0.004201230812323861,-0.9837471923500223,0.005642236151130742,-0.020965140390807737,0.0019297672570966345,0.0018040990370485517,0.018335850130548004,-0.0030073838647192985
3.1018986329734695,-0.006497631718364837,0.5220766379073547,-0.5490082465098789,0.0010778880736401902,-0.004580954673029267,-0.008409146638113069,-0.019857885209273174,-0.009111495534546932
-0.0009952983656963512,-0.0001460216941352001,-0.002364928706276692,1.5970227630193417,-0.05741120160726315,-0.003917814835731412,0.003232657687761982,0.0022746252677618302,0.00011416621954653825
-0.05769827377413306,-0.003079593734971426,-0.7048887039153937,0.006739565118173696,1.4913984718737603,-0.01361713526893463,-0.0018751646230201198,0.01533545985249174,-0.007255813265050648
-6.3353639445236904,-0.008271128236545524,-0.0021783920138415402,0.0028131056487640587,-0.015358842711276036,0.01235734402354002,0.0018505360309328776,0.018109338769215787,-0.0010804394316725752
-0.08809503293689422,-0.002955927847619733,-0.008294288180819634,0.014587082156632711,-0.006212795330159911,0.8092402140716306,-0.031755908298122956,1.2868762461750476,-0.0024707706256757583
2.08741230124041,0.7942876159308441,-0.00935019703059109,0.04843912318949618,-0.01948424676169115,0.007455083971757106,0.010369617518145939,-0.009231267964044098,0.32162353247659503
-1.5436784736050182,-0.0032049387946405904,-0.7698675566903823,0.006195784915811464,0.0016369387447248886,0.002157858719283671,-0.0011651539910557743,0.03738852088478278,-0.0020349768550216307
-1.3750163219999219,-3.2345063759717254,-0.0027475200937331357,0.0079075521667088,-1.7022250311264777,-0.00689998215486525,-0.0063196781790123,0.18317682336732105,0.006151685841969012
0.0024414281736298117,0.001580582826757577,0.1261895967661085,-0.9637062177905449,0.0028250674844619104,-0.0036119614747620963,0.0027457110051037027,-0.0062168158684428425,0.005611278051574039
-0.18948564063425274,-0.019878532201127667,-0.05691920734636746,0.013613276135931687,-5.892648879262698e-05,0.009306395545282014,-0.007644232123170003,2.26486232307305,-0.0056665222665965576
0.44752176298304214,0.009235508624906984,0.3053944344052374,-0.031182583976131592,0.0015054096027110496,-1.220201877519988,0.6771315397028723,-0.059622058562089325,0.009706063462102801
-0.12190962474626915,-0.4041040962725532,-0.0003905093773755239,-0.009531243375189562,0.6879707251859841,-0.0002713135598540903,0.004446242528002187,0.13674917500293396,-0.08209075624019802
-0.002338044137601747,4.830704102118388e-05,-1.5632329298350172,0.001365237314652254,0.007007321167223898,-0.47589344692754576,0.07069234757811306,0.001856436933747041,0.004995759315516837
0.0012929073912297945,0.002096110914592309,-0.0013694832437423363,0.015581271671542954,-0.0027537314205610583,-0.004520600775024748,0.20707912140827017,-0.0025642778808701184,1.1450349521994272
-3.947777375013164,-0.5274247809124103,-0.004094069493420005,0.002883072665301724,0.001837324722386291,0.003170717265436526,-0.017413291135342276,0.07385776978246907,-0.005378452034849102
-1.3887364334307315,-0.02003538664623635,-0.0001948285359006166,-0.011213844984199644,0.03136664296007269,-0.0038978755527111575,-0.0010714660177570754,0.7517371004479493,-0.05917207044895845
-0.008431244083696172,-0.043866136099863035,-0.47511225056912726,0.0033181634962132014,-1.2184098432724488,-0.01098156679339804,-0.0015397929286593381,0.026326628335036822,-0.020269377411899214
0.0032401717361783826,5.717852073747074,-0.014854677189477083,0.6477114268867316,0.016156726332782367,-0.003395422744095983,0.019418939715439093,-0.20179387432923213,0.05103907372347294
1.8018275335492548,0.014171946273017072,0.008317598763151607,-0.0045870804233833,-0.0031580733088888433,-0.0007205705393253547,0.04718647297796979,-0.0635981274172232,0.008596558902862317
-5.1430485670848035e-05,-0.0008278127874159281,-0.00039410623958053247,-1.1086043709013647,0.028340619006226045,-0.0048205498300188075,-0.8045272126811159,0.0006613085766846013,-0.0055271224212362895
0.003974632846379304,0.00589121955182834,0.0016081299626089947,0.0013943385243519566,-0.002425813111917379,0.00685275224901205,0.023782554358900657,-0.008032857582409132,0.26947139536761844
0.004362339425874273,0.7352146199138803,0.42723877942624644,-0.0033674157949095535,-0.021297984707382353,1.713636273026082,0.002396352140670542,-0.011710748163831095,0.007473328203109919
0.0020666391825348157,1.0619334831631935,0.4259782326629713,-0.004515570750345699,0.0028929048022962,0.0016422667336202252,-0.00031722299054184194,-0.027524245222312116,-0.0005670025276701685
1.3549534140001036,0.015443520852594123,0.6094185317874068,-2.6220691332507915,0.0009743701453086007,0.005670195897967975,0.0028390189074629993,-0.15237625440248603,0.02194342730232035
5.166542752122432,0.0036271482118729846,1.5448894258875647,-0.05660371244289086,0.7456963316636687,0.00019350240758109205,-0.03128793343817382,-0.004508861341089299,-0.019671287853273656
-0.2587842986179554,-0.003536422936607261,-0.001871793414121345,0.0005963768057534416,0.0024694730892900873,4.771037229266164,-2.405323236023783e-05,2.380761584129911,-0.008381975355008314
-0.0006199914069831979,-0.0008542086495001264,-0.0006177503979259321,-0.0012070122874339947,0.004969185915079247,0.000766191570856809,-0.00040906197715499234,0.0013472769456153826,-0.002379814024675078
0.0007052269306020854,0.9476151820354897,0.006495043813423779,9.991499116891332e-05,-0.8087179025151784,-0.005615270428305702,-0.0007137565605931477,-0.011536952106007237,0.0061265955434415265
0.0017828455636168606,-1.4536171868241183,0.006482217188020306,-0.012659204260028398,-0.003921799657568822,-0.013396742829263182,-1.6365781922255707,-0.0025073672918324574,-0.14624648736198287
-2.059844999850938,-0.22939387431700456,0.0011438057674058241,-0.004391571084497228,0.006847838877563435,-1.3493750362888441,-0.0047644808946776165,0.022055615571708286,-0.0280868346929376
0.1164696251013142,0.002749671912342269,0.09118344104001253,-0.4191322190412522,1.295551044430812,0.005364217865944489,-0.023414112582129894,-1.2501585518674339,-0.0012813768381017693
-1.1316770205803195,-0.003222515793879701,-0.0026826549703761055,0.002640641486183,0.02537563897379338,-0.905953560504851,-0.0028375328034852907,0.023181432717254594,0.0013146041331777991
2.3868715297829275,0.009975920295724645,0.0038115577054064764,-0.0018098453858758233,-0.0014730932342631748,0.004413676372030874,-0.004066255594627376,-0.02167180230396916,0.003903671610005044
-0.01031634941756052,-2.0275201439854174,0.0018574416365738367,-0.0029395025012562237,-0.001434838421753501,0.0004985492304315495,-0.0004684923413544144,0.01978729273158694,-0.0318402966580098
-1.7320702887405224,-1.786327725765379,0.0031723510027107937,-0.0029145692960189174,-0.0008485951179894972,-0.0014983312016432955,-0.009932179304956906,0.019612778375726704,-0.04302914044370487
2.648494784142648,2.0330547292517274,-0.0014414866186247266,0.0033131134771667466,0.003119481639822598,-0.0009995894248091986,0.0005288505210499228,-0.035724620247863936,0.10496564411910825
0.0007386578271142835,-1.5240909563743532,0.0033993871046986424,-0.0033990605721955502,-0.003525665961959388,1.8771941860627708,-0.6694154480615446,-0.0038984306261376778,-1.0952534650650634
3.6459467782918926,-0.005778022190946582,-0.10809837410100642,0.0015115576732889838,-2.6707725819021633,-0.015076004473148375,0.0015783610755589275,0.02591902244447898,-0.005022791328937126
-2.4119063984708395,-0.02388915381981779,0.000633078028531138,-0.0018683362645639913,-0.003504226753495829,0.0036764720805386487,-0.009134650372430228,0.039033625030513455,-0.026414962685412657
0.004378727204467744,1.6332443318343932,0.18555412985500475,-2.051791146840002,0.003071433449848643,0.7178766564795429,-0.0005438204925329801,-0.027732474237397442,0.024448451549059058
-0.017843174239774773,-0.007780264146835192,-0.8232044395180034,1.5580879871973092,-0.0077944286788890135,1.273578089702402,-0.0016095193485073725,0.04927940926179741,-0.006864381155106389
5.051778170693879,0.015712822538770446,-0.004955400375293295,0.1005738363730998,0.0009981863071848035,-0.004238091652355365,0.002670446656607546,-1.9052546216796373,0.16476800772640843
-2.821735810624361,-0.0007984629025435324,0.0015093565448081325,0.0001712467876390072,-0.005681286902284156,0.04116452090529726,0.0014966041978486926,0.010764932250481892,0.0012482812646909536
-0.007817279514602905,-0.15365976266731485,-0.5458916778645019,0.003572375604330276,2.106115190811721,-0.012455655279894184,-0.017474216080222458,0.01588456969360834,-0.017644963221919538
-0.0067803043503485,-0.7159383281939765,0.001476246171092141,-0.4427397172941553,0.010657029423285426,0.00503489000149418,0.4472394888312272,0.008855892969984788,-0.2760091468558654
1.247893427041961,0.03433303776735672,0.0034045705581940144,-0.000896560619368391,-0.0025813471353773793,0.012274138506325869,-0.003972280833061093,-0.03882587363666903,0.009269514064289996
2.582598008657503,1.0345230461881747,0.003953819095627781,-0.0021626975180259736,-0.0036882052626134414,-0.455215049754808,-0.0032261596263880206,-0.03664694749964325,0.0015150323514714348
-0.012418362653710777,-1.6610115737298563,-0.006809491106709892,0.006047890158565744,-0.026628359598894355,0.0008081934969879981,0.09472259620917264,1.625203479601343,0.011449018771005903
-4.358777614857265,-0.003758712731290076,0.0025074919252823236,-0.005926710467748117,-0.02711092902383677,0.002619989861614473,0.00941596374945458,0.057988855353252614,-0.005065235739086571
-4.8842277086897,0.005954974917875555,-0.9239895239561697,3.0496710428282796,-0.003673642244160058,-0.007747787826057201,0.6236858001087171,0.07038722093023653,0.007341983220362502
0.0007324702735612373,0.000859383070979886,0.0019728932542645537,-0.0004649223077915393,0.0009067814001126697,-0.0017864413993572822,-0.0023329817638620006,-0.002033500794334177,0.003253488797847025
0.016658105112677676,0.4929691030188478,0.008369807838559111,-0.002898484950317572,0.0017310663483768038,-0.6648153914332687,-0.009734570040713516,-0.06145990527565399,0.008228455932857759
0.0034095715234324885,0.0010369687364200318,0.5902050356989691,-0.005842350594728943,0.0016135869639387335,0.11067727059683086,0.0019366199138516045,-0.0077453869861484614,0.0019394392323848347
-1.021335566603872,-0.002369503918981792,-0.40505131671120775,0.00397137088881773,0.07392835549780988,-0.0010816960304874698,0.024312514652966844,0.046192120801728215,0.008795358488466937
-0.0026572782577680204,-0.0011750541682497549,0.0008029400648971031,-0.003419681383557827,-1.2141731178838335,0.0037885568344826316,-0.006094117002268227,0.003960329050163639,-0.011279504381985642
-0.1269356985202983,-0.0028846817797692527,-0.4613954344534434,0.0289808174509055,-0.0035008825246847434,-0.012533280940920984,1.0449374331076688,0.058271500391705366,-0.0038610597732678317
-0.0293466271987047,-0.011662316151434964,-0.03774509207996757,0.02491590009712745,0.003135592320302666,-0.0031061379242845596,-0.04637915140059981,9.70437759155342,0.00039048721640444484
-0.0016835901692817737,-0.0003911166777651347,-0.011186452413663155,0.017128319786551723,0.00724915747506382,-0.0025851938351324722,0.006546786578812241,0.0033622333814805516,0.002160453523304072
3.5198985866109043,0.0031140699479515503,0.005842589021352998,-0.003694610894778047,-2.5387536671927275,-0.0025867327850716496,0.00014764571931224352,-0.03734015406443635,-0.003090768672502575
-0.5055764353509549,-0.00036039917671451907,0.0018232359259848334,0.0006338941350266395,-0.00021414557983679902,0.09684714915843079,-3.2738616093194444,0.007009531305890696,-0.003165195270381699
0.0019862853169272596,-0.003624373340537751,0.007964417452290618,-0.3183881965834505,-0.3520367305165898,-0.009720363513746829,-0.009787025093381588,-0.0024916990095373084,-2.8275156458309922
-0.004448979200278695,-0.11513851693795599,-0.0014999559047173183,-0.006020959150835541,6.482523882170017e-05,-0.00025439759785710086,0.0033904663575228446,0.013002124661643317,-0.3036867604597486
0.008828837500280615,1.6095784199945375,-0.0008241246510350547,-0.00031895822405390026,0.0003550605321189972,1.89577436815258,0.0046495059201991165,-0.010525639075387203,0.007991814810893838
0.020038792673527758,1.6830584006040001,0.0009003288139922544,-0.0003917498230907835,0.0025650480040019744,0.0034291409142082857,-0.0035173851346221516,-0.028314684153140306,0.038834743016388895
0.0015555347694238121,0.0005850228982370181,-0.0009130166784901827,-0.0007685871752248041,0.1422010959496582,-0.005825588379658743,0.023118760061304252,-0.0017851901187525563,0.003952478287448559
-0.0010041339648257618,1.8585047767396041,0.05019504388630913,-0.0014892635805922975,-0.19343234892275213,0.005401894217330085,-0.0050790197476446725,-0.005504702775839185,0.0029766187725736026
2.283417099421456,0.0007456371121023703,-0.21783425064361417,0.7197998935308856,-0.001888714405306408,0.3688191220767158,-0.002798806290340407,-0.00789821099928844,0.01153846463928404
-0.24929251048972834,-0.004459314189788438,-0.009048483791481043,0.5118151998712465,-0.7446969658329151,-0.007098258989865727,0.002585437408782576,0.06300616429492888,-0.006586528139434583
-0.0018587280262522608,2.0185593055968027,-0.007568415697212172,2.584915467188002,-0.005249949841816861,-0.18195257116526167,0.00230765493331124,0.03142667700073023,0.013099207690486336
-0.005626083095103087,-0.014280547588581449,-0.0024356698967922304,0.001988720081791308,-0.0031539631203782535,0.4022674727913951,-0.010648631976736373,0.009967260947978101,-1.12572002060703
0.21212631397572249,0.0047932538417535695,0.006173628545246071,-0.007773943863428644,0.8598679474967953,0.657968150037889,-0.0024057194256960554,-2.5208465254417702,0.0017032890935473333
0.880887870344286,0.0324519549987272,-0.00042049300279581314,0.001558640002722309,-0.003372547432231577,-0.003615638390570513,0.005517412873447338,-4.675988876405901,0.02077752752793538
0.0015288805583934667,-4.469306495570613,0.0062545750426543645,-1.17155044769844,-0.001639176760623355,0.012004977984172834,-0.0060838756187347465,-0.002702926464731437,-0.3125064880082
-4.9210537376516905,-0.021188221228411543,-0.0018292842105325224,0.002294749140543211,-0.0015034901044643258,0.010649535297116085,-0.0033810809533480306,0.012492780872714444,-0.0017418260849673128
1.7987256672365934,0.002737922092545246,0.0062799238596215196,-0.008467790035221297,0.002114270473843726,-0.0052002239285993445,-0.0005623064419362916,-0.023740927260484004,-0.0021972201143575787
0.139733109748877,0.0026216877982485863,0.003617597913892903,-0.010174143049211245,0.0039011355528386343,0.016983295347310357,-0.007332843749713346,-0.0251555620551456,0.001350174926928814
-1.496723793860129,-0.003371736705621322,0.0007338186893043608,-0.0008133883035999073,0.02745964760955963,-0.0041019507547389025,-1.167081148885583,0.008251004911142749,-0.01235138508306119
0.001208119320494815,0.001032755592246241,-0.0022790631628170997,0.5720064871259224,0.016628747367779338,-0.00042386043628524927,-0.0020001003973481174,-0.0020203681980510927,0.006174294512310667
-0.9824571266605435,-0.003703705874308398,-0.8355401738007027,0.003229794952368137,0.006778699635354494,-0.004354759546946625,0.004113133970436986,0.03298668119834275,-0.0016391740862621296
-0.00658155733620319,-1.534748493604162,-0.0020637046851396113,0.002767772530212413,-0.02829520039020615,0.009641062333898977,0.4496269380918162,0.014692854232701932,0.0004808842821847348
-0.05025407625338929,-0.015617708086449468,-0.10036500936368892,0.009491102834274774,-0.010882270343721882,-0.010232678743258932,0.008457859908401083,0.7061433211616968,-0.00704945782961338
0.014496060457244114,0.9894242286507398,-0.07940460761872348,0.011119630804601101,0.0018651332928917106,0.0003010634054431223,0.014529556009654776,-0.009539900029880682,0.37370733891864827
7.560724890900983e-06,-0.825275322434039,0.014228862714401325,-0.3528501490820384,0.0010705564382298416,0.0116814962079486,-0.1102990288756463,-0.0005789149062948237,-3.4413029580395005
0.004183256359772509,1.5328727750259328,-0.0021311073109119005,0.0057490842950029515,-0.0024629298369192275,-0.005955126502238515,0.00027795316747143,-0.009277289513991151,0.03019484431277597
0.003054506680930628,-2.1915147143608333,0.0005397308662647982,-0.0021861198966136495,-0.002397256829793616,-0.0007174347585701055,0.0001122176464020061,-0.003654627615589711,-0.017220726916128415
0.00032282091219057994,0.0012884747806846722,-0.00016601577782846455,0.004139022521287271,0.0033648001147557134,-0.1996064569528058,0.003516365977141502,-0.000991092797326135,0.008063301160290545
5.745003532303352,0.004095025352006929,0.006046693808742842,0.0014201730444011503,-0.011079368218539165,-0.004368288194386542,-0.11752817919211571,-0.07885611649119909,0.006845810685104148
0.006440457046036463,0.083225795189833,0.0019462465563405435,0.0019863795521459235,0.00032018582401780414,0.0005367732114458856,-0.0014939237896272,-0.01700427232291739,0.023951675246472747
2.6275390524779265,1.508289945575161,-0.28131727021971553,0.025005601931497423,0.003486921700348169,0.0028122012671417526,-0.001101176810629545,-0.008492109272916826,0.2169260919192908
0.00878142294817492,0.19296858841648387,-0.0003045425202494838,2.1276857949960375,-0.004105749499121705,-0.0017094699661238358,0.013581597860524684,-0.010695513692273156,0.09234267821377462
-0.5186403200208651,-0.003624768605888427,-0.004001580304677718,0.013911586656132829,-0.19288691843313144,-0.01751724453271984,-0.006996090707124744,3.2116319286095836,0.0007523914121065345
0.00918616109566693,1.0568860624360839,0.06856139935503924,-0.004286140386554704,-0.03797506403687376,-0.015014051870494358,-0.006535291086436988,-0.026053953111952972,-0.0035901377221876918
0.3345945363894218,0.009416179243766854,0.0034284466832768083,-0.002292307273732797,0.7473366531587499,0.00011882564771189581,-0.0014797300703166191,-0.08613792706625527,0.028999629986356634
-2.0589678600241257,-0.13899974778988444,0.005866472802362244,-0.004387797340105054,-0.7840887750917762,-0.0006241834754745854,-1.5998726513280308,0.01655952585578696,-1.497927061461322
-2.5616378134547846,-0.005957467370952388,-0.00304342748440449,0.0030481454128282524,0.0004818930021053564,0.002287038117177286,-1.5871204519836182,0.029079358536973313,-0.003150679704647885
0.00594885075963873,0.0022637685829656317,0.0013407907995560062,1.5163470175735705,-0.11351144213493547,0.001118028224051474,0.005843766644858499,-0.008729179946326542,0.014701780646876633
-5.178873072464784,-0.02903114720486858,-0.02822306399997232,1.7055669538504934,0.001074040234304935,-0.014121880516610485,-0.030551867038896938,0.06668578288288768,-0.011655260495954334
-0.001411845072058722,-0.37507192008811163,0.0009409278456982209,-0.029405130171679922,0.0023319806399430733,-0.010063530451367849,0.0002662478915694093,0.007505468972555107,-2.7254511725187225
0.0025917525420147596,0.0006146360798557041,0.14777468446545575,-0.09026919144099822,0.015093996951689222,-0.47791875974834563,0.001727711521455321,-0.00790373567731134,-0.0002711893779341924
2.968303680914572,1.076197187306597,-0.0015363723015807962,0.003939772439176679,-0.0011802083147707046,-0.026739484097992122,-0.001284134684151202,-0.005413799500461149,0.20391227998631223
-0.004796061183684676,-0.4662738928234252,0.001554379210448674,-0.000950663375676248,-0.8973805827356871,-0.0030912046053614044,-0.011578547664034676,0.008499975519021291,-0.01820426269312503
1.7501171508938185,0.0027495413982509707,0.0015056940870813718,-0.00138506999121657,0.0023108947539374107,0.013387898126960823,-0.0100273760218909,-0.017306818855064715,0.0014179577846838987
-3.827265411557355,-0.0014365898679997162,0.03082350387556676,-0.004195155225403471,-0.018905050763126784,0.07426866553748404,-0.0005333980038360851,0.005674897536143381,-0.003781348341095725
0.2677627384488257,0.007331076006614479,0.06774761285820677,-0.0072722410689908925,0.0004597373217622171,0.0018810490906888471,-0.002532142847827614,-0.1550280379416626,0.007143747919000087
-0.001809678830664806,-0.8959002258063703,-0.0005214699913472787,-0.0009474429579776691,0.0020343991748165034,0.0033355202290078225,-0.014580199964704645,0.008695797141675978,-0.019260432704709174
-0.0019062757382114215,-0.6457813936555812,-0.07262220475245101,0.0028866163132543216,-0.0009018242638430098,0.005901964901940013,0.002341260573420734,0.018956785601956353,-0.002867561778987615
-1.2944765586050324,-0.005028702993688982,-0.0026842680752558953,0.0020815019390122156,0.0008501016148998054,0.11185144342601545,-2.75197052850424,0.041846657970106005,-0.008305836017341806
-2.4950085059387823,-0.004211645756270773,0.00035604461445906677,-0.0022377220310946097,-0.005714554630278585,-0.01952147805892264,1.8565536776719171,0.035986750271232645,-0.012031890959396552
-0.0066785941417836555,-0.0325564755759221,-0.4925331487277481,-2.0314774247762344,0.03563571944997459,-0.22531161777725345,0.013792130285089639,0.04573834787786382,-0.016373482930472985
2.363157982096948,0.0016064129044365207,0.010807933208097975,-0.00718407339616192,0.002897052278989617,-2.128532066389709,-0.006359349274548561,-0.08374901257313143,-0.007384010767207683
-0.0036224149913958066,-1.16861410342247,0.017154922347649454,-0.011117512815920473,-0.7895369393780532,0.011004087546453815,-0.0010290671440504474,0.0030466884991168022,-0.7854976338387551
0.002367923126684072,1.0776882704348243,-0.0005081238997080295,0.005723200421676691,-0.009357842993267165,-0.0068446157716988,-0.0022557616249305416,-0.004652484417069867,0.7282005647141716
0.896955479878874,0.596884454295355,0.0002324074508594856,0.0017583781345920655,0.0006175396283103398,-0.00020824489115975984,-0.008753789366130634,-0.04470355072278152,0.016710665404850222
-5.820274301126045,-0.008270111056415414,0.02874084816361011,-0.1077622512198638,-0.0026545272447588003,-0.6195315854348256,-0.005841504081786488,0.015942570493027025,-0.2388196949471606
2.9007670241821777,-2.1570964314635357e-07,0.01321965408152831,-0.6180781468652834,-0.0013889064567527906,0.01910420356978181,-0.0005390779748743989,-0.021481486469578565,-0.0066740654094313845
0.016077413360679478,-0.5708172393688842,-0.0003752396632356915,-0.45259501472430763,-0.002311124840752015,-0.009489493349636531,-0.0004728550926147608,-0.00038695013099641993,-0.12361592762100981
-0.00022215227265842425,-0.00046868539807154214,-0.000987865068872963,-0.94771390971266,0.4794696154862407,1.105785203764042,0.015877747137513346,0.0008645313018615809,-0.0027416825348647303
0.005362075087361019,0.7966088431936549,0.0024288869865268237,0.0020354644033345262,-0.0071374049792913945,-0.0035583185440380277,-0.3793970631894762,-0.015675885391091063,0.025824295085008886
0.1001469318391825,1.9743988988146604,-0.0018321309490861998,0.0012193877342495836,-0.0012516471419653143,-0.009755946215041106,0.011422821515298318,-0.02233746920130366,0.03740575305780558
-1.2561046572832542,-0.3803060036954373,-0.8251102346188715,-0.0032221572780255503,2.7508918834518505,0.00036150135492603666,0.06872850505046824,0.06380416206811301,-0.01726051403364992
-0.005934799168045282,-0.6626984017527612,-0.004810154426713488,0.002163233757457872,-0.0036619996158353194,0.005586591781133109,0.7848194353850226,0.01725614872802253,-0.006396043144414915
-3.976087650873963,-0.0002706452036272452,1.2673849804982358,-0.7388886242376174,0.03694548005788519,3.0642405117230815,-0.0026004264107984676,0.011440995890888095,-0.014458104854493392
0.001654965442385519,0.0016713587847636251,0.0005184228091542412,0.0014272167617894983,-0.0008158566492790944,0.007280454616322068,0.01077748171707932,-0.0028632557628538928,0.013040793442614067
-0.7942143577666179,-0.8393237026066991,-0.0016718072503646014,0.0005205793054233014,0.0013473523047738134,-1.4022951170466307,-0.002440575949747118,1.2416260810724413,-0.02610749338344376
-1.1890248156775736,-0.006125656152337847,-0.0018781044723742459,-4.531194477353385e-05,0.6031220409181564,-0.6679405292649503,-0.00226028934038077,0.037975815841023386,-0.00683642294560953
-2.1110120853275287,2.138374651553956,0.0004544217571957748,0.019329625675104625,-0.005158115701466703,-1.6679824067332178,-1.191438360375264,0.007908255395163332,0.008796261165800123
0.00019312478452171745,-0.0012802804038188258,-0.00030669320771547224,-0.003934258790472051,-0.0012364495365790806,-0.0014754337905767848,-0.019441919696688754,0.0006330610965736344,-0.010796687409926153
0.0020540239902583843,0.748202663895849,0.37745799817294134,-0.00622875413309075,0.013147587887917133,0.6718768389843034,0.005108563756313869,-0.017590956501949834,0.01832609190513318
3.713954720639994,0.0017578975610519961,0.273771351906102,-0.01971875124004338,0.0017039930677198792,0.00467439444782097,0.00450110298233114,-0.05319321758245438,-0.0025573003757935475
0.009166230612448712,0.2662208715187482,0.0024561149197143296,-0.000507511892650297,1.2113045085046412,0.0019409262248324328,-0.0006020611683254691,-0.04178254528531858,0.021636971289165433
-0.011242452789835563,-2.664899946555081,-0.0011247754809430577,0.0006337804540592108,0.08701378913580088,0.004730696085527341,-0.09355858625381475,0.012167189464054925,-0.02382047791599029
-1.6276287277100154,-0.07547214982044885,-0.002585898780432437,-0.0014154936676735006,0.0020784454939638047,-1.4832572734099694,0.020769184876272925,0.09900908062389352,-0.01247231080293043
-0.06990028228569438,-0.019099731061172694,-0.020188020258956718,0.06328255159384565,-0.7824671991244033,-1.8637980923779827,0.0030401147136668825,3.514786964726112,-0.0030432195841709753
-2.4502038019217114,-0.001843111161979527,0.30362797432335675,-0.02858566103415143,0.0019080603772365897,0.0007845413754430652,-0.0008038352549356031,0.010689360985345363,-0.023083907991290176
0.7181919668994778,0.0030381944309725885,0.5755248192836859,-0.048868547151455055,0.0029586276176463977,0.00272813621346248,-0.004757513442329178,-0.039813024419412396,0.0002099768643369082
-0.0019009078411449,-0.001852572450035597,0.00019785760317603588,-0.006127818179819927,-0.00028622130456463005,-0.002594954805448515,-0.3712036194448267,0.003616511500454286,-0.01484891019074303
0.011691052082814901,0.0018214160799842026,0.6695309825142247,-0.0020251095666794852,0.0011795319113103448,0.003250207450188627,-0.629493537401806,-0.021435413932587022,0.0030099498995872984
-2.4446890122815734,-0.00924198553786713,0.003255461959410705,-0.0038837036368780673,-0.0037081396297282757,0.006633378300615731,-0.007010189465306687,0.02235763039022363,-0.022005315755889765
0.006402367204625928,1.4015030310023704,0.0005758593676687684,-0.000929902967435205,0.003637820925084587,-0.006378320690407749,-0.9315384731873997,-0.00660006134997739,0.002222366539827436
0.02696335442142893,0.009143654593009608,0.4030954076441682,-0.0032527068254883107,-0.004555283890769587,0.0053931874705371394,0.0019575753540598956,-2.7812701168137854,0.007212564061389981
2.5417743925697183,0.005295005659395061,0.0001594658096231022,0.00044901594698391206,0.0016699454176777838,-0.015317344880851024,0.23696675501059083,-0.08209631659548963,0.014447705175465397
0.7538994181542014,0.005157838322186399,0.003974415065204389,-0.002964372684713252,-0.008542559266728469,1.0095178687583677,0.1046750628549066,-0.02268056169071367,0.029443063433118866
-1.9935998172651024,-0.014936125802484329,0.005040906162332853,-0.009494141108518268,0.0014119732638129996,0.00411587430685477,-0.002986095188971376,0.014618492684232851,-0.03759584606114369
2.1084043690041083,-0.0023188353529636323,0.0044404909772304685,-0.013369896602661212,0.022731895630799595,-0.0006365519233547285,-1.9665554331790283,-0.030145057372339898,-0.014733820155004823
0.0002991233599624072,0.048453676900978404,-0.0008638615941570756,0.03875972678780375,-1.9288167330917394,-0.002192745168449886,0.09075418716005043,-0.002525873969867566,1.827742465500808
0.005920378330843779,1.5320798187572198,-0.000292673803358956,0.00025680419305507043,-0.007769940204587208,0.001812397600961804,-0.004566518377543943,-0.00010451068827414204,0.006560862960078517
-0.8323309236738355,-0.0005610255476812935,-0.007387405831727964,1.5158591340288676,0.016459488461271037,-0.005911196554745194,0.004159830878124002,0.042835991336914056,0.006008165923633679
0.005251879952008366,-1.7049699527106372,0.0015421183805456457,-0.6048699175407851,0.0007557404793742603,0.014117939721725386,0.0021608337572350984,-0.0029467758217999007,-0.023559316707038258
0.026023853821038594,0.31416328704783636,0.028269076073357935,-0.009172600860190219,0.011814995346568833,-0.0020925573944393008,-0.020977101437799253,-0.12181332425579279,0.004641811951345248
-1.0398174829249154,0.004134246787270634,0.0609702941032903,-0.00020555179345476066,-0.003412011511142771,0.007315192900539436,-2.2027084804670215e-05,0.0022976962248026332,-0.00418613207404453
-0.0005513797603334226,-0.41593708624405556,0.0001887167501998903,-0.0010274730688479689,-0.37164406954819806,0.0029135069587492065,-0.4154199767614969,0.0030843378621622283,-0.07069956363921581
-0.01842380695812173,-0.07175948468642514,-0.004564907183923834,0.004877068306699605,-0.03230086573062902,0.007052574281586101,-0.5254364052080625,0.04307472113022241,-0.05017650198614245
-0.5672764219651159,-0.004615848112862632,-0.10369826370877783,0.13846684058322814,-0.019904276422092314,0.2316341394213828,2.1677895336437976,0.31308376996563403,-0.00030315678287042014
-2.9087459701329954,-0.0030017446654528063,-0.09443154918590224,0.033356629372897975,-0.004049416755463971,0.15519882777683924,0.001819946939456538,0.035093579532636976,0.006831102185024196
-0.6184227263072759,-0.010019190758794788,-0.8678525563740387,-0.003364327683408358,0.03325603245933086,-0.005025781659496347,0.007708513182125426,0.04476168929408081,-0.018158971202016372
-0.2545544403778195,-0.020717804518505904,-0.003640857791315083,0.002145125772194594,-0.0016573869507753244,-0.0008001741997720575,-0.002478346866319737,0.09010053796659889,-0.024122921229861802
0.00010207625846844607,0.001134279456425714,-0.0007378332891217775,0.3307701366710583,-0.003326182839313145,0.0010944692580715798,0.37847481109152714,-0.0006434429042845028,0.015214688891374216
-0.0014111729674283304,-0.00030415256320930203,-0.013310197596643494,1.8575480965769335,-4.218894315893146e-05,-0.0006698421853683027,0.12991341807442347,0.003231265003926217,0.001832304988802244
0.0835680154188469,0.12788545501216173,0.0008186022311211611,0.0009432851912306466,-0.001938089485178168,-0.006779888041384917,0.010250102394314523,-0.041262427838011054,0.21827345925576308
0.006485214229800967,-1.1241373119174167,0.005175890683278242,-0.11440634452718582,-0.01755038547902435,-0.007259996482478832,-0.0019153464249759052,-0.0030036952898229146,-0.06406246861641796
-2.3293722736372664,-0.00327760958927541,-0.0022617236436393226,0.0023277510277715952,-0.010726841040497308,-0.002026437222298414,0.023670055940671925,0.03525866566627874,0.006001630843231492
0.6830029280784577,0.7438421476389896,-4.7840331968168615e-05,0.0025760750191643716,-0.003809060035333073,-0.008534558374935629,-0.011855930330445075,-0.023316944064453806,0.01772608935467046
-0.1651903904890484,-0.002156453422816901,-0.03064310269234652,0.021280458192651897,-0.00605689103537705,0.0010103196712136797,0.0061138576566445064,2.0321832217808455,0.0072011871019284635
-0.4894013682505646,-0.011007739829521974,-0.025415169706846596,2.2950069910516717,-0.007274409492275185,-0.01490377550713722,1.0970275999356844,0.2812085425781996,-0.022303489649763086
-4.199523563185924,1.2018932449586197,0.02920473975111354,0.003774129734274297,-0.006004520643433316,0.004386426528540204,-0.15317388781192665,-0.009086494735065703,0.06590295718409644
-0.7119652762739992,-0.0028888688931605405,-0.005406620089318026,1.844260954081332,-0.0871168648631091,0.010342674023901361,0.009768856794236247,0.21667777022081527,-0.005279989170389937
-1.718206703502639,-0.0008337245812252427,-0.0015900711745617524,0.0013372963135426788,-0.002256808967081291,-0.01826533942351865,0.42399901511754734,0.02032214392601807,6.03655606215836e-05
1.7218416139122612,2.709961999773109,0.004598212386241862,-0.008546914925024698,0.011961897613833379,-0.020563263706407497,-0.0008297089750458828,-0.4929304024548473,-0.00827834381010395
0.04735780102570908,0.0075519545592771095,0.005679731939151535,-0.010929946215977922,0.3640681701383487,-0.4008143936769004,0.0008950530691701807,-1.715418112638839,-2.83802104042441e-05
-2.5997868889945823,-1.5271530872685373,-0.0009971694672852027,0.0016187507482730464,-2.3077199086269258,0.7081313555464899,0.0031790990908119564,0.05164815042561737,0.004513458960462291
4.145525274692982,0.006706585185129021,0.42150797494917125,-0.0027028076157255276,-0.0001814702171340117,0.036787199257179534,-1.8489504461439075,-0.04696962979187891,0.003409989056953555
-0.004490866035926758,-0.002166436598407055,-0.0026370284539202968,-2.704243955990942,0.005677571806834519,-3.16315167544538,0.02497238398593456,0.006059057028597744,-0.010628637196835258
-0.430257178835443,-0.0027935189259457294,-0.0016478656675643771,0.5073094689090727,-0.005943807393876657,0.015845205646424405,-1.7782713780111545,0.01321003031887473,-0.005129753690547072
0.00197917003812623,0.00038040102123923405,0.0005250688282033838,-0.0020664504344073643,0.0019927564577024636,0.008166614833697726,-0.005121631028866226,-0.0022103905789323014,0.0010487510802128252
4.37432098228075,-0.00026952634997774207,-0.4909278681774967,0.0021290894008932637,1.4440529646564708,0.9959106994574927,0.0053621362221738245,-0.003940810207626211,0.007697613352577459
3.578469319255536,0.010675551209116585,0.003577897154813145,-0.001575928646525624,0.007942005194011847,-2.887534822591273,-0.6176945309531163,-0.05153534927321739,0.0013890513009433003
3.3110253899618867,0.0026001613636232237,-0.11911013834452877,1.5882307588910403,0.001533765107806468,2.2306446980873824,-0.0002652559834486895,-0.002050033079804857,0.02004573239576979
0.15377029932514907,1.2175225550319002,0.4606161450558166,-0.01258920480537612,-0.013658785846106424,0.004657968041272595,2.063429407506767,-0.0270514706524973,0.017660344726721178
-0.02761852914870333,-0.006253476600692187,-0.01288848166930523,0.7903709786699311,0.0008590026028704612,-0.0148496175190087,-0.015587024998500093,2.9981781836124735,0.0023981909755923514
-4.609452303732244,-0.00970384675263954,0.001477084587937938,-0.00519098024290213,-0.00381071213834688,0.000622545215051877,0.8751813093068626,0.018575623136525818,-0.01056658211590411
0.06137391767488128,0.006595011199118985,0.014334783268722465,-0.008896181928918723,0.015190220894564689,-0.004537626738867512,-1.7228588970986942,-1.7180663051999827,0.001243184278298129
1.5642144363587973,0.0026951306677458946,0.020243510449316382,-0.005726252779722677,-0.0031936305483341453,-0.0011210252839564713,-1.902195659882473,-0.039169074496556516,0.00016177215123808208
-1.4108633647866284,-0.9991492948776497,0.001996924489392246,-0.0008441033991861639,-0.015924645468643375,0.007614858162154287,-0.012402575425937132,0.05099980991722888,-0.03679361483564647
-0.0056667089683422375,-0.2625441662737559,-0.0022292333212345795,-1.708977688223491,0.05033213131514408,1.6736000820752384,-0.006482919641553557,0.012283866812845668,-0.054921734227302926
0.8710243251725709,0.004857873180794765,0.47449994207172064,-0.004322026046543137,-0.3012336982600607,-0.0015667680314274878,0.0008557566871133671,-0.026481934723586814,0.004129977196635423
-0.03573966777968223,-0.0007953102768643684,-0.00759330851527848,0.007076428856089412,-0.004244335938112142,0.002577796766166906,0.8428772732973092,1.566534493817509,0.009299248680494351
1.0727440010747313,0.0010206797856439614,0.004491218764724816,-1.4017108830664535,0.01685068293498362,0.3060941153728616,-0.004168140880921253,-0.08608850613305857,0.0030842868519613265
-0.03782347068099308,-0.014825187011750415,-0.012901626956989404,2.1563656488603526,-1.5640885808524856,0.005775450276932329,-0.9098729797801995,0.5377262539655654,-0.05558474272172462
0.0031259760905062864,0.0006207153368806044,0.0047197829373852515,-1.2818939332190218,-0.04367249949797474,0.000575565191032751,0.02278460196578825,-0.003646545050528225,0.002976226438812586
-0.010890979650950894,-1.214251476473641,-0.007195756055713251,0.0032183487980830382,0.08403753867198623,-0.0029017929492625863,-0.10680249022097874,0.02487200526992482,-0.027411450217995736
-4.367165599160205,-0.02776987511020261,0.0011868725545517572,-0.0009160690865947841,-0.0075168929579171526,-0.33391450543166995,-0.02244469600631773,0.021974561315488497,-0.019261459352037713
-2.6818913571856804,-0.006372811761519995,0.017183513802289885,-0.006588120002623272,-0.004640608376895009,-0.010379588818893901,-0.5339493165306035,0.01308806893382381,-0.028601315300053498
0.0007935670103549494,0.8513946576953917,-0.0022546937363822003,0.004267608305111445,-0.0019701275765233,0.007773343476393744,0.02493372488240815,-0.000837999403669301,0.26698731926659436
0.020491548709696036,0.028265079167680715,0.007544937584959624,-0.006688357921978857,0.0031842770832744786,-0.004047579373617378,0.021056811387542354,-2.085766664366463,0.008503118183041503
0.025314419198403243,0.010664503493259526,0.011807904906236382,-0.004269744592202852,-0.021594551188899448,-0.0017952860237449163,0.17821989460977317,-0.037287000888436825,0.026727152546580063
-0.011198888299325986,-0.37507032491174286,-0.00022434851509772757,-0.00017402121915587694,-0.004155447877360515,-0.0001876498779624057,-0.6385361553396778,0.023284823649993035,-0.08448378810010887
0.007363541634908896,0.009153565307076183,-0.00010791127597175167,0.0028523947052765957,0.0035460199711660977,0.0005554883226660793,0.10703477435392106,-0.012792893421121177,0.7142434530943138
0.004395418733156737,-1.8323190566385077,0.011528407609661201,-0.4030355087910747,0.0032017693199207047,-0.0021759572567357425,-0.2023389345878137,-0.011284872001164938,-0.15840923617497715
1.72169873902233,0.007766550041767819,0.025551616379274444,-0.020900098784441302,0.004624540581159265,0.012665225390833427,0.008535551382117774,-0.20617913440613572,0.0012181230377538987
0.0006606370314181654,0.0003167930477787049,0.0005091469418993316,0.0004970165500906368,-0.6772487057744941,0.002780741231097717,0.000541067945007418,-0.000988085260380362,0.0022405544776470648
4.11104314578151,-0.012145452993943762,0.008542438363701083,-0.023387744982304115,-0.3883140929596297,-0.003363936635859775,0.0010802471543776612,-0.00622542967969528,-0.0326784020020755
0.003622110109696597,0.004802162946661179,-0.004783828688544735,0.07002365477061749,-0.0015115507408638084,-1.4023495001924025,-0.0002008626804379215,-0.0037275895287243316,2.3217444199200576
-0.009312358519070734,-0.8427559001102329,-0.00983834770186559,0.005209519892001159,-0.002268957331207737,0.009665415518865815,0.00399957639444567,2.476940061442134,0.004946919127510996
-0.01113260455074275,-0.8648008738985494,-0.015011152650950321,1.6187247773160982,-0.0007812262659788044,-0.00371958110913005,-0.0044563979705741046,4.891199737812449,-0.01655906728960055
-0.00347510717769859,-0.012160534586837468,-0.0005180188491363568,-0.006895088430301939,0.008445066954520358,0.04359279325624085,0.012287397783582031,0.0070772111224306905,-3.064375927191583
-0.000569187718381917,0.0010176781073367508,-0.4148846543170492,0.026389299172597462,0.8805874859378632,0.005688570426246947,0.32395434562885195,0.000184198330034354,0.009605354608179165
0.004668024277673521,0.018501232559720797,0.0004414441546810689,0.0017547186148652112,0.007297022959019157,-0.0037020679652065517,0.007476668988188116,-0.009677810877295162,0.9258608156640856
-0.004264826080658417,-0.2415889449324724,0.011349931565024965,-0.029437770028749838,-0.004215254884458092,-0.005692000693879044,-0.008999283664516456,0.008196085460990779,-3.9606090029877663
-0.0004421480315962671,1.0651060238876708,-0.003115353443754451,0.012207788196894512,-0.03583044598475953,-0.0010878057392850148,2.160958445325685,0.0030434839297007743,0.060024486880638106
-4.2737493389132055,-0.16946770995769092,-0.01878299604703626,0.004093291454678627,-0.002600090275116984,-0.004223355909853096,1.445749716138096,3.351208601579846,-0.002124228857003585
0.014789454154904973,1.0064569309321665,-0.0006340648277704669,0.0006021377069411133,0.20689397980070245,0.0005140448272548473,-2.8862869780395055,-0.022811480727686715,0.02085515125905074
0.25134374519990976,0.016773259023414602,0.013572740808655226,-0.8212965417541935,0.01156603253326198,-0.002094038413084896,-0.004152863812380673,-8.23007713800801,0.017440729762137508
-0.0022833864773959545,1.0841660581912773,-0.7433017076369772,0.04527287101672655,0.009114626512051152,0.31338560374301844,0.0006191325819610745,0.004740082955558889,1.7287035052955062
0.009963086957194873,0.0013619393866394383,0.0065901342221293124,-0.007668548380901603,1.4398739391893656,0.5472321354054005,-0.0038600399517925,-4.731391350886844,-0.008610061037968186
0.002742303321075892,0.9629860270062701,0.0020153331443691636,0.002068402129341882,-0.009957916282579433,-0.10781714013241407,-0.002287890800208205,-0.009950260899868679,0.06830317484264947
0.0012849106790154992,0.0001858704231590441,0.00428872988743465,-0.0656080128703842,-0.0004495098813360183,-0.00021615857207690482,0.0035853060561318235,-0.0026784800116703084,-0.0026801789560928655
-4.999769261036462,-1.2513218024288486,-0.5333556824238919,0.0054765085550599335,-1.839290665157125,0.005102076055654076,0.17869923115266828,0.3466004039995436,0.00997388568299451
-0.024335256473846673,-3.5959511978833385,-0.004715058791663285,0.009072770350579736,-0.0011161432115457878,0.0029206880706056817,-0.9877041059419303,3.3648219873986003,0.002931869477926785
-2.462835772953298,-0.005281142971815888,-0.009760411235988281,1.0468156448893224,-0.0061918486540908264,0.0011470767510607406,0.0009320648913762044,0.06777905054723302,0.0016688623927622048
0.006266602637563318,0.9627234573123044,0.0012317081182710299,-0.00011727615626875795,-0.01921090218034431,0.007254374436038562,0.00226771452281173,-0.005892624764536075,0.04005206731745181
1.5183936918247866e-05,-0.00041800036218606117,0.0019015434498884931,-0.7867768201369748,-0.005273993925865905,-0.18304228359899055,-0.0007734094737873233,0.0005016610466928124,-0.0027134598868757253
-2.6003869021140122,-0.0063985314078201724,-0.7283751272360677,0.011456419844363186,-0.011948838368257535,-7.339050388814952e-05,-0.005207328382193441,0.38703749581869484,-0.00506993288622426
0.009564244319568756,2.0402458657994167,-0.00401229408501079,0.003850131138910964,-0.0026420384759447083,0.002151907720082354,0.002500367059557227,-0.006663088558054217,0.01534612937242641
-0.026612309451198874,-0.02514915485751468,-0.0022314700380556343,0.001045243055873286,-0.003045262614685092,-0.00999169451758253,-0.001435910706987812,1.0337155291053148,-0.009608038370281013
2.7733859396246157,0.006480448593320696,-0.008331912939959413,0.005757609562836618,0.001458885846117721,-0.0034665148250650813,0.028554613110098624,-0.012834851122964449,0.02639483280264976
-0.003359733656573813,0.0001045233231660031,-1.0862110972192993,0.008979534744048043,1.1198800615106872,0.0019510878777111492,0.0008657216066673607,0.0022863125382937832,0.005175699085731518
0.146732004621335,0.004410314755571316,0.0036090296223452614,-0.0030633449023151284,0.0038586331401126057,0.0030057507166937553,-0.03424338949733737,-0.02176105885826871,0.01102435316465012
-0.0004576413640258528,-0.4774188713186951,-0.8844575697424868,0.0022778192376251005,-0.0005644674295693436,-0.038744797923538875,-0.017753208283296074,0.007638580861599936,-0.0072557261740597845
0.0032942139359800095,-0.3978041481231178,0.001410268922454161,-0.014297614310609497,-0.008597452960172652,0.11502569380371512,-0.38176537747890293,0.001136843390498145,-0.14809406472615338
-0.002158658492736355,2.7342615994780295,0.003446311582144951,-6.99805176646198e-05,0.008659952913222552,-0.000997355234877284,-1.3304131657991924,-0.01174501986620577,-0.0010297766030957778
-0.024912923091908772,-0.0366187878844744,-0.001801856271309972,0.0007660187899084635,-0.03991006960611355,0.004610225581547565,0.004579481062751239,1.9726611427128977,-0.014515631795912448
5.737959519675108,0.004571171824838315,0.856302702496011,-0.005417371263402027,0.0004651493797828629,0.0019159335585354174,0.00042709307117569373,-0.047468251576386455,-0.008201301719474863
-0.0043527451554170255,-0.43441721527355415,-0.003904837416803461,0.003221809219996244,-0.01072152344852794,0.0007773851445790991,-2.6200791012987006,0.023507353441493822,-0.003911408393928423
2.4264168468949574,0.0024555812355718243,0.880714978315023,-1.1091039153412403,0.0017895612563084418,-0.0004492394422337797,0.0027035232317894897,-0.02984385216960972,0.011439255639480783
-0.0053939836902653525,-0.9675303252759286,-0.005648523494468288,0.002057876170858028,-0.010653856898523356,0.0036218120898400983,0.47142661113338835,1.6459351688826769,0.0010558572784710174
-4.112984804020809,0.00010865951767749017,-0.047310213670901935,0.21321722940321297,-0.00908015385453402,-0.009643659254321849,0.10998656380805191,0.02123020276111593,0.019577887517918335
1.177964603910341,0.012142902338553356,0.027143736675466074,-0.01168884530673358,0.003195582275026112,-0.004141788459773548,-0.013147931466619023,-0.09266195943927213,-0.002271994674464886
0.42157586277868975,0.007100984768223521,0.0006399583354115418,0.00037149528686981643,-3.5822903927183596,-0.6488895056225911,0.07831793350037933,-2.291182014550568,0.017782851715031855
5.303887143325298,0.004735722699472795,-0.0012594773681649796,0.0005144580830166592,0.001656835152960872,-0.0019401520848638658,0.02815395475257311,-0.012381555141118184,0.00944769718526417
4.060422297245228,-0.015925005215787075,0.6927902923091214,-1.3487043800168124,-0.006595752294441759,0.00029424158162625214,-0.5808202519184977,-0.00893770482941636,-0.023277049804894867
0.028161597193469716,1.9089196327848184,0.016435298397030618,-0.1017457224778079,1.2556742866738375,-0.0002762168174586506,-0.0019919023831442215,-1.7060526458338774,-0.007927266723259496
-0.00693809238431133,1.1203414565283516,-0.005208466316909174,0.8154443250720749,0.05742688454785547,-0.010634464235609969,0.00027684456085346615,0.003506753368784392,0.016443291469383947
3.2344032427848,1.3016999042629265,0.00811851713313727,-1.116461422389194,0.9938130140140031,0.004635797235064226,0.008175541257804543,-0.0506363557969302,0.006556916853547756
0.0237711970893829,0.0029587429197212526,0.014963075265611497,-1.6449905988592106,1.3061667732995803,0.570859536881507,0.02476738234430959,-0.08997612632743748,0.032138059794180746
0.004181779909347736,0.37046012362977443,0.002222529584133468,0.0006908217899014579,-0.015187122626896313,-0.007001081774120855,0.6893161490835388,-0.011119277923931144,1.0424113373750652
0.0028489207814843052,1.2033789537806443,2.5781726483688205e-05,0.00602879145356667,-0.18623338596557623,1.0502568513669994,-0.001969857073979042,-0.009355311139005923,0.0315927185367203
-0.003325089572609812,-0.9694532714672722,0.444644670243165,-0.017211130296189703,0.001394877111201136,0.09307339791299177,-0.057782524270873936,0.003549990480442168,-0.08845188196090725
-2.3702624241064583,-0.03272604301000791,-0.0005430073712893585,-0.002750554742979981,-0.8440774746154266,-0.001253792547855312,0.8228931528606653,0.05720755654562383,-0.027783359717645006
-0.0007077679141751943,0.7775411625640852,-6.407856110351995e-05,0.0030378033766589397,0.0008378445899534801,0.006925656676072704,-0.0007659272025600404,-0.001109013770427704,0.03567085856442087
-1.0931806496257208,-0.006935642868734103,0.00029926603647934327,-0.0034473649280424654,1.8106717609412852,0.001409459393451717,0.006509525806247534,0.01602282788907437,-0.012197927310659204
-0.001456696029632147,1.0947228350388833,-0.6721066347247211,4.1264288664424695,0.025366365840632232,0.010810753719945112,0.0009421752611333892,0.003500736753106741,-1.526422926606541e-05
0.24456510515077634,0.04935473695590453,-0.0014744047250676087,0.002402157990418938,0.0059046268916429535,-0.003486935051121065,0.005765942497513957,-0.05133221556298251,2.403973936143684
-1.4681126484235572,0.004198744975178139,0.024234318385288417,-0.008328048967734123,0.01057850273293879,0.3069719798971827,0.0059450436318930246,0.005470393890513091,-0.002648742545298677
1.1438380926049299,0.0015880164084857136,0.0036656415447014583,-0.005275990235782612,0.010064389832351188,0.0050603113895535895,-0.008466304510710322,-0.03692533163841289,-0.002891027759371445
0.0010800762125778157,0.01990784670218909,-0.0004041922258221243,0.0076467566575269185,0.0015086805644874517,-1.1244601099722018,0.000841693161660485,-0.005169006924305997,4.234007987978407
-0.006699694240209324,-0.06452954494787655,-0.0007889114260194127,-0.007044871569120645,0.012338540865713586,-0.00019942958804888356,0.0015857439904194727,0.012435396580635357,-1.0871470596826014
-3.612717174290684,-0.034614258785675645,-0.0006674254084616804,0.0012359183715923705,-0.007486375819531418,-0.5187876313773627,-0.7277208635105519,0.020567500320453583,-1.5270680366784184
-0.0068658623358167446,-0.47563978064437074,0.000315228052159916,-0.9738700397452899,0.0014549941635722005,-0.3343233014472675,0.02782700765136069,0.011014058745642617,-0.27581918648180537
-0.004912786681620986,-0.444177314835543,-0.01615909712647906,0.0028995522541038965,-0.005993310167196,0.0012777956564352698,-0.0011969810171606702,0.0655244789346734,-0.011834285100049358
-1.4911480258016918,-0.003681311468894704,-0.0038824084396733155,1.3938470230734914,0.0005781916617060359,-0.027500747905415814,-0.0548479993796204,0.031194086050672098,-0.012012609950778852
0.007758164749023484,0.8092801392005542,-0.0026048293830252117,3.3265691723239907,-0.008594533154380937,-0.0005327052937556605,-0.003558051344074515,-0.005667785238076259,0.006806775168041235
0.0621604331691331,0.005733989964178223,0.20259402734785198,-0.007947867545524215,0.005096016776942341,0.025162848039154976,-0.004562232080365202,-0.10725556682280535,0.007811352237079898
-0.001333613129585387,0.000170084266176576,-0.0013236835546213102,0.46926377646910505,-0.0022928288746457705,0.01240879763619123,0.002376569837563851,0.0013491358786722365,0.0033810715844195937
1.6851878977406347,0.007265132721949257,0.002333701630002988,-0.004060164331205469,0.011465932858674924,-0.48511901952446246,-0.0006034905623679681,-0.025064318477106502,0.002537212214242246
-0.21444061436594447,-0.004193737829016117,-0.0008450918402309882,0.0006636738805488818,0.003155501105645036,0.009011595094107356,-0.004689550793209056,2.996403118857381,-0.003072072628350242
-0.5393208425069648,-0.0026167708720244015,-0.29243624957720193,0.006737934939873361,1.406353458710208,0.0012249364636866666,-0.003881435408857409,4.275851355589637,-0.0005433090114441708
-0.004857015061671008,-0.345465740333577,-0.5055275274969717,0.0001262144509169491,-0.0016861997295879796,-0.0006113564342978845,1.1945802662432357,0.036216762951708587,-0.008229626748035263
-3.726887170842985,-0.010047292791287462,0.0019083428570842997,-0.005567670698137207,-0.004983812693962801,-0.0037218826317061706,0.0029720501942790065,3.6803905397484464,-0.024368287643788733
-2.5384845462309653,-0.005109920856984494,-0.0046829623160654504,0.0007820527149040449,0.007503416069813684,-0.00025020762114626107,-0.0028275301257398074,0.07263553405042024,-0.012224729346239804
-0.01925043463739952,-0.019819286449868,-0.015665289561682658,0.005273628775043274,5.808004064262887e-05,-0.010235182763962887,-0.014770910959822468,0.06559657448364756,-0.02416098105408812
4.909916651041104,0.06999643299083194,-0.008708967505714371,0.5496255076865727,1.3325589252236563,1.4035332319299887,-0.0008645380532086664,-0.033137797610029565,0.2391056989344138
4.147546360243589,0.017682609554921236,-0.025374144724139458,0.014003974249094171,0.007133362501036265,0.7222451291623839,0.01506170946327189,-0.012428876883361514,0.41353217516657637
0.058508866204866505,0.3685356133860503,0.0017155046422881043,-0.0015099234121746796,0.01069940451688677,0.007194673510203545,1.6334715656472244e-05,-1.1765658760232007,0.022950687933420977
-3.5149677782167474,-0.741614086314313,0.000247388248817898,-0.008188065966639863,0.009334020094265587,0.0030435347888649587,-0.002622942349343363,0.04555134527808088,-0.0779450978373748
0.28573455803040965,0.004518336479012951,-0.0004327932396232608,0.0018448342840470741,-0.6744841126171175,-0.002114563045124053,0.0034168781695381907,-0.011072427735775638,0.022976774454951387
0.006154652954076965,0.4085642331440221,-0.00014536389623776708,0.0005524697043927662,2.7025378697090328,0.0005746742094660778,0.2615222567030765,-0.012561963353245314,0.10299284899975092
-0.0553832785884051,-0.014428785774643373,-0.001373845718517361,-0.0008492157427908598,-0.003646029957908646,-0.04278760615418377,0.002964016908688192,0.03274129668676547,-0.04561936649098702
2.0642546887102,-0.0015253295916340874,-0.014910344582533708,0.004235352136315837,-0.007117930142710384,-0.000628057609964842,0.0007840986625207696,-0.001480487800769324,0.0036095897620555817
0.003906053979222557,-5.668281068637437,-0.0033648725202999885,0.0006866509323207159,-0.0005911025094697958,6.672860837597422e-05,0.000479182814193041,-0.0002528822903801603,-0.01705780260792178
-0.7504757903459783,-0.0027496700428839994,-0.004795109726061047,0.005400512673198822,-0.007117595973837043,0.0017847815615167125,0.0014946885453858971,0.0961630380360689,-0.0019499418588342227
3.23394913806462,0.05345293478770818,0.0049136875280153675,9.16442893749217e-06,-0.0037095037973643285,-1.908929528636671,-0.007798700752328498,-0.11210863354448564,0.0028012274222785627
0.05238370049059582,0.004265943774219891,1.0021588216057666,-1.4914160124547502,-0.004988047437518947,0.009301324017818934,4.343895941185446e-05,-0.024419964608948574,0.005649646261468161
0.8224884358569293,0.004693070375336263,0.002009962804085861,-0.0016899024236174253,-0.001252494858317887,-1.1235454563892784,0.00035944222923482575,-0.0279410101492647,0.006699013728336811
1.776980672962002,0.019071117114528878,-0.0004190170350110989,0.0020714857451138756,-0.0020798432488980806,1.2899379279891503,1.746800518957412,-0.04282410914302985,0.0212847284220542
-0.023372337143015065,-0.007061716223291995,-0.33020685010140405,0.0013318882483755977,0.00045084090300418714,1.3420224960798919,0.0032108334306712553,0.8574551462142499,-0.008182463910837656
-2.270647721934942,-1.1900154411379256,0.0005326224252380496,0.0013481629996458925,-0.003710690665467923,-0.044481805540887584,-0.005755811776448485,0.012136641431018799,-0.009907816227786581
0.026930605983870433,0.436616089925476,-0.00020482822232551975,0.004014297813231037,-0.9007897524522052,-0.02201705398772571,-0.0014129170251852702,-0.01875546197590921,0.03207110260511628
-1.2028326805252112,-0.002531991539971315,-0.02526550910699643,3.546910813199308,-0.0007129393560597191,0.010223965090043004,0.02197733776182326,0.08372435962109445,-0.011438316732136189
-1.3838866158557304,-0.0036782981058623427,-0.2129846439892975,0.012532186431829392,-0.002453138423363527,2.4460807874744286,-0.0035346583607248315,1.066047614115981,-0.0015966632226717126
3.3069671887595637,-0.0017673316495844527,0.0012384203497962515,-0.0031629315313857053,1.2245756363774318,-1.4792962156503031,-0.018499610572937464,-0.013051429782344403,-0.010665687695297743
-0.004826867393365507,-0.18652389276113449,-0.003809616008445007,-0.0005020434233479281,0.0009020700387827193,0.0008910491567295765,-0.003395486453022586,0.017945178445916424,-0.04719476367004752
3.921902956656502,1.5741571838406805,0.001880290724957684,0.0026048788022369736,-1.7232208760263825,0.7746767142486433,-0.000589089283538749,-0.17753450959883582,0.02483626685278839
0.0006007359720041103,-1.1716341724466928,0.002243094969041265,-0.22779659270276936,0.0031684950706591273,-0.32775937332400695,3.174593997942318,0.004349412777890964,-0.06882544894095055
-0.01617466947521173,-0.006163738082214661,-0.005917807320652814,0.0035966333510111612,-0.2902279787451078,0.1153833101303585,0.0017982239672271702,1.8476831296953427,-0.00546658223422114
0.01254039130505504,0.38186108710827116,0.003934329066193003,-0.0027575160712848728,0.0014071790538123284,-0.005756651101742041,0.013783337666115857,-0.05679923978373696,0.015246526088612655
1.5646283298364903,0.005432522171625024,0.026030662691361173,-0.6898588438025222,-0.003990825722557075,0.00019809902650613957,0.09826945590372707,-0.03378652153118156,0.008781002076592132
0.28986740444093045,1.7962299378632915,-0.004057392927324904,0.0031647922487361285,0.0016403546109758603,-0.0004252009680170109,0.00023173034155199446,-0.02110503248034937,0.031768253333862795
0.0010765060526759427,0.00041048279082442764,0.06898108832014849,-0.0375305937045153,0.002052542852448683,-2.566554993551139,-0.005737994558470629,-0.0027586575388294223,-0.003114563362894709
0.010983596308466776,0.23971909773695313,0.00046560931219900327,0.006006251411822774,-0.0028547610561571075,-0.00033381837269023446,-1.6769252392934535,-0.018732708363378953,0.15543148011528557
0.03293046877623217,0.6530992614051898,0.003215261246574626,-0.0009262151896949187,-0.015975260579961504,0.0020279853655011133,-0.0013109255522541852,-0.03158277546855743,0.017977687101127793
-0.0029992578029405734,-0.3207790942676656,-0.4931375518959076,0.004431301384680231,-1.3419910818209233,0.029440570509679614,-0.04296977600406306,0.02079088823104555,-0.014958381364066492
-3.8121779913728346,-0.017686514598372033,0.0019725123511163123,-0.40132442762370274,0.44348444599190584,0.26160105418980173,0.0004412420153688673,0.014405698322666102,-0.09571162861717397
-0.020053255874287274,-2.272260811579475,-0.005381670290916629,1.9236330751500432,-1.1044554232909736,-0.00027668083691329546,0.000729808790353486,0.7414977853677542,-0.015568641857246046
-0.007829954560794076,-0.002274903620815553,-0.01938100729777456,0.004127437718328092,-0.0066930430617719965,0.0028851524049008136,0.7386716642275507,0.021939828400032217,-0.00875347639062496
2.3434587060554932,0.0013719315740032207,0.001485849014566297,-0.0029355042679262613,0.005997233684557008,0.004626705308401266,-0.0020368875922712124,-0.02524461616500535,-0.005254861397071542
-0.007035796068455134,-0.18583344582026173,-0.0001271449485712589,-0.014213726010024283,3.674027051004209,0.025798223583355415,0.0052217539926790735,0.015142031405886824,-3.33167196569784
-0.004457237672703966,-0.0022389184201127583,-0.06843033597356685,0.005624088381164304,0.783013535095291,-0.005020784314605522,0.0009569081751424612,0.010000469040228612,-0.004422831792206194
2.8788936067798536,0.32754063283196966,-0.008112423888790798,0.022179003520417878,-0.0025349855425246606,0.0070449771996826316,0.008136087518497186,-0.012322207276323173,0.4907350663649108
-0.001581266736423512,-0.0013924101783775768,-0.0021623543567700957,0.00274033792026842,-0.0010439819121856237,0.006103025621659907,-0.022372268638506835,0.003466623206134501,-0.003518688105869847
0.0045144052642284455,0.0017649269722166596,0.20212296290172868,-0.01378273549433549,0.00679005250658402,0.28650736543110245,-0.0033551074718747484,-0.011488554779340267,0.002243672951342972
-0.02781419277668088,-0.25621904494614534,-0.018777648091305332,0.01042052525215124,0.02417593126256573,-0.010576333057462067,-0.00041128907574830564,7.991106524222337,0.007912777155521078
7.0691420436688635,0.003281937867793131,0.49681844886077364,-0.02068940625983995,0.02237834263069026,0.003937707621681948,-0.2401178592053288,-0.03616417277800721,-0.02070657371736906
-2.052031992298584,-0.002720709896879138,-0.8838084992922921,0.005562155002565294,-0.008207197314911364,-0.00550972445449649,-0.00931617132457313,0.2639284166919138,-0.01728069550045941
3.198062083118534,0.005727921514069906,0.0019812932738270256,0.002234509596971833,-0.011181538967136763,0.020365407004433934,-0.0017423040081374058,-0.5507725676374003,0.005035330314583086
0.09624544310421494,0.19127851934692855,0.004548390947284521,-0.002727136251718003,0.002872070809447621,-0.0009047133027805919,-0.0034860780560703112,-0.6375661455087249,0.009017682636058857
2.433525364248434,0.009529583606922172,0.002258862977779358,-0.0026996646882578223,-0.0030891506247560756,0.887330035305657,0.402053159275954,-0.022594155878704957,0.003217612914257817
2.082923558923098,0.008928787234811929,-0.7555846886504011,0.22255018381893696,0.0010020463749869212,-0.0221460198735334,-0.0001474541772303068,-0.02612436168867631,0.08651864019124655
4.647383569460382,0.0018382938457467452,0.0055531882004142,-0.005655367970973135,0.008192840159305156,-1.351097235618195,-0.0028421685314178203,-0.03495236856985853,-0.0035595215914712153
-0.021761933410874373,-0.0005677111186469241,-0.8506816071797608,0.004204953118562942,0.5942816131455122,0.5021007244677775,0.0022775325561576716,0.015177648838064273,0.00014961189399612107
-0.17887297227251214,-0.0006770020555486879,-0.0006550298733518996,0.006524922372393474,-0.0046886032896068216,-1.4332963986117688,0.005275110320603241,0.010849655165275085,-0.0026586539436145133
-1.3424989274896677,-0.0068035603511113,-0.4532250195704304,0.7178265369587402,-0.002567064369446155,-0.016752193632566574,-0.024616486523968098,0.581618134340455,-0.007801027454031051
-0.003013827269016191,-0.4625360180434852,-0.007653423183081001,0.0009378671231205074,0.035189012969416227,0.005550883959012804,-0.0035964706999411953,0.01334149288753191,-0.006576334358018854
0.00809447771247279,0.6594628946723193,0.0024308187940657727,-0.0014175949476285146,-0.005190608443102072,-0.5550943257892994,0.20322175857137728,-0.02022549750604224,0.019251525758313848
-4.425126769575144,0.0024751769693752623,-0.007317332991794906,0.006350455463217081,-0.0005852852640350729,-0.005619811854978753,1.2499428877666785,0.03071122376968598,0.015148640626750476
2.1059664499237005,0.0009702295646427357,-0.0016533260545316952,0.0005961865802975568,-0.05215652160658235,0.0728920880443104,2.421588114250273,-3.0633817393878673e-05,0.010935595597695413
-0.32609678688238164,-0.7567618685567328,0.001369892032005167,0.00012361922063716755,-0.005554638489279964,-0.033040680676607856,-2.726641751889473,0.029361764066514376,-0.023398361515415744
5.822727794510858,0.5917496689802977,0.0044112213412640655,-0.0038185926793075486,0.516285394265382,-0.00402114340909583,-0.0021890646959810585,-0.22101207307148069,-0.00040159880742551834
1.589375840594895,0.07705115210708147,0.008618962129974372,-0.003922956300390679,0.00012849222483245562,0.5806394381320718,-0.005892377775913744,-6.889366115166077,0.0069667100348485
1.1552703753326043,0.003034896897668193,0.0007640118812801099,-0.0005317219296025927,-0.0016035041476743766,-1.5607072602154919,0.6265261640333138,-0.0398158364687457,0.010671198272180327
0.004452681170344593,0.0005788463365438735,0.6528385796076952,-0.033014438429081194,1.1715972474465029e-05,0.0028448354034188187,-0.004216878354908785,-0.008046044853988563,-0.008464841887746669
-0.006824198705912263,-0.0015981058675206602,-0.364199064177881,0.004804619496232161,1.5604198383990642,0.011685930398729342,-0.005330042104582182,0.015074042789197238,-0.003872238596477333
-0.0004112989781191944,-0.00015286104033793675,-0.0006367541279704158,0.0023879563067888093,0.0035335835310945614,0.01617637236304136,-0.0023602463016349834,0.0004831714312172554,0.0014380931076434882
-0.012083241966558614,-1.0474105509823672,0.0012099299563446478,-0.0015256668208904873,0.0006744600064939495,0.014948399024836646,-0.27279525480129874,0.02241352960211517,-0.051647761102174394
-0.0005384876480100932,-0.0002905061095756485,-0.00022650558961702898,0.0008560707132151402,1.7577984151002846,0.047247346869011206,-0.0028354440952100594,0.0004393154376104095,-0.0006996506477677195
-0.014302153668066744,-1.258213746376316,-0.004061509375212588,0.002300740051732819,-0.007195597372161385,-0.008793028463064135,0.10002224038958975,0.15643852290571736,-0.0006562769976943272
6.910564023467759,-1.8917209128267254,0.005268725675060551,-0.002363745910113336,-0.03031363570306552,-0.21887996478754945,-0.0054151431260666665,-0.02242324811015918,-0.01747696590571679
0.004444339881127982,0.022014900613783424,0.006443790162701982,0.00045395504475721955,0.0007244988624586892,0.0069826430218503524,0.0005145403067094694,-2.1103173641971362,0.01800581955421049
0.004218880729590325,0.0014147568961174917,0.0546088502571728,-1.0344060289294332,-0.0014101681678223973,0.0018618824661253053,-0.04385586456274264,-0.007012042974642621,0.001437069496516949
1.4694477292250283,0.015913383215345554,0.0014183403615569412,0.002351983786104524,0.0006321224998481825,-0.0036117519779417327,-2.357603079788044,-0.05823022041628184,0.041846166440530574
-0.0024830736190698368,-0.0012778476017123613,0.0027313824572447326,-1.50425477671549,-0.0014105432888070367,-0.010861712246805643,-0.0027608104766953055,0.0033629630764470233,-0.006200656186582639
-3.724147350413731,-1.4380826255727186,0.009054177729042545,-0.016424879395062375,0.0008214206676669944,-0.006215369144715186,-0.06872106337835154,0.015820403118045667,-0.7537445641752178
-7.571485023437362,-0.9468685721192005,0.06646860105947727,-0.006683074021894636,-2.1584434416673504,-0.004110582232354419,-0.01057175280323365,-0.010586741548131107,-0.01358281934163541
-2.928511052763969,0.002196243543212713,-0.003625561092171853,0.00474321200518946,0.3428666653592665,0.0018591790558973825,0.001601485227141419,0.010715936679307078,0.015019951834581713
-3.9149537991728955,0.01856515348239321,0.6431808705023823,0.0013420802652124308,0.000311564660158279,-0.7615956862274389,-0.006683794131434495,-0.002665383837121088,0.005033231948905259
0.030842135038731074,0.3678259483329443,0.0034778829589701687,-2.4940398033074795,0.0497724906263422,-0.003212364360972639,-0.0026232796204298196,-4.577211585129177,0.043534600307884475
-0.0028222601713235283,-1.379104019702028,-0.23972489000596164,0.016251520588275115,0.003004766944833405,0.0026628847007251835,-1.3585674434784427,0.01061453924408709,0.007302605794447525
0.422128725588806,0.0038865902613894818,0.4536315856989839,-0.01683818328059611,-0.004445426608025802,0.000583742211047305,0.11397084076535723,-0.03796673506852688,0.007582424368437993
2.3516236342071717,0.0009733796728352666,0.006160220213407702,-0.43218127625740743,0.015521115185199517,0.21770180327828773,0.0007139606247914291,-0.027939784976165512,-9.292238279612342e-05
-2.5543694530363092,-1.4820916219281977,0.0016634285877394628,-0.004389928774882028,0.0018373136025004906,-0.004861473006793466,-0.0035255297215224107,0.020591825284635795,-0.13323392388140487
0.01965618955236188,0.01038914309893023,0.0014915513579959066,0.0004525685091763142,-0.001093470733937185,-0.0055645425925687645,0.0026133046450190745,-0.017488924704534784,0.07568157354450859
2.1616494662407764,0.010410547356871644,0.3536527662635991,-0.0009362035815870737,-0.0016193431518448896,-0.006049189909536585,-0.07782503231465479,-0.06590655490039488,0.00422286199717925
1.037361348242364,0.08463010815842527,0.32583270952241716,0.0005455232971179405,-0.5576857127007602,0.0005732959109250382,-0.032697676749682596,-0.1208208813380029,0.009271232977509258
3.8521681283894,0.002499554829234916,0.016297018115816353,-0.6157242378295891,0.0035759749381806746,0.503083302661864,0.7576137842000679,-0.054735413841408675,0.0028249719672853724
-8.288003062098145,-0.1330964721798895,0.013251036927967474,-0.0476207193310918,0.10134457163400551,-2.9216113104913767e-05,-1.406496003451497,-0.015245121940664672,-0.23792412446114675
0.0546665423589048,1.8149783168198064,0.004844267942579528,-0.004697594697739567,-0.0038389746543155204,0.009081359216264318,0.0032653218463060962,-1.6292710042948733,0.0025441814668383245
-0.00488523782277816,1.33073372523329,-0.007203597911576626,0.017362177852367357,-0.00044231061051223583,0.0015286298629974915,0.0018388679215109519,0.015835567862604538,0.04574108095422358
0.014711180642251815,0.0035873658723754405,0.09057109933626806,-0.014638696741223131,0.00501469112443193,-0.006348538366584721,-0.0014030539973375914,-0.030723229609047508,0.0059112761491321286
-2.546573413070863,-1.214663293761281,0.04396236128177744,-0.00788597086565099,-0.0038870403260820377,-0.001545113165757319,-0.47422239227978347,0.007006075806784889,-0.05391261601798236
2.819948397636979,1.3191845553404795,0.00029091989487697867,-0.0024872577884265867,0.12057495414055247,0.002855921287851762,-0.0012439949317699338,-0.01700329069004401,0.009594027163529084
0.0029043563709428982,0.006535329596147641,0.00010057932111909567,0.4401026481921864,0.002163987780270046,0.00369035461642835,-0.10569920384669768,-0.007451437119367264,1.4495208598813392
-1.7338434373091558,-0.002567727213261965,-0.003649236395099696,0.0026335221968012646,0.0016415597910049394,0.03117068515531693,0.0049436168831427365,0.03287246475452412,0.003266080867916382
8.57258786467137e-06,0.0001361926949039938,0.0032200454528781217,-1.0631591260401876,0.003832109092962742,0.0012052490417485428,0.17165018206306182,-0.001006612598554806,-0.00035059221592621077
-2.618776890028312,-0.7283695475685699,0.0008946316459750581,-0.0053986662672412256,0.9781971131685216,0.007896873896102295,-0.01570327040668968,0.025247333605961257,-1.0061539950328466
0.011780761479344967,0.00415656407192444,0.6389182879206892,-0.0010350639748533605,-0.002272867954049493,0.023825509416528504,-0.009337093291311372,-0.021112791957928173,0.00367902441013971
-1.7687929352658527,0.0021075600009272024,-0.0017148127708667277,0.004526395023727712,-0.05660803447211816,0.0037891846425266097,1.283046127026476,0.01695294960008651,-0.0020606260112090713
0.001785226709660286,0.850268396454342,-0.01665495966059867,2.4398010013763143,0.001816805026046385,-0.004568818025237747,0.001425575069373814,0.0033764040393176927,0.021088048701675577
0.09037728106929889,0.006006795809208226,0.004756937545233,-0.001886658760604066,-0.012323879491695503,-0.01260445001715224,0.004716941493733487,-3.550290181335708,0.005490328539304978
0.011626823822308938,0.0017402035663330404,0.5732123733051413,0.000345381485288062,-0.7858179600645345,-2.3727696292886633,-0.0021742429621844075,-0.027596550202458464,0.005120783086347613
-0.0076274745742646415,-1.3227761430580713,0.8032405736802162,-0.04782359613245751,0.0036218175443843816,1.2676230014686976,-0.004650888304779485,0.012034705443457333,-0.0994005060144405
-2.8341769402853974,-0.0006447932047068099,-0.5184347064504751,0.005942368374239088,0.005697855514660295,0.002748100636503128,0.0026370625368708767,0.02520469384663715,0.006191955820292083
-0.004281861736316009,-1.200419929045905,-0.016197730280862327,0.012639305910613045,-0.7213242247280431,-0.0024117485478907554,0.0046170828303758755,0.034127627781188226,0.011073298421221733
-6.689441666451711,0.001995897938786283,0.013688802075558892,-0.005147910974417119,3.3110353365680916,-0.22125362329631426,-0.002398366372986866,-0.008434622691770251,-0.004860796477097695
-0.00114958188867252,-0.006615084201275536,-0.0041114513233296845,0.00411621433049117,-0.006006385259226931,2.7969224803248727,-0.8571450737537885,4.320716152915794,0.008061950994597222
-0.23743878741646604,-0.032780915592052845,-0.03719810060759188,0.009987803492307105,0.00030409439803399246,0.0029166627229962605,-0.0014098375258875216,6.61963273742507,-0.006065588730029159
0.009916791565237604,0.3992895807853545,-0.0007054950440803544,0.0024315673553282485,0.006434131327379695,-0.012886681254760873,0.006750837328968267,-0.02647870204367859,0.28292854671612977
3.442063774045329,0.0027499840585873125,0.0020940668783293176,-0.00358012881297241,1.035470045908935,-0.004531589838604687,0.0017689906178027636,-0.03613006948510922,-0.00015373138416813203
0.0021641049892864306,0.00018405820228644884,0.7643906773951479,-0.4372735412531392,0.0019461641333077088,-1.6437718024675836,-0.015097310046974071,-0.0009668401926390541,-0.006075177451933429
0.006940161894346565,-1.1159862462311247,0.006579917915377945,-0.06865942949365106,-0.002774786517477916,-0.03242291551713014,-0.0043832369492126065,-0.009607598359210587,-0.32340368142004294
0.0019530063951026088,2.6460597567350055,0.011174092142088365,-0.03217842354841195,0.003761183699018334,-0.02261967706478,0.019680740135406508,-0.008844959141410003,-0.011744584908117695
-0.011729082263651536,-1.2390173499539476,0.0027232071692058213,-0.003170186385965855,-0.0013379833452742684,-0.0037836396191485225,-0.02172908614779154,0.024687402607550035,-1.1527658672227545
-0.0041725718867345555,-2.2595848475371474,-0.041730023840990005,0.003939288895125299,1.6574775540844287,-0.0045420361643115185,0.005565941687062377,0.06494393498647079,0.006958616467114265
0.004736923209419528,0.09186761937759932,0.0032098760384167,-0.0004866958623671422,0.5704355774428779,0.02840685958697234,0.001745083396552962,-0.015567767878282157,0.023934239763667854
0.005845997394246943,-4.6197529932204535,0.004110997757511559,-0.012632793038334748,0.005923293571812052,1.586599600145635,-0.010612698446840138,-0.011182462327199801,-0.06719223993920842
-0.003280246040940736,2.749230502314694,-0.006146827896028828,0.31338845334826215,-0.002886994842296299,-0.004051959012305175,-0.0023605428909405993,0.008896298562003843,0.04375147565332549
2.5381583500387634,0.8823750291656087,-0.00127935073790994,0.0022315870350929166,0.0005441412540509311,-0.0014109973742840226,3.115325138087452,-0.019924831314719185,0.025974838444761783
0.10352070614237985,0.003968506718783231,0.6843544137000563,-0.007777656188943771,0.0037623557182211572,0.0017168202808479016,-0.004928178399081983,-0.048286515604892555,0.0051305587943921566
-1.7061334151436558,-2.2622557579286013,-0.20380215024375214,0.020821221688321068,0.001311368665587502,-0.005832372931515489,-0.007419721544186464,0.055020392643152505,-0.014219334772785697
-0.03027901351527533,-0.00846920808851285,-0.009076937507590845,0.006985556253790934,-2.0428044270684533,-0.03251517813452695,-0.00154478397176663,0.9388914526866722,-0.00557668961249215
-2.7913478904059192,0.0007817438469746802,0.022930736919619055,-0.0020460462088431027,-0.0027595827798684667,0.0032563152358142354,-0.004905735747900529,-0.0003305502482723443,-0.004160020099777062
-3.893793926357854,-0.17091100433599732,-2.173095458887775e-05,-0.822878667307605,0.0644503881779363,-0.00023229814312767576,0.002346296978910787,0.02244514132717785,-0.01759640870347967
-1.6712814444675996,-1.579473017086553,-0.0012535588526482178,0.00022067396226323243,-0.0003281832142147667,3.8948205890691496,2.8738904815598723,0.03966446945146357,-0.01585514664880172
0.22839828735395848,0.00428422303896979,0.013555221589503369,-1.2364934126309712,1.5920275570857159,-0.0034307840882031723,-2.317296310166582,-0.557758149109623,0.009185942093981311
-0.01497240067376504,-0.000516688564344496,-0.3887907044017321,0.31634731245320036,0.004364184814629456,-0.002474755068593299,-3.9790993841939894e-05,0.022728835400221664,0.0013834072639596594
4.646656419648016,0.005879869824491684,-0.00010250683515000691,0.0014511832155142204,-0.26195138367667936,0.00038703727002794484,0.09182473236402947,-0.00830939697458927,0.017447690088650325
-0.0010725677207573253,-0.010753720679540363,0.007223598411138501,-0.021005162522090007,-0.912355794879923,-0.016309000807343314,-0.005298987472852689,0.0016704281127414289,-3.812547871938896
1.6824367478053492,0.017482193765862186,6.108437450422916e-05,0.0004797722787347043,0.004978381322401837,-0.0017851893453574375,0.00042089195317374616,-0.032037775730484046,0.011176875805865683
-2.316776948115222,-0.003932989791764719,0.02796954733133239,-0.03784685994504163,0.00809700239437093,-0.5255345613155745,0.001025172347744874,0.002068087398220765,-0.039407423231005545
0.5890554090201412,2.253314944583853,-0.039006328578108485,0.02832555077407648,9.442520396196752e-06,0.0022164400328987437,-0.0014365078512754426,-0.016856393476229393,0.0662838420413756
-0.007131574644006988,3.5388601483998805e-05,-0.6289069625488838,0.0906672404436436,-0.0020742524999733027,1.4066481227105418,0.003696895978210436,0.0064348273124210376,0.002863685046309822
-0.0020290366249451144,-0.0062921147144689785,0.0016447185724391316,-0.016525361780091504,-0.0014129415910913831,1.014055565932222,0.0036672578592704293,0.004312770960684366,-2.8569077943327263
-2.02861272739001,-0.03294617264818435,-0.0019468659625837825,-0.006331325517204497,0.47300672857143444,0.04016016295553824,0.0008550122014383238,0.08383627519364718,-0.3215428547476358
-0.025054227632234978,-2.353158063983813,-0.006379563117079101,0.005546675797598103,-0.0014718369523428441,0.9447662375165815,0.005451296776807911,1.5426448679662834,0.008389160785044814
0.011198810138568443,0.7667952497357182,0.006645375065692308,-0.0044739874880293865,-0.007159990233534077,-0.007972178216019253,0.0009585621889315124,-0.016798459158062287,0.0046603501146477155
6.210248396919594,0.20129320123335812,-0.0006357238917729102,0.0038502233455832468,0.003869436505961426,-0.0012839025235621467,0.004016372407811799,-0.034205573209832564,0.055600401024598956
2.202946357676794,0.012790046559826887,1.2795374026069153,-0.022825227494210898,0.013038346324235416,0.012441302498606536,0.0018391957666632625,-0.04396161710790003,0.001137538503622526
-0.21223424382935738,-0.0010488218019265674,-0.047173968581638276,0.014899225593018303,-0.0022029142040753216,-0.5446730567103774,0.8122305265022457,0.9446343636212003,0.0024514178760709215
-2.7344603060258894,-0.002302725018953887,-0.6017222354411311,0.010756182403885234,0.0007885457413095293,-0.004927022807474984,0.0023228016279179045,0.019256707225457748,0.00430132392304966
-0.09022891276958095,-0.006325765308781766,-0.02459339675434761,0.01362132211426701,0.0028840897882209207,-0.0018695599508346595,-0.7094998357677,0.21223507922867427,-0.009662549982256779
0.017092431454910725,0.0019178776643490845,0.25916591269321504,-0.008864328082716002,0.00351729822911309,-2.1988078425789968,-0.19035296186918868,-0.035609715918054355,0.0008440386396732277
-6.257367018671668e-05,0.0002839125536665114,0.2958030600555867,-0.0042403474002769646,-0.006031683529587682,1.7785368824627317,-0.0025589504495314606,-0.0010835964904213485,-0.0006358034550109359
0.0003248492798705038,-0.00028756378346607436,0.6379336097323532,-0.008468210327571751,-0.20120494611704154,-0.009247936463460942,0.00022010217392473802,0.00021314001571323682,-0.004904638387934663
-4.020660145421832,0.011453632228960632,0.21714986561229965,-0.0009412717636025289,1.3323266542608603,-0.00469506392399366,-0.008937443976483446,-0.01877353156061974,0.006323042066645579
0.0007259855132962028,-1.5395081028329902,-0.00031180401140665226,-0.0023536475536071466,1.3549411725481861,-0.5120920769430082,0.0009685306861402544,0.0005776940458450596,-0.006302482695186518
-3.1053990496318242,-0.002686283139740696,-0.8993588245036914,0.7437237312220049,-0.004058113477515876,-0.005335138275847464,-0.009749124633863127,0.07058126152697208,-0.001451523446367009
3.7296026868760945,0.00276420340615207,-0.02729203993201451,0.014557440029714788,-0.0011272206544737321,-0.0005820820695666082,-0.01032692033828381,0.004294108935018439,0.009239685005319909
-0.8483565471171222,-0.017937644233948103,-0.04623837959475996,1.6888834791193128,-0.00449310280234971,-0.019224119102195666,0.002826835463405855,0.1770772374105235,-0.018235077292020813
0.004836762740586717,0.0035428768837396656,0.12873785275979804,-0.0032796370870776413,0.0027917484119140863,2.037513282332787,-0.0076790785445081805,-0.01795131865478558,0.005828042044536441
-0.9182879323630242,-0.0038103784051893783,0.005989402954968478,-1.8202705173170948,0.007249723282659106,-0.000876496583106438,-0.05171904700131054,0.00713972925682345,-0.14284649698013963
0.0028897767463267176,0.00043422180585772304,0.09400042451034726,-0.014033412348355014,-0.0013374871966269635,-3.879412319365556,-0.0016639389926802316,-0.0056128593590148625,0.00027759420924557024
-1.3939873231978317,-0.002678899778879989,0.1536699876186538,-2.5392402532409477,-0.007198636209210105,0.00817840489859764,0.003157483909928588,0.005188706590618448,-0.006606851381529638
0.030436140666405164,2.7438125741638877,0.0009395153204980744,-0.0033700130462147736,0.5585902571606,0.005604786027654619,-0.00047555693831569795,-0.6549822859240668,-0.001528368326080276
0.047460484714293164,0.009398180007476598,0.015566291879734937,-0.00787339862276576,0.4971802010932503,0.0020380945992862637,-0.009182154733188452,-0.2799237372883714,0.0072415840041325594
-3.21737048231023,-0.02825838535699121,-0.005136874296863492,-0.0008510323455775611,0.021136391272450532,-0.0006274418468173549,0.3449006315000415,0.03300250592966103,-0.003876422200416174
-5.578376390779973,0.011667887540713035,0.45567660075351935,-0.0013768855391446677,0.0006918263048262506,-0.00558826035417345,0.004538559498420122,-0.015053426152397353,0.010673301859736029
0.8997420462777947,0.002582085917701222,-0.03637042688469788,0.3342899652923585,-0.05654147276840381,-0.2170858286553399,0.0019591721708244678,-0.00830288451023257,0.011690120995023215
0.02591548746246844,0.0074853169499213956,0.0005989259664778007,0.0024629510043418837,-0.000448328982923912,0.008219672340813817,-0.01115347503007346,-2.393027915804966,0.006936526445784713
-0.12196867616230711,-0.016517193213695838,-0.3591476292589173,0.0007186980570496881,0.010405139387300952,1.9165760231408804,0.0035110751803415392,0.06673702384819619,-0.013475154286022764
0.030395029970048355,0.003069771223055231,0.013383586804462444,-0.007889484806771313,0.011300778706253942,-0.21480892143121488,-0.002742327698294242,-2.8418875337706675,-0.0010074346857698313
-0.8023479125473845,-0.9101102988088468,-0.01307835831997925,0.0019323062266045062,0.05312208614145093,-0.013580348116095467,0.014755922055588549,0.039011955452608944,-0.01381262504657832
-0.005633393788188439,-1.0904801996495836,-0.001090966504112667,0.00010296003536387419,-0.04595092627207578,0.08102810122353182,1.773365072635189,3.898924977295116,-0.016484718825015454
0.03533179718421046,0.07438369028186138,0.0011309444690160639,0.00011527162507385532,-0.00018963461580432696,0.37359785593178335,0.0005139184491251003,-2.6972376489763072,0.01402557174513025
0.0011429184037092099,0.0016830098730615376,0.0012763913655390747,0.7083529537060407,0.0006173130754303607,0.0013719909957529634,-0.0037382620094136955,-0.00297213129674165,0.008169765449511342
0.015086987026461409,0.7003653492535356,-7.31608260911773e-06,-0.00026238219603273244,-0.0009099828246911653,0.005410958981457955,0.030081121612290526,-0.01667657548230838,0.04758440492426996
0.0019226467907792477,0.0037288430581790474,-0.0028659926194287127,0.014380673257847124,0.0016228287523551938,0.003928999856456823,0.0016921254523998076,-0.003177624159353326,2.9841640611973745
0.0063515070076628,0.005352068392535006,-0.00036546834752373904,0.002300854016549797,-0.0016073581327374436,-0.010393623551042522,0.012681342362291358,-0.010799592657525156,3.044127463906092
0.01015402090254307,0.36699717621859473,0.0012955131884326183,-0.001027928401432415,1.6137372201360043,-1.1462520050578815,0.007064201701675344,-0.027668120374521717,0.02328732011954332
-2.2782485812894566,-0.012476364432727106,-0.0038001804722958693,0.0009807367806744678,-0.0030890594113951644,0.0690569822466353,0.011972292607162557,0.08159047592121302,-0.0023619368621236037
0.07624766248289212,0.8959923388914779,0.0019515910377813847,-0.002755033354653339,-0.00015015271753996123,-0.0031472953624609896,0.027258882761577757,-0.13190509394356847,0.012637901031480825
-0.004510261794747892,-0.0007139540842023399,-0.003882844055444073,1.0135880516157012,-0.45269312239752024,0.0001742242849237943,0.6579375093817104,0.006395549508279816,-0.0019347638046796787
-2.9907464921149627,0.0011735584202191241,-0.002588341535363442,0.0055176371630878,-0.8628405670140918,0.0015149489605733985,0.0022228318211059885,0.019220320301051093,0.0025633107746583783
5.935888482660148,-0.016324059874074752,-0.05351557991782441,0.0020279840525973536,-0.005026978066662038,0.00257865609295692,-0.0036051492278541993,0.059640976189070605,-0.007897846753359139
0.016025799416133798,1.2943429123706562,0.0035067866545084175,-0.0010725485527722902,-0.004928019297828314,0.002247712007404324,-0.004657855282067918,-0.16584814147745292,0.0014113792321653884
-0.016562699805581636,-0.7604839637715002,-0.00034170882354064847,-0.0021266908449760298,-0.5201231624168077,-0.0017245023794076244,2.905670142401409,1.8711845354186785,-0.14165484704410058
0.0021572247023368346,0.7366943672443509,-0.00022563763998705022,0.0029288092365231076,2.696105670699003,0.0013116170883756247,-0.004570956792595414,-0.007197811888443477,0.02156060424224543
-0.08174187023203658,-0.8016555311234961,-0.0015538443059324378,0.0001845934243604753,0.008578714443883096,4.185856955826476e-05,0.001839421973363179,0.042520501450342474,-0.01265190488869522
2.2697066565090376,0.010393669576552172,0.015024521777471267,-0.007357737791237967,0.004517010692393075,-2.06158649751675,-0.0054045927975263554,-4.046899350377863,-0.004360567899725054
-0.1264522653888585,-0.021428475691806382,-0.011159339021605118,0.004461402325112579,-0.00025576435407542513,-0.028982332334792395,-0.0008370729225802734,1.0346561390128013,-0.011597828127658721
0.0024333497224755876,0.012151425902195326,-0.001202818075952894,0.008601267012374524,0.9183672218293287,0.11651913557589104,-1.7967420688004985,-0.006194466338163077,2.7077576193926127
-0.02890214091700961,-0.03223881601179634,-0.0016707113419874996,-0.004521350803863618,0.004760548401472617,-0.0015184042666718102,1.067715136309619,0.03192328691183331,-0.11888230539389424
-1.9853836627800778,-0.0024486104704079777,-0.014756547703190598,0.13526806216589685,-0.7967075423961409,-0.03157331908052406,-0.0012682527995954316,0.07961972778844278,0.0036366515311254677
-0.0026389368375502632,-0.0029987694246779405,0.0026605872527844404,-0.10995288871192735,0.864463552508182,-2.866774270794693,-0.0014042188918101466,0.0030927917919184172,-1.9551179386193664
-1.0057505170822072,-0.012304370746732188,-0.0017124936244256109,0.0005055524632063234,-0.00039723319457896436,1.1695256350055507,-1.2668336772677857,0.7669853368064348,-0.016571301573488406
0.003185322161548326,0.0037276177355437005,0.23507660812171868,-0.0036280539658617543,0.6251791689661843,0.0032088204294685565,-0.022837183237051306,-0.009282044305563751,0.0052378971173375095
-1.0164650941074094,-0.02349063258129208,-9.334392114742143e-05,-0.00277746091380932,0.09299293940428516,0.005622589369243672,-1.4245454464336464,0.03067489373871488,-0.022871871744383848
1.450964578426432,0.7542401815249138,0.0031687766532150635,-0.005252349554850417,0.028032877619926948,-1.1767165551557517,0.0005591457159401965,-0.11597603259912542,0.0029246392288009293
-0.00015782854545632073,0.00036735193768889943,-0.00214337539519094,0.5625575410224822,-0.0009225526905508254,0.0008616645194731938,0.0031089591681256502,7.038806241945462e-05,0.0030603655181239264
0.0018794409434259376,0.002036383761188953,0.2617895770937257,-0.0013320099647600378,3.83854206607553e-05,-0.003366620823178001,-0.004187071921422976,-0.006490761334752661,0.004707389363932873
1.0385989283199105e-05,0.00019511667444118043,-0.0014577712161704028,0.005822838380608498,1.1194444330575932,-0.0020876792093204367,-0.002404427404410966,5.534079555387264e-05,0.0044314443804894695
0.001876008987195719,1.133492893835839,-0.0009118242976844659,-0.0012054630738596835,0.0612365618297136,1.8626210107537922,1.3535170123047902,-0.002699924776295137,0.012319415088458241
-9.634851418517787,0.003032535541808098,0.13784971818399505,-0.021476051906158422,0.01791471088551469,0.0005689849302206399,-0.0028660417720697273,-0.012999528874143018,-0.008063719089605792
0.0009068681674238392,1.53474748929592,-0.002270702396283908,0.006495264060176604,-0.002264178632622245,-0.0013765911118107598,-0.0021596612095305633,-0.001626953389412296,0.01575043095542039
-0.005698502850387266,-0.2402642538350515,-0.004858502851258386,0.0012417560303813564,-0.01185759626998635,-0.02050597117036454,0.00600094785071258,0.019759958045617716,-0.020963352950644873
-0.0017824534707767238,-0.0011864137869096187,-0.000847187625352647,-0.0014148740584090814,0.029333470938147557,0.0027049028948587994,-0.05690556574264348,0.0030703680968027177,-0.01168804657752094
0.007781216684839581,-1.1519444543464414,0.0011333213220520374,-0.015182673507710645,0.5961083731271303,-0.015612101288530274,-0.003600575272264062,-0.008692908224873909,-0.06393608870081158
-1.0617115960571528,-0.007369672989220699,-1.5108532944614357,1.1042906207244467,0.0033537294037060406,-0.001163740450514965,-0.007965560729049664,0.027326735253789924,-0.009579630667898242
0.06783282210794583,0.08353042092568397,0.001888986514753617,-0.0013850846738804993,0.018259108964117615,-1.4625676695072918,0.0013965414407310418,-0.04901316516030958,0.03258071473525497
8.2880368983749,0.0037452485325758025,-0.0018375692790995046,1.073424892764671,-0.010711593081831387,-0.00011084297426766887,-1.8005303985427925,-0.0019766572883039672,0.019104017997457756
-2.2673970775819505,-0.026136223885986676,-0.6691297022385925,0.024321911279205577,-0.0023632214397462277,-0.003946252931843306,-0.11266252252598241,0.03714137018619318,-0.012364575279655565
0.011499206235599845,0.003313995397112437,0.5867526132557668,-1.3652912075599133,0.006698793596552677,-0.0026679519113851696,-0.0013343732844185024,-2.6133860114158836,-0.00797258042886223
-0.004930448490121503,-0.03208708203778923,-0.0014472068651258064,-0.0025112362869234048,0.10161192836521915,0.012543621404690432,-0.0006193443586866535,0.011459127835680913,-3.257916494103002
-0.09793653963140547,-0.0023343339086314583,-0.0037955488387237807,0.0026037665020263202,0.0018651973583058879,-0.002238943529187563,-1.414136279470437,1.1916049034801883,-0.0076598113117538474
1.5902879229140365,1.962026639627117,0.001669638918083749,-0.005344595065470183,0.014469309506373748,-0.006160717350907227,-0.003755038355126368,-5.0561131168980245,-0.016959134574298762
-0.0005016539991509845,-1.147812677069769,-0.0017004992061744328,-0.0002999177376232531,0.011507081080891676,0.23397075787736232,2.8045331969295604,0.0027570859124598484,0.008295402669036445
0.013778947249583104,0.0046067320950875755,0.6286103374520594,-0.006437926978089752,0.005972734763954738,0.14530106419462246,0.0019126495696427915,-0.031002777196552755,0.0057862856489828834
-0.0026460740446089554,-0.00231214770870307,0.0006993804238926724,-0.08122267322024368,-0.0008191450812921352,-0.00755495782178178,-0.00039419711026234536,0.004680060465328103,-0.03684139811162896
4.344799509115162,0.0014519439379981928,0.0070728281727539255,-0.0163328114810486,0.6796380529560632,0.0001087959803198538,-0.0010400556186641562,-0.03573458189712462,-0.014917465035962585
-0.0069087412958076435,-0.4807239008914607,-0.0005486597170163733,-0.00019746713657766378,-0.008106941287615715,-0.0041140723240510645,-0.00019771387350924017,0.01461918317914902,-0.05226035018307662
-1.5217901263697708,-0.009707901644578285,0.002644273913729997,-0.05496650526654822,0.019767139416328634,-0.002700775195720085,0.0011472525773980015,0.02263897398092304,-0.060182164296989415
0.0008545714293923742,0.0003681589797425635,0.4697123217119822,-0.08126274984517545,0.781280790743788,0.000106141031061942,-0.0020980973936701214,-0.0036335720832745,-0.006492760403919509
-2.0338993068129674,-0.0027873862531009124,-0.0020012872025759396,-0.0004638777025355658,-0.002153964455771571,0.5298670027859171,0.5043659839203863,0.03146089720152886,-0.01339048278160726
2.8688866295467945,1.204154017173604,0.0005303517648289902,0.0026542684560123208,0.0013755995017606139,-0.007390112075686633,-1.8312894099228578,-0.04693498779059525,0.020815619124240348
-1.8552841770752235,-1.738515659022821,-0.016647376685605675,0.010377284026804164,0.00015703980598829465,0.003254328891805505,0.004117405970518531,0.20272037118813258,0.012025728130761415
0.831192379759058,0.009649456660926033,0.01736153820443359,-0.0017593699567671887,-1.1470787049710935,0.5849367893798892,-0.6077301686657841,-0.3350718339752111,0.0040772362044188964
-1.8339415796780802,-0.023958439379684487,-0.0035870843640349453,-0.002353678623697064,0.009461864603572455,-0.006647394810442474,0.009584334427697258,0.050778611931025036,-0.033990031285195954
1.3927188864927902,2.0403483226773913,0.0015323142029555759,-0.0020629473358451146,-0.0003280267028772446,0.4419620098348676,-0.002918205832593796,-0.02854235535387386,0.0019191463414813814
-0.012234878813021604,1.5352834900947605,-0.006560658021523974,0.4891712228950591,-0.0015103962780273362,-0.000379518286802214,0.028445159921720142,0.01732124987206915,0.054607242568943226
-0.04182339510428202,-0.8083394232536523,0.00025422056837861445,0.0016182788244419439,-0.7730866018738343,-0.004534143347030955,-0.062430083229570985,0.039869176039742375,-0.05416524462935113
-0.021634233739633524,-0.04027126325007249,-1.059149827066582,0.0033220419745423058,-0.0497498415831411,-0.12679300297711,-0.0040729254596026665,0.274183433957655,-0.018388736418071372
-3.4752858901524446,-0.01934368505731924,0.10269169040175297,-0.0069514701953312975,-0.00345053701740485,-0.759916567698422,-0.0025694256812140506,-0.0028215292687612456,-0.0291458142385278
-0.30527317916480384,-1.4964848211895871,0.0022430214734220355,-0.006325999161944719,-0.008181208486960887,-0.028386453096320315,1.5992365902213597,1.1159429507311345,-0.1277326484447583
-0.006367693513476561,-0.9532182727706731,-0.0011015919774174654,-0.0010948645484033022,1.0556810938561336,-0.0014359552251149389,0.002605756062693169,0.013310664695825345,-0.00819946428167212
-0.0035979640245608594,-0.3521584711224612,-0.011345690612220821,0.00037320058159018445,0.3579917900769807,0.0007688980745808965,0.0020618450318931275,0.013932701704537143,-0.01255220214574694
-0.014156708781952241,-1.27233124755769,-0.011761268970955141,0.02711486221452646,0.0023515910697837587,-0.6707596094132019,-0.1892950416691478,3.1322021972917744,0.020289480367007506
0.011718339557298375,0.011915977090788163,0.31671419609663287,0.0008223426743018993,-0.0028992714726274967,0.004432735575151439,-0.0027661514914029636,-0.06691107837759244,0.019345316188289885
2.3065347281017927,0.002712779598088283,-0.0015895974705866858,8.792652016160893e-05,0.003113056281778978,-0.0699196494339159,-3.68736492956526e-05,-0.005774741362779852,0.00797164202553513
-0.004402325347628528,-0.005597753411266548,-0.0018576285558194704,-0.9605390934658896,-0.015518471034088627,0.0012589619174656734,0.001161433224628351,0.010224788918793028,-0.01982992773708844
-3.2421837993934375,-0.0027930684375238324,-1.1112410243043094,1.397263804192228,-0.0013536926649054815,0.012396899205835686,0.003650990729481135,0.030953443403541225,0.01178312371362078
0.018692295713303674,0.37545641416895,0.0034755901050888063,-0.0010377152439761256,-0.0033811241423160744,0.003304917421198702,-0.0075541870651831735,-0.025348587319888115,0.013988582296760213
0.003638492464491934,-0.5978937581777224,0.002363172810073009,-0.013887054479756961,-0.8243702849921593,0.5364442654275797,-0.0048617334284130325,-0.0006060277748333115,-0.1071756824808161
-0.00447779511368751,-0.001756761354652323,-0.019911067914034124,0.4668002984550794,-1.8253156340357846,-1.1449668344569632,-0.0003033016511947747,0.011077932131696682,-0.004875906118375033
0.012823581133908808,1.2502709524228992,0.00018282376251869958,-0.0005680370755212329,-0.002662501489969526,0.02161526504602108,1.4379282794873862,-0.01766778159895796,0.015581514259621843
0.0008504736216810999,0.0026089539582175667,-0.0008736903895539417,0.006906620262144669,0.01834854997061828,-0.0016634395932232065,0.00515652643177278,-0.0031850304377180963,1.638155153204051
-1.6325325564706896,-0.003708959409919692,-0.007684744518801079,0.00540855297527373,-0.27016747638906125,-0.004872029539953152,0.009553093645818673,0.665717759912591,0.001209852950373902
0.09894545141178371,0.007483117771320165,0.41215258099432117,-0.007751214558674696,0.004271707828729031,0.0026521151262446337,-0.0059480882026404485,-0.972179652581628,0.00415108721029625
