0,1,2,3,4,5,6,7,8
6.644805650725394e-05,-0.005147202180882609,0.01198057868559745,-0.01708578392388227,-2.334782343539271,0.009581204882484429,-0.009255714354279267,-0.005942344270182129,4.719685497969207
-0.001593267480694476,-2.6809047072967305,0.024111011338979818,-0.009279304048207287,-0.0031312645010320283,-0.0048394795793765336,-0.004944247060432349,-0.019956581770780253,0.006894902518285208
0.002320955376973582,0.000948801873598979,-0.9267631753338185,0.0018195767000533298,0.01155204719681941,-0.00031166381652126315,0.009263611296905163,-0.0008662196497239722,-0.043861083529530095
-0.002968688978057849,0.009001146133792312,-0.0054110037668391175,0.01106911952345623,0.008447215489973361,0.006563187243859764,-0.0011824172281080254,1.6864139789453605,-0.0006317950449182437
0.011280534142117334,-0.0012583492097533514,-0.00336901214943468,-0.004717853706050695,0.0023409292540382334,-0.0040721851629807486,-0.007237072379083653,-1.0466453719780364,-0.008927801331575082
-0.6791376933341586,0.0013893490498472223,0.021455370782056133,0.00042362642830927815,0.0005012440841165571,0.0094777663236919,-0.00041403811108737826,0.0143410784127763,0.008773967848721385
0.0012847465434403442,0.004688474505669737,-0.01558618260021038,0.019034417071975177,0.016560377464216333,0.6455861503665499,0.008633183504018442,0.005102131741272087,-0.029497312783947356
0.009363338208172358,-0.9851125610398855,0.0023792524948088303,-0.10387753125734706,0.00031173056640264253,-0.006714340021039361,0.002820137742480322,-2.207714843899547,-0.001961814677946379
0.0003194488145613979,-0.0013300546593333067,0.0019541414163288784,0.00011069535378850577,-0.00015387589208259073,-0.0022694981072420677,-0.00047276880053160805,-0.0009480620865264294,0.00015716211705846096
0.13683368549272318,-0.006283476328647787,-0.01544261692465326,-0.0027463424198535726,-0.01675567562437106,-1.0380273430256637,0.0012430318765268527,-0.21758703041597457,-0.007216662556016051
-0.003368077173099617,0.0008098392566001682,0.0016940391937538442,1.1226095859332759,-0.0008456495981103455,1.9301582328530598,0.04831255585072827,0.06652587211644316,0.0011599688810861875
2.9673094230324324,-0.004891428098870438,0.03877279775636752,-0.9475130158593716,0.0014704593019100529,-0.0013488701874567425,-0.001504558263621593,-0.028194100901378995,0.00023321170731921415
1.5510308681526035,-0.006209950202780772,-0.001855881696513878,-0.005864933493245222,-0.008077150178186727,-0.9627696099963203,-0.006575918861397407,-0.3968897449081578,0.015724574234308064
-0.0002651032563383961,0.016171217589870158,-0.47612348679596306,0.0006836449643672364,0.0020993120122243503,0.0004035040087965598,-0.002679199772626669,0.0009693146327500032,-0.002730691552485667
1.7814370284572956,0.6766479596976074,-0.07312870949579736,-0.0032871990048499496,0.010794207917603507,0.005780611114145207,0.6234776937991044,0.006377552476086998,-0.036433121857771034
-2.4042117570341075,0.0006215237933014928,-0.004804451465201882,-0.003653308271723235,-0.8534568332930239,0.006451082171011813,-0.0036897797190998116,0.003326937006262465,0.993149452416862
0.012542606109308727,0.00296828012994247,-2.80703772487965,-0.009481986294824593,7.180984077882454e-05,-0.27052031125750486,1.0473402386405997,-0.03791880884036758,-0.22501982775246576
0.12393324170868925,-0.004306594848565452,-0.023457730487942214,-0.003821337596002783,2.601318401441246,-0.02092168000727667,-2.8495043148384136,-0.04988655991321455,-0.015959710752022203
3.9332141792798847,-0.5987150733012571,0.014200540319255633,-0.0006239387088363899,-0.025562813475252355,-1.3392342262675776,-0.00047734422460522785,-0.09100240166749467,-0.011556530115845565
0.0008621049095735142,0.0012302454940949735,-0.0013869851346305822,-0.0020923769557692554,0.0026912487998426004,-0.0017381215882056572,0.00031825117118562815,-0.0021685590272959797,-0.0014401406742984442
1.2144277362829201,-0.0051174471079481094,0.0022929686666797004,-0.0022822786929815883,0.0005410552114499308,-0.004932672713173772,-0.0009713668986022304,-0.016826432771572853,-0.0006888000909138908
0.007970243787042102,-0.15422959944499573,-0.0015125087592386373,-0.004122237648469461,0.00060052558276599,-0.002955976052740877,-0.0009229336969991339,-0.02519080428921449,-0.002835174163843035
0.0028447913935935876,-0.004845006940816339,0.005324668932556028,-0.006609918862092834,0.0015538384156472958,-0.6943695215885923,-1.0026055489670935,-0.029197445999355538,0.0006453086101990432
0.002679900121523706,-1.0094498038851076,0.007706500124488657,-0.003271641404796804,0.002985545492042832,-1.287614599441127,-0.8811939467421915,-0.021503143578985084,0.003135416502047475
-1.7581783778843905,0.007920374949917507,-0.005323947950658731,0.5228510955221415,0.0005621423185187893,0.007303406513300867,0.014107941208864421,0.16152922428587024,-0.00954193757222302
0.4180562346114654,-0.0135978650305554,-0.07335331739987072,0.00043544650437784063,-0.004827321412804271,-0.004518198925947969,-2.005854105363694,-0.07421589792857099,-0.01370427457159741
-0.0011357707524197766,0.004195393276205539,-0.035084643742569366,1.424383399045671,0.004160617872483481,0.0279337903968451,-7.398472903212029e-05,0.01646451583456756,0.0017949409494567312
-1.3100770414089262,0.010558161101612869,-0.004730502662613118,0.014265523690681525,0.016234133394179926,0.019578273344277378,-0.0017458548745782725,0.24780574640329076,-0.0032161850515378954
0.004535094269519568,-0.0030198711570606366,0.005073964751497838,-3.6516623165541957,0.0007521548572529922,-0.006902758072283932,-0.009327982374791391,-6.356375374084117,-0.01152898890100984
-3.0929750386131882,0.0028224127654192057,0.025881160166765033,1.658552906884956,0.024363156338404218,-0.0015809058865287927,0.02279723915103135,0.05842788002364851,-0.011083594379350692
2.996098062648037,-0.0016391055792013354,-0.002613920787902166,-0.0019176129965465536,-0.010072248499583575,-0.01098984873482908,-0.00282051517135401,-2.202296418901785,-0.0004438828358998004
3.3392365788011746,-0.8356506234103627,1.3713360108736774,0.0020521667389503517,0.004041367639204173,-0.0015212293740201246,-0.000654110022695097,-0.0037947997224694816,-0.002753890487295796
-4.802464104767605,-1.0045983921104646,2.3577101671163785,0.011779695227895834,-0.0012740812873900942,0.0044232207252086625,0.8476094679913455,0.02292163469723868,-0.006713199215389265
0.0010514281410172182,-0.4022578415605507,0.2887933917280191,0.0020826468240604835,-0.0007429183223644211,-1.7660859337149222,0.00565875840867278,-0.0027296434021138894,-0.0006697722597468203
0.12426054846434503,-0.0026312101104368525,-0.0109052822691103,0.000626914834251955,-2.3623549105381367,-0.018338606337219655,0.0028337909625951877,-4.316581523155828,-0.02411954535888806
0.0013632700144617996,0.033550194187333224,-0.8757156959530814,1.7320483169414818,0.7021441128018973,-0.012162549061903859,0.005032662592385682,0.003142582398761279,-0.030520995365210468
0.041028110928868974,-0.007717752968867853,-0.004404246841792801,-0.010247168009124834,0.0005721884945693472,-0.003550407064312183,2.3211783415351066,-0.06008781735657314,-0.01485492083899942
0.006193396548731083,-0.0005182805208111577,-0.004954613824909245,-2.6776445621576355,-0.0003064836950166499,-0.008065712668644925,-0.017956242670828487,-5.126340962783396,-0.005791248521336084
0.0038402355895597136,-0.00941672947023756,0.0026263009166901793,-0.21175290390622933,-0.0010158327849833556,-0.15637816106784558,-1.1005663365438307,-0.05677794051665392,-0.001829236288086511
-0.0004780389195535688,0.003626009940637492,-0.013466988340485665,0.05678128051721662,0.004313748589660845,0.003981464963308916,1.4910959602646279,0.003957759911235383,-0.020051641948692203
-0.07284529394190975,0.006057822889253765,0.0021494934169386908,0.0017212939674396631,-0.0010620127273738827,0.005999154396487779,-0.0016587308438626436,5.559090078982867,0.007462047275058489
-0.0011088783753272651,-0.005125544008747984,0.024640231779996767,-1.0814767754014945,-0.007990177996493032,2.4554746103677087e-05,0.002417567101803818,0.00081084580486929,0.013976298292249957
0.9832607081463267,0.0017986307631999536,0.00044865247291719836,0.0015583044245826294,0.17133198760269486,-0.012605422549376738,0.005637662290634374,-0.009854892977176524,-0.7797839806722084
-0.8110752092920417,0.0006044783415459568,-0.0001026046002187593,0.8563603168211459,-0.0021754789002382743,0.0038986704516653014,-0.9073166640177803,0.4197662256940181,0.026392571804971232
-0.0010820226847505653,-0.011549214094100596,0.007022210677762436,-0.00430697506852435,-0.02814540890072804,-1.4014326279632638,-0.025355803029339707,-0.01108452448544442,0.01934056389377746
0.008283631263758764,-0.0017717824716340959,-0.0018713131885713826,-0.00035267624666548134,0.004817409811899465,-0.0030575314143291236,0.0018195391006713716,-0.008012412022321534,-2.059041982737193
0.0055535436701900955,-0.008145088866220217,-0.002758705926123938,-0.022320183550678746,-0.11480271347624535,-0.056255219270659615,-1.7435817666193136,-6.011575041574296,0.005879844103020296
-2.9050120676134927,-0.002703505143324309,0.003514043006659355,0.0014906352381265768,-0.0010345382463564229,0.6238242348727938,0.012210740755526354,0.030078599285747736,0.0021593276555237906
-0.0044190982847198395,0.002444850828856186,1.0093727698770965,-0.002424479710889692,-0.001212064346457588,0.0781975944220529,-0.002181421274578132,0.005320156862229836,0.028926407551680453
-0.003897970530600462,0.00798441429421284,-1.4450477271109055,0.001663964736445503,-0.00018549528537163473,0.0037313659093315514,-0.013441969446939863,0.009772630846905661,0.010769357384224756
1.4789256295795452,-0.0343609610154543,0.001284612579276992,0.4517761716320944,0.002832635636579442,-8.590586841993297e-05,0.006018854828953726,-0.00047828196842526023,-0.022000431805719367
-0.004465597787365258,0.005286729558004813,0.0039050154953419545,-0.3598047994199862,-0.010542503813578276,-0.0354137676586536,-0.005664901257061826,-0.0002609622064806347,3.7232833180019003
0.0007981914202274742,-0.011810331042328833,0.000709111180377861,0.0017286834925226984,0.0001443101948258858,7.920094113808104e-05,-0.004582969221749236,-0.0017786506081439392,-0.001342498064137134
-1.2362797237297194,0.10890232603680779,-0.00046163086917674553,-0.004046728851382865,0.004521584289748387,0.6506122134491282,0.002686850719661753,0.14424111462805272,0.002869783809819504
-0.0017781238411237988,0.004487539511243309,-0.003775740283788805,0.6081196545735964,0.0028405194240527037,0.9654574949652479,0.012283181709853753,1.1364395313070563,-0.004956795312621574
-1.2027600961385572,0.00811845598151745,-0.0023374895754032336,-0.00022549524991070588,0.002533506677576878,0.11021625480463594,-0.0010595397476457474,2.2211204898233103,0.0074503273617395616
0.0010062183892317403,0.008924875327035137,-0.009904841187852993,0.0020233542202894115,1.129263746829858,0.0008683756948223327,0.8665964122740741,0.0010230766849151224,-0.7870430834994115
-0.7043681433181415,0.00039224435185525075,-0.005423743895865484,0.012490495602375307,-0.005139636186045538,0.6517782685157048,-0.003923087075713112,0.11606371340730416,0.00673827962319469
0.006443778487481296,0.00028195730317224154,-0.0017630188712250538,-0.0036637365983165525,0.037166964400487966,-0.002648763586972922,0.9855721555845998,-0.005799523055628215,-1.7556641177403645
-0.021680980649421987,0.005143526541089963,0.004604896313748028,0.6831697779118686,-0.001866938697306896,0.5088245371316775,1.6483938887124805,0.2696251609813438,0.0068068962714267385
-0.4624611293492356,0.003939296310005272,0.14088752933327084,-0.000425827748194832,-0.0028811235006536914,0.00022248602584737484,0.035281525585603414,0.01581994632476709,0.013427137237036063
2.4375147533317034,-0.0018923997133457238,-0.001615611803446576,-0.0029205737297499906,-0.0004778945131587581,-0.0029572672932689443,-0.011000247835977466,-0.012422456714511,0.006512573650574505
0.10894598878011129,-1.3046443447910325,-0.06059940159802363,0.008441109641000505,0.004246039317577744,-0.006338510472611957,0.006170790611727728,-0.010683481020558203,-0.040119931580933604
-0.7439998258260659,-0.001370171362434454,0.007542948358706225,0.06065190522272807,-0.004486697431026664,-0.015340433289822191,-0.006511159479635063,8.14842794182854,0.0254841468632937
0.007070473695560908,-0.008617971118764584,-0.004934419071923675,0.0037593003669885924,0.029192827344981846,0.011779093625349901,1.5751861052566976,-0.00020527307103464232,-4.137883504523406
-0.0011708797882180597,-1.525366802946773,0.017053936109361283,-2.081828273531218,-0.0017044646180467797,-0.0037538481695067838,-0.021959517253319197,-0.008260038590679994,0.008091672443603407
0.016890638459295712,-0.005663787132302065,-0.002674868707846718,-0.0007996954599521118,0.0024138763158485775,-0.0010612411873750435,0.009081575009801456,-0.005288270632198541,-3.079717428014724
0.004807690940856681,-0.00266681724368904,-0.009200364581884432,0.5281969011686294,0.011005273625948088,-0.001344044767043876,0.012725181318269932,-0.0039177123186728766,-0.051884781656503884
-0.7027638170787787,0.0010326546841548214,0.37452909637856835,1.4918057810771844e-05,-0.0015466361014797592,0.002022142165232331,0.0014232264429350043,0.009223311645887008,0.3322354442944655
0.0011534917931879602,-0.00047746560483972024,0.004040390593261166,-0.004984550788311109,-0.00013891005451224184,-0.4968153842196904,-0.41914474838328264,-1.4381181668011862,0.0009481465613151406
-0.019582480322018245,-0.00017609489695037152,0.006839431008783099,-0.0016010237181131152,-0.006459055296424975,2.8420307374400915,-0.007013127581487379,0.07324324302032255,0.024765487543611714
-5.038587483727787,0.014697212917533675,-0.005218568756493791,1.9227502367115474,1.0546690631108682,1.1408431322452808,0.030872318631051943,0.16067347310827573,-0.00993677823592809
0.002760638536742705,-0.6211998027933276,0.8185898433055031,3.501541652967035e-05,0.004056150971139259,-0.0019123293379081831,0.002849069276251888,-0.01025389994199259,-0.006829153755291681
2.5467025473283176,-0.0011912719827678279,-0.2982050899372696,-2.2067711817847413,-1.916713551046137,0.3281073251632879,0.00023281441105307138,-0.020174054475620484,-0.008293880226291572
-0.37950322177985907,0.007828991302910862,0.7034692390059722,0.0023573855701496203,0.004487318884823029,0.01955308122083672,0.0030983939378619397,0.044914151110584895,0.009667257280992964
0.0002829350272115249,0.9972628103486438,-0.06122164389979173,0.0029834231030916123,0.0018929967436728066,0.0031071615228440183,0.002627573175208648,0.005890081351982247,-0.003477977234819091
-0.0030591653136537176,0.0007256791930328126,0.00666763725636573,-0.0019337311832001575,-0.014695680294468364,0.0007078928665074483,-0.44104917839445046,0.002020037535089565,0.04865150571665016
-1.6236746316838486,-0.0035793374804249933,0.0037136006977895007,-0.0030002247735245458,-0.00702389866828711,0.0036310237062922995,-0.008958999283508906,0.007693109780164825,3.338982837715861
-0.008338285536971926,0.0052314217995729625,0.00409574515013804,0.0032437056344901275,-0.002664693024574433,0.0008760646950966429,-0.00912531666170486,0.009042877621071362,0.013860195779424026
3.9084640504036408,0.002462654571149414,0.0020184743739833366,0.0017401638149720788,0.020879778934891652,0.005519537403659444,1.780033411231308,-0.007602830929059445,-3.454771904878129
-1.0032845626693676,0.011729157412162497,0.0023163268511088506,0.7272643333601473,0.010310351010923943,0.0010790898743137836,0.0016383824021685318,0.09146631300304461,0.0028767228860606953
0.0034681954083022864,-0.0011158702849470954,0.00019565270878131417,-0.005665733547244051,0.0016627911375542547,-1.4114015679051515,-0.0017636324284508204,-0.01710118048717847,-0.001548171558293912
3.6423265209420514,0.006615350048781186,-0.0019323157488328052,-0.0007780560087411229,0.010880137699354558,-0.00032924931081712116,0.003185654806637534,0.00337519613120754,-0.009489841467860749
-0.952552819411541,-0.0002155164857748867,0.0037916420312267413,0.001861263261106912,-0.003559398537730867,-0.0012435949719294273,-0.06867318712328921,0.0038257434329784924,0.012086618800041513
-0.002975667537329073,2.0934118926091965,-0.2174263370557427,0.026143113827640004,0.0011494734985373935,0.008097384354867988,-0.002487057876763968,1.398313805700293,0.00036063868290009404
0.0021657011176956023,0.0012196776443809529,-0.8554028139531178,0.00995583988734794,0.004587408958572817,-0.002074838831730085,1.0457755050880817,-0.0008560511745147707,-1.002704649042181
0.02544699086962696,-0.0038685798357201854,-0.0031416525293664886,-1.945104623506814,0.0018630490783838154,-0.1539487552784749,-0.002257905801837646,-1.5698911069523458,-0.010995889374693646
0.001006331231451228,0.9002696379827098,-0.04057812204944494,0.16886990296386037,0.004228484120892924,-0.0010763806164615537,1.100515515292166,0.0008483405081007363,-0.01418445146751848
0.0012200909832149392,0.0017470040205592656,-0.019461109208658626,0.023324497574463646,0.005174597978760509,0.00047655267242357075,0.1328218484789375,0.00020496492792729964,-0.03314724018807382
0.09717360558630966,-0.0026824558742291095,-0.002928653940436298,0.0016864807969082934,0.023657431868544354,-2.793604427370549,1.8459742568167308,-0.025143722476352937,-0.11358124947551529
0.0036377642597513215,-0.014104974844782467,0.0023586200894923194,-0.0005516029121192354,-0.0015962447734340452,-1.072384646955696,-0.004151304390340652,-0.04608868976929019,-0.0006883330227440074
-0.0011289108104503287,0.010845024033939983,-0.21514826170058926,0.4239883642630893,0.0006634540700025172,0.0006167746347309807,-0.11131000359920735,0.0041975873928556265,0.0009211431060992855
-1.5507247341188162,-0.000174827726970056,0.014483680589875647,-0.024077045112208983,-0.0006391687840346105,0.004373612445774753,-0.0009699991185591061,9.033295323548039,5.3086213234818445
-0.002044781972134579,0.007881255392483823,0.004693666554511719,1.0772368592941133,0.08753815097761504,0.0029833933115024107,0.006452729661033978,0.02010836197952346,0.0005341499200770643
-2.9921401805874757,0.007019299404025677,-0.004540947373644001,2.563555657206737,0.005446560634026723,0.0068741450435297925,-0.0019381242122771523,0.044921224129044306,-0.0032459963586737306
-0.004485108608354969,-0.004569745555766975,0.002681538858603203,-0.00088488479116989,-0.013279310312583906,0.6193317731881358,-0.0007954916555576444,0.011200902469333893,0.017375309850614848
1.7104383985956313,-0.005193646714352302,-0.0010824163806245207,0.8319520720223915,0.0022983103087197213,0.0012833060405235796,0.0003001131802661573,-0.00827850173308473,-0.032242486294647876
0.0014799720264925282,-0.571039908066761,0.48850711578875083,-3.1347002859211175,0.0005160327734614854,-0.004218156676118445,-0.008764496712361923,-0.02951779130854816,-0.0005931448732200088
-0.004327483811885642,0.004031386547836748,-0.0017207174589618994,0.006726367682887308,0.002252774355955941,0.009199870191248674,-0.000649512127476351,1.4886189879287943,0.002946913042319369
-1.8380818606210292,-0.00029665839550656456,0.003932994645041786,0.014588873808022332,0.0045505759019466435,2.1785955346980623,-0.0029588688680795908,0.37161778014706215,0.0003219084378232595
-0.0021218494347205958,1.151526716549019,0.007774369090747132,-0.00758714471784953,0.0002899191189428864,-0.0006572287972944393,0.0009002305249537976,0.001347891656754821,0.005840591812467932
0.0009676582641060401,-0.004272305704747513,0.005563269520443115,-0.01347388687920864,-0.13328949064848983,-1.450357954651536,0.1506422554768247,-0.010468679075710785,0.0014663187916925946
-0.0026468296400517432,0.02530748133700784,-0.0006881849324150689,1.3314144714093727,0.2948844799302812,0.002215101672268239,-0.6706499851814691,0.01391095043418029,0.0031692463294024724
-0.002938494578988176,0.008806153253073093,0.036053514160926156,1.4108344009211538,0.5578657726158851,0.003375874287546642,-0.004734239189536709,0.0063326493867790525,0.0028210154956434027
-0.0009431371990889365,-0.031292460729591715,0.28872066760575066,-0.0017762169253425879,-0.019806684607392055,-0.001052137909022803,-0.8040960924405702,-0.0020676509480786684,4.896840056165393
0.03699633903349607,-0.6727345435268823,-0.007587996943268421,-0.0007062135594395889,-0.0014618650536534442,-2.018380175871627,0.17679381873178204,-0.051289062332677875,-0.005565229065236307
0.6762742505246624,-0.011916459622236886,-0.001961458536488816,0.010553182247284621,0.006426859635248611,0.002168475348992018,0.005306588835620627,-0.003074282757074067,-0.1048007113911344
0.007444872010090087,-0.0036310888158253667,0.001863813910388814,-0.002792207979078144,1.171472869177587,-0.008672735778796351,0.0007933373478885189,-0.014470345294429261,-0.10218651590256678
2.5495889377523744,-1.4607985471701843,-0.0002554552247369529,-0.0025249437828316467,0.0019727618729291838,0.008231079004110025,0.0008418359043845247,-0.0031090446072186955,-0.0014849717580604493
0.004023038075399978,0.0003295433383234927,0.0039945796117639015,-0.0018219929571760911,0.00641227780653616,-1.6398789369980475,0.0028273174085215267,-0.008766590514732216,-0.0069723003391632885
0.10681304500848543,-0.004486410282600733,-0.001972003381330878,-0.0017654439031696712,0.0011539599955723632,-0.0034309490430344484,0.0022502364020521833,-0.041469591385935506,-2.333530018354996
1.1766353079265734,-0.010363725345844677,0.0072354651570649305,0.007294800508811627,0.004656157412329658,-0.21631482004773409,0.0012266827289037045,-0.013123484206274724,-0.02039988373051113
0.005531986504630615,-0.013493336861653342,0.00438007193305442,-0.000367587463099701,0.000912341855507837,-1.3096497847856616,0.007923074609817173,-0.014602098548487284,-0.0053833766793593835
-0.0034020343352287735,0.008752591787079999,-0.006024419555918522,0.005509579829261757,4.057173004134474,0.004581854208866323,1.251312311473103,0.010216925096749294,-0.025138350239825025
0.0012399700543550454,-0.001863479982292209,-0.002986669484290665,1.3346017075722372,0.0032889920268633025,-0.0012166326674474892,-0.009841170496532414,-0.004430958473732687,-0.0030637743628427337
-0.013915500815881065,0.23023502385970837,-0.005484365375268613,2.136728317740915,-0.0015991871058064974,0.002036605663366567,-0.008481366921398448,0.9848984299348398,0.01277469822477328
0.0003749537449989626,0.011632345907614555,-1.1292147549312357,0.013369652152341323,0.15390744706825,-0.0029072842670207696,0.006376274799442171,0.003549266850604596,-6.554284486229568
-0.0036677846858531233,0.023884849802093547,0.0011040178897155756,-0.010334594598710433,0.00042750740210673586,0.36313768551909886,0.0029582084079408577,0.00962764088398873,0.006452616375510102
-0.9783064939733999,0.0011745163312761667,2.2730738762209395,-2.750400365076558,-0.0032002360630316307,0.12388309240664556,-0.0023265928646069856,0.031104363339792062,0.04645812919972603
2.5470511444344135,0.004733654066757006,-0.014299496905626527,0.15462274063871984,0.003142159965861549,-0.02318576423047402,0.0028617326549809433,0.002382586815338348,-0.12372229685453306
2.9581322519773767,-0.032164729021355074,0.9141995237849585,-0.801894892915034,-0.0008765429101108904,-0.00027236965225847527,-0.0018735053065122298,-0.04713292553928734,0.01678143292655998
0.00014473186975773756,-0.0021706115374211807,-0.00021956765809269546,0.16454917323587218,0.3477250386394879,0.005514532026720648,1.1909384883725826,0.0036892182756343133,-0.012919745519350198
3.5910879492488235,0.005897283844228274,0.0006002855687548062,-0.000981051442182912,2.220273314108012,-0.0599685110030872,0.17356213194992443,-0.00870650718068905,-0.03977841439054508
-1.571451364764654,0.0009986352760177272,0.003153327826571673,0.0011423745659312375,0.0018349665096915185,0.0018143356612886404,-1.2276209768118687,0.019796698493657783,0.026513943160923814
1.9360219545492758,-0.007992475607531342,0.002956202716879297,0.6828980171695856,0.0010730662205772623,-0.010930110777903486,0.004126540342010439,-0.00981186261238788,-0.018161482564570675
-2.923107018033599,-0.004145544293624629,0.08470820040855548,-0.17677092867965177,-0.011189009948483881,-1.611866845306606,-0.002709943527984246,-0.016253227084541078,0.5313871465704185
-2.7343375219449264,0.011238109331244805,-0.07499750125939825,0.0014032326813231202,-1.723676830401799,0.007454335484730741,0.7810709422503834,0.06532684722995952,-0.006153689989587763
-0.3720764350676755,2.7878528774811464,0.001863816257497635,0.0124531388810569,-0.005140789542445187,0.009196437710524148,-0.003758273818389647,2.5329071783832124,0.015148459642005285
-0.0013086117355695977,-0.00014224291284720397,0.008994222125550153,-0.003581774133998252,-0.7188343762252826,-1.0111236313692353,0.40674261633794956,-0.00018720274157862796,0.006886930776449803
-0.11396457789027736,0.004073568977620203,0.7591949553048138,0.0019015983051060654,-0.00087332343046126,0.013932730237697977,-0.003406788494435961,0.014259069528823318,2.9169401617784496
0.011660682826708998,-0.00046223409754736315,-0.7148668078655905,0.0010608747490509843,0.005791627191851839,0.8769540773826676,0.0068778034829151714,-0.008481768029350113,-5.417485528701053
2.89327910632137,1.1770413940787874,-0.02016306881108043,0.0007814525470006793,0.014376267686714655,1.5418862526272787,-0.0032707160049730427,-0.005315382262598305,-0.11363714441798067
-1.2664991550933404,-0.0171240223614183,2.2911905972759268,-0.003812701968693835,-0.025863236682319546,0.004942267068840225,-0.0029459293002245396,0.01066768162936077,1.5597137626172888
0.8347084149357773,0.024028087571023427,-0.01819915140591309,-0.002099721869733673,0.008665961749904864,-0.0017724453534591336,0.026203231022906184,-0.008170391689067892,-3.274748460993962
-0.9126912985687641,-0.0004718025047542474,0.021404565687092154,-0.0009255964371031426,-0.003630539561645729,-0.008137528784800317,-0.027944170426762577,0.002887263409215666,0.9445435012994747
0.0012723719721494278,-0.0011697990077636448,-0.00023508095500922023,-0.001353363411194359,0.00190226202173697,-0.0026232083283856842,-0.0004387013702332384,-0.0033982380733305847,-0.0015891243810980738
0.5785738050660943,-0.4393259928732683,-0.0007331184972496352,-0.00653212203710032,0.001113366520002608,-5.3048793738673215e-05,-0.0003347386504971516,-0.14943770409814722,-0.004565626341771982
0.00013835610724139866,0.009498239078109346,-0.004426752515676441,0.8738034431558385,0.06693326283167618,-0.00023433449537544227,-0.012702252227592418,0.0009960141661453713,-0.0038116944833446772
-0.7103499789581004,0.0006200946174791996,-0.0007418751843408199,0.001030065948779552,-0.008725075325782684,1.1917125680670884,-0.0002715711697465935,0.04221930902700457,0.009042341978003007
2.214731887798242,-0.3660806830663609,0.0017333242394488302,-0.00015840766017638638,-0.002882336559084528,-1.151049797253813,-0.0035972536195872894,-0.024672975910506052,0.006554551450511703
-0.0003130029187947407,0.002426109486886133,-0.0050239399066201685,0.004589281239496866,-0.0002262097637224063,0.00030484723513205057,0.009999562066296364,0.0029019819415914143,-0.0030821210065415934
0.7403509285310604,-0.004981876446457036,-0.0022707447816888247,0.0009353514755128088,0.00046441684237042563,-0.004943606133741371,0.0010462347504502723,-0.012501215915986316,-0.01350566242772834
-0.007775492193253341,0.0042771681728059835,0.0016738631695614838,0.5532754836446308,-0.0019928388464271318,0.004387635039979538,0.007763107491762013,0.9071649467576249,0.004615484336394485
-1.8007496437772996,-0.005035312851927529,0.9437048804908623,-0.009639088306956388,-0.00998109553815641,1.2961536975963244,0.0035745715596392155,0.007930608371171544,0.009949485365222221
4.194257174848894e-05,-0.0007807299367942165,0.0011083882880979395,-0.0019744631600064344,-0.0006012240337329161,-0.0007028731533356591,-0.0016611422215231434,-0.0002780435100670789,0.00222484675641621
0.37344103817325924,-0.0024540610108319144,-0.0033987395894346396,-0.0012357183978404316,0.007166431436610074,0.001254024024065061,0.006264735838835187,-0.01177944920367518,-0.03378788713682071
-4.236860690976175,0.0019069330827768036,0.0026700107400384754,-2.7183087020850745,-0.0043568291822142224,-0.0034193459782539057,-0.0004545959989876308,-0.020622573108888993,0.004247395231413931
0.006628219660714703,-0.001494004713469667,0.007244347859305281,-0.0026389371020296643,0.0040111639765126866,-0.05870081132919027,0.0012537245904317225,-5.638712448646176,-0.0059174605963280835
0.07383460006280451,0.00223484779119687,-2.12241204013279,-0.005480419165981271,0.0036981388293964527,-3.017831377848762,0.0003730431126975284,-0.8282084166313418,-0.009135764392092849
-0.001824444903217307,0.016309919124028283,-0.4833990890304043,0.0015851102865324848,-0.0005316816949521908,0.9320907971845408,0.00595468968295422,0.01330058285315584,-0.0023657923664820793
-0.008209832366702228,0.0061746294777886975,-0.013620306117659145,0.004068109204154088,-0.003405874593306894,0.09293560272053716,-0.00028195702780139573,0.5825421964285501,0.003571550144947455
-0.0015502709876216133,0.020278362326041726,-0.0178758012230379,0.01579834174181309,1.3868394116824607,2.740507610495788,0.0069288215804203706,0.018473619620129233,-0.011755259981914512
1.2824946749248836,-0.031911172984954855,0.0035876173267514883,0.00013227050397565708,0.0014875771971979423,-2.756419999680933,-0.0008752194460689457,-0.09227826724413629,0.002107957224816298
0.023620950539335883,-0.004036752311313162,-0.012045274938865012,-0.00030769713974753126,-0.001508981283542139,-0.0064783245578507,0.005105696706727253,-0.011254078812100894,-2.8471428637666345
0.001384831385507261,0.0014653433115558868,-0.02875939577089094,-0.00216894595477643,-0.001425026493578024,-0.0018133885076149878,0.3889191235657204,-0.0019131318027106369,-0.007854013643938522
-0.002548053597099059,-0.00911801898424049,1.9072460845275174,1.3834965170410876,-0.006370613023853348,0.0011181379911594964,-0.005436438513814735,0.001181423715776099,0.00556963115935509
-0.0014727008316425365,0.36033551443163464,-0.006541378152512251,0.008000395065043612,0.20016762130587792,0.03751109195473226,0.7132180036101108,0.018801595701122265,-0.004338270144776706
5.62408153372623,-1.427219061033774,-0.0003747748560141706,-0.003919582034706319,-0.01276237189116114,-0.003819132328990159,-0.41258258882949406,-0.08488523977882734,0.023785022852934157
-0.0029971400400879387,0.003742637666395326,-0.0027663629425747844,-0.0013396360176813477,-1.2098418071440613,0.0022885200004421954,-1.679265909892583,0.0038033418174285415,0.041146474024551516
-0.0004427313546665444,0.0016708427475591457,-1.8511290380734666,1.360634141301825,0.0045079183393008666,0.00346856777452304,0.0012685848678857872,0.004681454516358985,-0.004814074958621267
-0.04830028327058555,0.002923981841116287,2.349951491884768,-0.0022151665670535475,-0.004879592881530425,1.2127548929135263,-1.7540537276173234,0.021620359526336626,0.13583744412301746
-0.05081951805799165,0.0033579496406176915,0.7393417451506729,-0.0025855802521687083,-0.0013129598613376707,1.1972982074377485,-0.002853641704798188,0.012229021393515662,0.032579496385094525
0.004944255101045489,0.00048663009325879136,-0.0012707322380477205,0.0013719879893412945,0.005336658508142513,-0.6398193643208056,1.0718753783271453,-0.01217617196882611,-0.02915062000864066
-0.0002112574927611438,0.0018001636828052763,-2.1066132209184674,0.1663266702453548,0.0031411048111749927,0.0027878723789214604,0.08932860549037824,0.0027835962636749284,-4.483989387973542
-2.8892525154724744,-0.00026301386794455595,1.6176443950119412e-05,-0.0071478432798489505,-0.7612361828874095,0.0028897127173665438,-0.0020297542246133695,-0.0002571384022871104,0.0226101668729507
0.0013237282312369598,0.000942744287932199,-0.32909361013945093,0.022466085720142144,0.007819943912577903,0.0013601610248453197,0.02769430534733758,0.003794563426518993,-1.6504273771440312
0.006556027375807322,-0.03275772381623025,0.10317478405154543,-2.6371592753599704,0.005788013279898815,-2.096932600422774,-0.8158095149293854,-0.3358119864057013,0.0037483458661315278
3.8846388500185207,-0.003581473463815531,0.0007685646872041055,-2.191827528481217,-0.031450703144489806,-0.00920950564401372,0.003977793329724741,-0.042973329372047626,-0.00016848657111490084
-0.6374665410454933,-0.002472257630565554,0.00804353180573136,0.0009622944662109265,-0.011275100315865687,0.0030668331391915534,0.006913473786956224,0.013566695827289874,0.0316197514436103
0.0007387628362933392,-0.0025605806915576907,0.0017917715850007468,-0.0034880409886661077,-0.000750475634149525,-0.010773850846920278,-0.1270454010215277,-7.8457683462737435,0.0027656882611828693
-0.01985510519530126,0.009537627641842124,2.7761658045888526,0.014711849146555607,0.9576582075952529,1.3040856361231217,0.6167882347378526,0.10027460946185447,0.0030026003990512584
-0.0008648511128984636,0.013506002942746433,-0.005987965308379922,0.0428678104650871,0.0030404932022104845,0.005533193184849319,0.006170182521512479,6.124236275853799,-0.011535774225425968
-2.246756877796505,3.2984697431618325e-05,-0.0015754776737428172,-0.005684543171491032,-0.003006244565399399,0.005509992532971366,-0.029698734628408184,0.0012421284774877042,0.06462340942986033
0.005865287087130917,0.0005718520111982926,-0.11477389871575203,0.0011853307429230808,0.059188936850307475,1.1492902658462596,0.9072077100590225,-0.007886993723423844,-0.4048934024743511
-0.0033526199205569235,2.73580589404712,0.003127429281205003,1.475621586560005,1.1743380710620517,0.024553710925328716,0.001698815130792286,0.016723934649438194,-0.0033317863165824475
0.0002489232340770653,0.0006849230028983517,-0.07941620851512479,0.00993901119699396,0.0010233969236201307,0.4729956040262182,0.5538708780058159,0.0075226298266117195,-0.005559433979857314
0.3022875143934156,-0.35299312659413457,0.004297624891401806,-0.0005543168535130823,0.002110612028076681,-0.005974950746389026,0.009633933181988928,-5.6002821153652205,-0.01650026139404734
-0.003696404691286608,0.005017969614026899,9.832649987395574e-05,1.2496125070781066,-0.004243607432368949,0.003472621952049423,0.0011296634496086502,0.018231407542907772,0.005602198328574454
2.4847737729114683,-0.001288327432659428,-1.7346760688302298,0.00404397583933231,-0.0023263045105215326,-0.022559181769980105,0.07207591704783406,-8.631960711930065e-05,-0.02772641754530014
0.00013313025489060121,0.0009666902733127813,-0.0031917470390908685,-0.3955297489106212,-0.8798732515049407,-0.001008033892794951,-0.00600180216146905,-0.0035329040892811206,0.006481625972265488
-0.011182875645418311,0.003303380940071418,3.8434723054659146,-0.8363074399541168,-0.004953211217162894,-0.00272438958688688,-0.016294839643326613,0.008486147510628927,3.7328102566573858
-0.0017630247997842765,0.004059853437711453,-0.017562548391697273,0.012762655458804879,-0.0005419375023870311,0.0023096780437584902,-0.0031673892255416557,0.00801395446150541,0.002093594076304082
0.0013999732582108966,0.955275873263269,-0.0071828333932546454,0.02607164389459191,0.00893137465247823,-0.0020988207245616623,0.0039855107824552805,-0.0004956114374603958,-0.00875778352276311
0.0030883585927009866,-0.0013289677533792985,-0.0013604168962301029,0.0013334982966580061,0.0825190566190928,-0.0014128074342450476,1.1530868389559457,-0.0030978377055143214,-0.051935300409050145
0.7798008798443066,-0.006373284873219492,-0.007923446594135967,1.2525494411899218e-05,-0.011146294858611544,2.447270808736533,0.02273971639469563,-0.024603735841416105,-0.08641371140774312
0.7787893509396819,-0.001109620248229375,-6.366775336433782e-05,-0.0013450687841845706,0.0029060024626646093,-0.006319537521724858,0.3875616374892065,-0.027048105927411557,-0.016294479770692843
-1.3261176389337577,0.01658763640726052,-0.0008055659155847515,0.003173102282338437,0.5616139141404838,0.03797644885828299,0.0036339196729389366,1.2530530436290024,-0.0030669454052796863
0.0005879363517215653,0.004992080859681273,-0.03530671917524189,0.016060727868558094,0.00456263773011456,0.02093911983629569,0.0054386799500754646,3.517853139966608,-0.005999827466054951
0.004734057933119774,-1.039171583836392,2.4082438711691645,-0.015734176260678825,-0.013703151166875267,-0.008354370279854448,1.221728654026301,-0.04634565073688372,-0.006248019908092312
-0.0028096462916775075,0.0009682270344471755,0.005313648180739119,-0.26129182350866587,6.727451445891447e-05,0.0022345418061868565,-0.010357421650255907,0.0033734172018097808,2.5875467412888575
2.3901111805813935,0.002481108223377818,-0.01919869947007226,0.8599798879293878,0.0031884588106235595,0.002089098745760081,0.013634378420494309,0.004980556525561602,-0.10012801935471227
-2.102160551252646,0.015445688985234074,-0.004809763137850101,0.006130797552554943,0.004568967571822277,0.004264906553796315,0.006704347605815512,0.5744359944010513,-0.015951424296820393
0.047401918366099166,-0.0022233021322119596,-0.006434806834557594,-0.00035260916253079637,0.004756131341288258,-0.16977978757074644,0.0035769427035139464,-0.02180487340551187,-0.05278174436230708
-3.4213342552282775,-1.4523162732753274,-0.0023190727852758497,-0.00356730302970526,-0.02294301924141856,0.0006032778383780954,-0.44593567523087474,0.026215608660553058,3.5850413829361827
-0.0012459226586909954,-0.002653627942532565,-0.002254127585097649,-2.888244750083139,-0.01025121603139912,0.002921881481184504,-0.02874079273919483,0.0035283980353933266,0.009154556775990941
0.01371617113746948,-0.003942169760200877,-0.0010909227648472036,-0.0016964161202010454,0.8677111122185757,-0.004574271345542051,2.899158198007212e-06,-0.011190642664178858,-2.761656790595505
-1.2563130544173493,-0.005123199867816244,0.0017396791698957607,0.0022757682662027656,-0.021171542671898982,0.0016777761710668887,-0.01145356597787095,0.008988581825414413,2.9982671080396077
-2.393864559718092,1.4080051415063224,-1.4487177806353546,0.013112132429848135,-0.005879143036009463,-0.001277141766361246,0.5196643587501907,0.02186287421345921,-0.0043822345695391784
-0.00025586370864506824,1.3706725659246297,0.00447612678639367,0.004557512164231682,0.0198520338939667,0.0032056628520751775,0.8819310681693934,0.0027707288329211766,-0.006100374907214447
-0.0015654440893351313,-5.782929135060371e-05,0.0002614382550893558,-0.011729718341320076,-0.006668936579117766,0.00040556082223587413,-0.03868306594472638,0.0008094828539960772,1.2453029543298613
3.89362009719808,0.0008794107773552919,0.0034668163618167824,-0.0030032000386128275,0.0022907503696665624,0.0024460827258158463,-0.002710475995328209,-0.0389416144596811,-0.005030538088022507
0.004732714480773569,-1.4083836383775044,0.04987650119062276,-0.01145309181012151,-0.0016410879069997675,-0.022966171110671754,1.302129741228585,-0.0760455837587884,-0.003255548803333022
-0.010838236296172626,0.004586004811488151,-0.005116165370847508,2.041067038217956,-0.018051689805403573,0.009612111604262575,-0.0019431290291149067,0.24425440015261868,0.019386179949845286
1.4268788680837505,-0.007335543371515792,0.002012619688804583,-2.1148969864499647,0.003544056470035282,0.08428873723544704,0.010391270225068732,-0.009826178595166662,-0.018759657867148977
-0.399702179207912,0.0033707530819703404,0.002136143641601797,0.0033803656837392347,-0.00034586103751112207,0.05172788045076426,-0.00034336095838505233,0.09558297144548444,0.010763897068934734
-0.00451463033218533,0.0015993946593311813,0.04263576836222478,1.4747299895758885,-0.0018772658402842644,0.0016123036899227654,0.0013937539996132786,0.01878517752197574,0.00743392367765538
-0.0011463141387904347,0.008551264902278487,-1.1163547792153028,0.002124371882315358,0.03548553644260527,0.00535519146340605,1.6519146471119939,0.005440395596047832,-0.011475254805453056
0.0024439318804760674,-0.0034863702177450094,0.0023325373159954798,-1.7382958989256732,-0.007874928030256138,-0.637809676235604,1.0675608228604414,-0.02344712680521967,-0.0034993774195865857
-0.0008782810135224139,-0.0017567835685234259,0.07675025877962553,-0.05860015641253648,-0.5433026874790532,-0.003483307624820027,0.00045532100689980675,-0.0033054849554385313,4.720040016239549
-0.00024278097209565544,0.004395224781717097,-1.4268547874374935,0.006035837182583286,0.21333229413712937,0.0014083248848919864,0.03342376395513046,0.005691239553718487,-0.03274021612820194
-3.463306696063391,0.00024111960005761659,0.016480802751786483,-0.34201149464579367,-0.0058759537614235385,-0.051693345655118725,-0.000147089273385817,-0.022905102669963828,0.021232060690267507
-0.9318188272263532,-0.0005126859693543235,0.010038558670030891,-0.6455954425203054,-0.008988996070702679,0.1095110810586784,0.01816561414371841,0.02120012402881332,0.19706838938802274
-1.157899255101282,1.829327603200923,-0.36943813617914806,0.004042057189168569,-0.011517888469892278,-0.0035554504929286557,-0.0006628841570016806,0.0711374985015723,0.00461248659003341
-0.6603201521939237,-0.009446915432627767,0.0020908441002829917,0.0032009820893935115,-1.635372599533592,0.015555913534863491,-0.0026909255767348234,2.5604870092977468,6.017771075481917
1.6526223286813748,0.0026822569015995156,-0.0031868012928776626,-0.0022385830374330364,0.0026399142294344057,-0.006496650447344214,-1.5482187654193817,-0.1033262438631548,-0.01688453286048061
-0.0017449719381636628,-0.009910519834238227,0.633248733111927,-0.014554799938276582,-1.288876327675497,1.4138253718086586,-0.0030134536886027817,-0.0035514233263374316,0.03846361621113126
-0.01013048162428885,-0.0007028413964466436,0.021917787409714954,-0.00013423588980973383,-0.05460755486481675,0.0008134839653931008,-0.00170498883770338,0.004725752341857724,1.1565904490487138
0.006153673567227218,-0.0004139355206396928,-0.0017351386669978335,-0.0010174721965359639,0.001164927503012488,-0.01037030284187824,0.0010059378071325285,-2.3139611707892986,-0.006593701290104247
0.0004548657139550119,0.786225154568624,-0.38059444669984277,1.2074719683800137,0.7434066265676151,0.001016682745021964,0.07031580276900778,0.007427840515100113,-0.004879532817350388
-3.6086903292834784,-0.000639554821774066,-1.2545499792678845,0.6963542823221588,-0.005950765557348518,-0.3585352799927153,-0.004573517026745508,0.011125947916242572,0.015491577037147986
-3.580656334030829,0.00380444626240517,1.1021954595033763,-0.00422794178469571,0.0011849139077262719,0.0012695776602248444,1.6114343806596216,0.0004056661490160207,-0.0006320555356763569
-0.15883754506692127,0.00020414027650135676,0.026153121079284636,0.0027662501730103045,-0.0002481722325273286,2.0696124432078418,-0.01057541237651561,0.5321205536081405,0.015977948929777053
-0.0051551251271644855,-1.135284104768969,0.01058995048719857,0.03171094212287117,-0.0012421460418894012,1.363301822702529,-0.011144526101777429,0.028402338280418785,0.01411523711986009
1.4664385941042255,0.0015510809828565494,-0.0016612990729259133,0.004450028711743728,1.5842745743074977,-0.0731383913499703,0.003299161220744028,-0.024548232679734716,-0.42313209177344824
2.907314269654508,-0.003893492486967939,-0.006061025175867291,0.0008254038023785542,-0.0012374181093813448,0.3521208558125709,0.0008725782268973643,0.00179797011574324,-0.0005990329631313795
0.03322149820975151,0.00034576581187171205,-1.81463949475658,-0.0026257780397483145,0.00652219254454708,-0.006109705593741639,0.01381511863297561,-0.015809793487169557,-3.9668036554128534
-0.0029122889065744525,-0.0010151589386246922,0.03482207646158983,-0.0019096965737373552,0.0004704714147178233,0.44925603382532353,-1.064719954783011,0.0033990866056547923,0.01800658507876776
-3.283615774629066,0.16793115096849212,-0.010360839451140288,-0.00029322469152536683,0.004379794760139888,0.011198678175270553,-0.003754327349699847,0.011479459152514119,-0.0020064272994680388
3.5328272740728432,0.002794718172173953,-0.018685260073569215,0.014172025466187285,-0.0019043275986902197,-0.1494663146010255,0.002025387213916329,-0.007793082366471752,-0.02987741003499811
-1.3650730279009835,0.0012802678591110896,0.0004562662220159164,-1.1194465648850072,-0.04071505342776094,0.8913020782780974,0.006673355602952159,0.011631829309745437,0.012896057537728933
-1.408256185175044,0.0035754607621954985,-0.007717586746600391,-3.405734210188399,-0.32833316619590036,0.010679034578863439,-0.006320898024736815,0.004314359713906094,0.05899755248590355
-0.43571873664807104,0.002736618915883296,0.002122135128640446,-0.0008378620418922503,-0.0025702876784174447,0.1797005758633362,-0.0024424486446263487,0.02440689561566261,0.037192957346095706
7.627699960728249e-05,0.0070735592473817055,0.0005980617639570807,-0.0005240825291252492,1.875998718333738,-0.566388644513594,-0.002997548959108818,-0.0031963246193187685,-0.0025718383962797797
4.387563288338502,0.0032653279099565946,-0.019377965719119067,0.09379206921437055,0.806402906859829,1.0617399529991989,0.30457967855336343,0.08997967783091432,-2.0011100554509866
0.0005079507933327589,-0.005935108905491416,0.027604426581265776,-0.9080668983946985,-0.002628248676429407,-1.3021528835341636,-0.01128380458233361,-0.049334324734053,0.007517122652211182
1.103762013689887,-0.004849369883201257,-0.009934664289382025,0.0015467749676533991,3.2274833782146295e-05,0.0003079105264250934,-1.2224992471592642,-0.017462189863439406,-0.007587581953490866
0.0004951671487169393,0.0007386199514345408,-1.9513628191757926,-0.0006005219243978791,-0.0036563942803621054,-0.0022488513003520415,0.001751916326717067,-0.00158083798549233,-0.007451235227746669
2.0228699672057795,-0.008358937733901155,0.018124483538848372,-1.4314454989148164,-0.002726817220434344,-0.020568285362900257,0.0022442441498139115,-0.03990395693888167,-0.009598857268713012
-2.193845303008077,-0.017729744907321016,0.451905533803437,-1.7497917933053486,-0.027606731106036453,-2.3867782740181704,-0.0042793563599277246,0.0003129917296880447,2.4590894794732208
-0.0023210426309559057,0.0009161839728341389,-6.402947029816863e-05,0.5086597557854347,-0.0029116328704159827,0.0040754112334652325,-0.0006150137644374189,0.014070751397627401,0.003141552653539976
0.001121433225001682,0.0005553087505410984,0.007933668176256351,-0.7462019450866142,0.007999562308602472,-0.06596747286878211,-0.019279709740422174,-0.005157422742899773,-0.001898966994778198
0.01591015931197553,0.002526646739669686,-0.016127975992501233,-0.003449221115050526,0.032496601629239494,-0.00043458354941316307,-0.0008964212621713977,-0.0089110654819033,-1.0000737587574993
0.0018153868909147172,-0.386484885686257,0.0019449582781234775,-0.342226937373897,-0.010055956176717045,-0.014051316867578718,-0.028356695880329397,-0.050489391873108795,0.0027838232220053784
0.0006649641151662142,-0.013457359866694201,0.04789431101762107,-0.8361737899914474,-0.024125818056839228,-0.007180820079568114,-0.02605699651245916,-0.025743485822715708,0.004597901021664846
-1.4865316645374866,-0.001246292217948304,0.001089767988946732,-0.003168069917684308,-0.23228182239184153,0.0013496055115500396,-0.003856566045918294,0.0037916504061278923,0.024340808176242956
-2.9790251617681456,0.004907642799395781,-0.007120694560165987,0.002613223026995062,0.01147181207044895,0.08629935632995267,-0.017293121927085472,0.03923486500799489,-0.0009118109093189108
0.12871253027112778,-0.0011375722553115713,-0.0006167903220768165,-0.003777421994932609,0.0050674153835648965,-0.04052454023824312,-0.003233003298936582,-0.25770795385954026,-2.579876857339783
1.4058759074885374,-0.2998469815919815,-0.0003032731815701163,0.004880785090723252,0.0005076936664715551,-4.281658958517809e-05,-0.0021842845063030983,-0.011154928741752551,-0.008077920877732209
1.3607910326598776,-0.004494391811481725,0.0024074486787954708,-0.0018651453916444913,-0.0011301788577127419,-0.004687643076064705,0.004103690294323028,-0.019442112807307683,-0.0026210865563551233
0.0037573159101505042,0.002390084526330112,-0.011533976305562793,0.0063760801151147364,0.00021879931724879667,-1.063906970389985,0.6462850428673249,-0.00623971938891733,-0.07012839736723903
2.433508529269283,1.4842220633712306,-0.011706892531539614,-0.002866425757886541,0.011158148591250208,0.005241155654315775,0.0010171851477219704,0.0011465506598898455,-0.021431984844030527
0.0015810382401155003,-0.00013122777640217458,1.6508933016765293,-0.002071100120045419,0.002412345771711007,-0.0020510215428205243,0.0051002492435200456,-0.0030289038398323984,-0.005336474502930497
-0.6874502126049391,1.1407717852505606,0.008627147582202139,0.0057535797402464995,-0.0022344366419911853,-0.004518772757228856,0.13388157842521578,0.09504363732237603,0.0032152012395149088
0.01349370327946528,0.008738729610000225,-0.0035700754607306436,-0.012164689161384662,0.003350451649925124,-0.03881371536420274,2.711251888515925,-2.473866842027818,-0.0650957499705922
1.177566796813971,0.007986045404305466,-0.003139852590741364,-0.004956169139708274,0.0064305375186127535,-0.0005439745101378593,0.007491720336705277,-0.009157143385540837,-0.01606145953089222
-0.8230024091998548,0.0008053753042462019,0.014289772883845815,-0.0010259513718592064,-0.0003953043566914602,2.158228868317539,0.0010166649169127216,0.03538776435018292,0.010056731561019522
-0.014763222143750011,-0.0005224313423855386,0.006122706589848673,-0.004388977953253756,-0.21228877681601122,0.9038020496430847,-0.005912509682285377,0.006984482099824834,1.1231385887985037
0.0015167715420420416,-0.29248990053360857,-0.0012418148178435738,-0.0004862845374219134,-0.8857363744322475,-0.0012576898029729377,-0.0010758913058901707,-0.004537871355333896,-0.0006232550761260808
0.02574062836889467,-0.0033721236160432744,-0.0021735729853397203,-0.00478207638815296,0.001660458158731296,-0.14767343231189578,0.0018309862757909241,-0.4988026786689287,-0.010809294715268482
0.0031353168061333397,0.004198555999128771,-0.7870423389123049,-1.112751143737209,0.005018426823496586,-0.0007870324028095952,-1.1204005810707,-0.013915928457732887,-0.00788481625936648
-0.0058672647786125786,0.01994637121785858,-0.009005282598992304,0.0054298793945228045,0.0070040001089424495,0.6251724331549582,-0.3920328896234323,0.04075744683199858,0.006942374047265207
-0.029983029430850183,-0.0013777833815317997,0.024508495906998218,0.005779521931627413,-0.008831758949319191,0.00037093163589429004,-0.8908863407520404,0.00932639172949841,5.38144317912711
-0.801890064635763,0.0010002905162587248,0.005879356393454667,0.011996651881967078,-0.00148462990766381,0.006766165207660303,0.002565324175452275,4.790357120201523,0.0013346120369824854
0.0016018210845615754,0.005124226684217123,-0.005026763278182156,0.0030502961860784917,0.0052170800136542815,-0.004204367134343219,0.008868394946854501,-0.0014423812317958078,-0.935941721931309
0.005795281989429071,-0.0027068678243361,-0.0027258717920166983,-0.0001838683094133387,-0.00025933771808985115,-0.2798263470222339,-0.004021532365695963,-1.278148931996016,-0.003365686837629816
0.019596525489680744,-0.012861249016909156,-0.002238756948973436,-0.003238251470826169,0.0005028718504184162,-0.007015307435963209,0.006934325109947942,-0.04080421857647604,-0.01626302094742517
-0.0036228647450809548,0.0014510479416621168,-0.0019586791913512626,0.14701386496054789,-0.000814875626445181,1.5818842971737053,0.0014976881033770223,0.0380041786136118,-0.0004972379998573334
-2.9068466714346464,0.0011477015199372609,-0.03972403903821273,-0.0002522947592924693,-1.3943217609243366,0.011303412061386561,-0.0023186058163008052,0.031105448350975173,0.06278388121696477
0.0014429727444706577,-0.0011187339755097576,0.00020055060867739047,0.16833639186036628,0.22782882068508692,0.8089302767539921,0.006353297308892336,0.0024275145824547077,-0.014360364139624387
-0.000442017572306987,0.005973179088339046,-0.02950427786617875,0.8508169567874114,0.004216155002660941,0.006705604233521416,0.008733971626009194,0.007988773734409637,-0.0033514383465079027
-2.1987618607280996,-0.00184267250656589,0.5190401209460105,-0.04285895824149244,-0.027782723835932367,-1.2867373775547835,-0.045603787385381594,-0.021698051723435197,2.0658469840564226
-4.461982174850999,0.0009196464593252129,1.6931321042085106,0.004865356908482631,0.005136760354577205,-0.004257155725855798,0.003618494830990384,0.07090031071314584,0.0006819619470161964
-0.02428922190023805,0.0024915960211705206,0.012269740745321677,0.000181602625635921,0.0009743427377663424,0.7538074270468469,-0.3915631413262417,0.016674980502778842,2.8034699222023987
-1.46485376663595,0.000248966155112898,-0.003483206080367965,1.6008534526970861,-0.9465029221656707,1.103642785464201,-0.0020486087260323995,0.02823189800239686,0.009580472665383089
4.639717888982991,-0.00913409027709508,0.00045204061493582526,0.001952744094708067,-0.017434198542333218,0.0032935753504267015,3.629488881735954,-0.043570348293726746,-0.09439013891427006
-0.0030675785905066983,0.00750129465100395,-0.0011182539482651205,1.6683875070445304,0.02894295609714019,0.021550093305408212,0.0016444125338641383,1.5482321220281128,0.0006229258310452152
0.005413259364495506,-0.0070083409596551184,0.1025232986493387,-0.004035652569340475,0.0014235783225671414,-0.45078475110902577,0.0020602629735186496,-0.046876590011982355,-0.005108078997547127
0.004310392170813757,-0.002899441866570331,0.01125972510029661,-0.6910894990189059,0.053946663266499814,-0.002400504575167397,-0.00025405341566530574,-0.015038636990238082,-0.006675805750016523
0.06707895711172371,-0.002617401956036773,-0.003695785653013292,-0.0013059732558546645,0.0228550612473125,-0.0026958337797816125,-0.003268667421286753,-0.009842948712870433,-2.240846003450618
0.0036824125509542878,-0.0056938789316778975,-0.002894535188642645,-0.0063018589727846,-0.0028207193994570137,-1.9106165761861578,-0.013223377921474683,-0.01922686175705159,0.007611630041915771
2.2757502638942233,0.0013293238538400476,-0.005575641872431536,0.00851264855045021,-0.0003697859105809319,-0.3421601838342896,0.2515418578323494,-0.0013369827286253133,-1.7572997161994017
-0.8641050581167193,-0.00018180265568936566,0.0015179226780211085,-0.0021594390014166506,-0.006216066593942804,0.12483152630516797,-0.004898278137454311,0.015403988545129893,2.3156165905977737
-0.006405067444022881,0.003019198960253414,0.006771788294492287,-1.5924431354047848,-0.00991264020015007,0.001871474475606566,-0.007770435142065931,0.011924066658809556,0.03193123100991803
0.009741084588925954,-1.8883384031457466,1.4560782488518769,0.0008844776654779755,0.015787353842555675,0.003452566418661966,0.3085327561013047,-0.0037745049705167587,-2.3711941938993886
-0.4664588121710616,0.003792442975178914,-0.00026230068673351557,0.006037279501034492,-0.0039030581394925035,0.007774757979732192,0.059735197886744376,0.33729917758723715,0.0022405489183344868
-1.9859954726671836,0.004345389785620126,-0.0037286323889008134,-0.00015544973458505272,-0.0003567128361810709,0.00012114692213730308,-0.3847089513278166,0.006046816814483248,0.017082034102609334
0.21336864719881446,-0.04178092502718382,-0.006643464491143952,-0.8723927281261312,-0.002409137194329429,-0.013210398965733804,0.0058915046909081776,-0.06703548459208415,-0.002421034617779599
1.22280669211002,-0.005653773079090228,0.009812253891881683,-0.005840371537520594,-0.0007665701138403599,3.2467244218808595,0.006422041176684301,-0.03477999898718102,-0.010211476384206053
0.11080114713619937,-0.00014022702145920912,0.0011098572841683474,0.004080241667797829,0.12212744420561017,-0.005807014421095769,0.009793993771020512,-2.16038413850149,-7.990219610116583
-0.010788290472534478,0.02108803136395555,0.004219529829123183,1.1963760867505442,0.0018250563170235821,0.0006485370581733111,0.012047008652950414,1.7612416819913521,0.001855124858554203
1.689922130634659,-0.014049991988155625,0.009574520983458443,-0.4723270984065783,-0.00034649796107767694,-1.0406081717859041,-0.0023461022370586185,-0.04371123842201832,0.011339192324722303
0.0012350748295806438,-0.0010674722115254945,-0.0010108948951023404,-0.0146586740455221,-0.0056624835697093555,-0.7972060314060921,-0.7425944453335588,-0.03374421286070499,0.0037104643747450806
1.6504471961048355,0.0006262179126547279,-0.002204955936034512,-3.809582941083223,1.6940720940288834,-0.0016345511234318504,0.005923685586263218,-0.014003245348049226,-0.03915702649528929
0.015418919839729262,-0.15272228233495497,0.0012578286271062345,0.001689907077604239,-0.0009892596245060113,-0.003959378277069492,0.002600795535310214,-0.017766590042072247,-5.469490662975874
0.009984469396741972,-0.01836510731740715,-0.001334736234912945,-1.234667867350393,-0.00042662014183909164,-0.8120736874402016,-1.6621506529574464,-0.061340027680239634,-0.002198311277713687
0.0015658128040440845,1.7384857937043314,-0.4518909628784775,0.013707882251560437,0.9757067544656489,0.9402553394038109,0.005934328889926005,0.02004390253661926,-0.014195491936560835
0.015474529201910307,-0.0013205372981900487,-0.001659449067162531,-0.009431149284151334,0.004674241947331478,-1.5300167801021984,-0.0016128536774276878,-2.2470736648584304,-0.005258802527420184
-0.001628566869859375,0.1526198656127252,-0.024763776041327967,0.032216180065334395,0.0027997634775676437,0.002837332426379668,0.002639573708591461,0.016694204683585748,-0.0021920210417518864
0.0027615794586005006,-0.006211330324788293,0.004955072758123916,-0.07474703405983964,-0.0009388960354314128,-0.0027916671808053935,-0.007277425975409452,-2.4353962690115756,0.0030475737939836024
0.00017266686953840957,-0.006617239642178745,0.08674563771700217,-0.5917793235670632,-0.00725288002228668,-0.021013786742679577,-0.008230706739885924,-2.398409679832456,0.007715949943862453
-0.0013410337831851389,0.0033831946526837226,-0.0029706885650062458,2.968776012179173,-0.0009511186198076123,0.0023254640977876952,-0.0019336807620468771,0.008037744667566522,0.002109146369620903
1.3715087731106332,0.003632188814948461,-0.009576965990195821,2.861416308097729,0.018494802289117956,8.388682001280899e-05,0.0013137062372157657,-0.005787273090956295,-0.5902590767285023
0.0018588075622485043,-0.004542237088360177,1.8507526754034404e-05,0.005459484723469163,0.001363605343977794,-0.003296163984551666,0.15937018639650052,-0.0028868814840478803,-0.007300104153979671
3.3896429540256143,-0.017626465162193735,0.00929768145718704,3.833197961147285,0.004832199375609969,0.0012159167799128618,-0.003448374306755292,-0.002436555433232913,0.0008386341195962821
1.4123774009889543,0.0033319901712920846,-0.0009291374319743556,-0.001519103223934469,1.575997037749957,-0.010650745313512226,0.070172057255717,-0.016039710484472253,-0.23753834105144467
2.6121349253022723,0.004926188628478963,-0.006816391929950788,-0.3202497208631248,-0.003476044266811723,-1.7271345930967352,0.0056335285971665025,-6.56959621352627,-0.056447667722013595
-0.0006951650091061112,-0.28138507504494126,0.016480644713939206,0.007089259321426866,-0.0048469042245320336,-0.00030285339568492765,-0.009466082588490576,-0.0008924444931979571,0.003699129795042496
-0.8643001317213631,2.2221113682585565,0.005334272193169844,-0.002596634561552033,-0.002940623000600404,0.01399132276500013,-0.012778130582998846,0.006665854743238781,0.03350882738312072
-0.003287926144987784,0.03327737398141879,-0.004213259796459595,0.05027025732004206,0.008223994462529584,0.02209129458788387,1.1570265696843307,1.8191105510659848,-0.007205274512681184
-0.07807837548954984,0.003061842884495188,0.0008588138939816264,0.0014620865438608685,-0.006178030784376562,0.007947731863896412,-0.005244864202202987,0.01779611148520659,1.2087254324847483
0.009233538270860979,1.3854507166119887,-0.8427658896622378,0.00011879646096498928,0.013286697327137012,-1.0280111843681055,0.2674076546046965,-0.0020564769965288783,-0.030887422054380803
-0.0032461457847947866,0.9250666438625846,-0.004600238206853442,0.007873039481809478,0.0016775562625673751,1.3546299586251143,0.0011033435970156321,0.10061272421880332,-0.00041912065932617204
-0.0026817259954704763,0.05344354856896413,-0.023350675007097928,0.024118683423414177,1.3301800603539113,0.007255952181077545,0.011883228706748005,0.011919426152920866,-0.01709471421979289
-0.0001944255074145338,-0.006048902718813812,0.0012888387881738426,-0.010482324845227441,-0.37374503640673695,-3.977672907138055,-0.15841375824643872,-0.022063339992342883,0.21067779653662777
-0.0006482852699447271,0.0020595600364898686,0.004995763298284817,-0.005339104419721571,-0.0013494678288908674,-0.0008964765293733796,-0.02875856047915932,-0.002713817462187958,0.005274456809930499
-0.8842378487167826,0.005134256427241826,-5.558860674372522e-05,3.1625737743012827,-0.0016713922056457997,0.005295134688965186,-0.003320275174686138,0.048877885076664906,0.011643739295227634
0.4542839249708467,-0.0027670845357031207,-0.004053606252652329,-0.0020188363675334537,0.0011770993904298664,-0.4302209500705429,-0.012278704314403466,-0.06610026427943555,-0.005720776136004718
-2.018838342938036,-0.0005498669752870755,0.0026569143244312837,0.014455381250111305,-0.00252409277699972,0.0023326167514062805,0.011849305816486778,3.9254373413588772,0.001118400688018606
0.027310801506488794,-0.0008526541226885538,-0.0013021997053398737,-0.017086695531782558,0.0020503295453955404,-0.4012694316966029,0.005164435671792296,-2.4160403328671385,-0.008154897285478108
-0.01440300946591351,0.0072732358569296985,-0.006968577427395329,0.0019323908988230385,-0.8601761139256704,0.0037870295079896373,-0.028116190646611035,0.01140125838695015,3.105926671022031
2.105181008900941,-0.011638214362967851,0.353707420205682,-0.0568946455351067,-0.004153481697730672,-0.15929990037718245,1.2887106248117395,-0.1185975621456179,0.01222430388679785
0.8153581726113192,0.035609667952987895,-0.01780653387593595,-0.7249945446646991,0.0011775825346684449,-0.018950025183238232,0.009093179465540547,-0.2791338794873498,-0.04295610475088307
0.8988718574454002,-0.011311475830323596,-2.103576550346885,0.0014508350990128996,-0.0002772207249768753,-0.004351431784939443,-0.006961302611390144,-0.020367940646860497,-0.008500148104727767
-1.0882706927495547,0.0014321896442466668,0.025014691079990777,-0.0009134757199623436,-0.0011243979182190677,-0.00347825154737548,0.0018281238767535006,0.006387869108119344,2.1013737122572955
0.001883006631230893,-0.389817239496689,0.0019046045881091222,0.0007378048416057459,0.0036835800074794334,-0.0007496219214119641,-1.2990991444236115,-0.00525655488925828,-0.002933602769781784
-2.597367866879949,0.0002949689090757622,-0.00502831368196701,0.04091141044186425,-0.5955050346384203,-0.006008748659115531,0.0022908529444103844,0.013282752456540384,-0.0020377642775143423
1.988543205391983,-0.0011288089412781754,-0.0017645173662040672,-0.006270495334732368,-0.001028014851899673,0.0024914861604890433,2.106404575296665,-0.018549544738629353,-0.010434161870016223
-0.05425259757343371,0.05252304539157886,-0.00037585389778987824,0.0033290742065391656,0.531059969452361,0.033265825852553256,-0.0022995059591917983,2.068746180343455,0.005084909211195449
9.85925559162911e-05,-0.0011491861412279555,0.0032197837088086875,-0.7110243247053214,-0.013842071057120509,-0.0051098228741965745,-0.008479940636519804,-0.008381553268820355,0.004201856424258634
3.1077306544251564,0.0010955230481993032,-0.005882410026536063,-0.0007674966605664447,-0.00017334339735847887,-0.015000261039106575,-2.5248343990315005,-0.016811459015875774,0.0019237937334238842
0.020964663537018285,0.007205781883802371,-0.011978272525749022,-3.3921286352831026,0.007882347712808317,-0.5334885608538418,0.007195214234854211,-0.0652642384312785,-0.1967737998368385
-3.5988801499253182,0.006576595899501214,-0.004970101610934322,0.06622784893055297,0.0022736588676711203,-0.0031868706679719786,0.01402265154827323,0.061057651070771046,-0.01971115915776106
-0.05267045404102222,0.006808771388755506,0.0016447305557294335,0.001544924755309992,-0.002792975336608735,0.0003881927966000436,-0.03761349842434168,0.008923524968067215,2.4697039019932356
0.0021792436793015386,-0.013863096677673168,0.3344481195813904,-0.5889870599685847,-0.002228387623521513,-0.009662593381959978,-0.0038213239036628977,-3.024819256351077,0.002892473720088398
-0.0016757692615077327,0.0006033702008797505,0.0057671295650442685,-0.004851620638992976,-1.5648019273627805,-0.02085502615592645,-0.03517388655618481,-0.0021431675344061873,2.0310875719581247
0.00958941419880228,-0.00424424756678669,-0.0023353897493906184,-0.8829569215995717,0.0012068353576590693,-1.2795698192570744,0.005168859498882988,-0.02040575290269529,-0.0017549460961260935
-0.0022507453107012093,0.7466784372361069,-0.002614542846380112,0.2217255566258639,-8.055049121146428e-05,0.0026694240112562695,0.14964750000981925,0.030985428393320052,-0.00304347946238279
1.2960965940303462,-0.000324757861940762,-0.008433957449089416,0.012805485308288962,0.012705212750545971,0.015450312044888344,0.018909991096062242,0.005941201620754129,-0.8288102805757385
2.1933821068621198,0.4876330896291839,-0.010116714052235201,-1.9910766948434282,0.030049488208580874,-0.39584215950488894,-0.3975896502105102,-0.009848027888838887,-0.0034720540295027913
-0.01587312961373343,0.000711002325610004,0.001535822905725329,-0.004543304371556263,-0.005770513009939537,0.06000893668254043,-0.0037386596226993353,2.7736426625841464,0.02131009407870814
0.011290920307672675,-0.012571344268098044,-0.002584834952235301,-1.0690728498889261,0.0024095008956282376,-0.006044618069619438,0.003659409963241836,-0.08191672428949326,-0.007693173990533488
3.121682378692036,-0.0034525626964741346,0.013144677312176486,-0.002620662397843851,0.0010540783256393627,0.00048047858800033885,1.8744335009495037,-0.023796280963040012,-0.006931124922025522
0.05901921467740552,-0.003713673216251848,-0.0036484059247757277,-0.007372026342308101,0.003922030575133532,-0.008283384111906473,0.0007088077589402047,-0.08801875908506795,-0.0104964760169521
-0.0017792488558782383,0.00013300079512392707,0.6604957073073806,-0.0002837297593968617,-0.004933533497520757,-0.8487978278355398,-0.002581511122500179,0.0002868160694431156,0.004202677889058967
-2.738151193959289,0.004270907609691149,-0.004946871826898486,2.0247550119317044,0.01043212029850675,0.0467264825449549,-0.008668166689350606,0.07954589674906429,0.001546150124152157
0.0015606114767537085,-0.9773418954041796,0.5803166708478388,-0.007927991310958872,-0.01297466568067918,-0.014805507704023474,-0.004610772683488231,-0.8650792770631666,0.0019165054614308247
-0.002129434358473771,1.2467636766581438,0.0006579413118089419,0.17164652877749298,2.836348837445364,0.002394265567784895,0.4197163178834734,0.009464437142798092,-0.013008799215219219
-0.04260694287706959,0.0032326987900306286,-0.005720936789048174,0.024633613166198047,-1.1184415284660938,-0.0024724799163334467,0.004302288621222605,1.7221672514057713,0.004015990827748117
0.0013540326364832826,-0.008370028142844474,1.6706915574581278,-0.0031467847230532003,-0.004006104449382194,-0.0019446879911246104,-1.0440720041887264,-0.005069429114654382,0.010132605492612357
0.022305088868559142,-2.680594354605284,-0.012612854159754328,-2.517697596654088,-0.0038317254555104985,-0.0014089983113101908,0.01102659793253985,-0.13681924803793077,-0.02471346022953634
0.003845450046406674,-0.008702202664466325,1.292471747095453,-0.09553874961338128,0.0009175362653187984,-0.01150632529908872,-0.002686849912688558,-1.7689585821747809,-0.0006797256863497973
-0.00021391057877347315,0.002094810418340791,-0.33050987088762385,0.0028302542895031176,-1.4918074373196019e-05,0.7319835364654266,-0.0016061386682993631,0.0036365890418743937,-0.0033701061494726594
0.0012010838637096372,-0.4550150228199338,1.00312967450099,-0.01956474642581854,-0.0062867630451214455,9.48093389520066e-05,-0.003456540037524848,-0.0016829797766849952,7.644498430477233
-0.004253701982404504,-0.030991567765908588,0.01474226333598994,-1.2603146334079403,-0.6074847742015966,0.08189895903347494,-0.009193476257065337,0.004896125444075486,0.1867550253897598
2.222149434652805,-1.0668489773874898,0.00038677155833503896,-0.0016189723121814784,-0.013424815062325235,-1.0532767292000844,1.0417210814786464,-0.01595214245299767,-0.0022760591779096284
1.2599489938637514,0.022764647734880794,-3.5162141641516884,-0.003022200673661754,0.004813332432464769,-0.0026972561423366202,0.39463727221358746,-0.01720686547860084,-0.1891297382152417
-0.005729182891771627,0.030976509234800952,-0.009303719474387673,-0.005271810903003606,-0.009135774833976014,0.003869882784369284,0.006116927341011146,0.008378987248063286,0.740993554358809
-0.0038677455815738226,0.7947843476195888,-2.1489216494354895,0.027850051227723063,0.0001783996197274114,0.015460477762048891,0.7806117595163092,3.5351334995912893,-0.00258472630415142
-0.006711091599122634,-0.0007330468581037762,0.003589191192409279,-0.005708762837749716,-0.018709421365526106,0.8455136027269519,-0.025952949507145898,0.0005802917436494024,0.02772572548893984
0.0013115106396493124,0.9656786353892673,-0.0026656836032557395,0.006250554621689346,0.0964016473729284,-0.002140664869243305,0.005157254632936641,-0.00025198564738473646,-0.006287852516461445
-1.4747423022658335,0.021102050176976424,-0.05804648196811002,0.010417216161585783,0.00263604437165141,0.0038690259415903976,0.0036641409130089703,0.13982994565927354,-0.0017854032274891574
1.5152497060950691,-0.012110107819487868,1.384061287215121,-0.0010636658353330025,1.459102299783739,-0.003225278555568093,0.004843256968056137,-0.010863063740783704,-0.010627516969465012
-0.0004451670000991631,0.005501174022810789,0.009232726571650376,4.870922662485785e-05,0.0016867090577744046,-0.01087449039095038,0.8623306644798547,0.00012118823759842774,-0.0018543182036586878
1.2114573844465841,0.000197810485145819,-0.017707030656017787,0.001145797905824343,0.003646194971076459,0.003161269559137859,0.01965665798398053,0.0018250281810269775,-2.6728066632287053
0.01933083662589627,-0.006306777151777083,-2.204687723217636,-0.002628523902474837,-0.004336156548282698,-0.006885686768431463,0.0028424288001613536,-0.02103236499395708,-1.9211407178806148
-0.0011535568930204707,0.6434383956312592,-0.003810200530781659,4.8636699247322696e-05,0.0012107464255699447,0.003012779287859946,0.005695011785047577,0.009448188455221275,0.0003098964912853514
0.0020247491436335427,-0.02422073408578217,0.011839003555508884,-0.844934437288337,-0.004481447303796267,-0.01886168330224645,-0.006651741206978623,-0.03756125654997156,0.00011613120524223272
2.1364495674696307,-1.1537426236571173,-0.000877047729047023,1.648590463815437,3.922151885955849e-05,-1.6425175347802592,-0.0006071848256393245,-0.02502109640277649,-0.006633204174216201
-2.9304719507410306,0.6655979700533807,0.002097254338886731,0.01626522429848072,0.028515654756977843,-0.003584948947009947,0.004534300847282704,0.041224943878883875,-0.02961770894519833
-0.003427000163281747,-0.001987448216913757,0.013143812346566875,-0.001164018047733884,-0.009609333469847893,0.00011495273677588746,-0.0019234975465989878,0.0024790473911664446,1.5017697500167566
7.222323429540486e-05,-0.46001230938489845,0.013940470441004169,0.00032833917662630167,-0.6302848428443105,-1.1361172663254815,0.004701801335836535,-0.006705273898119641,0.0035615734571946556
-0.006531787567476976,0.10245234853535976,-0.0012547888317976058,0.01591131628018906,2.017075214784037,0.11592849876765773,0.01432687295302612,1.7379521531444615,-0.003006231264653006
-3.3580297591460178,-0.0002601736094484698,-0.26533137216151315,0.9779592767861089,-0.4796147174649674,-0.004226825682605524,-0.0017177813114816892,0.011180296355505825,0.004308676720885862
1.7532924192644022,-0.0005030675502150283,-0.0003957823551645548,-0.0029836684432152007,-0.0005745674631335192,-0.4184420195110604,-0.0036190848843256213,-1.0389533811538874,-0.004489755290347647
1.9981154896813271,-0.0631054736001132,0.026689376443806756,-0.00452286909386761,-0.0027022519894303147,-0.09511561711571218,-0.00473189577349767,-0.05644110551584529,0.008866362109673925
-0.364894438102999,0.0035581843766063076,0.002339006206609992,1.3306897790018266,-0.004444364034844387,0.006332800991575157,-0.004307799771022499,0.12175586777471209,0.019648759683847015
-0.015460835759341807,0.004929586200408641,-0.004019562074109768,0.006822863250945626,-0.003486710296490744,2.2205703403785337,-1.0945900246869775,0.05923117503112084,0.00808799732048296
-0.00019768351284420345,0.0006146056605127986,-0.005442741543492507,0.012544925175336778,0.8022008382740106,0.0017171696405842785,-0.0018387054111171732,0.004017047433631418,-0.0065925480881928455
-0.009416297821028305,1.1770617967972172,0.0037500436755698147,0.06438337881099376,0.5084575813621168,0.0012314812541158156,-0.0025497478944062797,0.4373291313358129,0.0010118332710850487
-0.004620644358906002,-0.0009563039514162074,0.001338109056219556,-0.0006663313336733451,-0.0151426112401681,0.17838429342805484,-0.0006494016724008381,0.006472876985047164,3.62076395527147
-0.0020068977709083915,-0.0016581995075099591,0.003508959565595405,-0.002142973348303551,-0.007288996717689577,0.0007066604731770206,-0.010351338425168926,0.0011809226442316169,1.593739757715234
-0.047354276592304484,0.0006275423668758214,0.06469746794381606,-3.219136422742427,-0.4574420646927848,0.0009069546940903561,-0.004950473524575012,0.01138834627808414,0.8149597561609274
-2.1793487962942106,-2.074032141456181,0.003218411766844842,0.004793600752044712,-0.004730284498431492,0.4874556360816201,0.0008962625115997644,0.012626596060730529,0.0004196999357002351
0.00010537677919041089,-0.004198457511057239,-1.6995167633448613,0.004224302061327571,-0.9512499504188847,0.0015155972785344364,1.5918128317925173,0.001404542613098845,-0.010566786028733371
-0.016044221748988362,0.026042957151475917,0.0035853791933162424,0.0045894788496378715,2.2918030112247965,0.03737385360478014,-0.001770134645477787,0.03743551241511324,0.02703650695322886
0.0008019103049977105,0.01973642217844748,-0.042632033850574014,0.5111913306226865,0.06093773599658124,-0.0013230619614623736,1.0903855732621226,0.0035538030864817032,-0.03208080797113416
0.779051352851636,-0.004797540341233277,0.00308660832678191,-0.004289900279028532,1.793356534658366,-0.01081719876828378,-0.0007281403749590808,-0.045819886975454055,-0.017718803497569935
0.0034271149558014885,0.02530709765456074,-0.028996640151226123,7.819738099260932e-05,0.049714375822565035,0.00010838142068309367,0.006770524519805105,-0.0003622283101262641,-4.398893127117143
0.16553144645493834,-0.00438359117365994,-0.002130331798383644,-0.011791026118397371,2.0933733875985188,-0.00644172300501402,0.5537160967257767,-0.0597195811933361,-0.1691766335828757
-0.011552249747096115,-0.014886055689835836,1.138289712034223,-0.001379592416596142,-0.00542215939616268,1.0857308328586568,-0.006827641605463402,0.011150869225730766,0.25111490472635034
-0.0029760184789405448,0.013453002400101263,0.004588966376705656,-2.489392942268029,-0.0066659561358845855,-0.00403298583955448,-0.0054377833862380605,0.004272578144097502,0.00793658073522758
-0.0017407289516662237,0.00805690662265828,-0.0012128234659587248,0.006241135726765793,0.005250230187172904,1.9556332689372071,0.0022458838647574763,0.012003328977319719,-0.006493697170112833
-0.010261284089611475,0.003539637364377363,-0.0014147651247868806,0.005310279730382315,-0.0024994671135404913,0.010305135941961599,0.598398665939254,6.742272334861074,0.0034603062763184506
0.0017972515297996327,0.047745623589020784,-0.005391356176834694,0.0026099302247032993,0.029421052554357563,1.4701366945495713,0.16868913886261194,0.0007542430396191807,-0.04520885289693881
-0.004704608520580663,0.6861615539535014,-0.0030313842823053282,-0.0035766962348498742,0.00031381408468041973,1.7174982799882303,-0.013656564355765363,0.019298506523473306,0.012211597535370822
0.005538878637061914,-0.0013286764588990915,-0.020360720777049236,0.0035425949507125005,0.001631150679273776,-0.001473006222324283,0.00025067869135820674,-0.0037786124659785203,-4.486345202542313
0.0020476551648195896,-0.022588123850900303,0.006299942557411481,-0.15926775824810652,-0.0017125686817805897,-0.002326559773315198,-0.007344484295035957,-0.015296500211938343,7.427835480143378e-05
-0.008387375533458998,0.01746365319911628,0.004695012573316261,0.0016998593825382996,0.004531274783198473,0.009943957110593723,0.05809832892312945,4.285244293500734,-0.004394046491165496
0.019917279355498058,0.6282042533555663,-0.08057483325258685,1.822829479241345,1.775043225145097,-0.5120798115377985,0.0019888462657238377,-0.03849915166964449,-0.2283767892821873
-0.002455238276935493,-0.6060249519128705,0.019396302168507188,-1.3277802838012418,-0.07381872635249444,-1.397961640150063,-0.009813050131318342,-0.02365109711886682,0.04084355324943176
0.007380625287798321,-0.0016018857926254904,-0.008212048109182551,1.5409578567350621,0.0041214839174157514,-0.18408718885200692,0.0117207166042484,-0.01502225759838408,-0.05895924905415693
2.212586766580495,-0.0037558563040011373,0.003010862905214181,-0.0015582940190808111,-0.0004317797094568719,-0.0065648336171408705,-1.0078905282918296,-0.08831418083785693,-0.003429358871058663
-1.2049202632489209,-0.002210751609044853,0.006490662890550813,-0.014022532773095314,-1.1577206280281418,0.006210576005228919,0.06933427045205492,0.10909527606881897,1.8823133521848767
-2.2694294689703587,0.005667091242602425,-0.008528271981505534,0.0053083911416592884,0.0007514794861437184,0.010863252798270846,1.4966514827767488,0.46966286096718535,-0.0015975765429478705
0.0010217157215466378,-0.004027411183794478,8.157929078648606e-05,-0.009301951591802256,-2.3702392399594205,0.0003726724779068921,-0.3234091403941717,-0.003661628329917184,0.048948777520725684
2.041494185421337,-0.006538028856492901,0.002427743010489588,-0.023112057948948602,-0.00339306830993601,-0.0015946502944048475,-0.015736427309165288,-0.24697961425337378,0.014063817513347066
0.00405301695248258,-0.07534648135769081,0.0031071530519110177,-1.4205451341640574,-0.000947726553128885,-0.0036981238882397675,-0.9105955104043995,-0.08451154859376171,-0.0017795774653146246
-0.9789951208112025,-0.0005490245099800846,0.8211471385842011,0.001175108879750737,-0.002549263990264828,0.019963213212751817,-0.0018052246914434435,0.009159726574123513,0.0034262943964321613
-0.031185815270303785,-1.1095238300920895,0.060448322408710106,-1.096056738494684,-1.1031032688538644,0.00976746797883065,-0.0030586605957151486,0.015875907043179344,2.2960706559291824
-2.060719676677218,0.017919028078280504,-0.005127969329868254,0.0011461082951897048,0.0059632601730041646,0.47795144088384056,-0.0005336336390577776,4.393142717795931,0.0005517778220315295
-1.4643344442571988,0.0014745922583693908,-0.0024336330507751074,0.001681337720744944,-0.0017712365758591631,0.01076490410669657,-0.0031170205267535677,0.009481548844609763,0.00452786968048316
0.00736598867612713,0.0032970593330942585,-0.004770152732233637,0.002429791848451289,2.3461298681496294,-0.7677076308840871,0.008956582673540015,-0.021376054573562446,-0.15162471190823168
-0.006315356666979774,0.09912590795400247,-0.0008725954094325195,0.010218969515983674,0.0018396137106887053,0.7680432872058657,0.02150128647868626,0.05979459175692873,-0.0038762223282665445
-2.479615566393332,-0.6645794889161423,0.024561880714131026,0.00014765187737763403,-0.01298490711332359,-0.0057735913679189,0.0028849237882203546,0.0020011341814135646,0.01768718003327363
0.0036765985804750427,0.001306343324723846,-0.004484698184791939,-0.0003090003610589703,0.0037191884733240826,-0.002848087109522862,0.9083403624272137,-0.005415005068551942,-2.409103838975246
1.8487124497893168,-0.000611994137074557,-0.01219542270801726,0.00046599397854191335,0.0009913062796643272,0.025179421950663493,0.003890718454737572,0.002662726600062457,-0.010126282572355982
0.01422933989330813,-0.00605332134380528,-0.0025704534935205104,0.0018902053125845258,0.0012807124041165068,-0.0030648508988620204,-0.002247645294700414,-0.015570159549912505,-4.614853374147383
-4.51815178485157,0.04754335185872566,-1.3250212104403047,0.7593167996706018,0.006470971023941188,0.009937161459634837,0.013872363785823346,2.200261518210189,-0.02505375060015047
0.004417791513788381,-0.19367649610346055,-0.0003282102571714055,-0.007306463386137411,-0.9750097654059924,-0.006442661903023691,-0.004524219029452011,-0.7949296335720535,0.0014356835710622844
3.709830288942155,-0.3431530487830037,0.020046454794651558,-0.12045631313005307,-0.004272825702865496,-0.43357469246829733,-0.03989481147127358,-0.29690019571265436,0.09312053609204529
0.0019617053652663157,-0.0024139219656163116,-0.002504514173639868,-0.32405675900627956,-0.002502934808796479,-0.003223978240851552,-0.0005078459447250996,-0.01076752236562815,-0.0017295361408048754
0.0017468828365666735,-0.02432206109715493,0.8573897797928077,-1.3331654009018328,-0.00758215155985735,-0.01867514691450297,-0.011432988672970362,-0.012338885818227625,0.0023147134854862236
-0.015918189201065525,2.4078314308168878,-0.016357359721447542,-0.0019909088378218896,-0.9901603897701983,-0.0016338154424458736,-0.017296114524562943,0.0044213046463751175,0.1087824373592452
-3.1369818960738094,0.0037514276089166514,-0.012547191357889384,-0.00018308863680638896,-0.005388262843715651,0.006327911315300267,0.0046013158829217166,0.00473660029225152,-0.00015607107329435044
0.008321668753714838,-0.004120825595811863,-0.009872802749028294,0.0275727728487489,0.008599141066864453,-2.029151771898115,2.8458613119891694,0.007885134678070144,-0.0266461388140945
0.0008326046881310499,-0.0138106955070769,0.0008369105428370885,-0.0063720976307303995,-0.15870647564284032,-0.0010611781577338027,-0.02700874701559893,-0.006252636205429754,0.004458664105041648
0.02643071435108772,-0.010226599274988535,-0.004583158720150113,-0.893032788717173,0.0009720142917899206,-0.0053553815107110795,0.022810254501893334,-0.11464899160729548,-0.016102390249722248
-2.6381968698251317,0.007639040810092478,0.004797653779849496,-0.0007972646771848392,0.003470623530673733,-0.0019474692087289506,0.015026085670588302,0.009397851569787272,-0.004181481369808948
0.8849389163622035,-0.00147233335760006,0.000539457475136668,-0.0063280114058962555,2.0089745816402576,-0.039084807311904765,-0.0009837568190809785,-0.0748902898494343,-0.015722950317082096
-0.0022158790648509805,0.4647369195877183,-0.017030783474247895,0.5414755325989311,0.003379314366637701,0.01999514593300126,0.006101168457248549,2.680187187666908,-0.0036539026654019424
0.0062351642532881245,-0.004068157779381504,-0.002630160356006068,1.4947593764715763,0.004808669066132445,-2.4712258911600204,0.0004550615811354068,-0.007506926483479975,-0.011083148213236221
-0.00523922907106932,0.20445763338744444,0.0008809666239112243,0.002259841198276326,0.01693629306824137,0.00932028087207283,0.9575619170496759,1.4629504748136253,0.0007510820231498875
-0.0010019432873826254,-1.2492041513641083,0.004585489318294945,-0.002382272495877802,-0.039042912936272094,-0.0016950809882064614,-0.9963530141330483,-0.0006614916348554514,0.007866335392778267
0.08251578383678276,-0.00647741160941588,-0.004924258554714743,0.8719692333438678,0.0038869243202537002,-0.018991843246437858,-0.013794718980014234,-0.06699656184126061,-1.2572249697483449
-1.748445507253498,0.005790431162750957,1.3072565811196073,-0.003237202108651499,1.1945933007077914,0.02098863831248178,-1.0922837948498312,0.010216005246808213,0.02280127214810057
-0.8883778634057171,2.8301482322608997,1.5549284628608442,0.0007472283051503537,-0.0016930970988883048,0.0032612875261868505,0.035154568274268515,0.040899480830554495,0.015804214741611755
1.2706784392265869,0.0025044166432204307,-0.004110531554679678,-0.0018913860108825398,1.1832467735411312,-0.0003039109843966034,0.9021553385741279,-0.010714875868189838,-1.1718833710648298
-0.00022765973397831027,-1.1796351363527295,1.0363837894156969,-0.0010550813443249152,-0.0016799583213082255,0.002596985109130508,2.578505390624632,4.411320349218678e-05,-0.0017742694714875523
-0.0008456745461083862,-0.002227447481799869,0.009580023990274663,-1.5996667967845557,-0.007013338958830977,-0.0038722434618202015,-0.3894442017028379,-0.001129426125438284,0.010830245378869036
-0.0012667399727621864,0.002192870320784752,-0.017632452739816683,0.009767102910289318,-0.0014250353112505217,0.003284248875873394,0.0020288560503651104,6.272616543716101,-0.0009800490899853909
0.0039060952642033207,0.0036520913203178795,0.0005688625755870184,-0.940270718714338,1.0627202268395428,-0.0019902958765223187,0.0010319816626840174,-0.009129643073133725,-0.0077237525137982335
0.00469548933389647,-0.004662567663797112,0.0015116376820303607,-2.9621351084344094,-1.592611325204001,-0.05265855574767595,0.021404278828902522,-0.022178155402430344,-0.006618890521940743
0.011420544355824278,-0.002257481377088839,-0.005023131053114256,0.00024021757625347813,0.005313500602848673,-0.002064380087862288,0.0038514705277026147,-0.004481043657943357,-3.8340175691744034
-0.001727404705010694,0.7197761150426849,-0.038005261262507126,0.004282514951712101,-0.0008386706330223718,0.0021428828080048445,0.0027857462070112887,0.02295930596058086,4.813493783625052e-05
-0.0038761340136687153,0.027839709636922606,-3.3389397250460844,0.0162254595812523,0.07427560778673953,0.0010551056743037558,0.011945851283494437,0.015469395238734536,-0.011887895954362404
-0.0006012242382859075,-0.0005175332621562467,0.9029398587507352,-0.002854369127244309,-0.0033253336180509236,-0.0015694260459413695,-0.0015764790159267985,-0.0007001594762979699,0.008811713061688813
-0.029581652527805063,0.355667987259331,0.004360426138129936,-0.0078841775383487,0.0001836655367028527,0.005497690854311545,-0.024530360868692685,0.006078260159429735,4.143253336286572
0.009841858446082721,-0.0039292582449888865,-0.038171268665688825,0.003601674578185176,0.008557909381436215,0.34349585826057766,0.0036375913047854815,-0.00165767527582341,-2.8695358226701897
0.0008964875127979027,-0.0008721381174106348,0.0014123757253835753,0.0041486575795244215,3.6072622706929556,-0.0022105797127794577,1.3093370552424777,0.00047435960978712416,-0.04778868186743379
0.0033303101328298803,-0.009470012117334631,-0.005341384349207105,0.0036703723230743493,0.0006221479721127809,0.7180872139648464,0.3553125230105276,-0.0013734834341742048,-0.010927468455368206
-1.4998510111421945,0.06576098377785372,-0.014118773817083825,0.005455423792148424,0.008061091029773749,0.03656590684524408,-0.0003125654337477624,0.13117535998704308,-0.0036605427566805127
0.007727702267167038,0.0017101019540147182,-0.006689999389347085,-0.001388541618861044,0.18605654609710917,-0.015955497036609066,1.6962133862481714,-0.008994383990415862,-0.9974030433391521
-0.0007549538769675455,-0.0006773307272324117,0.0015777841647146335,-0.0012596662763886077,-0.0018707086515034339,0.0009532075840133947,-1.4400196514475905,0.001121678521477877,0.012418329765888282
-0.004204203543876392,0.0019356537628039618,0.0013691332885603469,-0.21420792377291326,-0.013883358159678158,0.0011190334845718082,-1.9819065453107736,0.0021628597245699904,2.159214768148404
-0.013253339152848214,0.001973368845609192,0.0035622834818434795,-0.002034016199522498,-0.0011178380264598858,0.5004795848987446,-0.004207846284057186,2.106092837288559,0.015664503164071017
-0.001661977439246072,-0.0005030230384252413,0.01046862757246247,-0.01025682398819541,-0.3289281680715846,-0.005761361442543615,-0.5828704234773132,-0.0010999089385263366,0.43941769894892246
-0.0048150914060697755,0.9134265065751336,0.09916438847227456,-0.735465669552424,3.038012696546594,0.00304936284790174,-1.739543191569334,0.0056668459901121696,0.010310104693904337
0.7798817682816628,-0.0020599086044931084,-0.004236129850821214,0.00487731767512135,0.003089769497208259,1.9692670895018766e-06,0.005132386527257718,-0.009272677856778249,-0.7031024342356078
-0.14517271920185792,0.013311192276363126,2.081508205130678,0.02413591220020618,0.020554749013718582,-0.002284119311020712,0.004544582686546207,3.2980028216353534,-0.0048839095186304915
0.009924743626334054,-0.002719810438008956,0.007210998450405696,-0.0014301196093694062,0.01227265588127527,-0.002682697997657014,0.02035658361291704,-0.008551612863836926,-5.022281860763011
0.013377242310182183,-0.0028802903585352967,-0.009476940004109296,-0.002282950237923077,0.850877829181017,-0.00363989084116616,-0.002482835197914194,-0.011907009265306927,-0.5782450763095284
-0.003524141527426818,0.00893459661146875,-0.0004893439679388677,0.01328929766223275,0.003724069660416022,0.00397195856528473,0.5144625293573539,6.255324772334808,-0.004108628531844849
0.013625584916400552,-0.0025209093352415897,-0.001298066191489338,-0.1064955842390875,0.0015812479428245958,-0.0068489197670928495,0.0008644221406098132,-0.9610988276421167,-0.006103670606107666
-0.6577131721649608,0.005245847398581683,-0.0007515558289894492,0.0019921366986229323,0.0011590532308039065,0.04200969745441874,-0.0008097939148369185,0.39918530403854086,0.007533023151711088
-2.8843413329770557,0.8696592701689564,-0.0011322622940908161,0.41506427462792894,0.0008757073153402573,-0.000356723693722021,0.002786626417466319,0.006205723100612172,-0.018361607052453488
-1.2360241532778364,0.008763218997035166,-1.381956447014312,-0.0020781858456683927,-1.426245607376029,0.00530997428603224,-0.0071025274457751,0.010700616731184054,0.8145268695388364
2.8349577092723415,-1.7703557761034214,0.0021226051273825763,-0.041126003911080365,-0.032143580911940556,-0.006510879572219448,0.0025007889100603677,-0.04402400966948242,0.010056457224502213
-0.0031110818456656195,0.003954343834630407,0.004933831005008002,-9.219905829930741e-05,0.0015593229364965942,0.013661487131847477,0.0004412441851710942,0.00932139691475755,0.006307940487802384
-4.809181815884175,1.6381645578845099,-0.00010223454118857278,0.06871639243123812,0.25383461345300207,0.05533217372188365,0.08865965799344089,2.161996676755754,-0.25854066288333577
0.009806841504109917,0.0013457654105959206,-1.010357440698874,-0.0019093771188674995,0.0018140763526802847,-2.3956501365685288,0.0016520759659624338,-0.015915003900353216,-0.008253449706471211
0.03533526955028085,0.000641890693567143,-0.0036597380292501328,-0.005376672912994984,0.013313282863928766,-0.021858125274642516,-0.0005169805310793777,-0.018799058374076125,-3.3447702185933954
-0.05120564856172845,-0.001178402724890715,0.008128025342769785,-0.0010139617905480808,-0.005318829077411239,0.0033836204251844965,-0.00048566805315302134,2.633861029193325,0.023512705629724587
2.084543332991496,0.0028806368660025234,-0.004849778384670957,0.007443608954573202,0.005700679654020536,-0.0007022280405806452,-3.445662895195517e-05,-0.004395459998753914,-0.05737786388141719
0.009771886507124359,0.003113407209612855,-0.11444683261848579,0.004759647524269901,0.004881966078612091,-1.3973822179176585,0.2205759654805836,-0.0047801551330434655,-0.06746929049892597
-0.004802822310939889,0.0439180598179991,-0.0016896854427559944,0.4482921446475594,0.00048398504124481413,0.002874329058648546,0.35841327953802427,0.13101801419802456,0.00225823167719522
-0.05981989462564233,0.07131063964659742,-0.04406849319632286,1.0069631783858546,-1.42402873071842,-0.0006515807904897749,0.5517599258405295,0.06048722295229975,0.003743991564987559
-0.0067386170328363835,2.1945584836842986,-0.019352938475297406,0.06831881402065147,-0.003175892642017411,0.010260802285227955,-0.0008421242874402969,0.38761796773978696,0.0037933832926772063
0.000899826308314667,-0.00019518279568918936,-0.003661686754014605,-0.46358590850568937,-0.00038727248720313865,-0.0013214345392487587,-0.6126693749331626,-0.003743948713938949,-0.0004826761691948036
-0.0072603080085133454,0.015891369884808645,6.623818406888658e-05,0.00666788017015818,-0.0003526511018662028,0.027219084526266393,1.0361674936461331,0.14755204171276629,0.008669997999612577
0.756065188828335,-0.0009579432517180415,-0.0004118692488808348,0.01781145934554277,0.015296155652408154,-0.036313013562000035,0.0067668099151107315,-0.012382587324666877,-1.10763068910377
1.1100150673403504,-0.0016290077141405332,-0.004323042258676184,0.00678831926953162,0.006895643648431646,0.0020069114283071277,0.005451293332980448,0.000788008034461947,-1.2950716724000388
-0.0028334179873804686,0.0008849662376208139,0.896838364479348,-0.7361789947601427,-0.0039012308764725537,0.006318920008224774,-0.0011898435271657497,0.0011351760981062036,0.01585195724311285
0.0018206623141024066,0.039855605141618795,-0.011264877231244476,2.2733065090279396,0.025598431550717393,1.4477677325397442,0.05015157852788435,0.0037704151097043177,-0.03203192359460125
-0.12303107489252199,-0.0009381627689593121,0.059587790557587304,-0.0018838061097822489,-0.006840199916084616,1.303717718901292,-0.00012223410912326049,0.0174215726244712,0.037706603969163255
-0.13718608702262208,0.0009289581521371278,0.06837631100866383,0.02100316413984985,-0.002840966902890262,0.002142622169806678,-0.0035215080493343934,0.02343303908819732,0.015467195957159445
-2.114418468745579,0.005001758158252059,-0.9929492409213914,0.004544633240114226,-2.1705474488753698,0.7124840074901417,0.0033922389403613674,0.04870633331086516,0.0005074096724295707
-0.007128210099493878,0.0024957987997340364,0.0064794890393993715,0.0005629685133439706,-0.002691850263610619,0.031599331884507295,-0.001711614630850601,0.0134127271351557,0.012921707258980805
0.010772983485846148,-0.004854649829654759,-0.5705553069245447,1.5794244064780854,-0.13458800310116092,-1.0489661861462185,0.57888104885452,-0.034560890757921243,-0.0811748798160441
-0.005206554403275077,0.00243165427244665,0.001191682480728944,1.1481957698545955,-0.0009759292908697865,0.0017019149659704635,0.539136333662062,3.656640467737562,0.001730333144078569
0.0029020019170458294,-0.003663510134685993,0.009443640309340301,-1.201844017803607,-1.910180294373933,-0.024270541323382994,0.9416740617939254,-0.011875233786009867,-0.007628651121822469
-0.03890437558727136,0.003859987257031674,0.007704139665766743,0.10976555937400853,-0.003628049888844376,0.012664214041803538,1.957739917976912,0.5212785735512505,0.01687298955075585
3.3171359083222143,0.0004185219680262961,0.0046154369635726805,0.006672440770693622,0.7423992815014699,-0.0019813093787217975,0.006497351156361953,-0.00492423651748175,-0.08447857689861271
0.9545048544597401,-0.0021081191076350596,-0.0018038199135968162,-5.352571019302983e-05,-0.0009500590908016523,-0.00332579635676541,0.24076452743606405,-0.017354122640110995,-0.057188482334701196
-7.001331096148297,0.013350612419343015,-0.07256115433244958,-0.00031781473718661343,0.007114487652663037,0.019149471888770385,-0.0013184812928708628,0.08681937263360678,-0.0014171627472071568
1.4729861191195375,0.007009840033671125,-0.0018453541245342306,-0.007806504261012752,1.6445185513241802,-0.8820864247960679,-0.00611337419453928,-0.12405558494432312,-0.008777845984655475
0.1970109169236524,-0.004147779681759164,-3.2880244438056807,-0.12412055258032598,0.0011494441903684236,-0.018713599951879795,-2.048330882442677,-0.538089082932165,-0.017729169938544204
1.1176701960555133,0.001859275409816332,-0.0292956069692267,-0.002856686687481157,0.0011832144489522644,-0.0012469545771712496,-0.010332893854500853,-0.018073034772986704,-0.004518109932419315
0.0028174352850365804,0.001309454494570123,-0.0043120703891109564,0.001174527469741453,0.03722374767968653,-0.0012354568566538464,0.0066926441405565345,-0.0034892228829476036,-0.032239464904338266
3.050883630205509,0.0032200849490507722,-0.001188563192821561,-2.562130542068481,0.005370862936165573,-0.0022818465075600137,0.003396199556239734,-0.013159343878631357,-0.014404315417164026
0.0012852583179072292,8.76272995872264e-06,-0.004958060955786411,0.23531338181281897,1.7240583359666142,1.2097252682315742,0.008499218853546073,0.001930790878862226,-0.016082448688423127
-2.0907950819870207,0.0018097035060459996,-0.004411185003640933,0.0022804044558058963,-0.0012326083510401827,0.05394309228822958,-1.1353576166451214,0.00917839637742826,0.008072371239385867
-2.397465068624457,-9.377499231003582e-05,0.0037169082275308116,0.0059921941671871115,0.002640926030665222,0.005361803860802101,0.0006313546716695956,0.013351500646623453,-0.0019261557886185166
0.20279856580960123,0.0025591873879941994,-0.01160779617270044,0.0055121870186120615,0.0056592759128201425,-0.346897969267795,0.005689445529379476,-3.7021655591322773,-0.09337924783020701
-2.5930794481480337,-0.0004617867614742483,-0.0036898534227336466,0.007189999564693815,0.0008125983172511536,0.005031775328874706,-0.0063024350005928195,1.66003053058791,0.00816149856881243
0.0035205460202630844,-0.020191460623115207,-0.0011273390493441032,-1.4909237124208505,-0.00047423798110120784,-0.002835346471056413,-0.0020239774480594504,-0.02362598577295109,-0.0035504949783718293
0.0005920852166770574,0.9467117128714373,0.005860291317545112,0.0018007391097702094,0.8842664793556877,-0.6656721599622013,0.6129956068632856,-0.0025025296366913384,-0.0117094350146984
-0.9416899273985322,0.00039457305595410556,0.0003818305916961848,-0.0027491008252038323,-0.0070474708132504185,0.1593351685619319,-0.006710350621267741,0.007625696991684899,0.18812224048933246
-0.0006391360558636178,-0.00932690763861941,1.8340956895396088,-0.004776677133479557,-1.13271657619309,-0.0006034894238220699,-0.01899948114393881,-0.0012830519113593286,0.46178577952600897
0.004234112544175859,-0.002037117975432595,-0.08717844002362145,0.0056489848950058985,-0.0014288503286311208,-0.002197110830076874,0.010094907152638732,-0.0029643402087302755,-2.0989183958396427
-2.9505966913277726e-05,0.011698835803020245,-1.1509024702416106,0.022423356902465677,0.06737272605247827,1.2526635793845293,1.1026884896438855,0.011478393452369427,-0.9861192739009148
-5.359620514874168,0.011838450457042932,1.439287261944274,0.010252375461781149,2.5888716494953607,-0.05310167285106415,0.005817829276998195,7.253831422970869e-05,-0.038174375139637284
0.00011613149065481921,-0.0010584184782284204,0.007502891619141695,-0.002273159452810039,0.0016700792494796022,6.666949852568313e-05,-0.004399934970659006,-0.001721817270756198,0.0013060768975722296
-0.0004858882683745139,0.09522829424382794,-1.7589442549757401,0.866695746811056,0.014995376727940376,0.006144709374382041,0.009751817631112825,0.00423959125388923,-1.4167705507019281
0.002317201498298893,-0.5491814173996975,1.568543262988887,-0.13878132876041782,-0.013262916557663233,-0.0032190392769880453,-2.5238318247233846,-0.015238890777779929,0.0090580844079573
9.069771076446924e-05,-0.020022164516971818,0.41687494582008155,-0.9430798970212074,-0.0005386562322885298,-0.0011498275083957658,-0.007796628746600476,-0.0012844638417654252,0.011889531679318607
-0.8171046444507852,-0.0006782853261621397,0.7718618884934302,-0.013625832422647949,-1.3484272773697674,1.806251415858622,-0.0023821861175094515,0.010174089146314541,0.6001369878879732
-0.0015553336079989905,-0.8936965161208421,0.14438762271032485,-0.011960305577479645,-0.0022243035976708056,-1.973571066755763,-0.8809966479048987,-0.0012996338962262335,4.533271360645098
0.002811438980786627,-0.023150775958346758,0.8946174786929806,-0.016773763053641033,-0.28373623484966065,-0.004190530359137782,0.001550435832277568,-0.011180003191267256,-0.000252013026769006
-2.1091791153256167,0.0007724160181557024,-0.0012832956675755888,-0.38576326862016636,-0.008844551465113301,0.9875922627222411,-0.012969295822993034,-0.002354121971322993,0.036671492684731466
0.00044414602091165465,0.006000701611223354,-0.007596596128405879,0.1314436357500229,0.006941538755839448,-0.0009622038969644077,1.4161404932074697,0.002802378530226402,-0.11385148719901472
-0.0012585136006800501,-0.001197980603312129,0.001256335481146819,0.00018376341096715352,-0.5945736192755766,-0.0019567647691090123,-0.0014749025477077738,0.000837009363967571,3.476609739488362
0.002534496176758591,-0.00087851695536621,-1.801749545219516,1.5489330923874496,0.0024907348022992475,0.0009248979492089294,-0.0032718654141151056,-0.0051852220502376645,-0.026021381676704536
0.0035044863197104693,-0.00013097443581428989,-0.5027282340037083,-0.004303604180329577,-2.1820979020234203e-05,-0.0022210108615786685,0.39563687368461115,-0.004029491040650771,-0.010319981183698243
0.007899861779958023,0.0018106178965788186,-0.011955480411220314,-0.0012544040075182297,0.002113155734691856,-0.3343237888832701,-0.012386981379914178,-0.014615227040665452,-3.8533821212443797
0.004992613384581061,0.6272753819547517,-0.038110550550839575,0.001841834525667831,1.195635449546727,-0.9329289101620748,0.08065920904792653,0.002247965094715129,-0.030923995353765138
2.4077669914881654,-0.0022535026480174723,-0.0032011722607618864,-0.0019316433361127438,-0.005404241733222147,-0.43377445935402725,-1.1755038998999785,-0.04141036242382757,0.0013282098980809676
-1.4342525205194363,0.0028791850843045176,-0.0038371609078468143,-0.0015333307934771896,-0.7782294840930231,0.005475231502273024,-0.0042443186852387845,0.007163655463050929,0.024159559893277338
0.0025161031457363045,-0.002619488106260642,-0.000770965125137029,0.003930341858679322,0.005566538265351875,0.6249914565797351,0.004751049562769331,-0.003092478485933615,-0.017677404769765676
0.005059111348607932,0.0030908959295441064,-0.00908989884882641,-0.003725386694594446,0.030155682460572562,0.0026656799110359973,0.7118135053701218,-0.0030968566015536214,-3.29027494927396
-1.6138766464457834,-0.002054419166882368,0.007387288620437296,-0.006120076563297929,-0.008104229955964031,-3.753732210302409,-0.002102527117206248,0.002500690867719233,0.8603378131505559
0.0036493646097513284,0.0026104174220740388,-0.026838861501592023,0.006333489983735091,0.22315787646551227,1.68119349042976,-0.0012049700782333626,0.003593535067514654,-0.023209046461108662
-0.003054693784050466,0.541494924321341,-0.0010245546237730692,0.015931140749779395,0.002771130921138786,0.004623206163459816,2.8425257188861335,0.01473683417712375,0.0007116737135708789
-0.0036444444259875267,0.6692382494144958,-0.0012491306538278645,0.022294289567653742,0.005179711854364143,0.013892212743730464,0.6767593911382352,4.293867851902084,-0.004843877464599952
2.538378916526592,-0.00034933902166934096,-0.002418262716176074,0.0067613282177565485,0.0007027986109675553,-0.0044671823239278985,0.0626248532398534,0.005110378786216577,-0.025135853659061624
-0.296943658621427,0.00918124210387913,-0.00780941136729028,0.0034432937806944232,-0.0018077715206841196,0.4720371715629497,-0.020520494434957924,0.4608433224576454,0.011747443546704227
1.286296033096518e-05,0.8199968826813586,-0.008447614356413802,-0.0036799745458920164,-0.0010971253106498227,-0.0023546712581170347,-0.13523516803434038,-0.002977122683437105,0.002479064079933809
-0.0009803879832658792,-0.0007877353978809911,-0.003790553107167794,0.00196544260726763,-0.004692325193207336,3.3508327549460637e-05,-0.24926904583335877,0.0028201827381239596,0.00877581247892938
0.00360778657955111,-0.0002163005630772194,-0.016001652628757558,0.029260339020487497,0.007949776867525312,0.8976410961524306,1.4069427092359597,0.0017990750555547715,-3.2121536485178543
-2.38126482452655,0.000324652492359275,0.0025110484403724626,-0.001356434162982379,-0.0022695221414621575,-0.0049422590228882304,-0.0007251099203370373,0.0031095325631052837,0.010712909490389222
-1.5729036200476427,0.0018761636153834245,0.009820194987493824,1.276594829909516,-0.0020768828506140423,-0.4053503854767237,0.7000263905409316,0.015693096586652022,0.009461293025649714
-0.8266437442376146,0.0013357721913092452,1.4830521867253124,0.0016699689735913958,-0.0016495476535030498,0.007882266151033268,-0.0030251190294903673,0.014452751774241802,0.028201896899476275
-1.2230839059015342,-0.0064501698124562745,1.7030656653477068,0.003570878963019955,-0.007293156346991261,0.001074493353907198,-4.008406365817981,0.017315769735179176,0.14644194027286428
-0.9589244525654088,-0.004420611281962295,0.02183758523904314,-0.0027889071765073072,-0.501117083425759,2.1533818035943124,0.001741480161706786,0.004031044713571977,0.021087599804884172
-0.004622916134398872,-0.5890985164330003,1.8572950627948537,-0.0044983758190962585,-0.01209639164530641,1.4200849121746424,-0.030015443670042413,0.000265624571372438,0.049558811833041116
0.0029261710402765915,0.0028710723864437096,-0.001974024162974819,3.2295045341895503,0.03953313865094793,-0.008152315066287497,0.00488930242160087,-0.00932304420602366,-0.016417192454899362
3.2628722869490403,-0.173393667465974,0.005473287537455601,0.0015496258095460966,3.8172109487026595e-05,0.005675699829970148,0.018186833365567923,0.004209520964139251,-0.0013893208679541802
-0.5365324578967563,-8.138255701506392e-05,0.0019837402743305022,0.005043515876011921,-1.315887227515864,0.017377479056776727,-0.0019402543819557099,0.03803731455305433,0.830484840558209
0.010088992846167918,-0.001620400011762172,-0.00183384074741663,-0.006329687852005821,0.004079608143427901,-0.012055868624151103,-1.6427961448863453,-2.0733346357283846,-0.0077817989722798325
-2.13357180805754e-05,-0.0013443525977072067,-0.0019872924289049566,-0.05550387777389622,-0.30450068705345007,-0.9593734609419449,-0.007887213061895866,-0.005542869135939129,0.007079420227504268
-0.002153308680450945,0.01209399828328865,-0.00366224190057611,0.13094888689285245,0.006242696497970778,0.003218893501154565,0.0033517846333606756,0.028536132497433433,-0.00014376749770706607
0.0003904773173124857,-0.007020776457896924,0.0014524703335944912,0.0019806143623007926,0.0027863531228653963,0.0039019273674394924,-0.007731115493911571,-0.00034161087792826313,-0.0020622793357167983
-0.0008562772355438909,2.2676333570272305,0.12126298816809888,-0.006103907980608632,0.005268696580810268,-0.0015379441670771003,-0.0005322110678103367,-0.0032433777302423215,0.0028611278811472435
1.2540384491532675,-0.0019611296627184147,-0.013057559618799418,-0.0035567491680100695,-0.004884197631810576,-0.5154021745936409,-0.10226925323993762,-0.06347271745445533,0.004876584049000127
-0.0006946305408286834,0.030525975967051724,-0.010668338058030878,0.04878731549097952,0.004661653792132121,0.0003145917967991957,0.015235831002818667,2.905336345877701,-0.0067733313120350025
-0.00503787580418779,0.000996346959093522,0.029871127977339856,-0.003109421376195083,-0.004535722708773539,-0.00024070772243721568,-0.013555136417746227,0.0004113104419873545,2.9067134120080746
-0.005366013142558041,0.006514127657713581,0.005647811230488098,-1.051052563910762,-0.0020211233579792744,0.06734806541646977,0.0054915529896915095,0.02627283724264244,0.009793683728169706
-0.000521622289992028,0.01575705719745018,-0.006241127602737375,0.03410390698750868,0.5245669882273261,0.7390364441997976,0.03566946001840393,2.23110367554716,-0.013869769806361162
0.00590245099705692,-0.030806317502034334,-0.003022212515693836,0.0012611346077879108,-0.7852856038083873,-0.8230851993735023,-0.001605695979386224,-0.012321286706239233,-0.0013462009167720373
0.0005449175949129989,-0.0026310672638688005,1.2672795606147733,-0.0006042466918815374,-0.00036981408991722335,-0.0005954546070906965,1.886817056420715,-0.0021711455208070288,-0.001959139547306749
0.0008748833915235904,-0.005360156225653639,0.1744674813183782,-0.030014733557952665,-0.0008664858030588574,-0.0003479655663956941,-0.0017833395639080634,-0.006441358800651961,0.0015015895850663016
0.00611218997165509,-0.0013542104035407544,-0.0016287565800863894,-0.00024675820218353047,0.009475052359958222,-0.0011957980371187366,0.02172282055949355,-0.002362812086608431,-2.450345132975185
1.0514872864884524,0.014901067311947288,-0.004309943337314048,0.0006643413057611115,0.057647470476278315,-0.0038634887023051645,0.004932572599634132,-0.006113835684530541,-0.17321590552010624
-0.004042160138378943,0.0006570541837556294,0.0010778385441937211,-0.003685799675804846,-0.021383763163025704,0.003114834808956999,5.0496890502493494e-05,0.0030027601007278637,5.072369167415025
1.989309185315705,-0.020514264813229512,0.0011242987868301316,1.5790267223116126,0.0030431759868385366,-0.0014897106012788995,-0.1680752370195996,-0.015920945721690928,0.0035105270991585003
-0.010788892771460286,-0.00050129049015469,0.004121927826982455,-0.0022138880304877744,-0.018945467095240656,0.5971788656087917,-0.018303281593899972,0.007469767524320214,1.7379378121248477
0.00030241720125686206,0.00024302879382003106,0.0007333700866936693,-1.8243306375917074,-0.004127283925879403,-0.0018871405289829124,0.21875304581055985,-0.001874385273108174,-0.0009243178369154517
-0.4066437046067046,0.0007975649300338422,0.014689111421730329,-0.002052844698559181,-0.019391493658979363,0.0014849952451652972,-0.00044954346688378874,0.0072984447189061545,3.430069749357096
0.5004498257560346,-0.10218712547845069,-0.0012717479382333176,-0.004535672671232287,-0.02625706160426642,2.955352025944685,-0.0034724695600161677,-0.21418093568218952,0.0026799712095665063
-0.10706592498012146,0.0012030571591256332,0.90459273271414,-0.008531295049727938,-0.05685580373749119,1.0116799132865828,0.0013376338370647972,0.007275059909190518,1.8933385893546788
-1.4739942614619927,0.002617955090356977,0.0014166186752626563,-0.0023681159180882483,-4.58294207741867,-0.0001439185291142453,-0.0023124126806832266,0.0714577997109509,0.5966433441679246
0.0006879696433501172,-0.003310401585869011,0.017117229929798763,-1.6167859708281387,-0.0010319004818416795,-1.2013192087860667,0.7990730865892871,-0.004677127949524457,0.003221659703535426
2.6574250398109696,-1.1641850605381083,0.012288281152131098,-3.423538228284376,0.0032138730954755544,-0.00451967136212329,-0.49364160493822995,-0.12285817811919404,0.0013294841997134599
-0.012140484465269663,-0.0042954487546074255,0.005143283199730068,0.017497708419800917,-4.939795540563184,2.163620202839487,0.005445575154883158,0.10956847672370815,0.0057983905597714935
-2.258062498672657,0.007333247283520178,0.0032501337088182425,0.0004794765825145387,0.0008814165109806531,-0.0014480382410492448,0.007228222082416767,0.0013366828838966113,-0.005759235579939459
-7.266976243702847e-05,0.0037577589669015488,-0.0016892521048485845,0.002440806018149334,0.9952328775697659,0.0018489436452549645,0.03803477512023209,0.0019468828921738726,-0.03695989145957171
0.0012307706362143407,-0.008816733587683976,0.4449279362361507,0.9683751135116079,0.0031811019257675047,-0.0012081029612268045,0.004761481218711443,-0.004590327241180053,-0.0056528710028754875
8.041298928166828e-05,-1.2060472084788016,0.4135619708468701,-0.020901299229756507,-0.00025979002670121955,6.959187237178339e-05,-0.004793439273419228,-6.012017880825271,0.0040248024022810774
-0.006218046451589229,2.592156072605677e-06,0.003800609526620924,0.01059808940722836,-0.0006060929472326373,0.006143327725102182,0.002989339710928109,1.4259976564835233,0.003082660937843623
0.0002565104050602747,-0.008005229911749748,0.004610174384131617,-0.027374255373176615,-0.004140117924672781,-0.00020196788020727618,-0.007391765679978339,-3.6881484056111966,0.008122299022826622
-0.04695016948074966,0.0016390552937994435,0.03156218331869652,0.00532298354297461,-0.0004076856265040744,0.0195436216336545,0.716790456765436,1.3431250172065343,0.0072817427292086526
0.004732863554974466,-0.0009892147944040065,-0.004025092585130019,0.00401666060115333,2.146715062662024,-0.00394700286680863,0.01710268202138507,-0.0036493888481068937,-1.3684695710172594
0.05345611074683512,-0.0038817062170971254,0.00045809572299238287,-0.012759226256383824,0.0017383390142334636,-0.012744665618124429,0.7891661446781548,-0.05101266301878929,-2.1958232178024595
0.33879324940553285,-0.007630779904104906,-0.0027270050019578525,-0.0052721743846440025,0.0019212998453316979,-0.0007542731772355077,-0.005028373521674302,-0.025480688256256413,-0.008171323459547047
3.385580721051255,1.2954729618092813,-0.0025561793417061135,0.00400909236498876,0.15596965349665504,0.0013608005361088818,0.10078911076144292,0.006755279914058082,-0.3963292176374402
-0.3774103443164709,0.0033851111247262516,0.9518087294149921,0.0012924910002459922,-0.16256919879228388,0.0010246815410108905,-0.0024202159736521835,0.008634149462946371,0.10747223303645947
0.00224491838885116,-0.006759279489962939,0.007507888560901159,-0.09487804423608306,-1.4234017405618942,-0.005953271368293435,-0.3811072661803545,-0.010478203298338876,0.013247976316334065
8.70673028287204,-3.1774094665798627,-0.030594839227479076,0.006208654334864375,0.000673852532899949,0.0058590340500247785,0.005264989576741361,0.03414636753490172,-0.008843376277389847
0.01095534477056952,-0.005314430895825135,-0.004486448141660198,-4.027111687700149e-05,-0.0025503244998600315,-3.087491284793522,0.0133446799126249,-0.03762590733679374,-0.012692027406303263
-0.0004987726280875314,2.1293886606422463,-0.007231209088972354,0.01260775880303273,1.400242134433251,0.0023548878688618123,0.00140955011886236,0.029651339021673745,-0.00211387969520788
-0.0030881887475668057,0.01998591104141184,-0.6853774797017357,0.006502708969289291,2.8809092530056337,0.002711512180872332,0.005304130898615979,0.008957122379317454,-0.03623258137452279
-1.993872876229432,0.0011860809138773236,-0.006735642724916419,0.009656738320986895,-0.8606254415195178,0.0007897551701139156,0.0007941528957834615,0.0202236992234701,-0.002305868023065538
-0.0037053876356623605,0.5184675520612402,-0.014259551067565091,0.012198860697606062,-0.001516598116709956,0.0015306260909386665,-1.4101219919311085,0.006994241416347899,-0.0013771614375226587
-1.8243865154725305,-0.0002804069950265893,0.001165228226505409,-0.009667353230510725,-0.003298879727401241,0.002293560463500284,-0.0198279608715161,0.0036599329595372633,0.2357758348750385
0.0003405637839794146,0.0011531108903335122,0.0010316154294800232,-0.0011572976585819841,0.0028789487589985564,-0.0005819842395945004,-0.00030689435000589004,-0.0010871944271914173,-0.0016307089077100525
-0.00457917659387215,0.8979095881311782,-0.7550776240056504,0.0020805065034647276,0.00012201729276867831,0.005296568303852625,-4.913932341416417,0.0205890553877615,0.008599410427128529
1.6973320460238295,0.00544156180372346,0.000940025131205606,-0.0175760779903663,0.7884843347491253,-1.1027899780770822,1.8528995047412224,-0.028687662389782376,-0.006560247584026735
1.6408292192773737,0.004970726408939596,-0.008900770370260665,-0.009603151416095612,0.0022046776479707555,-1.9854102514145362,0.001333289595983448,-0.011902364799319748,-0.006262697354293745
2.4529951205970795,-0.00525664404462365,-1.3738642914809702,-0.0006159188850420327,-0.0002127505419942874,-1.8737212646430716,-0.022620396054914955,0.000544710267889631,0.011830927538826863
0.16744634322685015,-0.0023594547109678492,-0.005254833879432328,-0.0011482397438458691,0.9746420228290953,-0.28671860224013773,-0.0053351607437756,-0.01562507287294103,-1.5297209605029476
0.005692119998204646,-0.0025955492198013993,-0.0015583663919257363,0.002261035038830142,2.7071549050512322,-0.016784477277713088,-0.006399487660084425,-0.013206808426010054,-0.018495967306659644
0.007467189824325905,-0.003219054537718015,-0.005706906032620576,0.0003496490130633807,0.00020337599704670098,-0.0013881254292306263,0.0030967957728767572,-0.0077163327714236535,-1.8995742249138325
-0.00042586284615094526,0.6263131158847853,-0.0003743696378498765,2.832911916736863,0.002073914313788894,-0.002217049638383062,0.005301100611969263,0.004707208758345584,-0.0021236444829437597
-0.007021205502874599,0.013893386878880047,-0.007335385364504957,0.8623788735536536,-0.002221523171515951,0.9574583163879802,0.004055212817385707,0.04832417448680608,0.0028212324938354585
-0.002348427563427395,0.00148668221436619,-0.007311936303970114,0.19446249252750072,-0.001693350457722872,0.004642032554826221,-0.16519662838428695,0.01049617406233914,0.005774456071825484
-0.024335523728486828,0.003984372854177792,-0.0021893743641172854,0.2358337636832512,-0.001348484384483884,-0.00014240311752844201,-0.028250582938286098,1.6173518974656294,0.011001899643228202
2.930149973628896,-0.006270322276074837,0.055510997448720234,-0.003536243353279002,0.00019918448677801182,-0.8501162481577751,-0.01523469326403544,-0.4024855809957773,0.005701727132327528
1.180632889055503,-0.015261049534496404,0.001525014072754679,-0.0028730872933222136,-0.0011950819777686722,-0.005149189706892041,-1.7306648471881596,-5.944688510661859,0.0006656098860214066
-0.006080983196146028,0.001793231161194289,1.4688654893875777,-0.0007461458338490394,-0.0008240493044674433,0.004198714802253162,-0.003993280348644937,0.008450070056497012,2.421344154746877
0.06107334009733545,-0.00248723889564224,-0.009407922415050504,-0.0034723129683465587,0.0008584205956056053,-0.0019226610960705083,-0.001283687916214023,-0.022480360504286354,-4.142117337505176
0.004188068034701341,-0.0056448858522398625,0.0013225634152414633,-0.002439233411672341,-0.0009186822136841829,-0.00707540919897422,-0.33654484842111204,-3.223663514889087,-0.0005236567204718878
1.3731318300657962,-0.024575875194226125,0.001608234659758602,-0.002100521881301075,-0.0035285728097353107,-0.01701122081233434,-0.0023234643899865837,-0.021578090652126153,0.006804954462178853
0.004507978424521138,-0.0017602364359109968,0.002606507178466582,0.0012517358620972943,0.07454379673549641,-0.0036906754126317977,0.15859469397661158,-0.005478575301564004,-0.3295756799870386
4.7168426195017865,-0.0007100168306698809,-1.2334801022518915,-2.333410995159568,-0.004124497417533485,0.000631248883358318,0.012372074067854885,0.0022169427311996004,0.001271110782781193
-0.007858160328836388,0.0011146424858482398,0.022465112996976767,-0.0004897972375704078,-0.007281210537180571,0.0011217481399701846,-0.004607257476800348,0.006870709673270101,0.060036695424112184
2.8826343775816436,0.0008916721316043902,0.007623767365566608,-0.01824573060231912,0.9098763721044398,-0.009451370180624079,-0.9749521116893279,-0.030573114658232037,0.003703125445683575
0.27409703163277727,-0.006644362936877019,-0.0033150406090372625,0.0014440104092861526,0.003102628803831875,-0.00515648191860715,0.005092515374166401,-0.011046611060158475,-0.05195568748001729
0.004805169840251089,-0.0035121702998210675,-0.0003714988853793185,-0.002730548091584588,-0.000819728518424797,-0.6305010632393542,1.2901414313272432,-0.011586802390403618,-0.0068277181327836695
0.005376539268036953,0.0007198791236878582,-0.1186554585465527,0.8334247728247008,0.02682581440985874,-0.008663053890867085,2.581374796867964,-0.0010449725001171126,-0.03626789077769227
1.1345560053244013,0.0005226380136298323,-0.006080441119855699,0.0005016272980140693,0.0020155145439113417,-0.002827095066160549,0.7483670461032064,-0.00608720634754957,-1.9744798951187406
-1.9084350079427101,1.501399850780832,0.0033803910716060787,0.0011100426837027603,0.0006526530291033963,0.004093643702887987,0.00383862807592137,0.011651332612358048,0.0001716498294807023
-1.26297719766407,0.0034288693418195165,0.011444479368540237,0.00532510445669817,0.08042638468700197,0.005996920245136943,0.000897482450206758,0.03926671535965347,-0.0023028938273597227
-3.1113319619933297,-0.03197429424830145,3.532539191442206,0.006274853223392621,0.00033371052955775277,0.06534688212394335,-0.8588918703807349,0.015325664787922577,0.005096416360476974
0.016182828727650186,-0.0012280145512961662,-0.002789409213271544,0.0006305749799034276,0.005532485322089978,-2.24084075955939,0.769659264947093,-0.021007635783623926,-0.042544925642454046
-0.00052753469218445,0.009188554518476309,-1.1947463504997156,0.07453928970317039,0.2564433062170779,0.0009087693306403847,0.0025928776769236885,0.005654473852373431,-0.07140890193847133
-5.2352977014460955e-05,-0.0005227925980547383,0.006084680495249229,-0.1567976168034535,-1.5554694251206698,-0.015972523463926053,-0.40197278858325874,-0.0067445920280943955,2.432094202829159
1.284512336578582,-0.0027982785974846845,0.001403960480700319,0.00016463221960172705,0.0008634978691299065,-0.010319679537586442,1.2092201583067201,-0.03298653521633137,-0.04350163847128874
-0.239945148741836,0.004637777983204514,-0.0014210176022877077,0.006246169260328116,-0.00471237380203573,0.0056181750934315745,-0.0018042722326254365,0.05558811540325543,0.011577765087119826
-0.001151606901024436,0.11954873372773991,-0.7967297732655826,-0.00056017530068956,0.0033604429270139478,0.0010708602877851402,0.0020093617851099847,0.0047414870385636835,0.0004762964303559637
-0.0013190931198735305,0.0914815969029373,-0.6358835895187097,0.0032396997812427566,0.012639464154527881,0.00240301922216455,0.004025564503453487,0.006069105896054183,0.002349820801452198
0.023404763403052337,-0.004635685647218711,0.004635018742350698,-0.004274752328736184,1.0937378786363483,-0.0035062775953049324,-0.0014653050987942402,-0.051045261170220485,-5.348027111857499
-0.005107042711563032,0.0076930107646148126,-0.0022684616508863937,0.8272975715303733,-0.0011013024036293463,-0.0020101194109848675,0.006681772710034891,2.5480700378875056,0.0008662311493764507
0.6059712576761564,-0.348108524530536,-0.00727829856004495,0.0028492123286918583,-0.010505334480943873,-0.005082882695079067,0.004072724174083067,-0.014519154998969,-0.012785906070112832
0.0020449884559442036,1.4986534582658522,-0.20386143073550247,-0.006564616011490339,-1.1148026072869117,-0.002402830466916088,-0.8732173292735348,-0.009330414767698105,0.0034252389515043447
-0.0055217915869136824,0.0014395071487828606,0.06114692489374146,-0.024163746244654567,-0.007944060630573535,-0.0019526603745717505,-0.7650413818533481,0.0005393313599452165,5.834218626908202
0.010471678228505171,0.0020202867019246326,-1.2721842300988304,-0.0025136195801185954,0.009420693966364467,-0.0027187757978602636,0.0024119032599615115,-0.007540652242533204,-3.0243925730896315
-0.0025491435693009937,0.02400035651783504,-0.021673542001472507,0.047640392919507724,0.039460930471340604,0.12365230820254511,2.715474263057157,0.015326924064606114,-0.006152602061660226
-0.005309883351454166,0.0029493849877542614,1.8786083075824616,0.01061920503380568,0.024903962723470716,0.8808506374321606,2.3395234802143348,0.05445190558225965,-0.0006110360577576482
0.007040805824179298,-0.0028064975270161484,-0.0013610251627425812,0.17936784228468627,0.0003661573255942231,-0.02722165381061538,0.014244431017301721,-0.007518371188336509,-2.4943885005684945
-1.7624463192834465,0.006077033917134866,-1.8796314413478694,0.006022210684460398,-0.001885976805770035,0.0031272817850152928,-0.0020634828849456343,0.00928876214607399,0.0005535679169832164
0.12077487392602629,-0.010907673843401937,-1.3987900323379447,-0.004640705635433605,-0.04485300833412991,-0.9958184169955582,-1.162448115495664,-0.8532451757764626,-0.00041584821781393
0.8904652728335074,0.0156983841432487,-0.005466854228225473,-0.002861139850783425,1.2721027269094216,-0.030745113009481073,0.002706283150224949,-0.021249524871804856,-0.10885913848038986
-0.0026324879174727672,0.009756454709251135,-0.00256622383814413,2.2098723750076554,-0.0036754920537080326,0.0028062781343433756,1.536093769562195,0.009098840509834352,0.002428917302935117
-0.00021253226400092147,0.0004796383898151898,0.005438525399926131,-0.0005829543222078473,1.1643996421006881,-1.2020720170233266,-0.0012562583261715664,0.003797216712533251,0.0025476269648910532
0.012010654669033394,0.005529238749499135,-4.082161685787825,1.319435008090954,0.7801401098362,-1.9986220829457597,0.8454579535322879,-0.010859436204829792,-0.3072178345804293
0.005581084038601474,-0.008442275606691658,0.005489214272099884,-0.0032567162933104183,0.0005682763450762308,-0.09935631666026404,0.002507151770573765,-0.05632234821349166,-0.0064524977579915105
-0.00010596998187189892,-0.0022362469816747384,0.008461727735536217,-0.8628974138760656,-0.0004524095689689414,-0.0003347359606743008,-0.004341678672851701,-0.0016714615725474096,0.0029797066921963163
0.3327209673855436,-0.0013301101787114682,-0.9914169451306902,-0.00024229142973408377,0.003938701173254346,-0.05737119263980592,0.006634950861117723,-0.011003643272145161,-3.2591412443699745
-1.9192111504041447,0.003426064062648,0.0017012170955833551,-0.0014025885135290613,-0.0025643642463065337,-0.003888732551241718,0.0014010163455474844,0.00015624062445421597,0.003332452496216748
-5.135362834492556,0.0017704684718361477,0.024567468176053264,-2.1945984572871584,0.005139296225438128,0.006448041811032328,0.007899951229763766,-0.005415506724898215,-0.004046715375352061
0.21020209703769732,-0.006664517899689913,-0.0030158081365582014,0.0017480317318083055,0.004675255386962604,-0.00276798152001001,-0.006849228355252879,-0.015530647053418046,-2.0881617640363004
-0.01459221031293951,0.016639739920948055,0.002911804858834994,-1.9241913545352126e-05,-0.0016472480398305605,0.001861419342526229,0.0007899911765232297,0.1347698440962442,0.02059158811817036
-2.1894038015330386,0.012882544867037911,-0.008598742207417093,-0.00038785520504438196,-0.004743856652859785,-1.3210161489725305,-0.0007990188103445765,0.003717397362852646,0.0064383816490865
0.6518051104234529,-0.03573275107208468,-0.0019911158741482346,4.520528168326745,0.0011368589855055289,-0.0023509463940254664,0.0014363799227622293,-0.042792053499054565,-0.011613112119410726
-0.09997235364282131,0.026982912975410937,0.0030833636847379963,0.001256822643481828,0.0024443681585469856,0.007521575164211166,-0.0037224418942251175,0.3348236102140823,0.01214654917952597
-2.298087392596403,0.01042148121198649,-0.0016478298838692867,-0.0003808943013554507,0.002057060602444701,0.002015668160285646,-0.7888666924335095,0.004489687432819474,0.0021818761667174447
-0.0015906310767842377,0.03262005897958855,-0.8008733495558014,0.034677084387170265,0.010643983028723705,0.002613429542092086,0.4421222179296441,0.008681254623528903,-0.013865505538240272
3.8241346092553505,-1.6134304657135987,0.004954154782373654,-0.0017415704287311868,0.000969939289656635,0.001763281752012645,1.295283352189397e-05,-0.013248039592098915,0.00022292912664967357
0.0005801236360191693,-0.0014475444680361847,0.0014200812753996312,1.4578313524014193,-0.0011913882230506932,-0.0024225281849871707,0.2719618980773089,-0.0014378844623318243,-0.003060265778101614
2.142069185189767,-0.49083477637552564,0.0041170571048307625,-0.003853506904335135,-0.0016382031974294803,-0.008822669478876598,-0.031696947110426484,-2.691194475996176,0.006176151901496119
0.005204724131407216,-0.6535921309253263,0.9926435253834532,-0.0043216686961367184,0.0018223076338023988,-0.15938623090341061,-1.9177687664550906,-0.99652668079741,-0.0035245863646913567
0.0005314467689532237,-0.004131416277013807,0.00392287795016375,-0.008009381479495946,-0.010479466474995147,-0.0007580221790062132,-1.6169649339545265,-0.004495849510486828,0.00714371997139035
1.8360471923747088,-0.004960603942775754,-1.967669447097241,-0.002382349265899711,-0.006009103182207629,-0.00632793404307707,2.8236132437855797,-0.04142991149604647,-0.0007544094546203528
0.07784050805874367,-0.0027155391480990047,-0.006249842505063271,0.0016939386980444888,0.00202921560867742,-0.33569386736900847,0.0002526540700267875,-1.5694629716707376,-0.013931061060939075
0.11504938303234447,-0.004205754657313728,-0.0032413442320867567,-0.0040535398083660825,0.007183153915808241,0.0014246311979535875,0.0016627311012014693,-0.011758980697866385,-1.4044275748640367
0.01626236739224908,-0.004765737039586585,-0.0038340785291101987,-0.002353028829518944,-0.00013951591560979406,-0.006473905564423586,1.3992659767725422,-0.02778795855872116,-1.3408189890796414
-0.9506719402138999,-0.0017313683414261695,0.015773766656132435,-0.0001791708623467799,-0.004991876624333657,2.6682279528738047,0.00040149979556425644,0.012706075979385655,0.006427916053450833
-1.8060646236845441,0.18711807900027902,-0.0010879410819905969,-1.2747213786396323,0.001745570595071036,0.05622732652090721,0.005335584836630762,0.01827761247529117,0.002801860193619554
0.24703756461850246,0.00010473490440651712,-3.01574040035153,-0.0014299382445126275,0.006832071806314332,-0.7047046426924288,0.00475373680688264,-0.01759970385172436,-0.03711171290034754
-3.8000409660492624,-0.006457745706415982,0.008254994368382201,2.0403048477022248,-1.266014139669319,-0.0009711559765519032,0.006681526227965872,0.01832244517007975,-0.013799581637516711
0.0019074666344795037,-0.006257318968005924,0.002821934213622012,-0.61038571260349,-0.9443633418536066,-0.008533459024008486,-0.02516245958251819,-0.018511250799543542,0.0017050155687929267
4.639403253597685,-0.05497810473133416,0.007054128714801558,-0.0042538078142139325,-0.0011446535063330612,6.839083123974087e-05,-0.010004148670692832,-0.008796798187962147,0.024508103045074114
0.002065375635520613,0.006729816738024551,-0.002885326053347579,0.6058780996341746,0.01091529712075141,-0.010014525970827432,0.5362967715400901,-0.0016199421996085026,-0.9363425845099557
0.0005635294319591834,-0.6474659461866702,0.1329462033718613,-0.45938115619072917,-0.0016863531988956263,-0.002257736549351644,-0.009569154738919216,-0.033732744895783706,0.003414208354280828
-0.2675468437912225,0.011798798866253235,1.443349740149075,0.006110150040646481,-1.7503756601309393,-0.002328478612054373,-0.001683980758703027,0.03515998391069587,0.1198839640596161
-0.0010543559365121164,-0.0013463678464812067,0.0036966019838944103,-0.0024861814050594665,-0.012230191021312698,-0.00011905703974035227,-0.017780499551659265,-0.0005309512109580187,0.009419056579470737
-1.9695899978752776,-0.0016455548625848235,0.003670176103015038,-0.0064770874594251154,-0.0020585724347990937,0.01067850083883963,-0.0041409663527742745,0.007751743370625869,1.2645283787132584
-1.0335694758692293,-0.008988736523335941,0.029746612702941704,0.003318209736339152,-0.0025718089236021514,0.02971380247581795,-1.596077958168014,0.011242370101579247,0.09274781721614311
-1.6481991089996357,0.0005683552915843516,0.001491178383522685,-0.005273381262705688,-0.0006395194213521457,0.617585810080271,-0.004990828448938601,0.012973532913979189,0.017066084257584768
1.9632489763792265,-0.038198199622020985,0.005214414319635728,-0.0013174782419206538,-0.0033240748675770065,-0.0034306914612761384,-0.0020431697830312484,-0.02238150372051377,0.0024410496678471116
0.012894106615032402,-0.00324284284453702,-0.010522273837106848,-2.2623112274331345,0.00946573503683302,-0.0001111850841089245,0.0027846277661938666,-0.04344728922821467,-0.030079002195629374
-0.08339729555596714,0.21835097018702943,0.00072110860757197,0.015166889954952599,-0.008612244149105282,3.3502282904270784,0.0012125379744705282,2.6656999050955297,0.0030415610294352025
-1.7340334256816026,0.2064756419926403,-0.018900561818742126,-0.0012675118440925838,-0.006957416603865778,-0.001844203084462923,-0.002171351202565376,0.0017380216534526437,0.00700128004852571
5.44199365331516,-0.043591928268344224,0.03433378773564405,1.6875244530130762,0.002579055878412881,-0.0035701127519022335,-0.7042950099480838,-0.003195338044937615,-0.02746951629994232
0.265718250974232,-0.004898869625347766,-0.004092564535064383,-0.0029109919526747107,0.9988083725277157,-0.0028189490737594255,0.00996346345101297,-0.01932245558551831,-0.012102014178188791
0.05937160058811495,-0.004473004948036537,-0.012589274812549477,-0.002034547870443517,-0.0005996655924616102,-0.003676690105422211,-0.0020508754923721463,-5.262311973413252,-0.004224544921905257
1.9280077571518373,0.009890664921076986,-0.0032716158354775884,-0.0005366764023700538,2.560286261035312,-0.3747886780113736,0.0015040469769184719,-0.03487558099423971,-0.14131837700197059
1.115004745238131,-0.0060707073233915295,-0.002884541306965017,0.007319539843285808,-0.003989822676406891,-0.010608326679831746,0.0023463205822015984,-0.023882490221136452,-0.026614022859066583
-1.7373784832749557,0.009394627743538893,-0.0048823868089671735,-0.015572151483935967,-1.275550506319203,0.003910031766207488,0.022998974534943296,0.03238017041981403,0.016969118723155874
-0.0211546834918806,0.004475691407706506,0.32318690671413736,0.00010105292651927918,0.0032691443750064546,1.0661711007443782,-0.004770158126830513,0.014009723320021554,0.009450854822601273
0.6323618449997884,-0.44910723347793435,0.005140987314907324,-0.00010409129936077852,0.003744975701930826,0.0004457472182805064,0.0023455644673511153,-0.031446898717576645,-0.013999203798426688
0.005987684646403844,-0.6481915813185511,0.004115138206826115,-0.01935810483785972,-1.3414701946536738,-0.012573133572236871,0.0020131882007986147,-0.16698483659554594,-0.004840990736931693
0.0001304289298699857,-0.0038160472066327464,0.006942941438855553,-0.01584650762547657,-0.004649301488413508,-0.00039538569078896796,0.00029278745775854816,-0.0024031986320958015,0.004053347945417868
0.001296467178114242,-0.00022845929088584786,-0.002233792246533549,0.00013973557121683305,0.0017393821635518728,-0.003491559643512404,0.004050321805458256,-0.0022343931254302568,-0.003425159842448033
0.007028300103424014,0.0005443790900152429,-0.005111499305468327,0.00043913776829437867,0.060795217083236895,1.8940279081696836,0.000233601050816672,-0.0033114196346114063,-6.170552818701367
3.4045016807513573,-1.2273282423178444,0.021258780772055896,0.003058084502564619,0.0005577006035779042,-0.04192509401916314,0.004529587189660879,-0.015066657454760199,-0.011882960665133058
1.5582608411599752,0.0007310769834608377,-0.0012135263849265623,0.0010743893802531573,0.013801752592425012,-1.901374671244283,0.9908604714680038,0.003673990741641174,-0.021706779926217168
0.003600421719747511,-0.002229911162716832,0.0021609770500780733,-0.606535933984905,-0.001199564136144559,-1.4087688150664008,0.004750138210292613,-0.040643909518900456,-0.0029980038199231007
0.0024702490182549885,-0.00261671878175564,-0.004133439067662902,0.3704807642880257,0.0027305315248708586,0.0006862637881419782,0.010913478359442758,0.002726149207011752,-4.632318646802483
-0.01759388389167381,0.010893850473084752,0.003778526297676589,0.0023242269687560645,0.0027665856930304163,0.6112467410333394,0.0023708155663851567,4.211412657914601,0.001528737928499016
-1.1799003751380528,-0.0012227537681197985,0.02109062103694822,-0.0010457679516082282,-0.0008898591555553236,0.00014232889580783025,-0.005814038252764489,0.0033935827792422085,0.02972464626644586
-0.00045932280368652235,0.1769687442660403,0.000590496171875295,0.0023074115785689355,0.14759440888081587,-0.00032250378591246014,0.010618610842566932,0.00409031901824374,-0.004820906741440526
-0.010766246009939907,0.010157930639989132,0.0067453422026448545,0.8533779951145648,0.00336139855702027,0.00425724774864428,0.006800589150021831,1.0448021177666091,0.003357906618883969
0.0006382819112843428,-0.003455168961332995,0.0025755575996682847,-0.29177105013969673,-0.004284837689029845,-0.0005840982437037486,0.4820827328425837,-0.0027103953746502804,0.003436433958791731
0.027790487113538286,-0.0077219223442954,-0.0010277717450393404,-0.006517314409254014,0.00018471587252213376,-0.0015426514689510665,0.001654507366502702,-2.3481661315159514,-0.004469062216345687
-0.0033099160086116977,-0.04093664800158504,0.05446742024474692,-1.3657749504790242,-0.021038948558064687,1.569497660666377,-0.011211941143063155,-0.012287149084206563,0.028054302708216655
-0.0020920125466497275,0.002982281996483762,0.0007048045227369813,-0.0005123360788424905,-0.0021922062801465816,0.001140718380203508,-0.005306560344128958,0.004167389705676548,0.00786387943598348
0.6941137726393113,-0.0005223920758090008,-0.0017192093139311287,0.00014860420118076876,0.004554152071053106,-0.0048628621707418425,0.003983464888818536,-0.01163897205732915,-0.21945737392571207
-0.0010615690499588826,-2.424718603465756,0.005644335247617516,-0.011990016926188618,-0.05393683629050272,-0.004299600023330543,-1.6875108851765914,-0.027419363577112,0.008468906804835093
1.1447748765358894,-0.00047672325705950223,-0.0018415890132408314,-0.0023872734680288254,0.22454773651825455,0.017461170183479265,-0.0002973834741704755,-0.006892922766060062,-0.00976256147327656
0.0029212445820208308,-0.021593784399848888,1.5842686478635353,-2.45044916596449,-0.009293337720029562,-0.034214560825147254,-0.012560565088002393,-0.015207227594948601,0.0022114666729083216
-0.0021206932698119387,-0.0010437992954929888,0.011752854594034053,-0.003135576240295674,-0.00746976968437324,-5.1715171816041445e-05,-0.0016537673581636133,0.0034482997119809214,0.02400257993772316
-0.0021662079702519793,-0.0005546948186372644,0.003239458770073602,-0.27469187040472076,-0.013564102780966304,0.00037248225587465864,-0.013106234260282729,-0.001031793966667069,2.4557891098435207
-0.002243323679393606,-0.00461780840599785,0.003894103997799307,-0.014947623096146298,-0.14881737628531594,-2.247338071074363,-0.008570844803011221,-0.006126767571412739,0.07350190639147364
-0.00030274648201245903,0.025712107356275188,-0.01064299722947654,0.014275335290218936,0.27685862492015545,0.029677163211434918,0.820725416157159,5.1374138842039105,-0.011648879393719697
0.0028381878132749862,-0.19973170915173405,0.005370886338280912,0.0003443329195865723,0.0027438992259659727,-2.3272871345178396,-0.09142645170134328,-0.011359641295035848,0.00480313781298565
0.00019954837922498163,0.7580574536083008,-0.005173585454006793,1.2193405895759626,0.11745663651120714,1.530414524932311,0.0022788969400261982,0.05407569370013687,-0.009927695116776825
0.00842887241762361,-0.0009124674228664512,-0.0022989253921801046,-0.022914307693170044,0.0008703083970975582,-3.0200993337670288,0.8662895239522536,-0.026106665272690198,-0.007306052383776018
-1.0686765610604378,0.008299498489605362,0.019280076955402403,2.08712565078216,0.6292108912747316,0.0013721814729459629,0.0024548533317152836,0.04141573712493451,0.0014999261905615513
0.000856490690702914,-0.0018757352793504697,0.0034033276775638534,-0.039968899937376935,-0.001015786544130916,-0.13787819104606416,-0.09950338099154521,-3.851632060685732,0.005110908635554905
3.445860152861033,-0.004750300768381067,0.13824014794929385,-0.6558681409703881,0.007121569890362521,0.005570667350480575,-0.0043825748219002425,-0.013103239983282979,0.010575485969871679
0.025809806007842672,-0.2840893784874991,0.0008789897005200276,-0.19749185896439564,-0.0038688104976713636,-0.004176087684146368,0.01110513504687366,-3.0973647829127455,1.0912331308676748e-05
-0.016258296463467325,0.0019427172283491174,0.010193791833953794,-0.8360149509984256,0.0010988102130746061,1.0066098800558567,-0.014624204396675708,0.028469666878538025,1.7686232408592506
-0.0010012748736470192,-0.007135351750344474,0.005863251002893303,-0.006698354368386807,-0.8918343647634857,0.0021681313119967655,-0.3814644589393958,-0.0006966917805828476,2.6229545506668215
0.00038891387836284715,1.911862548927719,-0.0015662258089649576,0.02574279203635334,0.06505673181214072,0.5097604349499386,0.011302992849956329,0.2320562452986787,-0.009851095147907607
2.8509404267149927,-1.0868925169086536,0.0008813496518503897,0.002481522854929699,-0.0035790836985169494,-0.001896223898069154,0.007293242389202766,-0.005807876725358334,-0.012463126012062453
-0.016559330000760906,0.014505220076935041,-0.03382541244918769,0.031193205484458555,-0.0002884325371450072,0.0044308505848509065,-0.15280165052588793,3.7777797010508474,0.004284256803840425
0.01834099303106458,-0.0011426497184543565,-0.0007396897243101344,0.0004215839379862245,0.0034184683493195048,-0.04975696667392791,0.0023741120599909014,-4.51147676040791,-0.018287026801844866
-0.0005246321481236597,0.017834534573666717,-0.006843537467672907,0.039259220388495296,0.031095210512581392,0.0018593044288472615,0.08936802194321598,0.005755064617384734,-1.4409720821526886
-0.007072022335363925,0.0010098454695948475,0.03411558303237041,-0.0029574597406374125,0.00044048303326510614,0.060835304100988835,-0.006296976443216697,0.009356950758243127,2.2535593629354143
0.0014245964240103132,-0.00038585006197091286,-0.0051970526793439446,0.025480656455317142,0.004268056128523304,0.002074260828269593,0.0042289840124957005,0.00033397891167676746,-3.5505925367112705
-0.22674544628822593,0.8484182574887587,0.002060704192036099,0.03926176745124329,-0.002642527875861441,0.003300859050539675,-0.0014727558816259967,5.776432946677333,0.004353576504982637
3.4403360820146967,-0.007195014674171415,-0.0010893451857020495,-0.0002293322569175305,-0.02095037469385712,-0.005215523766377454,-0.0002978954898194726,-0.013441739962991462,0.0048590713741455405
-0.004170324098699471,0.6875189397214658,0.002553741857826442,0.004825067132695855,0.016008043020446783,0.006360371179499317,0.007618579346961741,3.6787786713917927,-0.0014476229049491876
0.00026947024548500717,0.0036518446658602073,-0.0008045568824584194,0.007184562366350003,0.21969057517280494,0.004988297262701621,0.004377524485529758,3.4671818748683467,-0.006166161186202876
-1.659654814016085,0.02649375831667459,-0.0053558724098013155,0.000439964769829602,0.002272276438249076,0.21321692733571226,0.002902558630046551,0.033079343269028345,-0.0023948199477239474
-0.011549932929400566,0.0013223332900317145,0.004677049502774657,0.0017549730826367724,-0.0024384839773934994,0.3321163785821005,-0.0012455428101715493,0.036830237488704246,0.016216580613910434
-0.8564013860895512,-0.008256378253149173,0.014663151003623781,4.76003703311843e-05,-0.005816965312598975,0.6729250698731412,0.001818635365838265,0.021949586640257836,0.01574279770956205
0.0016884504597692025,-0.0035302400443404914,-0.01064996226848848,-0.0046686754868860494,-0.20949089999295245,-0.002963257060042758,-0.0005158705621162087,-0.007270387453019283,-0.0009326879637424896
0.008442905313197753,-0.006537408445507029,-2.249408318358975,-0.039573378172168425,-0.006830789336562405,-2.2951021575096076,-0.9414879748033622,-0.11996259137539178,0.012727857295509626
-1.566077856464651,0.0015001738577491478,0.0011731870645246417,0.001456290467807161,0.0002563771894787126,0.34608582455009623,0.006302115333566579,0.03507450619475312,3.127540784866878e-05
0.008251772375623079,0.0028141591303233945,0.006275810540955138,-0.004057257857889254,2.640907289887239,-0.1499568650914852,2.3569712641496965,-5.351725334218262,-0.16212535852065546
0.0024367450665912227,0.005255530688221481,-3.412796420967647,0.0006838020226745262,0.0039196369690181485,-0.0025064660196076304,0.00828617362853839,-0.002575625490427759,-0.05621006332800871
-0.0023912935715097554,1.8522034859678755,0.1614898800973405,-0.00034105869047965434,1.4438585321022477,-0.0010016082780780538,-0.030762423829750182,0.0006659716755730433,0.005578966880200705
-0.0032177440717240146,0.21600039443733907,-0.9137446537031291,0.003495568856160828,-0.0018074551507807064,0.0026458953938075774,-0.0006586479058487348,0.010512806592338155,0.006460737597131762
2.0887393071674865,-0.0045688971629477436,7.200443726589935e-05,-0.003545943579168552,-0.003719382161254293,3.044644165091398,-0.0027528133498087564,-0.024151716155572673,0.0043403171149065355
2.315380417540805,0.04639107343084081,-4.423059424288834,0.0032677101097873806,0.022057611483635664,0.0040141698351432165,0.05053463863713836,-0.01223822414988951,-4.360205659694003
0.0012386358192074788,-0.01079766019196662,1.4772661392485487,-0.038694627898502316,-0.007651351882902809,-1.1843551504732388,-0.0015502289239715623,-0.018694166617184316,0.007452674740320286
0.029738634438546248,-0.005423828478307373,0.0017103166146130045,-0.009558751511261985,0.0033980532670561934,-0.03596222815536241,-0.001906088439169064,-0.8167302498758333,-0.007337270629360364
1.6081384974346933,-0.01027833418926389,-0.0015762820252352636,0.0009116016861076617,-0.00794494584118649,-0.01630253592338557,2.8102185736193075,-0.015864759714207505,-0.005761164593680257
-0.007252932913328073,-0.0006191047161534593,0.0035049331423208426,0.0016251882692339314,-0.0029359724942675026,0.6287160452532976,-0.02958071696669782,0.017325100954378548,0.009321949627728431
-2.826259862383181,0.002758156169273769,-0.0007172602170093315,0.0013816973759277415,0.0008705461812996591,-1.0389241890199035,0.0011994142816130413,0.014887609338117929,0.0034184801546417454
-0.9512695726124057,0.0063442838542895315,-0.13016016218397627,3.397727459254741e-05,-0.007929459709162458,0.006432125592621211,0.0007608741505700616,0.021771848878069718,0.04522156791549836
-0.0011361978996228443,0.008152775823860784,-0.001753990445393001,0.6361389492536595,0.9450572691320116,0.0027172723852656113,0.043355626803696895,0.007005724009334267,-0.006612574556914767
0.5137389664198624,-0.008644673408614563,-0.0009069447298721903,-0.0030217182985660656,0.0035798389927330625,0.000803032493475846,-0.3275086864627495,-0.04208730514876618,-0.009901872293948462
-0.9064383093532244,-0.002860950731275541,0.006789264047518655,-0.0004197078545013417,-0.0030728556326647914,1.2347295923835795,0.0008346077299379116,0.5021457664367328,0.06716949311266018
0.02871543067524261,-0.006016400387398324,-0.005860776872763193,0.00011411031594867397,0.0027412641018417297,-2.101648135638353,-0.008009028081548537,-0.3194689693131754,-0.006731125726413031
-0.005750373358060453,0.0041934856685258304,0.007244783755076126,-0.000613205998183343,-0.004632988246421976,0.001236828705557745,0.001505475361196753,0.007296022400469466,0.01754345135555687
-0.0031635219244350726,1.6911809261917557e-05,0.003622071391435106,0.0006963337367363667,-1.3782692343971021,-0.0005334049029899297,-1.0943144185794893,0.005853261708087089,0.1419992220779298
-0.0008893951114413712,0.6014177179158663,-1.7234508808985465,0.05377580405981318,0.4933611461455492,0.003160831826341401,0.24699064835076942,0.008231964858554715,-1.8038331513628574
-0.0015288681824489649,-0.0015385031223639723,0.004116112275454476,-0.0019812771788908067,-0.002722889406041098,0.0011862899168220507,-1.5804171140242442,0.000980278212930761,1.904095688992804
0.0016204697281764803,0.9831622855189587,-0.01388129593182068,0.001687637076340339,0.00450246259018015,-0.548412471015047,1.1469305604482019,0.0015332961020071102,-0.009405541155567507
-1.0328456186604458,-0.0010772536840771736,0.004276131975933654,0.0006617414300620107,-0.002690039983327193,-0.0005639823175322307,-0.004049273756493206,0.012462202801188593,1.1702332616155173
0.0019374615273550317,0.023482523753839957,-0.7922802592400114,0.002400697961278773,0.0027992031656727105,-0.7261300109296932,0.0060777990452785665,-0.0005183437992384255,-0.016948109801046593
-0.0021127903952735307,0.0005351411512458061,0.0035719514857126527,-1.4181460938337616,-0.0062422246408502975,0.0007290764078634317,-0.005032695331745433,0.005626551354754376,0.011583478562773534
1.6479275079455158,0.007059990629432722,-0.002888893462080964,-0.5203268413379433,0.0037523529171062976,-0.6650244083105223,0.0038265704562430464,-0.02643453279517785,-0.008771178984699757
-0.0020200819229639557,0.8592767808606234,6.681358338967358e-05,0.004368158263572631,0.00024260343743714736,-0.0005995999937010708,0.0046863327923638565,0.016454112022433857,-3.607735000108001e-05
-0.012140237289842842,0.0011090623369288508,0.0037201832286070627,0.0022202616218029085,-0.0033448038459899273,0.006289867225100337,-0.004403692516625578,0.010430424786946006,1.4974398765204364
2.0028100164113645,-1.8800063573474426,0.012639523047834444,-0.7837831173881731,0.0031303214296647813,0.0034094985387510077,2.928514596870031,-0.04531324165343906,-0.01035236583303889
-0.011550358226251188,0.0028472760101089603,1.1540992408722954,-0.0026688860509989053,-0.0025495644234095546,0.4155531227899121,-0.0021191605457361435,0.00805857023151129,0.458550512451253
0.0009448792458093613,-0.00011839094195641769,-0.004129922549174196,0.00668755601775643,0.002361010614802135,-0.00013757930799137086,0.008361585903115486,-0.00026605133038144204,-0.009722473285260958
-0.014109858700328062,-0.003362551665812648,0.27228944781179676,0.0019901984681355723,-1.0190528207173315,0.006187613130313765,-0.002932001766417029,0.008735012400449715,1.9715739668957335
0.837679843038677,0.0018430681082021979,-0.00785462853830932,0.0014729585147021532,0.002618321101841849,-0.010104771629063975,0.006696946552047559,-0.009550925292744695,-0.08658336503307856
-0.0028181957845550658,0.0019358992912533062,0.0017604326984753142,-0.007682387171854944,-0.006471273634991092,-1.3643159449848739,-0.943897793117776,0.0006271550222113386,0.024980123234103993
-1.382498595970166,0.1460081851883844,-0.46304440758835413,-0.0010902827586852905,-0.0022412870667950745,0.0009554507399461334,-0.012010858407582327,0.00902874888818109,0.015666684906327805
-0.003791053433593941,0.09519059009385672,-0.7134742498311804,0.9886433192001935,1.6078132693085996,-5.023940385241315,0.0002549339522338809,0.04670149927331152,-0.0028576317532824635
0.006918446769457964,0.002421505605706151,-0.003756376697275407,-0.0005611189815546737,0.01617401005180514,-0.04776746156467754,1.7510519548453933,-0.011094740338313591,-2.824896516647299
-0.008982230607212498,0.011382953246142873,-0.005790598370536897,-0.9405804168586088,-0.006726468140531655,1.239833440977118,0.001890434934762139,0.07979631075536359,0.01581779619862217
-4.309535198204058,8.263886088387754e-05,-0.013756575873502375,-0.004728689057663538,-0.28476258732538384,0.3913136700242953,-0.0019022498056748202,-0.0001748163361954963,0.011569196230336476
-1.4593488529242418,-0.005337923754065277,0.007055367806534027,7.732144812232916e-05,-0.006004533031258731,0.0018128040381378031,-2.983204070452182,0.013328564324421699,0.25710164493619914
1.4412315881834157,-0.019028031445855048,0.011905758515557547,-0.963797063379852,-0.0010489574414221745,-0.001695122154783349,0.011378770637913154,-0.017946291546088972,-0.005812733970083389
0.015421943401427995,-0.0020655020371828097,-0.006875350751249985,-0.010302499670496002,-0.0017097465816510492,-0.005875999209154394,-0.0008663175216970908,-3.501123010952634,-0.0026369858208402305
0.0005558940001610063,-0.02913940754501888,0.0028792496293200773,-1.6139946326768544,-0.0024338826587223007,-0.0006753146673410652,-0.008292429999261702,-0.0035871855341515577,0.0030269194628026273
-1.1006812438969786,-0.006746625307485484,0.014418422414704295,-0.00030649809979193914,-0.0025544403140503142,0.026041616474534617,-0.023144066636364192,0.004396063064755141,0.8602707789260853
-0.035791364649805334,1.0583965327124902,-0.0008320540451410655,0.00631569370572175,-0.005921605848189106,0.007329609520596895,-0.002041931571462354,0.9937859661046089,0.009183463459991582
3.4572912114586476,1.9648028191489058,0.0020102179249711083,-0.0063903536325006114,0.09492168785795196,0.0005447252129697332,0.07868282075691024,0.005627221879986537,-0.011200403705859618
-0.9214614757886772,0.0029044350651397273,0.00039142145106144804,-0.0025874568800500555,-0.0062298825954861595,6.488795596833966e-05,-0.006461544555946993,0.008168822261309786,2.3543173154070525
0.6449023153994877,-0.00036951476535628663,-0.0022981392487967907,-0.00020261970406270507,0.014186389405506785,-0.0025272397139565078,0.01159445540072927,-0.005491495690224873,-2.460275478241936
0.008471839356577327,-0.36470480944772277,-0.003591154957951443,0.0012188429611367992,-0.0021697378510893324,-2.659239129181746,0.0010023636395794198,-0.13074172590745153,-0.005745693865034623
2.950475412825222,0.08636934741019742,5.7122000242104676e-05,-1.7985900003074828,3.5701487703914854,-0.07276386624624676,0.015662372879711575,-0.06323766771688544,-0.5665423627320578
6.744372492514691,-0.001367248103140914,0.7680118026072593,0.007133424578881553,0.0007392583655799617,-0.6182649088456752,0.05978887314489931,-0.010511003436431493,-0.021496997957101582
-0.012679364335423493,0.00041009261676125223,0.014857747290200861,-1.5573302086657876,-0.003981920278245146,0.4990748669154361,-2.348837670763249,0.021152849529499446,0.14285327789851765
0.015081257683625476,9.81540081790716e-05,-3.2429883324904765,-0.0008925105699872891,0.0017834806180430378,-0.8166123779305854,0.0007479155786912993,-0.021420189951596173,-0.021152844427015427
0.001119670758847541,0.5622334728284345,-0.048093571995049475,0.7777855607751317,0.2896139879318682,-0.0014122730393567673,-0.00023282606269545668,0.00038722372227296097,-0.007159362209237034
-2.632221284291968,-0.012484658225845978,0.0006137261273714834,0.00014237912898344088,-0.011306336073627639,0.17670585288034818,0.48023884124605243,0.04311250203297651,0.027939985476477247
-1.9174914407765784,-0.005399024134003201,0.0054092983093028055,-2.2173350480495406,-0.008334158058307409,0.04296949495715816,-0.0012879072697033964,0.012871637065521056,0.08552031562741824
0.002827611942497102,7.026489668194181e-05,-1.3453573762912177,0.056119111196543364,0.6887137363350602,-0.0008566423024572792,0.009308071291892817,0.0009455955823334111,-3.659643340377393
0.0029070370865288174,-0.3667553706130772,-0.004868139362928422,-0.004487877817982318,-0.006645417414689183,-0.0002983222347408446,-0.031625809659854114,-0.018858726896034683,0.0006344710002564476
0.3682345980914995,0.0017402621887608381,-0.006573472399780825,-0.14302418842353629,0.015596844026518602,0.0009923562462469397,-0.0006390491112934615,-0.0443101423322463,-0.017286450768991178
0.003988981646281524,-0.0009975612104330088,-1.1513629988826326,-2.1677906091845482,-0.00689429651296974,-0.9291421852672256,0.13332053969838142,-0.010670013080279022,0.000631359248963459
-0.004894676120103311,0.0007034162988807899,0.00649051427104208,-0.011326193751027183,-0.01756985021245167,0.013232324617680242,-0.002155771583927677,0.005613341417618591,0.05215553894945849
-2.3290026598053912,-0.3636254712455603,0.00246777480198547,0.006372239952248071,-0.014306811378303419,0.04356291521937484,0.010302448884360833,3.823800761043056,0.009981157745942326
0.002540789731181395,0.019078115309123542,-0.3414863718396355,1.4072911415134124,0.02683952782041936,-0.00016779866129893774,0.030785653770837355,9.191078271397063e-05,-0.3681718365539217
-0.0004062080903052808,0.06152403150199443,-0.01714676122487844,-1.040239364447313,-0.0027160683447673044,0.001993620460215997,0.00361853527722252,0.0003648946172825635,-0.0011604600906979729
0.004910500776476532,-1.1360075817726096,0.1609394473799401,-0.07363722589669709,0.003221195992036267,-1.5587273191765587,0.00030381587542351474,-0.07481599269819178,0.0016756978052375887
0.005364632944268949,-0.020644077238979326,-0.0018604586447184062,-0.5467350334400471,-1.204517357216458,-0.004698349682379869,-0.29724983413743106,-0.09178910200811935,-0.004062380996199495
-0.20799194730619697,0.002121621245519337,0.009766325532380814,-0.0009354056548378439,-0.002657596375649094,0.1381398523515104,0.013361462689246362,0.036947310465417986,2.162115411934292
-0.006874829271566452,0.002432561797831469,0.785422867191937,0.0008944993423830095,-0.0011382708467145425,0.001600638405946089,-0.02646943519240467,0.005687842169056774,1.7486456500983691
-0.0006937327139184123,0.00691065344432196,-0.009384544869662993,0.15026097681570363,0.31635194748639983,0.0027210701787135087,0.002137786928516272,0.006647441009985737,-0.005415033528019102
0.0040472827705699994,-0.0018171943504060734,0.0013013207365928157,-0.000963192948040266,0.8733650958387686,-0.004704782543289094,0.20319286354413876,-0.006273840296272089,-0.10649965147068419
0.020482179223006873,-0.002656095007672307,-0.014351548213509549,-0.9195920619681627,0.0007233357625947802,-1.6657400059183867,-0.28843397317940694,-0.6346624890943897,-0.0030886470228742163
-0.012479874425567965,0.0010710446612217164,0.002579910875149639,0.003730115240349644,-0.005265062350021639,0.40060697888457164,-1.0335822802098515,0.01894584128563363,0.05723460007758649
-1.0290279670059015,0.0016204537104331416,0.0014368517550616983,-0.0022954196743417794,-0.0027833280796918398,0.0017602922375387555,-0.0009686013791173603,0.014374158203694365,0.03092722563573902
-0.2931802914848325,0.0034662547584304697,-0.06080545951671478,0.007180160276585919,-0.03915341215568954,0.013558922026082776,-2.3835885212269563,0.04514201476759952,2.9223573592571146
1.9417317601909876,-0.017906407624369812,-0.0005588037710479374,0.0037490695293247167,0.0005779486255340568,-0.0011674216927183107,-1.790840533378974,-0.0051086370896089445,-0.008220233395372922
1.5176271007918711,-0.5963516327395316,0.002869554226081601,-0.0044298773966037685,-0.03959903373693169,-0.004093103717169196,0.10655109038756566,-0.029546771060552052,-0.0058617718591012224
0.02089878996531898,-0.0020862486742604363,-0.00010828453478111235,-0.002563670156473418,0.006681940704992317,-0.4788155356694103,0.01709081221900608,-0.01918567329964242,-0.026451073773890603
0.001487157508516075,0.0022448788915233804,-0.3182493082045952,0.06022178529099241,0.5833179827500669,-0.00103253089385528,0.0012346022654244925,0.0012741538397139738,-0.11374406873939896
0.016058692547408493,-0.06587952514592392,7.7592457052363e-05,-0.33240911591743066,-1.4422829693270007,-0.009012093502489566,-0.0049815424680336486,-3.5178741880196887,-0.0008205645186607803
2.3232863505294707,0.0016570239159233204,0.0028917867954177667,2.798141398645998,0.01878263285521195,-0.003927987562124055,0.002964268600857696,-0.01081181894217801,-0.7101745087866433
-1.5838583120912708,-0.0005417260404331214,0.9901575949010535,-0.0003952399610007429,0.0013103550474358981,0.002986198149802829,-1.1753036496655258,0.015408971778468006,0.20160918798350735
0.04204988785911071,-0.006606661376388309,-0.06334320292207599,0.7505303703037813,0.008474377861290976,-0.012013869866674914,0.004152509188490661,-0.008198090029042596,-0.09734273015918334
0.012214911608782743,-0.005010368754745878,0.0009763935360539253,-0.005334438513473396,0.0037570387015179833,-0.048603769095295665,1.3914085938418173,-0.026247156245213555,-0.034120932355398065
0.003053686222388155,-0.0037852947155106423,-0.0007846859869294152,0.001404068093415269,-0.0017652043076134775,-1.7967620805629454,0.006023746833211092,-0.00550070377410665,-0.005447186685883926
-1.7038213000443316,-0.0029624102377259626,0.011646716368037956,-0.040054118480248264,-0.022660357122845844,-8.920103297484216e-05,-0.006758936565694193,-0.013546460512667695,0.1624603932374602
1.86605963294721,-0.0032946285058039525,0.001030429320679864,-0.001707330989012839,-0.0025579703644492066,-0.13045374577446894,-0.001969558188540412,-1.9207235336183128,0.00023953024500528164
0.0012662158147952775,1.0627081998792967,-0.01746355744424549,0.0007626094267959172,0.3735615771535311,0.00015635118297356327,0.7949775833315048,0.0018256882881295313,-0.010069210220673513
0.027543124861007642,-1.7774819232544259,-0.00012072516763253494,-0.004576196219599611,0.0042825815870343766,-0.005937543974729633,-0.3643164674851025,-6.9907250539990615,-0.0040632386624336325
0.00417749637072427,-0.5430583860751579,0.10115949310015022,0.0009122866919691985,0.004485439350970188,-2.5979919547864108,-0.010049181455412457,-0.051913711151085555,-0.004655075298709288
-0.0015222087643507257,-0.01146737425622718,0.007777524124571089,-0.957459631661649,-0.12025984349881827,0.002894885065157341,-0.29443793232041726,-0.007275579808457916,2.158854348115668
0.678418159057417,-0.00021891698149388702,-0.012873375964348703,0.0027204299046001638,0.08610319967607172,0.005306838968208848,0.003244679518115621,-0.0021267474500640334,-0.26180906193719844
1.1609644041700633,-0.018443282201004246,0.0029728291026638806,-0.01583236348127075,-0.003949146256348797,-0.6009935281215936,0.00033995297660920423,-4.885049174014165,0.0023346225275929777
0.01545111794297321,0.0006929105072432029,-0.007486308018412269,0.00017066342235707254,0.004620111726172476,-0.8922409548720007,0.0019700450990654092,-0.0263491432604358,-0.01874819884426044
0.0018761162863859871,-0.006198035459901753,-0.0029225229593039534,0.010205690246707725,0.4816380178379959,0.0019140095793623258,0.002684886520056953,0.0009435250620125316,-0.020884249801461644
0.00495829720419801,-0.012774576881049706,-0.0062133457702340305,0.02606769632349563,-0.7610283477040414,-0.3018169569499944,0.010360470587706522,-0.006945582635481393,-0.04216376208432813
0.0037668069516799407,0.008722365476394245,-3.131703716912676,0.8092178351665484,0.09500707531705832,-0.022008500426664218,0.28878442680189037,0.00026926566017432263,-4.034295232306764
0.015313744571383407,-1.1459122580493095,-0.0035104473552525785,-0.026826935863815453,-0.4870097994936745,-0.010337764103190962,-0.002530280776633198,-1.1549742459827663,0.0012231203722897488
0.00021778223017079944,0.0009421268374813211,-0.010698042026205737,-3.9438232495425134,-0.01190860543466312,-0.0006024753310388547,-0.00040062905030162355,-0.0027777969467585907,-0.0018229952804444767
-0.006355390951222841,0.0035084855760345824,0.3943648052414413,0.0023495900190420617,0.931799874954678,0.8686360304869384,0.0034253649240354317,0.021741548107339814,0.0031018240994342035
0.0006437373741647809,-0.0024388303206670336,0.0016870308281563512,-0.003366829311946953,-0.0018523359179305353,-0.0017468457428885947,-0.0011156599901405366,-0.0034233926236746284,0.0013630272686631808
0.00033524715283525085,0.0001934299240145712,0.0004430816780334689,0.0019720395176625527,0.7524989445422139,0.0021129071894730816,0.20283332583812838,0.0016616174767013596,-0.012684628273283871
-0.0013895750300769614,0.6843944479401715,-0.004079029697228172,0.011424632389372653,0.004763488516981617,2.2288232849938137,0.021235088218045924,0.05429745812913456,-0.008479026139414508
-2.165121820361041,-0.034975716994577716,0.02776252394469606,0.019666370658053045,-4.097319117367035e-05,-3.98662461190667,-1.9941150990042604,0.032830874506721563,1.5241330299582598
-0.005504938261098408,0.002982490540989131,0.003037890290243152,-0.0041223119235343445,-0.04440342846862933,-0.012184712677854898,-0.8646592553809663,0.0019637095332923488,5.724679360074642
0.005894215851232866,0.0003173797238206445,-0.002000235738959775,-0.014530640056655244,-0.0005131461586201282,-0.4391310927224243,0.0014621884554392763,-2.741244314496464,-0.003078356597252363
0.0012396954911140096,-0.06157631840061478,3.000388762149277,-0.0027013544480883073,-0.005031445984611511,0.00024593938764557767,-0.44339440039024136,-0.0033741087732025755,0.09697914606543656
2.2906059047856644,0.010384994403104477,-7.323649243115571e-05,-0.0006517180131037966,0.017766370722874875,-0.007315899660033907,-0.0006812584122710928,-0.00829234334855759,-0.03246915213057355
-1.4580594070992285,-0.003481735126143401,0.011890195175468403,-0.0011512382632062768,-0.0034329034390146694,-0.00030187709168760443,-0.6091751906587158,0.0007465525834013109,0.16834944401629182
-0.0012135414755342798,0.0008541826538300528,-0.0071194068000760185,0.000717232957197597,-0.5740944453398303,0.0012305811862014264,0.000352556099936332,0.003616457405047425,0.006696945617054809
-2.9560013190588816,0.008243176308820516,-0.005639571114395385,-0.002983592730519624,-3.165121273716868,-0.0009577773401637929,0.0024000076343820196,0.013882358682954843,0.012379729001587458
-3.081815814283543,0.012305998792393899,-0.006365046164147382,0.0041664608395812555,0.0069205613976946745,0.12046052601671128,0.004781287012508871,0.0240434546255883,-0.005777264490003209
-3.4991614226858445,-0.006606389447742375,-0.0008851917985547436,-0.001573236869761907,-1.1020366551102185,0.00845479475686653,-0.0007750142130907925,0.026650487879745388,0.10752371902379965
2.1551620431898653,-2.422987390868384,0.012056286714793016,0.0003217746274766322,0.0056287832108936064,-0.7769314687663977,-0.001033516011201734,-0.04869644549717139,-0.007686925824157198
-1.5138393903188136,-0.0037914939137724396,1.0258209809230017,0.007328758809303249,0.00026350855879288954,0.003568654462005511,0.004502678844921781,0.031432451676710604,-0.001820631715326232
-1.677956596560434,-0.5957643653307426,0.09018972256792063,-0.003068177731064543,-0.008072586047898615,0.0025893900655414403,-0.0038538004492203286,-0.0021550878775993664,0.07375522705752513
0.005242699060381215,-0.26767233384223604,-0.0070283920661202495,0.000723927884518001,-0.0008998552716256259,0.0004174317234509317,0.0014166585845099258,-0.009076676201719992,-0.007724926325118845
-0.005910832056708495,0.004261952881950762,-0.013657283538617226,1.881321754917449,-0.02230245440592158,-1.593159839048136,0.3985711613039614,0.0536764313607826,0.0029616006222378533
-0.008036920228416771,0.4952389931455606,-0.0020569873907296766,0.0019480721929655749,-0.0010107721601130628,0.25837388619278356,-0.002421526044348094,0.15642803753889697,0.005177360517944528
0.0026881930011415753,-0.011048548795737044,0.0003144360719198945,-0.549912105530229,-0.0016833783780431776,-0.0037648400025150756,-0.00636092718642745,-0.02498488856608017,-0.0011040911202629055
0.003062541894722909,0.012770298530508312,-0.04149119510858512,1.129004618063743,0.8116928251999181,-0.0019297169541953527,0.01237936273347122,0.0017499968419676104,-3.1604712791539473
0.002085255855581166,0.0009434109569935126,-0.008996916387491255,0.003180441703222247,1.105033192059012,-0.0010100957598965362,0.8709116352779142,-0.0007140605555739678,-0.14482150784805703
-1.2390419822730152,-0.01595723153957085,1.5630414568551676,0.012825414491635885,0.0005126497375748731,0.003524152886973742,-0.01390761668958491,0.023133940794188568,0.011252894686826553
-2.4983184180843354,0.6855425830847555,0.004682691012829065,0.001501323469365018,2.2079488400606513,-0.002266716555881336,2.816668227467912,0.024153382994870243,-0.0002668020851267546
1.5070213935337282,0.003137205213809072,0.002904114331947226,-0.23451828062116795,0.004827622173550688,-0.008454672653015563,0.0012219162702605223,-0.054703558577237264,-0.006868305757553983
-0.010364511991337404,1.2956405798567538,0.002278738277619894,0.00443764904617957,-0.0028849865173954745,1.2159597649639422,0.03538145123933773,0.2693447579434912,0.0013187095221032508
0.0012334081764302013,-0.7567718972438441,0.8492129048101608,-0.022115860906419472,-0.058801037904970974,-0.008417230302176034,-0.007694961075070204,-0.05571923645376455,0.003199487400635269
0.0016915646419143242,-0.004868160635758886,0.00422473002409323,-0.0673112853622739,-0.0019354211667536765,-0.003817642697897794,0.010357710734118168,-0.005617558394107292,-0.0012931831746635447
0.002069924367087388,0.004681766781114742,-0.04398201484410276,0.0022349165769358645,0.010102751597873019,0.0006148204128418487,-7.14257255529978e-05,-0.0012283603415132096,-1.0508621570996752
0.0058965953618004725,-1.9275266897293577,-0.01720862971106442,-0.6083889598046803,-0.03336020651678406,-0.003118331073901333,-0.7282598612734359,-0.4358898546992408,0.0015557181943737716
-0.06806067541207626,0.00038013752198617164,0.013637314037058453,0.00732137836664388,-0.004647052034700469,0.005425823935442426,-0.05576269375001718,0.0177964137512453,0.07127472174777173
0.03243013503835302,-0.04563190283555034,0.0016119563466679807,-0.004620037144062818,0.0006918516908768402,-0.00327896368117537,1.9039431240904716,-0.09057414427522475,-0.03761385684450155
0.12267115455439193,-0.005942742287742973,-0.0026180288055908793,-1.5313164272539463,0.0012259979202160314,-0.01840100365421129,2.462410853991626,-0.21756399805202636,-0.027540723219219188
-0.002514097432955253,0.002997056342686354,0.37479550785805255,0.00217232343280572,0.041172840897089405,0.015970405266978342,-0.0024629943028902567,0.008394895971151216,0.0052133579462887115
-0.7276839191883322,0.0010739021823088209,-0.027348307661024612,0.0007308911997390287,-0.021704607552944177,0.0039127284435079325,0.03227454441982528,2.930392603505931,0.011826695805395887
1.426157048977408,-0.0006705077112339284,-0.000819688965698482,0.000264346568893865,0.0020947120697395166,-0.005597399864635856,0.0004948137556488458,-0.007525767683659986,-0.014355510726896753
-1.366434000176291,0.40243769632890697,-0.030580599254559762,-0.0010449110299391644,-6.467106355099658e-05,0.6593544232526242,-0.00931438247601844,0.04356412738056293,0.012214296713302708
-1.7435664779559257,-0.000965650558129293,0.0008887966424672364,-3.354566133651903e-05,-0.0012564717759857777,0.028283954350088892,0.0014182221975746305,1.2849072392625691,0.013681137666798238
0.0007699591105420761,0.0020842620101542584,-0.013339922022735306,0.26180497034119504,0.0034780942572126524,0.0030023905840532925,0.02182193631049499,0.0019050176169823907,-2.5821297697405483
-0.730796370710462,0.009967989085675455,0.0005546677349131598,0.001262961182217481,-0.00044689815295636745,0.3883260335438479,0.0057990317448777355,3.9714034788220633,0.0014602190563975659
-0.001660131791594836,-0.6369548362657483,0.004633721539330274,-0.007185891068136916,-0.10164664757819969,0.0018372619150731496,-0.008188458560793924,0.0027731152182513584,0.015401400228146117
-3.0894600204748754,-0.0020705096140336905,-0.0189743067917508,0.008413432056680558,-0.0026551035580711507,0.004912182977205968,-0.004945764848366806,0.027469205992953286,0.004861432316604908
-0.0022130847630316888,-0.0004199968227157825,0.0037690134922485803,-0.0031009508692510694,-0.002355341142691123,3.0306371196839876,-0.0014111783853612966,-0.002667656859200793,0.0066960468873556445
2.7935973625518944,0.002893150923900077,-0.00011282771330113975,0.0033380885696433597,0.03968293868162037,-0.011946207202243573,-1.0083656109681756,-0.006189565146360411,-0.018386755674338784
-0.003917935421462067,0.0006161371853928009,0.7544612204736671,-0.0003125568332545945,-0.002667802760301769,0.005021196035492396,-0.0032880357963467103,0.003885424915208881,0.02430155028533635
1.7972579366798083,-7.676682247638564e-05,-0.002826827265362007,0.0015103249507533835,0.0018575392275623631,-0.0009199972534407085,0.0030422164405411838,-0.0022249713378199474,-0.01397018130939301
0.012652785879424132,-0.0032147186989605284,-0.008217001907683673,0.06740875495485094,0.021572066620231034,1.9510634105136015,-1.0259962114449184e-05,-0.007127491462626347,-2.31027462207086
-0.012818946910282777,0.0031709349526250164,7.269646574857395e-05,0.9632040181525949,-0.0032746369348011107,1.3829323740707016,-0.003132352878360152,0.11851834576325772,0.0106750247775277
-1.0482885250244625,0.010520167264953209,-0.012542810251796627,-1.4193226477131362,-0.016211192260709634,0.4138868696807631,-1.641824507272379,0.019805964493043282,0.3032243293575725
0.03683765659159258,-0.0028455997087069506,-0.005490981648586877,-0.0005809615484617181,0.012015150964907798,-0.0015115173007781235,0.0009695151468988674,-0.01783555411438209,-0.21940734196110154
-0.20110860685988308,0.002973062664138753,0.6292052930939114,3.2472748365134927,-1.040151145677955,0.0037184028509454764,0.0318101282025957,0.05469073262985213,0.022793739266720903
0.1496865825722671,-0.006294294006228466,-0.003204045742334698,-0.002029298777149153,1.775754301472644,-0.00766771588044961,-1.9675247824682842,-0.15748835216391058,-0.05132361574985232
0.0006632826069902092,0.06346764172289865,-2.819783514234336,-1.1828993889994486,0.0031776742276713524,-0.003750237525449864,0.004229747506627673,-0.005397729197162568,-0.009261215973748127
0.006240601743621198,-0.0005154268010319988,-0.004775479490344903,-0.00013694385319173216,0.0036847091345481803,-0.003267516890934713,0.00910982801710709,-0.006124267532124639,-1.274091854170119
-0.04104125763377675,0.003179038054567415,0.0026286363306573194,-0.007115725206818316,0.00038442943155471074,0.0323782224247534,-0.0034691294285656635,1.7494714337626882,4.486051355975027
2.759962322822399,1.5834850826056237,-0.0004916843298806012,0.00046658466361525555,0.1327481493530156,-0.00035851318402363875,0.0029108100444402776,-0.0032371682276124553,-0.11896575444479662
0.011149600917014571,-0.003417878392596995,-0.0009095273447450895,-0.018048608762523136,0.0011985595697419534,-0.007770182521679915,-0.015250083911678381,-2.476010947595285,-8.063133974439002e-05
-0.02839310389500896,0.2235925992077069,0.0020516597076006304,0.0029325629367294853,2.399941981049908,0.8586767589433265,-0.00014309747968516053,0.05935245868604466,0.0043637465604399045
-2.55917776859936,0.0007818498609567662,-0.0020868951603209215,-0.005400496835212983,-0.0034275147101373166,0.17625459701856466,-0.19552739313001455,-0.004691420988601255,0.02231581158948326
0.006221422675290078,-0.0021107726737767344,-0.0008592401835609007,-0.006165809748972295,1.60513861349663,-1.5256747280103151,-0.06202161214397325,-0.00942215738085585,0.004532462567055029
-0.4395335231599952,0.0009001452267519497,0.03380897721291568,-0.0033131239197891583,-0.009510719461334131,0.001071409332363742,0.0027858557778698842,0.008684456254624374,0.05094931565807018
1.733852385494221,-0.6940464498154174,0.006151222070497328,-0.006822356172082484,-0.0013328509977931086,-0.00993140767667762,-0.004758022298635964,-1.470738211220721,0.004721897170509359
-0.005257908203957502,0.0010131276858524499,0.6017505516353607,0.00017856730128402304,-0.003700557793594292,-0.00021166575281244063,-0.7973333380060854,0.004397876394997884,2.9878352289448094
0.0016284212536878027,-0.002987919395497962,0.00868572729575572,-0.005651772155665345,0.004024657916279411,-3.293453366963613,-0.3242897281807304,-0.015174428654384826,0.014497360386420466
-0.00017606725588821602,-0.03589433585321822,0.008573606733914744,-0.01392913691196179,-0.00477726466383139,0.0021089516648244255,0.0003357089711134862,-0.000280656137218756,0.008165920230116955
0.001272380998810817,-1.458817964002536,-0.0003201516807536456,-0.00388905629283487,-0.0005022708688881476,1.1599973336870664,2.059610890834995,-0.002574146828650665,-0.0022092764753421992
-0.7294825170060297,0.010410469150582975,0.0005700648245731059,2.0815011018530134,0.0024361018342804906,0.06129463740423505,0.0007183159559241946,0.19552659755098165,0.007233937652484798
-0.0021192043948086905,0.002299615528669692,1.7833728655349206,0.0013526804122623148,-0.004102912356053638,-0.8449872675082344,0.0023480501883172524,0.003551019528340407,0.006755725856673292
-0.01679132615049106,0.009080376475086553,0.0002651717177636953,-0.0015794228586820877,0.0008979123375735475,0.014683805188957955,-1.5680020384283222,0.024658862593943565,5.333879018092006
1.7159374858031782,-0.004128582542518848,-0.8775802272053206,-0.0030770365698751575,-1.2757493542740765,0.0020197196120030087,-0.0011429676635127772,-0.05513039881136608,-0.0044035267096993735
-0.0051627261597452685,-0.0006526734341832179,0.0169813967422456,-0.8889240381085932,-0.0026477360612330017,0.0047481030643416085,-0.3433023532765797,0.006266095455886432,1.0323693369951799
0.0032368667579948445,0.005416862251228522,-0.014721587204830109,-1.4043244833239652,0.0022310502769179166,-0.025236556372928473,0.0670733586390107,-0.008793834736391812,-0.012245890095694453
0.14258467301424513,-0.002366171534187272,-0.006528259304212341,-0.38706678536279215,0.0030960559556777096,-0.012186752822447466,0.026746955259351987,-0.03159132718940399,-0.02241083743458537
1.5933647850123145,0.00016044343993338282,-0.002255656144123229,0.002768979891840589,0.0035818911690873832,0.0003998976019900445,0.01201494645701558,0.000657167398493667,-0.029691406671583542
-0.0031636317275998155,0.005485887769691417,0.9518622922606961,0.01261041657741598,0.16716455233214403,0.0039903605732724235,0.007146773374305622,0.0244747160268362,-0.00038481225048309434
0.00017283180384157666,-0.00014178866901153216,0.0048591024328673744,0.29263354643929684,0.7512416093006095,-0.0018679393022985038,0.0035761136988897192,0.0008872576765957107,-0.004537069617812667
-0.0002412323514871485,0.38566014124937437,0.004862431914182095,-0.994860427075083,1.1042105693626267,-0.3627156387498536,-0.8089977091712542,-0.00782964922318835,-7.765426981689791e-05
0.0015355658333760965,-1.5751410598618931,0.01515081313642477,0.0006379106599381925,0.004298963797382679,-1.4074457991690232,-0.005461005006762094,-0.018633728805721082,-0.0002741950568355134
0.711083783368198,-0.0006264128265329894,0.0004961581399431786,-2.9414308302148644,1.1069986707434554,-0.010909289426999575,-0.0025443227092834912,-4.789939831576375,-0.009962953462679058
-0.5048005625204941,-0.00043329941117433574,0.3734542664113564,0.0008194587151202325,0.0006588953786083596,0.03130721435744374,-0.026061353065842605,0.016644873831821214,1.9899350657688668
-2.9089262443657837,-0.0018130137679877242,-0.0005638657946830453,-0.004330036221643924,-0.005521292254716571,0.004179926031966992,-0.7164463780161923,0.0017471340990333067,0.1074508102390821
-0.012123504070374769,0.006215195497914015,0.0013749904252058096,0.0016413855144419114,0.00030674816222168316,0.0015946436961860808,-1.8045326961503632,0.01661354506675762,4.991113759866275
0.00031935549685862576,0.6573333695273451,-0.0030507237022224104,2.169760120955643,0.3369155268791094,0.0007520690454784207,0.0071831520885542455,0.0044478696000983045,-0.004615396269593504
1.1520739098671466,0.0002431645688126191,-0.0030912647414191065,-0.0008648873264872209,0.00554995814836463,0.0011371198846790234,2.9057070195445363,-0.020501983213697172,-0.09096204774291783
0.0017222536926233493,0.168339017365778,-0.23442547431516786,0.0030830500159087487,0.010418758016905325,-0.0001241603710380873,0.007898337858625563,0.0008560897632317079,-1.3187358917423777
1.4532684291301747,-0.017738739276245655,0.0020672642525334864,-0.002419195844172382,-0.002149261108787331,-0.00026852183454926625,0.015237944814199694,-0.006173455997018984,-3.2408698151562e-05
0.026151265344302323,-0.003313618818719951,0.001814139834935786,0.001204265198305349,0.04278366135946418,-0.5921988711685751,0.018118906616396944,-0.01138491099027435,-1.0652276186637908
0.025229459987747532,-1.2626692754253308,-0.006411960160558373,-1.384789127314452,-0.8115855955409046,1.6381695666591924,-0.0026383624438860998,-1.1937761092409171,0.001365969754352353
-0.015313767804624116,0.01767678179552472,-0.06073319657598328,0.021978195168565834,-0.0006851086344217926,0.007163906204864607,-1.930311874139585,0.21733997358554885,0.02985170805885312
0.005079457990703489,-0.0025698961444075947,-0.01504108086983281,0.32282825724758246,0.0051179726565418,-0.0013304159025052118,0.0173857709337552,-0.004067613911883537,-0.18126761290090745
0.010781899120134386,-0.0018733944319479943,-0.001448026971760115,1.2766969337898895,0.9316256435624717,-1.5164259093920216,0.07461475388350655,-0.006868532995364537,-0.388921079093127
-0.005562091977461117,0.0061217445427868954,0.003794493506913184,0.006975776556787385,-0.0018872892348960424,0.00548172831433044,1.7327328506431072,0.022521282630091538,0.013874876596620823
-1.132658687478581,0.000351411362206705,3.993186679315744,2.7878149164459414,-0.006414636200662363,1.0917941511916336,0.019499625797958185,0.28081233928929794,0.007851756758932793
-0.027625522459049843,0.0073646978348680635,0.002142653681254069,0.0007160335751004783,-0.001525257484862846,0.36410764086069436,-0.012562885679218726,0.029498319612385485,0.014036811911407744
0.0006012845366724917,-1.2306296407248125,-0.0016520043485783262,-0.009652713575773565,-0.6037108861113449,0.0006516961238749934,-0.001195941801026933,-0.00535997128125692,0.0005355772640572138
2.178513310069307,-0.032489000878790864,0.0017418317501873802,-0.4156549144453452,-0.0014919281171601254,0.001992359111728432,-1.2607121992122283,-0.026902312324187216,0.018666325040978093
1.86306170683678,0.48444763521385353,-0.00030130578845205536,-0.002008312483205396,0.14372864745629127,-0.01188120488993958,0.0010981910520223223,-0.012924923130074858,-0.016666400603700726
0.0008096347507305281,-0.43268539391020394,-0.0005753929467865217,-2.802581074928879,-0.7442112085985229,0.000831170976973869,-0.005208223783997559,-0.008657949592345636,0.0023608378975973413
0.8181505964004003,-0.4311069857801191,-0.00034412702144122516,0.002634446142879297,0.0005773533032823585,-0.0077078984108768815,0.0026288351830939527,-0.020519482708641026,-0.01312341636341234
-3.7759833107973857,0.9957639532837362,-0.6245955620748664,0.0036690292289025157,0.0033590474102113965,0.0031626435041723685,-0.013817463273625125,0.01245222144731465,0.0024770606363286873
-0.4791966132436067,0.010268206171116297,0.003361058895304865,2.835763886037412,-0.0005656284382792066,-2.2790933432249115e-05,0.0018710683530177366,2.469066775452391,0.0069659289560173865
0.01849031134128032,0.0034679163589058995,-0.03081486290774294,0.00019247395051871785,1.4948108053158116,-1.21768632488557,1.2728617470043586,-0.013573436042959408,-3.485322377332352
-0.002445918524806509,-0.000280606317958947,0.005751195840993821,-0.15516205036106193,-0.005456273644128316,0.0010225524417450445,-0.005872376419983474,0.0014314305392200688,1.4169488060057207
-0.008415907735035337,-0.0004620501285118534,0.00993009293034423,-0.002768764233895802,-0.7766047548674673,-2.503813083119145,-0.006528121842059403,0.0018615655763168197,2.179559767522238
0.17220505286406887,-0.439793923442882,-0.00492349377054927,0.00820306202721922,0.00678601374165411,-0.017424654930219084,0.002162677368981703,-0.010813334216152734,-0.01952759151348135
-0.0005147633937574734,-0.008704529053842742,0.9025734633673247,-0.0042983936993253756,-0.0239043086499319,-0.0008341991500501566,-0.015955424032949122,-0.002719879824137443,0.06126364975294191
1.1499986756271185,-0.0008925195058952597,0.001920631722174623,0.00046167159310028924,0.00352359924888292,-0.14200218360256744,0.006966167298288429,-0.01154588673179358,-0.026247301575216958
3.0064529536013898,0.008071249691440657,-1.0947716478489435,0.008466950450179395,0.0023441457482078903,-0.1365330677563683,2.0800070960858625,-0.0029676721998150857,-0.06972729544620915
-0.003195744337963132,0.12504023312335685,-0.6035758049935624,0.012154310068146598,0.0012798267673395122,0.005467622087546096,0.007681233439737353,1.5211789103199207,-0.0017334791740957626
-0.0022879040188628907,0.01366310009579454,0.00042793235684281594,0.8744728023483961,2.0589991357442896,0.0017528787529084103,0.009931681533172705,0.006881755610341579,-0.006153292132665689
-4.013993459033204,0.003186621293441546,0.0016038923292047771,-0.0008741890447879,0.13733963683742423,0.22900234360139454,-0.0009928948504541908,0.023404404742678984,0.0015476440908674949
0.001136287121266634,0.0038402170084162694,-0.01847517863556674,-0.0006100972239396709,-0.0008804024543781915,-0.7115963109185819,0.008109288351422557,0.00244465378029951,-0.002894831960040173
-0.0010765924249532732,0.005557333066642875,-0.0033660545359673662,0.10427672825239426,0.006700699734878436,0.8820627050134845,0.01705259515202228,0.03731485164016502,-0.007888632462216223
1.7275583651203636,-0.007719197050493665,0.0005645859831096452,0.0018034579591603046,-0.00017026545733067958,-0.0016648954897490274,0.5779078348979956,-0.0019307083381786688,-0.010430953090048767
-0.0071624251744531724,0.028589208935900723,-0.012850100193161837,0.002214402549872625,-0.0008787483182503121,0.1663632372430468,0.0006127934840532828,0.20913228692167565,0.004990089434218794
0.8430710654841527,0.004223390519704979,-0.00654676156037646,-2.158613644125988,0.007342217598573496,-0.00637558770688107,0.0006734684473431833,-0.04286802594143401,-0.17371478405206642
-0.0004400669346739392,0.0016533896433975014,-2.0869092605911534,-0.0005145974176133917,-0.9980120262891152,-0.0007127227748743178,0.0018936682649933012,0.000593725631096228,0.0013665923948620526
-1.9309185636969735,0.010447160158342548,-0.0026268242163196044,0.0071399369865974725,0.0848497319137908,0.004891484342939553,-0.0005168958645559076,0.34647955969227473,-0.007667840193895797
0.11254514231642446,-0.010170865596296352,0.0036531261112739966,0.0016302062174913656,0.007164373364850405,-1.6328827694525196,0.015050055144654201,-3.544054847153835,-0.030020361061631085
-0.00018102722961595152,-1.1085435510255286,0.029548124321883,-0.7478641165952089,-0.049353447473377055,-0.013840041240076643,-2.2466382146649626,-0.013333474232741907,0.009562182216746151
3.1404572740865717,0.9256325212821235,-2.9281416328532295,0.012549745958301717,0.004066969745112309,-0.013868176108129765,0.02941447462134196,-0.002860570128975337,-1.1143435306846143
7.883850356758121e-05,0.0061174467366995975,-1.0853178408776323,0.5129414679980869,0.00206989528426373,-0.0002912730750101178,1.39964524435238,0.002806403141334235,-0.0959015875432574
1.5095086467103318,0.005380197155810833,-0.0032752752250285247,0.0013376380128921686,0.797192839818881,-1.9180358923932794,0.26017907151580905,-0.004518557000402976,-0.06979157120286583
0.0018289670981646747,-0.003253452617894284,0.0022768217001373423,-0.0009001248390255208,-3.0223307012218828e-05,-1.2102917692727955,-0.16033022895733406,-0.02661894010654297,0.0011299829450944696
-1.497546040068702,-1.5485515930593088,0.002020090291322628,0.007862244802238735,-0.7685655311874555,0.009134456431796676,1.0806567866405123,0.04810322895396196,0.00507389151313431
0.0013727787750695266,-0.06071825024414979,0.8810304511803053,0.19589410555132547,0.0007255789597188982,-0.0019684182463614226,0.0019537681119975716,-0.0027387980216833693,-0.004840215754320127
-0.01015246311091723,0.0024505913107055965,-0.0011578278746721558,0.0024265197307317757,-0.0035403589778348708,0.18589592709629438,-1.5507399309869947,0.034494430608611244,0.6200589052530463
0.04364533692740763,-0.0025102228232405247,-3.512707597750275e-05,-0.009200139217117086,0.00471674037720871,-0.002742407003931434,0.30126533170796865,-0.014718819454992038,-3.8550012200257333
0.003643356383626369,0.003148803324949736,-0.013472851028401435,0.0007067345859004068,1.3419133310466034,-0.5594292650476405,0.004965461188414249,-0.0008100495056330937,-0.009623004065143811
0.26697098704162747,-0.0036736450291220916,-0.006391268524588867,-4.3450217336280055,0.0031883547303468065,-0.0035381140082470165,2.5852290672835427,-0.06836523360435463,-0.10180218479755343
-0.0015656163784629707,-0.8115049980592345,0.8494124106624993,-0.15013388433042746,-0.038216870447100024,-1.0643153824614178,-0.1778352761424605,-0.008654381827530004,0.031177423485042453
1.1915040575433133e-05,0.011262258770269033,-0.2776303997617305,0.03338155933526163,0.07227572705435198,0.0010484394249718476,0.008386765003878888,0.003970575810753307,-0.014571174175067154
0.01184374092279261,-0.006221857409620071,-0.015333894131661112,-5.067156049739653e-05,0.0005851877346264735,-0.0427121120272208,-0.002115575281278294,-0.01634443503031024,-0.014645072120629148
0.002455214036807124,-0.02070412254378299,0.0048922825387721965,-1.0374132366339732,-0.04695850917106528,-0.04244599090610013,-0.9764284367596955,-1.4751257700418376,0.0035529200847259825
-0.0032678038051492542,2.428131307265517,-0.7765110594353493,0.14068306418245458,-0.0019296115861581948,1.574577380114783,-0.00038878643741163676,0.13665419938102374,-0.001977207191347835
0.025772032581652636,-0.028956598210874922,0.0008657532646957041,-0.01724803553343448,-0.0084435298983366,-0.8940044392470238,1.2161264811438275,-0.770924881241914,-0.00328137917495315
7.520541832697902e-05,0.019674246110157254,-2.107200771491176,0.0038050598004484674,0.004941797301848409,-0.0016613044969645274,1.0789948871564252,0.00013241416524330252,-3.552252257693599
0.5258113557881492,-0.0006122580320641108,-0.0046976549008883334,-0.7805707042659962,0.06542960094586328,0.002330383166894989,0.008295056445254585,-0.00957125806029235,-0.02624453311781405
0.0006452130507063893,1.0659842204685401,-0.005939227955592409,-0.5637151804136754,-0.0002214114649910338,-0.0025784975233835087,-0.0042853340045293595,-0.003981355240010387,0.003002127689216063
-0.00023916524179200694,0.0067290014483008635,-0.021411050388355942,0.004071042574011951,0.8273615652232184,0.0015629808475563296,0.004424528891171257,0.0037363367529608263,-0.01339810598261363
-2.9212571513102072,0.004917595417735184,0.0050627040518943095,-0.12907505424577337,0.004888156554560555,0.6065679928528551,-0.001776248953451836,-0.0012831910793591698,0.012872132937061354
0.0025853335502525766,-0.0019092359730260692,-0.3318406306539162,0.06823585216488925,-0.0003417045324337598,-0.32983958285243214,0.004025651857530247,-0.001703473568255437,-0.0051097227046750585
1.5968999626513773,0.04443605205170853,-0.004837420735646997,-0.005411802673448679,2.5946586631257134,-0.016781041687268447,1.0930060797535275,-0.025423438370499984,-0.08163230834179869
1.950419245603435,0.00046753090159017694,-0.00505154289351575,0.007778715446289478,0.0010733167844145242,-0.004240260958704534,0.0027622597821525333,-0.003849734910353643,-0.02963372408578785
-2.6087952122682267,-0.0002865102806330752,-0.0029799657752465486,-0.0005369100229787073,0.0007190493154937902,0.018282010095281596,-0.0468907158790679,0.06284815250204381,0.03963871082271209
-0.014808924474773222,0.0803768479822739,0.003220026394014953,0.9422241402275173,0.9471228705961998,0.0036621597895719706,0.012065856149000902,3.7383107541942753,-0.0022101775543456603
0.0005226807301885565,-0.08529943320991168,0.13232680272391445,-1.2961207186405845,-1.1545624225418982,-0.0008977821189094116,-0.011215723633295621,-0.008362336923823425,0.01728611629970503
-0.0011675917043689633,-0.003626802200033594,0.0029870061533525524,-0.014848481977012364,-1.2758833157514684,0.015237572890643453,-0.008930126067642662,0.001084370908970211,0.03395040740984104
-1.0207880619513552,-0.0011693716717742584,-0.0005044935845277092,1.3303131767772076,-0.011243610326220371,0.035165942747739445,0.003392883413744923,2.3365314952476925,0.011946857581218051
-0.00827285961304447,-0.6265227952928374,4.551032228302557,-0.0009988926920653715,-0.03387070940560736,0.00046452940889655375,-0.05180586312069516,0.00023959864703607114,3.1221011956135705
0.0005023823467286649,-0.0005132160320456616,0.0036581860450590068,-0.004943789528376874,-0.6621939407064262,-0.01049553961035886,3.094678164994072,-0.005413253774219095,0.0027133217402606005
0.00012710577875405665,-0.0007441465121316777,0.0011911900329009755,-0.0028610898935723258,0.0001446031676912074,6.964778466510494e-05,-0.18264137768522443,-0.0020824403578461677,0.0017238979669202373
2.3152307987876153,0.0013204215617111659,-0.005500951635922043,0.010169715501683663,0.009052217591344877,0.0019056958235418378,0.2856891507829302,0.01251634863834672,-2.9062060080553493
2.4504678371482793,-0.003848092955976379,0.4026237602854482,0.003108078349493903,0.048204038495537005,0.002409039427492444,0.017831287719817075,0.007932704332307958,-0.048104277738053924
-0.004645263854429081,0.06878169991572392,0.0007125169151778074,0.005031291093000125,0.0060484796695354885,0.003327915726437628,0.000758647941943685,0.036142772693086744,0.0033638556684622315
-0.02116353635298955,0.0025744888914002936,-0.001471640603305107,-0.0019272912227018364,-0.07571712428694402,-2.118177580036275,-0.0018438695506174444,0.035693427367980986,0.2341599200845338
1.7887271469021313,-2.2357968527737526,-0.01049942252186234,0.009566136377596948,0.005128993713826933,0.9973741098905354,-0.003964103493128703,-0.004723782730331624,-0.03293628225986622
-1.6400523397486144,-0.0021957556891467173,-9.08476043740003e-05,-0.0020569049867423,-0.013298113696011596,0.6216167727921333,0.0004001447157217907,0.013742978649935799,0.018270504769875684
0.0006735548024637466,-1.7747785584322444,0.016595782474479664,-0.004737002839680369,0.0012381656238947682,-1.0401098518663952,-0.009197892993354535,-0.016036769546483764,0.001712071104131449
1.2234543189778888,0.00737837421016424,-1.1355375827528493,0.00022911560588980556,0.002907866333717188,-0.004351537923394192,0.006662245140107534,-0.009000387823082684,-0.14138468250612535
-1.5474025227726576,-0.0007518027613301142,0.016290320258599333,-0.0031129018775561085,-0.0019000300743280303,0.2766801392771494,-4.795179559391634e-05,-0.0006795984226082388,0.00909994007967213
-0.001240325389680205,-0.00023406546322508133,-0.008917835285710059,0.43659517731421255,-0.0026077543543476293,0.0032370702120672295,-0.0002786944406933745,0.010823715827912047,0.002225936022793219
-0.0014864865845482939,-0.12375695360134659,1.6886112408398786,0.00017750488231616998,-0.005590776218913024,0.0007829205794707972,-0.019008736912538928,0.0013133360983025172,2.1050453033815675
-1.3874218377432228,0.006057895313994165,-0.01111358120518631,0.009894142971257743,0.0007074118352879133,0.008447798433537844,-1.9507777091205047,0.07604770331781152,0.02042061560578845
-0.0013061656172586454,0.006029245940165712,-0.005238404701335263,2.1145196931548322,0.010039273215943549,0.003374146480373229,-0.03118188836023541,0.011135621564344837,0.0027387410687407885
4.363394325011776,-0.3229349300105998,1.6008711809914264,-0.004155760907533154,-0.014179805413255489,-0.0016914298326964929,0.011346262647445603,-0.02762265660610519,0.005489129348335342
-1.844718240959938,-0.001669779997992189,0.0012009737114556246,-0.0034416515731800867,-0.010150988642370934,1.7493203972451892,-0.0002578255243701165,0.009269840536044047,0.015068002181410411
-0.0062331335558408725,0.0030569530737216406,0.023086840562111147,1.0698866665697258,0.3112068878151994,1.337293974489794,0.0014367027473457025,0.04294631484852228,-0.0007301925392477066
-0.9502461998236771,2.2581130937957283,0.0007667030338691094,0.006999987700230789,0.00013934740093810363,0.009108994820781017,-0.0027343669708299557,1.3079098079591012,0.010997011421064962
0.4092877376649926,0.00014820485065608516,-0.016251093590585637,-0.00016330979374821108,0.002778639624987354,-0.10759188439114441,0.002401936115822794,-0.014083388213474591,-0.029302559353589108
0.7134948289211054,0.0016275849750823496,-0.00656467257560542,-0.0010113490314313592,0.002183281733923426,-0.021536196577132734,0.034621283277658454,-0.010961556613013079,-2.1527224762589023
-1.2988807668741587,0.003258714356748042,0.00012489993339425895,-6.839304955196315e-06,0.00027449293353935117,0.005387930023193529,-0.7870818529614213,0.014853103784569298,0.016165959377841432
-0.0015086685910099549,-0.0005149902045134026,0.010626595837894185,-0.0022512093889267837,0.004012820940390651,1.0576259962722347,-0.31691081310097646,-0.0011493564381768252,0.005651673740928301
1.8000243383081114,-0.004197588540391174,-0.005496133035513773,0.0029235452356410796,-0.0012068107441925713,-0.0020197175470807903,-0.0073570418173244025,-0.007862374985272716,-0.002434132531179939
0.0003477040940901699,0.0013988580324327657,-0.0016113324335131267,-0.0007600590531704405,0.0009601536860484066,-0.0008420155113540459,-3.983599074780537e-06,-0.0009425190570342885,-0.0014723903097619824
0.013229290367230945,-0.011479654384197494,-0.00020067907011598078,-0.6092876218127198,0.0009081842332711915,-0.027387331545296864,0.0009358300639749325,-0.5851233975551574,-0.0055187962465238875
-0.0009480131799676893,-1.1077837718993675,0.014426328398963455,0.001481368396652691,0.003625488952541103,0.004436201663199249,-1.19378614903444,0.0031220811905806455,0.0029417139261295588
-0.003426237572538137,0.22001822841223415,-0.004699196536810688,0.010188711044373192,2.1603265953798854,0.0049915009462162385,0.33780416176762945,0.012221837088941836,-0.008799481469625642
-0.7828837316706605,-0.005734134493571186,2.411524470958912,0.0017272448054337225,-1.3500064316991947,0.01512870083472466,-0.01013876613387171,0.025346697463013546,0.682226868181953
-0.13829847253800365,0.006594334918863605,-0.005357669501692846,0.012556359863419929,-0.0033568144919771913,0.011192929130095473,-0.009454639580359211,5.144400130199099,0.0065870795011077204
0.0016702676232465165,-0.0008973383689019472,0.06767621232558901,-1.1609409714625074,0.003952998995980647,-0.042067813728587,-0.0072267120136166665,-3.939392198012907,0.00022356574142061436
0.00444551554200294,-0.0006538968481979964,-0.0018351974122389773,0.0016526639051721035,0.016550628814662658,-0.0012492298042595124,0.02977109332217974,-0.001766247543687472,-2.163772563225139
0.001346848769518785,0.00413014153853416,-0.01209469689564215,0.0025192975408907673,0.003484180960990993,-0.0007113071285776111,0.008625174285842146,-0.0020465119720925688,-0.015443935866287025
-3.058064676283177,1.5039471248088891,-1.4166609490765172,1.519054049866864,0.0013647976208689822,0.02404131622772883,-0.001923619094288941,0.04876274170358347,-0.007214478570514604
-0.027655144201820653,0.7004072770931011,0.0032912229598376606,0.0027839696068324353,-0.0012490008195616647,0.6220485455616529,-0.005316122944879917,0.07039893120177156,0.006945409744433799
1.8636339517677498,-0.0002147065349338297,-0.023026749467278465,-0.007349885793388025,-0.0042565304303255475,0.001956089493270872,-0.0006062969200537043,-0.008558398824479334,-0.003114648277355997
-1.199694985693932,0.00026901890827746647,0.002455234443400841,-0.001585905890277954,-1.0449455577591666,0.003734360780054744,-0.005962929171284623,0.005423362379052735,0.08207565206236556
-0.000897901530517681,7.269511821455268e-05,0.009583435338345093,-0.5947646223093581,-0.006614285024049568,-0.0016996390969624292,-0.004554827347537777,-0.001177605259791901,0.005720366208390454
-6.35145935007038,-0.24051230550733482,0.9417330032130034,0.0019076921494715557,0.005144585082875436,0.00641073079430813,0.007286706060873276,0.049709866694315596,0.004533047653779265
-3.6295860255244925,0.38796082961987344,-0.0007227352772252102,0.0028537561041028225,0.006258342009985658,-5.590649974255993e-05,1.6460055044725281,0.03776316485311734,-0.017375502645189944
1.114347332997057,-0.0023095073251393483,-2.41267273465352,-2.1217467735015045,0.004186005253616561,-0.002772427382991075,-0.9043532706317421,-0.04614825011388046,-0.02122870349091771
-1.3321780225854227,0.00448911805163027,1.630628958719553,0.0007089793717829744,0.001424240024342334,0.0032711727866032263,-0.002217896477024627,0.010162643601660262,0.010552483149657788
3.094903546451631,2.4669036475644415,-1.0534049286649205,0.023767413681149596,0.007602614824405218,-0.021508810277118123,0.02403658713582338,0.009628655829434118,-1.327946554773252
-0.0008609077421760813,-1.8419997022261252,-0.002450042988685483,1.3305596173678675,-0.03520429334040398,-0.02395126303833904,-0.00993261548733932,-0.01217178126557202,0.0035748052393810674
0.2188720365191219,-0.023045912806896857,-0.00231740646769474,0.0024128444735194623,-0.0008837114058442672,-0.006264171032844091,0.00822529350072042,-0.017950676209032373,-2.6408830614431498
0.009646025828202258,-1.0426353724278203,-0.0012256938006401383,-0.001356853459986263,0.002593783456631579,-0.001167352354015781,0.004815102449840699,-0.10415295331297392,-0.01185816049782091
-2.381025407304172,-0.6146818734646672,0.004932507804095612,0.010029277689102715,-0.007331116202999477,0.0006046570587150132,-0.023902928567584886,-0.0027391853667740372,0.008174138064698633
0.0025320026811658687,0.00021978689524843227,-0.005012368894415016,0.0025285838894086032,1.962918752004749,-0.0023787770488011527,0.006911370080628174,-0.0007302497564809652,-0.05696031246860922
-2.6503409942105622,0.01000101805613642,-0.0012803579102388316,0.005496391365977352,0.011129820178838054,0.005744639265271392,0.015182163848069988,0.14938918274676563,-0.0208832722658851
-1.218875104216739,-0.0018158814801579048,0.00777472904647954,-0.0065121154745505505,-2.8516083441105797,1.2076294901973499,-0.007812639660612193,0.012682865717047298,2.0667806949920973
-0.021441203915099287,0.0011149606393725964,0.6754897210514225,0.0021950604268728413,0.0064693156239195694,0.00331159738798159,0.002117922724388132,2.389578750609508,0.0038002661676049126
-2.252332002803108,-0.04573738675136607,0.0018634115617643388,0.02606453667872527,-4.113168720759334,0.02139366686236316,-3.705355105725755e-05,1.0420189457780982,0.011521515676736316
-1.1650067831056994,0.0066542879813868815,0.02351070988804613,1.539169807767553,0.27181556512023936,0.0005295071023981576,-0.000813664226160837,0.026148173958197584,0.002719306003688096
-1.344051870190096,0.007348851964982578,0.004098672433498818,-2.102238329805696,-0.001086034288520596,-0.0015666667973296075,0.005165600350181161,0.013155872119047344,0.01800847863746824
0.0001432675384657597,-0.006415491042367402,0.009465033508497265,0.001652673292112551,0.9166826745827364,0.0006650099581126849,-0.13376623432623513,-0.00046647227901488314,0.0031688662348790565
0.013083589139719673,-0.0011263085817563795,-0.009278319881069752,1.1253351221925807,0.1382726771418649,0.05673493237933168,0.00277957405631225,-0.008278644951865366,-2.4842329886102927
2.8426455644639947,-0.0018738494246402174,0.05716914696160677,0.0007696463246622178,0.003107245438661567,-0.009087398133738125,0.293097341609207,-0.007483230662566932,-0.011873545269874164
-0.0024825633313453922,0.32481623697838724,1.4856257110010238,0.31677274854325643,0.7647560155562346,-0.00024931898016652683,0.005833522813121169,0.0038001125270688404,-0.005206700248251409
-0.070982102954091,0.000536774364209562,0.0032183562321340354,0.7918994144042926,-0.00718225867469992,0.6138611622956325,-0.0830301998208082,0.06061165915816986,0.03447116015330669
-1.3841973371390544,1.3272342939635045,0.0012409195192731037,-0.0012940098107600347,-0.0015502378212835406,0.0008979719027481289,-0.010846139423325636,0.0036167128900638987,0.015284567439729418
-0.012706922523761252,0.0010314832120791673,0.030832268943775568,0.0011164343716225469,-0.0034107428065987054,-0.001064451417509757,-0.0031519856615480784,0.006577522504567442,2.8221139190767124
-3.3457559038702147,-1.0505031182693,0.02134061809614507,-0.006850104613221164,-0.0033922412315131115,0.002159032061710371,-0.002842083677523554,-0.0023882315715803015,1.4717816046053365
-0.00021371729002570445,-0.0028559667966869796,0.011082272852874692,-1.4565951467708957,-8.190418736210396e-05,-0.0007728861238136877,-0.010957215711613413,-0.0015426110199337545,0.0038742358109350936
-1.5473652055244673,0.0004474891687674819,-0.0020376731444650756,-0.000545828732094323,-0.00074836743414659,0.10121256136141456,-0.003006327593680424,0.03206825863353778,0.02558249883502617
0.06822844985004684,-0.00841602999776074,-3.2248403669701973,-0.010408004017742986,-0.03821403167810631,-0.17551789116577532,-0.0008746233252498901,-2.0223729986974126,0.00014820650446273342
-1.2564531007429978,0.00338726444086543,0.3533371503461058,-3.255134922563517,0.0009198746429750909,0.0015073238412785463,0.013123175182860339,0.013570315222884106,0.033690969492163214
-0.0035139420970470847,1.142018340620621,-0.00280897681517133,0.9544551063852875,-0.0006879643226491627,0.08422545997666647,0.9669986660426257,0.06626311783842118,-0.0015094309457692242
-0.0027861656225247073,0.32103759336687226,-0.0406949924837635,0.0057454408528352695,-5.193586151635253e-05,0.8814220272178869,0.004260355383913867,0.03923307589119734,-0.002447909307833257
-0.0019754551184027387,0.04353340919790419,-0.6456362256003271,0.07373876663068146,0.009624251279160681,0.009631647530326574,0.00405573210288456,1.4031241433627728,-0.0030871368820652154
-0.09630750830651261,0.011220674455986856,0.00933475017163617,1.3426831517623299,-0.0017578776003652598,0.0019298665631015462,-0.015565750743282208,0.05016234184894001,0.016543043290831033
-0.00010280118746737769,-0.44959409335624373,0.0026889220434425896,-3.3460139927351125,-0.0046456753552235955,0.0006428821793665495,-0.012776442149018852,-0.0031555308787578717,0.003565287350703882
0.004728404780887943,0.00483567252248332,-1.0198714513422542,1.695474013037235,0.015383006801412802,-0.005148290036914763,0.012228102540737522,0.0009385107858641967,-1.9803338878730248
0.007837525518179378,0.001492021873409863,-0.004430009912760512,0.0024066915909327353,0.008561168937006421,-1.9601034648493858,0.0023540985878935695,-0.016184845413545618,-0.01663336900534637
1.116546751824185,-0.19678361571368883,-0.0028520513613149207,-1.0242424449884775,-1.0772954919562645,-0.0007108783983824909,-0.004271104216967914,-0.09542956639033846,0.0021838971314703595
0.01364306748015979,-0.0005324074375834043,0.0005043573876843807,-0.07448121753020708,0.00681792691257431,-0.0001613594281948834,-0.0016341091788317082,-1.5881434244490942,-0.00838003410990483
0.0011642639276397459,-0.006572813038763327,0.001664024138344597,-0.19215530090949626,-0.017747041447018858,-0.0037109334533096047,-0.01620563756269656,-0.013313125220043047,0.0026950759753208023
-0.0017720055857074596,-0.0005469783719227845,0.00475529484911934,-0.0022059751919192598,-0.5358353372169907,0.000961342048922338,0.0009067095758669813,0.0020074549452733224,0.021803377284723605
-0.004546896565666798,0.008680803525087516,-0.0029477743905784665,0.11829947459805362,0.0023822636043294527,0.01343040637002984,1.2818115866237563,3.4754116051624124,-0.0025346142745632655
-0.0006979178148472931,-0.003628052893238337,0.006506588907689072,-1.5530825773663839,-0.6139531008834687,-0.0010733452101120743,-0.027283078248882077,-0.004125199566358043,0.01267243166270475
-0.028082455917335717,0.0009899907360994996,0.006179358178820867,-0.0019229780884503366,-0.0060631565765619745,1.3681026347419571,-0.0022869957988237706,0.03136846705520046,0.0213345962314965
0.0321565112974781,-0.0022490827211382853,-0.012844469369194466,-0.02099255787552994,-0.000461915378348228,-0.003527932361637357,-0.0026111483913610666,-1.3562472829158827,-0.003235595536261432
-0.1468676512121977,0.004445964335442698,0.16317118522317914,0.008748831830095359,-3.468115460331348,-0.005889671931332413,-0.015517586652756682,0.021458518629710488,0.6819026542110489
-1.0347624459906124,0.007365526742653758,-0.001143904491850107,0.008550455400187833,0.0020064318294174543,0.0446975463967702,0.014178553550876997,1.0370559569353117,-0.0034435914277794466
0.09026759269639312,0.005724773206472163,-3.14865398216585,-1.1539231465820985,0.009063623468249576,-0.005709091649938715,-1.7234920088871881,-0.18681935036967437,-0.038226003121676067
-0.8836073893650782,0.0009929136038648112,0.008432513000363427,-0.0022626856490739317,-0.010841309617415251,0.0002709732613558365,0.5018497198187337,0.010310433816996794,0.019970563586743637
0.0026205594974627053,0.004240849545308443,-0.008319848761182597,0.953167339691489,0.012351247861723112,-0.0019216694423445754,0.0801263701581638,-0.0031436545982484795,-0.15665979724128626
2.903967155595767,0.009979569691176735,-0.005950625502610184,0.0030673415150969455,0.5294449255741069,0.0011795561104137597,0.0035719451152333385,0.0037794653237652742,-0.11178130268698716
0.0054803167855484655,-0.00352275209310562,-0.0009662259975461659,-0.002458436878042102,0.0006645311285540907,-0.31437164137873796,-0.0020430699367039464,-0.0394821480468082,-0.004749994550960243
-0.0020931690204606685,0.0073174919906009725,-1.9067003084952094,-0.0031282795468324624,-0.011435080678809979,-0.0030327954746907793,-0.005414221401409052,0.0008344659450576202,0.00482588822670435
0.005506833994031332,-0.026540234557457555,0.012124836557683129,-0.9467721738472388,0.002070494664744326,-0.0024181305412039025,-0.016233785070400613,-1.2385878966288209,-0.0028269645951916923
0.00187803850651716,-0.0038779830344628694,0.002542901143847003,-0.005492976866634743,-1.1733416709084483,-0.006839884913832457,-0.007995386940541171,-0.007885294051006473,0.004605202350386167
0.03993550399506468,-0.7499210093989499,0.5538967695319135,-0.023828696835128012,0.003393250446107533,-0.004197480545094,-0.0001428761317551876,-1.8631727433567595,-0.0041060406129664676
-8.272057650773275,0.0015892722731889464,2.1216190183373076,0.000643184255028767,1.8024233455987937,0.0008314207869696139,0.004635542799889963,0.03316662339384013,-0.0003405770432274302
-0.33060743161673267,0.004145163169162799,0.0007750449096016361,-0.002156834832316157,-0.04719585958379821,0.0032526482327964665,-0.000894678350967161,0.009358473060806675,5.861680166646726
0.024443600398713988,0.002293739457979992,-0.016999771268612705,-0.0037599103279132738,0.010246646783777343,-0.004175187632300931,0.0014925226023733465,-0.01052281672883515,-5.613920405987166
-2.9844697277280483,0.007340104921383603,-0.28019809383550753,0.06852177228523461,-0.0004404988836973281,0.0030696233094010877,0.02808772006921869,1.1451106279728505,-0.020184676892455733
-0.014752170711345367,0.000897245389205077,0.0059493910565829415,0.00247095629480915,-0.006173467833513579,0.1069815839897557,-0.003125044303235971,0.015879502208930436,0.02074468370869453
-0.0019446826044185557,0.022413050923294108,-0.011148332047425795,0.32464728834592,0.004464972613390926,0.003126599841069411,1.5047944270272533,0.011995675123307192,-0.0011865979345732497
-1.7558705620220647,0.00731828744086164,0.001940284445532698,1.0330387428948873,0.010321822030025282,0.0021930670616659774,0.006607563311202573,0.08129627136457539,-0.003523167823787837
-0.0067253606449500375,0.001311175990978108,0.0007300711814055647,-0.04976207156082807,-1.380300800243036,1.5534940987819392,-0.012697728542187245,0.008070668079133116,1.6797476752424458
-0.039747178808083684,0.00474065802331833,0.001597790116690704,0.001873253996178346,-0.0029077304283174777,0.614187097375826,0.003948741677574095,0.8084986118694863,0.007232306612819331
0.0034077478808049854,-0.016518229963474025,0.006063995559964477,-1.0169244601659282,0.005159631560071962,0.692397028447458,-0.030902007424615692,-0.014234568499859934,0.002793903573728884
3.0917971276260325,-0.32607208738207377,0.009028530356605086,-1.4951982178568077,-0.004532536837224696,-0.00739119799967532,-0.008083343368829246,-0.32159136780806813,0.019134436836708568
1.1993598745313125,0.0018287604684648657,-0.022232762872486878,-8.91440836666116e-05,0.002062133789617636,-1.5076125500173243,0.0005670298894018457,-0.003774230818189339,-0.006658985175320875
0.6021073960704622,-0.23921984092602083,-0.0049925667346900765,0.001114508973495157,0.0016872878385002657,0.014950045685895348,0.0025382541442282936,-0.009230323193932702,-0.012035639032319308
-0.02538150170463427,0.0029883625315227967,0.004705721291346568,-0.005876179035008644,-0.0032350206691378405,0.8302217427316412,-0.0037959067932688134,0.012837615383418592,2.3603315209283484
5.6876940104519615,-0.04169133313303902,0.24435824480314738,-0.0014903468502984532,-0.9279513588009429,-0.03281134251863099,0.016285390420096142,-1.0514616796121343,-0.0005785664755162401
-0.0029661879083061355,0.016695936732341467,-1.6270243200329557,0.00835689539665335,0.0013449218262830886,0.0018521224914611945,0.002405701706633972,0.008547138510742019,0.0021578052382799986
0.0015467503285513428,0.002758447114569398,-0.003944665273840231,-0.0012701374274406265,0.00798016458790396,-0.0004615374836927637,1.3914480362764727,-0.0026336263614668547,-0.016263500246676513
-2.8832733005947473,-0.008545971666978285,-0.0002839668962257222,0.0015641047934581067,-0.009152378669304392,0.04005340205971143,-0.0005931454805069084,0.009468043397750658,0.006717164023376854
0.006491977072262817,-0.0019352005864789936,-0.003709859550947843,0.6510425353666106,0.01395231607461593,0.0004206619871721176,0.012069878325590176,5.7973519402121365e-05,-5.529752886916488
0.006255812870877446,7.663275739106055e-05,0.002414801853301656,-0.6150546705904547,0.0030227984367071654,-0.7707623921344905,2.0423674823077946,-0.04622641623452734,-0.01913231209024782
-7.862073345211464e-05,-0.013027314330602661,0.006096391174301422,-0.010872359046422964,-0.4358403933471272,-2.110302571719279,-0.003363998464563616,-0.01304767448280353,0.03209153250177138
5.583853497486384,-0.9284464691483971,0.04446381636222563,-1.9690671754376854,-0.00017911828378151806,0.0027022600260685507,-0.0016141009751699797,-0.05326919802331741,0.0002175208524413108
-2.665074564635692,-0.0025830984788530516,0.002609585561025904,-0.003216685767067102,-0.008177332633454944,-0.003817994115454788,-0.004025124270466942,-0.003868840025388582,0.0935911214518188
-0.051128853897941,0.002431440115974546,0.0038909542531544833,0.0026062865275175793,-0.004386112419421774,0.004128002216300997,-0.0008048170157953271,0.011716665913762636,2.291332706719302
-2.0459574568045786,-0.0058939917716330165,-0.0028900392626922816,0.004833541795663282,-0.011140822934345512,0.009220759892413492,-0.07444516154161301,0.003883908905385775,0.013913482674622613
1.4314915340688987,0.03843939594769582,-0.008694644638677317,0.001663550229018959,0.0704554775564187,-0.002203683286632426,0.01161813087603892,0.0021957541504536177,-0.11371088296904375
5.379765348363094,0.6094586236287203,0.00360933518307488,-1.3886436169165624,4.743812110448474,-0.285396408903547,0.029011182301537486,-0.07054711326114571,-0.02533368284099069
2.5994521325118116,-0.0003689689776174808,0.00977107591576401,-0.22022181652615525,0.002571413740365413,0.000537092369113675,0.002257092307814571,-0.01193313098090362,-0.002038918187281691
3.7812654821856864,-0.0005367623130199672,-0.01955532013184924,0.4335455893281903,-0.009544651600579657,-0.015861669179327596,1.390017966627565,0.0037165009417783057,-0.17918449404874082
-0.010485605399896916,0.0027645074026492675,-0.0010887359796973002,0.0023967167723840223,-0.0027062545587727828,0.010304535486211457,-0.0028352480771563254,0.01146207919052078,5.649797101905487
-0.014510935576522672,0.004703613751821295,-0.01692672910272585,0.008336337879283347,-0.008169665841657745,0.22024578861803548,-0.00232522372136231,0.026258435755969915,0.012574272820480023
0.5429804695910317,-1.963533517845268,-0.06404741403510875,0.003475475822547782,0.0031124921122477507,-1.6870088634205989,0.000209556292491113,-0.020633542515561213,-0.014055072458999063
-0.006145314333553503,0.0022477673108708147,-0.010072980198182233,0.0006513144147524616,-0.034066003315636424,0.007182063735443986,-0.0027008846846667744,0.006340239142212829,4.20714856352035
1.8544100941542738,-0.008942413618320197,0.41266977318226417,-0.011732021619004936,0.0011781040659320854,-0.0029887258923436298,-0.003140817405672706,-3.270176944752866,0.0022025888001952487
-2.0164938850360077,-0.007633671244389906,0.009347090398611174,0.005057066696547249,-4.062929246098053,1.6479961526557054,0.2688595548182452,3.2711674526167727,0.009379281992958344
-0.011845290923164109,-0.010807857036786835,1.8892672872999041,-0.003301380619070149,-0.06319045473114518,0.9351062084033481,-0.0016940664108472288,0.00777656292454932,2.072283121472722
0.001960337186860194,-0.09985230453384343,0.005212771223365485,-0.09590342331929541,-0.4198205612307041,-0.0030593373340461506,-0.020110608824446888,-0.023912527147916276,0.004506763000238431
-0.004102336351276947,0.000829364044989892,0.00608268690288674,-0.0007512903765259579,-0.0041375387439958455,-0.000735230911334676,-2.7015610998517907,0.0070724656162067245,1.1674958150482437
-2.422548420921098,0.008246087570321435,-0.0005015051881422788,-1.4451550665764143,0.004367640477156598,1.4772187630890514,-0.0003235392974323126,0.07580870174156261,0.0074069641872988035
0.00016871474801432657,0.001200059517827235,-0.004824189369642212,1.4627037989528713,0.0011545990208930035,0.00027138349899837164,0.009724380942346584,0.0033852461430337252,-0.0024039230656426208
0.0021405261944611193,-0.004868618743736635,0.013053921540791817,-0.0036103207879551683,0.0014065609798506245,-0.0012499065628548362,0.0343535045537174,-0.007315996365552986,-0.005117280616791733
-0.003436421541322168,0.004222389397111532,-0.0017892359860024066,0.014644871378656298,0.003586028467262227,0.005140930444083366,-0.0012384452461823119,4.726111597153307,-0.0012594899480732336
-0.0017049889419764065,0.0010564717261699586,0.0019656199144154544,0.0016027368144530757,0.0008465058567368198,0.008033926628597386,-0.002834141935684266,0.005875779033030295,0.0036371353031478173
0.01545422434159677,-0.004888979544887449,-0.002704762993008871,-9.127423300700306e-05,0.0035542180249857253,-0.00749532899945175,-0.007977650105885921,-0.2341572094103089,-0.058443430940369974
-0.00038765552220825514,0.008599826189943208,0.0017037314973343284,0.3301788038378702,0.5395205711140248,-0.005574059870148068,0.005772524361175763,0.0016379575067262944,-0.0043425978083989035
-0.4523857994319509,0.0026868195170482723,0.0007051890335807668,-0.0010717226326014961,-0.00555102017648426,0.002276199842027595,-0.16303118145759332,0.01557789094715825,3.464433822950701
1.4404848999765505,0.002899622395653168,-0.016699383126340478,0.01101374100893917,0.00423317960255375,-0.0453586212150887,0.000298727399749104,-0.0027113922873306193,-0.0629801299513118
-0.3546107187564611,0.001344909659089323,0.007786116924232262,0.00269886405786144,-1.9113591238756835,0.003060047346363921,-1.1118612969294734,0.040558523073668695,1.01187398733002
0.0017387414748931233,0.0005290356076558456,-0.006301210911442901,0.003002555872944943,0.006155479108710646,-0.0003323687419335456,0.007453453633688945,-0.001464144815716664,-0.0175581505668508
1.6979698617648764,-0.002589642777000474,0.0014417174173890802,-0.0018479460059973574,-0.002119129780991061,-0.4186839369117627,0.000232241653138952,-0.03847401912123492,-0.003007353079318792
-0.0007473562007856151,-0.001116493981469379,-0.007545795095711337,0.7888255610547141,-0.06305731443058524,-0.0001512632297549449,-0.5357389577710642,2.0538000946733644e-06,0.0024799325749769573
0.006707074300982309,-0.0023509181549801784,-0.007780134641784236,-0.018019575831907053,-1.6912574370750062,-0.003699801669410521,-1.9596919084936841,-1.650147011706739,-0.009096492093974062
1.299053456240612,0.00018166709419926356,-0.025162115157439505,-0.0016560624455046141,-0.013607118530848738,-0.020434973523408936,-0.0021942561337497946,-0.2003955873533087,-0.0069463483693466554
1.6358985316327912,1.576409288370046,0.004535087443800032,-1.2621794890162166,0.044325298068003144,-0.0029440749805939664,0.039204853503499684,-0.01677090508006649,-0.05423759200147915
-2.39065640636145,0.0002779815142037456,0.03751129862985336,-2.0293565787375076,-2.8590623579308456,-0.004778372832721187,0.0007988436239116242,-0.01985560129799424,0.024749588919819265
-0.5191670880943033,0.00092526916506077,0.0016875485404854416,0.0018222468748106332,-0.007072467139566621,0.00577467123145943,0.00021757949524460474,0.026404009312878257,6.3364654569582655
0.003677566014317889,-0.263502062619414,0.00666011636073539,-0.010756049184578311,-0.5861380214719202,-0.011053798216377374,-2.162345589138901,-0.030057893182339302,0.0015666868975013626
-0.0031547731991639835,0.003838294569239259,0.024601135375850132,0.0032726843348054035,0.8374695487885572,0.0028519405616613727,5.092440477877487,0.007829372501677291,0.0070183589799435175
0.015148216461111239,-0.007802971068215994,-1.7968523839299664,0.0010901841033707192,-3.2387460399658052,-0.00642133644467653,-0.0033222937752684298,-3.2468761099522916,-0.009540375311300415
0.0029743330726115826,-0.026529328789701052,0.006745764218400344,-0.044664628235269205,-0.004951578386581987,-3.251396631952393,-0.05041053853019997,-0.018753778094683725,2.7157765304650536
-0.0028411010218325483,-0.7040731052663449,1.9701242324173454,-0.002415335838918972,-0.005432199506961295,0.0024971947686248663,-0.005010104411978102,0.0067077729901409075,1.913439642153965
-0.000374825298736721,-0.47064529778644765,0.004577593904218975,-2.6930385882276004,-0.001908422309494149,0.002062549407939732,-0.014319080793167058,-0.0008152140568795715,0.004972695373103575
-0.021332570622389413,0.0007587210317845372,-3.173648803718454e-05,0.001776481211287012,-0.16185124764133973,2.572047913357049,-0.0070303211101684915,0.009441288365542332,3.8284390604919043
0.2785687251525621,-0.0008073765547644475,-0.09286025592286686,-0.0030512120528116077,0.0021711633384160034,-0.005690238274470972,-0.0007293198816702275,-0.020597585014178996,-0.01603307335655966
0.025257817257519417,-0.0010504400856067766,0.008151380736552352,-0.005219476876738113,0.009498724659787305,-0.00016117926904346254,0.003148496065899353,-3.677828560569259,-0.011584332870709785
0.0015676498306798497,-0.0035754016518818664,0.07517316388508702,-0.013854097027190967,0.000929079465183165,-0.0063794418142523466,-0.019837653558589432,-0.015503259468117427,0.0012287537765363614
-0.7410221712402744,0.0012751736549961824,0.00796017124404678,0.00046041031685800096,8.444192723532605e-05,0.01216902163582409,-0.0017818327639947508,0.012811194857412148,0.01248792859739388
-0.012289235134680079,0.019735970019041007,0.0004861190505995941,0.00875297965073069,0.0017553018093532085,0.0015857410883940474,0.019544054564278723,4.795551972623477,-0.0006723403714677945
2.5248672600848066,-0.0014001279097009419,-0.0056317510246762514,1.2330208950206574,0.0005886208988926181,2.856930436234897,-0.001468314505809372,-0.008494613256710134,-0.044144965748266096
0.0008344667491773244,0.0013142608828035673,-0.031530523451744626,0.009371804508636951,0.04198721156247836,0.0004957989106187902,0.005061685042444807,0.0035134552371380097,-0.007566463051648735
-0.8218474781752074,0.0014421828058641117,1.6415456878790144,-0.0007518229237834656,-0.0009295763099638824,1.1596724663931803,-1.1434200281993743,0.01787681165668832,0.06359662666693366
3.1415324915523213,0.010480717331601136,-0.9416939940210844,0.21922696668771324,0.011064459617889849,-0.003487030703189311,0.0028072142232527623,0.012566160762634893,-0.12043035922517165
-0.002622788387768811,0.004387307903442762,-0.004560044306295956,-0.01793688830902728,-1.2253787160586467,-0.0006527684055137734,-0.004117308366526784,0.003751525868762845,3.485042594727952
2.799691395490023,0.02132159447690901,-0.00782305976275546,0.00016277900477627838,0.011922721027316181,0.00199516644456163,0.008088323169397157,0.00242181816827558,-3.046971967206762
0.00019232700194570396,-0.3528518720724755,0.019384660000238727,-0.013769777204494127,-0.16022024790178213,-0.001498026428115056,-1.0322623919225922,-0.005220540963543363,0.01446593756001021
0.009909396677737652,0.005401379339484168,-0.006170883973955512,-0.006842455627308457,0.00605798359987752,-0.0037719743711220662,0.0030119787084320867,-0.009798758886002255,-2.4517975988738603
1.3872887571548724,-0.0016694043076420965,0.0014636021750838793,2.332160718954077,0.024334343624605043,-0.31996393007376067,-0.001255157350231309,-0.010851034910809895,-0.017031920926418753
0.017481038154684048,0.002536449179256911,-0.001914259646933321,0.000985426942355011,0.007545034803615111,-0.0028927283741585624,0.5530373172842227,-8.522133992896473,-6.5356846425370705
-0.8824919618173277,0.0035452573158343097,-0.000789875804790733,0.00030363361942190373,-0.9455272822332116,0.0032102131783061268,-0.0021229897802915523,0.01568103839833286,0.02095590021783189
-0.015027112659729655,0.01063584261027851,0.00031227892075496623,0.006904421648247757,0.3362684084547669,0.18696935181106017,-0.0012036647363668916,1.6474035911058715,0.0034588158881962497
0.29440202684396577,-0.028759295930161917,-0.0021353195047986453,0.002682099964773508,0.0020896359886026757,-0.0006250380474272597,0.004210967113829114,-0.009833651426842288,-1.9663385920884764
-0.002146772638517616,0.00386221104112559,-7.811208966798465e-05,0.010617043313338115,0.0023910989824099302,0.009220641488521317,0.0019515116773257436,0.011150924199584716,0.0009780752152879183
1.212455984554306,0.00017580801301012765,0.0016722606015870528,-0.0034512802591458273,0.003963314960662165,3.6155121980355784e-05,0.014875599426771573,-0.011026460552940695,-0.01250378770655547
0.0057404343632617835,-2.2252378075491417,0.004178574590143196,-0.003393834246797721,0.0016960808226958203,-0.01076200735301988,0.0011092320963219243,-0.6799390111205366,-0.005476988073824844
-0.002998869248289668,-0.001401175314242473,0.003547629458045966,-1.4614048325023021,-1.6693503344466059,-0.0033513397360993534,-0.22339378729453957,0.005374742912999442,0.9651718954786466
-0.0014239341562881647,0.0055512277416549525,0.005524683257532977,-1.5327017904173483,0.6555859256784913,1.7316320677475021,1.8952873406889048,0.005820833520224621,-0.004254968862179565
5.211320532410362,-0.5112823680576031,0.006717948109149829,-0.003218184579015633,-1.090724809051716,-0.03800096164006363,-0.0023688505836845664,-0.030358184197118804,0.013960861811364689
0.025536880437514675,0.0004065791158406832,-0.041844547082152864,1.4638429845522283,1.2236162419708219,-2.191342683827501,-8.992817302889977e-05,-0.021072494470197045,-0.07717384819944018
2.8924065576466185,-0.0028949163875898755,0.000172400685508535,-0.0032592725986978774,-0.002706560292565434,0.00041428315874599345,4.176267950006113e-05,-0.012161213098636733,0.0019521745593044648
-1.092937804803481,0.003737809246879456,2.09461912250854,-0.0011791377803301306,-0.830159099906896,-0.006492333505801751,-0.002500328587736097,0.013820326557431623,0.1089314015892584
0.0009729567727111206,0.0018529532978093586,-0.0042843799567299345,1.340994109277996,0.005822271124450419,-0.0006965784341245967,0.005159060961330349,-0.0007787951098329823,-0.005845602192371924
0.019716951511503284,-1.6151733943921696,-0.015132062715880995,-0.0064258798007385395,-0.012306510917886794,-0.0011074234095479704,-0.0003070714147792204,-2.731510849085456,-0.004954970732558378
-2.9546155501996982,1.8405378149558211,-0.00558980167885513,-0.002008079257491768,-0.003525024555829988,0.00957331739481351,0.01669338555086014,0.028782366011870772,0.006144305465244582
-0.5257148085078952,0.0009597628627979025,0.005622929779043864,0.47086647274263416,-0.0031097655103666075,0.005437675739544408,9.996923855190945e-05,0.03432914057112262,0.009321730566125369
-0.0038471095365618622,0.7280419397172755,1.299510947091546,-0.002926670650066996,-0.00037052381744650127,-0.0006172617087690964,3.665572180189109,0.0018588502365677606,0.004019357648084962
3.7157467589895585,1.4105078954208423,-0.01760610083512057,0.019256265460943944,1.3382538383662475,-0.001969908883041771,0.006395572566118106,0.01478479631414037,-0.1545760698927392
-0.7780281510569422,0.0021004513137412757,-0.00012875224679120985,-0.004061044263781517,-0.02853593413718932,0.00230584037508219,0.00027742610295677754,0.009748874539005851,2.0931169782851926
0.9796005708768174,1.8197431749352753,-0.04929303226642465,-0.0027348041316732708,0.0017123278847749404,-0.01083199619902438,0.05614444775585922,-0.006018123582756598,-0.03753634317775442
-1.2668860691227997,0.0043665877641485135,0.021775811951830648,0.0036190806597961728,0.017173505428125777,2.0552823621890526,-0.0009190232983277112,2.690421331913978,-0.0020921810429910814
0.007615381930189094,-0.2912831286916798,0.003819300017530349,-0.0019389264854528575,0.0035480633420303265,-0.004876040129554091,0.004791074439018197,-0.010387679110680904,-0.010245710539858018
-0.00732082551800815,0.031154003197074995,-0.0013166751835714148,-1.8166395259437977,-6.379824769308859e-05,0.0452333713750431,1.2999290146350615,3.1453740128947003,0.004667347202248678
-0.4308517573701278,0.0027087999867708747,2.250900663432537,1.4945799458475104,-0.0015015251069814186,0.009272428269530827,-0.07074468157769603,0.03459495485601269,0.04751410824378344
-0.7131508262436556,0.037088265596450995,0.00562797189785554,2.277875947483978,-0.0035135370913842758,-0.004243573665041905,0.0038704938429676462,0.011194002301727565,0.006187227116742938
0.005352473652678231,-0.0005013252957781064,-0.005249355847514613,1.1059372490891481,0.01771405979723884,-0.001869661725976959,1.0851673688290002,-0.007478230682761402,-0.09598714027260674
1.295343387827699,-0.34151448151142627,0.01513294593201124,-0.0015456928251949573,0.002652798132403031,-0.0037497875186722853,-0.0033934812371758487,-3.8857954232452316,-0.0036973429842784844
-0.02714392855011237,0.0047870380308144625,0.908326838790725,-0.4255990744959965,-0.006805629742503842,0.004630034400559568,0.0003285069401791187,0.006111487990685047,0.5909483622901925
-0.007335546736561274,0.0025986213013142277,0.0015124765043032003,0.0019551821994025368,-0.8931447887188735,0.00860791323042652,0.011829772217750374,0.015145210676353656,0.028649120781811338
-0.0029161348946296893,0.0026178414074748157,0.004445289453592016,2.182499524248561,-0.003110858209728189,0.002342005674446635,0.00578279508007859,0.014718017221067721,0.004265044072599919
-0.027871183566455616,0.5104509336168963,0.005717917943254774,0.00262107005112081,-0.0026684436650332754,-0.0002821778331808497,0.0009329515541774734,0.04258051724047069,0.008159812767047785
1.6701830462336806,0.014968107307748862,-0.00771071285103515,-0.0007909657647921786,0.003467574351976161,-0.003546562414717451,0.005704211699320304,-0.009706927343041238,-2.387547799061144
-0.006358568584736427,0.02394966008061635,0.00023607918163669455,0.05523245844884673,0.0074388362172558035,0.002233913984479971,0.0025267052467466064,2.393072315860248,-0.003434331365038519
0.013140065622711855,-1.5222201279383178,-0.0029666775214051734,-1.4023042897781288,0.006016425772345027,-0.0023226824510607187,-0.0010359402293507458,-0.22467955177747895,-0.008764234060314461
0.006043931486195843,-0.0028606168736161545,0.0011766772696594494,-0.35434154208624885,6.544330179555176e-05,-0.004573214436014035,-0.00014994553252102453,-1.8016258595368835,-0.00323404414478665
0.015110475768538384,-0.003555487173684653,-2.260056466922835,0.0009446098551891095,0.0036421155665647396,-0.01216707857859136,0.0053220554529907664,-0.010141641936094938,-0.4152960996640922
-0.0069255899567441,-0.0010785764342263974,0.0013222288027105959,0.005800841736033936,-0.013114097877934966,0.9694948259046733,1.6385105582364405,0.08438847767324495,0.006946906610391009
0.223035281741696,-0.005817350215837135,-0.7607736481955298,-7.580031406102718e-05,-0.001001415184276997,-0.009594602143645936,0.0004028941125760557,-0.016806735366301277,-1.0721991834848188
-1.5485850754044792,0.0009617546266373032,0.02268421489977246,0.00020234499607013276,0.003546235026466931,0.006903274554524594,-0.9675815124391962,0.0021056083443220033,0.017529635820157097
1.6904695793254665,0.0013923767260343584,-1.3794662863894551,0.0014633971155492073,0.002348085370844877,-0.0024364233509678764,0.0011772072714748489,-0.004457598775657989,-0.2799040606814489
0.0019432416289021561,-0.0048406097962723485,0.2553763686682719,-2.6169661066470504,0.0036232191064771747,-2.1138002231915354,0.0003407189335534015,-0.00874605309717447,-0.00107741239025487
-2.242669564211016,0.19203048276097145,0.0014433014826132212,-0.37997138242147693,0.006088745751174844,-0.0006085339808853782,-0.005095085913431011,0.00572815087552056,0.019981103460125715
0.0006195012501480563,0.003940654871666259,-0.0030470010816423775,0.015301490354500347,0.004773138669069669,0.0030298039429235406,0.007148402205122776,7.236204567778737,-0.005270334982897681
-4.548682189955217,-0.02359782042363423,-0.006037310614159616,0.001398646033128094,-0.7163723741665744,0.021005656847294357,-0.0024561030861221696,0.04784474859533283,0.052585920323064084
-0.0003943321058073379,-0.0012130091832889467,0.0006139900004548716,-0.0006600724960863407,-0.002796158592898155,-0.0002031954405071548,-0.08009190880417809,-0.0006115296719503781,0.004269427474706163
0.00015205307925458418,-0.007881827787217055,0.005583528597300175,-0.3121488193300999,-0.009900709846633621,-0.00047684141062780686,-0.005892274547706796,-0.004346195318328529,0.0050802829821745485
1.2969794330242692,-0.00977351441911263,-0.0013312855101377408,0.031154630099870906,0.011000560359203115,0.0015329762422598165,0.001198957486582386,0.0029326638125853344,-2.7471639699498223
-2.9756964838706645,1.276593296389902,-0.007218230636057157,0.04805601858579996,0.0018699984022724908,0.005285942551972572,0.01455203531499713,1.1139562328107955,-0.019769208714293662
0.016477813182821585,-0.013077356367338082,-0.007619323461471435,-0.0015131629753868808,-2.927061726991699,3.252638257950075,0.0015562074995173576,-0.019007806423436455,-0.018043463277113037
0.08757568274726527,-0.009510133201079775,-0.0004547755791587246,-1.266669109911885,0.008004083407722438,-0.0029236962289295727,0.0076664576945793435,-0.21584890615519003,-0.0229707325630454
-3.230149376690571,-0.9981118100782527,0.02284815997950629,0.0006886819480564715,0.0016211346384205835,0.04335405087680527,-0.006187385409819876,0.002148360837298644,0.016094001731733032
-1.6065519244875461,-0.043016906119933584,2.594273322181282,0.001569228830596646,-0.0055293210500242385,0.006710341775843752,-0.4047707813179356,0.007919759342899707,0.0646704868810648
0.0008877603305841324,-0.00861282889421245,0.0014152024140876831,0.0037405595127769854,0.00012373766313415928,-0.0018885751892547238,-0.5064968282305797,-0.0026726097423869807,-0.0012931792056823073
0.0800779284278122,-0.004955248592376553,0.005797786567123427,-0.0041962065644937825,1.0278762237667838,-1.6087480716940208,-0.0015265798106062253,-0.07712992998506632,-0.007543829968145677
0.0003408003853393594,1.005025055545873,-0.2839756994934351,0.00170289969551963,0.001782221936769665,0.008153516781573448,0.004456971433748522,0.0018099925202198965,-0.004751232349425909
0.005510248598004666,-0.0009453827143507196,-0.007618449834709871,-2.142688378607019,-0.001029597334058453,-1.0338368718946835,-0.0024302635198795546,-0.03902524703251368,-0.006489659871280355
-0.10881204973745096,-0.0007018275714474054,-0.001245904990769861,-0.0035578541651523077,-0.042982750304319806,0.00811128354204732,-0.000682993481470065,2.9029704662304074,4.559843851603265
-0.6535794735678628,0.0037077905092913754,1.3847446162553918,-0.018960535868105755,-0.013435933429376906,-0.0002899739918569254,-0.7119841769420763,0.011632625476055938,6.432215700032664
1.7823986117302644,0.0008443451772111865,-0.03539162928314532,0.012426588042710074,-0.0010276311099947227,-0.0010656315402834127,0.0032750132111420693,-0.014817417925219678,-4.023327356364547
1.5308890135806204,0.0007464510323036827,-2.3524096255963993,0.3825964045986847,0.005407783786669045,-0.005742590182426011,0.004423000269135545,-0.007979344530222782,-0.8167287492144659
-0.001569545383941398,-0.006349825408559764,0.019435217655770644,-0.002210458492044453,-0.005226547881153927,0.0026129420081850013,-0.013392687723446912,-0.0006750352944719061,1.9566613201259648
-0.3283733659700001,0.004608616367254105,-0.0040977107807634305,-0.0006857739558646103,-2.233713700989325,0.0044446618678123835,-0.007044200212151179,2.3869498725243865,2.2658303983387285
2.3532671168964088,-0.009286226997757718,-2.5989587257832127,-0.02492338192535326,-0.03582470020054421,-0.021562169653290678,-0.0321502463300447,-2.0561191651720883,0.062067074055548455
-1.269534847712186,0.003472067997783652,-0.005505550177994412,0.0027100209645253984,-0.0005566410487609121,0.0023985908981253405,-0.00040739943312548266,0.05187177178664461,0.0032949805093077517
-0.0003407721634484176,0.7239002813740876,-1.0585155771651362,0.020709789725760132,0.0024891169576344075,0.0017614101446503478,0.17094272522881906,0.004529699276240581,-0.029910474981905633
-0.3082480233925039,1.2085969465024948,0.0006472631294879953,0.0014362297241398599,-0.00631755812917793,0.009423207887894781,0.00026462840616994863,1.5513441997465864,0.008624570504111861
-2.2034426719109366,-0.00017724615273752298,-0.0010807253189420891,0.0070794037211033,-1.3330486044120442,-0.0007307364547210655,0.0015313254410795195,0.0218249967885423,0.004034545484153329
0.0032512362000855707,-0.0016333658213148058,0.0008336078007134332,-0.02378024814718093,-0.002033298073895895,-0.03858885162436561,0.00021960487744211764,-4.4490259007905575,0.0015730517524139911
0.007293374300539948,-0.010329611161335708,-0.000993847139184361,-0.001252638262552174,-0.7876694341035759,-0.7486120113148167,0.006808638953584511,-0.02286402712054927,-0.0067924128968562605
0.000691673247948138,-0.580074562256486,1.1320813405060788,-0.0038785085439511126,-0.0005759935817400801,1.2642760778256033,-1.354714677554564,-0.00941149742809681,0.007321150326051906
0.0005398787885132529,-0.003982393517295697,0.002360403554698679,-0.009600682811332483,-0.018954065108092402,-0.4053076214305208,-0.005746897544984475,-1.7164936133223005,0.005183934957599553
-0.010400715566042327,0.02497900240671043,0.00018427150010453738,-0.0011920758269607762,-0.001385498501562268,1.6048145878767708,-0.003009100685709743,0.04129554123428134,0.007312351424666463
-2.263646941302477,0.0008859761704665306,-0.0031766804739484164,1.2190885736397,-0.0018838658671232501,0.003105624541444087,0.0001863771870395988,0.042712883610437666,0.007220468090345045
0.016444302100121835,-0.012381124298310753,-0.011289805737241611,-0.0027259638701606463,-0.5180228650645765,-2.274268120420367,-0.009289797496723711,-0.05241581542598604,-0.0028715082954517412
-0.013897356342715318,1.1535628259177275,0.013941316749935182,0.001916485872812762,0.01701778858466167,0.05306697557310801,0.37897650206995914,3.9611904829331444,-0.0008079479363364839
4.260395601663692,1.2433510379597112,-0.05179443092562597,-0.0008142898193498065,-0.006465050952171064,-0.013255338214386733,0.0003635382408813462,-0.009749730213790476,-0.01059449257791023
-0.0015667132514517249,-0.7589954076890205,0.01195519460730931,-0.00771369020531993,-0.7180804338394192,0.0042700928970705095,-1.4864214633884287,7.447058702892209e-05,0.08217100216313211
2.0274149160112978,-0.3414422061144865,0.4531842546109517,0.006307694014301458,0.796923288985028,-0.004530988166044494,0.011720139552961101,0.004154599546702636,-0.027009393718736896
-2.071425307070656,0.003816260257360182,0.0003187246966231995,-0.005585067140667629,-0.09056172008948693,-0.006345834387001002,-0.0015140595265089058,-0.014524240993169579,0.007540082795256586
0.5844071980583817,-0.0025725035317643212,-0.0017658524833211505,-0.02737180092440226,-0.00033155956627601776,-0.1185604440980061,-0.0025855644353459974,-0.577130731950526,-0.0011072382479196952
-0.02043838851329534,0.0020269409203324297,2.0368077593222242,-0.7030816156228835,-0.011975237799003838,0.5736093744850682,0.012771057135671969,0.022695813779253282,0.08639900836821623
-1.39306434761136,0.003579148486672625,-0.003651332402353165,0.012699221230363144,0.0008858111148640109,0.002504822237043647,0.0029101900179940646,0.13369719389741047,-0.0015155279642461439
-0.2844761932235888,0.006911995457658065,0.10157035970926051,0.006599926503811482,0.009588214178574084,0.00018660084809569606,0.002652159326292882,0.42402210150455644,0.004961353557220938
1.2974211973708358,-0.002419888029556897,-0.004690104205345892,-0.00811852406333291,-0.7852676566625065,-0.028288775528854403,-7.535924926781352e-05,-0.030832178484637315,-0.003966500235573309
0.0028291418485160563,0.004942903823807417,-0.006315660753802645,0.006808905555619096,1.5301309967858392,-0.6005442246602268,2.4225229525458176,-0.0020833582480920265,-1.4379931008661764
2.5392341344081952,0.007788828037786202,0.0010002357509413112,5.147553841135294,0.23922867373955947,-0.3525032923478048,0.0009510011911339211,-0.05388763482736146,-0.10174577725172762
-0.0009836245234622343,0.010751828838888361,-0.02877687830861872,0.008706145225872125,0.01087612132572428,0.005198203053013762,0.0069465938263660425,0.006438020946212264,-2.4537813856806725
0.02995382579853616,-0.0025077616645014593,-0.002478666663993487,-0.12344562017088681,-0.0012074104105182695,-0.00126695679511605,0.01024969269522141,-2.0407890433114977,-0.005239587218717687
0.02339262388697061,-0.0014800020236625244,-2.3760805667453573,0.005627229368170089,0.008812289891641789,-1.446188919155256,0.005646803857204664,-0.0034788559086006247,-1.8523914992733914
1.589020850164299,-0.00011571986597204431,-0.005681686637214519,0.015512066311296785,2.6459692354742184,-0.11611157518336535,-0.0008942131415991166,-0.01383160683685003,-0.027254090837098066
0.0012497738494399299,-0.028357429731259792,1.2151922608452226,-0.012835899718214824,-0.004806587915639675,-0.0001230352207385679,-0.003488213997676624,-3.1936124556270027,0.0035574420494403
3.3269527959582756,0.152746569103821,-0.0009713851518701744,-0.0015831955528919778,0.009945013701204817,-0.7227513558829202,0.5236789154958297,-0.013502036273053686,-1.9058828511693875
0.3213882739114685,-0.014424992151165342,-0.0041767069784833,0.003720898310862988,0.005396447229025193,-3.0965473295580663,0.004475540475884821,-1.6724369707177391,-0.018781848129161394
0.4791670309238658,-0.006995128881881925,-0.0016650496382003069,-0.011754604394048889,-0.0001595724327398372,-0.06632900506944943,-0.0011587752780346013,-7.681000572091878,-0.003895186904353254
0.0015889920944428104,0.7054305049548466,-0.5095739900220715,0.6949380778569783,0.038057069312569324,1.2308564918943843,0.12484197905808991,0.09036191631208032,-0.025597678647664476
1.7145702933259395,-0.012573499203829658,0.0023227528629207947,0.0010655578987329088,-0.010979772248010257,-0.16593072025330877,0.0026850791392821934,-0.025095565464474844,-0.018535176536145948
4.989128804407697,0.0017764595858888801,-0.012433792837046487,2.7685634188732773,-0.43451173914005015,-0.052936400555901764,0.0010131480173954655,-0.05499232222254419,-0.01729360709760308
0.007887202416402768,-0.6315249540165372,0.8414409170674034,-0.0015570979481517675,-0.0005050966136603086,-0.010271815770913973,0.11955036347849407,-0.21647395822693977,-0.02166342367048337
-1.526220204861771,-0.0046737104275901345,0.00218286875198839,-0.0017381693220350491,-0.008498997288387456,0.0224068450351135,-0.00335136432804687,0.010254238192707654,1.6981334713022083
1.1637207751105403,0.002583384046987716,0.0017416325972010004,-0.0018871881453410247,0.019359618325111093,-0.02990940694811455,0.1537444270418482,-0.005603413926786786,-0.030567832889317248
-0.005386372537290655,-0.0009787790548366501,-0.0007083012012761916,-0.001516372879840894,-0.009773214365210085,1.2292330059902155,-0.004511347227130844,0.010487158168847481,0.018114336241178454
0.16801453739701389,-0.8995576185779781,0.0010914074395941293,0.00512581683441421,0.010699821435895839,-0.0008796104235524113,0.035772606449196706,-0.00622165737843057,-5.823118012646745
0.004087364794471131,-0.00777021634961431,0.5825012525554871,0.0008283076821405176,-0.003643201621457101,-0.020825662306676835,0.10996043156290024,-2.374840272839072,-0.01564723951987681
-2.017382326958877,-0.003817151931753554,0.002672304344516421,-0.0006897613220781702,-0.0036955449290280284,0.0007457295632981708,-0.06264846960385832,0.0016960771954674242,0.8470324035334551
-0.009381134259290165,0.0043173982852634666,-0.013849120574008616,0.0007765536042406776,-0.0039026256502400765,0.7309270837701075,-0.35758904272768177,0.03026470162908875,0.021848060762195906
-0.008911056111509622,0.002033957133146458,0.0069747728897031815,0.0017811837104103718,-0.0059377395451127545,0.00394244739591006,-0.002486775713665928,0.009432881316193707,0.01679896172291908
-0.008453933885825729,0.005418005618973278,0.0017573868391072694,-1.1970457138716633,-0.0032900243532781367,0.0015489738677898213,-0.011104426495801695,0.007559275440225874,1.667211643162033
1.5686965331338951,0.0033794922944829693,-0.024722811145951346,0.001632243595115765,0.002019719974617973,-0.4416488079604571,0.0009924962589058749,-0.0021607707855480366,-0.013529180097508448
-0.0051241478734003355,-0.0005904468065637113,0.0007060143317377168,0.0023690653687448195,-0.007931211471272785,1.056256698073236,-0.0021236799384240493,0.005145311955835408,0.005465943466620479
-0.06193509168407185,0.006464286971734371,0.006894139365659274,-0.0012864523420071422,-0.0014752263654591261,0.007121036348905881,0.002101365852499117,0.01380637750151531,1.5264647370790603
0.004585644893388898,-0.0011381476220594313,-0.04928652143803451,0.007449958871275592,0.002059124055337609,-0.004887496426079411,0.007450184723502072,-0.0035950915637065345,-0.5770192365905471
-0.00010258890566601224,-0.0008373646390985372,0.0020797188852748755,0.0013117424171117393,0.001226710246093115,0.0010449809789088332,0.001550962386213215,0.0007159383053918607,-0.00037798904938021163
-1.5176682195523798,0.0022316832757454386,-0.0035772751368797345,0.0006824832804032746,-0.00019653393321915,1.3252149708804009,-1.6986566373262457,0.13857299265894063,0.04719537427265852
-0.007403272043457284,1.2289201444468052,0.004311473608845685,0.0015747548675703004,0.007220136820265111,0.009137187492205592,-0.0007587324239719294,0.278053402130524,0.005762046195812765
0.0029095171014005203,-0.006514401790144208,-0.8917587047774675,1.7171870179447188,-2.6138213728848694,-0.00020307831596189964,0.007701879677373692,-0.0011905178955112158,-0.00733378295229474
-0.0006133868950110258,0.7326377675389335,-0.006204134336117216,0.009433569350541675,0.846432624257083,0.003948140080242685,0.8299947031623408,0.0058856604569036165,-0.012345954727681852
2.4021466835613094,0.0045766616378047145,0.0030075433549041804,-0.0035289173264564863,0.6187369247399264,-0.006536963219876624,0.006851025790919205,-0.009307098195648011,-0.016176191634317605
-0.0035281212530297174,-0.0014161081346293657,1.8286100278850033,-0.0048986060243813925,-0.010202079388791734,0.003396669850866396,-1.1194866466016928,0.0010862268435807426,4.075814469798695
0.0014159648428140898,-0.0006468845840487327,-0.02079846741031771,1.2256267171247823,0.002865093575671669,0.0036701034714031995,-0.680646769127121,6.83583055206129,0.005658460359352024
-0.001791347712814032,0.007670016283778117,-0.004568578304398725,0.009808005443311006,0.008964820303844675,0.10122453632319231,0.1054947808407501,1.0412256847576495,-0.003329341737677056
0.01169445485982154,-0.0019026267552098154,-0.016191834159606382,0.001993058912838651,0.0020355933566502584,-0.06463035643569878,0.0042182729360275405,-0.010018674237996397,-0.9116351876113753
-0.0002453412828616452,0.02828673176784455,-1.1717324496606714,1.537402354513178,0.005175272628967982,1.358039556548186,0.0222189940731159,0.007599563134842533,-0.010700733929774995
-0.023019621280451798,0.016196791689505212,0.0010484205585724608,0.0013992026916431488,-0.0007123384276931191,0.4692482017735473,-0.010135549989353725,0.021288735690043626,0.01180177079189644
0.0028304401931124375,-0.02044268488773957,0.0784668811402901,-0.22949885541896226,-0.00029515852457769054,-0.0030881674473975857,-0.0012898829699043808,-3.964776810668127,0.004537029142576247
0.0031662167183480056,-0.3569836508338974,0.0009996019216150058,-1.7823035900354187,-0.48216003974284893,-0.016853662117825442,-0.0072993025171715735,-0.9147074660640669,0.003755263677863825
-0.005007387079052967,-0.009898726556380289,0.00947118936078737,0.023322033309130803,-0.002470819580190532,1.9441798681091231,-4.34764612144891e-06,0.028502621951689507,0.0042726913248958415
-3.0709093935664233,0.0010596496548217062,-0.00018149490620151393,-0.0006218840299916433,-0.00169651026616284,-0.003234912922741467,0.0019939982314827465,0.0062288808762640605,0.015063062932227755
-1.8633059567572197,-0.002094625681544088,0.0009997377398816114,-0.008119780511217783,-0.015981294926578626,0.056519777901434476,-0.02487145137950844,-0.0009368770155072093,3.4128118639396163
0.0008700899629550834,0.8068435628215338,-0.005131445062552678,0.004550490313701071,0.04456512558263517,-0.0002305651293806393,0.3115057353367486,0.0020684769633899595,-0.007398448595658534
5.340904550698023e-05,0.8364395769850295,-0.003513249463646527,0.013936018151605363,0.0032365011173905926,-0.000825573400248847,0.0004394013182284261,0.00029327582127540376,-0.003774897665305618
-0.0013514460240635108,-0.00409856215882021,0.001206858348400796,-0.0007564446666223114,-0.6047306989268095,0.0012014559567043812,-0.44363927868860814,0.0011279568554448255,2.637114335665231
0.003324289410204198,-0.00022664465366962604,-0.027393178659163665,0.5659988322168186,0.0030734583001796757,0.0017028081132081652,1.0417124062027208,0.0014454022809993888,-3.6516887643596663
0.002941059560678508,-0.004797958667992005,-1.9400057511221624,-0.013356332551255776,-0.006795069532339442,-0.0016272377170607108,-1.4350249653766038,-0.012692276144808511,0.0020218530868628803
1.718173975299006,0.001597952897424029,-0.0026045962084921895,2.1910790344776494,0.008241307351370797,-0.003735630502869084,-0.0008901586919881979,-0.024501270085650464,-0.09586474105120568
0.0007314789080369354,-0.003820281309593701,1.1321186284036497,0.0010118617158449274,0.0023687480558187038,-0.00018566561888316976,0.0030064821178637127,-0.0004791731842330683,-0.0026467442768247536
-0.1174267821672762,1.0384795973762657,-0.04239475195154774,-0.0007227906942042055,-0.007130977161670597,0.04817524906784908,-0.005019543910562394,3.512399031991314,0.027211050582964885
0.001497583308370945,-0.9819650388726331,0.24999220312612722,-0.49510453213266165,-0.00012373975822531965,-0.00357335226740903,-0.002251981985226026,-0.05366175690996456,0.0001857854919571295
-0.04878586618681702,-0.0018284673429637133,3.5996839422838556,0.02690622036832427,-0.007816797150128917,4.329679695449216,-0.002192733295480297,0.03225641157216068,0.009498330436871316
-1.442964810969034,0.0014399709778741064,-0.0003821880596347402,0.009484369417049955,-0.0003373767782327494,0.01341499058460036,0.001822681861552218,2.5668371567590254,0.0015733404749292967
0.2340721278136786,-0.006259484448072537,0.0044547857071788495,-0.0031727253742217312,1.6443549678511835,-0.005359041032523243,-0.0003466564734283112,-0.1798138411304001,-5.502275013697986
-0.0014450606408569966,1.4475639598073171,-0.006509515803833683,0.03109808402137367,-0.0005298861863493138,0.004881269829632884,0.03750804818652183,0.04815688056727581,-0.0034909129748408874
-1.8771564750794976,0.00461444398225466,0.003275365698961981,0.0005675231864543237,0.004055069463602276,0.9463377357924245,0.3665557505655338,0.020739514796104357,0.000848146231356206
-0.3128236099763093,0.002796383662832163,0.007449705100570926,1.688946385958253,-1.2794435088531702,0.0021287790193485795,0.0015383710079975603,0.03747873509719475,0.029321538545760667
-0.0016567591352622466,1.799982384536332,1.4806463482501382,-0.005837802730968306,0.0011614526942239451,-0.0025500399489250232,-0.0025760149961002402,-0.005148007571468185,0.006184634799802025
2.5181604859309257,-0.4403530386364951,0.003158232148840777,0.0005503649829637274,-0.00022678729891777855,-6.797197741184764e-06,-0.001614061949515938,-0.010748136585229221,0.0031994450112498574
0.011668476087066816,-0.002711781610294471,-0.00037063979177548445,-0.004876850046530226,0.004125814366719841,-0.013672344233876607,-1.934320413213585,-2.887263111323584,-0.008786573710809254
0.0008994580583039612,-0.3432120244048761,1.6799664317105456,-0.007869810601437703,-0.012253278992510393,-4.319740135601529e-05,0.0003331634533061407,-0.0033849463699327804,0.016122430323316325
0.0022156220306511903,0.0027029765852727705,-0.008929881570626174,0.015299576458195227,3.9853030434556103,-0.005272066182853363,0.006189679653938779,-0.0018016592086071495,-0.6073713599818475
-3.800928616262168e-05,0.0045417076472297835,-0.4886027976193091,0.002230899951658769,0.0009736648566087536,0.0007679732190767915,0.0039740024444390645,0.0016944602852877026,-0.007102485392065103
0.013901391517633498,-0.0043040297218867795,-0.0037117447169971104,-0.9359197332565261,0.0015190957589907468,-0.007004177690698958,0.005478370253653058,-0.4217944082957837,-0.016045398553401903
-0.0010238265178339895,0.004904204159844484,-1.3761746768767988,0.012415716104395524,0.0012015359094934056,-0.006123332775546537,0.6350891738648464,0.008270526398977221,-0.004346723900290075
0.0024093419853455614,-0.008121896592939408,0.0024173065674373863,2.9726655116790157,-0.0007855863433073387,-0.23615170742489033,-0.003930709501271223,-0.018756509493943918,-0.005050124429683642
0.0006860381840233867,3.0814575716225425,-0.9343721074861258,0.8417815133311732,0.004943940019064626,0.012664509115770146,0.009557379860483266,0.011383876656812578,-0.006766994192877565
0.002425767376670846,0.005074188061879658,-0.0027690532604728244,-0.000548078922963035,0.0028029167977274595,-0.2107055269053009,0.7022650186169804,-0.006153399382535467,-0.02151732623137738
-1.796162366959712,0.00911557598099592,-0.019206053138755008,0.0019345673662608883,-0.00421547833561893,1.2581927803541235,0.004953612851947106,0.029717726123354004,-0.008747231117127163
0.04955344633651265,-0.20316161958340864,-0.04166886558986428,0.005614687910553199,-2.578650379168624,-0.019167506634811215,0.014481118164120819,-0.033989359018047574,-0.21346070025047625
0.0008813794641130757,0.91949500668062,-0.00923642336340724,0.21588781485474862,0.007962167933322249,0.028905750924901205,0.020628788832498253,5.513868713182866,-0.01643252293170247
0.010355908293285462,-0.005028302292584245,-0.0012223835907337497,0.00237187163630276,-0.0011500176347121359,-0.14314116727325132,0.5404554945169595,-0.013276763094319022,-4.193328786368525
0.0020306337242079918,-0.0036986762656152387,0.007141202629947274,-0.0027166649720192382,0.0010900813903397255,-0.003243953887796484,-0.596068860879008,-3.9613254052251525,0.00020959562706616974
-0.005164240095751706,0.19526128790048639,-0.0013578678695363167,-0.0031415328376948465,0.0038778975155960736,0.02069789041300084,1.4726070130224889,3.1662376245304875,0.007241080641983491
-1.3315152615171009,0.0013880739765623784,0.0015008142540479663,0.001962784545424898,0.0011466963622607015,0.03152495392058634,0.001235350977846281,0.024742953461210873,0.003446434348739702
-0.8480220504653626,-0.008160517218995689,0.008103116472639699,0.0037566156931881783,-1.0994914428538032,-0.0005223793940006194,-0.001800871209092056,0.023641942429130203,0.8490024042106814
0.0013629915645754316,-0.0024529981554579977,-0.0021332518701607747,-0.005934928241359578,-0.003940195533270638,-0.0005921849929904884,0.009410835723261651,-0.004127868191232487,-0.0025445306045304168
0.11885521000307277,-0.008115377147385019,-0.0060327226173899524,0.0007067924833992505,0.0020793422858939167,-0.006523859029500806,0.0020749434060149644,-0.018613373241445526,-0.06439181985819775
-1.271505415668478,0.006492873723852207,-0.006450571688232588,1.526365732830091,0.00011194929247530967,0.008342781287389304,-0.005618752669355104,0.15958229897258902,0.00124430549573476
-1.6652518763576176,0.003051527301437217,0.0016467118914962782,1.2241060081644302,0.0014740736678620914,0.0005821876205040308,0.0017366961910144896,0.07423518280902469,0.0009306958122102249
-1.7391342760728032,0.0028031149121824526,0.010933599044610831,-2.9434466999020485,0.003040873165301425,-0.0019657777154985854,-0.024198671664797777,0.000489494716100697,0.03318906463954596
-0.0256996405148125,3.137787572817671,0.007170616198351965,0.0069365863178328995,-0.0042420209134607124,0.006918503720498108,0.00492887238501705,0.6106855549499085,0.005332068172600353
-0.008685343838193136,0.01126000289399431,0.007485487716534998,0.877683978195355,0.0057735056206545034,0.008418864287966224,0.0019587866031407393,0.2255209959382195,0.005539840925501882
0.009130897140379455,-0.000989604013066531,-0.001975646538425551,-0.00280743465401523,0.0021860329787087786,-0.8968119026250796,0.006154766932017519,-0.026488200376245136,-0.010720561576823877
-0.0018451950424561263,-0.0012245513549356182,0.004505510445090701,-0.024098575863828353,-0.060117112996290197,-0.0005692158362244383,-1.3584267684795737,-0.000523033698535659,1.613621844940646
0.0006962222193661171,0.0010953803090880372,-1.4868485412444532,0.002150091161905094,0.0019964822050781927,0.0007714813069842454,0.008726579309705454,0.0011522295645902507,-0.018953790735847617
0.8053735066663623,-0.004366869745717476,-0.0014130060315525883,1.3097020104182566,0.0028637908935989498,-0.036604856136094405,-0.001640768813229429,-0.17340845812665157,-0.01943158251759433
-0.0008449180352588341,0.0043847651043551795,-0.0035729474071540665,0.010617332949266494,1.369196731490888,0.0010930378378963901,0.007709340384945811,0.004619575035336457,-0.020545161609436008
-0.004777836269643842,0.019469081837497456,0.0018606877686030583,-0.000542229607297921,0.0018936682860216576,0.006065972908121677,-0.06964615344226029,0.008924481791995807,0.01191857779213445
-0.007769239656075264,-0.0012146091148116254,0.012055034496650116,0.0001920562624418802,-0.005945287698254625,0.0032318614887989344,-0.004417070060047203,0.007635403874766982,0.8528732309436873
-1.6733653045551662,-0.0018669028073378087,-0.005880234210313896,0.002449632398686828,-0.004497132936977347,0.2382639464554217,-0.007522811330764819,0.021208420080143883,0.01705263064068091
0.002255653362692218,-0.011308329386606367,1.1472949678657525,-1.6558677918159828,-0.002330645272391473,-0.0038584586955314,-0.014595427676081907,-0.014970489684956824,-0.004417371373679077
1.3699821297534283,-0.008703406843609443,-0.009165233002487916,-0.04338573126862513,-3.4123523063758814,-0.003342081822329649,-0.00707112481103854,-0.04659271611544086,0.005208812321644676
0.0026636728225095637,-0.004260292839877892,-0.0008685448262941221,-0.00020684895371684764,0.00017126681036934942,-0.0034105935569119553,0.001337930745384039,-0.008512395666049754,-0.009384247002411064
0.8628338185372818,0.007521110047551807,0.0018812714701530592,-0.21992827411998433,0.022792770063724807,-0.1959755099809638,0.004229861132936059,-0.05596342090015929,-0.016036816774644053
-0.0006178930057592937,-0.0034335985330094273,0.006492114531176665,-0.009771118094430955,-0.3871605107307734,-0.0004666690624683878,-0.010274155882782044,-0.0013866674729802095,0.03238058165244266
2.378313249999395,-0.04042387589769178,0.00011095558158091129,-0.0012253612004792965,-0.0036452461865574756,0.004863635238343838,-0.0013891434046823387,-0.004662648608795752,0.0011028173343232972
-1.5349897564572437,-0.003404072648650971,0.10452157700636872,0.01002625365936073,0.0024041427222778345,0.005866932309632975,0.38578272892119364,0.04885092894466185,-0.0010017402228576777
-0.025645191539581065,0.0015583874612779102,0.008281552271821386,0.002069948550363614,-0.07660736552067762,-0.0003868647232566439,-0.016744189970457055,0.007551928616851902,0.34519729867278715
0.0014240417754676346,0.029858507477827582,-0.014705690280019008,0.008467763504217426,0.008124599825071115,-0.007522483557547376,0.006637821595728112,-0.0008766772016449317,-0.039886911759926785
-0.030319405943051186,0.008740582023415018,1.170465352901881,0.0008806238188096482,0.0007423929329550199,0.007532691945475515,0.0048945879818654845,0.024412128805003833,1.4313547457062161
5.511562509767774,-0.003024481020530656,-1.8076445499387237,0.0025689562382129605,-0.0020152487877617767,0.007734091043162208,2.3640482971799033,-0.0027011877652199923,-0.007593544189540502
-0.0033283580725264965,0.0003623494502151556,0.01670095159986231,0.0009884681958451996,-0.0012331794374096337,-1.109481188815447,0.7004671609574113,0.007677964186191984,0.0023860302123130533
-2.629259291833053,1.387851904983562,-0.0006628422660862818,0.3866352901023373,0.008983767576347557,1.2785452519151435,0.8554720931634685,0.16622474075631766,-0.009883320983769428
-1.7261170580637708,0.0014708456502499757,0.0029480535694785363,0.0028996094503637836,0.00012357856752018628,0.0021325760718841308,0.0013424216811192893,0.004913118054482433,-0.0002520878814193661
0.0013370566831163565,-0.2624234096660202,0.007534149146924743,-0.020412890325617692,-1.1279997178357655,-0.0018135480553931227,-0.006643456962793101,-0.006483622689883641,0.009027873109682755
0.006871436567704364,1.314841212356245,-0.05102913102584927,0.2500838752711243,0.26346287179376326,-0.8339740331876917,0.956513567685229,0.0024952701291983403,-3.754787021070486
0.002731211162380786,-0.002811546256946614,0.00012383915758997985,-0.3397410398949216,0.0016511497242522259,-0.003634127167748841,-0.0077631831794911284,-0.027807921586006732,-0.0021533043827950357
-0.9581691473158047,0.0012024227909456717,1.493704900439441,0.00526979991235603,-0.3266777158369264,-0.005832117174764534,0.0031312671622112428,0.0143018272799771,0.01830450626639052
2.738487477599882,-0.012449154734211054,0.08940273723114,-0.0018725348331511786,0.0030238778234664525,-0.0038867792349974927,-2.2877618307994165,-0.05402713557076175,0.0028490723813847374
2.901333311944965,0.42572805103947964,-0.014261931481363815,-0.0028915185295632292,1.2125434573652552,-0.00335162803605403,-0.02811732533406476,-0.010805564308906807,-0.0026296876367201127
-0.003711233202517282,2.1532785024503704,-0.0034826592511393315,0.007129419577597782,-0.0006616468136645482,0.0037579250821722955,0.6376194749065811,1.5789341466008664,0.002864287060838598
2.6024441780377785,0.041476122748444144,-0.012431712533444841,0.0021849808916431235,0.007330224400384833,-0.0007898155620953695,1.7350765537856745,-0.0044077654804272615,-2.5719300254607447
-0.10118603382742468,0.006008471062719182,0.0020571220203127938,0.0013034777564514062,-0.0006550945142674044,0.6084469570595211,-0.232651375519691,0.03934146518337534,0.020488346732613155
-0.4760051880246359,0.0019201061418301062,-0.00026309144234007995,0.001282498581745388,-0.00819527633019131,0.00421215791984236,-0.028300508552446743,0.008683156200303403,2.696887244639507
1.0197133871828603,-0.0010766513223770596,0.002503752918348834,-3.76280957334367,0.004757616011809074,-0.0510525513151439,0.018699190981766686,-0.025756079793924733,-0.0421057172902069
4.132900304882745,1.6393220534908999,-0.031016174565974386,0.28369742752974764,0.043869609145517074,0.002641929221285068,-0.002483949490049292,0.013123054441107437,-0.049815716195690474
-0.00016421967238897277,0.00042711550929366566,-0.002271633566672099,0.003400806540640685,-0.0019035566166097709,-7.359193403902482e-05,0.005702501456938357,0.0011975083821362147,-0.002134493610031947
-0.002275200517210201,0.003089559079656141,0.038380004447504015,2.55913846648056,0.05551022814949197,0.012235731925271961,0.004055834510032361,0.020066911953406777,0.00271625702637657
0.8505274026688829,-0.026427628333562346,-0.00403081846035637,-0.01171338928299648,-0.017718341373484367,0.005814300880680917,0.41057861676383367,-0.027918106522265493,0.0007977728923806437
-0.0012646035706737845,-0.0004825450684488683,0.001268679686533303,-0.0015334333216445967,-0.004917341023706073,0.0002663105546713415,-0.009157098941325818,0.0021424796173207775,0.012468925276109622
-0.026490070076839106,-0.00030649330152471125,0.0063135604196754395,-0.00044779437109646384,-0.005002559811019363,0.2855313791786452,0.16274723799316074,5.845889503341684,0.01050811863793405
-6.639628258346022e-05,0.9996871562385652,0.0009504569944507341,-9.123810687438472e-05,-0.0009261148403052599,-0.6888035895409313,0.002824434212813129,-0.0031553736682393904,-0.004143673498282974
-0.8675343062611223,0.004276088803732696,0.00037065797926361197,-0.0010007233239461774,-0.01053483122573146,-0.0027387826372420963,-0.009672504353730182,0.0039009296929770412,2.89677715703956
1.3987350742377944,-0.10562718638795826,0.2548217051225685,-0.6829005652120598,0.0017892839318792361,-0.001144432412908675,-0.0035836637563626105,-8.893703819531744,-0.0025802022995412566
-2.1422008594174233,-0.005344514410911133,0.000339778010325701,-0.0008603787388355676,-0.6282664284589294,0.013090965721965893,-0.00587358568249147,0.006659225894325965,0.058233060197735664
-2.8230911219793406,0.0014028043216892997,-0.00025956497371457804,1.201231027108004,-0.00021940874148856926,-0.005412527923503626,-0.002618160989293277,0.023428736314344792,0.005722576644456356
-0.001594060302451088,-0.002211474877750482,0.00581315955470787,-0.9439732775709555,-0.6332432755580475,-1.3756251190130864,-0.0035375609017741106,-0.0023307399028761966,0.015418862460547397
-0.004015784216696856,0.05341940155953927,-0.033781916093204266,-0.003871175492366826,0.006376684706681948,0.011710700522358456,-0.3057411900163475,2.457731983878362,0.009712907659646178
-0.0020086857641689925,-0.0014391348976610214,0.004774852265976041,-0.0033396173117329897,-0.005143021182205962,0.0011212110138737194,-0.19562819825199113,0.001611479149450569,0.6994608412684561
-1.1059711063583684,-0.02051192003375618,0.0035946500248320683,0.005776703008096802,-2.042181953666176,0.17997864314799972,-0.001631241264748807,0.03840827581275763,0.048652381242682785
0.01461414933869368,-0.0016266974591594482,-0.004705539343578644,0.0004231477668848306,0.003219050070732231,-0.18392999271710164,0.012370732377790745,-0.023069018928263275,-0.2543819501080351
2.6287897255655555,-0.002176441451662586,-0.00014437751880907318,-0.000867140302224931,-0.0027994573471334,-0.019572704492016587,0.0009708776352065837,-0.012599394604104421,0.0018549893624078828
-0.011276170585278151,0.006448155275817068,-0.010080787819352961,1.2337524182600608,-1.1386646886725986,0.005382334009578085,0.9930449921357729,0.06135510031768768,0.006192550442821057
-0.46727380983042077,0.005972322220273142,1.9192180285669063,0.0015400177112478743,0.0005047055830210735,1.5186804602520239,0.0053062483394545595,0.06868899264220453,0.007374948235362999
-0.0019134133597116672,0.004433643047761977,0.0003400579944657254,1.1276404550109882,-0.0006780701636763262,0.001496042333899393,0.007054599392637976,0.015027664084691802,0.0018236215454274206
2.907899001587295,-0.0017277086794257462,0.004139902701879434,0.004960129981902234,0.01687662709911355,0.004000463893652134,0.010221300487214952,0.00762126831067228,-2.395610219496472
-0.0014067330404297063,-0.0018392863919785545,-0.0001827017531192427,-1.6751764926024852,-0.2188753904827629,0.006522756572872013,1.2044494019217145e-05,0.0038527857456889733,0.005681588840551255
-7.334828374926587e-05,0.0013281148918777234,0.001940303536861615,-0.002976424813294659,-0.000138806411766662,-0.3039361158803413,-0.0054786037024319644,-0.0021806956642013834,0.0025629009903172847
-1.7997319966089074,-0.03035672751125526,1.0055318053186235,-0.0007679167083318866,-0.0037351862519818743,0.004990625869291106,-0.001818389032837279,0.007408300630126971,0.040111469907099795
-0.0001717155391533394,-0.6655669885882628,0.036275725096933775,0.0012251863630045046,-0.20674287444914724,-0.4424358580388093,2.5518881426102555,-0.01237177302005659,-0.00026277159674897854
-1.4122155843647017,0.011308750219486815,0.0015607087280104862,-0.01387339045144122,-0.006753879806831384,3.269924841214428,-0.0022370906571068903,-0.008006154415123689,0.012023137417670304
2.5286274253702277,-1.9279010078032264,0.00906930865502431,0.0003221108018533424,-0.0026658104842450098,-1.0154953882949067,0.01461315202697791,-0.054868132075165534,-0.014153726440340186
-0.8838094772400394,0.011328008440660219,0.00043369284657618357,0.0017827522826344487,0.0036331167510590956,0.004383480632297967,0.005283741899969479,0.08564949813786447,0.002878210023264202
-3.076423189814105,0.7662638165289797,-0.008822328854228581,-0.0014690702525440712,0.0020660779454150582,0.6735576582684522,-0.008684887688471754,0.005556758977003071,0.007106587399951181
0.0030963156704999044,-0.0014251388094864963,-0.004543700749104699,0.0007313288019165929,0.0029384510668123425,0.003891985912639598,0.00401980640789887,-0.0026268620856989763,-2.1627119371034658
0.011860729384941784,-0.00168266807762333,-0.007882763969302929,0.0020932496971001443,0.0018730540237028165,-1.4618448106896968,0.002905904894180813,-0.02453154253811986,-0.014490902897693586
-0.016394640842080824,2.0493932145862086,0.010129865813592008,0.06690965475117232,0.9694252199342952,0.01099233061633671,0.0010050695835650356,0.1019202473353216,-0.002261993436817351
1.676479584648749,0.20291887480108647,-0.038971977751004847,-0.01022814815561365,0.005157966094342808,0.02260253146329628,0.040898327474923,0.00028680018786425565,-0.015262592476474185
0.002479499896802205,1.372543504302216,-0.005499094110876174,-0.0005855346165606328,0.016110387059867014,1.1606953402336253,1.446654084662709,0.00016933921795327274,-0.031227348938251194
0.0034012542305383725,-0.008819387907512868,0.002481477761087738,-0.0038958315123534017,-0.026608751864289047,-1.4292549123764413,1.8571292197584675,-0.022866701363609854,-0.004619065024784957
-0.007114594855156217,0.0341238069011704,-0.7862707471813783,0.7197934021149843,-0.0018138584748928549,0.002997325358890128,0.0016112001337166264,1.6170011074667903,0.0037302980745882626
-0.004959861727361452,-0.0008778568725958248,0.033478937829784505,-0.018989925571309636,-0.00361955434959844,0.006818298381680955,-1.066861958440004,0.00602972220140487,1.3751783353949345
-0.001878909705241229,0.003425335327308183,0.00020016671944080196,0.025872692189796286,0.04439452626688458,1.283019641897539,1.2874877906105235,0.5276747237528209,-0.005582055496296024
0.597886629420209,-0.0008312804251849411,-0.0033083311766067894,0.0009013311205528824,0.003669769864992515,-0.6252152230112028,0.0005780252683639103,-4.797948931386441,-0.01691486070160475
0.0031720841865113224,-0.0003227938574603367,-0.018054300287608318,0.00510540475098506,0.006657145889917369,0.0010512489186059494,0.007081819998866236,-0.0007353987370926889,-1.0961302534019126
-0.04034442740038223,0.023682546856889516,-0.015402313512380555,3.7188180868617073,-1.2077174752292354,0.0003740686021503517,0.004740054669634668,1.0433382246736267,0.012817525625072615
-3.6738100670694216,-0.004081484576226856,-0.004435813384441309,0.002065416003812319,-0.005108788137343195,0.010319463279535961,-0.00030058527960480363,2.179029069461238,0.037487453623328504
4.063141966594168,-0.9728374753652642,0.03762437261131152,1.2175478558126838,0.014330077609344238,6.700329057990817e-05,0.000469151746485999,-0.003111783905289184,-0.004354136755793769
0.0034287289871209672,0.0006997832822539371,-0.008798341200969192,0.0021419682559004703,1.8405284983238226,-0.004298336148463672,0.030583966713783557,-0.0014004400031145201,-0.2060370528216866
0.49896645889219365,-0.004895120151830797,-0.0007869903801955899,-0.0001494541527203401,0.0010951154837669837,-1.3303922717502505,1.0518805770880095,-0.029895082384422657,-0.023805365978491755
2.528732120412792,0.13789369516617242,-0.012356117397934865,0.00034321714695668146,0.0059289008771050145,-0.003350582587387946,0.004860624739628113,0.004139707773327355,-0.03196586132359669
-1.1253349139306286,-0.00014879997624525913,0.0122116992204225,-0.00012108284956474093,0.0007227080802202756,0.0188528165370678,-0.005559896613917918,0.007314788606190038,0.007358885005326582
-0.007206367701380084,-0.015185057824427667,0.1638075197454936,-0.00019827395723448493,-1.0778686659882983,1.0442579569181976,-2.3213254650965154,0.005572854422699062,0.34827083761098354
0.006421574487580794,-0.013372117019129083,0.01157411027244868,-0.03790766897667691,0.0005181247453026271,-0.007172692666046509,-0.0016396074462704364,-0.8088749565851914,-0.0013318474700912963
0.0004795652132501128,-0.002956308968658839,0.005596793914588568,-0.009971208284776628,-0.5180470735304861,-0.0027034719991905626,-0.004853280432582324,-0.005214853658066533,0.007174765781185078
0.25209697081246135,-0.003920297237718309,-0.0014741110054794357,-0.26535937071043286,0.002351258939200788,-0.008844356938971686,0.00020461655456896044,-0.5648223306215737,-0.006155073548564309
0.911143245039503,-0.00023382642806429616,-0.0029332725062303742,-0.004798006841840756,0.0006137007503781225,-0.012928390345712781,0.0003618008545105897,-0.023118015079995252,-0.004709664963226903
-0.0005659369513583506,-0.0012921924836862152,0.598303545703175,-0.006062365628026908,-0.000730334818603466,-0.00023303844684622742,-0.006953184104975891,0.00023102083983351368,0.009348906552335532
-0.0008506002139905721,0.002945751379411071,-0.002076510817042002,0.00637961906302692,0.005723513883284698,0.6657188327297106,0.010164970266284372,0.04074644454886026,-0.005432888417886731
-0.010511946923867865,1.0401945807999926,0.006498792455331912,0.17160180414815368,0.02166293628979666,0.007748135695798129,2.1164881974967056,1.8649232981469093,-0.002350939102803727
0.0030165459037322997,-0.0007495782905230248,-0.015871187396324503,0.01685125720744024,0.004288204498973335,0.0012419587561314158,0.007145031033676226,-0.00011398698308665717,-3.9454284758842624
0.0015232302325009824,-0.005157463582781113,0.00527158543535329,-0.01101176876013463,-1.5533248273733897,-0.0034613629587917465,-0.019510423463375604,-0.006816464433260189,0.016875913688293054
1.1589806500492472,0.001387621080485131,0.0006561846683390271,-0.0005718972755205803,0.5787876028092995,-3.7258258896971794,0.006978963534806228,-0.026061158892192918,-0.015895413870717023
0.004433220666548695,-0.030970962573524934,0.003771434910548377,-0.5709138500386124,-1.9549139976122112,-4.031952218934978,-0.02435150845375958,-0.043827590085545876,0.058735076683596676
0.01683203351515164,0.0013484217855655907,-0.009643207268904316,0.0012757587813200999,0.005107856319690466,-2.75051867557363,0.0028393796109718143,-6.266154619128433,-0.02039922378147585
-3.607622482366042,0.004831206734998985,0.006350728485577953,-0.005041132128773612,0.0009382217948417509,-0.9004649291398522,-0.0010285274644170304,-0.007501020622856245,-0.00029401970946191236
-0.002729004665079731,-0.0002303127735996547,0.04945795844613207,-0.16407277166569822,-0.0007535719429205435,-1.5230042569452553,-1.6949871203945606,-0.004053959002517087,2.529876943278442
0.0010496630014739348,-0.03538903647208391,0.009982105334931747,-1.482833021615083,-0.006042389262597175,-0.6023589756117469,-0.009272121986019968,-0.024068338674054553,0.005340555094886798
0.0005405441085741468,-0.0010454200295374847,0.004617266226537339,-0.07777913480582449,-0.004757976088489179,-1.4277239132618513,0.0007400363227365236,-0.01898571267386938,0.0037366251811550844
0.0028412621098551937,-0.0005483732181664397,-0.005219957822689974,-0.0016856751187100403,0.02880429892989087,0.0016072923835971,0.11529797141516203,-0.001515847146361327,-0.013269437530336391
-0.007702744754202448,-0.40682547267496644,1.1300509043030618,-2.4182945608139415,-0.011224933482809916,0.02871185085282424,-0.11364033781993349,0.0019994781336480916,1.6230906882850054
-0.0003390936112278528,-0.003706738763823395,0.004245571034460535,-3.8096984280417887,-0.009855200739196622,-0.0023590171942648435,0.002344165697534255,0.00018305251910952117,0.004053363443112402
-0.00043525829185578,0.8785226576902635,-0.02405655097457631,0.039448094970482454,0.014744900203196349,0.010541356696199386,0.18042012308902333,0.10511891127941875,-0.010403631830972846
-1.0668766244535148,-0.009329113606950531,0.09407263880842634,-0.0008991114160100538,-0.004423958595718083,0.0389902099754263,-0.013220030505499608,0.0032720417897656173,2.133333405864109
-0.003264973460418062,0.0010310591066762503,-0.006782081059872775,-0.002881556653926159,-0.008455409501775852,0.003778972043639261,0.0006889153439177614,0.009079275540564528,3.488103188757987
2.51753037830035,0.15534975846764737,-0.04320893409101825,-0.5626335519938664,0.000508525317826039,-0.03098931531462666,-0.0073127420324695415,-0.030212275866789824,-0.00018086791619054132
-0.000754832544720925,1.0551417479871534,-0.0007226540031619699,1.3354455419549947,0.7388789983385662,0.00041073594408205794,2.4208666711085494,0.008888802215279976,-0.004541843768439163
-0.7494226483144197,0.007277705624845553,0.0005502988944443097,0.0003069702806169658,0.0006145313364150883,0.4070713225869916,-0.00019569311562091414,0.01862999002384809,0.006154363254266854
0.0024515915553307193,-0.000824320674092386,0.0019409184261016603,-0.8697294911427976,0.0020563602299195193,-0.9804357935357917,-0.9128424676304443,-0.033910488629231024,-0.002955270295632797
0.0004267089670369831,-0.0007820385423842639,-0.01658411901586404,-0.006568490784862685,-0.31396992326977025,0.00014192194825467762,-1.2207900918857728,-0.002645434531984649,0.006671413879830654
0.0039835952430590325,-0.027589410894423582,0.0887842375350878,-0.052728610649755606,-0.9131691443476398,-0.007129893879843249,-1.6531185263067982,-0.019835341415281274,-0.0022202411829393143
4.8213726456998725,0.0028642413338375843,-0.0029982656017748938,0.01548114699403124,0.0579786128370921,0.0027113521375949487,0.009270748171840253,0.0366343954988608,-0.021415546169067268
0.0040627035198859685,-0.000859123735873902,-0.026712221035521892,0.20537158480817896,0.007308781994027305,-0.0016696787154307415,1.1340038630310558,0.0008399300525728307,-0.8301335709773301
3.1326832136457887,-0.00496278038655773,0.00791952461993893,0.005645568714474117,0.003550231692019408,1.595204559772534,0.06504257382061138,-0.0003016137141655488,-0.04225391094339093
-0.0011389265026036568,-0.013987923080392206,-0.0007276740236358748,0.0012152893248592368,-0.008915385773538821,0.0032417247711702107,-0.8014316568907367,0.0018610030720557814,0.8349357165384823
-2.965635129224797,1.2328475942608814,-0.05813052743814551,0.0036472094582505506,-0.005634075823270551,2.3187341433100737,0.06624067114429788,0.19791235053005407,-0.005815449347335688
0.014195203489589655,-0.007927282792787996,-0.0030147648820111964,-0.0014386067513646457,0.0015142656510746724,-2.5471696191039306,-0.0420925978025517,-1.3363709377028457,-0.002255153641013502
1.4319303139434236,0.005244479040860603,-0.004138680337303812,0.0018894448860974355,0.01572680067468596,-0.017261142772570376,-0.0017431964241732545,-0.010347111585012947,-3.465597331684819
-0.9395661570871261,-0.00018503752240102422,2.0347059048183778,-0.001463031392345139,-0.00817672385128631,0.00042406072458136754,-0.018156438983176672,0.0076207750263008744,1.112732311590996
-1.5116320635760044e-06,0.001328253758666016,0.00815233788002382,1.846353585109677,0.0027057502384478255,-0.0014833188846833391,0.2861345489919115,0.0012120985067289106,-0.005507518329304227
-0.05166184268179806,0.009980647480665926,0.0015303206447853629,-0.0005171704256754506,-0.0020202687025415132,0.004649335848422219,-0.0010922515934933788,0.01710182617715145,1.5845429891800475
-0.02496213630204358,0.001778040716474548,0.0016815138100308765,0.00017226204287582036,-2.1147188409458,0.44273817481192235,-0.011960188417232898,0.04276975271862618,4.3294602412459255
0.18523390567915698,-0.0026134253735999296,-0.02118558535878043,-0.0006856963513321842,-0.002307216728297864,-0.6002203336666,0.0006056008487309739,-0.32878721001244327,-0.017161173464879553
3.6002949298542126,-1.8036814668842958,-0.0003214707308150794,-0.5593525164947974,-0.0507575510639483,-0.006526695148900272,-0.0022939369718905957,-0.04671394107321777,0.008911775859217652
-2.2301158597323147,0.0017088023032362423,0.0008109298913108673,0.006169974025325649,0.020254714931324608,0.39543856810169115,0.0014335444741807174,0.5740146582922001,0.0018816616070269077
1.5525670413386305,-2.5903979455369233,0.0037809731105226257,-0.012437812525244004,0.003956148511696199,-0.0035244079799349242,-0.02471294144408172,-0.9276022104802771,-0.007287009606146921
-0.003878603336502834,0.0015392224462635936,-0.0004026651431883331,-1.2914201072821747,-0.012348561552201931,-1.8766778356156864,-1.134622264557095,0.0055235973000647785,0.07470570716574199
-1.9444355422300574,-1.1087308552600144,0.010631899984217333,0.7971370533296167,-0.006459375367114592,0.0005112766775260518,-0.0022288960569973072,0.001035689029037598,0.010006237780656513
-0.002785270939317311,3.9174325836462764,0.007898198172816888,0.8445598388783522,1.1881343730787166,0.003274433979451919,0.021216252569346825,0.18740011647581167,-0.005351635454040273
0.008024855786248807,-0.0015492559798888647,-0.003037141955355234,-0.0002770289055880027,0.0031745016640084317,-0.038602435013379434,0.0009876601218340938,-0.009916825564447698,-1.5493250489722632
-1.5700705936963066,0.0019357119425052888,0.0011183934203156196,-0.0010230968845706262,-0.0020411116352611024,-0.0007756265676537311,0.00306915377930133,0.036357584456086556,3.2318914053663157
-0.16479537964235091,0.003399848159944201,0.006120912461738973,0.0013808671515436605,-0.7662754676540995,0.006280584782395095,0.0002619816520045776,0.013004935601687688,3.10079483123752
1.9392044162792748,0.0003390878178877606,0.0007909106228599604,0.002055095026853292,0.06996570399941787,-0.0004876502716792061,0.0012659092878292196,0.003237101113626406,-0.018775516043512408
-1.473037012804612,1.0334516553488329,0.0035547018763552075,0.005197500555033562,0.0020019590561615175,-0.0022607543164284076,0.0008337408530565875,0.0262169399750278,-0.0004226678147472851
-0.0009274388144418378,0.015649983597124488,-0.010103192386910336,1.2482342965461592,1.1091580817853934,0.001743258096302134,0.028567544143005143,0.008823412168924093,-0.0060418940563982115
-0.010828064736786835,0.006556281831007707,0.0011330288572499476,0.0011866048579628602,-0.00045771493373501435,0.0026953157603354207,0.0006149010583902499,2.3101832071887856,0.002368908106287853
-0.008607426800458937,0.0036187330525543964,0.0029045112408166863,0.0009057409511925617,-1.5636013320161293,0.005792367541237638,0.0018050492844230823,0.009859142889612763,0.14947855940676935
-4.625098521657219,0.6132029702319919,0.005256659476622558,0.0029773802476292226,0.01485828976892506,-0.002011943201275918,0.05390698183138476,0.008028198237211188,-0.021193469256955533
-0.002955351058510164,0.00225990493560721,-0.004672629216286475,-0.0024273843266762324,-6.091205985359101,0.39745538346702713,0.02342482956492864,0.05566187757859767,-0.00657952524913441
-0.5995575796457449,0.0012162975128288953,0.010177498232505668,0.001796342408280973,0.00037061843999351696,0.011596359179096193,0.0011193043892391112,2.8517448877456504,0.005032437985259361
-0.0024124810292506693,0.005442795658568009,0.000537725810886916,1.07194155062649,4.148135539882095e-06,-1.2175383023774728,0.0033507414030622337,0.002990761390915947,-0.0008378735156472986
-0.004618113927264754,0.03304921412680094,0.0012079778281980553,0.6508299186626778,0.1653441479212937,0.07773357088627386,0.3550187577014427,0.7360688785841124,-0.0027144164068443164
-0.004529727038844533,0.2671224524076585,-1.0486606907526876,0.0009972951769766708,-0.0002589610122663093,0.9306306607140206,0.0029626180308569726,1.4020619051092724,0.0011699616134226987
-0.007549943336283872,0.007577722331553797,-2.4268988835240424,0.01493125188127261,-0.004187125499888796,1.1174565385675435,0.2674372961274392,0.07021270653673778,0.0011876583895661513
1.0688268247786685,-1.1052650673896127,-0.006280809541417031,-0.022583374792758626,-0.01890246766468922,-0.001972130071900727,-0.007620618488329543,-1.0485529504796185,-0.0007099818076050923
0.004466048004440668,0.003750419421261528,-0.005308639468649625,0.002592178662300286,0.04564644054486614,-0.5907874662022681,0.001085669955354822,-0.0029046117214297025,-0.01536809753074585
0.010111145419864132,-0.0013158366126885396,-0.00296661732385841,0.003070124771917121,1.4141916337269433,-1.5118131961809973,0.7518511528146723,-0.009712438538001078,-2.619844395327764
0.009137016408143746,-0.003070117826158532,-1.0899595706443521,-0.02295582688101967,-0.0053438781820741785,-0.7212172069982588,-0.6223155324918821,-0.0686007061760706,0.0035030008976687094
1.8758110590394923,0.0013278377192959372,-0.016604795457146007,0.0002805630710461444,0.0017359909428882186,-1.3368790365470404,-0.03683302629736007,-0.010895219390677103,-0.003993883524377462
-0.08294419643706605,0.008680627401813974,1.2766112570247765,0.009719645054506898,-0.0011779869511162621,0.0032789011136652203,0.005438252193756538,0.04747232908567546,0.011756203054792552
-0.003992086555432248,0.003657190180206286,-0.5527536983799077,0.0003568646154731652,-0.006898137766033974,1.0530182407382134,0.0009917204550945404,0.01829941561381019,0.005354585071914612
1.8254420060536312,-0.0003808054799204763,0.0006989689536728867,0.5201364720654968,0.013226505154921617,-2.7422621206523288,0.0049377511794903226,-0.007134749429850096,-2.3915560916629204
-0.0068709903498550585,0.004154773954563402,-0.5744196024348209,-0.0018320964254193838,-0.677573558331354,-4.169701466376289,-0.6059628361235352,0.016311354094840767,2.431642281475966
0.03917879128330681,0.0019274159058735238,-2.467691947206364,-0.11994624854383812,-0.005194921020900396,-0.002569568218029121,0.0008575085811343211,-3.4234670267691847,-0.0043601045288020335
-0.0005077391648311996,0.00897139951673335,-0.008273722429571771,0.48583980754140993,0.4939774323665278,2.159376957740981,0.0064267906553230215,0.04223401706124152,-0.015869064074510025
0.00046917480681781107,-0.0033703390215542514,-0.0012041954506099922,-0.003493251597989742,-0.0027823467123097977,0.001338276038817536,-1.3263310154597796,-0.001884758164818307,0.0030467146047897797
-2.142292471490873,0.007850071051922747,-0.0001782556258977351,0.017835038563445562,0.00949508867296437,0.007093191334406708,1.4161943089989004,0.028969692916239444,-0.0037589843671379797
0.0024646164361288828,-0.0010772418486155644,-0.0010972139193965984,-0.0024227918788948216,0.0018505182797449982,-0.13013394940969325,8.239929836909422e-05,-0.006371389051364854,-0.003535712641085132
-0.002720544457204273,0.0015213672917559666,0.0020273342123264164,-0.005190602896559092,-0.006340955078364786,-0.000190563261654033,-0.2948095527243862,0.00019079263054811585,4.568449026266479
-0.0004915196026275075,0.7142523815887946,-0.40891178789937915,0.3313942501900235,0.007622100598136212,0.008162572512161043,0.003447316073751679,0.013594489079256795,-0.004187442254324998
0.00017050432592847798,-0.003852404902021204,0.0010656153329135919,3.2933012388383916e-05,-0.005762350734434673,-0.002331090203622369,-0.0015900907911827146,-0.0008455795979603485,0.002024128496321583
0.000769781729754557,-4.1480765934426604e-05,-0.010926412500970154,0.0015796721779573906,0.0018047688615857867,4.716594671566887e-05,-0.0003643975046481838,-0.0002661629416826277,-0.0024373357556893138
-0.0036041377384648868,0.016257083053011483,1.6506208982677624,-0.0071876732990300216,0.0036445542452749084,0.0017748914336345716,-2.5292560196001657,0.002444426785818455,0.03337349561658243
-0.2398503548444214,-0.27914813183190745,0.07386206823640334,-0.00016713366904829623,-0.0055714268228560845,0.32948148607501054,-0.008703228618885688,0.5618477808881809,0.20241687783793733
-3.831767516412486,0.003288023488901365,1.8499742535699077,-0.00041541896890213287,0.003158523453531327,0.005259505380557333,0.0021397450999070125,0.011329682953375025,-0.0023565324492051953
0.007946465290229143,-0.08209957067728951,-0.0014459403149139757,-0.0031218842569046314,0.001640530771306641,-0.010178031015050968,-2.034046214787756,-0.03775865576245945,-0.014225570389885901
0.41687097724901845,-1.8923333367494901,-0.00292284756162264,-0.008859415754041172,0.0012123010590689189,-0.7238133833664266,0.006861800859771917,-3.264266876137585,-0.012468196357285577
0.0011641955804093038,-0.09256872939936608,0.020021719364171558,-0.009231272228620194,-0.007043472195820654,-0.00024999171721027877,-0.01578974527149047,-0.00759950704911579,2.606731957571693
-3.320312777910743,-0.0016294246127236504,0.5484264300021477,0.0019158322478246073,2.3111640740009896,-4.061587793587275,-0.007033253148401754,0.0055661867603727724,0.02304776192729524
-0.0007582459980821354,2.9800120220174073,0.8367775257093992,0.4131827586040771,0.09392983877422384,5.347431481668396,0.005015282791502325,0.019082194201567426,-0.023777315310548497
-0.05160231555632755,0.01336419786591405,-0.0011538662719690201,0.005019573585804307,-3.574224533636455,1.4747405547327863,0.8077311805059089,0.06606645785838655,0.0030488525162854496
-0.6450289501038965,-0.0004762851019882012,0.048935522517379704,-0.0028508540595735482,-0.017619058751706773,-0.002143779174335217,-0.0005749690940546081,0.003038915817444763,0.18904773381206852
1.1362217645452684,0.002227972377367812,-0.00200216823557196,-8.618939778596863e-05,0.008388365953713898,-0.001838999078443438,0.024283717586833665,-0.001988022539924142,-0.03791028114699632
-0.0007365867887749989,0.003800883097004046,-0.004785977983422561,0.007845410388237967,0.5837714747768471,0.00253780741435904,0.5703875366140703,0.005472383500111863,-0.006398502028916994
-2.5565027407942456,-0.009861507788772594,0.20029508634807291,-0.0016730819862635637,-0.0007465273957380572,0.003796928124220146,-2.73861315418191,0.0032915544601377356,0.1487333391826562
-0.04335973023861778,0.0030741625435705684,0.0038862738728012805,0.0017693599207514125,-0.8788038441892942,0.0476734885535543,0.0034892843804058566,0.01968998981841845,3.431779928418335
1.7640037464703322,0.9094865961523833,-0.16585999206163338,0.0009505326453376332,0.018518410480453967,-1.2176362825229714,0.00038761260696544564,0.0028264441451937537,-0.01305984502219476
0.002841176391204462,-0.0025856370679234893,-0.0031133148252188584,0.0007679633438842571,0.0022182023276263356,-0.0030174955802671913,0.0026048163418800905,-0.005162883093685619,-0.009900755285126553
-0.00350441072264205,-0.0004779470484566825,0.0023477028484116223,0.0018788759735433383,-1.9865754017691968,4.56120577902706,0.0005420195413925449,0.01132708723737246,-0.0021985442852100467
2.4109022673820037,-0.0025277434846835145,0.004720779988281257,-0.00018707738978821636,0.7412239162988601,0.027132910541740468,0.8862522449803419,-0.0073604382133303226,-0.05004850519776771
0.003996155959131125,-0.006879743988685709,0.009789349556539264,0.1525033218546726,0.00467080082041124,-0.011205585073584557,1.3439595549699952,-0.008780191071392678,-0.1309889698895228
0.17091995433723328,-0.003989478887069436,0.00925234529446231,-0.026761281509393817,2.1436850853790825,-0.014114647549465707,0.001820322024455502,-0.6961005140965014,-0.07898752511840978
0.0010078434849673161,-1.1537954845110283,0.0014970872015566536,-0.11588685733196842,-0.001058281171447602,-0.00019503430689803153,-0.006668464755827004,-0.011147914236919656,0.004023376482775739
-2.8937492482520764,0.05120367309874199,-0.0002661069306371319,-0.0019206670514178605,1.243957513075211,0.0009647380111466979,-0.0003467501820911055,0.013139339024348128,0.0029363423736710748
-4.88370064879177,0.020195503106547996,-0.005122351740878411,-0.9981718177671555,-0.0035477344422018553,-2.1220221444058964,-4.113613907924556,-0.013399657144988641,0.012421503832860559
-1.8007832431289814,0.0003397611120433898,0.010313494819161412,0.0018983816587223744,0.003512207701548073,0.00830673163065528,0.0736235919421732,0.04263134866611878,0.003299256847394738
-0.0017091429332540473,-0.0009380090246182389,0.007635650281638624,-0.020576174279344113,-0.9518769194025273,-0.00097455130739611,-1.2733255098494438,0.0009219496132671385,0.22905543820670493
-0.0053351977746594476,-0.0035789892136740033,0.0031624039270868633,0.0005877707259708854,-0.013501163393937435,-3.7799183993487415,-0.6206573845522425,0.008383352763524282,3.9084163879548206
1.9221333200861235,0.005942749593326239,-0.013123758189885627,0.002503343507726193,0.00379066222939458,-0.41285433254400866,0.0022163596644944467,-0.0006503424394077454,-0.01779991308303802
0.442870506669262,-0.004902049954664457,-0.0009549451363611208,-0.000994497545953286,-9.67099108083137e-05,-0.2181641442315984,0.01893305342051784,-0.02403942521885482,-0.023911348033594668
0.001762813588995808,-0.007912786614707196,0.004295376377029616,-0.0032320588244276792,-0.8775363255752451,-0.003515097181527375,-0.0022882547949887636,-0.007247092013147861,0.0004129406008124628
-0.03509936588310079,0.006540610721440173,-0.0003183017591736831,-0.0004060126415948938,-0.004916563420236114,0.6091008585156142,-0.0011262296956428253,0.09120046049507408,0.01762751141182404
-0.00038017696904306397,0.013059982114055875,-1.1821377908286637,0.00021015070562567344,2.000401541624476,-0.0019610193468181467,-2.0528937749718708,0.00023064479335256627,-0.006957949844790062
0.010484090060022162,-0.0016766294124851006,-1.6677668015007443,3.56553769453663e-05,0.3023650701274376,1.6980464670070965,-0.03636542477899403,-0.006512202480987019,-0.021302610215900276
-0.0006028528372543653,0.0027492141218142282,-1.0195581968029805,0.004198972510620407,0.0007236439561929467,0.0015728251278932929,0.006486043403597631,0.003551005793294749,-0.00513780253629096
-0.00807733975629113,-0.0003006467858953331,0.004955500236889378,0.0014768922682309327,-0.004352174599609834,0.010071619042211787,-0.0031025173494978278,0.007998589916023788,2.197066056910881
0.00013166062224089533,0.0009248102794469006,0.0021396790845211247,3.471073758024046,-0.0005293873246835674,-0.01618997414066424,0.0010660478953102015,-0.0012156418181154408,-0.0003829999216300971
0.0006704414106362844,0.0013745238513124302,-1.834464664387075,0.003794544288304465,0.003090773619736107,7.986723142503881e-05,0.004035727316472097,0.0012858466518535522,-0.019692055033586647
0.0012523520326253763,1.4400491952221932,-0.11151459936819476,0.7217552757037924,0.0015239783167714923,0.0004128139660390714,1.2074649099311308,-0.0015710586876672879,-0.009668657148973053
-2.2965515443494304,0.0215884022337989,-0.008554705888515576,0.008127652859340594,5.642216281539353e-05,0.0008554140050942685,0.07037713749529961,3.6333327034731284,-0.01147772897086663
3.092084595167992,-0.001666498340834677,0.05431568966947775,4.580418864325545,0.030304575248224608,-0.009346936910436206,-0.009657229000570089,-0.04347629361772391,-0.007740552003524637
-0.0003585934474008845,0.015405510693912014,-0.009446098589636246,0.003067264795871315,0.8130394284276832,0.007458925597879647,0.01130150371969557,0.00237309384709998,-2.2292062020568513
-2.4268404975791364,0.006718242581124216,0.004768354377826703,-0.009392442509605262,0.0038339444010841855,2.5276382360758762,-0.44212569705752935,-0.009649913338087353,0.008626864141680568
0.0005952591051327556,0.0004435383514589446,0.007304765025341824,-0.0013015565039974895,0.015347871640206658,-0.0007740738040475464,-0.011622248021174493,-0.003212833645309884,-0.0013830067817063932
0.029188159245131812,-1.1514077472051303,-0.002692903956567968,-1.1577987809808763,0.0030726597140407364,-0.01206891725548088,-0.0038255812537651215,-2.4398346786220393,-0.0052588812945036645
0.008596695475556861,-0.011027719817287193,0.0007209884028441475,-1.4390676369496087,0.0043073821634260455,-0.011515208239079306,-0.02194770340980854,-0.6157802868940696,-0.004454384839002139
-0.0015819023077835903,0.36551955703436917,0.0016690844855615347,0.012311665049687986,0.36745422057531857,-0.00025990055054471136,0.0016407256006996155,0.011224492386367812,-0.0012197925932433814
-0.003005671453591159,0.00428988087080599,0.002335805070257051,0.0017236182003450783,0.0005198723912743726,0.011367515933517211,0.00942966560954157,0.014379719256840943,0.003529487259743844
0.007448888211071579,-2.5515481266182403,0.0050117818251934785,-0.37359097468139835,0.004160660915385758,-0.007307308570088903,-0.004142913107286452,-3.1932108719930166,-0.0006200356261821111
0.01695768381304613,-0.0032324492719668953,0.0011266055387520232,0.019390147080152548,0.022361695373723303,-1.0977351017081454,0.010380523854697767,-0.013147777391195402,-4.056198401827838
0.0029920064238176045,-0.020390032880818625,2.270165285594504,-0.08219492401471895,-0.7194546403468989,-0.0014839387922179516,-0.007361990413084158,-0.011387442740284248,0.02191923996259687
-1.6143450951634506,0.005850297117365278,0.45285706824918437,-0.00965647459994649,-0.0014560371798328295,-0.003085082621506972,0.0048564612796246675,-0.005402638806876844,0.006219659797131488
0.03948638909742627,0.006667394594432591,-2.554795423022958,-0.9779533661115904,0.010638651932003819,-0.006836178550727084,-0.09623300467423673,-0.037572893581103065,-0.008124112006522383
-0.016368750347594226,0.006393658019123603,0.0022790009039429897,0.005947273810841808,-0.0023637309356939066,0.9087366439281571,0.9927862426037308,0.06132647552375001,0.005125606817052972
-0.1261028048802011,0.0006782537072819931,0.021805254447794527,-0.0009778306183132277,-0.0010753360621925754,0.004113787047123334,0.022433264696858798,3.059611896361614,0.017112776544963987
0.002936048024123148,-0.0076105096324953206,-0.00016738381242376033,-0.010103876067286455,-0.016202439997058886,-0.3099694584744428,-0.004211632226619641,-0.0357506142981627,0.0011872696498906234
0.0005535561436717323,-0.00038229862193692166,-0.0023823726613614988,0.0021160789549275762,0.004399192486662314,0.79827636658886,-0.001895902470638407,0.002379949150972515,-0.0026108840970336493
-0.003067959552723591,-0.004610494548860648,0.3297739814358436,-0.006742418363137749,-1.9151671812248108,-2.1175131143722785,-0.015037775791116627,-0.0034526121373415902,2.3959155686295555
-0.5467561924890785,-0.0034975069764309223,0.0025701893103108765,0.003538979203552374,-0.008171025864919457,0.01633020575674688,-0.007433229163523679,0.017522825528359348,0.04981639318975417
-0.01759993566552335,0.004179737982048378,-0.0021318427715962558,0.4598542176153822,-0.006542527302577937,0.0046402336109480176,-0.0005547025091466526,0.8085327410407159,0.008234030341006643
-0.012568860536730966,0.0022093522158266607,1.9778152944871525,0.001858153500116493,-0.013590200499872538,0.0009197518090335362,0.0009701058928463884,0.009853536241021376,0.027633948533525132
-1.6870818808021029,-0.024493942212186537,1.7545198595166047,-0.002393782612190254,-0.0037766148257862356,1.9412177115795002,-0.026733560332848176,0.007691883980091033,0.0659246020007882
-0.0014388916029119691,0.007000532374874637,-1.1377367019694724,0.0032253781628333155,0.011015597982447124,0.003402889560998031,-0.6199783730849525,0.005242650768625796,0.0005981758789589276
-3.9656095830596434,0.002494691217594434,0.003897559779142891,-0.0012236271253613954,0.00035707618637400435,-0.01251263223296736,-0.0011487309207404983,-0.00534600951815389,0.005893999147699391
-0.025105936966036718,0.0037269346592868654,0.0014750372048883322,4.096115558495996e-05,-0.0017863646298930088,0.3553018668068119,-0.006088330808633089,1.5363651463593493,0.01336387503768579
1.1819821926012262,0.004303756028077602,0.00013329163397125912,-0.002605604734174899,0.006415299489961701,-0.0017611718270040821,0.013041606646365035,-0.033080019907020114,-1.9527096153673433
1.8562037956724222,-0.0022666706785567595,-0.00455642822391359,-0.0011642158393181119,-0.003597747760926008,-0.0034815448297959876,5.8331439361496845e-06,-0.00742892332514434,-0.0015187861399830471
0.00011516705574377603,-1.7395812546725564,-0.002010418271542869,-0.02214737548652963,-0.033302476914426005,0.00019470369285547927,-0.0009570140197496715,-0.025566132987410096,0.005343841319404793
-3.198799849933664,-6.11471320067134e-05,-0.0009369666541131569,-0.0002136634988802017,-0.0011463120613724037,0.0039140929710140306,-0.02635458870525066,-0.0001938582563902405,0.007798767612116175
0.6648820947427444,-0.001066692586804597,-0.0009297728067971141,-0.002513421024718766,0.002558405246144778,-0.009400143606254158,0.00011996423453066157,-1.4929487301863473,-0.008162944667911606
7.301851750519225,-0.004989594896271057,-0.8921006042291051,0.0057363825923660156,-0.009463103258080502,-0.0012492474467290862,0.005682849441949779,0.009273793290692334,1.0748540368421544e-05
0.004676331952135706,0.0058534978303514205,-0.09024150801618128,0.9774764534910125,0.0041523263010919634,-0.5472407986025906,1.4156436174892528,-0.006123722668639229,-0.0460514330968087
0.046663843984217454,-0.002986644768373008,-0.0010536086875859094,-0.0017565716039692793,0.0034630973294104495,-0.16226866366636963,0.004762533626324734,-0.02675424007728764,-1.747260941059883
-0.012647930132164285,0.002745903695732063,1.258315901246991,0.0012810915177247314,-0.004942469237423283,0.003935788046395219,-0.06691525388483473,0.007437398585263086,0.4961646865627556
-1.6911457178613145,0.00015653998145899624,0.0029434914350923574,0.013527171172586623,0.0015169244793749766,0.01837066848746636,0.003336366742415397,0.02641238251001586,-0.005846046202320904
-2.1931825271624144,-0.0012524104624875784,-0.006408630779421956,-2.4411734195763852,-0.05321870951184532,0.006201423304227494,-0.013961105751591665,0.0007371214754736538,1.2200883698019176
-1.4550352044899306,0.0033827283335652525,-0.0032239859612195887,0.0016770874100132949,-0.0025079091878909623,0.00179313878259894,0.001875132701736032,0.012436033227082113,0.0015904773719157411
-0.3897348855911624,0.0025180066317108153,0.0023894279883789104,0.00033441919735714004,-0.007433414064955577,0.0025112201067956415,-0.036162802109869135,0.007322790311635633,4.708126178016302
-0.0008900093183554534,0.0009561932113636802,0.0004168240229406005,-0.013125754050783558,-0.0040487236339862955,-0.6077827122491786,-0.13451725925293576,-0.00208401638346292,0.009686627298513724
0.0018808322223622248,0.001208847039432795,-0.006645688357024257,0.0010820387634704158,1.2729559282006346,0.0012731804986054213,0.0019809086268622765,-0.002659115379654693,-0.04970321045435816
-0.18083819730742015,0.002778870394010091,0.008526606073601216,0.002327026616421159,-0.003148642655727715,0.004912065573323585,-0.0026185004892239918,0.014265345481901818,0.020860572646254447
0.00985815273824903,-0.006808864811929454,-1.3284631428742761,0.001974568355707692,0.0008523030645341227,-0.0041147955622043205,-0.0069121647550723095,-0.011940890794102441,-0.021183477443373733
-0.005171605129160023,-0.0012611000831669425,0.003015826359179032,0.09641350694965542,-0.0010100393163545605,0.00815764192501102,0.007755705053976537,2.8786440389818124,0.000250979184309906
-4.169910165090085,0.0033011275053189404,-0.9454504535251469,-0.01580471443888834,-0.33267589398509845,0.0017563148588374822,-0.0016099034229195373,-0.006182978530086314,0.019990772347218244
-0.0005573423585937811,0.01059684799278922,1.5717047705712985,0.0006668341237605247,0.45557924297563124,-0.002114096546350202,-0.002797801919165454,0.0005547471558417713,-0.0004416742266655539
-1.1557587251508914,0.0032921521722622544,-0.0031897982847934082,0.00696900312038295,0.000778681171750813,0.019703724818092152,-0.7713024357486112,0.03174157358101652,0.005059228512832442
0.0009774715553767797,0.0012510173652880764,-0.004411597460327922,0.0016985694234651842,0.002878331542671256,-0.0003069933392300338,0.00436718470807433,-0.0013728776981054576,-0.0077628613820045185
3.0141639747808817,-1.3227501755427813,0.0007992075540174115,0.005430085156033826,3.9938460540748064,0.006079680831564557,0.0008022629936339717,-0.013456726585066803,-0.021814462482060648
-0.005058945112181065,0.8168524599830085,0.0020925876506809197,-0.0012870690173577663,0.3531875751924071,0.6595732097200084,-1.7147499558378416,0.011914992794492565,0.004671387731036064
1.0630763417572053,-0.0017741051335290678,1.1526184804466735,-0.0034820089877758338,0.1652446706537639,-0.001215379657275487,-0.005225172934333224,-0.029448498088016563,-0.02081367576713558
1.5370383197547004,-3.977557623941093e-05,0.0002610056385527193,-0.12966283803169176,0.001173195842001585,-1.5181335074609867,-0.0005164998481815009,-0.06129434560873366,0.000659471761324748
0.0643505933748398,-0.0025910110718146994,-0.003448024356420531,-1.8470270990098856,0.0019583389952363152,-1.049442372953686,0.0036133041605590343,-2.5255740809218254,-0.014897651730603312
2.151307196968027,-0.006254787538766732,0.0030229022230589125,-0.00041422696135719965,-0.0026559782620579585,-0.0110513233580837,-0.0015555576948671525,-0.02685339890178503,-0.00042314258043152364
-0.0003415142573223312,-0.049033446810037414,0.012136416766794136,-0.29964376475679944,-0.963118082142174,0.01747104136598799,-0.011889078989603084,-0.004281376362074757,0.029219249583939885
-0.01854770474115073,0.0028164531287147524,0.012302747773481703,-0.962700074229218,-0.015489294913385005,0.00647755865998158,-0.003224184226424145,0.018250808961531785,0.15286444891948642
0.007410411558358809,0.009040293052690107,-0.008682560892903327,-0.00266181490432879,1.2103535862458443,-0.013970515544499355,0.010562131715784498,-0.009033041628239636,-0.8647252341405047
-0.007942927861447938,0.1077657937085287,0.004365310822634095,0.8808730624270991,0.007405584673639611,0.0031570771791345916,-0.004440938100011202,0.0531724787768389,0.004621983548594789
-0.032368120118504234,0.007574606081518661,-0.05150298190876611,1.1185169077335084,-0.018710336669390967,1.716759512997247,-0.015647400858613804,0.056491432804326544,0.011056081773387863
0.939777103591419,-0.004873528709393655,-0.0044186708786753005,-0.006862011216220207,-0.0039149102757194115,-0.00818789378630059,-0.0021211938199930313,-0.012971630978354284,0.0016502615810558563
-1.2079186647488562,0.0052575190509737135,3.0352809798289924,-0.016972608852944382,-0.6096038371528902,-0.01940608927087037,-1.2151931391247635,0.028740509716647433,5.216978046439877
-0.3026010018304105,0.004582523794355837,0.003414122070530057,0.0016982673977829603,-0.0028415367698624737,0.0017557044235011168,0.0001829518774208198,0.025543185458925775,0.015895148436099765
0.02666127735430711,-0.0026346001125675932,-0.005650733281057757,1.1971258027155778,0.004901033908142014,-0.007036952251477074,0.0028534051156908144,-0.018911917581008977,-2.1058996208809933
0.08555853338330488,0.0007480981730971989,-0.0021577054482526544,-0.00359267413004341,0.060320384452335035,-0.040281241060081074,-0.8139757811508195,-0.04890753210344359,-3.753250764024963
-0.00046125391625508397,0.0021178120979629244,-0.9845113079053952,2.8115003063407222,-0.0020280839031828774,0.0009719734407068279,0.0006923776653729556,0.003749949176766281,-0.002040367088962554
0.0879051397993631,-1.9885302583708775,-0.042013291314379815,-0.009071177354683147,-1.0878681182236976,-0.0022546345418882523,-0.0026573712291967644,-0.08287841931359813,-0.003252163115870734
-1.6258398542245684,0.05570303242112701,-0.0014027231978594292,-0.04304666238604696,-0.011546598643615605,-0.0028000550750939233,-0.020532754969577342,-0.00822977621132466,1.4930031535248904
0.00885686401415673,0.0017382009261698763,-0.0055315977491488,-0.6029938936167896,1.4171034789051509,-0.005318314405721001,-0.1306883888020305,-0.017202816050912305,-0.002831585592179331
-0.025842910933985552,0.0018959781285544123,-0.002550279084580459,-0.9072984880086619,-0.041666669722182303,0.37702282700901923,-0.016226074518637557,0.021612099895520154,6.817547253185849
2.6158651085814015,0.0013230829999940508,-0.003487596837372181,0.0035203527511991576,-0.002497860590225137,-0.04368055152153315,0.03424440736658814,-0.007959009690537096,-0.054564245971809644
-0.0040889939889345375,-0.0016599736876482815,0.012285748033209119,0.0011121306906993018,-0.019103077440284832,-0.0017998017037605327,-1.2156872880049647,0.002417134747987354,2.1375731509459657
0.005073822440300163,0.0004881144605192399,-1.5381704763594644,0.8241736538956133,0.009978143281042254,0.002318000880519658,4.349253228599731,-0.006335339194307066,-2.354426719764536
0.8322105745240602,-0.010936912126978837,-1.143752781249568,0.00475113401316879,-0.0023556105300761836,-0.0015635139692088025,4.289234261954226,-0.016792566200479864,-2.2625129776163746
-0.00830337209885727,0.020539735039123628,-1.5597035332469222,1.4052726048265196,-0.0005085524292428433,0.7042928916336789,0.000729573102081521,4.485291956850084,0.002656060778475161
-2.848185521916477,-0.0036797720539182843,1.0246506064540735,-0.008390606860322308,-0.0023430557682568368,-3.52476399933313e-05,-0.016652551662972317,-0.004296107169794755,0.16580509670970578
-0.004193219381354789,0.002649787224985903,0.004396983876711798,0.000701552708076075,0.5905103080996142,1.3392387655883389,-0.5734776687117936,0.01476481891495407,0.03374199715207943
0.0008269889489186588,-0.0005665202131703438,0.4334276697435161,-0.0007806720420784155,1.0705817470221002,-0.003773999805610417,6.973971130511307e-05,-0.0032942911919321407,-0.009369478563615821
2.0113809951165518,-2.44726821472338,-0.00794857576429396,-1.8582537496485043,-0.0010440667043866963,-0.002269756682618589,-0.006066719323325094,-0.021903431259505435,0.0017596986534140768
0.006271727925024818,-0.30181858425120967,-0.00042091869001555874,0.0010079816350665014,-0.0007929866351637452,-1.012459277052621,-0.0021681147556257877,-0.1742150907493821,-0.00277632627725298
-0.12239468071051679,0.00794650696194544,0.004398110647436391,0.002475613769325778,-1.3472573968518755,0.0016386200945377907,-9.27585248799996e-05,0.028357646696857763,0.0392624498621231
2.452647803158149,-0.000771212052847566,0.03957776398000973,-0.06565618708290126,0.00023451963795625974,-0.6955084264284515,0.037199434259554784,-0.03827799550929445,0.0013018115979370193
-0.03009843219341199,0.0028028780818086362,-0.0009669749119061641,0.0059188919418873,-0.8480665247183272,0.000801962221704468,3.412722905868385,3.4921594701367122,0.012273673452406122
0.3266058750422647,-0.004195227230977883,-0.00659693802949015,-0.005357051465990137,-0.00171980502428324,-0.0022108445789763872,0.0027325632803072136,-7.955886086714358,-0.018730578774770967
0.01969893875592882,0.001485731907262873,7.604404441029569e-05,-0.001504325568922646,0.007427825888720423,-0.055824013471583556,0.0011321214679487213,-1.6781914566593494,-8.623909673529017
-3.0423461183754776,0.03890657492864767,-0.022414339364703037,-0.0005760325790195244,-0.00045229004298749653,-0.0024065792181337995,0.0036136385510710176,0.015500723720322102,0.0004686441255786211
0.0002376843985848696,-0.12282049147816546,0.18526829172667122,-0.015120600761005834,-0.019347183366948878,-0.005900300331316739,-0.017400211061727684,-1.885377253462166,0.009101504705187911
0.3774915019665793,-0.004293907698727974,-0.004525439570622128,0.0022048467755242055,0.001449357259811076,-0.006712696008726728,0.003582080227184794,-0.01195645434458717,-1.8063734515320924
-0.5290038578653711,0.004271226507927425,0.011552534651750119,-0.0029752246980587274,-0.0598306142472103,-0.00499600536996731,-0.00290467932133711,0.002421621916236143,4.434538416166102
-1.8420889190612184,-0.0033143924304581,0.0072465401696304825,-0.002268862200478303,-0.003034632192696847,0.0023627957701847536,-0.005706777137182439,-0.00012623443171610148,0.026824542923466255
0.045595201350520975,-0.0009666875590967003,-0.0027595387825046017,-0.013809506493888735,3.065354367748424,-2.463946822011479,-1.6856899136477077,-8.265128672697866,-0.013945961014443231
-0.05364063652271667,0.005627610825763525,-0.002485288938807114,-0.018527967513335686,-2.5372553723234335,0.14260161970270846,-0.014906680606335265,1.9448653048424855,6.040779903087071
1.4616689978040722,-0.0021113972804086556,0.0004391583320072952,0.005753411836009594,0.0006637985439341514,-0.2629882884527946,0.003574412171605911,-0.01279518380651235,-0.029340868144175303
0.0005555312433723359,-0.008496408334623541,0.0036518657786732034,-0.00293941915407955,-0.9611302064896108,5.0877057929155783e-05,-1.6329426583218722,-0.0029865822660355684,0.019253762529741758
2.6159894890409823,-0.0013063094571289762,0.0016260729792706222,0.0008921443764909882,0.0007309549235041228,-0.002870688308399258,-0.0007928908049901449,-0.01790737008652176,-0.007684480286437312
0.00025535016971274527,0.5610060775876347,-1.147534086400698,0.006363641077612142,0.3128538369573826,0.00022343029259456158,1.5135537886763837,0.00402959624342631,-0.11150097999621877
0.0015804944300579213,-0.020036053647997692,0.008400358628816482,-0.9245374981607017,-0.0017640601443177943,-0.0011287365057682471,-0.00042886110677234184,-0.012934500568491622,-0.001457108415469935
0.0012362661092983835,0.0008716141498254454,0.00587631398373434,-0.3173063113268631,0.005597598785547926,-0.0012728537507021563,0.007473343721979612,-0.004713035900229979,-0.0031841487741378575
2.573423796966403,-0.04954572240203814,0.002914180927360871,-0.00042535277892556645,-0.006828503852297392,-0.002531029761576604,0.0030124421433871083,-0.008285155030875877,0.001559095275079997
4.609244694439755,1.1542827817285506,-0.0021941665951114714,-0.0027988401148672975,0.0016337698391825084,-0.18983282600259646,0.0023389539910278617,-0.0026913022070071107,-0.016726736084619498
-8.368076058284154e-06,-0.0043627634861944185,0.006383065700575919,-0.006287156453296759,-0.6833629833781896,-0.0005391758782631832,-0.0048783244356894965,-0.002459227198930382,0.010410898369211836
3.39451829512649,0.010745395976732791,0.0013365882140235485,-0.9933795896004163,0.0033402886313442723,-0.00808484272421338,0.0036316083236230742,-0.12662951445056767,-0.047427130645639304
-1.0868965446055403,0.002785159130426553,0.00114224913136202,2.8903064892054386,-0.0022623049642500163,0.0023972933582058755,-2.109649090867209,0.01896146692113919,0.05326973620115061
-0.6034468888825986,-0.0009238055240554603,0.003682591484938671,0.0014706478875323292,-0.009198287634221688,0.004037731045982029,-0.004284503506349973,0.008629077534924774,1.849901438193461
0.03362755724756277,-0.31568709813268214,0.0005363448173518123,-0.0021786157219462633,-0.003554642134975531,-1.0762189367234258,0.7339807293637874,-0.4143034096183689,-0.008629308851615822
-2.6961022254900424,-0.008351797861633065,-9.996313075702479e-07,-0.0003062810709047181,-1.9395946707672294,0.011981787211614345,-0.007245012044335843,0.08246873025057933,0.7286902703262328
0.0003983207037307729,-0.4528674201838248,0.0010700615288997354,-0.0021270111726669873,-0.0038626358612872044,0.0010555180782932819,-0.006090745536920014,-0.0036672361128530766,0.0021897612375100734
-0.004016013189068603,0.01676065143347542,0.8551421223854785,1.8567525138924548,0.03185755581161383,0.0015766492711293246,0.008274411369766973,0.025828872226071605,-0.0013867905818828533
-0.0032510825003724333,0.00043236251286129287,0.00232042334623941,-0.1733277482444514,-0.008468322897198031,0.0020747639123780207,0.0011252519625246523,0.0033057279750106708,2.800635449886631
0.004776520146201918,0.4097284557669968,-0.026151177751926095,0.0010477850362780334,0.07279794121999929,-0.00210161347004063,0.0015899415109388408,-0.0013403499072289354,-3.9630870126640656
-1.2345936400622453,-0.002685428499377987,1.3582295941846407,-8.683181546250904e-05,-0.001241421310814705,0.0031753435914545353,-0.014506831766780923,0.011150181662868866,0.1300280001609766
-0.27576086081479767,0.0012898628188561427,0.005477762385661642,0.001248197870257109,-0.00525179667595632,0.003776153079394731,-0.001128324923280426,0.013612262246083126,3.1968630875272455
-2.7362850251187845,2.4206286474074634,0.0038287785737233515,-5.7142797101418334e-05,-0.0027453974993032135,-0.04810879603020674,-0.003283029806420734,0.0003145565770787664,0.011983674941307143
-0.00011509454508474432,0.006331256704017848,-0.009584130807254483,0.004696397157186286,0.8493455897652382,0.0002954381100520565,0.005001073612196469,0.0037800753351050426,-0.024396931696207935
-0.0008693652874203183,0.0007723212925107516,0.01036218498905725,-0.011210930762496676,-0.0018616520072193322,-0.00042139297660567944,-0.006023172240176313,-0.0010407425643838642,0.007750363280235859
0.008615323538921027,-0.008224683914973554,-0.003709041891404774,-0.8813036666139362,-0.3973894788741241,-0.0022512622018665994,0.004698196404042341,-1.792032756763772,-0.002557215432879855
-0.002250510232390349,-0.001733533493743189,0.00785056869816611,-0.7514835777111296,-0.01255021931832297,-0.0003518323918820447,-0.03151477271067142,0.0031981978551688223,0.04304570777567224
-0.6269455769566767,0.003117511256823687,-0.005745325860836044,0.03591513978573797,-0.03779914946752636,0.006486432882060314,2.0500804030818256,0.06781770270974308,0.008293160423425466
-0.002228116547345012,-0.002572201282917505,-0.0032526447581159826,-0.001417922703914519,-0.051893019558249695,0.0035194539049507242,-1.5908992327792442,0.00515312780091956,2.2093948360808913
0.0019067317028856213,-0.060429566449751886,0.012102290287858947,-2.097778121147701,0.003185919989855841,-0.0005842714301007587,-0.6416256662766484,-0.010532082910381279,-0.0006066181250160042
-0.007875979985679377,0.0025538889283435,-0.007402444601031857,-0.003859924011405731,-0.46885213496215344,1.885284828909593,-1.9034701608396247,0.020730755499858783,0.38924289103657994
4.396797312596678,-0.02127106127043124,-0.000893695108779978,-0.0024441525853289917,-0.6377060409691468,0.0013767186919687417,-0.006955195808757414,-0.025729600230095656,0.020326304995773925
0.9860600673462232,-0.001200631663774975,0.002850687422227046,-0.0029456839196789464,0.004917513917613709,-0.00868997375318169,-0.00042818574630975204,-0.030614527541061604,-0.0011839209459721667
-0.4642518722548161,0.003769299628707534,0.0024165470665837643,0.003839237832006348,-4.576308287789963,0.04809090267927238,-0.003488359044771084,0.05177002574404291,0.07998589679417378
-1.871192380352884,0.002731411415515965,-0.0035817278711962053,0.0053533978779464406,-1.588815386388152,0.3195664490118656,0.011140150187458503,0.03504548503176419,-0.005683814566685097
-0.007785639327008571,0.4504034031897291,0.0018378736257427769,0.0009225524847540994,-0.0021718493074680233,0.016893607278974248,-0.00182103918859408,0.007853677000867572,0.004700003665650421
-0.002143656276465766,0.0008143049234160294,-0.0007111600770389474,-0.34294467338971274,-0.0033479568606959607,0.40304079225683004,-0.0018893293031517887,0.005944355562283109,0.015046812398784672
0.010119545789030421,0.001755815776909438,-0.003956443108165675,0.002289420298836663,0.010211642150139887,-1.1352467772816646,0.01202405688104424,-0.011937556045697318,-0.03211632899925587
-0.0025859795068111035,0.2507858665058695,-0.009751780705632221,0.009634518006448172,0.0011890205851613263,0.0013802715761867274,0.0020153971597851998,0.03853865458676482,0.0014062973642776063
-1.2243696707722473,0.027275136637878186,-0.003827460916146011,1.0099685896295711,1.6124944318269483,0.002556142816431799,-2.5181013131225094,0.14629350560475837,0.00838744083710441
0.0026476899893297682,-0.008114421652638655,0.658115264488844,-0.6694168539159584,0.0016866649079943202,-0.003943298383470815,-0.2509257587932566,-0.03171297599470053,-0.0020690607031070146
0.023180746019364554,-0.0071656425220601415,0.004405911759294621,-0.009439636837238453,0.00251965759424249,-0.4255017528128302,3.4327409162753946,-0.05796130048013024,-0.0183991523950498
-0.4318502905639744,0.0009586086475225816,-0.00787482570300917,0.09985520250875425,-0.011737764196082117,0.7643670884987389,0.0023723057616193244,0.46925684808279416,0.007876985500189823
-0.0026968474162976513,-0.989640195167754,0.00500635272550362,-1.2120741655258669,-0.044979635499525564,-0.002061257051141435,-1.9037609111150355,-0.015872018631777285,0.22444367412369803
0.0012736785575058751,0.0012172630989757058,-2.4868074690481636,0.00322680430314568,0.003301958490304584,0.0024301792675692864,0.02200385869032912,-0.00017184135858609728,-0.20330249873320727
-3.8640284557130284,0.007851499569052324,-0.00405862431600193,0.0016398667612849986,1.9599882536074087e-05,-0.00193815759151341,0.005220163753890457,0.0076895295313430465,-0.004157266296376361
-2.3547185087633618,0.13176559469958515,-0.0007637096579509173,-0.004383188056689959,-0.0027840444447307933,-0.09493296402588805,-0.003413656139870054,-0.021550886506219037,0.02543465000219114
0.0109836378595016,-0.0032009367813079182,-0.005941598525785668,0.00013835280851816345,-0.0006059205894298628,-0.2894236180818901,0.1511024097775493,-0.0073363521437413495,-2.9447428690020505
-0.009668309187817775,0.0034171688380806014,0.010581899627428852,-0.3994341362358347,-0.0037877561314890815,0.0031809984213728507,-1.3685509667503877,0.0033531622669880426,2.5493345860620895
0.001325153821134413,0.0022771540042477566,-0.003292804259344264,0.0026037860842711546,1.8353299816186341,-0.0007223269759487425,0.011663987509201607,-0.0003287792007682401,-1.2794594775908905
2.0440813733766197,-0.006337560685922829,0.0039037649119683868,0.0021883387357822673,-0.000768872757574899,-0.0012682743970984097,0.01819686922932888,-0.003497291123427327,-0.037920323826076685
-1.1962154031746863,-0.015465130380039854,1.249746676570048,0.000919001641017287,-0.0013350933434339435,0.02680941388643323,-0.00021585628074380706,0.021217548871236662,0.02828120285294239
-0.002281071830627668,0.6037400578172283,-0.013384626367017448,0.02829469031700602,0.004243320622415359,0.15828303938055946,0.6997956105004259,1.9811401398890165,-0.0070505892101597745
-0.0001019232165994648,0.0034143106375160094,-0.003304451752387821,0.008772941134944204,0.004427130722950274,-0.0008527306898154135,0.0021625457898404653,0.003205874600549175,-0.0036722715953343534
-2.079949661512905,1.1560015847628264,0.0019518632804760017,-2.4922627967606856,0.0009502542596307034,0.014025138886430946,0.0014876136174811413,0.012395630850545555,0.010233951077869508
-0.13439151332200577,0.010720118581721923,0.19594202910166122,1.4713405767813543,0.0006018933102310119,-0.002504826636754552,0.0010926948602945786,0.31457615011181467,0.014547318718438958
0.10875317259579637,-0.007122010511579926,0.006035902008807029,0.0010782349905365187,0.005686003409736412,-0.012979466821653294,0.005652796689749618,-3.8154168147861505,-0.016415814790646174
-0.003144523434467581,0.9657774616243248,-0.04219186073203088,0.0036609920252932875,-0.0002764562505443971,0.40247194912039796,-0.00022971173560850256,0.07474333499742543,0.0016617519936244218
-0.013497457157221218,0.007403579756268064,0.0018159854158368849,0.003862539245830648,0.0007958698597788261,-0.0007724437197304205,0.0038403089455423894,2.1327341615518276,0.008078670987412849
0.7721507805000714,0.005554192569271598,-0.011338137488874463,-0.0004392079706589303,0.008899324433230191,-7.984945327875058e-06,0.0020756640691430702,-0.009505825753889401,-0.030624050674729522
-2.714384422195831,0.004702823144105077,0.8780264439498322,0.004241843905725035,0.009501479381136116,0.0016066200448002013,-0.0002818331550167516,0.009656006888452792,-0.012765686402821552
0.0022142523428259177,-1.2871061787442526,-0.002968587819046204,-0.00017761639050954073,-0.2834335280162127,-0.002415138740281185,-0.002878459123357333,-1.6735968917608748,-0.0005882308331966873
-0.003257357426243449,0.009425324594113237,-0.0026120453700518003,0.7496355432071009,0.0033013387648872777,0.002030152987607451,2.1827511842458063,1.7431015578927718,0.00028618282992883687
1.5163916205689203,-0.654939925141988,0.02157954962036708,-0.0003881200533517728,0.005204245873850311,-0.0024061714352360906,-0.0011325475915376273,-0.01078471843105535,-0.005073520371036339
-0.0011285722261848152,0.7797503925797509,-0.0023181255122647314,0.003993651629315,2.087942919901503,0.0011883345183650168,1.2430773332218639,0.0056622882756420245,-0.023078238224359948
-0.01837923592473026,0.0024917187259632222,0.0001846042854793949,0.010775986394775063,-1.5922956304640103,0.05068842508586726,-0.010024812777007052,0.03408920111147119,0.02427475422775488
3.5795390486072574,-0.001276013620608949,0.004792257469284342,0.0023298474494213087,0.09273311659389216,0.002155082935015657,0.0038872484128961125,0.01294359634813503,-0.00800978059047186
3.011756214834034,-0.25147474379232104,0.0037846972102102763,-1.2496048973614629,-0.005331968929088764,-1.460994050539925,-1.4669763074913558,-0.09637030351320244,0.0436272454316291
1.1426234570533969,-0.003759377421938078,-0.0005388199391492612,0.003390899614830287,0.002257333773853615,0.00015457908425472707,0.06992583228284822,-0.001399074616220384,-0.049370243573839956
-0.0015183408787517953,0.024185574552252002,-0.0056761858635672085,0.3027948709117638,1.04205067556981,0.004020788505792664,0.3862067260003767,1.9641031352498428,-0.006371965621280888
0.0008109582568781972,-0.0025788845191715066,-0.03996945194774321,-0.0018441619664795956,-0.010976080938027431,-3.091351319343857e-06,-0.002866179932310847,-0.0028939291175160546,0.0003636564517135137
2.6091927745058094,0.00653125568528537,-0.005409688690178584,0.0010663764251679225,1.9148404756552515,-0.04283378143816116,-0.0008733533387053842,-0.008470072132509027,-0.017004883740514676
-0.009555297689101586,-0.0002603497872536546,0.05595165604646912,-0.22034423022955196,-0.015358675266068204,3.512133356671557,0.001139520609708157,0.0038657296740557748,1.807733838926472
-0.0052103850986053085,0.01007167455497492,0.0008194912754917391,0.7077494067378777,-0.000851206734529803,0.002462231798237644,-0.0019290627778102021,0.04469489791362034,0.006177884880144066
1.2893833126826593,-0.004746178749770577,-0.12190379457604811,-0.0035359346755457445,-0.26209012416173016,-0.022702518190113277,-0.030801856323280787,-0.03404181723318385,0.005391658529432963
-2.4034365491294167,-0.0019572762704860754,0.005490903548739018,-0.0012744471954267392,-0.00037902013516208713,0.004413593063031896,0.0005270542124538799,0.008009555684948546,0.02554205563162404
0.00017440244056042553,0.00610241871488817,-0.2530539360907531,0.4866946926285964,0.04930251156062297,0.017459289450333017,0.005186484720785166,0.005884521420275991,-3.4347913588565313
0.6321822198474984,-0.004065023631865169,-0.0010947467245928932,0.001461962335114829,0.0023390833822789173,-0.0029827577874853997,0.013375871256263803,-0.010546618050236097,-2.1542587361578605
-0.012433532514740869,0.0037858017582236766,0.00041898971855266337,3.9035253929274414,-0.05871190584151309,1.519954397413168,0.18506350317483178,0.013996366386055982,0.0019926811949163153
0.0013294339443144778,1.0299353858379836,-0.030022990484386683,0.0009756542656232346,0.752465971369128,0.001904909625850309,0.00446890631730174,-0.0010503401138269378,-0.010040271464279016
0.004320089712954852,-0.0022822251667247223,-0.8007380008272201,0.6033426247356789,0.0038940142468434254,0.00014661866536264372,0.0005783653262838671,-0.003343331009941601,-0.030077006002383097
1.623930697592014,0.009438682753666217,-0.0004350740456272352,-0.0037736758991694652,1.0932840474729835,-0.013774328593966642,1.609476042845583,-0.038324663867043585,-0.16141826418587613
2.0090389521580563,-0.00619567220836514,0.017695651195191703,-0.9377368933065348,0.005796241283281073,0.026968182390156383,1.6223203585892525,-0.01277635105139302,-0.001742467160708916
-0.02543859288923626,0.008549883019214666,-0.0070037916030309694,-0.00039406801921050463,-0.026519071979771346,0.1266211477410102,7.744563469666305e-05,0.022028982015541175,0.13487302377653665
0.0021213474104689965,0.0026668301132103615,-0.0061353199280816265,0.00029304649797325805,0.011285006628652615,-0.000176495751836656,0.514595294875243,-0.0028102088120669066,-0.07007042795374618
0.007627685723457598,-0.5185348763589355,0.0007073641839126547,0.0029981945301702246,0.007264716032353019,1.0173166148093995,0.0013965713506846025,-0.005485783551301656,-3.235876365568113
-1.805507126660582,0.003433086234248558,0.00486975442291776,-0.6482744840097754,-0.0011013221939192921,-0.0011216182790227249,0.008998060171383639,0.013676784002693922,0.021348480353711397
-1.2207855222467985,-0.003403799787786009,0.008933806433345574,-0.003650652144021882,-0.00339184523490047,0.00909710934959342,-0.008032551443115602,0.0074411355154318515,1.9668501936433422
4.799233382709808,-0.0013623608056394614,-0.0020386198758739205,-0.005120051303610061,-0.007515107525216128,-0.6299539474930997,-0.0017303570369398696,-0.010906250277567673,0.008295882459947279
0.37929298249282245,-0.003916171241771168,-0.002153182727234293,0.001741387849191688,0.0012386582897244394,-0.3019173170039267,0.013043680867517754,-0.018825457319011744,-0.5969725931170242
-0.07319413695854965,0.005427834170016244,0.0017280068090616552,-1.9973578738532205,-0.0038727684638578883,0.0007948287155390976,-0.00687066320185015,3.9365001298524707,1.3400082176126498
-1.8846608090265764,0.0005748894362226075,0.0009498507873903564,-0.005636568035530172,-0.002747453093273719,0.22591281494272367,-0.0020507267944381014,0.0010969047481678134,0.015013304144479267
0.017952828697039305,-0.002487830369227375,-0.00811622471269599,-0.0005662125611986578,0.11257558354132682,0.001278765423765968,0.0006015836888629877,-0.004680789129609387,-2.739932844223166
-0.006958986926097638,-0.0005706086844618138,0.01554216240304868,-0.0005514745545378841,-0.004529212214803138,0.38216914590715767,-1.7929366388900603,0.009833528713861499,0.09850831961807183
0.006213906141654562,-0.0668335743292703,0.005378617761868765,0.2841715856686069,0.023888214688378824,-1.6004680939648765,0.0020486134516153054,-0.0021778787256096855,-0.009891882750243733
1.4064897034014416,0.012278750509262908,-0.058797746096961756,0.002928133886099175,0.005880779528670384,-1.0879624682314963,0.0028841959195268965,-0.001928846073655126,-0.03867393854321671
-0.0034600155437965463,-0.0007115936400499089,0.013064439569515187,-0.12617496711569726,-0.42464571141662477,-0.002046905655294924,-0.9375557658792829,-0.00026507691891987373,6.367594348337725
-3.8669329700001205,0.9999386898999432,0.0005937473200159499,-0.008570840399024213,0.0007811807613711252,0.00020389077253740381,-2.204973774960755,-0.0058817596672826045,0.0282927177366763
2.4834075778336677,-0.005446009208276129,-0.005392699585568969,-1.6372447063444766,-0.0877403565194963,-0.009256537112312693,-0.3247730564120031,-0.06864274795216839,0.011883323085025876
0.06518086021776663,-0.003981217515004681,0.004417004745485242,-8.029326735461441e-05,0.022101323263423293,-1.060745781626871,-6.031775773316338e-05,-0.16847047262672318,-0.015404038616862431
-2.5818936780024675,0.006290238822191921,0.004326826796539382,-0.005691293040958783,0.006112084154250186,-0.00031718278266540975,-0.002287525331163061,0.0018950504616438175,0.011205059681355378
1.0942505121490895,-0.014577529790575004,0.027212161820389755,-0.002463081224295358,0.0017801315996090958,-0.007373543353456056,-0.009110971385934433,-0.048555016236733764,-0.00039483044971655445
-0.011088195194215613,0.014606590378352663,-0.04656373581032692,0.003266158533365605,-0.008618160725287797,0.24449321680283884,0.29847424607121215,0.20645784644948784,0.003445303857648776
-0.001901381375707497,-1.574529338687658,0.531320295165463,-1.4366809995518612,-0.16314571038948703,-2.8493874300142795e-05,-0.16917329243556234,-0.0044345450435413145,0.01108668144487822
1.0302186245863618,0.0023662737772103537,-1.4233223596003117,-0.004858052026614802,0.0001700981479531797,-0.008781193361348926,0.001483651973124753,-0.01996717614648366,-0.01628044539438639
2.12089510078818,0.00702052648838088,-0.0010572433273506494,0.0019521893552723255,0.020549541682411368,-0.01307983797285414,0.004996190658243374,-0.0026182906850143696,-0.03349556884902011
-0.003350821592471149,0.04585296076163277,-0.003029634275861721,0.001779563400063751,0.0006898801467188803,0.002585930200016603,-0.005962945398045477,0.010471219110168142,0.006006726476305521
0.0007789473496079778,-0.0031945059911463796,-0.00039049876277046666,-0.0001866017878574478,0.0004948037386251816,-0.00041830765473311796,-0.0004908899456100616,-0.0010273357786936784,-0.0008125200657304665
0.00029545835348918634,0.0008768555063984274,-0.005882466097960246,0.0757337236400364,0.08528041862918552,0.0030157260044538035,0.0015387108411909346,0.0029437503788693024,-0.006085211529149308
0.0115852965989766,-0.004006409593201697,-0.003162481740858783,0.6985052759033978,0.0017424944423843763,-0.004658578612732715,0.01025948058472253,-0.009911155743729624,-2.761662862688946
-0.0076524808045166925,0.0026899058566712468,0.056990141748005346,-0.04347999149419084,-0.0013467582562212053,0.1529856939370638,-1.424414991424619,0.009704632521123675,0.06873511847443908
0.007950448244892161,-0.001423328742216087,-0.001386051320257058,0.8204636088474297,0.00698257233011851,-0.0030286719564598732,2.176710062546288,-0.00984325367189598,-3.7048610163967304
3.222178254057972,-0.13745183043694012,0.03581076494354973,-0.00017757325398768276,-0.009108389907652212,-0.022376020437984742,0.011068908930383363,-0.02248738790732941,-0.0009517147705211948
-0.006260512347549076,0.003617751911289259,0.0024384470499635045,-0.0023750115147763047,-1.730369450495454,0.22319409488632513,0.0039943931236550035,0.010131126846875328,0.018631000202557674
-0.008030361141280501,0.00043005902234855443,0.0018027481897029095,-1.7330576675407205,-0.016177884778188913,0.010044664901508647,-0.004231120295500289,0.012902856530840556,1.295116791275973
-1.7365025682749629,0.0027305928017836894,0.0005052900182447237,1.9907945822256035,0.0019533894851013756,0.03277249101843272,0.002815258626227061,2.6660355555776585,0.0009601589693789547
-1.0042716666406175,0.0030750767638308245,-0.0005035726212672467,0.007137701160186005,0.0009879001435583873,0.010806496804354677,0.0018354909752149916,0.21412299207297217,-0.0010159649831087553
-8.385852028340926e-05,-0.0007378110024018033,-0.001731197334066882,-1.7551187779330377,-0.009665624766480882,-1.2686847660672358,-0.4904255004949557,-0.01343033382900516,0.0075709219063625904
-0.0046021372381881975,0.0018738449249612926,-0.001134470922495908,-1.2672745378483818,-1.989895665686189,0.02603654813866435,-0.0051696828866064914,0.009609180259975439,0.08818552045655836
0.0017965823204668732,-0.008280375183556156,3.0122478745388435,-0.18171686844937124,-0.9378450227438462,-0.0022502813488804,-0.015406771259439785,-0.00927720588733278,0.11881338039566725
-2.759921086320716,-1.1578631491506037,0.003586204963559478,-0.00459653433616386,-0.03093014573342036,-0.00041537015021243795,-0.024277187525239566,-0.0019911328355982916,2.581768615330077
0.08190864944805049,-0.00459127295798386,0.6257456894483123,-0.005717829240309627,0.006492037809367903,-0.7781836932059816,0.007362280847877968,-0.1250017792129572,-2.1757297988510675
3.4232637547437514,0.59271380302895,-0.01929632518820429,0.0001016752809625209,0.0023520026636030256,0.001869930978067728,-0.003886458923687032,-0.009179748374119358,-0.023085798567056615
1.2631047907671509,0.0005682061362217907,-0.0014849346965111268,0.0019311047544469818,0.4464955235724164,-0.005951653445841442,0.0007124642828764639,-0.005649484873397271,-0.0460871543057233
-0.038780442525309475,0.002686324642988027,0.0033457502708170665,0.002117008658253335,-0.002802185300048966,0.017052799971187048,-0.00017838524988106927,0.019541891103377656,1.6146149189452985
-0.014135711454415799,0.0031808883655908226,0.7807004084767835,0.0005236491357869205,-0.003695256461128014,0.0073885488571190025,-0.0036912818194357196,0.007341929488953996,1.3265392764928914
0.042016071876664805,-1.0175545334166913,0.023148671884614978,-0.6977053653157538,0.008112341035471479,-0.006241310794253851,0.002497518389853539,-4.659912488545768,-0.0058220781035455416
-0.03009373903152874,0.21974104385184753,-0.003463252694545352,-2.0490798851879246,-0.00449771894066962,0.6882415923647645,-0.5465851020089081,0.046455287911740056,0.03933860657801683
-0.0008843533305907725,-0.0055806935127599225,0.036801116771885536,-0.686174132370018,-0.0018647997594695154,-0.0005911619209065901,-0.014051492158300833,0.0008148770327062864,0.016289686268113834
-0.0344704165049009,0.0021892678090718494,0.8132248339559554,-0.0037217874799626155,-1.5769962774146093,1.2278143038753404,0.002718699736933991,0.009876728088435205,4.534008511903274
-0.0012570970919043014,0.0033740660827353856,-0.002553249471517113,0.0049507131179718925,1.1590317756333766,0.003407954176884156,0.000658324168073574,0.004985310684557262,-0.007314033471450779
-0.007841993581452742,0.008277736352497778,-0.00028129174760945386,0.002627238471865727,-0.0013155835762876274,0.0029749983311097056,0.32489486896092123,3.0069564815393486,-0.0008581790593538002
0.01159790232164716,0.0004288320828809561,-0.0070422878671325,-0.0009113220289117836,0.0008359642480093518,-0.6480496195105567,0.0016569075495012483,-0.027813252841358837,-0.9797471528687878
-4.484147917419413,0.006673277869413664,-0.012084860850770623,0.6148714087435896,0.5871375988888721,0.003952913261302728,-1.0753331584199948,0.20386090625277475,-0.003097136113768162
3.3321375202717083,0.1039798762550239,-0.04038046864435277,-0.0036376841469278804,-0.002261809701700257,-0.003916695016129526,-0.0003724320234374974,-0.023416807749502146,-0.007592591101334867
0.0038939101060384597,0.0022873511567857094,-0.00025127770496414245,-0.003336419195929974,2.306897695405162,-0.3770149203320434,0.0028243950208554987,-0.012248218313678737,-0.011958211227706711
0.5106100114741137,-0.24213571752438132,-0.0008811730396283413,1.321516984256439,-0.0019960187460462964,3.9723277734692553,0.012774852518793511,-0.22961020689060185,-3.6390496501916796
0.6467059248100481,-0.0016559409566221975,-0.012080440539192291,-0.0072323298449598365,-0.0012672971300651684,-0.005863184465181906,0.0006227712949451406,-0.017458846330652016,-0.0036090437163454545
-0.0017714010662531685,0.0027616091788018066,-0.005391614861498011,2.709042884275903,-2.831185292490903,2.592003287882053,0.010684524165172703,0.014161711209346436,-0.008541140066426478
-0.0015936467588011116,-0.0007420614391455676,-0.012424788727584693,-0.0003396703802017872,-0.0047379870854599325,0.944585607030452,-0.04577790931089723,-0.0004949413950039635,0.006745495624414392
-0.00014765341348053906,-0.006824960131920526,0.5002865216365386,-0.0006536133879516183,-0.06060643886409828,-0.48434595341078607,0.03960430951999756,-0.0017908285901679097,0.0029285694421129446
0.0059070999293928065,0.0005467090038854271,-0.011562705798527183,0.0016029512593741992,0.001501152570045839,-0.6022905358079326,0.004861920081437755,-0.013695037153305152,-0.010654171459595251
0.0031809022989146424,-0.0034644950133899373,0.0013921076409098348,-1.1646854313202133,-0.003007280767612054,-1.1027582257905415,0.00224889289820675,-0.04749061356924437,-0.0020100349030942113
0.008362275733015179,-0.0019071508886532931,-0.021624729537313717,0.008528261703677221,0.020092626135938638,0.0005930436525403426,0.0016126142965402113,-0.0006177248848535516,-4.767709369551325
3.007477863484944,-0.49632316595579395,0.0001377889816499417,-0.0018187083196803218,-0.019654664234982244,-0.024157686249916814,-0.0010809227865999603,-0.010148565249487583,0.010787625208632357
3.070931363261649,0.0023925007613158286,-0.5933782694758181,0.036747883874096776,0.002725779113734228,0.0010110451169642251,0.00407121325677267,0.0059752489453445135,-0.1268209246738441
0.14601671875295746,-0.9440423352949421,-0.005962370822049772,-0.00011761428738111515,0.0019735762344680347,-0.004945013548847206,0.015317093094122752,-0.04165675241688671,-0.04760686303778988
2.93270780025459,-0.0011019059653674412,-0.0019861852604056013,0.005326944325114262,0.0015089310136770367,-0.005166723297006799,0.0006435150232210092,0.0027197553449984924,-0.007319216499719172
-1.303442391258238,0.40722532223815,-0.00019944064137939616,0.001740214394720835,0.0012704811263141644,1.9482960647859677,0.0006012738906257149,0.04045031126572063,-0.004164092005003478
-0.002815694716846137,-0.16730783558789164,0.009009834522407735,-0.014403896640781014,-0.6362897942363099,0.7539187557927762,-0.004885449249654881,0.001703342708489786,0.1344915737732233
0.0026757758411790795,0.0008912534731974063,-0.005909259987706155,0.0020805556955220987,0.002917320798588983,-0.0022626274980831057,0.6037782255125734,-0.00320364598349575,-1.6372294447573879
-0.023090629300065505,0.930961937233374,0.0028958921472161774,-0.0002296263101299124,-0.004686498451300968,0.001822645419103201,0.001297375852678087,3.089085147304191,0.004868489771876719
-0.12097982413498698,0.3436477538680657,0.005788580653217452,-0.0014406699702225324,-0.002103417697531366,0.007729179059974718,0.003866342127953988,0.032681477788575886,0.01242104390836629
-1.3485298464724167,0.0068360878544075025,-0.8595712461581125,0.003525884163175649,0.0009860785743815645,0.00692244664517488,-0.019889055346087536,0.051925356828849675,0.010474610357229991
-0.026202932555167514,0.003260759857151453,0.0026661042565445324,0.00410849754462837,-0.0032266235854856683,0.003794813218297179,-0.42789312024396176,0.013294081981805202,1.349045370515505
-0.002832685935304627,0.048095357194332805,-1.894144802757937,1.2718657077150228,0.009695459582051633,0.0034973112431892876,0.9580478712426739,0.013920210632263688,-0.0004065066763195291
0.10883203598573216,-0.000832807818398118,-0.00331405685304559,-0.012527349983036437,0.0038926252761940366,-0.005234786800063267,0.014336014103188903,-0.015565955457047365,-3.259900680091436
-2.203799350761011,-0.0004942901575507312,0.0025302810682884744,1.5765440081052766,-0.0010514468610791326,0.0004132823122175466,-0.3612139290587881,0.0044203820892070485,0.014082927360946962
0.030857403255356713,-0.004531170803757551,-0.014198178532169302,0.8957338704853723,0.004579990278776976,-0.0007976550949087089,0.007018311673492383,-0.008059647535041271,-1.5116516927597714
6.329243424713256e-05,-0.003750121894392838,0.0024511257047339975,-0.003075197348768679,-0.7509985604531657,-0.47585690341571985,-1.0509445237580841,-0.0028049852026118625,0.007030246900090735
-0.5817714125777644,0.0014213917762207788,0.00076140582894332,0.0031874034192937687,-0.009619591658631799,0.0010953074123115172,0.0024274301088855047,0.027874672755187777,0.008016835075404433
-0.056170053434206,1.4685517678106315,0.003405484481847843,-0.002810940187905851,-0.003968247071086197,0.016904893690224784,0.0010399700570659573,7.621506968083443,0.024262295855412896
-0.009357109039763075,0.0003572132750241272,0.011587555266029623,0.0021803545039050646,0.00012998320863794738,0.029656159983698062,0.07305974923859151,1.7146683841633563,0.0036845623072467755
0.005797615955636021,-0.0009978414702665889,-0.001216398484011587,-0.001684847720007009,0.0017685375960955732,-0.005136148054395943,0.0029225679527024374,-0.009160664460551221,-3.193015614543101
-0.07140988519128944,0.006389015774717219,5.094155699999469,2.03683659328463e-06,0.004734042661153622,0.15075710663075093,-0.0011416579341404836,4.155993195352727,0.011253052593389823
-0.0038481278647842718,0.00023688725008363118,-0.0007562072008974682,-0.0014084311694018397,-0.004933413322927465,0.008163397254747202,-0.022452135956997462,0.006137464825743684,2.273756700877491
1.8168928339769628,-0.005823902536828742,0.00234479968502306,-0.19046569846548014,-1.9911521604768367,-0.01104902952377336,2.4114110053792895e-05,-0.09342696979557133,0.004711933859027309
-0.0035760501231500517,0.0011369898973560021,0.002287074906796184,0.0015582207397227715,-0.004023081606967992,0.007066051463060342,0.003999160014492919,0.013704878657043427,0.010605059394462865
-1.186946795724404,0.0005151325118229366,-1.256021178143226,0.002761441768909762,-0.17562990599856104,0.40023783639874644,0.03398625770246467,0.06706695650487975,0.008439487794747846
2.0607329885478363,-4.619512537037268e-05,-0.23968959973145043,-0.002253745682881378,-0.004176093226375677,0.6444970146362864,0.6604649646090289,-0.010757148071084563,-0.03551197191398303
-1.9303573634955537e-05,-0.001169042606825692,0.006110623622190915,-1.2602346211402446,-0.660253498372402,-0.009264523012514526,-0.0012325520041128173,-0.0052666160278225516,0.006335085748283849
-0.011659518863714774,0.00013394543427302065,0.0021866788143829786,0.0022051683708464633,-0.011164265339306116,0.18073823759883323,-2.6268065211127595e-05,0.011360596536962392,3.8215915560218963
0.0316439265978548,-0.516383195934265,-0.0023309114095291625,-0.00197104565845055,0.002801649921728822,-0.002914859792939986,0.0025583441330551634,-0.6674344561546021,-0.008105956354623113
-0.04336297846968201,0.005307195345511267,-0.01005470930114239,0.002368374359500221,-0.003453006871540992,0.0070229591871094985,-0.003985498139068762,3.7811809525650926,0.014225658344625289
-0.0009846754041033595,0.0024961683657133125,-0.0037294100088293585,0.011933793465950488,0.008057303860468877,0.9452510257929895,0.0015567786084642742,0.022605081767969753,-0.001613835452412813
1.656013793210623,0.00973172111420348,-0.007651951997805832,-1.5224950578348526,0.0027642063601825174,-0.002471462235274171,0.005958323707445568,-0.03589459983893323,-0.022951178989115584
-1.5840554555889437,0.010422477430541501,0.00340274713070967,-0.04855219240258349,-0.002314300933467968,-0.006305634619456307,-0.5868315286384332,-0.007237660519338995,0.06010178441865177
-0.0010861836122261625,-9.111344723353085e-06,0.0026907671904919145,-0.008733005978020361,-0.0028763145725763423,0.0010063890143872452,-0.006218806221928938,0.0010772332605105234,0.012733995911537796
0.3712729207169341,-0.012633253694356349,-0.009901583049809537,-0.0012849710740501247,-0.016702765043993234,0.0013444477434912533,-0.011796454927066921,-3.756947536688792,-0.006911977959994098
0.008399455207850896,-0.013662609358691718,-0.008059236948522973,-0.002875699364197664,-0.0878338510684126,-0.004082720280040316,-1.2732988496479876,-3.1968781528914034,-2.0575288171818112e-05
0.0005739996762104474,0.004534775713882074,-1.2909314734719466,1.4125012754549982,0.004986277603811704,-0.0015759010687758958,0.738591898536961,0.0038988438964581776,-0.01485982221507981
-1.1406370488239574,0.10057392783456287,-0.0015005022589739472,0.00015156371041635005,0.01464574101189111,0.3567397340694674,-0.0002346179314846094,1.701426988019454,0.005511388826789615
-0.8779170693084746,0.0017782481680826204,0.001585602030855982,-0.003406582293237141,-0.004193029284420856,0.008175066577772047,-0.07410549283309514,0.006141301426932963,2.755993664055646
-0.003624364296576532,0.0006430900088303278,0.0019690530966497946,-0.014227121702011342,-0.0035675228111321945,0.010740764994316615,-0.002963291870787297,0.0036437903320579376,4.625021135596794
2.3713326816547147,0.006531455432874657,-0.008404984408095117,-0.0033043675204248646,-0.0006590885137816929,-0.018766252856466183,0.0012888741198268452,-3.4958586373135137,-0.008552481880998997
0.5866880914301249,-0.0005212383647106669,-0.005761760417731151,-0.0019063012040300025,-0.00010461809362664713,-0.024232916653204886,0.004253672255572476,-0.0362835581902014,-0.02059196386286649
0.0018192839660313132,-0.013954946822875456,0.012183938721036302,-0.002098142713268739,-0.0009840576073070317,-0.005799255842614622,-0.00016696170995829295,-0.008962485839609931,-0.0011704398618737222
0.00024991027967824356,-0.0028837537915720733,-0.00352774882044207,-0.010153815325862594,-0.007671408080644133,0.0006790227930931038,-0.02042225295947253,-0.0023469710488069587,0.004552186807813728
0.0005773941308332747,-0.0029475743799318647,-0.07218761571132706,0.015144725655308361,0.0002822650456619817,0.007496693744799622,0.02551306820410626,0.0026578652407823846,-0.0061367576797070125
2.059503295318992,-1.969121107442424,-0.0003664085947715501,-0.009388665426314651,0.0004993105022235364,-0.0018289857979689604,-0.028154849727417986,-0.1684961656326149,0.01037638103129035
0.008818114361706042,-0.0032075099539497325,-0.00034176680563326395,0.0022940121176662012,0.005347698830505793,-0.0042480611574231,1.2125628617631752,-0.009232248165833984,-5.709649095302482
1.2080063725204067,0.030219776076028403,-0.00919171680499849,-0.006694993622973877,0.001693340355707871,-0.011568285251754783,-0.002873879455913419,-0.2167039429553489,-0.015933600306651724
-1.9504209161488617,-0.0031894974638191284,9.855155379508498e-05,0.0002110352182235582,-0.006366918837865644,0.03639626727381712,-0.0013718776432205641,0.005455020186756413,0.020735873628173085
0.005500660536899599,-0.000986038528687283,-0.0016405945785027461,1.0896060865267096,0.0024019923134523564,-0.011085820143447347,0.008794011127617251,-0.005357666091060018,-4.003265927443691
-1.194010300083398,0.004314426780710417,-0.000774457873550391,-0.0074383673111002345,-0.008577561487340409,-0.0002848041743208638,-0.06184785150722553,-0.004095866238697423,0.18851314246673878
-0.0003137139884445881,0.5650854536017927,0.0006937177660939946,1.0262324042180713,0.3094825179342785,0.0008208548311510499,0.002151041752398705,0.0030864590889951374,-0.0038522076632592364
0.00026607509090635054,-0.6638774996381103,0.0073250091832989484,-0.4272112324967759,-0.001430409598095525,-0.001039479724809673,-0.021817845178421794,-0.006145263702697726,0.004337550638041239
0.0008268131856566881,-0.14751505181002897,0.3463748922611014,-0.36977999427813685,-0.0030449978277720894,-0.0010736455361070637,-0.002345774669980134,-0.006877713348085384,0.0028974113412058872
-0.0007755907531659092,-0.011081684907809398,0.007781333364409138,0.0031805322462788465,-0.04415770676906508,-0.002209761730586122,0.0023807396127850226,0.001858717958469658,0.0027722962863976925
0.004094211238803118,-0.01001044406236044,0.029054883848909238,-0.01595674527883033,-2.137892684974145,-0.008647672105735898,0.01764642159020691,-0.010396913381019786,-0.0010222560731054653
0.005068867803489799,-1.0938786765135238,-0.004164893845058837,-0.0658344019469584,-0.004026382812735532,-0.003725602328097747,-0.02934097174414184,-2.0559027677466246,0.0026530355590874063
1.3688378039689169,-0.0001556013563765177,-0.005883672946664982,-0.00031073595979877965,0.0009363766213749437,-0.002178330146416222,-0.000979959462700056,-0.008855195919501718,-0.005759701141549264
1.9045957184564024,-0.0015596331836156708,0.0018180491187146201,-1.0598105023791664,0.006136224895218426,-0.004686341078445144,-1.1686387570674193,-0.024190817558334632,0.0007171841264881351
0.004632864146008053,0.0013966374368176784,-0.007407115274711645,1.4442907652729482,0.008812898313595524,1.46299219807152,0.4205969257006654,0.0004732634264341673,-7.423185169156623
1.1577570884559119,-0.012397119064304157,0.0004623954181318876,-0.00349467619027329,-0.004520160684155242,-0.05670451769495941,-0.0006335454883484373,-7.620910897095659,-0.0029852223379936427
0.005245087490946893,0.005099810466897625,-0.22814200274261498,-0.0011033058401645924,0.007179907803785496,-0.006422767735455017,0.0049329433868366915,-0.006702347602162628,-0.015263872397398199
-4.307663343557719,1.1644176518816154,-0.004886048675677268,-1.8604525970482402,-0.008450329368735354,3.1451875895436503,0.4995618411290659,0.0032206204110965322,-0.0022443248477337363
-0.0012566642832931478,-0.0026981889596461783,0.007988677887148164,0.006785472801172671,0.012433672483643266,0.13407975555727358,1.7648709095307533,0.007453047135063584,0.000529176389916397
-0.04561965464601725,0.0011125384716584724,-0.002485509328228025,0.0026091677535922675,-3.9486195667220247,0.5903395606665476,-0.007621892528642565,3.790506178454775,7.328778474511864
0.03521207099667589,-0.0029671056007774914,-0.007339486031156851,1.7905944272711132,0.004133148419570652,-0.0009808084365436759,0.00619894093959417,-0.013847970607318238,-2.8267242966536905
-1.0711202720002058,0.0021086703153149504,0.0032403440401956307,0.004109909414175388,0.003332831681092871,0.5839299098040422,0.0022648745945269572,0.10948865674036336,0.0011521071365908908
0.013462995369063369,-0.012283887061225239,0.003458465482120241,0.0010623798286779063,0.004918556404136085,-0.0034107685691956782,4.106288787423901,-0.01765427115049266,-2.3709893966242834
0.0052044887755473696,-0.01851835562218166,1.2839239982070196,-2.0867844104030597,-2.9215672448103294,-0.0039539327880782765,0.0002671837574182989,-0.01631814412918317,-0.006326753249800587
-0.005637617471468313,0.0008776679764546831,-0.012995002353723977,0.08307079434492201,-1.8190308162631936,1.269684316311104,-0.006509016356057381,0.018303817584232187,0.0044335203642618115
2.6991611461009217,0.06777689505135742,-2.321821534373621,-0.000870532136096322,0.011469446503739336,-0.00164156203592173,0.0012381533900688614,-0.00271818006170213,-0.015778542344858426
1.8028360621280917,0.003536998338530401,-0.6533333968274779,-1.865181041107366,0.0008316957467657572,-0.008350722414963388,-0.004773080601462041,-0.03165148676264762,-0.0034387171746845246
-0.03011893271561865,0.020180805289389748,0.003100242328603677,-0.0014175623493246467,0.0017722790961268403,0.0553726512121814,-0.0017619671070192061,0.7458142640502644,0.012082848747823421
0.0006989160224800676,-0.014703235452588274,0.23902436890715129,-0.008012043857859849,-0.5048989175153878,-2.324793127200299,-0.008865768399210161,-0.1961831573589769,0.013748668433824954
-0.003473304358700644,0.00573453290981597,0.49702303630386446,-0.0014322322727686049,0.010419232487011015,2.661231998473936,0.0010029342386821257,0.0039400791914746495,0.0004169796517199953
-0.0002625864813850723,-0.3833128379512211,0.06523310504248571,-0.20983506962317933,-0.004901211264496224,0.00026839124394196373,-0.026374045738567907,-0.005455599354716044,0.006640777397211481
-4.6621145399645325,-0.00189674494908873,0.0067148263215178194,-0.26073305420217885,-2.1002143157269444,-1.2408784560606403,-0.9266047393870229,-0.009677482642744817,0.9380953962549015
2.3845882707657693,0.002930092501794134,-0.005167545936286225,-0.006615446658684797,-0.002687357313776121,-0.024377469522115756,-0.00230315177195654,-0.034031729742731484,0.0008666627926446901
3.8892055240328656,-0.0036264132149581574,0.0084437549750562,0.010240127385168801,1.6703834277893175,-0.00544063751598671,0.013723805205211121,0.009100477833936693,-0.24261101863501366
0.0009014492245012978,-0.0025706787041949192,0.0017962356584738434,-1.1401650903523672,0.000472182714645341,-0.0027479653811862616,-0.08759099299497547,-0.008186931058591721,0.0011857392279656788
-0.013813760367101344,0.002435652519019914,0.0013009689288619732,-0.0027313500992115353,-3.1094142332759365,0.7465911859034675,-0.007459792288621574,0.01926617935455112,0.7264602466679317
-0.000532822237683484,0.00164650109586453,0.0017778275118073067,0.006403289172500249,0.013313294397757643,0.0031319174372017385,0.005871875541578048,0.004019799004509694,-0.003002197812907573
0.0019719353603510036,0.0007086710268084553,-0.008243542599501743,0.018773571279459878,0.65941087816087,0.0013486338989380751,0.04318059038144412,0.00037093157878692953,-2.6528511715369785
-0.0074180583901372965,0.02268992747753936,-0.0028294034701130608,1.7610815640004085,0.00011522134438752066,0.004286715940674431,-0.0011306171868880992,1.081643465112852,0.006077059263565662
-1.3406812499021796,-5.278393055005318e-05,0.009612597138508601,0.3138463233991858,0.0008395722203678631,-0.0036278642297248717,-0.002521201742794599,0.011767604816488822,0.004739872864938516
0.00458540928274905,0.000973917860743508,-0.6716950467899105,1.4855804480467154,0.008114945301719668,-0.0050297185696653104,0.017437740417552278,-0.0028743363312304718,-0.0569268282772732
0.09821974440281728,-7.839539727174001e-05,-0.011765203198844675,0.0011974823421081842,0.004464206465447557,-2.1123836824851048,0.005690429139398505,-2.0648620119319387,-0.02166618505994425
0.0027238596944762243,-0.014431171928205377,0.006270093161659518,-0.13318656305949667,-0.0023783098391579405,-0.003801895948366982,-0.00507710694179214,-3.2980931319042295,0.004805549045698104
0.007664301048785975,-0.001880087419602466,-0.03080806538708526,0.3470478702700055,0.009492853665549349,-0.002633008571484669,0.3195541060503758,-0.003252078324815493,-0.11942929621586637
0.0013898842085089981,-0.005847801885297956,-0.0028446649941686287,-0.05786232512119966,-0.4076274727195704,0.0025288684352477385,-0.002614557156782462,-0.009206349769933892,0.0012008368240854841
0.010509733015972016,-0.00038722365714284504,-0.002596915439120235,-0.0013937913157310907,0.002524298105234392,-1.024387633242744,0.002656309448194269,-2.3889758195632207,-0.008047776012122781
0.0005375396052121628,0.002449430646877089,-0.13108924278794484,-0.0012314303381369684,0.000255496738205178,1.0107772776098074,-0.0005920739266468108,0.0031040654816271033,-0.0009996725093278092
-1.6290507937892436,-0.1051562813749003,1.5489674489901737,-0.009135285385986888,-0.02930341460379128,0.010387589972609503,0.003232067123416586,0.0073202811655576905,0.06369707878459208
4.226432503416778,5.289182957397831e-05,1.466164309414412,-0.002583521022487205,0.017717014056724933,0.0027728120115984266,-0.0020377314127572052,-0.0027945168458487074,-0.00044191388566888756
2.1159410827727245,0.002496611496605697,1.3364065399539111,0.0018440920701117344,0.013842216773549035,-0.03193190607819306,2.301087125997772,-0.042665994993488776,-0.17572665389818054
-0.9356953204919474,1.5445498803436217,0.0017659053439714157,1.8988278287059333,-0.0011876160035934648,0.05085765169986746,0.008150985490824048,0.26533117531685957,0.014615190799949468
3.666391048113982,-0.0004486167983341477,0.014318242180176077,0.006781524924050528,0.00397772021349985,3.5543211337321403,0.1030518593007131,-0.06383198286920655,-2.0566180072772493
-0.005086520154056286,0.6156720091390234,-1.4382045603597056,1.5505170614497346,1.1160148672555592,0.03278352570939172,1.2936615710328059e-05,0.08914930919751796,0.00246620721834942
-0.0001361149415871449,0.16480672176096473,-0.017447926135342556,0.25061722841250395,0.04563690442028881,3.189243554944861e-05,0.004902628721248737,0.008885489730386283,-0.006510219587083013
0.0035012676631163407,-0.0013284376967549827,-0.002019662242163985,-0.01507117260798824,-0.00035093791615620207,-0.5817981079821447,-0.12066929362024946,-0.11335665934855177,0.0018515279120945166
-3.3132659679320247,0.029428530293302266,-0.012991027230459307,1.120906125169136,0.010352056231393805,0.006385053135071941,0.00240079902557494,0.7446300280386221,-0.015593289200702909
0.007405917441497431,-0.0003381657387012227,0.0010382548400439812,-0.4440175734288268,0.012186410223675191,-0.0032240691195100472,-0.009104094948589823,-4.310667722689931,-0.0008465251244587635
-0.006576807210247648,0.004519834960843278,0.003175640014308657,0.12922540853754805,0.00516249633801134,1.190497662504636,0.009295564140879379,0.42268534231978727,-0.002506776149745066
3.0978246497742212,0.009327445057036032,-0.008628737232122832,1.8599460031356934,2.1540375189545022,-0.030191985376376212,0.9679360599274327,0.0030789282371603832,-1.1099507287092862
-2.0430789845253985,0.8423619516209361,-0.004648281780683383,0.007386833936520408,-0.002832318701567478,2.6942828292346346,0.8248138676615828,0.03599490881357369,-0.010219268817838745
-0.003077782328801595,-0.0006645904055936073,0.005445231336002608,0.004916472416747546,-0.002787573268764421,0.0030866523228425856,-0.003598399435430128,0.007012699980554829,0.009218277934220186
2.1656421938878054,0.881874688023184,-0.02249660430084413,-1.788890837139956e-05,0.37096120156763446,0.04487229738964807,0.002573903042933059,-0.0007719685326586304,-0.04550667791131269
-3.4123876637521087,0.008258025225434125,-0.00224673926197147,0.0013349792708677337,0.0017356194901484365,1.5959525117399118,0.008146609926628592,0.02842286573683029,-0.013218590007349706
2.224297485083788,-0.6658289387761727,0.0033576436956188707,-0.6564277706273891,-2.1504186884012824,-0.0028481232709296374,0.003530087311221782,-0.11387874724540878,0.010546459939619918
2.19364620442227,-0.0003833543145107237,0.002350693426094369,0.0012527358697265603,0.0013913320006051222,-0.3675345747843294,-0.003597466025143426,-0.06948508155732913,-0.016180469962495114
-0.0014652694542201155,0.0024192153848732714,-0.005107417662500523,0.005380393967718265,0.0030360023042388324,0.008595319622047388,0.003034197283006334,0.019796541877925757,0.0012339375371566254
0.0026273585937704666,0.0005215952355572226,0.0006686597998541272,-2.0781541633954665,0.6549464397250817,0.0026234762705136683,1.0743538260403582,-0.00667527353669585,-0.01356266358504167
0.0030332205044058657,-0.005326507980722447,0.001581259469624815,-0.0053514192047463376,-0.002525874060880149,-0.10863467939627008,-0.2912558524439387,-1.3750421445818255,0.001431680981535963
1.329583854350882,0.0013710040415425145,-0.0034089994526282363,2.310369325524075,1.2154483289872804,-1.1491755476249221,0.005665937946371692,-0.01057159909822264,-0.46450906508122536
0.0018212668404945262,-0.004972187705203805,0.0006978823187079219,-0.058661970754966396,-0.8523133013316845,-0.003094670169501957,-0.0049685631956309815,-0.007854767886695917,0.003572379514224684
0.007412860196607838,-0.008080579249107716,0.004816979144784,-0.00033507741172402947,1.3292148672907451,-0.3136631914049103,0.002453360514824098,-0.0132281176764889,-0.01721265435063113
0.0013762354165473645,-0.45781754026300786,0.008899880949967052,-0.37298465895121813,-0.010024314411122566,-0.30836951817822966,-0.0026869009259689516,-0.06255432552280148,0.004903793046633791
-2.1819412919848094,0.003038381633052712,-0.0126764746727809,0.007188824457023043,5.698609215472328e-05,0.009677479612869017,0.004185761462020014,0.053774494389218344,-0.0029239874299578084
-0.00010273921508985318,-0.005559784625480634,0.0038902586160787485,-0.9938880350120102,-1.3363748476216202,-0.00021524404587505534,-0.009158736884506802,-0.0020863600463722452,0.020179561234647925
-0.01260059800239517,0.0018093608539318658,0.0024796967426880144,0.0015334547134858937,-0.0036337716005265964,1.2917481404376032,-0.0021811680878556024,0.02691533948866703,0.00811632233454309
0.01607243117793499,-0.0013243715902657672,-0.00864771359359837,0.002441839175135025,0.005330844910314048,2.0984581863885485,0.0033195562902910785,-0.008317744923804726,-0.0862125523265862
0.017399030982477623,-0.005193415359252409,0.0019358952159240252,-0.004147629460043021,2.6169829559619493,-1.799644439325831,-1.2238540883909415,-0.3139000146259188,-0.008023477333832296
-0.01527834122386159,0.0054929296466636485,1.4801230841097788,-0.97885389663439,-0.0011320408768382261,0.48011837766465937,0.005491564926396797,0.0440351550039047,0.02405617713150765
0.0023557374845418477,0.01841458949640245,-0.03519152642735043,0.00034155927869175713,1.4240788035589695,0.00012494163671081596,0.5560616042894952,-0.0005637697955100662,-1.6940326325182236
-0.0004919356078525341,0.010839131485823349,-0.004766273282048604,0.0027804881297730536,0.3477972555596325,0.0022875198207845757,0.008821370864217826,0.004538426480335519,-0.007947397595020712
-3.4923645103432492,-0.0019544390168988388,0.004553027801287218,0.00210123576465001,0.005139412299187809,0.25619763740234514,-0.5685123254032496,0.008098259458822574,0.007610142559838939
-3.1152699247153244,0.0284450718034749,0.008991787317223984,-0.0009383249800540595,0.0017157494075930313,-0.1729452958812142,0.035744961052219276,-0.0022004581051614028,-0.009288900625402663
0.008860871720399954,-0.005524877472366855,-0.8271195609049117,0.010181914002001136,0.0007038159838129545,1.0349701179649087,1.660941993307972,-0.006498370462522008,-0.662271527241248
-3.080301873320554,-0.03360048830758311,0.010443538131500701,-0.0026453260226272923,-0.0033366564627661244,0.6989628939730219,-2.3672023664409774,0.012360040116424442,0.250077907242785
0.0016289727040550254,2.6138158535374947,-1.4201490682910074,-0.004813552304368517,0.026035197350116602,0.007392526416354531,0.003404839188341736,0.0045782344021173885,-0.0033116610490737967
0.02030285586151354,-0.010030601381849033,-0.0004468166223346843,-0.003411736132755857,0.0019221945166107428,-0.003308733762007009,-0.0066154432666539215,-1.157761819464898,-0.004036344871245264
-0.02133802919202316,0.7651026815715181,0.005163060145245738,0.005073959415465559,-0.002961479266745235,0.0005788071812555755,0.011899269701023445,1.0530742967168911,0.005395862413721298
0.015615265012157643,-0.006143983735203299,-0.0018679394181809672,-0.011580968858900899,-0.0025587196822228764,-0.5053047254901911,0.002706133407208801,-0.9664213269246952,-0.0010605168727313222
-0.044617404684385305,0.45684879947699963,-0.001387718732226744,1.450441499252296,-0.010298148985462916,0.000767235730274794,-0.004223609074459662,0.10831225434096846,0.016782701649377795
4.8383399778461165,1.7012090788799838,-0.09152823707217927,-0.002855553115079807,0.00103408862376754,0.00010959563234706846,-0.017400217890292155,-0.004176368194633972,0.0037531622938666853
-0.01568209072491535,0.00882529584330134,-0.00023727049188160092,0.0035628127643928453,-0.0007444652021133249,0.00835614194697914,-0.0005471577132528265,0.9584258414818837,0.006110605423611103
-0.0015354071923538437,0.012691438535350208,-0.26699417980138385,0.5268697188589897,1.8754896750196952,0.02407755305297629,2.08482466998172,0.013647011803351122,-0.9726375748590872
0.5693811111205482,-0.764848539334428,-0.0039392558721219675,0.0019240491219985976,0.0010632990565499784,-1.3410834859577325,-6.494671911857954e-05,-0.12947799113033664,-0.009573328399229586
-2.27337430054046,0.005347761365054257,-0.4870851862877752,0.030297592240337925,0.004714527132783409,-0.0002769787107681542,-0.24139010515406784,0.23229893184218564,0.0022924071307011684
-3.905316720906594,-1.687518035878802,0.6152834367732538,-0.004989753023747399,-0.012968950290818154,0.0007991354656118575,-0.004765316413150936,-0.03435604702923256,0.12074894031201344
-0.6473220536017743,0.7456509702476817,0.0022378992199718253,-0.03706023851570302,-0.09504403459470363,-0.0018641314804703133,0.00010975862403451693,0.0043088423054414,0.06745311347644312
-3.658629018442978,-0.0010214106323624336,0.00324232769980394,-0.010029222240001051,-0.8147182646757014,-0.0004661199147562717,0.0006930186394579676,-0.006888819884242642,0.019143130520935858
-0.004223624166938377,0.0016451334306993724,0.0012362029991271912,0.10432299328368068,-0.0007721948587699028,0.593390433897922,0.004009181944203551,0.017642904412567405,-0.0002294301635387512
-0.00416467138779291,0.004789625571064411,-1.374194794517059,0.001653303004699425,-0.0027206997576102003,0.8502473091939335,-0.0006865957497975369,0.029764886013381057,0.005356054465392161
-0.002755990962010977,0.49162427727631075,-0.16199773394349168,0.192300642583848,0.00012642432549378685,0.1833824654767932,0.615459630948048,0.18791192008659052,-0.0019547217188671364
9.360555006993759e-05,0.004270649300713536,-0.009117426312646892,0.7383534845835692,1.2675423542793327,0.00033304662389875214,1.0869207669634346,0.005286125103248503,-0.03208439582624245
0.0008383562527113368,-0.004478381664851138,0.027631448457770283,-0.028654276261546784,-0.001456361366487129,-0.0014312094714768004,-1.4107113557213045,-0.005857182805186564,0.00847218057788944
-2.5218871421979308,0.0035553645085195556,0.00029029598061487,-0.8303906566014366,-0.006141661918600175,-0.002337170190350557,-0.008133459715475987,-0.013106959405871772,0.03634374110366334
0.0014579610081674466,-0.05393929276032843,0.007303113438585155,-1.0628946333191238,-0.7520530996973502,-0.006295375033337714,-0.0049813615260270935,-0.008871641921008016,0.004075736036534994
-1.9732658968248125,-0.00042941989383537323,0.0005338062119616682,-1.986496006741497e-05,0.0033036176744804316,0.6267688804287865,-0.011401776609828884,0.185992238903695,0.059417367926751785
0.0029487614023265066,0.0009282201684862063,-0.0014076304485952824,-0.00025529577585225484,1.0016680031873864,-2.8737336356562606,-0.0024762135329951364,-0.00427486637123637,-0.0041093884179980444
2.6380156539990467,0.682107254806094,-0.042436297361582415,-0.5981738116844788,-1.1765866724585088,-1.4873645859690603,0.015639904543488445,-0.019358228555746246,-0.017457490196051584
0.009082448804246194,-0.0029846637414126377,-0.0013416390601242436,-1.1860626196528958,0.004877118303694203,-0.00754037512254713,0.001946707834066981,-0.536427697677921,-0.009346901140582663
0.00013676652463615177,4.828592865285407e-05,-0.5907123235694604,-0.0004838562385844438,-0.0006458473335788299,-0.0005533550682030115,-0.019625559587609972,0.0004048000592495435,0.002868938438313016
1.108795865423411,0.0004221821134893569,0.001640708834593586,0.0006874544083473114,0.030529171470924786,-1.6793825122363448,-0.009252581517508116,-0.027675465413059958,-1.8184297210903786
-5.594922386034618e-05,1.1148551884796167,-0.005713457327097591,-0.0025682175209037865,0.001369970566304183,0.004802791892202959,0.010709252474415417,0.009127965134960402,-0.0013638296654186477
2.4783767461322146,0.002508889329535715,-0.08264308757395705,0.9466757696213837,0.005550477020493154,0.007279267257056776,0.2544149920947375,0.014829029269621118,-0.25421776682834185
-3.124625994184089,0.6949942506615598,-0.050067113221195336,0.01382913345303767,0.004489206495102316,0.008343623907919503,0.003578772683657881,0.0700163892893616,-0.006129700085444445
-0.00036621457796410205,-0.0008231870589989381,0.0013304096476716674,-0.0010189111826066355,-0.6604942217947857,-0.0019037523118287628,-1.4062598216072462,-0.001713325592774592,0.011517749025420881
-0.010314735532965472,0.9360226363507872,0.004211017595955881,0.0075851312123264986,-0.0004944665764033762,0.0042220064802633815,1.44712723819363,1.0819380013351148,0.0034292308294190292
-1.2756817387592765,-0.00227287204048833,0.007547501562729091,0.8698989994800241,-0.0017311163365039892,-0.00040004542327504427,-4.257087606854596,0.05338248569051002,1.9011032987985388
1.0244639306675323,-0.00018450117724555092,-0.018891254942497764,-0.4538705732106257,-0.0058660912644774,-0.0012298899991679592,0.000934187414408952,-0.1078850177085557,-0.006434397972709477
-0.0005906777294184063,0.09366579972436942,-0.0053835192741677335,0.007681335415235897,0.26650226954368,0.0002216734426531081,1.010651424683976,0.004278133056174929,-0.03232531347445802
-0.003390358596466185,0.0007051033723835848,0.0033735852528616905,-0.023282703202096695,-0.4524593570985984,0.003385257809591497,-0.7886742524343463,0.00011973769205539386,2.634535735438246
1.8808565202262149,-0.005211167480223343,-0.0016195577713617737,-0.011988221107034564,-0.2499781034346199,-0.7837041052175281,-0.005453615615709308,-0.16569542969892695,0.011195123964536036
-0.0115599067643197,0.012960631134870766,0.0007454479837156968,0.3888857860616691,0.0008115110059088745,0.004389264182075577,0.00551630833891556,1.4911323600337625,0.0012774835594970106
-0.755704780902071,0.005181706952776208,0.007811408458857472,0.03564096429430234,0.18014140417144378,0.009117913510050575,0.0002849194781305744,0.05369667862741806,-0.0007093024904329115
-1.1062633014984693,0.0055144427621508394,0.0010732585083283418,0.0015847544159679552,0.0027535793486751538,0.004555994918744887,0.005158315698289962,0.04650209669715606,0.0031151141666826004
2.2516135740598964,-0.3224581044031398,1.952158801737665,-0.1605036858934644,-0.011753934543546778,-0.0033937185507608475,0.007383322497459003,-0.06799077061178108,0.006179499514982506
0.8469032667365388,0.0005772501995437856,-0.008148860903457112,0.9512530040036036,0.010829065982598016,-0.0083431426566251,-0.018912065280739507,-0.018214900027148456,-2.9999525938224263
2.5577707163590695,-0.013243154325447206,-0.0022008972342356242,0.07892718326458939,-0.0014030643665836028,1.6433141813867467,0.009750621748467685,0.004718170110733521,-0.01717016114221026
-0.0016278995309376987,0.001217568170761128,-0.0008798927230120483,0.00013537149125660963,1.1444112608383333e-06,0.00033517933585493903,-0.6456319757900348,0.002438233545453486,7.090857591021141
-0.5833147337616332,0.0031169510303042966,0.0018429110930553681,0.00675293446735499,-0.0014201181808744306,0.0017090249716157704,0.001486358472533914,0.02526149257564686,0.006503694954213608
-0.4317425981030296,0.016524191220760504,-0.007833316940008234,-0.0004302181355912704,-0.00787452023686034,-0.0018416302926730658,-0.024100900512945736,0.01592926349478605,3.244255104015423
-0.8404053485661469,0.00043115144240512475,0.002231062485948055,-0.0018072573160502737,-0.004583097871250389,0.0013134192991602982,-0.013548324656394793,0.0066617565040047785,0.061543536998974746
-1.9332031033125985,0.13588563459812797,0.0032495477744449476,1.7440725121625726,0.02741928317538901,0.0018129480249683718,0.14608672035069178,0.5016144441303401,-0.032415672507795756
-0.002023510596268252,-0.001252858892531638,0.00643889100626483,-0.006341094967117312,-0.009893756759050184,0.00014860899082213847,-0.8822570825824603,0.0026452520358116838,0.1563217944364231
0.006748971753065397,-0.027285655962808006,-0.006225429722416973,0.0012629035683723088,-0.0005665242602073559,-0.0021318589473530306,0.006166600509899107,-0.009001657297429529,-0.01534847661421045
-0.5384458554489973,0.00034908236984140806,0.009069223228040772,-0.004342205323558307,-3.1237421642062233,0.3910446162083723,-0.002357346835565176,0.05513394787832418,5.302328201122961
0.0025482061517064086,0.0008068546020907931,-0.006170915413955058,0.11471047886235686,0.005240310991959365,-0.0064437694560948305,0.0002856094630626806,-0.00023941837654856135,-4.29531640155582
-0.0019456639215065727,-0.0023699698769664383,1.8471398718453484,-0.004755047321198717,-0.008898953454067934,0.00242956068840253,-0.0033049728336398674,-0.0009279759377229455,3.1432630711135143
-0.003353668348901608,0.006328285668055443,-0.008654683559167844,0.012220904362411357,0.00025047264385391274,0.0041372811886461434,0.0020884851254708895,1.5815182615104013,-0.0009793430178803714
-0.038818934278671335,0.0064271333462056655,0.13504960189735316,-3.4438975595306447,-0.003740132763088329,-0.002251818986452877,-1.0106221976079648,0.015816788448669933,0.18021127646938695
-0.6980461609536146,0.7517107688863458,-0.0005997288756729863,0.006490205069342392,0.008047953105424152,0.4648118435316114,-2.336187649319548,3.2688629280328714,0.007441681121734156
-2.699776419283904,0.11793127879137989,-0.0034081309024967255,-0.0003806776079130713,0.0036154356667407045,-0.00027080431146697583,-0.009500959075417863,0.0004503963229828007,0.004540416391215885
-0.0028256856683085974,-0.001208894953845678,0.0009791571135284954,-0.002475582478911182,-0.5196028857025555,0.0016010062881380432,-2.8187070162255576,0.0056212343088346065,1.7782833523065005
-0.0023636011198977314,-0.0025461065216590847,0.01658218937755051,-0.632239838135322,-0.00855082937863869,0.0021522073090123176,-0.012420599878302048,0.0022595928806509766,0.03943451849675973
-0.007773410804981249,0.0012784490370536966,0.00020485624338169826,0.007114412654533859,-0.004469078373492199,0.004885384530797252,0.192362107014421,2.13039228738937,0.0010683929912830535
-0.028123363960517428,0.0013754267553750983,0.0356047698585501,-0.010598333714077826,-0.004101678646871096,1.863996963622922,-0.01901067039280234,0.006252440342658901,2.9231543954454757
-1.86665127352577,-0.153842831947955,4.2821262036005985,0.0027483503939809417,-0.007612405932087098,0.0004965243303849259,-1.8459179004460768,0.030824861468065512,1.6682470845551052
0.0003558186084391757,1.4885868707600758,-0.00852492605323674,-1.6892632065613102,0.9725288555640174,0.009128440840984103,0.000896504669471645,0.00454426648488232,-0.0018380789103282415
-0.5028058483452061,0.02321131552948294,-0.0732658165511376,0.02606578028386789,-0.06289515960066804,-0.0019570481945149457,0.010018657759441404,0.11732023750721002,0.0005226404304913626
-0.009759124388873908,-0.00010269047576767098,0.00456755097042143,0.00014384715572291366,-0.004027905922746716,0.4421066198684694,-0.012359251985488602,0.014580933087288125,0.03327460143407109
0.0050007465450987625,-0.012960559922189613,-0.0010299141157741564,-0.0022677284870911522,0.02275171481603259,6.160971894965178e-06,-0.4225266021043883,-0.009623331025480807,-0.00863049255006223
-0.0008553194910851502,-0.005895831381464711,2.114570120937003,-0.00041441000359054847,-0.045214239855817295,-1.2473560856638781,-0.0015361746570160084,-0.0011672551217289165,0.008645058107231303
0.18583502401968688,-0.0011928845067066401,-0.19410308828801903,-0.003961600631809184,0.001728073777868714,-0.004481820721823746,-2.343159564957928,-1.8442808877048171,-0.01300982246789794
-0.0003745774082225578,0.008532120427497021,-0.3637408073469218,0.008102385198172276,0.002009362621553783,0.0009056639830233521,0.7435241542937373,0.003401169383966405,-0.01989038440196471
0.021544298053093124,-0.031177509836741814,0.0012517222057837028,-1.2786042117229037,0.00693379752549504,-0.0008508083233911535,-0.14452822178341102,-0.8578369624789043,-0.0076968351374820596
-2.7649269932976757,0.0038637277472015645,-0.008845755692570574,-0.001633820078262912,-0.003292905337325659,0.00010201963293439355,-0.004986634011008639,0.00014878726037200092,0.008699316795248269
0.010218713608726906,-0.0044285054205789294,0.0005258392066738147,-0.00048749838432964043,1.2896940792815959,-0.0026744422029551275,0.0014667783110770243,-0.011652829470449391,-3.5133723065796616
-2.8032155514174324,0.0052450115491205,-0.0010592033605718032,0.01556845472129795,0.018329233941154877,0.0761069999431705,0.006879058568961097,0.06764569719872221,-0.02059434863309506
1.968984522336414,0.0025879645485718953,-0.01717931763904526,0.603129855715477,0.004379626370735988,-0.06658667796266438,0.002040466271257018,0.001223043223103246,-0.10009044846420467
-1.55524765593232,-0.004722146142219303,0.011282871067814532,-0.005514213197534807,-0.04452065993963043,-0.002513809500912483,-0.007246256752601217,-0.007878283369382667,0.1306516100656837
-2.3218807644585775,0.012637353833382466,0.0004717822900163274,0.00718776177674516,1.6271144427259265,-0.0005551751489305211,-0.0014751765007573413,0.009578589843882324,-0.004968956565142846
0.0006597379559949452,-0.0068760280880135645,0.0003550494246242371,-0.45948112073211783,-0.2764955543150756,-0.7723847305285666,-0.4847890537524826,-0.018775578667182727,0.008403151748255896
-0.009082038376913862,1.226187261713207,-0.014002483741399237,-0.0036770197574283875,-0.0057826409614202545,0.28651949821339845,-0.0022284340569210925,4.303176190405213,0.01714116018966466
-3.089201434011399,0.4850469809638843,-0.001758551577445741,-1.1993422304083299,-0.002629140616773537,-0.026447784279558417,-0.005529955665770289,-0.004346486575777949,0.02098571140929595
-0.006578584562173933,0.007479708495861942,0.0024680464334000582,0.00045308868047234073,-0.00025963157801543946,0.007350823935713753,-2.2099878474837213,0.009348041110307943,0.04201860318125139
0.13838993566924018,-0.006257119051557503,-0.0076746679729703254,1.5145097768589568,0.01706580462341846,-2.8490985038604624,0.0013050678001193944,-0.02404187968658561,-0.04511187733796629
-4.098893236364893,0.0024356178668925033,-0.0076904325642333515,-0.011478828942858676,-1.9613952320274155,0.6201961175669362,-0.006801810212483059,0.0069439843384129785,0.028517068457602823
-0.0040292635260886014,-0.0003662125532534928,1.7299389567955228,-0.0033650863802935117,-0.029769623898109037,9.819932049806752e-05,-1.8581373847395042,0.0036314151499710554,0.7909181541552348
-2.7989675497721898,-0.002289125454920774,0.004516777363690785,-1.4625671113226868,-0.0017107071843005806,0.0065309011406668544,-0.015213182899678823,0.0008029298644974814,0.08716716124779689
-0.0004997324189861756,0.010440090218137854,-0.007317380884254113,0.020126966149059154,0.023523054021796955,0.004637117744364106,0.011541530284991828,1.9712217999783244,-0.005298636394915516
-0.0005450799400505072,-0.002778173011172747,0.0036793754412056327,-0.004828076262847368,-0.05858427821400093,-1.0467723055047125,-0.007024184334606153,-0.03914422894343375,0.008496816320797868
-0.006363283255111277,0.00674364708782528,-0.001473007938045012,-0.0030824018663196118,-0.006197629678537116,0.002852947551186983,-4.772935910970441,0.01026795204619255,0.3913754962300606
0.00411189862531903,0.0013830807993872852,-0.09227262553433245,0.0009265862582624685,0.0032610744157345437,-3.7729881072426624e-05,0.004129775462136246,-0.004480557568746159,-0.9289677767179294
0.0012981898286369565,0.001768081705346868,0.0013465450280153411,0.02352156414135346,0.026179256876784848,-1.2759742594025731,0.0023652797645928422,0.006505480490733375,-0.008075583132208457
-0.09431714134945857,0.00591360819480929,0.7167212433460608,0.0011867201006975601,0.00013262097639388975,0.0042868522398354925,-0.0066384508521198605,0.011311946503436511,4.132587618688619
2.7158904702711766,0.38241323376779857,-0.007108883254925168,0.001368226275115434,0.002412953459129258,-0.0040687066481711765,0.005830969654396712,-0.008026494811075785,-0.24031889994335254
-0.24751743310766555,0.005755510414559496,1.4098664131787417,0.00469773285021622,-0.004939819521797797,0.005658940048236424,0.5373238986056277,0.04139293834142295,0.026456971296735854
-0.0004523481689927484,0.021431081514942354,-0.010377353590960417,0.3342970696619607,0.3514576852659336,0.007509484348728187,0.007024472131916613,3.5327370804985136,-0.009705590562412367
0.014890793184192577,0.0007852705339833135,-0.0033398847605733487,-0.002096424948704354,1.3269896948157816,-2.7298502777729228,0.9483791167592887,-0.02261856075531988,-0.1623301276776825
1.8352924482909625,-0.003756370084218997,-0.014022892235605246,0.00010116574006822324,-0.002580459787263064,0.004195118333207535,-0.00031179960346089386,-0.0020574386071024837,-0.0013565716807749373
-0.7985941168033932,0.0018506021548033123,0.06073630668301895,-0.000897869608464705,0.00275834175759891,0.0032580351177130614,-0.011592016184983052,0.005839821032224152,0.027388573997961352
0.0003499318765387119,0.11263466852153128,-0.007116742893586556,0.2584403176255613,0.012413070058827073,-0.00019132085729145205,0.010210361295709151,0.0016104576949561708,-0.0120071936188121
-0.000873766024191782,0.005868799435529335,-0.003064521225775005,1.753805915790769,0.37180638112453074,0.0047820835726061555,0.002697224334293577,0.01114719672891627,-0.0012514139246487983
-0.0955810769185782,0.0009530254712063826,-0.00016826537767687666,0.00811410237389358,-3.410006929007091,1.5447215691897722,-0.001075391161244534,1.5099032486605988,0.03750808952444018
2.7072608929428483,-0.0008432328217001317,0.0013227475667909744,-0.0017223883107108334,0.0012600483956792773,-0.09440437026409493,-0.033626077400009065,-0.02622119143384332,0.0034618695625313334
-0.0366353792867361,0.03649766752630579,0.004097676467116551,0.03901127803802157,1.3396040567530862,0.0360263727126224,-0.006107591095280462,0.7052185927948466,0.009324424110085015
0.003997246312752403,-0.0015722734736827596,-0.0060567823619459065,0.9514239430117609,0.9664299959792543,0.00782911992826046,0.12913855217787173,-0.0001684959876632544,-1.0331489624196069
-0.5158257755484105,0.004908473436984347,-0.008659748811833505,0.006757868916788296,-0.006077152353823868,0.15793736334248704,-0.0012242514120462452,5.817639023553216,0.007171876397487009
0.00809586893764465,-0.0012167127993304642,-0.0013334435551385984,-1.8404900143043073,0.006866509895394897,2.296403094420449,-0.007083500447348068,-0.02035979649052016,-0.0043832893912633675
-0.0008495305259618377,0.009459149766677897,-0.005786492967881986,0.07630274181406912,2.076121505575482,-0.0005517569402704921,0.010606927646398357,0.0038069232194150645,-0.08443230566436821
-2.040711163613697,0.001853365423068967,0.002594444354270295,-0.00129307294809368,0.00016046607577174452,-0.0029983696568779807,-0.005540199571684095,0.0021617437186601104,0.00977574194748157
-0.9843152162800034,0.003602298840203171,-0.000414610210721875,0.00016953747823412942,0.0005418534296118792,0.030768561596493854,-0.0011149376363881087,0.029929632187174895,0.01135403876548563
-0.0005041011612596175,-4.771302776353873e-05,0.0021383647854048035,-0.0029910481597965003,-0.0011012719286580704,0.0005225173308100209,-0.004642936593278897,-0.0001221143309212354,0.004436136807723144
-0.0008101073297221619,0.005368291040995853,-0.00436096060598587,1.2728077486300404,0.802469339242507,0.00022187988859192608,-0.003177605448236075,0.007269160326877293,-5.243439965495547e-05
3.7830924389800082,-0.7099758912336573,0.0010573619750986057,0.0067663071517300236,0.00010152726170786774,0.0006192294742402463,0.015183764951999135,0.013065402564757786,-0.009597119326881343
1.4882881213852135,-0.007312178343817075,0.0019889801652966457,-1.27909534694087,-0.0018837887684668153,0.001883049886857232,0.00030869452512664137,-3.9134126624759444,-0.01023062319871082
-0.0003982547886238093,0.005904045264233091,-0.0018426299520631806,0.7597381515758075,0.07611046768190251,0.0015390383015749173,2.0181860917647323,0.005026302629392472,-0.017588913659851046
-0.0183030783433541,1.1879923683439884,0.003561115790719443,1.8028338665824017,-0.004967637756288854,2.918469069638102,0.0024797952235578458,0.15387184982577895,0.007388668525012909
-0.0013376480834804828,0.019149790167538237,-0.0029439968482392357,0.006886078754174453,0.0009177061341869751,0.0002985490151181532,0.0860154907719399,0.006522934033800403,-0.0018384790719452684
0.002769394472098559,-0.019969155041178074,0.018019095168754447,-0.015711139233101582,-0.00023221060098537459,-0.0034576988656534447,-0.005357794052978903,-0.023737419301786834,-0.0006521385563795308
-4.113337571228384,1.2172182083580119,-0.005669255367263412,1.694302895019744e-05,0.0035756846319300456,0.005167961674214978,0.004402745784912614,0.22481327193886386,-0.002257402939565001
1.8441244955796232,-0.007269779849776916,0.0013079662228860922,-0.014197340231617124,-0.0036938222893141068,-0.004288812983260519,-0.0072705012164465885,-3.153586801856556,0.005939933356697014
-0.01812379509618149,0.0016887622698598254,0.015543929200603941,-0.0039587200779879796,-1.4560611599812654,-1.9740977967965925,-0.0033141299765660857,0.0036122030722467897,3.523601228663394
0.0032033495994510937,-0.048016936504943555,0.0026228087559988936,-0.03050021108511232,-0.10673220195946437,-0.3396693466954323,-0.008228694862284535,-0.2992420355891331,0.0047982364192803145
0.002251619209475957,-0.013149679370098121,0.0060491647774943615,-0.3132245918491414,-0.007757464291454558,-0.02538967985920955,-0.003911385312279061,-0.02984042818848556,-0.00035223202276654056
0.5221043479496277,-0.004221328168985818,-1.879921660243392,-0.0003783615807389368,0.002069652828367103,-0.004644811663755808,0.005219570097773422,-0.017096694906655482,-0.1494602153176332
-0.22736992509419007,1.9699836336127077,0.005452497306895418,-0.012068627694057914,-0.022986354029514943,0.004845353778796231,0.25075555424244034,0.029782128677913994,0.0680879418921932
0.011068156325166348,-0.8598884513870726,-0.007859434035029658,-0.006114439680123276,0.005364150724477244,-0.004569265786843954,-6.023256350348638,-0.017257393761877238,-0.01544556157430918
1.6692688510652922,-0.008917299700917519,-0.0013705667311920983,1.3743561783479201,-2.303453807487937,-0.027315106079268396,0.0023565433785228684,-0.016953377182354405,-0.010722450149841148
-2.007670848185738,0.0012456510927477877,0.0025575763094093235,-2.7435211361850094,0.0014419237340904667,0.572380198463347,-0.0014738844039902804,0.02895766673784913,0.020952857538794722
-0.0019366345794647266,0.02969131403868805,-0.0024751084149014276,0.867542822220141,0.0689476575667278,1.168986940214123,0.018368030273412793,2.1988052216980822,-0.015837176372653278
-2.7338038510490086,-0.0013599725008576627,0.004335101262109828,-0.04700680051270206,-0.002822367295877804,0.010723195134418436,-0.0032070275014741516,-0.005013022537320097,0.10998146584615998
0.0002884914567599411,0.0015615056172213564,0.0015310928729894515,-0.00018788509759452637,0.010155828904600714,0.001354535239991129,0.0001702236311310169,-0.0008335641522455384,-0.004116339733429841
0.0027456648837735874,-0.0020769410424444907,-1.0046252816374786,0.004575092203921752,0.002071000309181165,0.001617153328592317,0.04821504629450217,-0.0013328706500126616,-0.930131227482506
-1.2062847643597339,-0.0019337493378575351,0.005072830672646252,-0.002384474050973093,-0.004600773776722692,0.006029294026095429,0.002958827546483255,0.01619839306951486,0.022483317009317744
-1.5467286422805466,0.004018093476441704,0.0010530222883967238,0.0004661140901189541,0.0045357536275086804,0.0032106727087678946,-0.5041514900664021,0.015241180038556096,0.011040261452300859
0.0028367583218701156,0.009921450443201637,-0.02695334547698021,0.959127340425823,0.03319240680476438,-0.0002145134362519993,0.8748421017468323,0.0015798554422632588,-2.408315387659933
-1.7320739655428823,-0.0034170182475053486,0.006514677868393853,-0.003218139052712023,-0.0038285098823438793,0.009862384913082016,0.003655477309375453,4.0476133281327,0.0689856933905395
0.012567626284661251,-0.004538136549215703,-0.00016865688655939753,-0.000574488325511864,0.004081633662601085,-0.0017248578544966156,0.015396344128535983,-0.00692273446274784,-2.346507305769338
-0.006776123750709791,0.029192076822294605,-0.007934860837347254,0.004078497305655281,1.8426854440071063,0.022206122561692635,-0.0002524221877913512,0.021572718609890427,0.010061991352571326
-0.3752022915520026,0.001733351502931782,0.003913937738448953,0.7917055750237495,-0.004635455948325412,0.01028337164727693,-0.007244370055356427,0.03407983948542131,0.016191506480902763
0.0009082266237769934,-0.019842568224542837,0.00469223465686348,-0.8448845149280068,-0.013499024805436537,-1.2566496339107085,-0.005198550459653986,-0.016006552762176357,0.00997535644820572
2.8698275626114684,-0.0076953439800027945,0.0007479795589775753,0.025919381821306042,2.3836303635883245,0.0007943964092400474,7.033798454427354e-05,0.0005174215980877639,-0.015076257759263578
-0.0013550640737919142,-0.3707559949053129,0.0644895876826486,-0.158893496407861,-0.007807011017369381,0.0041345087272320995,-0.18635939751527908,-0.0007207492586564844,0.021269359711326936
0.000257105617690977,-0.006880610755474556,1.5842519470898444,-0.010323136961898422,-0.008233854593297018,-0.0007187339551214551,-0.004510764355410382,-0.0027294513197787477,0.03723303730359934
0.0020832658331412955,-0.04410955229352724,0.006042065945277697,-0.008819839666876878,-0.016537470624445806,-0.004362173996626369,-0.4409801028784293,-0.022715886797532,0.0008153839590662668
-0.002022936363015359,0.025363683215496226,-0.0007976109898090317,-0.0020192495646288882,0.4684378782385807,0.399313601889739,-0.00360701873168264,0.006048332804396142,0.0043683171802079935
-0.0010516968112730747,-0.0039790233687901485,0.003851373212663666,-1.0194095341736016,-0.004613960636151181,0.018670371412639948,0.0007029955238687935,0.0028104511415966513,0.004682435883763656
0.030595446960715922,-0.0046988397578564545,0.014459379496195808,-0.0018617367884791944,2.922969342343206,-0.05277026941350407,-7.421543457775993e-05,-5.355729312517357,-0.013359413791188102
-0.038240055653751215,0.005132718086980587,-0.003453454879693338,0.0009227785053816974,-2.481293277738332,0.9134037949119632,-0.004226777793775518,0.12158581850219542,0.10758353346688532
-0.00031950392148379254,-0.06428459715998154,0.004291300604978971,-3.5111350587990016,-0.00980378812193889,-0.0012211799029725396,-0.0346130372507189,-0.0007133389393971204,0.006297568316806817
-0.0015439938831960784,-0.0005579145948300269,-0.0035752767324487207,-0.0008776362517729725,-0.5355951346101816,0.798608704053035,-0.0002998393214349994,0.0017740601730128849,0.005294678330284526
-1.115433586989529,0.003243050172530962,-0.006809581049107345,0.0003722285494390089,-0.0014316202369750383,0.0886225088604033,-0.002933040232618306,2.5933269987590886,0.01321838246074511
0.45789203805573275,-0.005792704555842064,-0.005086237890684103,-0.002665187070924048,-0.0012778899633118443,-1.1006302716950642,-0.004243492416822922,-2.0624721696489754,-0.004069868941813298
0.12401116528328716,-0.0031153669931736788,-0.001271332050135866,-0.0035998837970258562,0.0041913801727114855,-0.006744085251467405,0.0009224683772934899,-2.961265394851979,-0.005524620166354799
-0.6410640389307346,0.004644767117186017,-0.014712160154489728,0.002745957808418787,-0.005377604393224399,0.016809611131539025,-0.6541248866608635,0.029604988016977783,0.028247053734541755
0.0013696671031608928,-0.0033832401619647047,-0.0016756964822475262,0.07762814718139188,0.008725161630811003,0.002965992355188812,1.7821919040838223,0.0005405775105264375,-0.051355065245399734
-0.9251701418037084,0.004454194860348304,1.2613330909456102,-0.0017053760579407579,-0.0024944947844131385,0.0030363383070216078,1.2437215137131592,0.017511702155106827,0.012433491675588132
-1.7917867916769339,0.01631045959727334,-0.011096757841538088,-0.016502779908503296,-3.6965624647564965,0.5291210240135042,-0.0006417292713664139,0.03160319099065445,0.02537594906191387
0.0002829894340731873,-0.08754697089780948,0.013410590287622204,-0.9980247374412871,-0.0009555084828363333,0.0037773518880366893,-0.003515064907592713,-0.0045086915537810215,0.003330964435327669
3.470561067683937,0.0016582138852995598,-0.013662392490868633,0.002402195687606484,-0.0011214178685878262,-0.1016544055028954,0.007570115042858448,0.005074002518172128,-0.007908049928396887
0.6668888444333048,0.0007365770048478712,-0.004275662896256499,-0.00045519838230497487,0.002773748404402106,-0.026855936333360367,0.011781913421958964,-0.01100974386096356,-0.054322479697249376
-0.0021476653133943105,-0.0030465683798351064,0.006476812628813895,-0.5153359214888016,-0.09516805736896308,-0.0010590482627540476,-0.005518574477920396,-0.0012208646197589684,2.8645100425191656
0.012054994131800584,-0.0010310199874516797,-0.0027012845437451895,-0.0009245189263074108,0.0027039401037290967,-1.7033030593334326,0.0037348132780536843,-4.91614230806182,-0.012040923146341198
-3.2365661617534505,0.0036911434314987716,-0.0044188614598119555,0.00313271871871491,-0.00011253011467763502,-1.963818741697776e-05,0.0009664180960681848,0.007758090836092768,-0.0021763360157348033
-0.00892777925060533,0.041749241949325104,0.00034594037815124977,0.0024739292888878253,0.0034384573038440986,0.1887608538565229,0.00011670761763366109,0.09201047754569373,0.004504721318197901
0.0004324367352726272,0.0004696600309126849,0.0009769142206748514,1.3302693989046765,0.026787936153603274,0.0025350529986326183,0.005076161473051059,0.0014995496841500964,-0.00637231338303647
-1.5515688406212849,0.002004713604609775,-0.001314361212129956,0.0036218799779694165,0.003377516680352296,0.006913276852188647,-0.02459117123129411,0.022740497349647473,0.008532299284834954
-0.005173111130220414,0.005302853484533894,0.01192249301500999,0.5462077910596466,0.01437385800367524,0.004387719526564578,0.026039205700110583,1.7343570444929295,-0.0023409396898198057
-0.004935504628483649,0.012295452293771358,-1.5162020371722644,0.02954406257355975,0.004035270557232052,0.0025976196019514984,-0.018177871356656522,2.6587887296544155,0.005033403125471868
0.009523987326702852,-0.4785048065219993,-0.0011442017574985301,-7.709955401989817e-05,0.005936735807571458,-0.0021958944346080382,0.000746584748440923,-0.006820979376888079,-0.00715142191791931
-2.580106619321143,0.0028605981218070295,-0.003987455197065573,0.002995013681633362,-0.00040808470727730917,-0.0029376742935453126,-0.1789308870134862,0.006029794675708751,0.0009166259023801193
-0.5983888829518219,0.008361947095400725,-0.00029299161713317035,0.0036420608082368194,0.00014621140410374378,0.09018385795685925,0.0034410521292333254,1.7387726144739453,0.0011634439570854527
-0.0004959219848793856,-0.0009384569811529275,0.0005317727903276979,-0.0017896954592677525,-0.0029106468406903956,0.000545290344788661,-0.010536103754910561,-0.0004182080631772073,0.005701349207939995
-0.011470785000082126,0.0014977076169779566,-0.004214278447864907,0.0017705988390913853,-0.05343767227809536,0.006182490281844196,-0.01204657753295937,0.008966605417005995,3.4819605115677748
0.024170503019234922,0.6881163809559534,-0.016834916059171853,-0.3083998943948039,0.010557059459736989,-1.2369410106557224,0.20961286868278545,-0.015595341435698094,-0.03837073389729086
-0.0011230695689781033,0.0013410199296111315,-1.2269716670955573,1.9296801792887126,0.00203632026065732,0.004947615947664307,0.00010506523649379124,0.009080385123481922,0.00015512368484591615
-0.007539549694207469,0.0017527936081886534,2.302004754157478,7.861784442988323e-05,-0.0024923353812050055,0.004136736779909885,-0.024458109173741735,0.005433839135939245,0.1964339986226995
0.20521571839871083,-1.0384900356600575,-0.004098006430656704,-1.156317647920165,0.026465361124268248,-0.005317064438357551,-0.0030574421804679744,-0.03875650506894827,-0.00545768920808893
0.005428404441825678,-0.02319361479539363,-0.0018340358173474253,-2.0588195536901197,-0.00022962568526423838,-0.01580531776905796,-0.026031989414522644,-0.07955583116240306,-0.003971573576997824
2.2277578882800517,0.0013798705175414594,0.0011596172077700875,-0.012404947014837242,2.897130150101974,-1.0609987265730232,-0.002565465011949786,-0.4709734063373965,0.002731109470599735
0.0023788460223259,-0.004984951260569957,-0.0034056221947814085,-0.061240337961903424,-0.040110408085754834,-0.0025571590900998276,-0.45747581002436755,-1.7779139880521186,0.004348769603623286
-0.8268000077203318,0.007412273344466326,0.002187281183028902,-0.0021442676748307053,-0.006238064214554166,-0.0019096133315438133,-0.6165498994152729,6.823387553519383e-05,0.026629146624560923
-1.4579053343241617,0.001132372707988315,-0.003493359119206677,0.016930284840390945,0.0024126094920508302,0.06676090420909311,-0.23913070975275136,0.2928483664746278,0.002815028306207834
0.5587566626290233,-0.01922717379562389,-0.0055223919111788,-0.32281337557926515,-0.0023562441752450316,-0.0019654589064075694,-0.778413952657345,-0.07068784297667041,0.00011210293037070863
0.04495547755537915,-0.0029698638172239566,-0.006304572615716229,-0.04487433793305727,0.0050604741303114445,-2.9380847242140455,-1.9674783631932116,-4.223914792148245,-0.0039005337694809628
-0.0019520535091016211,0.053300866093138013,-1.2749707185279688,-0.006109762857791436,0.00031729326049914305,0.6557214839964582,-0.011451605461312957,0.0029055731575003308,0.009213321091516789
0.0033217552293600544,0.00017501005857743258,-0.006186232454973169,0.0021233880985893176,1.6579452702425919,-0.0022981542236540607,0.78463923598025,-0.002637545494822858,-1.217913500119053
-0.0011753402494723286,-0.017028797258305396,2.5467724261400972,-1.910959353975533e-06,-1.933274554896521,-0.00017101889810373916,-0.020115211248031447,0.0008071474984312418,0.4182625189090121
-0.00055384454368937,-0.0015275978107128268,-0.0004726657133147,-0.0005209876353814422,-1.4321082986296476,0.003110140458061356,0.9031114877457008,0.003228724544999626,0.007910236376860294
1.5469363956640891,-1.255371410057116,0.07174485068268238,-0.014514260409253184,0.0052310682363569255,1.1550608086712761,0.003898632613268827,-4.181396757021913,-0.015939616287149405
-0.0023595520561980037,-0.0013294374593804039,0.0039122935178534405,0.0005071526620364119,-0.055691055782292755,-0.0004772261826367357,-0.009285316940083966,0.0030950276291288486,0.01460232697431875
0.6509154690025344,-0.000514544374558829,-0.0019213572350619407,-0.0023070251292769545,0.003753026991575306,0.003967587281314873,0.001583318361456829,-1.664607379362719,-0.01889062311185799
0.028251810524532565,-0.007833466557270895,-0.015670504917848976,0.8961976792625457,0.0057596879038003005,-0.0018714065009652243,0.003268693060043298,-0.018379583460476565,-0.1968366130268696
-0.008935962281894295,0.01271923538429926,0.003838551450640276,1.7756797391669563,0.009209196780459132,0.9575077977732579,0.247559339297181,2.393657318988074,-0.0037813886823952064
-1.151491307756662,-0.003431045436777684,0.005329908293788686,-0.00071398062443076,-0.005084183046524023,0.0016729522960855434,-1.271192832858332,0.01829301393413542,1.0735163846891922
2.7567424878671773,0.969542158482585,-0.012661444031614205,-0.8862286109269416,-0.00461549729084737,-0.01176848701005436,0.011121454125893444,-0.01852226700460196,-0.009769383039553436
1.038182102157641,-0.00170794956603465,-2.395732780015666,-0.0021405418570344947,1.6508742412375608,-0.008627728411922428,-0.005212847997007124,-0.051866068512199326,-0.025296665940028995
0.06524586570987895,-0.3135198968317954,2.0184801270927752,-0.003967465677764563,0.012514943204223056,-1.2962311696983395,-0.8657398734992816,-2.0536676779922303,-0.0031853700450832877
3.493158057028305,1.016294836333397,0.001541328249082305,-2.166296638325159,0.26192027695471,-0.025065547394764437,0.010940738494393802,-0.001227386588920569,-0.025509813252719393
1.2197323333682393,0.0037879981326348795,-0.004273306655157145,0.0015637078619482447,0.004499663898591478,-0.0008464622510328378,0.009220360967286125,-0.010531197486654525,-0.3736806085141391
0.00030420938973489773,0.004141605336826951,-0.0034120463629121163,0.010053777627852794,0.02992840317175409,1.300003826286235,0.5726671625087398,0.021343866709783832,-0.011438695664117676
1.401832469640256,-2.5323146632924356,-0.007571752793689832,-2.004498312817946,-0.22823184132115587,-0.0015202106649384027,0.008984073650567949,-0.0754403384309167,-0.02325781776915614
-0.0011872801632316857,0.006820440815293069,-0.009392250615582994,0.007548753287601177,0.00522338723629364,0.004581711111513918,0.8661082945267518,2.372081235898671,-0.003185426891307625
-0.0016109915253737183,0.0007640064948041329,0.004650930434308443,0.000628130427483533,-0.001317764946474706,0.0018456017926757869,0.002235258804281679,0.004133986325129738,0.004368743052590566
1.533539374037761,0.0017771096557265692,-0.035788972084680515,2.3374916918386663,0.0021808735637611487,2.544366363750079,0.10631609346735721,-0.0018535411125164478,-3.787339061592448
-0.5212179490969173,-0.7124024143170029,0.026376391671283986,0.5514724076906948,-0.00582383550381654,0.004557988979328247,-2.4044006030427427,0.023396867864223885,0.044402531347356555
0.018975978905376896,-0.00434608439506344,0.0025431950959947693,-0.0003059192243212508,0.8819469611774223,-2.101012548671042,0.4145578568609,-0.019126172508552343,-0.026326253334656657
0.0038655418537563062,-0.00011380564281148189,-0.004024862776869827,0.024044598008477934,0.0039560332990644966,-0.2542998785253272,0.009070295050982589,-0.005680243407409026,-0.0368934963373251
-0.004169740535364797,0.0034815164900683327,-0.00665115553823612,0.001639781514528961,-0.0013195551410748413,0.39745942936227874,-0.674351600986431,0.016970086559791323,0.008836128688585382
1.9008185487874183,0.8222917044092446,-0.008739590031951378,-3.5011804116150125e-05,3.2449922452829743,-1.2413669390988216,0.0023548362353817617,-0.015413448277314029,-0.04314565428697992
-0.0028207913969407333,0.1904128142007112,-1.8966516461064888,0.0012228885980539797,2.8625931069281628e-05,0.004265319405890515,0.4481943852313648,1.7594588354673923,0.0004550915458773619
-0.000345644724028692,0.3905110308103371,-0.012266579303088115,0.9541093376401831,-0.0015436500875234613,-0.0010497297737305502,0.011735058929564952,0.003369796346797295,-0.0037524057689033133
-0.0015602668672277525,0.024710414423391745,-0.4599746178270843,0.14602156204705868,2.4151660902282397,1.3641987655163579,0.014249168706089246,0.06228405590637615,-0.07282838217037962
0.00549270888367677,-0.016716210139348403,-0.002380158854513637,-0.5250647877695547,-1.3074980775188791,-0.0008577784572279879,-0.0012518650371790493,-2.4807645022198797,0.0023249512978874834
-1.9939069603023594,0.006342161355573228,0.019105745107242667,-0.008123549258209097,0.003336766031117433,-0.0055372427954814615,-0.001874495253697107,0.0002141034025853559,0.006044183785671009
-0.0035417707705775597,0.0007563583348762642,0.005010261982774327,-0.593193049509314,-0.007337883742136034,-0.000150285802319218,0.009083849914627668,0.0021684507564557476,4.770153435557894
0.019573282861243615,4.396339721693572e-05,1.2052209848281688,-0.032380347107737746,1.1855175998482779,-0.20600153489926037,0.0003752208267743841,-2.8299672724592324,0.0007907786618259333
-0.002923017535150882,0.005688541027982632,-3.7305635458184634,0.04647488603356334,1.7059878843002836,0.007614792853320562,0.05567841335048202,0.011609564976944035,-0.45746188966587464
-0.9516845381049789,-0.007365499292330758,0.0005945990821953212,0.007177072457157034,-0.004534669219259491,0.0003697358516515334,-0.008376440438298435,0.5543349346324754,0.05338735063854105
0.007374513691232525,-0.0033434763961602285,-0.0043291516529335725,0.0021760688526745973,0.0068469864764056235,-0.0046288625376921,2.564036009156057,-0.007921792385005282,-0.5796821264720671
0.0038947337610337612,0.0003577145799497257,-0.07160827989262478,0.005319663960215906,0.08238495467253129,0.002453474823534349,0.002434367490866032,-4.292241269761299e-05,-7.358878261185448
0.00370914353622865,-0.003186369746845226,-0.006507779073701007,1.9138052313501692,0.007567232205377791,0.0016817641302249945,1.558593991200921,-0.0008708981839844962,-0.026823718389549334
-0.0007394388905586362,1.1931145918946164,-0.0028991969086886392,0.016314032450897988,0.031651806162368734,0.010252700155308903,0.002868706250181846,2.8876958154056918,-0.005853863467273804
2.381914730572152,-1.9083487222908473,0.5384530584043603,-0.008277437755534989,0.002073585627867962,-0.005507666953737348,-0.003170663609397286,-0.6616066954816979,0.0009141116609645561
-0.0005495729264248371,0.0011637760333511364,0.00036442225733991364,-0.0009938502411370451,-0.0014261007180327875,9.474825080542277e-05,-0.002545217280890312,0.00015244230750137728,0.0023555458908082277
2.402974901259316,-0.0013283461704990793,-0.0007265648228397432,-0.0003244578117483489,0.000671593846314069,-0.16928568222059998,-0.3786672524062093,-0.021091230513442888,0.0014036726486444384
0.008915742430798734,-0.0015773659258667958,-0.004770368710233458,-0.001707429818006608,0.002326815814540095,-0.021438711605060286,0.003594286519851172,-0.07644710951083929,-0.03304706501409518
0.0015649878857992624,-0.0018351670077401219,-1.0671237968949938,0.006009761563642041,0.0027724814698626217,0.0005711999186276515,-0.0012454964862798018,-0.0002950528522722741,-0.014548416433959863
-0.002443353527878594,-0.006194528651414644,0.8212320263335319,-0.8502852704446504,-0.06109726929761507,0.0012710823381915865,-0.04070249028186324,-0.0008751707180377107,0.09206758725730887
-0.004599969280936804,0.00225843108250788,1.9923064127899779,-0.5016514834710505,-0.02665255394225792,-0.0026091848160869884,-0.025661935469352748,7.6321459224378e-05,0.3981935420734115
-3.2371970701768196,0.5802691336521163,-0.0005925551872049337,2.5395242409974745,0.008943150644856256,0.0024429799689466222,1.1812234076882036,0.11350880568916547,-0.01130535037203495
0.0012327599144486903,0.001584583466306879,0.001697701582096057,0.001255747790553501,0.06035511623779068,-0.0011874029459666771,0.003205415943114756,-0.0005928478965281786,-4.609014181970593
5.310123705100197,-0.961650127513247,-0.0031707877286244746,0.003465229464396454,-0.007313767644827468,-1.2443782533255796,-0.00599409776783795,-0.011462701184833037,0.008575364720958767
-1.4892775182940303,-0.002601632114085938,0.00018001748150715466,-0.002305870025920068,-0.010951842341906742,0.010403234902854781,-0.022222231958839808,0.0015043410264766709,0.3868836540659837
0.003910898809127341,-1.116156725117516,-0.004812970182141749,-0.010553126411458547,-0.07314769813277233,-0.00653391512908086,-0.7355719351844487,-3.064954795867147,0.005267915487926683
-3.3291917810061715,-0.0027938726134970554,0.006274413185508386,0.0020510179893444666,0.0024858116026629518,0.007321766658221258,0.015602733369752458,0.18697337808626785,0.0009782203352813323
4.688229411094774,-0.016987186034087692,1.4449948027198012,3.099693040449533,0.020766506776101423,0.003543537709461364,-0.0015968599593350757,0.014681650976809901,0.008195332492071383
0.0005573587270005689,-0.0010847658624833795,0.40042632956912727,-0.0018842967867731754,0.0010398073957454822,-0.0012566899743702334,0.00014246301835756773,-0.0040860988901985475,-0.0014233088693467602
2.9017190721146116,0.002324998898423969,-0.00017644440024605634,-0.004918653760374404,1.2183784234058734,-1.6261981347317136,-1.6183183819684086,-0.031966233344292994,-0.0007530641958791717
4.474944416807794,-0.003845816884475172,0.0038561019914428174,-0.005255703104038872,-2.087856181230244,-0.0026228297193136695,-0.002217316186597309,-2.14835406028965,-0.002957896917391345
0.06755901076241194,-0.015984386380716836,0.003973064336603268,-0.32611015508537,-0.0032673786553799183,-0.03746176687807565,4.028218958307606,-2.6741834820510615,-0.0055956041336489015
-0.00036110659486970854,0.3448916614479254,-0.002623934664737105,0.018402269072017547,0.033036042348468006,0.00030561733008059187,0.0025123338099182968,0.00512943992399435,-0.0047452919772545685
-3.941301251283628,-1.3679942708226163,0.02957461515043658,1.5073454973466927,-0.0006957703342477667,0.0012405402382756501,0.005216665071519827,0.006002714686547983,0.00032294584329184417
-0.0003257734414375442,-0.0029137658738783885,0.001301027597005019,-0.0030913398529497944,-1.0427514193514196,-1.1134036349276366,-0.003236266999272076,-0.001602392197564378,0.011102100672622333
3.9086950574432566,-0.0074529724205459474,0.011891867968724795,-0.0017432175516421955,-0.007389279173180191,-0.4001525664616703,2.229982696527098,-0.23862652514673943,-0.00496613733659701
0.00106187508852147,-0.24598409716061503,0.012440219484905925,-0.04237157545249166,-0.0019421811512855217,-0.6133565524505901,-0.8464421454418537,-0.00968304398103643,0.006842325075432285
-2.6374372664278063,0.014834714837471345,-0.0027205386880065074,0.004325978617675974,0.005233984387940052,0.0005448937647264394,0.0026319545498405643,0.022058732946413674,-0.009703281130692298
0.004748054472870629,-0.2681696399146528,0.0006508016856710749,-0.13237538445293062,-0.004726025143583515,-2.387550105247864,-0.5919295551444643,-0.05085262113528277,0.009040349295501127
-3.690139511334865,0.0007541824116806539,-1.1659869437756774,-0.0036001007485092842,-0.005159537983883966,0.4750657438302903,-1.0915621563169826,0.0028042268606592313,0.02391892385981298
-3.091246019929499,0.0015969742725857761,0.038931909046976076,0.005825011092921696,0.3743723336276009,0.0004720292428820826,2.108046008750123,0.02390226808701968,-0.006013892431995627
-0.662999055936377,0.06223977497391433,8.285140936290653e-06,2.9911399565787593,-0.0038736852652378004,-0.00869188632959876,0.001025304860322776,0.11055211690961257,0.012827036904712347
0.0007227626598512431,-0.003613414986079897,-0.0027072150521790543,0.0010920314082404183,-0.6466879489255288,-1.2073458495652134,-0.005820477068213861,-0.006920514348389646,0.0034116478764754828
0.058731937387147264,-0.00405373691079423,-0.0016305283217901828,-0.00357053144423465,0.0015952333593861926,-0.008569697951464818,0.002590056288369059,-0.04345427862714456,-0.8746025686895043
0.016514191655337282,-0.006220795073139873,0.09266487270328302,-1.7892669974556936,0.9229512229586314,-0.0021306328015809617,0.6625210440958179,-0.029722900702406546,-0.03446691690517367
1.0881240644012489,-0.008464646034769522,-0.002240737458160641,-0.027542441920448125,-0.5734588913096529,-0.0006495931028065099,0.006069867430330055,-0.027193575231716453,0.000920800346381534
-0.044866247691736194,0.006637788740592385,0.0034601291512482385,0.0032538066840623473,-5.9966740134624e-05,0.008235480230362451,0.0008993363431620858,1.176655736774713,0.005813039575479191
-0.0005559216113610709,0.0033347918834562493,-0.001271041962793905,0.3602874440178312,0.3142873474179646,0.0016149929244349106,-0.0027932506893015123,0.003953530320599525,-0.002470410383093863
-0.001170499818469087,0.002585465748452649,-0.00016114884164352208,0.0008467631320426346,0.00030939097879101665,2.6508927274997016,0.0460620286853531,0.01370829664089553,-0.0067192661054786
-0.010661940075072665,0.003846706195062386,0.002337768507755733,0.001409780124294659,-1.0778812475373358,0.0054197041310712225,0.0006704036173842703,0.014068517122509602,0.7414814453529668
0.009056514645963389,-0.0031031656166918397,-0.0014856404013228167,-0.0010627061445948136,0.8535840566575759,-0.04287912855929937,-0.00469523056375177,-0.01391445155989873,-0.04741099005843971
0.0008072757978049897,-0.040267450037187645,0.11639414787774464,-0.03109517477291164,-0.0023142546801511775,-1.1139308912005224,-0.08276167836743042,-2.6106226634170184,0.011201166983738742
-0.0017354780721170438,0.0019575779369986833,-0.0009812978697137783,0.0001723628835670886,-0.00282336381598921,0.0005210922083433372,-0.008020437189317643,0.0042937317558889776,0.007778471183141084
0.002777612474820841,0.0014935358537008282,-0.004596424646091213,0.0028090406541872257,0.9261597763610806,-0.0011198707283895243,0.0036759290912454414,-0.0036007227394551367,-3.746048277926934
-0.0008358930641635849,-0.004003792514094045,0.009021606203787466,-0.010874420550483332,-1.5410101115519834,-0.0015020562440206248,-0.005918015503153291,0.0004165990913594861,0.2857079334763166
-2.4101309322905173,1.6142515853772157,0.004442001710755997,0.016110323525151682,0.0246811605569682,0.004222059860382127,0.020806039977256933,0.34534876770001866,-0.040979311936065965
-0.0016145845871292225,0.012667964482827521,-1.2201589817936431,0.27205805112897674,1.6746748340944246,0.0021509104061453663,0.8419935274884098,0.011554709284973222,-0.21238073509921573
0.43135001963815006,-0.0008720595860424575,-0.017772745901441532,-0.0006385804457957149,0.0009963357226585139,-0.08864893368042771,0.004054177249634314,-0.012425256257716528,-0.02366508970854224
0.0033055791505529966,0.0015761604067399515,-0.0105057871718807,0.0015768162366704935,0.004862898676988434,-0.004797546171273771,0.009717634429066955,-0.0016962763184591098,-1.985740780158876
-1.3928472931104692,1.6118056519207922,0.004654284249772294,-0.001399383409966118,-0.00015702108945924147,-1.8976584681087993,-0.0030338142077746483,0.011380850481470558,0.019960157668199807
0.31558797675933437,-0.0011331325984869764,-0.0028922429871123985,-0.0024448315118081026,0.006254768046635215,-0.005052746600292953,-0.003107671334909346,-0.02019271105159795,-2.6699902423162736
0.001436734851523288,-0.0031919417988537347,0.0025967659939136866,-0.006048986967920545,0.0005484376051022801,-0.003410282604740895,-0.8912003134925318,-0.006327864830630017,0.0002698348987148144
-1.0003761426697253,0.826744374305081,-0.001547647758050566,0.0061103694126259135,-0.004327250739928779,0.004099199178225686,0.040458851929797174,2.470003961595152,-0.003528318092373417
0.022456096946749576,-0.005008905994674441,-0.0024295303302253094,-0.0032032398698766443,-0.0022082932747909184,-0.00591888479348629,0.004405376614213998,-0.01832291897487688,-4.985758248632175
0.0008709776298985467,0.13209343477676277,-0.6957200033892261,0.004571087372017307,0.025125303294525017,3.59998308492402e-05,0.00851697868328759,0.0029765808902979963,-1.1128317880347998
0.027172562127258864,-0.0008953780592386965,-0.003793310387166032,0.0007072081019080509,0.007324233171949489,-0.9589735201739769,0.015139917279007077,-0.016928195359737833,-0.019703689881950072
-0.005821017672563622,-0.7647189882951622,0.02260013170192776,-0.0021894249070646115,-0.007571091509689248,2.8411165252894337,-0.004205463572554021,0.0004896141570528449,0.018187960489057686
3.3515187893138805,0.0005751717875561984,-0.003047519454341903,-2.4038731167282594,0.001570112037320874,-0.00032036916201900686,-0.0007398554967624829,-0.008469742941220026,-0.006386496851001011
-0.011046771789236067,0.0023744645535274025,0.006483885253983596,-0.014960422790757821,-0.0030677258122933726,0.38144138771871655,-0.007279103569423006,0.009787721379751566,0.3706715903552602
0.003532827754721718,-0.004447354477853743,0.003305935739530609,0.5378174610471629,0.8723983770612797,0.0021756452831134636,0.08725188140555964,-0.00235600936999443,-2.0596175259338665
-0.025125171492180565,0.0020853298664563233,4.401444021621785e-05,0.0006559156733165303,-0.005324505968646509,0.7593173624361947,-0.003424781088829965,1.2035758720173135,0.01288468112736118
-0.423495155927343,0.032400483389227824,-0.003926145695215821,0.9252419180165599,-1.5930204973606639,4.213857328460875,0.004419685775130949,1.322415876716584,0.0013244029993971784
-0.004177485498261128,0.003420701330676699,0.002407373497708049,-0.6733403798107247,-0.012959527923175888,0.0009465188474387881,-0.15182518877545295,0.0048967961204011345,0.03822265056858305
-2.350305511174998,-0.0008124884431694645,0.007211003358234207,0.004154972689475234,0.0049578898793765785,0.02247748272096627,-0.0021219532645039216,0.008774609607195569,0.0007164368414335764
-1.7462270554526849,0.0016803909394189631,-0.0007744335475970872,0.0006109333183579452,-2.9063524662320392,0.034901313041873216,0.0013141318510137858,0.03485945544359875,0.012433274194367128
-0.2524406559136665,0.008164017623815254,0.0005974554133432262,0.001975680084008514,-0.0006862861006404902,0.3214693062570986,-0.005514482790015533,3.20502927606156,0.0026124538405685044
0.0019146137376416933,-0.0001441985721042649,-0.9030922806839845,0.004204937466551899,0.006201577549111725,0.002312249392673809,0.0026158663553845526,-0.0001024055698558568,-4.124654583996965
0.0012640581823414078,-0.007464849323148476,0.002926030340515533,-0.4297001470212167,-2.5657522980655507,-1.2374189267727675,-0.7502586844059869,-0.009772239294854518,0.012372748951385057
-2.5859609025990853,0.0338334181714255,-0.5566246197526812,3.130565037209749,-0.001268155329459092,0.0010236644791097324,0.010634130219115454,3.43753653885891,-0.0033741996356567716
-0.000154428659428784,-0.9930220849579078,0.0007795420538914898,-0.29095261459807686,-0.006863052050159536,0.00035414804776731385,-1.4451768546452346,0.00010248133411176058,0.009211327142079055
0.0021804962297893474,-0.13500889748002698,0.005816543083486915,-0.1463014899695399,-0.157223953825825,-0.005214690156670414,-0.7462625732161798,-0.023889718278810597,0.002284591032539557
0.9533788860426761,-0.004391154245287664,-0.00037496452626049545,-0.0021828392650651025,-0.003034445442017371,-0.03656655353404189,-0.0004910807503805369,-0.07619276640807027,-0.003229261004911929
2.7645830058511773,-0.0032544686330804413,-0.0032184242460790782,-0.00019880392288894007,-0.0011248078670617855,0.002648449054559641,-0.0013590139774606151,-0.0014602596135527921,0.0002582791808401763
-0.0011718475259935033,-0.00460225775435399,0.07262959826446166,-0.21953442276359703,-0.4071703347362593,-1.6349464424664664,-0.7278044394278045,-0.04192148725574572,0.016850400023627227
-0.007194896045750792,0.15615529640844017,-0.0707486238002327,0.0037271806302226276,-0.003294009747345501,1.0008287486949077,0.8868192492865655,0.07097060430074914,0.0018351543418490164
0.6129130517925795,-0.011452262254619504,0.007656294454667855,-0.0003824834541030161,0.0017174498789606762,-0.015354670866199892,0.0006523247201104523,-0.06669064882791631,-0.012152205477723152
-0.9982133357614782,0.004904452474158239,-0.0012432666610695566,0.0016887101604580474,0.00012110929509853707,0.034921273975846726,0.0015238053796105397,0.021958087890462667,0.004565837279492363
0.5872264371066294,-0.0014078448739915095,-0.0012241692532374109,-0.007041755269466352,1.0494101033057672,-2.254110715482378,-0.021331898580856302,-0.07142959463086156,-0.0013084007186243696
0.6669302189191809,-0.0031294144489357246,-0.006569918339679522,-6.008244075045473e-05,-0.002644719169079327,-0.009948851343937571,0.5410239516052433,-0.01844326045723681,-0.04092722420702555
-0.004539292112407093,0.08830039949983978,-0.016875507324696754,0.027530369886346533,0.002955683179867604,1.7037300591358082,-0.004873928036799727,0.045484353524681685,-0.0007090132602972227
-0.002690692099768948,0.002180410858488172,0.003008101436448463,0.4356695427592463,-0.00035096130717006055,0.004173140193244214,0.002124942678820777,0.017621208497552696,0.0021696416439806374
0.6711088492896861,-0.0074949295351608766,-0.0012895028249229144,0.0016839153807331837,0.004793668745383133,-0.0008120844326515921,0.006797600412631231,-0.0027620317876041363,-0.010995943453451687
1.46669249279695,-0.0020204853925993088,0.003678033242580543,0.006164555983495353,0.010175454542389883,-0.03290051511361025,0.0035287177858627904,-0.002608804334301249,-0.039221331538613735
-0.0006469794274382525,0.09493612415222842,-0.017845157176609255,0.022067895414848077,0.09814631274331295,0.004963577860736169,0.004390273424021349,1.9617679839305366,-0.008021623872789284
-0.00012004413300396258,-0.0038429790810393617,0.018816449391725838,0.0009761233693553481,0.633693866318716,0.3393593835408896,-0.0025651087076278265,0.0010911283049563258,0.00031439317359540503
-1.4353869689041514,-0.003397276035511281,0.013474750844169062,-0.0006333565036471334,0.0007740580315966673,0.6292204732546238,-0.001421348043650017,0.035492585448640805,0.018515964411968122
0.014344378353897097,-0.0003959745483526527,-0.1886374141988117,-0.0025299959987944605,0.6468313153045386,-0.0022733011521606505,-0.0003270276915134531,-0.008332766440587537,-2.696175496135181
0.0009966062414398236,0.0035215177991445874,-0.015360144033993436,1.7701027650149417,0.03511631341518569,0.003455876670780626,0.46778875167173073,0.0030497305493495715,-0.012251906431056104
-0.004626043273360855,0.002102464333928441,-0.013683464132193644,0.007462175097154095,-0.00281128327672105,0.6224426991954182,-0.004868134241498405,4.159966413229115,0.0004599648621403385
2.889162111110932,-0.018868451168851875,0.7967472107799998,-0.00030222141335214253,0.0005399317163266235,-0.021117392400459758,-0.003045289740242832,-0.014131190327205258,0.003086773596803649
-0.0005016562946253756,0.6182360074311133,-0.0018044262993560179,0.737808368688727,0.016298020739542528,0.0014149717389537165,0.0036987743591214445,0.015659373052440813,-0.003826323830307191
0.11214080475964791,-0.009190674956580384,1.178735805077018,-1.9191774774625485,0.009976517532467711,-0.6138689889059658,0.00029025081935919045,-1.4159250279974653,-0.008683904854980162
-2.0684425474310317,-0.0006346755294052431,0.004906687203638016,-0.021633264634969757,-0.024196910175443447,-0.0010321015082424,-0.9690092747827947,-0.02425402706080862,0.648197310287765
0.2622547998240594,-0.005923835760328674,-0.009388645291221128,-0.0020856582635018564,2.154648679448666,-0.0022718286818931037,-0.0030317999199884474,-0.04592820959300061,-0.034034137654285423
0.001095692896647002,-0.013192094377152292,0.009905749895763814,-0.044214863480550065,-0.00719862269149679,-2.1066671027121973,-0.17358942106070546,-0.6532120561119654,0.021508807641430594
0.002930365485625203,-0.9736011132872209,0.04982628025081923,-2.877438273768155,0.0004831591659440228,-0.005237519669263577,0.004062151357252838,-0.08603348996198365,-0.004695138529814829
0.0027584962319055968,-0.0039852013269898725,-0.0003201879957800898,-0.0013564762027265852,0.002332302360285728,-0.0008157872116731964,0.0008807737282026958,-0.00846800760741778,-0.00602106078336411
-0.014382548910764473,0.0073334761959573235,2.7227386213849307,0.04627723145741176,0.008884251002484946,0.331218401347054,1.7763742939295946,0.098511532210213,-0.00021319353190289714
-0.005637559999812724,0.05603318525423848,0.004211614845652507,1.041343551343092,1.0990605354500436,0.004905749678347462,0.015098703045727593,0.03695949983427932,0.004271202696183703
1.7241200699771249,0.004829590816087526,-2.2140153310464363,-0.025524610845489806,-0.0004492018247788006,-0.023081347782288847,-0.0033780994790429107,-0.027986186108925393,0.002952037310501421
-0.0007229988666539277,0.004253388317301198,0.000574523227978645,-2.373193819342882,-0.0024789910038613173,-0.0008576645199411352,0.00207456997043904,0.0020784626008727544,0.00013499821754367567
-0.0020580780287539997,0.0012163960904175918,-0.0004066335578077709,0.0010804960840185508,-0.002348912980790256,0.3081307611818753,-0.00066623753494225,0.00420674224014443,0.0012684340158960559
-0.001479264599923694,0.01786586867464256,-0.004209272446390249,0.008071236548157617,0.0062568634752782435,0.001334516242620217,0.021061388787964437,0.015166833526157171,-0.000825357434159122
7.948082584720122e-05,1.502497153694721,0.0005117643946873918,0.010039417010915761,0.14928196343177863,1.2646350088817901,0.5462631709906058,0.07686555511933718,-0.011705625600079303
3.165169053754781,-0.0008824452392075493,-0.0008111206574042407,0.002153163620009947,0.0004322110567469631,-0.007054612236669285,-0.0005775476274322913,-0.005495881549945768,-0.006031480965174196
0.01779551160041863,-0.006004458683510724,-0.0072558234310239975,-0.002507654645741623,-0.08905799038036549,-1.151341565698017,0.16081764211536098,-0.05524534757393976,-0.024015279731243427
-0.001077991632670957,0.05629156773025575,-0.0031525665095376194,1.9916178459767895,0.010387148871640127,0.008315429713604409,0.10537958410217016,0.01137079132260512,-0.003009565002142377
-0.014799339776461074,0.8420166177811363,0.0013987272159100405,0.026455367074433328,0.0006457401019129526,1.232908137234928,-0.0033437836043334543,1.1611821714094952,0.0025102578512776197
0.0021582048143581195,0.003943349810999075,-0.015259783187947316,0.7433565704249577,0.0020413121366633924,-0.6558063642851056,0.006415464770498883,-0.0016166451676698525,-0.01565376365243401
-0.10848172533314171,0.0034191152713426414,-0.008583466179535745,1.4052955451129345,-0.0046274910546153375,0.0035403979485141186,-2.7253363536769517,3.2683251919610257,0.06000771976243158
-1.5428044240346397,1.2811873947483428,0.003962420891655837,-0.0005406483710630678,-0.0023656922498273038,-0.0003095891789610351,0.007307213926313892,0.007783421524563584,0.007832121223168065
2.110265927022101,-0.04929427031414819,0.0045780587246264486,-0.006855032535167241,-0.0007877907950971548,0.000978852296277508,-1.492124661023714,-0.029958782550850493,0.0060456046112149775
-0.014324329404840873,0.007799061017509481,0.0025474245788579177,-0.822037314824795,-0.0034881252957643183,0.0030034665974264674,-1.1362408419754404,0.027610395384395733,0.4758249414261001
-0.060159856131044874,0.0025808261762397928,0.013526403602885973,1.0229405626267647,-0.0837372962878456,0.0011986673629538187,0.002908566604925762,0.0298033653519076,0.017535831816392546
0.006805038336452256,0.00039671586486288965,-0.008453071528663364,0.0003432610003115211,0.0033676965557809715,-1.9720105486713992,-0.006621996878092176,-0.015584320418134272,-0.008228203066442577
-0.007803503648109994,0.0169784886904622,-0.0005906293072071647,0.0009070665174054326,-0.0018446762325192573,1.7243892120592463,0.003934945286178501,0.06196125320585176,0.0015397289720250756
2.780359091569426,0.002510392838926137,0.0024236705431619765,-0.0012206746220702752,1.2337844886262208,-0.24193402937136987,0.0018252197286950126,-0.01545655690771952,-0.01754996776691209
2.63843558016275,0.02191103144926699,-0.055518202852633786,0.19788662002974158,0.016548368242648673,-0.0012414094441990536,-0.07382335507709203,-0.0027217334411493987,-0.08738985643867836
1.7400930450838255,0.0011708549134926347,-0.002270327881274313,0.004114243699777184,0.0032304857575767426,-0.004236194639906016,0.7106114151464321,-0.011012371133958698,-1.1098006053714595
0.006665399591653039,-0.0028005339460188483,-0.0024808786662531305,0.004280808736402255,0.008544278304837,-0.7871620715855739,-0.6362418608205265,-0.013370014736102548,-0.015345243021796611
-0.024480709246131944,0.0006533445488927096,0.004003979031886334,0.0067893391854312885,-0.003931854235235479,0.8047863571765244,-0.001969541514329643,0.026496044734207816,0.00881367974625048
-0.0036203293140205407,-0.0027259665246979455,0.0027804178971276533,-0.00010390002216635781,-0.024352523999369213,0.012203418171336224,-0.7829903772829729,0.004393575414782913,1.195303357452426
0.019369117630213352,-0.1668699642774016,0.008269936624628956,-0.0075254126047602735,-0.0004627968810141304,-0.0029819551069357243,0.0997137022373831,-0.6744439825629197,-0.011060221375126682
1.9651712368165484,-0.0005372777985152366,0.011027375398199667,-0.0051550084635742744,0.0018983953130387136,-0.030360707736762586,-0.0038688561310324006,-0.34631632232320364,-0.0010095294060196158
-0.005649936178533675,0.00909673088039234,0.0008602766552883767,-0.015187559216883213,-0.02806470056415147,-0.004599090372981304,-0.0006534647148899402,0.002193758969680444,2.81005112095941
0.005279772569870663,0.0007380429729596824,-0.0030014896958821934,-0.00010739450196967744,0.01954367512900382,-0.002600408156095666,0.0006223079357967998,-0.004773374946347685,-2.256213195770931
1.2288438832751725,0.010623843732039617,-0.1321100012859699,0.004476767354914833,0.8433100668718316,-0.0804994653315487,0.0012676306289495648,-0.0029088101805742894,-0.08391568926021487
0.3902673889571303,-0.001362378817717873,-0.008434055680439619,0.00018383107093371303,0.0032885488050249352,-0.003982320531571244,0.004834442512993741,-0.008420549979008938,-0.07273345068814131
0.5994742969308464,-0.0009129966413701646,-0.0014754415242624677,-0.0017261407783190144,0.0035831622558233737,-0.007118978960641927,0.004838801376769258,-0.027781520799485322,-4.642909479797138
2.4352861961071053,0.02361718391334683,-3.2319991384852766,-0.003442907570595302,0.0010207068212361135,-0.016690337180811463,-0.0009971426389613017,-0.019998814068789367,-0.016855129263252056
-2.1615293536767153,-0.0048907239549405845,0.011370100971316964,-0.006997357659894732,-1.3964614906744994,-0.0001557468493368977,-0.008786437138520092,-0.0025376211812734306,1.7738576758022155
-0.0012933734878933824,-0.0018029759015003595,0.003629798051888035,-0.00893850861026591,-0.04389970379017645,0.0004246671108612144,-0.14533601301112628,-0.0025651178118489305,2.4116273162328175
-0.0017099322565954367,-0.006690592307995085,0.017849042845055816,-0.006507527211679985,-0.004148281417411041,0.004620162453774513,-1.299385978063707,0.0010292677243975423,1.3816755902154814
-0.0006291625824242815,1.4653056050515418,-0.863104247634738,0.019418212227635942,0.0017791244766563125,0.32271223704793806,2.0511572496938495,0.007835120717280063,-0.009142710412332791
3.6975214389131947,-0.004577241222722777,0.012048267590777983,-0.006346920136399828,0.00014652027822453784,-0.00040434115947069545,-0.002270984591826019,-0.014448322705303492,0.0077396710119172485
-0.009740348937779697,-0.0008575093790285215,0.006436885718898802,0.009801653809024261,-0.004136621336419524,0.018769680841115063,-2.4481543877616225,0.027030213419285666,0.4617414395577637
-0.00425358017696697,0.005308294270857722,0.008120269035243616,0.5910020507825834,0.002043352691529294,0.0036906928980836333,0.004639446772042071,0.024343490737507877,0.0035085517709031316
0.014696310195557843,-0.024403343094008746,0.0005613085785559982,-0.0022211848394797992,-0.0006261505047315888,0.0029150747330898524,0.0005449248078159322,-6.0572663483121625,-0.00391923585449902
0.00671093832494796,-0.0027004044298212996,-0.005529698179441196,0.000843360592372248,0.006595028495907216,-0.006078472722556059,0.0016300405876939566,-0.007334297297614139,-0.021744094912135532
-0.011930520795641969,0.0010189902917129498,0.001094578620073607,0.0025055330659631628,-0.00594615334304717,0.214681983962818,-2.373917781715621,0.019621783595141738,1.907422058241428
7.105729108966097e-05,-0.008825496011799836,0.007853473585017461,-0.010374800982802898,-0.11286697235865364,-0.0019497083833919231,-0.011724163074372029,-0.0036923258557587033,0.00943981266625556
-0.000581653263920047,-0.002955256123688412,0.04359935010215734,-0.007477289883171565,-2.6992575918532555,-0.0032923542146497736,0.004647277932396563,-0.00044571935032438476,0.07335700641413756
0.001770362167738257,0.0027779057223050944,0.0036766789236334693,-0.015583284381990543,0.0011642989563311794,-0.027280814267937444,0.0016613027777304013,-3.8682223984152793,-0.0016281734033850581
0.903532516847196,-0.0029733902097493557,-0.024572476582506386,0.005114219593022602,0.001634674164548289,0.003270683644808779,0.0051952549158292075,0.0010519263925675482,-0.03153427261388317
-0.0077595502020384385,0.025990306870411616,0.0023528037320901486,0.045286982899033754,0.0431413051338216,0.004583007177056667,1.683236607885355,1.7697309171523459,-0.00023408735924189752
0.009455164000889648,-0.0027636672055767657,-0.0013605116411385125,0.00017977562322465598,0.3115842292804985,-0.005258856425013889,0.0038998745507098738,-0.006436309118991776,-0.4433300967206963
0.005334683319212985,-0.7435873887907304,-0.0023751142244688647,-0.6748871059292156,-0.004523647060253454,-0.010001574769386928,-0.02687034753125836,-1.2706206178800483,-0.00032658584324407255
-1.2676386820020082,-0.0012403682039850063,0.0038217344321830778,-0.0031345738430960694,-0.0024782329636838275,0.63850844344096,-0.006084501291429333,0.008463144445870367,0.0527232860567563
2.8618790416839577,-1.9521002788482378,-0.0013137407126336126,-0.1626788728091838,-0.00436345136909877,-3.405063186564042e-05,-0.004355030692516793,-0.05498234252297245,0.036922079358084225
-1.9377035627506058,0.0516269908201744,-0.008255125223816613,-0.00025480258848863254,0.002632693322991455,0.003942698621428445,-0.01790222344920582,0.00923090275284567,0.004310114671474297
-0.14474334159842378,0.0038836418697034813,0.006131344974094453,-1.4584600122258673,-0.008209969999087154,0.04994910353015977,0.1092455656535955,0.37515488652910445,0.3871099319791872
3.519431715598081,-2.91808326502815,0.008834126499373596,-1.5405891654392079,0.001738542830649642,-0.001037406025757956,0.009811731268849325,-0.01631869374091628,-0.004926030474327936
0.051012666281714955,-0.004821569508993062,-0.0016107506767980596,-0.008118851621495202,0.0020339657886986762,-0.002957419049207283,-0.00022476301625388257,-1.76067952309186,-0.004821071779646885
0.0015362542381868421,-0.9934893953078558,0.10917069863555011,-1.2164505317232137,0.00042996456492038707,-1.5674371566613337,0.795916179007509,-0.01022029515692512,0.003910792076270625
-0.06083195386463099,0.006191629886170926,-0.004028604335239289,0.004583985482664019,-0.004616115569742521,0.004189572967040989,-0.0021475196417202226,5.709432039402844,0.008946820342343259
-2.3751440524402456,0.002128140985423753,0.007662294756526265,0.0027767625414882326,0.003066165455566816,1.2788548354157203,0.08712120115197791,0.027718755852353283,-0.01812846465021878
-0.01070305154892981,0.002930528420488311,-0.0019607451076817835,0.005803527917787081,-0.7782666402856642,0.010593242086675817,-0.001096405578025338,0.015295259624936768,0.6300940903362053
-0.00128875467470643,0.008777921911270772,0.025778007127607416,0.0004353062769477477,0.010770172591738118,-7.322355439228922e-05,0.0009131075455523345,0.002486823435712346,0.0008599630621373762
-0.0020866260336478877,-0.7663576830711951,0.005264584588826731,-0.005096573649770066,-0.009303455539733,0.020328629080204098,-1.0377560224486053,0.003650672813978989,0.02647952579673856
3.867784830475654,0.005127110314560923,-3.205438914552431,0.026077381253704457,0.003750719200116319,-0.0045613330782026396,0.00951135595894531,0.0038592118332034797,-0.16409215825457224
0.057684790902360505,-0.001264904741190038,-0.0028360346224377167,-1.6964025907284404,0.008910903503126028,-0.004680769408816468,1.6894454014916402,-0.0535864924426655,-0.9287841227916527
-1.7841375984300276,0.001531783601218313,-0.02458414099652645,2.3260144228747084,-1.7803569337263738,0.05600757044545509,-0.0005110899681723272,0.06280011770254176,0.08101735943737376
-0.0006641601973895895,0.015867587846426088,-0.005946888507174552,0.6982962287850304,0.7761716731149452,2.5571152102102888,0.7624403205900033,0.0181767642516429,-0.038384899494502994
-1.6568351297637054,0.06710260127741888,-0.0016252453309329035,0.0004801604247940814,0.0025300467204248858,-0.6239079541967263,0.006132230324424439,0.030784538226241824,0.0002647082543453666
0.0006559501014427038,0.0006542314731058504,-0.0042513234060053634,0.0014002201296805681,0.0010754121071796902,-0.0005126914251811735,1.1646505871680946,-0.00035902678718889537,-0.006643649990704749
-2.1192743968463645,0.0026476116450538743,-0.006603321674571588,0.013526448355171727,-0.0009891945106383915,0.030669006539541348,0.004824013184540475,3.7335757770646367,-0.0016235338851883774
-0.0012996733508365602,0.02035381377022298,-0.005924572590259335,0.03675282412392174,0.7432179321682244,0.08379490194697851,0.011715731649083351,5.2889123884375815,-0.010404567827718036
-0.0012742873799895145,0.048065075068380606,-0.015497001913030167,0.002924974973893952,2.0802578809947008,0.0003259559730948141,0.00020860131328153254,0.0036382296913578596,-0.04169116247263699
3.1633025709506324,0.00040687422740508803,-0.0006485023800247222,0.0023310953225184144,0.005658684470533852,6.51241182800721e-05,-0.0033077805992952937,0.001244280208811976,-0.02340467338025265
-2.3962659530904835,0.0011963825659065536,3.0436153306095254e-05,-0.0048102948870709095,-2.3974100407704744,0.021815250850993062,-0.005790285093612717,0.0011942552058703537,0.03570456514475584
0.8157709110416961,-0.0025333024035380037,-0.010028842939736028,-0.004973532012598515,-0.0030052224100545685,-0.005888617426990033,-0.0015573733269882203,-5.470487151725699,-0.005159748566398087
-2.215196676804364,-0.00161048792967054,0.026632342369659473,-0.2109818725538491,-0.02512454353234396,-0.074290282510528,-0.001698806953933811,-0.01666119588982822,0.07607435895437753
1.9162943553853118,-1.2672731664572863,0.007811925638159377,-4.326594819066659,0.0028816449243357963,0.006202734236376219,1.5742898681824316,-0.03493753649736205,-0.026673575094117496
0.770246525812075,0.135034500662627,-1.619325811042272,-0.0024910305620002293,0.012576624354650512,-0.0030404162230425256,0.9856949491557403,-0.019132686723059872,-5.871976100058205
-1.0973051256908528,-0.0063714108845030005,0.01503128625771264,-0.00018859681180934682,-0.003066204543683157,0.0007825693468647056,-0.00490111004835251,0.008174216591351233,0.02530532546503722
-0.0003527260533257512,0.0019559924719063327,2.3213637336196244,0.9385055497027328,0.009453065874360563,0.0019579887335556354,0.010409469469329883,0.017298324779974894,-0.007843965155064754
0.06243448279712205,-3.8059004793652957,-1.7775230305856464,-0.02424020391278398,-0.0678336114315202,-0.01097433570543368,-0.05875514728584463,-0.11971078119184107,0.007536361349693876
1.0639860688914524,0.012519678149896522,-0.002854528584414623,-1.1653923437058514e-05,0.14955223695308986,-0.009467489041387927,0.0008424353093226533,-0.010068628098930511,-0.09282444954937907
-0.0025837097895746387,0.008938350209436865,0.0001552080751188907,2.1471310527261767,0.03133347375903714,0.004276853709563325,0.010286074644176704,0.7460254098552077,0.0026514939778907263
0.0013858907531990243,0.7801670290789474,-0.07794013641583952,0.026336278363091215,0.021469960882322843,3.660559508517167e-05,0.16283544055509674,0.002671807711303441,-0.014406625574270852
0.0019302208611772917,0.0024482944001830184,0.014797415321125093,-0.7763617111431569,0.37783786685436216,-0.5426824656494285,-0.001393823152514336,-0.01062340350709794,-0.0022184525610529013
-2.1491556398679577,0.0008591939235693757,0.013456033588971072,-0.9164699430976511,-0.0027278121912550496,-0.0069801619637784905,-0.0023516925176692988,-0.005021267018368832,0.019798390906780095
0.009696148528349189,-0.007273829045565833,-0.7784663581023024,-0.0005771576783916814,-0.005609979549258971,-0.3184081470188821,1.8511361455368385,-0.014678505684013257,-0.02943116830679643
-1.2101043635140984,-0.003767412425833342,0.0044322810194323235,1.142549256011549,-0.006012688475894413,-0.0012495846354910658,-1.6142987852945994,0.020853347250354794,0.07379272160643491
0.0023186946691348756,-0.0077716101203761994,-0.0006274929118397698,-0.8201538866602092,-0.7460939937113289,-0.002422931005884971,-0.06766467541734911,-0.0738266221776213,0.0007247904678043711
-0.0032253914465885354,0.005420149907267952,-0.003987766168981476,1.880479187518381,-0.0020651043013478858,0.0020344574520746134,-0.6218574204735701,0.02053518232557789,0.0031206671377357314
3.069295019230756,0.0025720939127465113,-0.005841214946255217,0.009157382362907128,0.025856869059194876,0.020326317496010632,0.02664547020704902,0.03533141631378969,-0.08633353816223455
0.0005308868325043271,0.004918598947731757,-0.009434496061483187,0.01734022785570094,0.017275542788885528,2.165635788843219,2.9965868275165586,0.014739829700757948,-0.05855532780061496
3.6515209980823142,-0.001222259239303733,-0.012859925945275907,1.003804572708559,-0.00112833336768986,0.0004293519807720327,0.7212213914261065,0.02232067708175664,-0.01756355565134715
-3.3968288276424197,0.3947637957908042,-0.0012782832977229486,-2.247009829021323,-0.00480202315197413,-0.003594745681744233,0.11375339816258379,-0.0013446669667639532,-0.004427144976658526
0.0030402885577641373,-0.00027407295164406367,-0.0031722159784071495,0.0006000673750129264,0.005882178835183387,0.0013291096128748249,0.010764575496602275,-0.0025759633545811653,-1.4146759631493835
-0.029794751223773425,0.00015776275780666864,0.01035366025385033,0.0036502334289393664,-0.002191282203578643,0.006614357297594164,0.004718107921450655,5.044137217436245,0.0069881402921638525
0.00029978059487433624,-0.0021939030327586062,0.005908926050667118,-1.0514453268961683,-0.016540773962489208,-0.008372058086937445,-0.0019829933117896745,-0.008395889231266343,0.0021676650789096475
-0.0004501565470108075,-0.0027241317785504896,0.001923937364588131,-0.008936105103205999,-1.1871154278657838,-0.0012901683534317831,-0.007104036788518965,-7.224724320895871,0.003296691375522548
2.627852549045296,-0.0052815153204489994,0.00063200387970333,1.3344488704100843,0.005780212242332439,0.020728572129796397,-0.0011973235488516587,-0.004004446120749475,-0.029033875782083718
-0.003718831184867058,-0.004653601452283246,2.0834280542906716,0.0008804362353654199,-0.016240151927980666,-0.03450153764542699,-1.9960352689041756,0.005163006254845802,0.9922318651406181
0.016101216155120016,-0.006271785294926274,-0.005469403176806859,-8.402314316447979e-05,0.0009000292830218674,-0.019504613730472683,0.007479623221209772,-0.02184054214250362,-0.05920534514171545
-0.004942276751724997,-1.4547668482764067,0.0038770074972950177,0.00535701273471979,-0.013757724145985792,0.003976504098832531,-1.4763271874130195,0.008804007859347929,2.530008358414114
0.0009468876089895224,0.2561443233924569,-0.777647918617615,0.005496958341368131,0.047896993168033135,0.0008208512511353842,0.8312708626317215,0.0030235995618336925,-0.9965641845061501
1.2687290731981995,-0.0018322569473365746,-3.329996327207721e-05,-0.0006595359201721426,2.337000907813458,-0.021810237363037388,-0.0029902641362793145,-0.04081942329476118,-0.06012327080573976
0.0108207299267035,-0.7796233406995199,-0.0014011147950531914,-0.01676825345148983,0.00202521760683976,-0.004216217306982115,-3.064162108971039,-1.0584758245905403,-0.007644033328134361
-2.294771420571777,0.00043371811412668297,0.0045979676215420415,0.6011132987218074,0.0011495876938767413,-0.00993920173442892,0.0005203719170638332,0.031821439372732525,0.002085442763900325
-0.0073845428314775075,2.0791308035148517,-0.004004287224749468,1.750560904852874,-0.0022342706635220394,0.022107434518551516,-0.005041520053765167,0.18213614357238211,0.01021919143571931
-0.0033629765581036503,-0.00027031026108511116,0.10378908082830672,-0.002578317836405379,-0.0003163753269316166,0.01564529243152471,5.6792922415729256e-05,0.0030248433835645683,8.291824993031861
-1.8277025016949342,-0.0006747610934845199,-0.0006531486484116465,0.012890533235625605,0.0007415343470871111,0.0055245807352066285,-0.2452397422632539,0.016905599503121836,0.010618705574265475
-0.0008791108167740941,0.06949809145131731,-0.008481566465663917,2.4253409258686682,0.0028304853878726513,0.0024227484353920256,0.03401095150150785,0.010388469049684962,-0.0016719678957736756
1.6649985699772127,0.0005350913303422298,0.0060644379900527505,-0.0019142301517911973,0.010295271458230212,-0.009847795507981129,0.002098330500407898,-0.008730173388192167,-0.004422059420415875
0.39846544921497307,0.04669535157631108,-0.016849290044901957,-2.270468013381837,0.9062864256749361,-0.005323555962944669,2.6818411713584163,-0.021876358288566336,-0.24735815488021773
-0.001568760142881712,0.004035591670038945,-0.006449493644590717,0.17576473181149646,0.004019084184661263,1.1134756589361463,0.003949352627992284,0.10061641899010934,-0.005417195836255072
0.26627006153868044,0.0020542071604857486,-0.02008348728507689,0.0019389473457465962,0.013701950958473966,-1.2054278294530538,0.0044276227770289785,-0.00927069017303083,-0.8098002936755586
0.004263457008011441,0.0001738506761695887,0.007348448525391784,-0.3638174180414253,0.009310608447647205,-0.0061942909069435245,0.0445518235934747,-0.02092488632069646,-0.01294509953489532
-2.721069713501169,-0.002210223122128277,0.01167659710226672,0.021162659819226996,0.015157544234530293,0.006061281358844243,0.004477653698355021,0.1406432861466018,-0.0059881058968054846
-0.23115610761162378,0.5343300445019944,0.0018622809821622795,0.003500347323246648,-0.002732701935981207,0.005232144409728412,-0.004702779469818553,0.06066380723328892,0.010081280185062911
1.6557623336328562,0.007564913137699781,-0.035846386667229474,0.004141258141293207,0.02098252090430132,0.0037410940494683074,0.0033382650109406165,0.0063782284853468214,-0.08064306014608968
-0.3250010765749002,0.0014654950829010166,0.0030456774475747066,0.0024008056483554446,-0.0032551241847370914,0.005407577220621389,-0.0015327754188070308,0.01896395682367012,2.39249289036168
-1.2409223804956815,-0.0006919389426865174,0.008842156900224444,0.0007931891265960198,-0.0008680645305502253,0.004045278928675901,-0.0022172274212558588,0.0058369636393943965,0.005899954457645351
0.00380578254062786,0.001462984125258925,0.0015874597124872136,-0.02289615336517431,0.0037449480295395155,-0.8623457441697019,-0.0004459736487281696,-0.032328782712683295,-0.003538498399062971
0.002052477950020353,0.000972995586889037,-0.007548057418971307,0.000713876064657466,0.23929900877445232,0.6344113701843757,0.009022408320574321,0.002311487881819527,-0.010422737908141565
-0.16748565919532632,0.00507814511450937,0.004249301881262261,-0.00019849242230140786,0.0006790053179840027,0.25581175267544726,-0.01600756702740068,0.14101014201528142,0.07143437138203251
0.0037638628127990544,-0.009447218619353014,0.0008008065699345215,-0.018081967224139933,-0.01959957114563761,-0.014529682588345675,-3.026979391883319,-0.015870387288794637,-0.004348338610758923
-0.2681072255443659,0.0004740361130171185,0.0684319506162672,0.0024355050805641774,-0.0016250228953582904,0.02044446120528087,-0.0015625097246566683,0.02249944954245713,0.019487274312752528
-0.00420379518181709,-1.6747399387198108,0.04817783182001163,-0.4045907583353747,-0.0027371546205621575,0.012757817772063976,-0.02238294390869812,0.007321744479081708,0.01246639208995141
-0.001001071891173703,-1.1234721497027875,0.07510027802618602,-0.008959870298284312,-0.003378406185528868,-0.0019603719768945174,-0.0023573259971256828,-0.0022571472509679887,0.007229247940581968
-0.9914391151120725,0.08994758843853219,-0.0036497328740765188,-0.002523806003404142,-0.001232494747014987,0.0012652811041547805,-0.006389334388663313,0.007772270534593282,0.017756490334132596
0.003209707736281424,-0.002300907442205938,-1.3118397450832777,0.008240514491787802,0.0026147765174225897,4.4677312870482905e-05,2.4364257792089496,-0.0045835036002164955,-0.1765347158902688
0.013255192534775403,-2.9006469974467266,-0.015375001887538178,-0.004878321696184018,-0.0021792142306769043,-0.009592607658108498,-2.4624108685493824,-3.30522176869459,-0.005420557502168091
3.4717375867885316,0.005933199441050058,-0.01567970463549185,0.024272498420774058,0.004363520644697194,0.0015470172613685218,0.008644125328292687,0.004573490461038887,-3.1873702058449886
-0.2620636482643522,0.0017756083645410164,0.00336334325111011,0.002184705671011499,-0.007124847250477497,0.0030301709185347773,-0.003799115024997944,0.014571653288365296,0.034172145772532234
-0.9609590617272219,-0.002179480276594082,0.008790965809460254,0.0003720722460276056,-0.002085183032330701,0.005495771938073797,-1.165862106209317,0.013122173806017726,1.1106758936290486
0.005587524157826696,-0.001588129084785036,-0.00022941850350322967,-0.0010370050279021356,0.012400687858484699,0.0016841171464910204,0.052516639350515704,-0.005765038336065641,-1.206243626869961
0.9922121039389123,-0.0019094127256281909,-0.018221587662453437,-0.04630836942474224,-0.0037023467355112097,-1.5426781925277293,-0.01276829753573725,-0.040347592096440475,0.004764996509268038
-0.0030830795036123487,0.8778842383746216,0.0004442870407013171,1.3300458995821032,0.6806478630579225,0.009751684944494552,0.04279926098346111,1.0617976966634004,-0.0017795401529304266
0.7420435358061251,-1.280703892172174,-0.0026933371515907648,-0.01485658156695276,-0.00010767271102188683,-0.01355191907192046,-0.00036854001252559557,-2.9149465532116468,-7.3921175763908e-05
0.00019480188426116972,0.0005380035454760194,-0.0008349257685035135,0.0007541957320285841,-0.0007724492547839164,-0.0012106106944788518,0.0011643845726177198,-0.0009155498074063,-0.002033372907350413
-2.552335738704916,0.1995710128444844,0.0020531033748663087,-0.015175458028987416,1.7667491896554133,-3.367025094698209,-0.790337967556149,0.0014305387227724897,0.06107407610868007
2.643141548023199,-0.035021252383645264,-0.0025597383304632737,0.00011864646979251395,-1.510566344248397,-0.0003616468671034361,-0.000863233807608519,-0.001845815472858503,0.0027404662584393225
0.005890641010518592,-0.05413806507571814,0.7522847949020721,-0.004476042265193351,-0.0024801598707683403,-0.021915954155071013,0.012391601919271524,-2.075191979046796,-0.00134129946102827
1.13794649117993,-2.7695335124553107,0.0016753026762966784,-0.007078550860202102,0.00663347930254481,0.00583071605417045,0.0009112181869483206,-1.4771916906212283,-0.01304378024606384
0.00027963836564597966,-0.0009926093014750248,-0.6992899446907243,-0.003234432911996641,-0.006404879664166997,-0.0002462240947903188,-0.006461868744114495,-0.002035948420258785,0.002539475849010757
-1.2695487162336978,0.002407768333850105,0.0013841055862041478,-0.00041726884702902867,-0.0058196591576058915,-0.005249766511712144,-2.4537171341792128,0.009618460705930962,0.12181606413461932
0.052945992512553525,-0.010023789916494712,-0.0034380256975338093,0.001949451319747414,-0.0010711330716332251,-0.840013585347122,1.5793830311328685,-0.07582295328919031,-0.10549175641868547
0.0028984554084582545,-0.20750152248127107,0.2520834461044252,-0.459839738589508,-0.005759947930736977,-0.004498816747500155,-2.889264190222799,-0.03246703509491754,-0.0010435188488333441
-0.23895650678482006,0.0024772776361187436,0.006169659186018845,0.4665873809158833,-0.0030696995746576183,0.004722771577271676,-0.0034766427025028895,0.09040947446430357,0.01097053433066205
0.5032527335117617,-0.0020267514551463198,-0.002904681131395289,-3.21245407257925,1.155173464781063,-0.005813489625333652,-0.0006852046269824122,-0.12989632672646448,-0.03921680485599821
2.1289019088598877,0.0013177686758961797,-0.0022505566748580244,0.005833957314202044,0.023654567389189668,-1.8718849303293577,0.6308535709123477,0.02056182842510447,-0.025246010961799126
-0.00047250224926872336,0.9223094008056302,0.001870626690284409,0.0014093446942679,0.5111339838704072,-0.0009794871579961815,2.10368688928024,0.004611421167542946,-0.004060274000947231
0.004292304343309688,-0.023687596491880437,2.5527459613142005,-0.004791424597211668,0.0006491107680991801,-0.0033521203949696725,-0.045728378912535235,-0.01004552448937213,-0.001886482127700928
0.017944113622118493,-0.00877318727025531,0.003361944067948636,-0.003131722033679079,-0.0004030695602450698,-0.0023726060988004706,0.18069423764570222,-0.022822706917927454,-3.801087396775844
-0.8116154198458827,1.3240426697257885,0.009716635337705719,-0.011903034565095076,-0.004020512086398873,1.3144693852871188,0.8246440943361542,0.029007265793525604,0.01585340766175458
2.31613855345166,-0.001400188099426305,-0.010319133634266293,0.0870799814182733,0.0009812243495930621,-0.004703342881152061,-1.6349594159742935,-0.0027255740999829123,-0.016057365198455353
1.2956746607919079,0.0005784194851834218,-0.16535380123577456,-1.3435220980321672,-0.0018959059621116558,-0.0025592875397625163,0.0014919028306736156,-0.01925078047551926,-0.0076164248510272314
0.00258003545164244,0.0020588291504746023,-0.004495228337697161,0.5692495150129993,2.4088915024202935,-0.010309387544484669,0.003953269336619575,-0.003272591836951319,-1.9493997637121652
0.004201939508559284,-0.029680250372456897,0.01800782934080116,-0.03472528271244075,-1.342218791642186,-0.009991143707697757,-0.002242843959043877,-0.016650359407027908,-0.0008682195504644621
0.0044490322635223414,-0.008425621410533359,-0.0008652870666143557,-1.5617100077713304,-2.4441848025409634,-1.2451736819311932,-0.002178874797956646,-0.018289805725692276,0.0015265550013551371
1.3045827422224479,0.0017408230289349402,-0.001298779042312348,0.002186501091670179,1.257171328806519,-0.3040756739390305,0.0014672129428655333,-0.026056071451374438,-0.09235261924469018
0.002746986314342604,-0.013339731067859266,0.0028372691095398138,-1.0258451445605286,-0.015302840525208746,-1.7988634138088946,-0.39719816023107835,-0.5957608912366789,0.008613247291214182
-0.0032965572187475395,-0.002393874705833833,1.1208081453252727,-0.0012601807043299898,-1.437720461559836,0.0026306142607027995,-2.6301247350705066,0.003894055202648003,1.0439110476987405
0.0017914158685335612,-0.0010290457928661017,-3.4066100450376094e-05,0.00240567528873466,0.9954139234112401,-0.0007773050782280506,0.003393255319362018,-0.0025995907139593454,-0.025879279866915156
0.006233879154553187,0.002804487910858123,-0.000548014714026393,-0.9118599732713328,2.397905727532896,-1.8886566214284441,0.0025568356477731133,-0.047880205095132425,-0.008231867101078372
2.434348374973794,-0.0003187650845216845,-0.003074661698535555,0.0017795634807433285,-0.0009566329201192401,-0.0015486410706911844,0.003147087167903583,-0.007274663397848136,-0.015594296985878386
-0.0015149862305573166,-0.6734188711055904,0.04352248120378715,-0.18361602301652316,-0.15236601731429555,-0.004672890209519726,-0.09044014106670313,-6.429485682374596e-05,0.04194137946398769
5.4650931326545305,2.2131582618339074,-1.8762756515779486,0.0002926499810532307,0.00768475077978803,-0.0023197857617255208,-0.003120743524063982,-0.0034871116262364388,-0.0009688981049535972
-4.956556326161151e-05,-0.35825634449777216,0.04472056329000127,-1.1290896709709806,-0.06049683200279865,-0.0037491338368016336,-0.5517225199062082,-0.011832018130916843,0.00878517327660314
-0.006547630005519379,0.022506554735487606,-0.0005438354467627048,0.011329957719310661,0.0013089495646200894,0.013937015756808533,1.1537516851727945,0.42449573083958675,0.006373702019462446
1.84390150317114,-1.5660775632288237e-05,0.0006726404002400021,0.009417956605769745,0.03308040676406124,0.0036312842930084147,0.015415091236962788,0.00018706845650282022,-1.6001990503525132
0.12628959123162573,-0.0002772658506631151,-0.007266576094804144,0.0010445969133749487,0.009930121762786943,-1.5702141676689032,-0.0069985176692798755,-0.09307557641856766,-0.029745593358008582
-0.7002706655904859,-0.005906574750966146,0.06117240644928752,0.0011378013835179536,-0.008560292723727516,0.0007396393703939992,0.003104364577437067,0.010092478634436769,0.021966743314721884
-0.006566843007783839,-0.0017873776892753882,1.0324776673642866,0.000855248586174656,-0.0024094303018744488,1.1215372850150973,-0.0021169556955116953,0.0056614252383884855,0.012662267569263044
1.7819308304286567,-0.0017652368642377993,-0.015155109283188563,0.0004573811061359028,-1.798687182907004,-0.002308390279923231,0.0208947277749703,-0.0006391870038319099,-0.008674582856836116
0.11616441768806103,-0.004797592796860983,-0.0036157771091392815,0.006764327239174179,0.006259165673613107,-0.7931875842695326,-0.00718563805202121,-4.4343519752824525,-0.01707597081132764
0.0003196742442514791,0.005160698941322953,-0.018395458055192566,0.0018928770496593958,0.011368844811810745,0.03586545891445739,1.2310087717930387,0.0031961458786238864,-3.14593660518577
0.0036467160495455607,-0.017611454415343186,0.00034720006797301826,-0.016119725451690207,-0.03342199105031506,-0.0017838002185576916,-0.0014274654458476268,-0.8003716251761943,0.0007719136854050946
2.526025743779436,-0.007503991116647148,0.0032874944040601206,0.0015419841836252328,5.2791282262060896e-05,-0.009816027828634269,0.8094642085093744,-0.00128723673709355,-0.002527761299943254
1.9693779001875007,-0.0774306818001176,0.01877746781511208,-0.0019094742536772563,0.002091875507377546,0.00378913344416368,-0.005896786920944152,-0.014584692014476432,0.00356961951297069
6.552025197778895,2.4435694661816036,-0.0026883465405323492,0.005324551917624806,0.00561020562735437,0.005819470184233171,0.6590616124667061,-0.0014907007361322222,-0.1981447123823461
-0.004224582319970268,1.4150431950420792,-0.006511311601460014,0.005431983065637359,-0.002477767592163361,1.3329928189928724,-0.0010296630817277315,0.029733795968262058,0.0031765531932091556
-0.41303806533581966,0.00852350798975023,-0.0174243615181249,0.002613483024853175,-0.00036678119626675637,0.05415490340613899,-1.0105862202786802,1.6408762559346548,0.030569176831548195
-0.004188969103174629,-0.003891628803873415,-0.0009697605055985718,-0.003886240689508498,-0.006314266781061107,1.3871889567481839,-0.0021454239160882786,1.5453067144561525,1.2950624309712842
-0.0035553167484488933,0.0029852887035070512,-0.0017958966242967792,-0.9753447088992021,-0.002829716332476518,0.6735071849341105,-0.00011673337960065901,0.018673401892604854,0.013629805907958988
0.0005462638174986652,0.0065003588792697355,-0.004192885444670854,0.9095905427037019,0.0032552824118752223,0.00018422456845125206,0.006188440065701354,-0.0019757287153098985,-0.00862681530043213
-0.002558102669356125,0.00987059699402671,-0.0008611186894386989,0.006900878475219918,0.47292957814291625,0.004134682779856172,2.1362567483493997,0.009276476130721151,0.0011513240472656033
-0.0028621902550361594,-0.0024554639967618603,0.07638687005060518,-0.24465103120344645,-1.1190784380889838,0.0009833546691073863,-2.8648090974395926,-0.0010538151815129293,2.0808305644114515
-0.0023661433482843565,0.0013598844020280886,-0.001075340209687328,-0.02956181063901541,-0.01033598028201755,0.002307622192349118,-0.011314818924730451,0.0036903511792347687,0.08707801383529318
0.9992979969201473,0.00830201148963445,-0.005529384084086899,-2.1736916174472567,0.003937206970744513,-0.02447591494312269,0.005859005951341338,-0.14254659105422018,-0.08939772288716513
-0.0004060543899287942,1.0771429652793916,-0.11336508658667774,0.3109775519606747,0.0010206415095074858,0.0022801454628441297,0.00490321410724125,0.02716971336360341,-0.002397562592211056
-0.0034305717156580123,1.7221532014151346,-0.001586255462001157,0.005319926620283397,2.3729791385352788,0.006577269474146167,0.009179421959508681,0.08447256810605491,0.0058713266608648035
3.5739384638962948,0.5534374746458586,-0.002268726810168223,-1.4490145998263564,0.04585736753564862,1.7082658939199324,0.011304640145778963,-0.0008514046996681603,-0.042047953335243804
-2.1043989770508684,-0.017915921768143772,0.014424111487909314,0.0022496397002606987,0.0008334850133827863,0.008556903488406075,-0.0006430490960876098,0.020475764255055692,0.010764568546895337
0.013229672311111362,-0.005577017065204001,0.004849482502005975,-0.0017517852678355277,0.006085873518745069,-1.2485103048512283,0.0017002859730069408,-0.035043154409958824,-0.006779446841903403
2.421063649064884,-0.0023006545154272626,0.0047323504694105345,-0.009649574192251806,-0.0025858225687378777,-1.093163246729148,2.94252256562147,-4.001358317447195,-0.006171721354230941
-0.00647927872663449,0.914446095068416,0.004340662824772275,0.0060718175349759596,0.028624905747668346,0.005934531229281275,0.9192447381845015,0.23681145108499024,0.0026513002842789637
-0.01482333583432807,0.43522758562332625,0.006465033570468112,-0.005312582749105056,-0.011861145740748268,-0.0014083056181347473,-0.030685786118175018,0.0030258877551224486,0.08943971415531099
-0.8499137193882417,0.0017197907985125683,0.0003518179574436911,-0.0020836124883414674,-0.0011347964980461846,0.05694944306815858,-0.0035417543091462635,2.3703000284728226,0.03141136533062927
-0.0033831326565626654,0.005010568085302666,1.2713911277804526,0.005332062455996457,0.383826429240961,0.24807477846531295,0.7071663721306264,0.02977523731800355,-0.00011629496655108339
0.9221735956657039,-0.346467356516744,0.0007387234271164708,-0.0006617228695667594,-0.0008369022610262775,0.0011203827625745125,0.004571330773552471,-0.02338273265085144,-0.009750349529878286
-0.07519781608183665,0.02342873583246171,-0.0008559292097334026,-1.3484248306724624,-0.005301351180529469,-5.9246184949993466e-05,-0.008904474382624587,0.04260268483378239,1.6452021435142345
2.5755086158872564,-0.005915136148267211,-0.00564576009655314,-0.0015241849921148083,-0.027262197529882418,-0.00565564331280962,-0.10606447680574266,-0.027307963936396732,0.008054772803764987
0.06583633592811938,-0.013736179932392557,-0.0016458290208201786,0.004301605375667292,0.0017872793495470347,-0.01841530369447491,-0.4070168416411952,-3.4470597596080013,-0.010330782885894202
-1.1028821562299362,-0.0020609126964649324,0.0019770233730616316,0.0018372360062201484,-2.0324277589729323,0.7709830027210138,-0.001492071000920473,0.06406848196840542,0.0182550898982623
-1.707210269213242,0.005791107673814225,0.0011042169304012542,0.004746505831844159,0.004120013762356475,0.004388720517147866,0.3173168709629475,0.04259318699451368,-0.005243919811276976
0.016885308582797503,-0.00136362730595868,-0.004023544282565832,-0.01054977760668759,0.0019918728359497777,-1.672278402957871,0.004336482385243146,-0.037807788892499035,-0.009315178745018193
2.236243463865381,0.780005356769919,-0.11709636475651025,0.003959474300214082,0.012242144559855797,0.00028277736309569555,-0.00419936169256151,0.00046690633677390694,-0.03873465673545817
0.0012769440223656305,-0.051390290893946936,0.9574652963613044,-1.6530208201193481,-8.624071366904185e-06,0.4552696633012152,-0.001403162639700719,-0.005422497458581442,-0.002289655569090783
0.005842518276720443,-0.0010425562408416036,-0.0003295481253668339,0.04670863902991479,5.086881164653277,-0.1247669477123674,1.5550791572393627,-0.02403150075094096,-4.183993004879419
-0.0052501841064994115,0.0032616612336809703,0.0015631799434052936,-0.6717198425924805,-0.005685128021345594,-0.0004731959888940058,-0.009687531172002177,0.0035794258318383454,2.2440908391548144
-0.0028841247801314786,0.03773373545312857,-0.005726330577346395,0.007439878265301224,0.002443609272841608,0.006767782939026285,0.00545210174551058,6.113420115976475,-0.005033033637362835
4.558613547621935,-2.0996773301132596,-0.019687249612264923,0.0019050871424313512,-0.062476733516111826,0.00012040362464068102,1.5816900053774936,0.004245745393808981,-0.00621807327209134
-0.004380562774020535,0.002856686273093979,-0.004704971664479755,0.226776889459941,-0.0025343482903239537,-0.0018968539652800466,0.002493958748413196,2.900308606463721,0.0007406269474275681
-0.00015082456467275574,0.003916075655063648,-0.011870995290825363,0.001993729447115247,0.006331029655493817,0.016796522474565125,-0.0009202510006784946,3.440152014698953,-0.00044195106992481886
-0.002907957866015133,0.016817021646536444,-0.0006429833354241653,0.009944017657682522,0.4590621627191105,0.004513636015133839,1.2254796713383322,0.013625912147477773,-0.0032893545929739976
-1.951127998187668,0.02912758689474129,0.0020442241036319475,-0.7358253875150479,0.00032185585317400303,-0.00010763509075073811,0.7652410954695279,0.012943193289039114,0.0022827834759059362
-0.0018320678511361877,0.0040154975479993055,-0.774616088628521,0.0006432147143974627,-0.02966507675403607,0.00047562900332082146,-1.333835586391938,0.0041521463180309625,0.013098988305206918
-2.2309084098844187,1.3001459820874528,0.004875664346647192,-0.0008405286055998165,0.000266225090199905,-1.6960905544554967,0.0015100875379340066,0.005800669625334209,0.006766196841103134
0.00529339935990886,-0.006644543375916197,0.0027948013590294116,-0.0028228246172553747,-0.0016568530100153464,-0.002556744241065233,0.0034131379819381975,-2.851212176441828,-0.002882861873613418
-0.0014410493517040606,-0.012604939290895073,0.012555591056648253,0.007358042085757923,0.0013781827336780787,0.5282484336678803,0.013387896929099653,7.262401679756269,0.0011110785439579773
1.9056523419335478,0.03616278857592212,-0.016277487189329032,0.0025856931130655405,0.004192318142938051,-0.0035500347597481182,0.009048268738601296,-0.00045251001738779925,-0.10080936977415744
1.7005839543181371,0.0015089439106386639,-0.0008113281482128622,0.004205208793255706,0.057611760192273,-0.0012856882984442312,0.5640154488486278,0.003832980488395747,-0.2462504615481742
0.002813864208386486,-0.049692466509534766,0.00030036271613127633,-0.0054705389778968855,-0.013080204014041167,-0.006012936173205695,-1.404704332791623,-0.010749313315984537,-0.002614172736458857
3.270108995474751,0.8322899952856607,-0.16993543297572433,-0.00418808985372033,-0.00014928705493279237,-1.9893890450378062,-0.008231929823582826,-0.018145680386744707,-0.0015559935002905645
1.9967560608630524,0.00045583137684560124,-0.00871963402301991,0.0016387032002371656,0.0020214340006113954,0.006198693539108849,0.033563429497244585,0.009000110860700664,-0.016544305155824113
-0.04511347680785738,-0.016779787883476296,0.026894459171290595,0.0037668094411733577,-0.004281696804670464,1.4102577090528836,-0.006468592810627075,0.015157754259902796,4.790459888911802
0.005110801198024464,-0.004600410329373467,-0.0018384483784364032,1.055108850984103,0.010346100975441346,-0.005581898205972591,0.002543424341471763,-0.013674648528068862,-0.017041869421676435
0.3094790898386277,-0.01061103635921945,-0.0019678598501351946,-0.00018033743131822683,-0.003862270560839017,-0.011580605469678148,0.012630187082553767,-0.021499602931134166,-3.7026942688503084
-3.4574594801835197,0.001861339241220207,-0.8442267245945059,0.027265095835400613,0.001255217728084828,0.03993706956013056,-0.0045112093758951435,0.03524477453296687,-0.009391480723774881
1.2537785430802044,-0.08555617960024903,-0.0006968676862029975,0.03676276064528963,0.0017288513080777335,-0.003504098944166813,1.4219092651202772,-0.0027599734123821273,-0.11048938766789251
-0.765654962824464,0.004021660480097545,0.010895307484210312,-0.006909395270101256,-0.5351274944484036,-0.0015411523769662014,0.20301348089178212,0.009844590423880552,0.026067504735716618
-0.007945507351226773,0.002963673782940922,0.0011312274047937192,0.2892692142847906,-0.000974263709493068,0.0018208221287248595,0.005766871358108522,1.5299277008025685,0.0046115007884342946
-0.020361162065018572,-0.02815653020654468,0.00460299649391753,0.09140355302840375,-0.030450979966113498,0.6710211467603432,0.009032108940046817,4.228742984994984,0.008264599790579669
-1.143128134484809,0.0007579708992433017,-0.003984713547883222,0.25447784481599,-0.004255215672742835,0.0036431183613134625,-0.0012225882794321078,0.025787520226749287,0.002951173517607056
0.010839288724895833,0.0010005726177528779,-0.0024077660982323506,-0.00015019343649562422,0.04848638342967297,-0.7579365915480367,-0.0005553849693892732,-0.011818940284104589,-0.015098507599310036
0.0005400569856466577,0.0022475106310756465,-0.005897454726729451,0.0017327825645829262,0.042509247766860575,0.0033653145119335384,0.003323841069173318,0.001379768085791252,-0.007200219041524106
-0.026977458832291135,0.0071161953468949525,-0.002198417566367919,-0.7405348617288015,-1.5018687056888633,0.07797329361979503,0.002788275144667573,0.4515133759574771,0.056558033719033785
0.006294113059620968,0.0013075261604091318,-0.013235929666872717,1.698454445668507,0.0861466287674267,-0.0003623387668677614,0.01838652439369432,-0.00722751251830272,-0.3667829141803373
-0.33731525151750497,0.003014013069112008,0.023568652412586447,-0.000766833866881542,-0.0016801843465581777,0.00023693194697132353,-0.007044499308541674,0.006809876530757689,1.5764299653043907
-0.00029314329927537103,-0.0005965815458399693,-0.0023074082069097016,0.0009644130503370096,-3.060510149145821,3.413499190383578,-0.0024653413966068917,-0.0006103729538884783,-0.003406608334816652
0.0004880996525631169,-1.0760668872534116,0.6540220828855619,-1.3977980377378467,-0.002001506475354197,-0.0023045838878044227,0.0016931342487726334,-0.004824882832605723,-0.00022660619583982338
1.113576326223077,-0.019578287620090975,0.00012302725931622946,-0.7917523706322457,-0.0027635585109680397,-0.0022609383708765435,-0.007087422686614249,-0.19498379369264615,0.0042023308902769535
0.7258700426926501,0.002027348485989868,-0.006157773372500282,0.0017846736898216443,0.011374736030766962,-1.6333612376241817,0.0016609111432085277,-0.0161749002184761,-0.019446509164134068
0.0002800187737782701,0.0007075498883832831,-0.005302725223316038,-0.31295029088576487,-0.004958368032378931,-0.0012284474727358298,-0.3700994017156401,-0.0038807938955563413,0.004365238651063074
-0.008902955932431733,0.007470035763338538,0.010889931211596591,-0.14242067381770696,-0.8130474276455889,-0.018818512447488292,-6.258073765917348,0.003422461326787078,0.7061238029326447
0.0009569869665506959,-0.0001386412640821172,-0.010609254168473619,0.001495767634419731,0.0036731143603019696,0.0017908253791738768,0.0032824732293417072,0.0004310024951452695,-0.005613280660897684
0.5396758074056289,-0.005030639410857997,-0.0034706251505223495,2.8436486929643627,0.006997863358200879,-0.00022957650537165284,0.001415239905247563,-0.05148129662624217,-0.06233328031643809
0.0016207155420554353,0.011715847279621895,-0.006765500758468206,2.510600823368041,0.0030060374195446764,-0.835057940600938,0.0039591877218100174,-0.0039139577492756355,-0.011086117117647488
0.00890028316532894,-0.0008852332994634679,-0.017069646128102932,-0.0007844715257835887,0.0002515138705952844,-0.0013805917379470858,0.05009841116423362,-0.005968626905376022,-4.84244179749016
0.002314243809001822,-0.012454923105918163,0.031203351325181455,-0.009545464190466006,0.0008331946905054334,-0.003986618484717091,-0.906408447441953,-0.011745532618890442,-0.0017706253259896464
-0.003636522824177581,-0.000654651864425815,0.0035159750525645475,-4.41166380255999,-0.0016731098593835703,0.3001824253734405,-0.0631408922143144,0.014524383122283796,0.016037858377731758
0.007998522528434212,-0.01361074743727973,-0.003914583937615249,-0.004317801960910564,-0.0030397632875425653,-0.0018213642092726535,-0.42706761083464595,-4.980907606538685,0.003950561216209944
-0.0032573004619282572,0.004297621332293099,-0.002615009551385057,0.9125415974593593,0.0026387777764669204,3.2251646011420227,0.27502542404159824,0.2676096720577044,0.001522046714159897
-1.5556221494160454,0.879856718591509,-0.0011196661707944325,0.0006278615077517022,0.025656257203389057,0.8326997504282682,-0.012744059510439668,0.19632986566333005,0.008667202189169387
-0.0015417143373517685,0.000437864661840791,-0.002464566311930077,0.012720179045822646,-0.9421052393124361,0.0017355222306579764,2.2090853824890266,0.006881336999009821,0.0017902945257507637
0.0015473821209303273,-0.0031012538551227348,0.0036206293371939978,0.003965487045180703,0.0007574319471877855,-0.8065785854706549,0.9915892661943463,-0.0007993476954337103,-0.00564276926790315
-0.009138994040541113,0.0004506034385520063,0.018019946200861354,0.0005490771490621309,-0.005183277961252714,0.0009761609242819099,2.5202016791203157,0.006503360390462294,2.6127234709545104
-0.0259478820879011,0.01284212896946283,-0.00073665613647797,0.0033984436706100906,-0.0022927179742117942,0.009796486985226338,0.007006982120249728,6.100456373924081,0.0007158218082477935
0.013943971691841812,-0.0102835369431984,-0.007539032905489533,0.7371375407566025,-0.00015160157968894823,-0.005607964634290948,0.015754153723924275,-0.011043741552430084,-0.8940001309868797
0.007053647980106981,-0.17351572007573535,0.017918568765508465,-0.017061510003354572,0.00207203750657523,-0.028362932562231054,-0.9190530220983439,-0.6246939662706027,-0.002278566406836364
0.019503500615791175,-0.005153262941640141,-1.4554115772097584,2.0593234492563344,0.0044618147723652565,-0.0026825545771543766,0.003911207146849741,-0.013081830450092646,-0.13755562971998253
-0.00014403477926527852,-0.012192796154801108,0.005817140630153939,-0.588121082776398,-0.015107953729633606,0.001630342180381772,-0.8965760974586381,-0.0057253596199863255,2.855908136199531
1.8402836679242753,-0.0027375498621308517,-0.0011140518721557274,0.0013395614825629115,-0.002609695111910757,-0.004545980297600359,0.1339660215219981,-0.00785832923457047,-0.00789182677105063
0.03400192103818201,-0.0035691725211501714,-1.349371023820059,-0.002613279284493401,0.0034433161016330016,-0.01479934200234926,-8.454605959309501e-06,-0.0227196996013971,-0.03856311276029828
4.021508345461529,-0.564744703997502,0.0021205299518838316,0.002353096787648875,-0.0007543535513295507,0.010097076840908647,0.003099297311936852,-0.004209535944331988,-0.0021957750140871868
1.36966409234106,-0.004275702019120978,-0.004459611153466736,0.0027125709522192905,0.0029835247798650454,-0.000635894035986689,-2.8468780061258676,-0.008790895121407821,-0.009277057225236775
1.8235548558206187,-0.0005847752058600886,-0.0032285040678790705,-0.003209954553653492,2.504751724451624,0.004883143260661478,0.0007082570952885189,-0.01124461374047464,-0.01895380806311342
0.06624688442302498,-0.0003106420021199152,-1.2291570726328516,-0.010872587336522455,0.0009393357086208503,-0.03231341908883948,0.5260340744544925,-0.03492415349373602,-0.048726435612083674
0.7486805806355002,-0.00848094825483911,0.03501852928103145,0.0004032875095391418,0.00845514174777113,-0.0009689925761365369,0.005154798120333825,-0.016359421260128165,-0.037697368750862215
-0.01080064751334459,0.0019053970303325488,0.0010319083589232728,-0.001986164770923842,-0.0041391892460033025,0.4274216607045936,0.0006205821090683955,4.262352988326426,0.009196124886093365
0.006949983888319963,-0.002200514790756789,0.0021267252613109463,0.002217757662391708,0.006174052470420802,-2.34903543433679,1.5383029246139623,-0.016119789020462884,-0.0466289052055574
1.1339479752984851,-0.0005992777242774892,-0.0013400658659974626,-0.001299428429676649,0.000662638542248118,-0.04063183216284311,9.857719111730327e-05,-0.016313335399826833,-0.013771872423244041
0.04382565435856117,-0.001117150883949354,-0.002925947799578334,-0.0010755882114322048,0.004977863306223553,-0.7331867182877574,0.0035336299000290447,-0.1512469513053107,-0.025929759629521286
2.3280232526240066,0.36020120416527507,-0.016996814089099824,-0.6795442215778067,0.0033386803795780184,0.0014882079810086485,0.00036955985236149236,-0.009970999142479712,-0.011286387314886626
0.0006026353033141696,-0.004276012475599938,1.8099148428574825,-0.0012145204007714006,-0.009565943069367915,-0.002336064911344553,-0.39210320848382296,-0.004777991958089832,0.0013825567234689723
0.751168651062109,-0.010614358937465138,0.003930671874595022,-0.004641889633235571,3.2770152470880154,0.0035049438926670028,-0.0044345250968837735,-0.7237791248031713,-0.012424530659589705
-3.4712406184792477,-0.7547842783271523,0.011794030738894346,0.003738787145159987,0.004241635014395159,0.0061460249882957585,-0.003413089838401738,0.022847482582616825,0.006509920430929517
-2.2008221856297427,0.008674188625764433,0.009874892283735698,1.1487205907283466,1.0214849377487996,-0.00013285279047704383,0.009735506531722905,0.0288803038205359,-0.02869348596334298
-0.010906232083136146,0.0026420376920116948,0.004310230459334487,0.001030550088900713,-1.9116302768431408,0.0044572812575302545,0.0003941711317749561,0.014990990846182863,0.2563196845541795
-0.005089946780013745,0.03277990310396401,-0.0012583884065054517,-1.2490323304455277,-0.0068866200095765665,0.0040591719465149995,-0.008477682869767422,0.011455113038978627,0.010974555493129697
-2.164817354083881,0.0014890455491693858,0.001597447911230867,-0.0010377221270569427,0.001287995223141141,0.001853676278721606,-0.0032999433013723087,0.006379469520569907,0.016236431785455863
8.358499099258426e-06,-0.2934010605203406,0.6691899553491437,-0.0005458445170968256,-0.007729830937172907,-0.0015676439783518577,-0.015091053123588643,-0.002177095585031017,0.009688905446419243
0.6161261762516012,0.0012681624600150826,-0.006597350823777392,-0.005896151811809063,0.001596882582458918,-0.009548459998853577,0.0012821065435421513,-0.023410529045499315,-0.013720390510220212
0.9091753348287765,-0.008799625928260986,-0.0037888408771596972,0.5722049551829629,0.0017136771788288582,-0.01352436545614364,-1.1596096346058737e-05,-0.006967868404113651,-0.011978920603582716
0.0006595860762829489,0.003526271281484885,-0.22461582216262743,0.007732063382127008,2.6414105062556814,0.004153958010857979,0.051023454750507076,0.004152369886490311,-0.274928960304055
0.005401412946780787,-0.007836700676532436,0.00805458903508572,0.0313165289803321,1.4371263789995168,-1.4988378326856053,0.01278409328656649,-0.006197352619732026,-4.633656198058787
2.2385550522025186,0.0011480932156540495,-0.011087889280770764,-0.00027133980221298246,0.002402235601850454,0.009757300369318704,1.4004700051321304,0.004241218912369268,-0.03622139674299729
0.0037932251669790936,-0.015798883613515342,-0.001488858909147607,3.12887252633947,0.00146684702341527,1.0956046513647395,-0.007121838126848121,-0.015372271653456185,-0.005530490526411337
-0.053391246747525455,0.0032135175220088137,0.0014514983137312908,1.4723846095183295,-0.004495573720733334,1.1386974315979739,-0.00034621285980512145,1.6123663384668854,0.013215290383360667
-3.0368510186084207e-05,0.00688493568452009,-0.014705349727797868,0.004111459171037266,0.007550655697407796,0.0016808791604611194,0.1400393216962302,0.003678353758134285,-0.005476116135929621
0.01578359125756481,-0.029635990202625178,-7.534721515010771e-05,-0.013838504233374644,-0.0008472305680622239,-0.006227794000409529,0.0005341974976456191,-0.36177905724513887,-0.005566399789357241
1.8864099158659213,-0.0014107880623011812,0.0033118309955731517,0.0018974377334673165,-0.00048084787584988043,-0.5338549768258308,0.46594838831849483,-0.05064983577221882,-1.3537662891232003
-2.3305122917379233,0.0020798020535352617,-0.0031385218587799413,0.006568764098752483,-0.001017629157682904,-1.5510646876413428,-1.8979127907866127,0.02223741994933562,0.01141035434187676
0.005117186891921197,-0.046773259987711265,0.00016875326945172374,-0.8705469491108859,0.0008954742294642265,-0.00042489923834632343,-0.008967566215084564,-0.347192152615074,-0.002983665542831024
1.00202697731758,0.0007998262995960398,-0.01093816186789924,-0.000542579719230159,0.002058605039442829,-0.003089444539087262,-0.7215524395155349,-0.05950364198987275,-0.014661357059349941
-0.0008868869007251931,0.004535921671492913,-1.130504475059087,0.00509068383747653,0.004734359937400112,0.002919708983115941,0.007071445978452913,0.0047742960018206685,-0.006620887152983777
-0.0016587799953624925,-0.0036031314909894317,0.01036790228702162,-0.00044967242838013093,-0.007798257406864804,0.0009968350356741758,-0.004703340976078287,0.001328279214811383,0.01304967465683564
0.003862331693374549,-0.27946890959294457,0.018132581031367497,-0.7780921468565114,-0.0075330343091362904,-0.08772011953746389,-6.201190306824252,-0.019598520824738896,0.02086377642562398
3.6605127635936494,-6.935374549678873e-05,-0.0169919017750898,-0.7689177356732202,-0.39522513649586366,0.0006895588967507455,0.004691622265441158,-0.010457868332797889,0.003669300020801347
1.9437802638365433,-0.22348041827896659,0.020737278214729607,0.0009941525912302459,-0.005008908109335103,-0.20915527141997273,0.0035456006993751267,-0.10150473349355156,-0.005517645267239635
-0.0012711843025401594,-0.0009746475610502296,-0.0004020642912472702,0.00036439210469504414,-1.0971648940545673,0.009864992168220468,-0.0020082671896432627,0.0018648377285631111,0.005447954902248614
0.00046651484934652536,0.0038249580140405017,-0.004153114460162195,0.00047060229326589245,0.004260654076719975,-0.00024347337732426126,0.0031500914749242647,0.00024277298619423493,-0.003792345652893266
-0.004925666246612805,1.211830014088665,0.0009730421331018194,0.0028113327469885766,-0.0002789936871325899,0.013204430723229878,0.18862030111157652,0.26718248704962494,0.0015717261668192813
0.0036737360250491333,0.004285643540667013,-0.03524050921204555,0.9654127906156397,0.007345788845936264,-0.002774247559760145,0.005933901399074688,-0.0007055791162654881,-1.9956106481698108
0.002739067591483929,1.0245964879880143,-1.068919177868243,0.26327125438934934,0.11935781700755965,7.690848426823715e-05,0.0103459542873085,0.0024076841070826485,-1.1064499457992454
-0.0017047592468039108,0.8290450557751314,-0.0036676152511338858,0.0019400979156604294,-0.0012898137443636101,0.0029919648504649777,1.796083641249552,0.007122222826737818,0.0008421533369265821
-3.6935822642854177,0.24336633010631525,-0.9337619719840886,-0.0005230408352958696,-0.003323264031594886,-0.002177005069184974,2.5489859270635384,0.011001702970964491,0.0017625579684577564
-0.001394232864951564,0.0011845459054074807,0.026492198553705073,-1.558928083476317,0.00015002672770322162,0.002331942050681889,0.018749335567276152,0.004537044966299751,0.00452175890559558
0.0009840045665035907,0.004160824584914711,-0.012567161892249322,0.003426456858842575,0.00412714384091794,-0.0007169585837003764,0.004286185048262656,0.00042758476534006384,-3.1370069324183723
-0.2806805615475817,-0.00027885044398164895,0.00391589630155039,0.0020931556658911298,-0.35156812188450304,0.02882190126467373,0.004103439138484363,0.02127851039757414,0.24620877777252315
-0.025330155988756136,0.002940177956913116,0.33761832096226363,-0.016235974754284992,-0.006744060542635122,2.160532431987077,-0.018441021972124414,-0.0016676733813293359,0.018202112220627037
0.00908918946432366,-0.0016442271345201015,-0.001260904608043917,-0.0027316742881715005,0.7892682894561897,-0.00327003920179382,0.0030713542155818823,-0.009872540651150938,-5.37930109075112
-0.0006811453945926391,0.14046322614688156,-0.9194243960417896,2.0951802955510317,0.0076795511525114685,0.0013671657025779394,0.11505656361708966,0.008078111984271295,-0.0032210609062152257
-0.0007054069522886321,-0.001616463985698752,-0.0074304551074406925,0.004807634280328982,-0.005068502718045781,1.0785210855941874,0.0010854954210637012,0.0024033175415705435,-0.0008286212328993195
0.00019993624425974324,-0.2786243715372844,0.42033420796125026,-0.001822094127801439,-0.002216948377324035,0.0015204369274167656,-0.0016939609019598193,-0.00291382106798717,0.0035884508044537007
-0.012510533553914748,0.0010350297699807266,0.0018670191330178408,0.0050782988369635655,-0.0029733299891619392,1.6907796915014301,-0.7875917173169656,0.020245340346316955,0.013227118846432323
0.0274950990080238,-0.003368808104669734,0.0007165269091480764,-0.00339815494457797,0.00424545070610189,-0.005941776911715647,0.0060163118102639504,-0.013128251054750798,-2.376500084963645
-0.0032723733802812256,0.013925524768070286,-0.2349343790537577,2.1045245898414877,-0.001555049018696443,0.003847695047797002,0.007189342702102128,1.0490982368785078,0.0017907301633959122
-0.05225453260036811,0.0054414358227801675,-0.0001516112184262112,0.0008544198429694273,-0.009007730996662468,0.01061838766347653,-0.004300264790030347,0.008871441759740237,2.9829667442268613
0.009699347993157054,-0.018437038156825666,-0.0018223521380276429,0.003636587913556013,-0.0018458073734375362,-0.0028990196647313594,0.01434529133655584,-0.008018902068060121,-4.08204204002187
-0.000733382897414224,-0.001577586630505879,0.023872425621499764,0.0006343885789680433,1.4839274761909298,-1.1230921763311366,0.0011295866437854667,0.007593830627062205,0.002205564523023118
1.4842236298468097,-0.0012751676836318163,-0.0027770761947747483,-1.0054539894265369,-0.00015030021259514886,-0.001357586790271863,0.0013633112273204809,-0.03556709431079696,-0.002687717526617811
-1.391136279917635,-0.001607948765939403,0.0041305746546755236,0.0026814766818182042,-0.04145006723247302,-0.013869785817021378,0.0028918201181971914,0.0013819793469451455,0.015992576741929387
0.011198702634916506,0.5445903084863861,-0.05901337386897776,0.0014935788993712725,0.6812200632102974,-1.9541024057236134,0.003733962702919494,-0.005446236839847898,-0.01725713717706212
0.17710292936640254,-0.010873241467048305,-0.020814866152438882,-0.00782884613200798,0.00303989486267097,0.00017804950575327775,-0.977001077250458,-0.02330860077588663,-0.011444077045645772
-2.8598723704806392,1.7939412636343426,0.012999674504244246,-1.1308428551336775,0.7863322815993388,0.003716260541681748,-0.004783886024179125,0.016736001625449255,0.009689384696570102
-0.024518718416563393,0.0018750974006801113,0.003763865215560035,0.002481406862641238,-0.0012660719652810917,0.0032018535716644555,-0.0012391373803014836,3.699952689510655,0.008906911107708054
-0.005194776228132965,0.0008679481901875696,0.014718725834381061,-0.005844007562879915,-0.00020998734918494747,1.1143549551880187,-0.7073459327946527,0.004296636136844225,0.021719089030552113
-0.6068141822685524,0.004045347378623771,0.0009393152269344812,0.0013119596107624247,-0.0009711016589400842,0.008465512939534141,0.00032876911157321987,0.033147535954455666,0.008912018580052562
-2.6403724704251084,0.0051756065718552985,-0.03813106127977406,0.0004404723305065491,-0.0028744802561264104,-1.4937258177016808,0.0010019044240974287,0.027078414035373744,0.007666414630398549
0.006153809986936008,-0.0022611047205269717,-0.0007499555342381867,0.00016467447392842782,0.7956132166687796,-0.004986670586722187,0.8471602582916821,-0.007593967445691491,-1.827250663216888
-0.031671168694672805,0.6231045244991823,0.13994000432362688,-0.0021850234285879346,0.11672623196006526,2.169420294688142,4.5955084731214425e-06,0.011379256153131893,0.0025591192141767305
0.03456427141648718,-0.0019021929437176047,-0.0033982480475745445,-0.006710736434694291,0.005759835452166599,-0.19944558364098391,-0.000199895617999816,-0.02932590321387554,-0.010606737149207842
0.003052052420613824,-0.045811311795631096,0.007418972180391321,-0.3233204390827978,-0.006998280084172303,-0.1368941408551077,-0.005100336284177972,-1.426113054258488,0.004044073753630334
-0.06438739995350627,0.0523863856935984,0.0006845393252323737,0.00020376944511498742,-0.00046366955524278913,0.0015621419274436492,-0.0012890138951097358,5.4732536832462575,0.006708717457177313
-1.1113268736728639,1.0072485045342863,0.01226983149573067,1.0941385839003894,-0.0007592210317526951,-0.08649365620142752,0.007549474596427484,0.06665916989606414,0.0028102818541502206
-0.005230088224607285,0.00480712564236092,-1.4023161973254732,-0.0006809316041557489,-2.2722829247977834,1.8743583818303486,-0.011025547965927179,0.015649980173641536,0.01502989054374737
0.006760251430375254,-1.0459661941993696,-0.0005412709081017309,-0.42902599367726396,0.0035818841191929563,0.0018555244833480479,0.0001771236336024027,-0.24511350033391907,-0.005583719747923412
-0.0011175328042078896,0.009242690435550453,-0.0019106239450633862,0.12642304015265451,0.003263547948666774,0.001433038296418737,0.008907565152228233,0.005958916882598632,-0.0025074493190733282
0.001675862895366237,-1.1927959109148278,-0.002052195210950363,-0.006044829040569334,-0.39285793881134834,-0.0042528441810360616,-0.015682613702760324,-0.04652476042522942,0.0023709766947560933
-0.0019216970225793566,0.0030024584138155876,-0.0005296049351454818,0.048703161514602904,0.00045223329795934965,0.00204907741922681,0.0013872523412226693,0.010017474175958775,0.0009615589965367425
0.0005684670665787768,0.029393824703780595,-0.0035129367526207083,0.002621490877343934,0.030704841609398226,-0.0010329290131616542,0.008383949345384943,0.0004860543842437233,-1.8130737778169324
-0.0036234860158697434,0.001294461569463698,0.0034887948500012815,-0.0025668122840547276,-0.007419122479882553,-0.000285270168468103,-0.0033816815290772587,0.0025725932656682268,1.2968469608352697
-0.02621055959249027,0.002815105983665552,0.46418299425018167,0.01342163208677719,0.0003825671352018076,0.0060190063633530815,0.005846442046778867,0.14308568498695906,0.004481113094255482
-0.15933228993795046,0.010129876162371992,2.066711119129318,-0.07330423078264374,-0.004450005397684013,0.03465957474307372,0.8268516116398156,0.06656907378481713,0.13340942681186613
0.0021245779413481443,-0.006574464598728635,-0.002483018071674812,0.0015237246124595871,-0.007573008367002603,-0.6301680492161159,-2.4903383336428,-0.008141866851198927,-0.0024141086608675325
-0.003946227352606281,0.006984488048863405,0.0052969539498659,0.026773234621249233,0.4215564032564149,0.016822924783790695,0.006731639649245814,0.022841968230953174,0.0026116307731321713
0.420973973623025,-0.008321708015658425,0.010094547291770388,-0.013113801716736363,0.0035765607838184367,-0.37357482376121476,0.0034296200760561488,-5.163233960276854,-0.006136995647454291
0.0008942305541179154,0.0017934333349940682,-0.0018076456569100904,0.001928920125703966,0.5332327398038033,-7.930810960485573e-06,0.21348990560462575,0.0004954847192968101,-0.03566730869119912
-0.004134894064220459,0.017266133114022766,-0.0025510450812965186,0.4951218835383431,1.6025796090802849,0.012932442772165546,0.01332211905674441,0.03841717811113903,-0.002448520161709808
-1.4098903221703178,-0.005455850292747852,1.4390833135586674,0.0007065334960531661,-0.004874620104551693,0.0033687731662103704,-0.002877988598859795,0.006537057164687568,0.024092801386920104
0.0005264489664536564,-0.0038553841662124205,0.004601674535551806,-0.005122530346924671,-0.002627820794064842,-0.0010780416567497165,-0.0016777002083006821,-0.003957725873771837,0.0021234583286937393
-0.0006437480375999342,0.014384846606296115,-0.007498451555854042,0.010465763881721263,0.00040053794611828226,1.9992028529614785e-05,0.004762856567878764,0.0023723415321628086,-0.0034406827460258358
-0.0005484418632407759,-0.0009565555677831508,0.9021424080495345,-0.008387274229827005,-0.005160928164462141,-0.002836158662401925,-0.885412385161452,-0.0030096267501589476,0.07987555175946504
2.476285484323426,-0.029540961488429194,0.044872556103710604,-0.007166846866573499,-0.007120815829253432,-0.05445296887903327,-0.0028777196732068175,-0.21731250739937236,0.010633497789274748
-0.014237877310923032,0.0013531791831098263,0.0026874797398984554,-0.00047952087943480177,-0.004378624531755131,0.8940970077061956,-0.004539930373768661,0.026468994695443837,0.021890060969944086
-3.924800518908886,0.010105067077748695,-0.0016240665316978042,0.006446409610151914,0.0355910283243554,0.09922369113315992,0.014505898305972958,1.6041733612801234,-0.038641162445842925
-0.0007458417974663908,0.007636917019127979,-0.007158594726598847,0.05688127783484802,0.6425076021176175,0.0006646779738405595,-0.0005248752571027045,0.004531632066348901,-0.008880398833978287
-2.627887309156501,-0.37533360110549346,0.013012285092438736,1.0659599159757196,0.00021831486488350926,0.006589127939432227,-0.009864271105734929,0.014025001293473605,0.020251683896955197
2.30188021920703,-0.002460223896007696,0.002583298468901353,-0.0020269388979259617,-0.0016363003126685996,-0.01614070910383713,0.9874490086928023,-0.013856083102562436,-0.011135163120911451
3.3378398762940833,-0.0018358577292022105,0.4361897958874046,-0.014095363629360527,0.0031290541879973738,0.0011619136940091597,-0.001961394244247395,-0.019379620945018224,0.0035344368459766518
-0.06579504953363266,0.004755622855177252,0.011088073616841304,0.00035693909463214903,-0.0021490809038517064,0.04026780299850761,0.002407373243604875,0.04497550908073247,0.022469704835763105
1.9330017245185758,0.00529018940993424,-0.005468370368934474,0.0042569945343514035,0.006727086570055329,-0.0020821710893548367,0.02207745392473926,0.0008471692097783978,-1.3721388844472582
0.00048454861605556866,0.6487312981090647,-0.0044434421074569935,0.0051696317868764954,0.020058182499934955,0.002729112291313825,0.009757754773747322,0.002314312934131311,-0.008032266185881915
0.0021296754805080684,0.000631152001486402,0.0009820819444758483,0.007945252117180078,0.019456927420665383,-0.0022295784425750143,2.3847320231979747,-0.002211461462112832,-3.783320332990809
0.0036326875802223796,-0.8246873594165314,-0.00164874638620356,-1.1221329851675206,0.0021831410817658905,-2.0884436995810725e-05,-0.5322824014957083,-0.01697307349829314,-9.05962745295294e-06
3.033785191010053,-1.3346926250586426,-0.0017711484299046398,-0.002550555579867014,-0.047721014051379906,-0.43778859018653804,-0.006234490676159058,-0.03402998148319995,0.007133749377955301
-0.0010298690966688328,0.04145953764840168,-0.56393403245916,0.406601238011961,0.02429768430945363,0.005183566412479836,0.03602881274503823,0.011036436941071235,-0.006530565583513646
0.01444680833760073,-0.0038245117241010717,-0.00115915511141286,0.9605683240754174,0.005172289449883622,-0.002626352635153331,-6.98941955989945e-05,-0.015637107425963553,-4.015940942535937
2.206359981777725,0.027139214856284122,-3.302491918233207,-0.0007461186518822882,0.1860930163015948,0.0047186674130652445,0.006306488040380452,-0.001354979232340181,-0.044828130067691596
-1.1623189723349925,0.0006292178292689431,0.004555070535358412,0.0005923272838981725,0.001992756549412311,0.009131196111121065,-1.0720712453167422,0.026094092299392788,0.06938084862796312
0.00041471151343666033,0.001446128754232249,-0.0001454842755691894,-0.000628705819198868,0.00021523057739796653,-0.5304245874998363,-0.00014803650022413592,-0.0029386457728706804,0.00035369747238228263
-0.11745854543215473,-0.0002808419428417773,0.00765264107954235,-0.00020011094098999066,-0.009610124609463436,2.897578394030182,-0.010039278851602176,0.01442303643598024,2.5187341060330937
2.8141386566096793,2.4197575234597415,-0.17614078864281635,-0.015036675624423398,0.0012297623654648204,0.04054109116077302,0.47394907410323484,0.010598230749347085,-0.0064383842815562975
0.003040185207372984,-0.02557203312310313,0.0021834581648995217,-0.006488092966138538,-0.0025997552014906033,-0.0036088964613806376,-0.015237448219262663,-0.025201861225875536,-0.002098115972257345
-0.0007794280509042925,0.015213453889492082,-0.9264666582973244,0.0008055620414480062,0.0131141894318134,0.0005317794182280241,-0.003993943077535427,0.0035060614607164654,-0.00016912469078370074
0.00029126024220213,-0.006198519981970822,0.34077936523272867,0.005397869692560911,0.002666867950595975,-0.0005170470797678534,0.0021050563735627095,-3.45557178605513e-05,-0.0018075738462813512
1.075836993521214,-0.8130522478101864,0.0018510889966200476,-1.1807152901261957,-0.0008986025813661272,-0.012840056412424803,0.0003289707871552642,-0.8232292012774485,-0.003364727631607084
-0.00964118667626089,0.00030529851438995973,0.003285942232387415,-0.009787127014018172,-0.13046363384427448,0.12147541523089406,-0.001907939096049513,0.011063429747965592,3.3897158816726294
0.0037899569243948217,1.5615429383929018,-0.019492367529908267,0.5997984248529239,0.009827890401191926,-0.002612779484970948,0.4408658724004051,0.0023772627617358877,-3.9037191986247364
2.229594166957655,-0.0036518739174796477,0.006290257650642804,-0.005504986061570474,2.597578804201795,-0.029107331278394266,-1.0337696551271347,-0.18739274259964644,0.009110616160207585
0.01485141004633115,-0.00024696405456374427,-0.0066555863942824155,-0.006621318402616953,-1.1162808427150583,-0.022788058513484578,0.9585340779985669,-2.797928496124593,-0.008963948024723
-0.003528155678608321,0.005440591441369239,-9.515244195379934e-05,1.0274472037422229,-0.0015455597749584188,0.010831245601678533,0.0005924613226523604,0.030297252845781303,0.003552399432651638
-0.057111268513024616,-0.0060047036177447305,0.00530572562833221,0.013007470328728746,-3.9904773601836965,1.154238335117024,-0.0009038738528086613,1.1145384337311104,0.021157130726026097
-0.00602193305061747,-0.010590349379975186,0.019725234468559803,-0.0021441625178695283,-0.010449327828604412,1.204423486883355,0.6319535321351558,0.019467450530490003,0.019689407891811797
0.006845901321926067,-0.0027791560024350327,0.0006081078689307972,-0.0014691808389456149,-0.003276339115796878,-0.0053850366369517354,1.3118330661614497,-2.39047235969429,-0.017680991171718508
-0.01625028783755819,0.0023125795902240454,0.00720637260135037,0.0008646821821403998,-0.0009097556333659141,0.02297086773515597,-0.00824383374620063,0.011014741221234067,3.184783125302865
-1.624377963383688,-0.0003268531161300598,-0.010785320425430824,0.00778467522687991,-0.0071303640048329744,-0.0006298712747607048,-0.2602151002241244,0.006192570952599764,0.01835660046812454
2.3598311147664512,0.0035613484466656157,-0.009882203179335951,-1.6331657344948614,0.0012936725001777751,-0.0033192221723123334,-1.3808333746371328,-0.05024179562297422,-0.008748556377771832
0.008810571337509681,-0.18669682595640263,-0.007266138693079885,-0.0035272057847610463,-1.500124328104735,-0.005272951406590762,-0.0005718839098205551,-0.022278421111304066,-0.022440717782001483
-2.6619903581245463,0.0029724620584100497,-0.0016135172935137845,-0.002771470350423827,-3.976550828084126,-0.006230591206407343,-0.0040026436954462025,0.04094681289904878,0.04180587480544373
0.0025355009001813422,-0.013381775067751813,0.0006022095609511348,-0.7625888728635473,-2.1415047141371435,-0.001748696355742825,-0.01614833490681112,-0.010247661490355754,0.0010805313666724936
-2.4579853604739705,0.02122919928257542,-0.00393418396707388,0.6400489856779741,-0.0015610385664043616,-0.0006407670081804919,0.0074807854455154026,0.003185087332049249,-0.023973054920672032
-0.5157413944716137,0.00010285693789815456,0.0016469537945322747,0.008644651613640508,-0.003568717299245864,0.03187934871890478,-0.0010743292644640697,0.025576894452049404,0.016199359825137934
0.00030645316702518355,0.00686759780748248,-1.057154446006941,0.5850612107718738,0.009988313769449697,0.8728360581034245,2.064978354789221,0.002938092230563419,-3.950117029727
3.4575222688310365,1.2106880374086875,-0.03875628223748534,-0.0013629698254808559,0.0014030837964015969,-0.8495073830109621,-0.25035888121909433,-0.007782816623137345,-0.0017344449429407272
0.006040210272284577,-0.0024726669851093076,-0.008038888879295028,-9.529993161789177e-05,0.06183409357327194,0.001046938336566104,0.0017829208140796814,-0.004652912845421498,-0.02408111213699558
-0.9327608614481975,0.0018214180695325529,0.004829320157230203,0.007046283261346111,0.004728408281264992,0.5402087492535125,-0.0010144268191450093,0.03672568481000502,0.001615768555100039
0.001930537094443719,0.00045576882740426284,-0.007295133389969543,0.002777505691581356,0.005422489364174488,-0.0009759021276651794,0.003948010868407149,-0.0018011114479144195,-0.024122178801123904
0.006828748608338595,-0.0013838795349044725,-0.009100101579900469,0.003071584332843008,0.00636478427808575,-0.002388630484947285,0.003465068456615147,-0.005789829046557566,-0.5852460301447396
1.516967110751029,-0.0005834075023840174,-2.0090751565998803,0.002291723961922079,0.005821134485403414,0.008505811206322995,0.1422228522752303,0.00011499143345011786,-0.6682698876540911
2.512647215520359,0.03922146984947672,-2.982978899388252,-0.0006466888877877802,0.00387464512141672,-0.032715323950372854,-0.0010110512702388528,-0.01108255869532132,-0.02306861468831234
0.0011382609394946386,-0.0529574957226837,0.0077247648771331095,-1.1476634283701763,-0.047745850097080766,-0.003267854214216345,-0.9250933423092752,-0.014324822133195157,0.0054150887986940885
-0.0016620714834983323,-0.0026479932611544444,0.004242597161032535,-0.0036260345519733795,-0.0035874148351282727,2.003449774711356,-0.0061125089432561485,-0.008224777480634592,0.006527522474720479
0.010941260713430864,-0.00045770485451614737,-0.005704296455864271,-4.5007626439655044e-05,0.0035933750048872566,-0.21862505998856285,-0.0015006911574960077,-0.015496348934086121,-3.8591717489140924
-0.625819156574347,0.006555327721333274,-0.0020662615694144607,0.004176251432983288,-0.7578136669927306,0.01074217539179791,0.009343811342973784,0.020965415382359874,0.003988601674323022
0.012138968557015989,-1.3428164488437757,-0.007686231676849399,-0.006554839531249992,-0.005409962767578064,-0.010787080751593613,-1.801245579356287,-1.6387275142355375,-0.005304349397834738
-2.51333663083471,0.005339510750686651,-0.03585429034775106,0.007597193869357238,-0.0009389730120873824,0.16473255047797636,0.0042277229784110915,3.4442704869623753,-0.005946270915954566
-0.08741991010673983,0.0061935390540561654,0.0072168494606760026,0.0018200437879606133,0.004796701797158321,0.005403910424066094,-0.18981151533094368,0.017911842617778742,2.0680304198429367
-2.523420642586669,-0.0052052611070396715,0.008222783404072773,-0.01585346313211694,-1.1907933932295989,-0.0019071473196076508,-0.005683443548648283,0.004744095984339725,1.7182458721942098
0.00034320735904702984,0.00010354587558727112,0.0026263921951576053,-3.3273068503706207,0.0029430942074889464,-0.002535641564702343,-0.6767420317391324,-0.004623095401564074,0.00406858305998194
4.056303776541644,0.5588259595500205,-0.03513090437093974,-0.014963637048328992,-0.015776993753541357,-0.02060691422290059,-0.0004146361659181641,-0.025133358194877317,0.0013003242897504652
0.0024477687015832944,0.027082988326156944,3.7210378013893877,1.1382745695255005,0.017767605330779326,-0.012283081367132895,0.0032002211429836215,-0.0026786076675281295,-0.014808194430821597
0.0006274984943088223,-0.0034861412216284885,0.00550574016133301,-0.00451397013621621,-0.38763101145114703,-0.0036686365311657085,-0.016874601833034877,-0.007808598011330775,0.004099317540849695
0.46238995438758884,-0.003723808068580928,-0.001321947800446934,0.0007824270167308134,0.0025145318709823066,-0.007487774783043165,0.002593333810647756,-0.02836981738892643,-0.04502985921421522
-0.010040218211265111,0.08487916468331304,-0.0010693752398875378,0.000894788715971873,0.0015078716783428463,1.1695129531927193,-0.002326215937088324,4.369908286444876,0.0074584647572668306
-0.0006689654493607174,0.0012987802817967526,-0.002912317510885576,0.3704225354248866,0.0003320814976490601,0.0010455868677192908,0.0011855344796042324,0.005248648637741707,-0.0006519191341735228
-0.012014478804437172,0.004915000952642349,0.004066441603744886,0.007979559278280004,1.624319765101062,1.5992035770085555,0.001518549122561835,2.9520032009413955,0.0007000487877659445
1.964423021321853,0.004648805433945767,-0.005544972004773368,-0.024945852039043037,-0.00449806555238939,-0.008366870862566123,0.9495549846849992,-0.03375680674544641,-0.00751959188303386
0.08021446462203448,0.002112420259254637,-0.006503271174007783,-0.7325563218006741,0.010105730094208164,-0.18016171938792405,0.0044278799715736115,-0.21975471158833718,-0.05937085125475343
0.05395724387104306,1.2164591256206216,-0.014055149752104514,-0.005921440382284558,0.002240858504572018,-0.2589561397825608,0.0023494754611149103,-0.23416541250970357,-3.9138011345026156
0.001418857766388564,2.8088074971467354e-06,0.001151681398140248,-0.008086364799266943,-0.005035488182394532,-0.5202120535724639,0.0013489984043495822,-0.029960849439342623,-0.0014861438145171244
0.0035924399425784174,0.0001613628218551464,-0.004821027646853962,0.0017093115599443043,1.6004854690797532,-0.40831770641783205,-0.0004974703224670087,-0.00404476192159691,-0.011809704605324295
-0.047079830268171835,0.0030013798951585855,0.0004292307748865083,-0.0010067155485337029,-0.016445970132732125,0.7683089702680883,-0.001173534701123545,0.01656649954867249,2.8841948609373613
-1.9548795244827482,1.0531350103853243,0.0006375756438201235,0.0037142346679879803,0.06603882230436497,0.004592880094729764,-0.0018806938764813121,0.03930848633901618,0.0035031276423112545
-0.06332291132288703,0.00037662676104906895,0.012045919109429745,0.0006562126074761872,-0.002827110819988002,1.199704702782113,-0.028998764980983652,0.013821794124003077,2.9024304150871023
-0.0034866305948955583,0.004910830096195659,-0.0004145766331312799,0.00033788535814011203,0.0014012146701236228,1.6069634116031646,-0.005173608515767445,0.009284390702059225,0.004541607237258119
0.00019159158272690543,0.004130036124947557,-0.0773793689799521,0.0016687739540945587,0.0024739231966733697,0.005477370261113102,0.7232887332190238,2.9246435330748755,-0.002145909265422987
-0.01494496628751428,0.04359334474153852,-2.5962445479116774,0.005681330438707163,-0.004189471116274657,3.0833594714590364,0.00646732387922617,0.143523323651419,0.00946503635118684
0.008826566837211926,-0.0014584672803259011,-0.0015993186789549224,0.0030188007915068066,0.9496594453251893,-2.0654611163148084,0.008274434179804235,-0.005294018156036047,-0.03775144308352979
0.42891457795103594,-0.0027969033619459904,0.0022127456121739035,-0.0013659714754585116,0.003552482049123688,-0.04062573931179238,0.015256213484275645,-0.02449099336568055,-1.9110793555140115
2.299872400017595,-0.0019939805260254582,0.0024051421894984958,-0.048437381882908796,0.003687280148247027,0.01840687434226383,-0.0020692898807367285,-0.006207506980689411,0.0046520367549636454
0.0014138114721068884,0.0006189750555512574,-0.305786537604251,-1.5630102365183092,-0.0021103080687979014,-0.00227592290082579,0.0017082594626236444,-0.003867794248588461,-0.0023008794587692223
1.5268122102319297,-0.0005762460792041978,-0.0003085117321735831,0.0022673980176851904,0.7718098788428065,-0.0016446133751976035,0.005597922264102016,-0.0031549979341656403,-0.10703862740410286
0.0397527718968011,0.004228014411680692,-1.1578313652595906,0.0015964097093602858,2.47762545758718,-1.1233371814262547,0.0008922473444040232,-0.019287725798580974,-0.35348032477894
0.005238305601112949,-0.003141607908451051,-0.004901642227337592,-0.005425138455664283,0.0011597087055345424,-0.005104719674841063,-0.0003925923723717999,-0.013742066438470186,-0.006278097259571984
-0.010468074675263589,0.002074847864771041,-0.0026934660137250465,-0.0004297374665231911,-0.015347236497578793,0.2831142487159841,-0.08029673461356746,0.01156396736721993,2.597824052132794
0.002414932583116771,-0.48810749473608783,1.1794463354627462,-0.6021226601299248,-0.001051386084019914,-0.931453212411891,-0.007952005655125147,-0.08793019170276406,0.004491313719958203
-3.5029098590540726,0.01750209380911026,-1.2652700593320465,-0.0024249270172835118,-0.0015782871060325485,-0.00010850981715022044,-1.5380796923671752e-05,0.007530072848166633,0.004610318182771633
-0.0015381676071820926,0.0013418218655294075,0.0017595203049760328,0.002133712796463249,-0.0007918662055258342,0.0022933502448641103,-0.00042936585817273634,0.003635372951299228,0.0035643659147425104
2.345317361063009,0.0012183051986479274,-0.0009051011667491789,0.10679406597479912,0.011827087590987809,-0.0032263371656405006,0.019510053281327128,0.006484657065923619,-1.2287270912831545
-0.0009164358404514829,-0.0006094373403465244,-0.011328616054967471,-0.19035269525975013,-1.9300052843372113,0.04275620134825357,-0.007245151272829907,0.001904566628475067,0.1803334862590893
-0.002167216243236205,0.0057776179396529055,-0.028902370927375694,0.020883737187477,0.0004182459103507896,0.0013838042348446424,0.002648910959503201,1.5375095565643324,-0.0017471950963757008
0.0007231458552624352,5.579758992221243e-05,-0.0031353519785716454,0.012091202092411844,-1.9072758621863284,-0.004153897894727627,-0.0029446512632689964,-0.0026285466388385973,-0.005855669012066869
0.00010583243962725836,1.2422331217544815,-1.5888205093677,0.20262377109781674,0.1405251996424421,0.001291392340865091,0.00045810200021774786,0.0049382853120087215,-0.011039178767094225
0.009569831887568152,-0.004526806302827237,-1.909589038932123,-0.0033127285581867304,-0.0018124138954843123,-1.6146405926834078,-0.011432828433218644,-0.029856938641214116,0.002407361633646382
-1.9777976008027125,0.0011806485766894716,0.0022233781567412344,3.3528041565202846,-0.0013259607470197006,0.0017413761178541442,1.5354517419056353,0.09412057101106591,0.008327177755691417
0.6944156508172372,-0.004365903831223298,-0.00022621119312801405,-0.003021916300431845,-0.000946173111648606,-0.013608014370433855,-0.001216871895862684,-0.2676503717235278,-0.005389881700657274
0.004924870883090248,-2.0336413454579905,0.0041739520531861645,-0.00017361937643423715,0.722673070795754,0.0004767321878941526,0.0015401371445153342,0.0034604890233644395,-0.0031921576015553482
-0.00036098511794041555,0.28652806072876447,-0.0066526348731331085,2.5544798066417647,0.9855118350892389,0.0018292547656227776,0.021657369672963375,0.0055885180986896404,-0.008239003319643924
-1.27069707278494,0.0005527431291411348,0.004473788048893777,-0.0052607967823538205,-0.001991395234965932,0.9191405233711467,-0.0015366391562701195,0.006201256841017189,0.01659588384243668
-1.194465177360318,-0.00521712740054559,0.024274003679391983,0.00225870004166576,-0.004484755067777749,-0.005443133175336262,-0.0075936243765189,0.0008565427407501037,0.020430894002471833
0.09375007134410558,-1.5571521167214069,0.012853863008840383,-0.001266277948144358,0.017043156223253527,-0.05040815473035251,0.004427422305388526,-1.977313017749441,-0.013404895681195031
-0.002012648551209602,0.03405476915961462,-0.0008447340321872687,0.0038992769498270743,0.0017933401048882643,0.0017758029788189176,0.004907281160680784,0.0075311286575736,-0.0001411643867987382
-0.000680035380005186,0.0027588469877368165,-0.0016082961364821218,0.004771865311642131,1.6634565973770523,0.0010479738164403613,0.023804925798271447,0.004424773777263048,-0.016983033353774546
-0.0022153948938272608,-0.0016736656676160416,0.04403212589444475,-0.635380272604961,-0.01070654556939009,0.0001079217103103847,-0.0069180776966428804,0.0020466264777723574,0.018438686300197977
-1.2382583864408363,0.04187760902243483,-0.001250637920216329,0.0002214310048994424,0.002672202152065997,1.02553646291119,-0.0016879864466701998,0.015687611297614815,0.0007528111035097484
1.6052369609110593,-0.003082190386195678,0.043152329088510064,0.00041407858953763227,1.0831175638013115,-0.00446246947847094,0.004587592073117696,-0.012464106286871376,-0.3868214365375158
-3.0680770238082427,0.31660463061520194,-0.0010253792043666,0.0018479131052263611,0.0017373725414648947,0.0006898132688040559,0.028783281719046705,0.011029561300600937,-0.014528219822734001
-0.003080738059831754,0.007364297969090875,0.003934677293725086,0.013228164729320428,0.8902524294265256,0.0020250967132327703,-0.046409497821482085,0.007962879962334593,0.006636111448292202
3.139672177573353,-2.115808949409011,0.0005433095300420715,-0.03920585739533427,-0.0043115375830449915,0.0001404624621512611,-0.004190551962700229,-0.046421997643472795,0.006331118745992792
-2.7170942677839625,0.0018804798476079049,1.7062045210179728,0.0022863942843902516,0.005672773103259299,0.09805851211852393,0.005059056568822511,0.04579513606432306,-0.0025421946825718855
0.0026042332043813704,-0.002395425123209869,-1.9590807206112992,0.006898436613556762,0.0013016544674366917,0.8796381365064598,2.243079946837107,-0.003442521730835784,-0.08353310692045557
0.28524079453150497,-0.0018219761888802338,-0.0018227981571442183,0.007869088864224688,0.044096347726443164,-0.8788480738608888,-0.0031213815920505747,-0.027513477468765944,-5.284300504585991
0.0003887146787428658,0.004185534065697074,-3.3536654711675498,0.004976271286839952,1.0057462444047662,0.005889699944675225,0.014589043385241078,0.0015549715192510888,-0.7112449856835887
0.10872963822733528,-0.003602275151258011,-0.0007983411282666318,-0.0021395425992528664,0.008219328085318677,-0.5132727966118297,-0.1563208028990788,-0.09251332043316181,-0.01028450723997977
1.4532251613257443,-0.0001150932058511453,-0.3880635915994354,0.01643038568956487,0.015783540064311395,0.0767662125847753,-0.0014056239059836656,0.00035812616561491095,-0.16731777742740328
-0.00017514340126187795,0.0028224448984304584,-0.006433903545757773,0.001150215985213078,-0.000294423989340075,0.00015741077858232852,0.006355209516136333,0.002084366112060505,-0.0015755339657677208
-0.004962645404464394,0.00011127111118464789,-0.0015672245633289537,0.0007234289095207466,-0.029291299067669564,0.005088733846374302,-0.001390921035214477,0.005849591531331265,3.1208238342778944
0.00023243743774967147,-0.8760974878104045,-0.001875330851037791,0.2503573398617962,0.0025978492934312326,0.003918181878074197,-0.004238553818048316,0.0014846558528422808,-0.0026163861955292873
-0.017956517111952286,-0.0012139016643626516,1.0479881860314135,0.002350037318052837,-1.333317345294414,-1.5801942434315903,-0.0021246986126415603,0.009596963493660968,0.9012687060788398
0.001964196839569124,0.11310225944739748,-2.850555587481473,0.001966506945800188,0.02623367597470766,-0.00880232476228815,0.001871706497596978,0.001611686945848477,-0.04602096309410303
4.862902529839916,-0.0019834285181777184,-0.005799645646821311,-0.0021022270458404962,-0.8817355223082832,-0.002248458822256841,2.5176903672883277,-0.0026719624564925937,0.003939419317928072
0.0009590188763898395,-0.008549050735548161,0.006273649703431565,-0.6039601362944352,-0.00046704337725039227,-0.000294340164622012,-0.0016675202840489636,-0.005544080002414203,0.00032853728538654345
-0.00032715722846209973,0.13976833768418645,-0.0015686715499147355,-0.3590956775665956,-0.0008975392541683003,-0.003330540554502555,1.7614427218452227,-0.003566835093168113,0.00010753466592348243
0.0051672662045954085,-0.030844645046673683,-0.8544900729937839,-0.0011233617359309306,-0.9461861947418345,-0.005731908471141545,-1.149523140732714,-0.017751132376194797,-0.010694025424792801
0.005550496873726565,0.0008778729468172271,-0.0037548746304028567,0.0034359920054759345,1.7259404602061335,-1.1751081542079183,-0.0010198579597378325,-0.017801947639086334,-0.01420812683739725
-0.012115393899552365,0.0011148895221867357,-0.002706364068738822,0.024329532523851803,-1.809181472160613,1.2700113198308816,-0.0016738020530842612,0.03707350931046077,0.006633362525838099
-1.9926037070847031,0.0032119400394125357,-0.38335751797211426,0.0036632457775006557,-0.00517008538305826,0.010679989419428153,0.2339781531762837,0.07049828489632809,-0.00222581141946554
0.2672784012161376,-0.022502111453558325,0.0006101094928835857,-0.010861299880062918,-0.0006193841894238626,-0.004174076936658478,0.004159616778365233,-5.016143041088099,-0.005647771975135163
0.35524222717216536,-0.006963878217225642,-0.003507099012612286,-0.011777469230881459,-0.07091766606930056,-0.10568176896677015,-0.0002482324649103729,-4.450365859532863,-0.0037856531702513685
2.4541431494509243,-0.014483259416626294,0.0006407639151503469,-0.009467417696616496,-0.03229853068630058,-0.023035319065370027,-2.0479966359472876,-0.13698671571152352,0.019597602730583752
0.011221147480234575,-0.0028267569477422594,0.013843273788157024,-0.020937435989119957,2.688278299115864,-0.07221183253958864,-0.0021481609968342246,-1.8147683762593472,-8.916555411531135e-05
-1.3035339897375653e-05,-0.011561855242224908,-1.5446131681013624,0.00840371702055994,-0.8879049998721208,0.0024611204691690524,1.7852194262937673,0.002350187779116883,-0.0031426587287083085
-0.8372128648380883,0.005109521041128145,-0.002087381995098482,0.0426322225332548,0.0006840673448393828,0.0021253192607017615,-0.003756300630372701,2.5419005228092355,0.0036838519914471346
-0.0020098495625509812,0.008027270562784567,-0.05552293681146383,1.2795431807374433,-0.0006954652375051138,0.16337731983809745,0.009610577624605522,0.07530078039934879,0.00029066015028173333
0.8507953505848913,-0.005623937971329693,-0.00010393899196495596,0.0009730525904507008,2.3382638504587767,-0.03901890177482115,-2.5049316613537513,-0.07427370966366634,-0.017109580839934913
0.005741636798745298,-0.8301203628889724,0.006602121438807038,-0.0002107849770011702,0.010809962421689601,-0.0019105052955795375,0.001007400512890905,-0.010084864461545072,-0.0038001880608828503
-4.195230322696681,0.12031706127833727,-0.016796430747425706,0.0015405275224906886,0.006596995101690317,-0.0007477078954279941,0.0011800739731586407,0.14682963704081875,-0.005362565776674821
-0.00036533877561241825,0.010858620112668072,-0.00595131431534901,0.20163392781850883,0.1077499553680656,0.0011717761478453013,0.5019462776188809,0.0048752267158254,-0.008363872770763801
-0.0012834828419480292,0.07854385192762062,-0.43302912064044924,0.004616236738024363,0.0007172113403031255,0.0021152758282406287,0.018430637770722277,0.006103161402461047,-0.0023167397210121232
0.013434646958204219,-1.0357327140328854,0.0010299500295093819,-0.013252364412020455,-1.401790320452326,-1.7766215886185182,0.023755717060520626,-0.2610432579644364,-0.00107775868075443
-0.012419434659429952,0.0022474867595034622,0.002465165771342875,0.00225070501331034,-0.0011388059115980788,0.033115900486397225,-0.0011346217058847351,1.0358257807098068,0.00974329024470105
-2.322947591543589,-0.004507312660324961,1.383271513108928,0.0270584321710515,0.0006184678965666449,-0.002731693849546416,0.0013312220303989064,0.019014436222446682,-0.0009776045503225306
0.03321633127872463,-0.0006486408073298009,-1.2546841367563024,-1.469381567570375,0.01011373693483907,-2.3842629484138262,-0.13318599360045663,-0.039041996450465286,-0.00647022580088763
-0.005760255699765822,0.040959238485569975,0.0019629864175866657,0.002536887413652878,0.02970375321030781,0.0111884653913752,0.0005493640523745964,0.04484013513950602,0.00575527241231742
3.7261178987740404,0.0001724615600787547,0.0014950819828373416,0.0017566776198104303,0.0015023295351889107,0.9299011430341827,0.0029743399351536345,-0.017212552161088815,-0.15585891874139746
3.565472014558674,-0.005362442400761409,0.0025999818914007045,-0.002535572940011211,-0.006599599655056576,-0.016730690798275112,-0.006590650330152742,-2.7879196869406475,0.004303238073080529
0.0011516126308591668,-0.48388131807303114,0.8437540849115388,-0.006148190379865939,-0.10190654100039429,-0.040292569024074285,-0.0037590285098735416,-0.013585672480682863,0.006579281651274648
0.0002605710431208344,-0.6027890880139766,0.004081860288032972,-0.43904167848446374,-0.023566417592130892,-0.002666505685214187,-1.2061304142577778,-0.004527465503572539,0.009289051162889823
0.01056118742951273,-0.007046933181862943,-0.0008738513317031612,0.004577796793656538,0.01310299523094309,0.00029424772524465,1.520546600357085,-0.006337009921890652,-4.970801966759861
3.5559607443952483,0.5097239457379164,-0.002679944392229315,-0.0019130949029159076,0.010321469421498308,2.7735904469319332,0.01024546131353541,-0.011445590664101151,-0.2556453333556101
0.0022032652262550393,-8.513137742710951e-05,-0.0179946337354898,-0.8300974497685862,-0.002358491429272841,-0.21778838142408674,-0.000738308189374059,-0.00703987507028212,-0.0025205053528355777
-1.1957974639220197,0.001882130589616525,1.9719511697131256,-0.002393536677836608,-0.001666848878997311,2.11553468121027,-0.004244506062339864,0.005593956459128677,0.009448411060946627
-0.00019955157650738617,-0.014659944505596025,0.05114255013471127,-0.025297641504263224,-0.019338408071560828,-0.001896457566103604,-1.4149129567484575,-0.0038999489782438473,2.2227376710354725
0.0021282312215732493,-1.6926601512499417,0.005500940757714384,-0.27081178424240354,0.0011400440254782998,-0.006649772673099599,-0.016190777483337377,-0.06646284274024768,0.0019018234518466837
1.5802359727908242,0.0007258710955589292,-0.00017906334237875743,-0.001235779553308712,-3.946533240676772e-05,-0.02923715306696404,0.009151932728565904,-0.019251538752291446,-0.015540021339540272
0.14734056665873568,-2.435703134333854e-05,-0.07782702963742544,0.002202511696816725,0.004228137791275851,-1.0999481895941126,0.0036621140565473707,-0.015259871618007815,-0.02744044097735611
0.0031020728535579613,-0.001528332802780097,0.002827327587161523,-0.0014353528385027945,1.039497530125835,-0.009943191071329729,-0.0010947372354433765,-0.008094268774649806,-0.012443167421287246
0.00439245936228015,-0.0015539751300959969,-0.37857698679173496,0.002293592707978234,0.0018986756946416708,-0.2226445800190896,-0.0006007081650599329,-0.004949405105305305,-0.007914642524293889
0.0006965868792428525,-0.013372753160131421,-0.05566508464259679,0.7012529420645774,-0.011769119005106073,0.0009063595341831773,0.004334876825852055,0.0006799651305394747,-0.001636672249436455
0.0005875233192485785,0.0024199972047554393,-0.8886422018527712,0.03670843622556122,1.4398670055060252,0.003193873006028615,0.011360267669192396,0.0019848937560250635,-4.158773131839668
-0.0003373761385520636,-0.0008009698296351394,0.3080474360273577,-0.0015479404837508883,0.00283702539512876,-0.00036440906342797994,-0.022741376179033417,-0.0009404900508280551,0.008790258975442316
2.278957881616211,-0.006333331974302414,0.009963629325484863,0.003192910409213788,7.955673702472743e-06,-0.0102246115059531,1.3473216615795374,-0.2050343744094778,-0.06735657026902198
-1.1472184664746052,-0.006881571502134046,0.006230129408292855,0.0015912710207450997,-0.0016869337892576296,0.7899606977517402,-0.023448898361657547,0.014739968248806213,0.03336494228194392
0.0450591841456362,-0.0016500507525293523,-0.009217936409419553,-0.002341519646778828,0.007501550841502495,-0.0007162714742033911,0.003868957015472297,-0.009055668939331307,-2.2937808179834724
-1.382674416450848,-0.000546522076972894,0.002816852010366598,0.004025969038891956,-1.89958805560729,0.002913170847569535,0.0023187927704413176,0.028551916611966155,0.011565259663772198
0.01574150087044693,-0.004131870454363274,0.0017875659775624466,-0.002810816810153526,0.000752685075939786,-0.03521882682133326,0.011405653506306502,-0.020978830921966306,-2.9038148818694585
-0.0009381915407782951,-0.003114599908791843,0.006161527618939049,-0.006798903683996297,-0.02513567655067414,-0.0005959050943762003,-0.0070692792554630105,-0.0020109795190462326,2.2271129271480365
-0.0005787357332060874,0.0001154018894022541,-0.0037828951875744565,0.338088501853397,0.001650366290959381,0.025744056856562128,1.1184558415208772,0.003660478497442151,-0.004478746133162993
0.5362367347371504,-0.013498859253111648,-1.0137588633467765,-0.00896114432585892,-0.021977687104409643,-0.010076534144663873,-0.007407771630434085,-0.16667232100568236,-8.089932719990145e-05
-1.494052476502616,0.00814061147424703,-0.0017148568351990773,0.008698842263211404,0.000647900240972242,0.6605682255443908,0.021404058394817724,3.624742703344202,-0.0060777831320137365
0.006559604210879468,-0.009701117657707087,0.0005222921072053394,-0.00483521804817529,0.0009239144812155306,-0.007376021936640111,-0.01133038749866622,-0.1768055410231554,-0.004928028969065672
0.9789315808927735,-0.0025554629675926433,-0.009183351047450702,-0.0024044780651489434,-0.003284226202266871,-0.01327377593456812,-0.003671326310292329,-4.6096034489637665,-0.00396436634766173
-0.3564497201376029,0.008021288675473633,0.0033949130477625945,-0.0003312249631040355,-0.0009009890558019261,0.0035031212306597063,-0.00010657089608272913,0.010687726760103107,4.044295811102549
-0.4076485056779506,0.008095451041436785,0.004239548083769948,-0.002574061257826347,0.00041952364947906405,0.007684097353363994,-0.012246130657553426,0.014760833987193949,0.10173908308038626
0.00468693581355917,-0.003509493140503593,8.690967157882427e-05,-0.767342784467101,0.00413294235231929,-0.004143527778394908,0.007239523982610449,-0.019557574509364968,-0.008595956916814734
-0.004770479607760668,0.7908457375580533,-0.0052488877342701575,0.0032706448228778627,-0.0009244469644140996,1.8103298128361174,-2.984622448860629e-05,0.23138697523705326,0.002991772680585855
1.149488032319864,0.0121456557874541,-0.013183567656657479,-0.33084444857768497,0.0007058079820500621,-0.0370006724592503,-0.002556172936481373,-0.08692304312922954,-0.006039174427483807
5.158563635290249e-05,0.6550707459411325,-0.010057332156784227,0.014109356900214795,0.7904093467957887,0.00118369055818731,0.9382668832554164,0.003320854055108454,-0.026021838571181913
-0.0005598079878270388,0.0018546873177295812,1.0753546623567847,-0.0008567488739656568,0.0010652540349224732,-0.0012112006957917662,-0.0009062233862635747,-0.001054831353056436,0.005335695626900817
-0.002108066746989032,0.004825805521906885,-0.000667746733368602,0.7691959395752512,0.0017686357882094736,0.0024774397662788994,2.6294725761797944,0.009406377396312497,0.0008316130836915209
-0.03504391995163951,0.0006170708374020535,-6.789154823622773e-06,1.1302627045264042,-0.011701674452446648,0.3258199032772687,0.0027800177834024324,4.314665076873756,0.008962259610298978
-0.010687947220651845,0.004603338640179934,-0.001946917102219654,0.0011765739701880724,-0.008547956239197095,1.1109939451396884,0.6664735386320798,0.07292102158940017,0.007440929104060794
-3.671723583217461,0.003800331963100604,0.0022021976908669083,0.002534843799925163,0.030949089899153542,0.7083149130700969,0.00819358725300847,0.02002577799681014,-0.003151740390569091
1.78519985968096,-0.0003749931642795202,-0.0037267580906115774,-0.00015082993561069038,-1.7765210538931209,-0.23850907861357495,-0.0005929801527834572,-0.09656669251321504,-0.0259182811312329
-0.9463938498522539,-0.029304548065176624,0.22066268315225324,0.0030665037404248602,-0.0005698947613862124,0.006310258571524263,-0.0054300404498461834,0.015099160493388773,0.027210304606706454
1.1294849604922297,-0.0031204572679968635,-0.00793967805909401,-0.0031626740471244093,-0.014715934140251838,-0.13929673215469746,-0.6906308342418983,-0.22487751862014715,-0.0014692453533387967
-0.0249717960589007,0.012636918330294103,0.0029377544135496033,0.021557273734236947,-0.0037432557470611495,0.0006613814847084856,0.0008706864358858427,0.024391561592526336,0.0074739163379837145
-0.037800619259086406,-0.44541869626267966,0.016338981249510262,0.05367834376445989,-0.006213016995462891,0.009735667011591925,-0.00496861921090739,1.30746853762367,0.015337921325036287
-0.006458095458590346,0.9629051378376069,0.0018842261505092257,0.01357458933597067,-0.001122179956609581,0.001481051022083228,0.00022040425053693365,0.10272847502296596,0.003698766645546749
0.0010029462467303768,-1.3368117424551307,0.00609600501378256,-0.09963964177173135,-1.7190138237563786,-2.7671978358850007,-0.005531989407725219,-0.049860499545688365,0.01605381046164528
-0.7585117013906626,0.0026078258153841172,0.0027473192487557484,0.0021633665479500585,0.0010224471394467607,0.04167086571450777,-1.0316808396454853,0.01886576619847863,0.2045097646492844
-0.005933085751308867,0.00035626168150211523,0.014217015755525489,-0.0012706029581585313,-0.003989798136823544,0.008663208440469694,0.0005678595391291647,0.004266194663261093,3.3856261555588816
0.02838465677938752,-0.005976772843038116,-0.026226691170319148,0.00018856792747277864,0.004443344330789822,0.0003114530635767597,-0.000378515414362481,-0.01704894831966527,-0.041427813480767406
0.03881403507104764,0.004411705559125312,-0.0049340594717410535,-0.0013029685869801206,0.1402915410326353,-0.9754868921696576,0.1390306912809841,-0.0123076565111114,-0.26688542651155556
3.2438969258247576,0.015780657202112747,-1.8707985980474247,-0.08914624845914532,0.002953104771400858,-2.38591320181106,-0.00999490354824719,-0.02238637204183186,0.008491024292916705
-0.06485999676193553,0.0022891906973678353,0.009628939746520293,0.05294405692534515,0.14495245952353347,0.0014293367814282353,-0.00037101428209902385,3.3668111825633895,0.004344773032694163
0.031007639614109888,-0.8619968047097144,-0.0031647550020119015,-0.0022095475350129346,0.0044938689247088996,-0.004661165900140189,0.0021976536316275835,-0.7932144861879533,-0.008014868574421453
0.09175745561201319,-0.0011445156766414773,-0.007795054386707939,0.003008670627117709,0.005923712861389891,-1.7540757155510003,0.02722596061434847,-0.014627792037984637,-0.15671071854313712
0.009881965519791494,-0.18444167802799347,0.5073648263348561,0.006714009949433683,0.010352741814237093,-0.035030385004350906,-0.0001150155081904641,-0.02166104451393006,-0.15236670203307137
0.022855383043858053,-0.017703811530282308,-8.474087095065126e-05,-1.2379322556613999,0.0020912028566932627,-0.5798314225477902,0.004658841704377475,-0.03294354538245464,-0.006007966655495606
-0.8416145171362435,0.0035350114769315453,0.003508990918411295,-0.0017915153174174851,-0.0024402053736978808,0.025065795442178927,0.6559878883381074,0.020023873565347648,0.011148623156693946
0.0069992707265737406,-0.0014297749507453804,0.0021684424907466725,-0.07837969788079989,0.0021777827576939697,-0.002124057282865022,0.0014044910491104875,-2.0472560682597885,-0.0016916848033361707
-0.001709049856454196,0.004377929932745296,0.00180871545277847,1.3044533105561877,0.026264295947103077,0.1239239061845697,0.0001571934009530155,0.013646962549573085,0.0008193711266280214
1.9450753943432841,0.0031024980149372983,0.00169533312622824,-0.0012427714868060106,0.009116079476173815,-0.014450457944201621,0.0005020339862519662,-0.009260063067335376,-0.013231015293944604
0.0023360263224252477,-0.032102338183717695,0.47917658047621453,-0.564698965892338,-1.0333156357660995,-0.027965659531437297,-0.017935956210473922,-0.014896177541839816,0.006297037844785816
0.0024408835619550845,-1.525677538394995,0.0006942643557123875,-0.006465801554746229,-0.003989728595332405,-1.1889190953653896,-0.006313277539844885,-1.0068636073032522,0.0029710083134645154
0.0013714244910926624,-0.0019618148672285443,-0.004457821668951837,-0.9215642326684028,0.0008906273385233306,-6.04680332918293e-05,-0.24144898689469713,-0.006266104198950197,-5.175002289182183e-05
-0.002823019178885562,0.0049848248080261014,-0.01963666584429569,0.007167533451202438,0.00044072606363174203,0.10999797088813057,0.0001570150393374374,2.3653084442179333,-0.00043375272001771464
0.015256095232793934,-0.0019940686788859838,-0.003719144405029219,-0.010225033976754706,0.00015799728307339632,2.0786097196988655,-1.1834148352928584,-2.301287028551264,-0.000991812503246925
1.926080124941415e-05,0.0034814382276689496,-0.010504129699285495,0.010027061813280835,0.006828591967480494,0.0020140509743837576,0.029836372642577734,0.0030531026681998655,-5.356424795335148
3.2939528228966037,0.0007828617958625869,-0.01301336521687188,-0.0006500184319139096,-0.711333734247992,-0.0013156437236159883,1.7263618364717621,-0.012521867578734303,-0.05411765905343824
0.00014479205959030267,-0.0019400496815046384,-0.002025864497069003,-0.10811812522286524,-0.07969703244052709,0.0010090327922156576,-0.012678803910021304,-0.0044781399905311076,3.202014640798493
-0.01412056922408362,0.032564000818228106,-0.0431292561816505,0.0016427041546867843,-1.4185812521130539,0.009541082025909201,-0.0024134544512712033,0.019652463392647417,0.0664178265429749
-1.5809923491545874,0.001326136988829614,1.1621279058479341,-0.09568310034772015,-0.00438002095749403,0.007913000246073304,0.01606029985870991,0.003976291658530695,0.10414201236676535
0.003554138517471113,3.338208401211691e-05,-0.01663060853843413,0.004338028429464675,0.0030201635588981927,-0.002160427103904433,0.8486238640889651,-0.00166595211055829,-4.222176463557892
-0.0031964073162109932,-0.003388039208641608,0.004016756923444992,0.0007267920854296824,-0.01347594109179788,0.0005836545400432006,-0.0661369243205443,0.0020463752765592993,4.141188125353809
-0.001355896102962613,0.0058494962362467305,0.005358216993795666,0.005082557097048241,0.6556251952031071,0.00023002896185953317,0.56195478749401,0.00477190856879808,-0.003966865469738769
-3.2081862190948414,-0.7398421063595889,0.06926399287674906,-0.0008757091714603916,-0.0006326541625658322,-0.003397375146376054,-0.022221331313975898,-0.0017940905965961214,0.056034351479367306
1.6529138117763063,0.008620304762615504,-0.0006528985770331806,-0.007534886286801189,0.021719697049831586,-0.020040651751265178,-0.6648029824653142,-0.025541945460856072,-0.004973901334054703
-0.02245676674441697,0.005998056549572353,-0.013967246490963897,-2.1058586226199894,-0.0068856571877976905,0.0031206905301568912,-0.020628468896345176,2.8515939309284133,0.06030977742009114
-0.0010430017449316556,-3.381870746042661e-05,0.00214737776846026,-0.0020074938528498263,-0.0034196932223951727,0.0003441279572526825,-0.009201085842828664,0.0006684565706317886,0.00803056122174558
0.006789836855269716,-0.0035828335190174324,-0.0028108245523321704,0.0004185237007455255,0.00046692680545544225,-1.0817900945990748,-0.0013652456286737315,-0.05073179004360948,-0.004275452659263421
1.3087847856969714,-1.28212949346654,0.002093205862649019,-0.0034802410470663597,-0.002019453675450495,-0.21486362398081935,0.005520809125369483,-0.04946748276647864,-0.00141920232302703
0.5489288607749121,-0.0027267060073684693,0.0010039260519009406,-0.00597629428934375,1.1311832507686728,-0.004479673579007303,-0.003226668986353633,-0.19848683443642307,-0.03163541023759009
-0.0012365625676597162,0.0019239418530353413,-0.014568320839005307,3.4465674566150567e-06,-0.0004324919343259943,0.028684867108330257,0.0011499356108642667,3.4056508851826095,0.0032223279480637496
4.156577488902503,-0.003751069216786987,0.6522073720312358,-0.6045207266738144,-0.0007392069925367117,-0.8554940331932662,1.1453826104913274,-0.05427328924238023,0.023142725895745064
-0.00042830301677791553,-0.5392905588943812,0.025441633302659875,-0.027073592651697894,-0.23705714762765606,-0.0008754707291935356,-0.6847774092858245,-0.004959967807913121,0.02857021859249391
-4.143291956298083,2.3907576916273086,-0.002319819458314512,0.0897342670967398,0.022080637806695225,0.04373167858275556,1.2084060938547663,0.3398715893250972,-0.042456922228084615
0.013891294940918543,-0.008076893938995921,0.004838958289392882,-0.31873853113461614,-0.0027604176240913787,-0.022255539248487336,1.4757110480341016,-2.4118793894358874,-0.0032395301205010163
2.4937257060728695,-0.038004926999901226,0.003676722938936401,-0.003559571398793944,-0.005159074097354152,0.0014043422697695728,-0.007980305966638856,-0.09038467265591282,0.013357039292987705
-3.2898078667212376,0.1662157597090784,-0.5948519581218075,0.007630591287992006,0.011856980160559256,0.11283581106656401,-0.0010395282559436114,0.06347359458500773,-0.008406552770945763
-0.0015091035834322753,0.00043175936809082376,-1.9924436511428723e-05,1.6587225847620268,-0.0009672912658927977,0.006608581151326616,-0.0015809278574013402,0.010299474115328647,0.002944051321143986
0.0009655221069972426,-0.003191850693948034,0.015101681629632026,-0.011338960634742358,-0.0030026259756611214,-0.3559916937332171,-2.9481444389480447,-0.009132959975340426,0.0035247646329900906
-0.0011060456077840166,-0.002366520868793784,1.1752759038613578,-0.006421103548957776,-0.64369574972005,-1.4435308425349758,0.0033388988934552532,-0.00015430241193120306,0.00994694649026269
3.0777384364332345,0.002283377828219496,-0.0025229490287777268,0.011047808954367244,0.005816132809183,-0.008824218021624003,0.013802288066726731,0.005960586930776501,-4.129301757896624
0.008257421625623788,-0.01306078165693512,0.00433464227370171,-0.9316387353405919,0.009871571548107246,0.0015341034082534779,-0.04970211559416579,-0.09068487724090905,-0.006953485183471183
1.874156550824558,-0.020478548125288404,-0.004964251737549979,-0.017729682001524482,-0.4215721903985594,0.001977715404379106,-0.0014535503287712616,-0.00687166537802477,0.016324003751435084
-0.00018521687850182628,-0.9910623825012422,0.012145337461696895,-0.0019808095728239047,-0.010952943096576007,-0.0025247148138877306,0.0032852928015015596,-0.005766646184384055,0.0017874945176079684
-0.0004932207270214534,0.18568298252931786,-0.0010395138353434565,1.23915787925761,0.005801527499578204,0.0008920189886540736,0.3801778768314845,0.002713551023939567,-0.004947520512460625
1.9113044669341304,-0.0013904305917808845,0.00022693928195572505,0.0020529205493541557,-0.0013987850902166567,-0.06435565268560384,0.2018598087271996,-0.007713943890778292,-0.02893569498892784
3.9808052645022105,0.013292045620817441,-0.04066183707555915,0.7167419539823356,0.00015010003340942824,-0.01600729839013068,-0.001875405482128542,-0.04176361044614163,-0.21520815126158688
0.0012770877357915938,-0.0007477245768632106,-0.003048841204725084,0.3982300375954585,0.0060161816340678475,0.6733989995532988,0.03779431667619562,0.005781417360650831,-0.01083674986633576
-0.0018587358107370533,0.09320488215487274,0.0008720377337287054,3.285301412021832,0.264744457604563,0.00204744333539772,-0.00035760473412256577,0.011514800058317818,0.000805682626323136
0.00031394700715390526,-0.0021720841766698197,0.0012043195843102691,-0.0012407017290217873,-0.00431678553960322,-1.4317314599697832,-0.0021870878688883977,-5.6771129165482,0.0003204937744587799
-0.2713373147108038,0.0008293931629026674,0.002299508257789742,0.001431709518265373,-0.007671625972403496,0.00854061039541094,-0.0058506239991124,0.015406367161997617,3.218800830979347
0.0035851949878258796,-0.0035243560900048796,-0.018540009289942736,-0.0038483176631863582,0.00019435257884542527,-0.0022484406184572286,-0.349687007721616,-0.01104182624839271,-0.004770908108876907
-5.040687653625121,-1.545572983375692,-0.0004649674450782626,0.00046452259287024095,-0.00011750218765310683,0.021312932642501378,-1.3557721207240663,0.03511161273667379,0.030096365158805316
-0.48766801903878676,0.000560157877166019,0.014645969526698641,-0.0022571191016864944,-0.022379761458899,0.0031708344274934304,-0.0017246435687890554,0.007431167545702732,6.2428610081691325
0.10829244574809799,-0.0047116601052686075,-1.3626363649191495,1.624244626421099,0.010354753987532384,-0.009335133188218103,-0.0003665266421157727,-0.03169659246367784,-0.0512891927939248
0.007140888735277406,-0.009707022895233383,-1.1084106286349615,0.005812645477267592,0.006226492015376977,0.018491883365174377,0.046817208599164835,0.0014991588278103762,-3.7399285360388577
0.016184561457639385,-0.003756708137827581,-0.0009668876762518772,0.001362770591397922,0.01708313503308697,-0.0030114670599330935,0.0033065337131205534,-0.006052071509287736,-3.759988329386438
0.005268579227685213,-0.0001436616346978288,-0.004970099935745071,0.004446964707023923,0.007081825267295902,-0.005502174938493899,5.484492386323808,-0.0076097603542027055,-1.065355170207221
0.002217087739793037,-0.014333170073087285,1.7844589200540386,-0.00439598202608853,-0.00954404503794152,-0.002060646494574588,-1.512192220803779,-0.008560086729851882,0.005774706650148953
-3.0493768942314103,0.0019323743041505066,0.0029593644538133956,0.0010090397744446904,1.538908477562332,0.015749957642644134,0.1977125186150678,0.25125331456444117,-0.001847375659833339
-0.0007483825621684937,-0.0008665077103156805,-0.0011688338965368666,0.9599135226097402,-0.0007268878794624047,0.0018799091457210072,0.7204397718174409,0.009804816106100168,0.001049842484695
0.003810808333468411,-0.5630135494170293,0.00192261453113045,-0.007913422333997784,0.00020110656217033843,-1.6843247901791871,-0.059496812222630965,-0.1015565678001233,0.006511287219705494
1.0726630519171172,0.0470014735391493,-3.5159805037160163,-0.00220387223060603,1.953247756816015,-0.03518918733452703,-0.0028724420382273772,-0.05190912856532548,-0.0600002240548434
-0.002415007405821276,-0.0032611870410526045,0.005430357787204722,-0.004735024105742863,-2.946534087106289,4.314698205124899,-0.012282200684125059,-0.0016920793757163703,0.020021336180127358
1.1850682934203394,0.010775740639391573,-2.6579127697178335,0.00042081026919776887,0.003970729028706524,-0.012742999818620496,0.01788443795049819,-0.015739811220533778,-1.0450343414066907
-0.466157752926774,-0.004605765549538124,0.27543462280159836,0.005872492004302952,-0.0034407867470264523,0.007140539978410462,-0.0013101576342775842,0.01288967049248338,0.015376897202752635
0.02542694200800312,-0.01161210403510601,-0.009818967763287362,-0.003275999873408675,-0.004466570453041856,-0.015580332614360502,-1.071891785298071,-2.9581390031227777,-0.001247526077859551
-0.0010096581766795426,-2.981036016317369,0.010320584463613426,-0.27902294999598637,-0.05828768486646074,-0.0024218619952030805,-0.012737159974833545,-0.014097607592026662,4.438661530953912
-0.0476310442284143,0.0018266552542889486,0.002832174848995827,0.0016158575781012232,-0.05943989251451873,0.003394751128773982,-0.006337251470571591,0.009999157386837397,0.48199482049441134
0.48945349201494226,-0.004138322522431532,-0.0018191984780446752,0.001524178661304998,1.3199513937976084,-0.012475566666500064,-0.8378597423564709,-0.04265130237843995,-3.65892697131482
0.034462365127929884,0.00015765160255963584,-0.06524674385210003,-0.010540270501771323,0.0017043683119011728,-0.005032044253303303,-2.175576288407037,-3.3817737220744633,-0.00960840885469229
0.37647090415332296,-0.003643434802882108,0.0015397488751267199,-0.002676680955546066,0.005127257211297547,-0.0020026634829945476,0.02083935931832246,-0.0179471896320776,-0.026182200481949823
-3.9548890228112876,-0.9447910817199974,0.07590587928198567,-0.015706868010919688,-0.021807363875521235,0.0050454334179771965,-0.005163058566827923,-0.028482519836389622,0.055919528872395485
0.0014366637833595312,-1.12377278801783,0.0007392709037557779,-0.6033794249638913,-1.6042115531664471,-0.0040831087777191705,-0.018022591416552575,-0.012172890261411294,0.0045541655061295885
3.2909288472424243,-0.0031369498117389313,0.0003064800059285333,0.12931741497457028,0.002934368044141225,0.002407051139491424,0.01691510206864369,0.012312897247680383,-0.05513574538382304
0.002223365569758291,1.2978291657585934,0.002961049812308563,-0.660433994719166,0.1385500429163797,-0.0014833660533151189,0.007920167435907429,-0.00600571683553707,-0.0076448933661035605
5.5876562669530365,0.0002806737966600066,-0.026872381242084797,0.011978827191973466,0.0030717555722842155,0.17078289808519065,0.0005167597009219302,0.02321296284037149,-0.010477089163474118
0.10729151316588917,-1.9583357748021648,-0.7925387728239631,0.7881242244389243,-0.009951816375415075,-0.006017595239671209,-0.0022328667645468347,-0.044181845572200215,-0.020140349998565732
-0.007300603430546858,0.0020657949120925804,0.0036853624525590876,0.00032132118237993977,-0.0011554273224855815,0.0005231340294322324,-0.007628314182530573,0.007654924356803608,3.6097152171338895
-0.0009654041723565034,0.027342334047602872,-0.007026363400453037,0.029688688849789764,0.29469223090517216,0.005505351688926121,0.010861421970735339,2.419160091885163,-0.007209389103932463
0.004725176303941185,-0.006566446157675703,0.020994832560593955,-0.008153510017120587,0.002330131087906759,-1.6517972923464201,-0.0044364162050362374,-1.0443752951717142,0.0009109687715732756
-0.16207880643008782,0.006931699528367027,-0.00050105711021637,0.0020776022499927145,-0.4570176586923892,0.002850802630582414,0.0007517932734542466,0.015951038915720254,0.04496378279961066
0.015868721490055353,0.004402590466086393,-1.3698931712062852,-0.001053589880407828,0.012183607172756704,-0.017150588481197243,0.003630140154594344,-0.010533517425270072,-0.35424698355610285
1.3953355025265273,0.0005703630670813669,-0.008018796721653752,0.002865885684264992,0.0031521793779228473,0.002799758285013724,0.005010426691001241,-4.590709687426076e-05,-0.031371141938489555
0.005821257315859316,-0.0033854744212394646,-0.0026060589852898107,-0.0071689417006012245,-0.0004185225575199297,-0.008172650784665891,-1.9229599848332388,-1.306750501164814,-0.006015699612629696
-0.7625086328058972,-0.0028928609113116214,0.002723764695484604,-0.00010561065132834186,-0.03016064444883855,0.004618196881667458,0.0005100149981563488,5.52585018063579,0.032415334490953907
-1.2800959221329764,0.004884833348945687,-0.010123249296567275,0.4652013972028916,0.0021032114332940697,0.005862196167690352,-0.007246878596334064,0.12936761033130548,0.006496118579443905
1.6045447752012678,0.002185635437614797,-0.002483306544846329,0.0012083453928277907,0.005261770444316874,-0.21496858007940872,1.8583231131885767,-0.009059108410672853,-0.3260434527793423
-0.0026574385284465502,0.0008014275444630902,0.0013394523297778297,-2.49998738594241,-0.2733621286615904,-0.0014624258297543779,-0.015000510718428825,0.003548275795287853,0.04720104361102142
-1.4349964287723613,0.0014042856948646744,0.3196054801369125,-0.011578862405546977,-0.003704294068977567,-0.0020509899380406205,-0.0003688822141483458,-0.004915913286179536,0.018630182406128237
0.0025683739180515242,-0.0023406037022793255,-9.009755517115463e-05,-0.08067461723827833,-0.0030735852540877528,1.5809432773583088,0.06111317256113949,-0.007846221608599867,0.0008507829471900291
0.9775620354345911,-0.0102755355027355,0.0014510128382178196,-0.006633277462683573,-0.0027024047813878436,0.001269577453389442,0.009905273927580983,-0.030035211232239303,-0.0010243773016645058
1.0916209315576741,-0.0009801964310065109,-0.04403000532006805,0.005206199840597399,0.002092752513241153,0.039384441795512426,0.012292043728785965,-0.004285584875991642,-1.4936205006963146
-0.0045318947091197055,-1.2906453265232298,0.030304917664953992,-0.00020765947543902705,-0.009573437970691275,0.005520642286767294,-0.007851723833155636,0.008998919451240825,0.014508983681493486
-0.0026111691882455094,1.2853560926605363,0.0023205183746816595,0.0029125649879260824,0.014348289394942025,1.7043168869899843,-0.3875611369768018,0.0025313846303240874,-0.0005202983330301614
-2.5303721125442546,0.0019299284042319023,0.00021582155764392555,-0.012946985347059972,-0.002980287344770856,-0.0015885209991016065,-0.7181364717526996,-0.0005385554557143513,0.34824225699636546
-1.3492279203587225,1.8401299289659732,0.017058532313557313,0.7102707081575661,0.007928823073098659,-0.0003078320221822177,0.9135978359202999,0.11042218667649437,0.0014869769572832814
0.0007281889857604223,0.6349818566463085,-1.6530678708315052,0.006300554184064534,0.005721670431466706,-0.002023528303700596,2.211263773148564,0.00025308790944883475,-0.4385978189167816
0.0002541180714261265,0.006059692715809862,-0.0024411046547181793,0.6087896764596735,0.011906375163673256,-0.0034739367745445643,0.8280299134665248,0.004142545878440859,-4.188970814663932
0.0029469569620367234,-0.0001749512044495578,0.021836526485907833,-0.6853156341197387,0.009547170372402498,-1.6199580516084278,0.0016895137059565778,-0.01279835836754087,-0.0026658890148321124
-0.016409078837859616,0.0366836366985228,0.003333254070159897,0.0011104818868647084,-0.001435115834328265,0.0036885523461957885,0.0036201902389053423,0.03462816165484544,0.011602889214949995
1.2842590220094645,-0.12425593703587619,-0.0005096658321235292,-1.4394922006428092,-0.007232876990930073,0.0005622697949511459,-0.00403648118573462,-4.893875553549013,-0.0007947461943922929
-0.002151622551553609,0.007299113230263514,-0.31498847231435595,0.009223609585192104,0.5938363089312734,0.006474280950598202,2.26272941444538,0.010721046789944427,-0.004498873908029055
0.08068848171779358,-0.005119510279884276,-0.0014156353872624497,0.00012158971103726907,0.0004794979215274123,-0.7027474305254764,-0.0013911626134787483,-0.2107710622660205,-3.652799440351812
-0.004297323603111097,-0.00030324965449952154,0.0018677858845228545,-1.1856862483511885,-0.0036528401888492115,1.7293572522752536,-0.0026923560238690386,0.015228364166479732,0.017590507220808488
-0.7903321486894048,-6.560935177160848e-05,0.0038376143350922574,-0.0010067407994184727,-0.007631137178064575,-0.0012758911192971537,-0.0011357400669779315,0.009880594540598293,0.11392093921212892
-0.0041045271428711005,0.5359478826512498,-2.3138065084171946,0.022146332471293786,0.0009298124855716787,0.0029841043204130507,-0.0020428372593962424,0.01346646963866499,0.005195945569278992
-0.003124918350222758,-0.0050028062044232945,-0.0005247358429640164,0.010956514905784896,-0.003920838475860677,1.8178134953063447,-0.7010535085851552,0.009977857436409367,0.007787934170278135
-0.4472931002527806,0.0059902246351623105,1.251638267695232,0.0023145297290060787,-0.001332382082672644,-0.00015788635312952333,-0.015089488424779402,0.013710778822961792,0.04476418760667156
2.324739056241268,-0.005464686436685048,0.12673033917484383,-0.006199239165244451,-0.002346899126250253,-0.015702225520338276,0.001954088699465735,-0.048772812851571444,0.0004971324154129098
-1.4322146260546034,0.0015430043396330714,-0.0009718964648206298,0.0013454628656588002,0.00023342917298209073,0.47888778205637106,-0.00468664260861233,0.014874717440837546,0.006508974213102703
0.004659580215224075,-0.7952496842364707,0.009348260149219363,-0.0070829706093511954,0.004871989750251289,0.0023879015049221362,-0.0036506865125631354,-0.052233163627485875,-0.003331423080279429
-0.002780747425415681,-0.0011049344000126314,0.004434423004294287,-0.008577913718551766,-0.0033044126355985456,2.0003997043248827,-0.0023527528909827533,0.0006009936644618952,0.010787334557150696
-0.006543376513253998,0.01415327059731924,-0.005103387172731025,0.005290611851744849,0.0015258412236580227,0.9811675836938057,-0.008439631087314648,0.03607783339508463,0.004524110241451336
1.5705846581383813,0.0003748815611028661,-0.00463929018287397,-0.001623255187660405,-0.0018619934980591071,-0.0033574492391506734,2.593135631951762,-0.10454792873655594,-0.05057231365758996
-3.2988715120343364,1.2689796811263887,-0.03167221582212121,-0.001009569691336875,-0.0022006039878271766,0.0049956615120530165,-1.2979225912577066,0.006747725159287343,0.03437060154859295
0.0006570406688534789,-0.0037148949005144996,1.6683266869636177,-0.38673045315328375,-0.0006361005282875956,-0.0006063136751614275,-0.08710761280372771,-0.004189869529252675,0.012146462746403769
0.0009857447464045061,0.008097925026493357,-0.9946222270461447,1.0003386216769532,0.008154172981540952,-0.0005734736955931409,0.02439696152041005,0.0018553512886084027,-0.02920561415842074
-0.002815567477778342,0.0006836063315726853,0.0015012674965395327,-0.0058002877391793335,-0.037117503477814104,0.0014247989176154417,-1.2292956633201928,0.0032585406009299203,0.26338684740186824
0.015693272828821256,-0.008936553685710434,0.020422679258252998,-0.0019164932050897143,0.9632854408155228,-0.001756094745195464,0.022104569635332413,-0.02346793127086432,-2.3087131704662003
0.491772725341409,0.00017143995698437728,-0.0029218136964815587,-0.0027382409350952958,0.002217497146952116,-0.12995222650757024,0.0031569255975288212,-2.61150064163314,-0.01490624581231531
0.014846055927786931,-0.0038206403181922613,-0.003919794687542173,0.0033816951285914063,0.0060761893313775964,-2.8351644388723947,0.005877308990252226,-0.015570850708747828,-0.04235505077548449
0.00325950442632629,0.001227732384242116,-0.034977739998585486,0.768033784916828,0.0025432272030839996,-2.0650939816857723,-0.00016389843622706575,-0.000451726006904053,-0.010832980237623968
0.0029502372786637185,-0.0030172414585262135,-0.0029198319343604257,-0.009670441873503655,0.0013203550338444828,-0.002688028507414134,-1.0033722602399002,-0.012899528966070153,-0.005591880438927452
0.0071897573133405945,-0.007122156222297749,-0.01257722374221394,-0.016899889041874727,-2.2473150114632827,-0.014825499287017492,-0.8738641169109436,-0.024397548507948598,-0.01446720620680067
-0.06464203710522787,0.005900839293680595,0.002265350183260859,-0.008725829977119862,-0.006322533279443751,0.5674001738829701,-2.5680288151420676,0.022288615867931794,4.593262131182058
-1.0471442887886289,-0.003515141729333489,1.0561977157698124,0.004150766144251642,-0.00033984079064974283,0.0028158907311449594,-0.0018385243547110759,0.023716946542220313,0.007457884795583264
0.0015859419476122695,-0.7874552483129396,0.00206421093796776,1.18202475097532,0.8022118172715615,1.2247090422081464,-0.0007189286587468095,-0.0012914740202423416,-0.00492787203831031
4.539906858675443,-0.01728870294884452,0.10796188765446091,-0.030786888133587376,-1.2357434879871496,-0.0015120523546957726,0.0064532336113885536,-0.8906634776488405,0.015617737943890875
-0.00010405371126013486,-0.001234938971289283,-0.0001898064349754227,0.0017688148744250932,-0.008288186073408352,-0.001102374259070413,0.0008371605242058249,-0.0009760544006163742,0.00013329980014829807
0.0010888234911927994,0.9824810682967803,-0.013675901272426084,0.011019857817408002,0.004442080073863895,0.0009450804059195374,0.01785150075836333,0.0025570942764717394,-0.009487689147323545
0.019064308547775688,0.010664956107187477,-0.03812664800591027,-0.00043491754444822256,1.4302129077417627,-1.269980501540675,0.005122424076132941,-0.010469175208888473,-3.07979551834768
-1.75224403824972,-0.003150872807303237,0.0026240015049501797,6.778589429546006e-06,-0.002486977251525073,0.011881637450138394,-0.004368148835603139,0.004943309217650095,0.024151091761330734
-0.01527094289835415,1.4710979621724998,0.018235453958050634,-0.0008585893395958791,1.975164149480547,-0.001564798811408528,0.7748117560196377,2.2201041064604907,0.01670930325401712
0.0001292220284733088,0.004960709707684585,-1.1458309552859915,0.0014777372665276964,0.0017529863006803936,0.0003653691760684991,0.016362752200896627,0.002615531234267443,-2.5586055500438456
0.9411820238073229,0.0001687655148816193,-0.002247498508628907,-0.001157850644210464,0.004883855841135437,-0.00433302076965906,-0.0019299829311238657,-0.015012782604860365,-0.00866740562514616
0.006957101781911321,0.000939425479147154,-0.6122575114995522,-0.0022049288360389985,0.03282416628085666,0.00017230578628281076,1.7063212750574117,-0.00471895221507819,-2.5926632232656024
-0.012534816193854152,0.0022116983110815926,-0.00034050260539144185,0.0014216634464009502,-0.005254832431904267,0.01064351103171933,-0.0028026342890146586,0.013654426517621873,2.065998667718011
-0.001490026745900288,-0.003719363476400221,1.4182993898666885,-0.1865108324248807,-0.003436635843542122,0.0019373608386811791,-0.5455218608000905,0.0007606499001839087,0.5494908583258336
0.014359883050072466,-0.07951373006120259,-0.01002033668395898,-0.0056828466266016075,-2.2455001661543723,-0.007490656886324467,0.0008973266163991078,-0.03643546388161524,-0.025329566045626806
0.006232962761392596,-0.005963096893871991,0.006712201179619013,-0.0066165430279623155,0.004011282679471998,-0.0059316027388152575,-0.9462740973627037,-2.0519827513078837,-0.002085310995029713
0.5000325977773191,-0.005946354263866715,-0.004078916594385312,0.0037888111900756193,0.015997026400304003,0.0023911392910351075,-0.00426193755404218,-0.00790923946806593,-0.07389479023915596
0.0034626667832737407,-0.001088196730293822,0.6766711828244548,-0.0033001299370997187,0.0023575606017377524,-0.006650782642866393,1.0472808033841716,-0.01519427787938233,-1.930467264548514
-0.0018368703465400024,-0.7918093538033466,2.425125711012962,-0.00551053735304822,-0.04634633657060502,-0.0006923306555113983,-0.0033270782732545924,0.00028015903914459933,0.3029432330984132
-0.000515448613611141,0.016395620380277198,-0.004354459149165524,0.007591407824153984,0.014143206618418992,0.0004988595969967246,0.6209352104003649,3.0627925890934606,-0.006331451283994788
-0.003987920169179991,0.11894170326924502,-0.008557221381948737,1.963395474200543,0.0018884214329102124,0.11041327162573022,0.30058320011399864,2.4131353462397342,-0.004061903352511803
0.0018371925651840195,-0.01862004884100807,0.625368082859348,-0.006182245994514245,-0.00048132676608393307,-1.154505030670638,-0.007901071839932456,-0.015138084208153081,0.004712465160707818
1.3877734057897695,0.002074853172545367,-0.010201383775510043,0.000525433331839666,0.0009425368350823651,0.0014526717396322118,0.03685137729508048,-0.002509946275230238,-0.053711979491034956
-2.5642120694729473,0.0026127736212422856,1.1298106735959408,-0.11447583816333873,0.0001399881007040013,-0.0015502863586671356,-0.007051464205248405,-0.0064364128493518,0.03731007204203374
-0.0008063174897025051,0.009051518699556648,-0.005665070107684874,1.3935265095830291,0.004334073181633553,0.004993371654856058,0.20393650779936012,0.009698622924897093,-0.0025402004162977934
-0.010383632290651642,4.829838789035816e-05,0.011975555176203634,0.06252428754058696,0.0011805448485554858,0.035807292260319444,0.0030083483163254004,1.4691614749910356,0.0020958964581860064
-1.1570836732838399,-0.0005809750939961833,-0.0032998956784107206,-0.0007560853607573303,-0.02657311152043379,0.00664712208036896,-0.005189354648645998,0.013151226510225239,3.102040020835547
-1.6209260020240612,-0.0023150859142144625,0.001945477269537331,-0.003777859028912721,-0.0031918260201220065,0.035787459923301984,-0.029290620864341893,0.010424558536188677,2.0341207959222647
0.6305842971015948,-0.0034583517419800106,-0.0029336703091805885,-0.0034387171742659567,0.0032756089398174957,-0.02125717352125819,3.1057775891194153,-0.011005392430043087,-0.0409067205335224
-1.6343205216576313,-0.0029968257753159692,0.0025624759246151776,-0.0011555684315389218,-0.011929259869684874,-0.000998120480134792,-0.5280264791710532,0.00038760893613719316,0.21722865651411594
-1.6930637808800748,-0.14703199207583795,0.9609554383898282,0.0020193841979460146,-0.011230415113568593,0.0033049219499404273,-0.0013346412724061073,0.0010392291449232358,0.014400301101559654
0.0032470438454757465,-0.0005709333916391239,-0.03109678634975118,0.9115466919834597,0.7903191365875037,0.002675759515908668,0.09042372670871428,0.0009396290439174677,-0.041732400842056594
0.012377488698317396,-0.07464361690504534,0.026196472174560947,-0.0019639956540687745,0.0006289782392308024,-0.6507857080882903,0.02472908924112418,-3.807249037390949,-0.006779735022419964
0.0025870245731874526,0.001363597961764505,-0.7186601930948452,0.0087124657619486,0.5247961623959955,-0.001189568200931225,0.0044650260493995985,-0.0015043522345832006,-0.7360767916123152
8.105914910902083,0.9363967613321469,-0.002730189918106418,-2.156626942853252,1.386040900954912,4.2513411830482815,-0.0016475630634890381,-0.02085490021677694,-0.08648440075175401
-1.2274888640696222,-0.4735132421513457,0.730433716386492,-0.0010325192906935898,-0.5420281810744391,-0.003258146398682025,-0.017480712081070146,0.004857418704636796,4.445578763941093
0.0021372219949447905,0.0034099016924946175,-0.0011735702037776556,0.00041598104800992964,0.0062778878949736215,-0.004344881946884293,0.1420528885074268,-0.004110656208779424,-0.39532747699641485
-0.03648339706817122,-0.00010450907008588417,1.3268109631236564,0.002609561123987393,-0.003194201648421288,1.4813605771304152,-1.19580804555003,0.03131925704022458,1.3892220653565914
-0.0032201643658174373,0.006109331260140375,0.007762005686577832,-2.230654740901374,0.005030040797302189,0.007531819878885896,-0.005205759956026103,0.011831915700027193,0.008094903955140518
-0.01901557113367787,1.0755822787415894,0.004099394346271034,0.0007261778318233575,-0.0028014609553561384,1.3967285656349124,0.07878151631868303,0.04740777538900326,0.007301955668593582
-3.5455287807999967,0.03599514773038065,-0.9300570974817632,-0.0010501781783300718,-2.1194860302709397,0.006090042710305041,0.0029168159725212707,0.01064959455592207,-0.00789976721326957
0.012651779037566969,0.0017285565917879604,-0.01299058178939523,-0.00032902486279280874,0.004470593416599167,-0.6215462776339715,-0.00035833566677062893,-0.020461740670088328,-0.01631876610262755
0.00046863218522831193,0.9167023075613048,-1.0669380561773432,0.22381385245055058,0.040944094578899914,0.001026155641333652,0.7635352748613622,0.009131693794225529,-0.06636266249984016
-0.057054525628868195,1.700716599587613,0.002350179506195132,1.1660718562021464,-0.0036590012662008325,0.009978404451044148,-0.004420768471983142,1.522168287004214,0.013581984816533874
-0.00308724915743646,0.0005765440338670812,1.0829043645889112,-0.029003346114758903,-0.005179183854265485,0.0030605962920216886,-0.004769951234252373,0.0004265178676902126,1.3701320558031402
0.009929437384357767,0.0025553683096554746,-0.26274419781220437,2.653987458577216,-0.00048816438707807025,-0.03068613412413295,-0.0072641256629941,-3.644346383137658,-0.022140673108002717
0.00539153990158747,-0.011492359558291218,0.0008326733583358548,-0.004006530179128578,-0.0009924478534236274,-1.3136025610974233,-0.004383259770929732,-0.07636418285517196,0.0012214435937086196
-0.003972298040024094,-0.010527163201845664,0.6675024141860002,-0.009285554453846654,-0.006949309633618274,1.4968076500556906,-0.00375516814449851,0.002446615189910034,0.04388185467576561
0.15649580442971017,-0.006405395495122512,-2.3160700484868384,-0.0016499208172981554,0.032713195952792096,-0.028531127226299708,-0.009260020652073422,-0.02518549953306049,-0.030692856245433775
-0.317708349956612,0.0021866386841275726,0.00035927639215657626,0.002234000848051804,-0.31067814108553493,0.02339353058635479,0.0017681435641589876,0.016154053957183875,0.02709608304778545
-0.00214126615620718,0.0010074918549846377,-0.000747342889279576,0.7977079222162519,-0.0021316367159843093,0.009373666852624299,0.0002807176752507006,0.014194617239930223,0.005060675158782404
-0.0015999558927396315,-0.1729390147302318,0.11829137571126741,0.0007371336377285948,-1.348364673736924,-1.0106384410683575,-0.09592513303929817,0.0020679305391099853,0.014313261659244623
-0.20632904826718862,0.23207534114831938,0.002300879014317171,-0.0008196983407950329,-0.0005431291018301483,0.004216851518592483,-0.0007724618272278803,3.3422697890457487,0.00892059624679413
0.009172787499581302,-2.9226547681956783,-0.4646606234156975,-0.000579914128547234,-0.34695310605151347,-0.009377163478241662,0.003439554793083468,-0.0050833393749008735,0.0009159201460603034
0.5071543214122876,-1.1910440142496759,-0.013822752122889014,0.0016403587443080173,0.004567441973187271,0.0010317773501336562,0.003491084440144706,-0.011020219569113981,-0.014446188311160582
-0.012127814035837263,0.001577458853184444,0.19453979853568132,4.747498266295355,-0.0007707300553335752,0.0015150858332510452,-0.010133339704192987,0.08648625084942987,0.10908942935277804
0.013760893613977327,-0.01916385237489081,-0.01323107216237468,-0.0030765049283451194,-0.009452330430672836,-0.04774564937391819,-0.002124735746646777,-0.045760480657439664,-0.0043655630649322855
0.008942402562990844,-0.03937507927671657,1.5032536441423228,-0.006638111662931944,0.0040684141379583,-0.007822690369085625,-1.2623266719666077,-0.02949508651264442,-0.01981729464112446
0.006876598486727352,-0.08948569918974769,0.17686204385048104,-0.007127664671297523,0.0008554536963199556,-0.005583025088394433,-0.00238927751674414,-3.5478024519174243,0.0023940415750131547
0.004709761526283079,-0.003989922261479702,0.00044061216715044794,0.5469504040802129,0.003489969908430776,0.0010534834943365483,0.00024320313356723973,-0.010377105616431681,-3.0420141467104944
-0.37145353414975935,-0.00023187740429725032,0.017699780429310346,0.004732595302745744,-0.0042409750804382595,0.0030571133076656657,-0.006083491880170027,0.009238360786560665,4.895160665831418
-0.0025261947247676594,0.010308962683575245,-0.008552609140698329,0.11384863413161114,0.014160569641299548,0.010232519841758717,1.587876976726764,0.018541851190973062,-0.00035734060607683915
-0.002401529382990056,0.0011331076216261797,-0.0051946890184593605,0.0005946741280571516,-0.02567970336162807,0.0011621102242983057,-2.358312877896981,0.005720944160913244,0.012162302739252992
0.004652946201736959,-0.00921915002437753,0.0006125739787973963,-0.01394939763549659,-1.4331745521386539,-0.02816396469233622,-0.022138386726404613,-0.01681387454321749,-0.0023676624102335203
0.010526675356273038,-0.019493114352012175,0.000837169770705368,-0.013276779376173223,-0.0024764626990206734,-0.007129620562666298,-0.003121599823865837,-6.081334360206935,0.001711427442792679
-2.8458534768200145,0.006423416550213765,-0.007419446254671218,-0.007235026005867479,-0.005930721703506982,0.00142534375965871,-2.4985641654913713,0.00019683257725147674,0.039971091830214744
0.0013746297274777192,0.001638137701126901,-1.0974901182754568,0.001931534308658226,0.0037222425050515264,-0.0006458284538477218,0.5003260075309299,0.00019731639650195573,-0.04519011825779612
2.1794656415825697,0.07085076141540769,-2.1303503752672936,0.00701996437055738,0.012358735950815714,-0.002130756096434726,1.284803301814955,-0.009099993624833214,-0.4827023424361254
-3.4371257240505697,-0.013132359632996617,0.005514637588648834,-0.005254014923987901,-0.1629445282082176,-0.0018248987777798875,-0.008884769061011374,-0.011890075322922869,0.2779686231667231
0.0018897252338825124,-0.007314625961694186,0.003719680741260961,-0.9526682125742447,-1.258629561946651,-0.003108803764595009,-2.699305236538171,-0.008373901041252463,0.0059375156905907
1.96231444043966,-0.0030709530648694895,-0.731934593526522,-0.0005104393224166209,-0.0033991405448732526,-0.006696370583100672,-0.011782914028825673,-0.0249074771451106,0.002582428535208875
-0.01674171574418297,0.024517809850380233,0.0029112246146370292,0.00236669722955404,0.0013112455680428271,0.9911330473833153,0.009707393800579943,4.612048514699465,-0.001090431581817583
-1.2992134991004487,0.0016533794386404156,1.0572971045456185,-0.001056395983606146,-0.004281159984836674,-0.0030078482511900814,0.00940725463533943,0.011308827755469347,0.043006779801380235
0.00037933393670593236,-0.0013187596353790585,1.1531333895346731,-0.0011053436480848895,-5.626681296620833e-05,-0.0022748922844338763,-0.792143379041744,-0.003273562789569757,0.004481059105181803
-0.0016646049673510032,-0.004568579335997056,0.006871976751937967,-0.004288978709920181,-0.0042148586805488145,0.007455885703564733,-0.009966778499659004,0.0010092710644985792,1.3727286478606522
-1.3980055489627317,-0.004356574881819492,0.006099605145065846,5.425852048473762e-05,-0.0013381751451459183,0.0327919016126138,-0.0035101454700383547,0.01132556230163156,0.02217669754070123
0.009197046617127086,-0.0029474373455816035,-0.007113532764721089,0.322810439928712,0.008128926855555446,1.51097861259499,0.022311012319899685,-0.0017370703739994105,-0.08455907343321617
-1.3346905582281257,0.8669469206131598,-0.00023452679361410725,0.00015565848389068005,0.0004324250265400585,-0.0020621733679047636,-0.009664713751490884,0.01827655299624426,0.01057500652636903
0.003077794847537285,-0.11752531232381913,-0.0023943518179134126,0.039574191596277855,-2.4024786691902653,-0.002371260604841262,-0.4102725345876396,-0.0051594880012107575,-0.0020946286847530193
-0.027396959589667758,0.002905681967723199,0.0073665836948188556,0.0011576398530286289,-0.0011368485085286306,0.04707579131235333,-0.002331025252693062,0.013519634814865032,3.366547604820753
0.07466022808029954,-0.43123384425047834,-0.0012632446691907585,-0.5228014825076226,0.000996492381356278,-0.008003506557363937,-0.002943335873547474,-5.767761573408416,-0.0012431065511792905
-0.08448550184701582,0.9208795212028554,0.002017362324108468,0.0003005166315003981,-0.010127570550262283,0.001878079812425531,-0.0032076960292189423,0.018188604231349537,0.03925044975146503
0.10435719678282718,-0.009707982972795112,-1.260980252335587,0.003719578064835083,0.0056582574456418705,0.9249007465378671,1.0774962164838646,-0.007272042009529842,-4.289750821736504
0.0008740367548392414,1.3372422765884906,-0.025230513566773652,0.00879436851158498,4.130105403582532,-1.566348368541239,0.004883904916692336,0.02046985045661677,-0.010512397717592326
-0.00499998691371201,0.01183885295772687,-0.004269781802319842,0.012694757094981426,2.3709094352547533,0.01169237942730279,0.022396672540043096,0.016297807770247735,-0.0005500759700899915
0.005851875525692031,-0.0019841255581941617,-0.005087262256838326,0.00037615286113253446,0.9022199431874588,-0.002749492849764744,1.3531073921938075,-0.0064319709652577856,-1.0924319458607066
-4.357260786120581,0.0024939023755173456,-0.40721250063887826,0.003906890212668088,-0.8129269204299012,-0.0015943320553951645,-1.5435962985620124,0.004154183746328921,0.007170214266208008
-0.37304950763886024,0.2073108709773798,0.0019382052061990215,-0.00093535947542391,0.00023155058647465754,0.03396165484416332,0.002296560271423683,4.495542956233005,0.006999813720096837
-0.004085003122787146,0.00537995734093261,0.0012714816238954265,0.008137460303253217,-0.0008846980411194835,0.002130874799650794,-0.002338198782215618,0.010436481163598448,0.003981446634075198
3.611744037137113,0.371779534169179,-0.00019219753931540295,-0.000538997763208632,0.013967178559392418,-0.451195411641557,-0.0004824137536651729,-0.013632920040259648,-0.022622431704691026
-0.12356597264123487,0.02373909117056139,-1.004574429773754,0.008825157008902726,-1.7006016388239173,1.3857566800400791,0.0041665598592458865,0.09813537230479114,0.000603045283371989
0.000789888256177445,-0.15396552063705915,0.004375588704466495,-0.19484617786706634,-0.032844804581571414,-0.0012768561176519995,-0.5475826988309187,-0.006981071122268607,0.00537089140713007
0.0036265677779519475,-0.01179261656955537,0.008239926130696858,-0.019786636832130684,-0.8654828012203328,-0.3571587973918594,2.2301217775910778,-0.024141387080003872,-0.0009465689867204016
-0.0033303039414156327,-0.010699167635303973,0.007327194847728146,-0.136607553139574,-0.03011418016213242,1.112161608363372,-0.013826755809420839,2.4651857409466876e-05,1.3004791258386486
-0.011530692990352618,0.0004915813306927697,0.001647671696248125,-0.0017808252989531467,-0.23705506251802014,1.9754013149927445,-1.1602248341574712,0.012239838290752264,0.08076397564527027
-0.07021155359282105,0.025130035003971728,-0.0014239029020480965,0.013665799195658326,-0.0026695540061877385,0.002065817576339084,-0.007575525479087435,0.05420431324080572,0.010887566851340394
-0.5501075054277565,0.0019362029891160082,0.00038548725545821047,-0.0009619107011191851,-0.024505507821523134,-0.0006692906787219754,-0.005515395065800984,0.007598117329700386,0.28388877232739695
0.000812418478821239,-0.009982704097290181,0.0069144086437404675,-0.027008453342288824,-0.06628696685483398,-0.0009667674489736583,0.00029819240253353815,-0.007889169913465598,0.0027197844737427137
0.004519190932626599,-0.009712168894661135,0.21919491760955262,-0.01178101509744965,-0.0008635300768595178,-0.0015940956452735672,0.005472704365428159,-2.5717860304575666,0.00048117253672827487
-0.06065656032249567,0.0007187221289657753,1.8411813715806775,0.005330470293303927,-0.018283063836680366,0.003956425191298206,-0.008483276434986326,0.017228748158833268,3.6049844882033604
-0.7823789662792295,0.008381669224838746,0.008046167277525733,0.002663547227519871,0.013211318502456167,0.0013527739908707102,0.005473849898304437,0.034690627696774876,0.0057973646107847415
0.0180056512554298,-0.0034629186658657173,-0.0042253322917572955,0.9605016628509002,0.0038434675875742563,-0.008851623794556507,-0.0034339166023055756,-0.011691365524114858,-3.8855251330248968
0.002104390909961687,-0.8803548729860597,0.48537540484608344,-0.015515854417320757,-2.1406463405008864,-0.03831471748541886,-0.006122721393732642,-0.009667218108292873,0.017505370537340442
2.728758452903592,-0.00043599051338881825,0.004107964915223118,0.0006247424675099311,0.6243159428048068,-0.007185620751312551,-0.00088325504077842,-0.007605516940688659,-0.006880950742971126
-0.021514263619854982,0.20543076808306582,0.0026121241898862833,0.0027758679059606307,-0.0020679605595315394,0.027212270236287223,0.9461303021098466,0.1041585967266392,0.011762043086081718
0.005677005247811048,-0.9118923596505804,-0.003123416876317212,-1.0482877862794846,-1.615108879206191,-0.020824757780051835,-0.0036545459433726356,-0.04162011857807105,-0.0037313799608054213
-0.0062711494072278245,-0.006752887641089042,0.006802743626890378,0.0028244236607057535,-1.6453105253206795,0.011019314531603014,-1.1811126746448115,0.010207278539651365,2.656196375709312
1.73389500662136,0.0008972952074695409,-0.006458575633155644,-7.85451757272862e-05,1.1738823641906437,0.005735162225685521,-0.0009791111503955029,-0.00815551682132161,-0.015232434281687413
0.039444340830508795,-0.009907401858105349,-0.002838333913483113,5.746728684152304e-05,-0.012337797721194267,-0.9819575077956724,0.7664468082445381,-0.6731204067626233,-0.1208113666951196
5.571659201397336e-05,-0.00015990995025328162,-0.0029954108261288376,-2.7587652837588035,-0.5783239311593826,-0.0018697692891748406,0.012619848370814049,0.0003405474649309827,0.0011118632019373638
0.0007938693491953575,-0.00042407036903473053,-1.1750607849295855,-1.4395558581154568,0.002729635787863877,0.001638738397662245,-0.01673671775832615,-0.0005017801706233213,0.004385027353299445
-0.8153082151516536,-0.0053311003642153906,0.04640732187900701,-0.0017522052453636775,-0.007759515993927327,0.0007403883666106326,-0.0030869103690450367,0.003872814100461569,0.18459912799999345
-0.0014600905549424289,0.0024176536969092513,-1.6273425867590507,0.007723526800931699,-0.904771596328931,0.001616053728694868,0.01862497326227325,0.006364378211906625,-0.0002505388762269155
0.003589106808127268,0.0034178048409981426,-1.3585754859720534,0.08281709655571423,1.8933172738999877,-1.2971587927602268,2.6567920993776135,-0.005467146290547051,-0.7556197580179855
-0.0010584259941691723,0.028001522322226732,-0.008975034787319801,0.01830196243630445,0.012581894373708736,3.46570127767315e-05,0.01575523987174568,0.0032600689231780527,-6.378670938747654
2.1793996634383177,0.0006105654830889373,0.007628405990919546,-2.4595514833178473,1.7738559658590878,-0.0007472626095645198,0.07532160148206823,-0.027104404869135845,-2.7090908840088375
0.0029564793032537846,-0.027719415845161542,0.004210464029785527,-0.22308373826826383,-0.019405909383763895,-0.011366593122645648,-1.2407304751503399,-1.0384389535192853,0.006805900462656951
-0.008431429028329022,0.00409066477475462,-0.0012891286937718495,0.0010385854739492573,0.00046588676588929165,0.007673338325021585,-0.07703816096925677,6.054851718097107,0.004341968841216168
0.39894485729684964,-0.0024128792772483273,-0.004090792445350372,-1.0731732596865282,0.0028376129774459226,2.086908482892764,-0.003100445464340868,-0.14560030408945773,-0.014832815911307556
0.0014889949537957277,-0.004987410665874307,0.00029243208805158265,0.003196142496857955,0.0026398461065049337,0.0006623092984439768,2.060028077144705,-0.0016022180470200687,-0.011434151694907649
-2.0119269515894755,-0.004204223751253837,0.02070974952029482,-0.008169455791693168,-0.013877352366349203,-0.002816668777338655,-0.5554620301001457,-0.015383114485213234,0.6935700283112389
-2.677848376795643,0.00014112296306556548,0.00010246284970158448,-0.0011308974508288973,-0.0016158800633317982,0.006603919475306133,0.003322871960137825,0.012757204762675745,0.007855119015616308
0.834363427846641,-0.0033037517341774295,0.01289690550050367,-0.007184551659332117,0.008440785273372654,-0.005279308620755231,-0.029591593335486964,-0.07033246206597744,-0.002030588341886616
0.004190925030594719,-0.008938340290093586,0.0037294778215878665,0.542372491429907,0.002095229552684927,0.0004883330001066548,0.04144578055844022,-0.005595307970803896,-2.524624912744539
0.00011772280919234226,0.9820716703222607,-0.0022592437075594526,0.008531038604983249,0.2618899742031876,0.0016833890635710763,1.0561803806466046,0.0037661148127433475,-0.009169247669880563
-0.030949786842981164,0.00278361711115907,1.1684473306584975,-0.0010171039550827543,-0.005291496193945014,0.002982589767778897,-0.19946514401362253,0.008575148496877197,6.123792079505639
0.0006037378332318074,0.0019266821857690667,-0.004457681697808601,0.009080391322831203,0.7317009157723009,1.5039431833693362,0.08201395211734833,0.09134660945278818,-0.010751269496523948
1.8444029958432102,-0.006864755062859171,0.037156378616530816,-1.9255060310223329,0.018928603984030776,-1.5397310520004623,-0.049524543739541044,-0.8789977287703005,0.008278962255751643
1.4146912476503624,-0.7840579028245827,-0.0020874775443732296,-0.025573693856359624,-0.014329343447970249,1.1261294963709132,0.0012198870848464287,-0.07388267723421775,0.0019825980847752306
1.2618760482036353,-0.008654152205443445,0.0030746437717538207,-0.009793518211137988,0.0008322845583144146,-0.0013104499997632101,-0.02860978164821101,-0.02638215269229189,0.00655786455155119
1.9114842119366289,-0.0006840211311130023,-0.9393322651496105,0.005627826420880874,0.0007293003500161571,-0.00041159706087815287,0.0025960765888987554,-0.003749926118696914,-0.02944473194579056
-2.4750583564317985,-0.004401391806604982,0.01364400339665793,-0.912038045484616,-1.1873041740354753,0.0023157993167909757,4.753972414366439e-05,-0.004446781373004527,2.183095225147916
-2.8698672335475033,0.007963630577989517,-1.546700953582739,-0.0006867959127625344,-0.0017188012885830904,0.5830440682982607,0.021068839110789953,0.06545975583642583,-0.00019753050892978852
4.222397209161457,-0.01758653783634074,0.0017143789972074164,-0.0036520364616618867,-0.6562633011075536,-0.015340848604049426,-0.010447805273085429,-0.04365029116883959,0.02834502755344892
-2.326556626384129,0.05433237150339966,-0.008452984299184507,0.016544550586795208,0.2696825724584876,0.05154062271791077,1.7251236097901024e-06,0.11315219066705669,-0.016474084975992398
1.3858327950090106,-0.0014977107683138702,0.0008784561787415074,-0.0004807620055272306,0.018738906573071284,0.009946636932828996,0.6411833498333491,-0.0020655516949088792,-0.030982602456538888
4.190806534115781e-05,0.042235044473519494,-0.037621448784716585,0.0005512697481943622,0.002001856134168899,0.0004575690004525872,0.022913585346069743,0.002415823527631837,-0.0050344840849010615
-0.001460275009222342,-0.007995817907749198,2.4490746215116066,-0.0008056820789450539,-1.7702627665714281,0.0014389491045715685,-0.6099897048694458,0.0011707182665544186,0.12507181924737187
-0.006295694023329648,1.0330631205182401,0.002374369060057135,-0.746717810223829,-1.4399617192556986,0.0016435532462524306,-0.006724174602570588,-0.0006024915535140021,0.10107492181645128
-0.004161657879447235,-0.27658592963354683,0.006554730613933502,2.741828673926667,-0.5152889238252268,0.0032261492159060025,-0.19588337820268828,0.007623690357080944,0.09417084922462643
-0.00013688525788420504,0.0025087268590525433,-0.007218038381708302,0.9798049675405287,-0.0011843255439401247,0.0007319965645109527,0.0037629704988109153,0.001042705737164284,-0.002381955816436511
-2.782586794789264,-0.002756414232989307,0.002009122147601147,-0.002163618394211697,-0.006324615588568514,0.0005977994804081607,-3.7081767524750946,0.006221316524826159,2.1672712087723838
-0.001116707161135353,-1.6987813483070775,0.00035115856036033893,2.1387759262380692,0.0027835794323079013,0.0018137712285196976,-1.7552683680732948,0.01435710267852908,0.006505606872818053
-2.772867660460116,1.2442373236332274,0.003975837907660387,0.006227527760839981,0.0015251159634908362,-0.008868577170533382,0.025923759692467407,0.019328906001522584,-0.008518545970915059
0.0001772393791208554,0.018073457682460464,-0.3381379875481011,2.0363178036440255,0.0008279223589532491,-0.0019913103024384576,0.818983463377307,0.0012680979136338241,-0.003981935381253195
0.0035767650252446206,0.9979539551990575,-0.01286624707065943,0.8812209061713863,0.02425905015649574,-0.0028242455477863176,0.04102587082039061,-0.007210912817461579,-0.024788667636802354
-0.002972388628811804,-0.0026057051068199217,0.0008835220847088557,-1.5559947145772162,-0.012821871356888712,0.44736900587434947,-1.8354406882168757,0.005256594600789331,0.02132892740671108
-1.7259413063464168,0.012732494427213225,-0.03638518398431073,0.07225003177547415,0.0024313281111438233,0.03670886265713401,0.002718367826303145,0.08032646335634978,-0.009344908402971724
0.003750626236631034,-0.0005355991895408842,-0.015049067912775866,0.008933627145353708,2.2427489822689397,-1.274998748446245,-0.0028358537075411578,0.00422391703286527,-0.009114311858838486
4.100260421634294,-1.6975471934859252,-0.0019837303278129603,1.1462056227295487,0.012231128119893575,0.1544018538965739,0.003575549952035767,0.027185379194922057,-0.01694212396561201
0.03869860678839249,-0.004829427552280299,-0.9508228083989888,-0.00366827114540803,1.7309363216828242,-0.014123887398406032,-0.001805117872725773,-0.021650263516919892,-0.17898864339738907
0.005262394994841274,-0.0447365758210098,0.01307273927304041,-1.1989558197296994,0.0007628036923280918,-0.004050521601815064,0.0017946632017868148,-0.38306463138828317,-0.004856163899685589
-3.4427676121627915,-0.0019394032663354183,-0.004924622922562696,-0.004568188056071551,-0.6059424772253887,0.7500402255427947,-0.0032771380844251186,0.017990780651770066,0.017714985898413804
0.9607590167260425,-1.1475631421257542,-0.004638855699685749,-0.04349787446323135,0.0006563473115846884,0.0017093732119272621,-0.001161063556519178,-0.026218416515121714,-0.0023477362604703844
0.683499755154179,0.0007100131738406967,-0.0010113678221069407,-0.003294073879084845,0.005012306944771151,-0.033982875818936116,0.0024240412104089976,-4.008027565051056,-0.019136356152672507
-2.34463815147505,-0.00033809429424167155,0.0346668026653741,0.004315160897041733,0.685121380932628,0.15949299421792518,-0.0028614233961770687,0.01847484611773864,-0.015769686216964174
-0.16033380976848757,0.012130208369269644,0.006235229476726539,0.002059838124429558,0.003100022104242277,0.004839957462595083,0.003844776716821575,1.2094700502306504,0.004140402908357713
0.045955327738080684,-0.0009015281733564268,-1.160456769461451,0.003917199730891684,0.009548238891770063,-1.8344786364707937,0.006628266967462045,-0.00880535385334882,-0.054025541642712505
0.0008955078409294518,0.017859262073773752,-0.03249479666634193,0.08622560964488833,0.03643165111913724,0.008656203065679848,0.03992188382993377,2.6439536970439317,-0.014022724037479832
-0.0009659792150604402,0.0016599082935944108,-0.0025151871232145305,0.008231771153377757,0.0038200999252349203,0.004287894293849433,1.128051747913471,0.006242858141284033,-0.0013136200866749013
0.001321803214117399,-0.0014003114732198808,0.00379636120070691,-0.45437973249741825,0.0026243839060223918,-0.003711792301291577,-2.1332936155848943,-0.004703492942234693,0.0030432384465583218
-0.003666553252781253,0.018144701712589893,-0.0025467633091800957,0.006344867646754187,0.2957368738799784,0.5672330615990692,0.000396661849809779,0.05729379532996913,-0.0023188542898951465
-0.21351923391299157,2.2767938293867163,0.006440589996408721,-5.8623771256234575e-05,-0.020855201900571524,-0.005466965601516805,-0.002623449907797266,0.032857722202599075,0.029297083173468214
-1.333464971713604e-05,0.30094113242315845,-0.38414594321570733,0.005727946991384977,0.0011592420683693185,-0.0022468421046208647,0.07036924406596762,0.002781985423445919,-0.009463378402932394
1.912924345692215,-0.002310368919913406,0.01485896788940965,-0.002581617241998708,-0.0007009354099822701,-0.018518604771020956,0.0015112895856384794,-0.05751519481026654,-0.009541513654230366
-0.003536061249248816,-0.0047706478747398025,0.010412507874289604,-0.8209264157734364,-0.03954926563171096,0.001987411655801321,-1.3626896745820785,0.0017346062349955157,1.227989313663918
0.4729869170430536,-0.0037904493124435996,-0.004159249063172397,0.001125049885125369,0.04622852496052481,0.002625932932131395,0.004668266685474862,-0.0029580874904080036,-0.03156996420073302
0.009174894587927335,-0.000985482960637784,-0.9592584100866606,-0.003620640864001095,0.0037069826910144485,-0.007549443964683364,1.0513592108180916,-0.010681153232595175,-0.9302790483669865
-0.0006580257176028983,-0.8415695522324803,0.0022741044637355325,-0.010766039267653182,-0.009365351229462481,0.0014624021064304981,-0.0035340629365084066,-7.069706270356645e-05,0.005023272299379872
-0.0027081261727452503,0.010649250573782104,0.001022146545947821,0.006655596752962265,0.8333130906583637,0.0037040041513080597,0.002027661500655984,0.00880545090818471,0.0021461767642420825
0.00021389223457713227,0.0021620127878133597,-0.005705916740769163,0.3765741266899989,0.0008952588418094276,-0.0010034364619413826,1.569493468987003,0.0009358605340620448,-0.013525901388532893
-1.6732009551868772,0.004814130033317999,0.005076781377393116,0.0014367180038430613,0.013418095834664696,0.0006573702043513618,-1.0115756657965227e-05,0.01383683641923834,0.001928654976781824
-0.1464372134164289,0.002782775788429486,0.00017780167022985567,0.0026156929436919494,-0.007133480351538879,0.002267711304786169,-0.0024519622142407226,0.02275276175143536,2.7288455707953716
0.027691027775750388,-0.0015385901163738392,-0.00453081365585465,-0.0031170709145540015,0.004356300844710264,-1.1760675157037097,-0.5332230141726286,-2.970035911178656,-0.0037952802901158045
-0.0013116373759693896,0.0019387430280626184,0.0010817073358126911,-6.462439856058586e-05,-0.0012568868820259766,0.0009667303428430218,-0.0011243611434918054,0.0030074058784465623,0.00392520838698879
-0.005014355794310556,0.00034737525438863345,0.0028092406842656174,2.1787222785519167,-2.4090165432078675e-05,2.194016683353493,-0.9172058657336881,0.02161975413671515,0.009163713975802679
-0.00011265884591266215,2.02857727530626,-0.0032109323116428605,0.025670873732819992,0.0070992435003189615,0.006610265673287929,0.0006921034476170002,0.01469086595844173,-0.00410445040084326
1.1923116093808726,0.00091765842354716,-0.007171616405447577,-0.014997903855233363,-0.0036544012178446397,-0.004618655698757154,0.0035273520893138142,-2.859184087183635,-0.007882696393504224
0.005641273549317007,-0.0008522469799178145,-0.001308791223109687,-0.008827861851618882,0.0005312027631229239,4.01154403337776,-1.0714861429914033,-0.028755784083972318,-0.0006855274707946446
-0.5272972043444463,0.6596938571231997,-0.001004956561805926,-0.0005439197060215144,-0.005721938596970705,1.8645939662960023,-0.0015339347875276193,0.04486135626303888,0.0099127332069395
-0.0029319488867889133,-0.0037812827721866796,0.01972617688869275,-0.002317305443363043,-1.0841709636482848,0.005916908322180739,-1.368297324951894,0.002805808951553237,0.21496295351560324
0.008331170011119493,0.0007765339447134475,0.0016721714414773131,-0.0016260789002673446,0.054757699734181375,-0.0057985856108873565,-0.6277915881500317,-4.634320939651413,-0.007456891955185688
2.470189063194889,-0.0028217311968811547,-0.8168078057776179,-0.0033178030158476585,-0.003260392220285903,4.401285186658618,-0.004183029257065167,-0.022002307998743198,0.0010971441284072792
-0.004211117048983145,0.007943999674877479,0.004406859988339096,0.03894615164872805,0.08973112951740818,1.1664916540806867,0.8213325954001246,0.023327921484450644,-0.0076571826894928086
0.001587559156981954,0.036755505698773394,-0.45800379276329667,1.3347756506225452,0.01106373757656773,-0.002596908851612975,0.12730748218425586,0.0007590988257261972,-0.04511483890171124
-0.005127067727379829,0.006252437150096494,-0.04013130928127982,0.0017079518401068266,-0.022660384057627388,0.011378567665016411,0.003281466627029179,0.016473649284253048,0.01702300621908427
-0.002260688798242011,0.943177400713896,-0.002666823346091041,0.9703130794446948,1.1865164277769291,0.0065814249759606775,-0.007331748024742454,0.015050630316081143,0.00034083098437193496
-0.0019452638356155859,0.4120181518042951,-0.00565197734038984,0.07876327311384612,0.0001248222182689343,-0.0008872949116927209,0.0063480427038448035,0.03206021058862179,-0.0014431353162557027
2.7512992860465584,-1.2686646856503883,0.0010027835137516733,-0.0042993998135217775,-0.002216473211461685,-0.002162204891263278,-1.4536776818242905,-0.06777754440853358,0.006061444215041123
0.6007494713027763,-0.006076052800364591,-0.012653755733646842,-1.3701832654905906,-0.009532707040043081,-0.00025247542518160916,0.026139445719158914,-0.05471484589094207,-0.013469415296244007
0.0024762437196146625,0.002838271189332499,-0.0009498840610379261,-0.00015347989286146422,0.0077338420935768514,-0.003237740472867387,-0.0022334228084184686,-0.006844553216410941,-5.628700535973828
-1.1003426504824318,-0.00941255860954096,0.007975241434098237,0.0015731619705764976,-0.004449811147493897,1.4238822348414082,-1.2452665175365496,0.06116778856574878,1.9106606431459596
0.022124536907113704,-0.002407115540995333,0.006102644434178871,-0.015165468156930484,1.915656820902194,-1.6104647254741433,0.005111604543974727,-0.0899676883208273,-0.013626188387595939
-0.0036258133978213612,0.0008839048163438428,0.008154013937972038,2.0249979844296937,-0.001617347603165259,-1.0487607449003873,1.398273603319542,0.006950523021958439,0.013434772007135526
0.5070692969977308,-0.003295134485909075,-0.0008165142062207488,0.0002749618940248305,0.00137982149447885,-0.008499103519069323,0.01632790683317481,-0.02695367478450813,-3.3243205244816068
-0.26261299723341347,1.1105702643810191,-0.0033964167049149348,0.016873547722148403,-0.008204814192058128,1.4798716383486896,-0.0001332045567905782,2.3329623200168803,0.008966096631213977
-0.01613444374809575,0.002104766345470243,0.0029974978873529646,0.003830650879766552,-0.0004200888482686037,0.005378273125132862,-0.009936312164842576,0.013811763921995637,4.422338504118159
-1.8911169079819414,0.011354598185319907,0.0010027423951558534,0.00041330395117040975,0.0032318795315429347,0.005204831502935682,0.006416416208425991,0.01075904029753028,-0.005238878047590961
-0.010052266657640349,0.0009662694382355524,0.02585134138192495,-0.7788523703799343,-0.0013155967368744456,1.1455862628657834,-0.009284852506350121,0.017874193501201636,0.04033125319210332
2.406590062379447,0.003435462434908528,-0.0032251203562456837,0.006973989385931271,0.0094805872457785,-0.0023971798397154397,0.003465525896492641,0.0005564234012437955,-0.020697773939274078
2.4936629222339413,-0.01192011778449091,0.10813620723050821,-0.003136149799180975,0.0022654329217217765,-0.020214705265735513,-1.0681656623438047,-0.05667080516468192,0.008990852306025476
-0.0006973248081294896,0.017591710752582746,-0.035097482945804656,0.5710469978854923,0.011326238797030258,0.0009260454655393832,0.003330185592329636,0.01537005687962191,-0.002170859099650613
0.0007938107056931071,0.0007339806977835184,-0.006437346859918254,0.014651300190275472,0.023622645325915407,0.002184305340530785,1.0393190605075764,0.0013683990310866317,-0.022196676610663442
-2.8860499232571653,0.003806377924984424,-0.006823747946780659,0.00034364468745157694,0.0009711276133274396,0.004083330128624027,-0.0009552414866548578,0.016461262142799263,0.004474257215967337
0.8316860031146258,-0.0013502996437715145,-0.004210242567525828,0.0031179698484767315,0.006130623393297771,-0.005551094950808659,0.0032182032367410393,-0.0054806059832443604,-4.064052943191005
0.025514660911229853,-0.0057491627040762525,0.0010914622425079682,-5.2813787567159505,2.276126957347105,-0.014069805367278474,-0.0012591294416395213,-0.07119098100397371,-0.018922709799436055
0.8792596446100422,-0.00961772189302648,-1.0517589815014898,-3.0839738593536545e-05,-0.9809389797149669,-0.01850239068706854,-0.0015656125586625408,-0.04705884868216424,-0.012944914201500873
-1.06934662728301,0.2643543737866966,-0.0025288996831148783,0.002778331078806925,0.0024948960581800475,0.00437747362979893,0.0025529660364103316,1.049367478221765,0.001017970290522946
1.9341636664514767,-0.8410838414896606,0.00961241079906462,-0.005925187295244213,0.0008135629716788679,-0.0051097575458891875,-2.3754781597469368,-0.2806047968816784,0.00011789965585354278
-0.0018530316998095133,0.024131141891771846,-0.0016828041158768077,0.006133124902228713,0.007507020209056333,0.0062129577865352665,0.06980122239227908,5.898258895362723,-0.005136302035798637
-1.7735033881998676,-0.0015807909186656421,2.5380046695007032,-0.009215487377558368,-0.0015733415941613926,0.16589663326311588,-0.006044314277807987,0.013612847542045503,1.7715352711416834
0.011526415439813965,-0.013166703103871368,-0.004891800052481833,-0.0009836529303136059,-0.4671527655675294,-0.002463353041896125,-0.0021246894895855977,-5.6092759244290935,-0.0013395119496551339
-4.07344893741861,-0.0007143163347929126,-0.000518924467666125,-0.0006467703723895095,-0.009518010251610129,-0.010431469085192203,-0.0007246548982921437,0.00018072901997575122,0.008059498574812363
-0.0005033215964628192,0.0037099484846954845,-0.006448890999000655,0.00562764362289724,0.010183057401669846,0.004699447878031238,0.0021436917970376595,0.00498017588790463,-0.0025773940474142164
0.0017102168845188753,-0.004278812936156647,1.985904450438071,-0.004342358933502006,-1.1595741485614992,-0.006722637653274648,-0.0033041446176923436,-0.004898527669363877,0.013138551705236368
-1.7082724069390718,0.006866176149568137,-0.0020532200158471237,-0.7051957913127005,-3.180502491400265,2.520176774763148,0.05540616409365581,0.46999352224251734,0.06589678018153045
0.0011659874249728558,-0.004138142869460786,1.8346607917189361,-0.01603971398621302,-0.020631881593773823,-0.003790694530757789,-0.02140142945327016,-0.007919752981470005,4.931203748188727
2.0765315737243997,-0.053121483532333286,0.003130183688792046,-0.027801790958825498,-0.020264158229485386,-0.02102711068329862,-0.024788030088564374,-0.11003446177020418,0.037672780558219154
-0.0030272139763318773,-0.0016437401500586386,0.05113063141094906,-0.54361996414909,-0.003105092924059449,0.0016619504620230194,-0.0026488490325048807,0.000564772836648561,3.998992408105208
0.013550999428030258,-0.0038761634625209193,-0.005799463431661151,0.0014547558644008654,3.328086766232553,0.00020340546200835544,0.010516812893872416,-0.008543529095750242,-0.5053970861081583
0.0015358808794249511,0.000994587015963728,-0.002474347126994121,0.0026523551525053906,0.007222154585526403,-0.0014750875874885556,0.005813693558396329,-0.0021695926789860867,-0.01413641776620315
0.8199041312628877,-0.03905819974695526,0.03655295026208173,-0.0050909766553041335,0.16197913981329543,0.015559718719934178,0.002102929233591888,-0.016060184767079266,-0.004026352478354811
-0.0009745454612164473,0.016677567053751587,-0.004538817447789575,0.0022154218010428297,1.4279667596011978,1.0457582065806856,0.021481190658797722,0.01539524612962411,-0.007725597524185217
0.14183060604829145,-1.7859346613210212,-0.2675152259946907,-0.007669604745663842,0.0021842816327186983,0.3631440942160065,-0.05948286399208659,-0.05180330119513966,0.0026616328431784547
0.007623063204808588,-0.01222950105601663,0.001484212747350605,-0.0011193973989083415,0.0019045437281604099,-0.0036872025193493982,-0.318345439194249,-1.72092790113818,-0.0010421948694714217
2.6464665942719905,-0.0153878559264524,0.01617524526641982,-2.7829651905276807,-0.0015878929164332457,-0.032734399706383074,-0.011742860799287621,-0.22504619376400478,0.010246983150559497
-2.39373121333435,0.0007611788765437555,-0.012171912609034358,0.5266302868414989,-3.3020501391253685,1.6016258013776477,-0.005495738667719199,0.15894190844331413,-0.000671981687559553
0.0020944209030096562,8.843899196881583e-05,-0.0028216604430310564,0.004538321109079397,0.007606900813788386,5.1917306939876576e-05,0.08677144349801734,-0.00020770663984961274,-1.4495200443224916
0.0087349352508551,-0.4599125100805039,-0.0033798832304372363,-0.0032868062350980935,-0.005685545030189871,-0.022899266657536266,-2.017638736086951,-1.1398260150057589,-0.0008301250841937086
-0.016994154347011806,0.0019770780704365994,0.01124252279475442,0.970998569679906,-0.004268268362645934,0.0011563161885276957,1.730106829861411e-05,0.5955140697587779,0.014478980146796692
4.929689649819082,-1.1382879446926495,-0.0021205853662483176,-0.006967067695769446,-0.9960375459636879,-0.0018002492968670729,-0.012944541886574255,-0.030253261716321755,0.056812221361838944
0.004556321881945297,-0.0002668913826703156,-0.005022742962523141,0.003064188416143448,0.0037243403567472303,-1.9593194794166697,0.0041075982440514774,0.0011964635186112055,-0.008573694610316929
-0.7776958670719953,0.003137196149451668,0.026252976297783545,-0.002286991594556774,-0.00026166640439759074,0.0022440815138083676,-3.865336445110322,0.010029855633976403,0.20268471639706176
-3.919563645818334,0.04213503128628726,0.009341674806900582,-0.0014584464317157798,0.34715604529400146,-0.0018368643843951985,0.04385851668255774,0.010144948929560665,-0.01247858717500172
-0.001360101972847852,-0.006859569373523377,0.0033984718422739625,-0.003374614342001184,-0.10618397779202028,-2.199482681210167,0.0013089129028752066,-0.00045913784523308673,0.015671834649303718
0.009518026564604154,-0.0008836222598394153,-2.957694652524647,2.09145554094344,0.002262706576665153,-0.005720487003608249,0.02208083540478749,-0.01147585855215652,-1.4030347099164286
4.809910181016534,-0.6097590356820636,0.015353860883282944,-0.0019541694000698457,-0.006618158192966114,-0.053828237566682716,-0.01119859199695511,-0.11321624524597027,0.007839629180405705
-0.007866292927493742,-0.004204474501904343,0.06986452009192501,0.0011166774092862151,-0.006035154939671002,0.00033762756802008763,-0.006648993974478015,0.00472714387167128,1.6914340356701536
0.0058933423710014615,-0.0013203079576906496,-0.01293748941530032,0.004969269476007805,0.002947935777363987,-0.0030621091340548474,0.0005682587419975827,-0.0038764726135882763,-3.2938205601215107
0.0019189773142754356,-0.47739607686339675,-0.0010507335300654766,-0.010634806406232827,-0.0029705792208581322,-0.0014668558980450628,-0.12514859439762568,-0.010648283047498748,0.0030619729854247935
-0.0038987862498829746,0.6669931686757922,0.0012841733098219457,0.01889578430624074,0.000995880410425047,0.0006581947982327637,0.35397463154502196,0.050981863521052634,-0.0005960080301951145
3.176052394904928,-0.009309634540821204,-0.012820664787407204,0.0064594194359409015,-2.524510079779743,0.00093874464406328,-0.000604262206673869,0.004595225331700597,-0.003978986104511445
0.0020255336586017143,0.0004360984379203174,-0.016565309202222215,0.009619280628793463,1.0036387155118045,-1.7683637410833425e-05,1.5769805193021393,-6.865174041419987e-05,-0.15218475065390624
-4.321765742840402,0.02000332961300838,-1.7503263928418002,0.000966165032391858,0.0023370306566536034,0.009569988024833425,0.0034385450827778014,0.03564536065702931,-0.0071061313305263996
2.442762416200779,-2.2649027106747104,0.03314495535141046,-0.004430055324767054,0.0030389171483086175,-0.0035412243587036583,0.003706697448279143,-0.03040411116988439,-0.0039134991612188585
0.0006417668118671727,-0.8540571601944438,0.0003733804457323615,0.0011929222882051498,-2.3082550552939027,0.000387310425294142,-0.8459978541461223,-0.003192062646927729,0.007132375950532677
0.00791465174467183,-0.1473851641426484,-0.0013428256176672274,-0.8158209870944646,-0.9676753983614728,-0.0012408366912223174,-0.004451215178247207,-4.048288754413716,0.0028194835104927082
4.542823885592748,1.3564935386366237,-2.1178563396783225,0.8263518779531247,0.030420401834269972,0.0032082984230733524,-0.00028280509782546703,0.007617966246677432,-0.06070092827966711
-0.004681038127191631,0.003480275240176754,-0.00352593216935019,-0.5577722271838113,-0.004293769432210045,0.005856182351787337,-0.8270730324773345,0.006403888160606358,2.1066818359403765
-0.0018955403893030312,0.0009270369932085805,0.0008604333617582586,0.6824387608453313,0.00044643871905547354,0.021268060594588144,0.0005915675281242408,0.015561824347119186,0.0027559531245562206
0.004634748825813027,0.00659329447734891,-2.934993573869911e-05,-0.011407737825503514,2.0462985169168832,-0.010249538683960651,0.22304024816975832,-0.01968773203345133,-0.10981011731237422
0.24037876957736476,-2.346498202764209,-0.0351152475876324,0.00089016674336212,0.004917081570784911,-0.0059849319954469885,-0.029101675552213685,-0.07082039736031666,-0.018980706627919938
-0.001381564654963331,0.0036385977887798677,0.1956761402833599,0.9809037453605216,0.01572450217756772,0.001863975105607543,0.4717028631523319,0.006381731496055939,-0.002308871635333257
-0.01585837559808463,1.3442808879166726,0.002398309647844969,0.0020013272743661,1.0358156506697005,0.7686617556940567,-0.006475988805620468,0.027662309837895104,0.0038902967050368706
-1.4728370820705987,-1.086710181736159,0.014989347626306514,0.002121947535972853,-0.01208654870431563,-0.00014982030675635106,-0.0022806564601290276,0.00122863692374164,0.022313624913239183
0.00925208205744689,-0.0028679763821544465,0.0017175800136809182,0.5147785903458402,0.016281578232595045,-0.004058008770353956,0.0009959855869845274,-0.008874511875113997,-3.1444962902250926
0.002762674945237669,-0.01756230941697836,0.005736181417040858,-0.004428675574112873,-0.0060941703410850295,-0.702122158151476,-0.003982909432193291,-0.2226964066313039,0.0025705267619607966
-0.27654216152125727,0.00480821430463618,0.0037448055419263626,2.2012767189808566,-0.00913661008785101,0.00227024049872134,-0.0029371829455582497,0.08552628372361282,0.020344692983232715
0.02206013544191912,-0.006052398656440878,-0.005858051197977677,0.0011921466259031503,0.0033584663825725982,-0.006065256433403306,0.8505096428510092,-0.008584799782030517,-1.7670514004706974
0.0129519885613471,0.01296368655434319,-0.05449488393849171,-3.059270470105449,0.008353312746106845,-0.3236024999544577,0.0007810587049064815,-0.04334096794796896,-0.033392485258501275
-2.053411764044858,-0.0005901522671963085,-0.0025338456185475464,0.0023142218640744327,-0.227170248462072,-0.0017462148355969027,0.00499080618175066,0.013919961988588709,0.005186360486012315
-0.007628984362381394,0.0017482464521364604,1.9136554668507557,0.0007499357591344118,-0.002690149466583896,0.002281951548162243,-0.0012715530766978535,0.00779154868100513,0.05029347118957189
-0.006787848487797354,0.007486168104888823,-0.2170676113687325,0.0005576625768399185,-0.005462608669536144,0.004053386258931644,-0.028156578012550594,0.00809603800795923,2.060588851769923
-0.0003604527694043725,0.5029754023111022,0.0005376263542715578,-0.0029719927451608108,0.9517970829923406,0.00043234908428758543,0.00217901068011582,0.0003565461535271347,-0.0016589275001435283
1.1595498454441031,-0.7225257410284455,0.04396403752301843,-0.0018711834429630733,0.01052319622750518,0.007064796525587839,-0.007483543296663481,-0.02552311365221621,-0.010506240139038697
0.0020648790764067485,-0.006916335151295494,0.002866382070768276,-0.009852694956713199,-0.000995256230553411,-0.9709204254410536,-0.8282948300139162,-0.01668765457265281,0.005562484812532921
-0.015143273349979166,0.9861147080912388,8.611359929720048e-05,0.0006872020963372721,-0.008062602411574044,-0.004084995312295531,-0.0013471392691906201,0.374189122887432,0.015131201890743465
0.9116210150438236,-0.007568157931122893,0.005170335158845804,-0.0036505383288208864,0.003020107377888317,-0.005597026669771079,-0.3363705500464519,-0.062395817392446845,-0.00069456723065138
-2.5306221185600215,-0.01921015118881253,1.1901111334926564,-0.0022917179632147844,-0.0023631191542269024,0.001230325295774784,-0.004161612121977479,0.01195596922834552,1.9025862807446856
-4.75292808770494,-0.004954864467812764,0.012500970214068,-0.0002511305314267312,-0.000273693741950895,-0.0022387753368046798,-0.7577243773998791,-0.014688952250993703,0.4226512315021562
0.1515018074898318,-0.006649882907784988,-0.0006673139181260779,-0.002619272883118732,0.0029376649600136966,0.0007355620041189581,0.003034326703845686,-3.8851228329840817,-0.01152334031657351
0.0036450160777364484,-0.004702267202476821,0.0007142495251748626,-0.0019106487085291512,0.39839506022496013,-0.0003745267787220915,-0.019463013697757534,-0.0074387914543342145,-0.004025917493259307
0.009870402693579111,-0.002233980445577945,0.0002486664489537852,-0.0015887889183281252,0.004535391335981513,-0.0038636135630173603,0.006365725742721696,-0.008381658071689217,-3.1766288285814093
0.0011764308125224651,0.8262499103061309,-0.9794097550176949,2.391741309957864,0.008372919562203963,0.0003572871973940208,0.1545026485266937,0.0016096262013877774,-0.015989689786677128
0.18433785241700323,-0.003909312487751523,-0.008822464635459541,-0.3245179834862962,0.0009566082017188252,-0.004168653762421278,-0.0009513829063954136,-0.35326006922409386,-0.007068852818914128
-0.050544074456222034,0.0006821286746564429,0.005773462863685762,-0.0022845179705736638,-0.023000897184499998,0.5399275078394121,-0.004074786493427046,0.01110179510231929,0.7577380201211636
-0.002327131341132952,0.07158758734305103,-0.013119480249203815,0.28049496688534714,0.004779929228400655,0.0045617452345242376,0.7674653585151975,0.022697357021679042,0.0006810062318725763
-0.08546281312418624,0.004355034753128847,0.006502755650271417,0.0013961616798990693,0.00043065965953249926,0.003059018563108546,-0.010845374216896873,0.013660904951878404,4.0578658804027254
3.405428202946383,-0.000617403137264454,-0.0034309775841423196,-0.7226896257406477,-0.9498462815882982,-0.016063498031629347,0.00013036858363727876,-0.01808213344372326,0.0029752403318040743
0.006193970208622236,0.0039861947918815,-0.4480410599034295,-0.00021282634831476348,0.014658666148894592,2.063523705319332,0.006818602526625268,-0.0011131202110591827,-3.4181011281932294
-2.427844493381613,0.002152740501963554,0.004642179618621692,-2.2363799924951144,0.0016957541169130008,0.016099095107561495,0.003864651080726006,0.011830994686368064,0.008270292011438585
-0.7910528199647849,2.1695545573530173,0.004907409144829688,0.0011866457534884566,0.004213849849442465,0.006430171970826017,-0.011349312747867882,0.06233986503281989,0.019373152481754807
-0.00223417264517516,0.0011081015599960814,-0.0022321204238774485,0.0019598992313146035,-0.001680571247883506,0.003712613104307985,-0.841240263852154,0.010153410132397013,0.011990491222988352
-0.04928516335139749,0.0028038454344939284,0.001588167168469672,0.004437949444909869,-0.0039375286441402195,0.0024131916790913893,0.0008668984163371658,0.02272908440962749,3.1177318220019172
0.0005482910764607747,0.004376394831874374,-0.006272525584906268,0.04808617601037687,0.007844017691909335,-0.0007993461099901467,0.02364233569300002,0.001981354683910367,-0.012377777080122002
-0.00778882870350274,-0.00014001495313305246,0.006874757419913842,-0.002291610705325846,-0.0017567515343315902,1.1634145103041704,-0.022401735878864057,0.007568077009645895,2.9062008268877397
0.014902681610675522,-0.11504552460625354,-0.0018091510733652593,0.005952250464769472,0.002930602127485346,-0.27468235403667424,0.006044067432651935,-0.011265804071729075,-0.02528584043058116
-0.020368300504433945,0.0009033538093749889,0.05242030902615699,0.0013833015561664501,-0.0013059490539023815,0.0034899892102218857,-0.0027413287945137416,0.009996220770773313,2.3422009656239955
2.888101016022157,-0.011687822567414501,0.003498975731961604,-1.036645178390284,-0.008567470085248274,-0.0012323439687627559,-0.0036740620067773136,-0.04096153918259045,0.0020743806419579736
-0.0031516096502609324,0.00039152351064070893,-0.002128870637464828,-0.0011400839307074383,-0.10421935177591998,0.01777415885475385,-1.1642208018285898,0.005959728683931485,0.04230090456410507
1.642013768539652,-0.0003335873827011583,-0.001008931817940751,0.0002822215508551957,0.0003128946115814879,-0.0011174482838589455,0.0036321872075286248,-0.021116265426072613,-0.014223044128290535
-0.0012394063466965874,-0.0019884843552644767,0.011221590693854984,-0.011553736717289263,-0.0055198781530290085,0.0007794159911726521,-0.01472116586127564,-0.0021081985513499114,1.1273811751306868
0.00164045881789141,-0.010642781380093586,1.8499837065101472,0.0018920872925553538,-0.00601438944429435,-0.012766344546831442,-0.0011116346823775488,-4.722751746412649,-0.00251735262649716
-0.0004345399041056344,-0.012878407820516887,0.010479755502791094,0.007163731637479398,-0.02395909657035307,-0.00699788893668927,-0.4466204738093595,-0.0011535050126531513,0.005858753550537124
0.01537910867722514,0.0028482415859705547,0.00011257965060517024,-0.01469869421836021,0.007432630394335409,-0.011584832868295435,0.0030368342280299287,-3.556657589340457,-0.009639812748506879
0.00040533865315126976,-0.002597341143868612,0.0032028678012520086,-0.004497709909865254,-0.0015629412271737397,-0.0008353153063388517,-0.004638415289458606,-0.0034847684887244915,0.0023225917106860085
0.01014396663029244,-0.010864796446546164,0.1970553728103337,-0.000984902056281975,0.005892366807250519,-0.009553289772645355,-0.003794634955421031,-0.01708104909491125,-1.8938749784092699
-0.012564987584506308,0.004009554350377911,-0.006381145844844886,0.01903334431828312,-1.018414283426981,2.668613047135865,1.4873690577368477,0.11711137825678555,0.004132924228403834
-0.3295424469644697,0.0016974945395102068,0.0030895813265726067,-3.349779188603088e-05,-0.0040817348766933525,0.009926744829161987,-0.004686744931042655,0.017464951256804695,0.4199396574071551
-0.013364543129344576,0.0025528204819312682,2.4070038732163703,0.034888562696431605,-0.0033967052216776136,-0.002261147377158261,-0.0007933613896061208,0.021089012598366957,0.006703091103239564
-1.5965709797180199,-0.006009370273898085,0.024164295627366952,0.0009763674929477561,-0.0016798160031712972,-0.0027556838436387666,0.004938084583991843,2.233280742913264,0.017082521662239614
0.0013722057818271044,-0.002882421373316721,-0.00025520909267935307,-2.9206722954831466,-0.0014047494824058274,-0.004380340027242285,-0.7351642413756434,-0.01080577545760713,-6.29471208840153e-05
-0.0005925938408875911,0.0732104338717265,-0.11719601372642421,1.9611026376656688,-0.0010685080963561341,0.0008322435351736119,1.028027949379982,0.002934913315699391,-0.0044555728239302345
0.03744061784975186,-0.004387764820926291,-0.021605329190841162,-0.09856480042506045,-0.0005085526527647023,-2.400432139456254,-0.012458281926684802,-0.1181140100798959,-0.000817426538938848
-0.5901855135337275,-0.007014730986342081,0.04379988884288585,0.003416195778906324,-0.00366018982042404,-0.0004964614413218548,-0.013385210666315758,0.010794921241481667,0.033236970616407444
-1.4397374155732126,0.004009500691056952,-0.0011067492849546508,0.003749462837109305,0.00013077309085300984,0.0032323419292876344,0.12780906503341957,0.1566450585210636,-0.002912655451631413
-2.386453417335022,-0.042241228189228264,1.063152002937028,-0.00016472017738387856,-0.006248511201817089,0.005114608927660625,-0.010529094917062096,-0.0042196052358731695,0.020297351683963183
0.0029617978210321784,-0.0013733798777127368,-0.19484291634185336,-0.002860123422993518,-0.4454492178937015,3.10757695738204,0.002315367672269513,-0.010361091141298824,-0.004015198477651277
0.06013767718468488,-0.0042979439624695175,0.0002894787342311994,-0.0036274472007515775,1.6076583353350904,-1.3336965003731756,-0.0037330419301844684,-0.1109303478728799,-0.005067579332650174
0.007130555947177015,-0.005411965735808377,-0.0009060141843783207,-8.80663367563597e-05,0.004433581752651243,-0.006121188529638808,0.003555997171591487,-0.014036985931945347,-0.01704273774749209
-0.007372254655542882,0.5037784643254933,-0.0017538434943285015,0.00749341740944471,-0.0006507938606784906,0.008883193845917662,-6.893634075103971e-05,0.7629066369119034,0.003207037513819181
-2.920591165697818,0.022194610341653577,-0.008692417413155733,0.001713395123059125,0.004576450509555172,0.0045439652874534565,-0.0013164637371350409,0.01449229033328647,-0.0023847949511836553
-0.0022669815212324304,1.9488138754210877,-0.006540271261312725,1.1308416193297373,-0.002013717103966809,-0.0007960765347528923,-0.0025248422122971896,0.033589914133083515,0.0015755190622537586
-0.17767837783221002,0.014596466214674305,1.867127625941269,0.004864321408492349,0.00020360551302865725,0.0019133615874148825,0.0031369871999470176,0.058642163550797675,0.025998277696662075
0.04851505101518627,-0.006159029549839743,0.1252982660326441,0.6986909750316639,0.5313598294586174,-0.1383819214758324,0.9406209089992787,-0.07122325442017485,-6.231400746856579
0.004446814827650414,0.05818442818559366,-2.0275990823413386,2.873713246651087,0.0404065251382614,-0.0014638167603330116,0.0054252647323972045,-0.0017273045029740364,-5.38867257566533
0.008309008040130426,-0.001810268813185393,-0.37930578820322197,-9.145577678499814e-05,0.0005294011782275066,-0.01133836597970429,0.00026888779299878213,-0.014129712107322554,-0.1236484951308344
-0.007725158000349248,0.0020258950026065614,0.005251259817564576,0.000709115573010831,0.0011044472296136854,0.011284989171191487,0.002295348344535755,2.406171213227736,0.004931491148390227
0.0029689811580037523,-0.0027846316958995048,0.0018229209653995854,-0.012377563031250169,-0.0023190357180383533,-0.01595295201531627,-2.259079696125552e-05,-3.4640638846195695,0.002016300233188918
0.0010634716283815931,0.0023092896880054195,-0.864474760952212,0.003565736406720015,0.005030216920358999,0.001854367311513689,0.00444858504712786,1.3556021153188214e-05,-3.110867678237386
-0.0026213741492439424,0.0061714168357896865,0.002159113402508875,0.008410130584071411,0.43717618403494574,0.0036591491987963964,0.3184601085944134,0.01867032661326252,0.0032454795408539856
-0.9188603266155445,0.003287509298118059,0.0017483969854141957,0.0010668445019135775,-1.7451329220597294,0.008933244848611663,0.0003828145901437043,0.01403512477240651,0.028658051164256237
0.004529040502177713,-0.002864341996832631,-0.0009707258911263061,0.00036120638947993364,0.005336003578978074,-0.0035488590729544334,0.19846685405483586,-0.007249439016868941,-0.016508621513385034
0.212184110894371,-0.002710235883454367,-0.004049692204816426,-0.003146501994138522,-0.0005500361821175594,-0.03817471869543636,0.0015078504378935632,-0.056177590884954,-1.7390558287342284
-0.002815260716188577,-0.0006621161924715712,0.010874929199592093,-0.20149188165359594,-0.016868139935577342,-0.0020098759185321865,-0.9277805888646575,-5.11383424854836e-05,1.260726247754975
-0.004122814176054411,1.1216978997709535,0.005072124571546745,0.007427349857711699,0.02051139897133284,0.0021100659536069976,0.002192709243268677,0.11649755848946139,-0.0009446884580791102
-0.012481206609284368,0.0032435489862869377,0.0017847625629485537,0.00012164645233924526,-0.009113478938744679,0.0006756473095463722,-0.0011826541574491156,0.010130101620311797,1.1552821123353394
0.0018156243429396507,0.005449423741610126,-1.4269950551671764,1.224641190683814,0.00435287190162174,2.3639993260808985,0.9578798228924419,0.005050697699185527,-0.4260741393914468
-2.430360448064657,-0.7705216545200186,0.11323576378313566,1.8437190784455562e-05,-0.001289525435607397,-0.00118917805477076,-0.0145808568055589,-0.0010110686491611245,0.029308373940100663
-0.013238306558549044,0.005186747358683757,3.1920480242349854e-05,0.014286188012191498,-0.0007878039067520656,0.010666657167524882,-0.009413128503982463,0.2916760536607005,0.011349420997339274
-0.0015484119257062334,0.04347332906019344,-0.02199572698216933,0.036137738341970205,1.0391751954808952,0.7662887205097316,0.001396149879244671,0.035340702301247154,-0.0060027767919337725
-0.0038207651551041,-0.000498599310000471,0.005160977066066328,-2.1323103839686374e-05,-0.0032098854840285017,0.00396268376373954,-0.007105785473710761,0.0036652196515006667,1.4014421787486862
-2.3554656021859754,-0.005620422832072494,0.024225149281656325,-0.09035261533008665,-0.011209468825480629,0.0012359222318651178,-0.004468952831348447,-0.009956631039104463,2.526735599083299
-0.5563145734684283,0.0004929265564084656,0.8474509922920413,-7.849496944940804e-05,-0.013231950143136977,0.0019870803458916474,0.0008823158184296121,0.008846130304273097,1.5542724175711617
0.00412680185170429,-0.00033187048767070173,-0.02878568938540817,-0.0025720881871987454,-0.0013277738255814875,-0.00298964786435401,1.0478146751487132,-0.007389215006964953,-0.5433646221679392
-0.07079237279610529,0.004873596106787717,0.0024531640320156626,-0.0033854404462998477,-0.007208334115945169,-1.6408626549333143,-0.0036444173113552476,0.0266540757480584,4.918102217055937
-2.075794040307544,-0.003936967660715676,0.0039150184316075025,0.2842386143207538,0.0007504043486910653,0.0022683065147240224,-0.0018097425834787545,0.023325162524822578,0.009582822078820552
-0.44370407061250905,0.018194907593238385,0.003516070776244263,-0.00464739237246177,0.0008864935469141497,0.17560499155224485,-1.4844434047976283,0.016651164887033415,2.2341414704853975
-0.943911002792577,-0.002395739259168413,0.009589736636164733,0.8904770015003041,-0.0019270117454659695,0.008280462740588093,-0.0018847786476423475,0.026295481890185164,0.01620416644025116
-1.3434938967249417,0.0021356278436843157,-0.0025861062869527614,0.0027260875104805973,-0.0023634505686244422,0.0002804320644507583,-1.2204636409480704e-05,0.01647008975825962,0.004513521736933618
1.3252540882904758,-0.003660888432187287,-0.004119239139902472,-0.00050926331244136,-0.006369090812766501,-0.006398812091225639,-0.0012947129000111367,-0.03557065006968988,-0.001239849635639445
4.305598109915767,0.006584348950978529,0.00992572671711478,-1.6408513024112332,0.006355609182889091,-0.0032993415455732766,0.8136786231676947,-0.029720478351374813,-0.2592325925614496
-1.871755703373601,-0.0002629914222660734,0.0020357338711099494,-0.0012858812636133213,-0.003525165129953,0.0064898946799454744,-1.6918492743412055,0.0018595910696264095,0.03790081632153974
-2.0971752355607323,0.0016388723718258075,0.004828012422171034,0.23598975459631527,0.0036469799877029765,0.0007930728813705431,0.004284926619307398,0.01723774102577577,-0.008055260559540062
-1.0703908341499542,0.0030043300701155756,0.00426511322663093,0.0028682570076633946,0.001101480229749735,0.9651849539656451,0.06863578938480594,3.8203109970182276,0.009202235029360184
0.002719653075273651,0.0007220669739982461,-0.000774077657977032,0.6894429670946671,1.9784334548899383,-0.010089310509371507,0.009163204404583614,-0.0036749004758598047,-2.4392086932368926
-0.38638469867757413,-0.0012471063503500966,0.03532675217277241,-9.562397046554601e-05,-0.00532695778023202,0.005937730806561443,-0.00196672469629249,0.009311109045346289,0.09802471260227616
-1.1697786047992977,0.002319433395030045,0.006938458861958759,0.2751655795574371,0.008117885233898996,0.003282358690079702,0.001433703822623712,0.03457400125497603,-0.0001589443957899367
4.955092882237566,-1.377983093220391,0.007633587949370774,-0.0034465655840347875,-0.00022112622996750542,-0.00035269336549525023,0.00015677895775789014,-0.00944932584470414,0.006421570544208333
-0.003867251509884928,-0.00034448114974289104,0.009594888544298715,-0.0007590732478785184,-0.0028523690757560334,0.0023352903287873674,-0.025679049344621646,0.001776706602716338,2.3810485871693516
-0.381638366968908,0.024800633387196996,-0.0017018540187901492,0.0037784956670166487,0.0005009106111444409,0.019419425382108283,-0.00022226534196787473,1.673653218090455,0.003425147864755035
-0.0005737168745037787,-0.00019973573944031102,0.0038043302435877514,-0.006883373202700053,-0.00036407388057564747,-1.2974239542353212,-0.04709765018104495,-0.00823471352284904,0.007801371889487312
-0.0051414852419431195,0.00033627977060692645,0.0045475038839941405,-0.011603013764337835,-1.3425072946869114,0.020841972906380513,0.00038602010894165056,0.00532588575957392,3.5788209192863167
0.007170456226281152,-0.0026845382180536387,-0.9335684167035114,0.3950959236617713,0.0036312468653142606,-0.0008812053067726693,0.00964972811388684,-0.0034925106777917644,-1.0931015118848386
-0.00013410641599340394,-0.008397457582459978,0.0007068363501916823,1.0528892170767012,0.000653308932134597,0.009920283248680627,-0.9794786398311353,0.0022267308459306976,-0.001558310888935762
-0.030360001189325803,0.002655938606760707,0.0026436984421381363,0.0019407990157190753,-0.0017752499183651448,0.01691750051244638,-1.6851596805974414,0.039155393659647264,6.646495859633308
0.01245321173370733,-0.8358238039523677,0.005644461408032265,-0.005903120894321092,0.007081139300305835,-0.006349780635700146,-0.620712355166634,-0.39286244422192385,-0.005218157078303767
3.4891436658064903,-0.0063268093561632405,0.006710563021044322,-0.004515027611667049,-0.0034753494451444863,-0.029132214173636144,-0.3392011485436266,-0.4490414034313326,0.008669587324445338
-0.0034372383568647327,-0.0006771552025941742,0.0022054400661690593,-0.005547318349381718,-0.006545219080024154,2.8562175532120775,0.007030287555665154,0.009867098488913637,0.00944381757133389
2.0890876111659487,0.0005899489364602148,-2.392642053188132,0.001163687080032387,0.0030350817441440366,-0.015687491314067735,-2.501379275024784,-0.014120257043935422,-0.006337071271446393
0.00015185609567668762,0.006363370840007196,-1.100059871799775,0.002823379724452152,0.6613875624825714,0.0031402016644154155,2.7719051075061754,0.00110951101289267,-0.05166513247488547
0.005943832440180619,0.004223243845483157,-0.004602680762005117,0.0003313091258904631,0.01668339047060042,-1.8769238114143074,0.8138794670072593,-0.0044290537715603075,-0.020534597822280065
-0.0022264416240563786,0.026061358416386994,-0.0029177994083773792,0.023397342249550337,0.6125067159529669,0.0014957928957196537,0.7456978342230456,0.011617161230597528,-0.003973895048220405
0.007354639978952681,-0.0017726429557782216,-0.0031399732671315117,0.00035104114688638865,0.0060226323206784465,-0.0033071222086305868,-0.0004353082281702323,-0.006759114144594758,-1.304538547209735
-0.9676676550311146,-0.0038841749458061415,0.0062000595928814895,-0.0011871826389736838,-0.05533468666221915,-0.0021545849051156285,-0.0013093028670410761,0.007379593415114186,0.04747262343681441
0.008424016398732852,-0.001292560030218283,-0.007859791137249942,1.1476140920366316,1.3454400040022676,-0.00223181997317351,0.00618860901864585,-0.009221079795749973,-0.38071100821035486
0.09887963035449704,-0.0024111096161872304,-0.030553211165242757,-0.0001960131831920198,0.0018808646165518578,-0.007539394005768283,-0.001718404914077402,-0.012315772038566604,-2.9218762588944642
2.3926498810779666,-1.870452642323847,-0.010029020569552669,0.007559232715525864,0.0029870984296636108,0.0014675356438417298,0.004706856469847254,0.014631851103317604,-0.015122352115017668
-0.0002387859818173499,0.006734587345860904,0.0003108139185318744,0.0021857986516458684,0.003480682474669113,0.00041928165424108695,0.49069257197746796,0.0003880354951374067,-0.006261706896823151
-0.001989342003267605,0.0059468390511775646,0.0013694687367848167,0.02803262391330682,0.40758662681488506,1.764880631082096,0.005689992193214331,0.014372538081519788,-0.010437602503650459
-4.2794985153593395,0.01249776539799679,-0.00030407078720798286,-0.003665958777165041,0.013053407993209282,1.1066037483318405,-0.6752271822186664,0.0024075334610674376,0.004341829896557625
-1.1792291528676662,-0.004681547529215918,0.014792712857137347,0.0028531969460227164,-0.000375752724416643,0.014905379258408773,0.996119042184283,0.15302365717344857,0.01364532221441457
-0.010131989557026544,1.249545067682194,0.006975624014605804,1.7092090299289366,4.365745022915817,0.019134976055750638,0.12092842091661649,0.036003519952149066,0.006070873015648071
0.001223906784080523,-0.22020158228341602,2.213014931190046,-0.005063383855932177,-0.0059059428655167355,-0.00108275187806617,-0.44301762821628005,-0.00482598871980049,0.1571498567096008
0.0007990392951156815,-0.0039692728733570475,1.499759226111318,-0.0020220250992321618,-0.0007187289119466361,-0.000986859941096414,-0.007334832186963768,-0.0034857066567945396,0.004677503467881025
3.5294499263420307,-0.005999265565164159,1.009336788937242,-0.0018669446976275752,0.0025579519293233224,2.0309020596895637,-0.00281403199752742,-0.01851370701313282,0.00040597308771125884
-4.587128894571723,-3.1144936060187662,0.00457242060467708,-0.006462627939156099,-0.02550487880388852,0.006824502579374118,-0.21937922126032516,-0.02634365669854427,0.08258338415257471
-2.5547291615850924,-0.003607869018267814,0.057901861829814105,-0.13457571889472994,-0.004028879261571507,0.02074648515383532,-1.743689479599339e-05,-0.007412667988564421,0.026507341556362918
0.5349046074735302,-0.000511790679082226,-0.0027222594685745406,-0.0012924965235017322,0.005047927766980044,-0.00462677206723678,0.0038856946272632746,-0.01803802410506743,-4.349220554128792
-1.7869972749166125,-0.002102833514536828,0.0029099028436990245,-0.0018223020458805333,-0.0027109543777296304,0.003984305836456838,-0.008606112217915782,0.007095084161559198,1.8953232778202036
-1.6699797655137758,0.000380887602145559,0.0020680630225165253,-0.0011786128637440371,-0.0007108574076775884,0.00798487839477479,-2.1360461679058815,0.02548350941264793,0.02250847191483274
0.02496810592557768,-0.0010977464338039855,-0.0033494629468082647,4.0136708776623896e-05,0.007670840179707147,-1.400758528210868,4.857181652664607e-05,-0.08881578285384256,-0.011412081444425556
-0.010644929497189926,0.011014727578443316,0.0016562963506013308,0.0011873510983304667,0.00015068521090232058,0.006201994934278504,0.4322551175308636,1.121111981127645,0.0059144083759011465
2.049911147382585,0.0033348715084959846,0.00131399556894057,-0.005555722206242013,0.004580424164374344,-0.05499473772346991,-0.0019019461940670557,-0.017846528071535268,-0.0025868870631516327
0.02668219859261333,-0.0022144160154383033,-0.0009453823447063848,-0.0048618535245894354,0.014466185605526472,-1.4708415525524137,-0.08033528758679598,-0.08231080924846444,-0.0029445375580140695
0.3160077940034218,0.0013497163248889367,-0.0011568848654843651,-0.002275371548311226,0.0060382800782118155,-0.12243715881127876,0.02225784996909675,-5.4266824726074825,-0.0313400638797553
-0.029281722235182217,0.008460316417496358,0.007824616754751018,-0.0009014994094609149,0.006172547613316818,0.013456112249423391,0.0019801211107445746,0.02260455632441874,7.790935717961477
-2.981713094357903,-0.026811839866765566,0.0030028191640456905,0.8960329348323346,-0.0008189715979089671,0.13533114522277095,-1.4437065485030383,0.03461548031734549,0.028255855590970658
1.8276233747442983,0.000711030198129077,-1.695183201180317,0.006285701887927861,0.004498549423056039,-1.6400161875154375,0.029764507233876573,0.018144071917168547,-0.03098368794042905
-0.0022121316607775013,1.1623681906941659,-0.0013437675674200693,0.41444586217862256,0.5425713713438637,0.034545854271796794,2.3420413979055734,0.026300198374816633,-0.005766911429113203
-0.043331042665606764,-0.013197210691613621,1.184744049071823,0.001813464978967048,-0.003519113200870193,1.0592204911424146,0.008652143337367033,0.05898540798253556,0.024530359787521383
1.1725719334112301,0.004134062326881113,-0.03513976526081018,0.002454144633520998,0.0031945371424870438,0.0007214302883880291,0.004932010600940572,-0.00847901743834574,-2.1790617848186695
0.009701858600657726,-0.0019083135746758165,-0.006509568923795072,-0.0016189221937920608,0.0004047970155498968,-0.0012696347271211085,0.0026356726512448622,-0.009025544609022405,-3.9968924881982804
0.0008045073229925735,-0.2234622819225933,0.36206060333507695,-0.6436884559518591,-0.04179793331611356,-0.005817588372246882,-0.0053116032783791355,-0.022591705511361054,0.00426865163501376
0.004088087027982592,-0.003033131426344827,0.005131131343582194,-0.001733534932674097,0.8557328130524151,-0.17534954228300698,0.0021049778250341977,-0.00846520575711852,-0.009296981150078112
0.15981331188400938,-0.007223797046633775,0.001666648772815603,-0.028706890251623922,0.0022759305729136495,-0.0027164646887780745,0.004197053348715204,-5.034486981516216,-0.008098179168493314
1.3373059994899936,-0.000894512299848868,0.9771916195056969,1.5307999863924007,0.03203400311842941,-0.08293362298321497,1.2231853753619757,-0.0403834014808382,-3.0533102144708764
0.00046335809914448134,0.0016982130128010949,-0.00040755313821335423,0.044453275397901934,0.3484283036107758,0.0008660329328922106,0.014129765732986497,0.0022556524705223263,-0.5058427828815641
-4.665876645932647,0.002803637630871656,0.0018196057538751864,-0.008145151462519177,-0.0008322881022806358,-0.00360026010993643,-0.0023872495824645637,-0.007461042504198795,0.008738284279332986
2.9890444013163604,0.0015411541581901167,-1.6667592435672676,0.007511626296523369,0.0030173616740344356,0.0010721804049208805,0.006414052810616789,0.0078078948226895095,-0.41290936569597925
-1.8256850265628355,-0.0016358192897060614,0.00021717057637437448,-0.003029536584563855,-0.8074907777853535,0.862999329105873,0.0023567834489006045,0.01727236181369063,0.16990800140701312
-0.0012139118894053808,0.4965513778974747,-2.161537612597299,0.0032897210858152566,-0.0007648862553473899,-0.006182822570286815,0.006537087800983316,0.0019985201314342282,-0.006507338234367749
-0.003484490647067079,7.434437858749017e-05,0.014293320685744966,-0.3975077778683638,-0.014302824415886676,0.0013973111942997283,-0.012001227745253133,0.0025347713279366257,0.09049955273564156
-0.006175086225603121,0.7597823044042771,0.001303214149624225,0.004882360561142973,-9.734345334743105e-05,0.005116530422188477,0.005822545122436023,1.5620378319858441,0.0017829678731789561
0.17548393108499288,-0.0017414585283702052,-0.002943710187391929,-0.0014240892389640813,0.009185221016707986,-0.4400250155221304,-0.30488252813854433,-0.16671457425453823,-0.03215740661652537
5.564386876015274,0.0010618690751893487,0.0017669780788330813,-0.00249613123132951,0.00048377775337156426,-0.05355491982960858,-9.255143494195373e-06,-0.0072767829385827175,-0.002010794654422887
-0.01988546667161812,0.0017828045446872786,1.4421344459501244,0.001449948132767664,-0.002577689508934538,2.2496695896208707,1.521024169038344,0.18770723692739733,0.011119773573011388
-0.011025440342852756,0.6951383302799502,-0.0066171446068918425,0.2271418070962214,-0.0014678494074192258,0.4015224205962546,-0.0037489944809367343,0.3398031054014397,0.003954783823617032
0.008080987655819272,-0.012605546663502672,7.31145721175372e-05,-0.009309492180083947,-3.4734761445735214,-0.008760023432157697,-0.007125937556338173,-0.02138357839057371,-0.014081331990766555
-0.02227047303229847,0.005831025632591704,0.3202587471415386,4.3485779908981534,-0.0034456134247744935,0.000297966988716122,-0.0010123020351942569,0.019163394897963246,0.019031042432435717
-0.003991186736901373,0.010777677240082544,-0.0019319285499304127,0.011334488334974822,0.0013376422064270044,0.005463080780885408,0.0011866784709241727,0.04240238252989785,0.002553434417002888
0.0010233292576555136,0.7325681874835531,-0.0052156311648871075,0.004013322618170391,0.430956660357223,0.0007673961486162092,0.006695404329323965,-0.0017725934078183557,-0.019966974525412386
-3.6149181068885907,0.005398930386399568,0.003522785151221619,0.00354673558143977,0.7521815178786002,-0.0026774501495808924,0.002643030009351852,0.016492807225277573,-0.007156414690820345
0.4598250684254078,0.0026685113955492376,-0.013547198938662523,0.0009339148656060045,1.1579266146738143,-1.1861686357487042,0.0004161353120935528,-0.014567064192919893,-0.06986681292813512
1.8184632000713203,0.003949461373545016,0.0033446108686384854,-0.010271486941147129,1.4654948154031424,-0.01304267270055473,0.5922668571671981,-0.030582144780912313,-0.03758201963213459
0.006837851844791274,-0.427972922787568,0.002767698655601808,-1.307633126707549,0.0021890605656344564,0.0003831823973307483,-0.6668164723902661,-2.1368473145067384,-0.0016853334221430052
0.010317660093597745,-0.003697256714690636,-0.0022157266331364477,-0.0012705098900183405,0.0022997469222246617,-0.6795575377369921,-0.0012447840593726512,-0.018126042541786694,-0.007445455624780783
2.164638138624097,-0.016754674806053457,0.0013116019296069772,0.0038173209437327247,-2.3844316992310643,-0.0011209899953071797,0.008115891569116903,-0.02338095740757988,-0.011620205163458075
0.008308764883022457,1.311112734719757e-05,-0.004627701014305457,-0.0011046541967431357,0.7885243065032752,-0.024192235259909156,0.2850671116305634,-0.006726577964091859,-2.904617618982395
3.2228253703693603,0.8998815719165985,-0.01601022529700377,-0.009948554282652919,-0.08767525907205675,-0.05146098199901682,0.02460916483342361,-0.0186829917203194,-0.004165390659526758
-3.641887959262675,-1.6980093609871458,0.00582938050845655,0.23368521309610138,0.0014829075836306493,0.5702847710453323,0.0018591512124673595,0.01665694010844102,-0.005644040478836376
0.00036081851549405256,-0.005853734810887164,1.3554321331356158,-0.9106887257145589,-0.20576458076883805,-0.001564694216082057,0.0006187297867514402,-0.005446650336138427,0.006240754722734165
-2.046291302677805e-05,2.9937085705662936,-0.0016605438293684758,0.29346130666683834,0.7177953517374749,0.0024855624022271337,1.0615946713574549,0.0370199347392578,-0.008957230350046447
0.019919148698226384,-0.0024299948994512743,0.015446647327715477,-2.6194852793986234,0.24197169710606636,-0.01166773816134078,-0.002154586697470748,-4.467438022387516,-0.008388510803851834
0.016871513183947418,-0.005231006899315426,-1.08045226292487,0.0028390706643031047,-0.0004212162316193282,-0.23584569939579758,0.0026130697992049323,-0.012270257285822019,-2.5236634462536207
-0.0013495614226970293,0.005018306754335465,-0.3528229371996596,1.6733804406519202,2.0771079704677273,0.018696080026515634,0.02511451743540006,0.013584200709229971,-0.021443952184927118
-1.505138992381048,0.0011371047978141306,-0.0042339629499479545,0.00775142629133788,-0.9621495874509376,-0.0014733527617300304,-0.00012114954896225378,0.023194299130218296,0.01535112151805007
0.06001218028854363,-0.005948352476934409,0.0008268846148884804,-0.0017386362126469435,0.00044175162339803696,-0.017605600433850174,1.7953148253376845,-1.8543131154273416,-0.023576337016948556
0.00029230462286749316,-0.00014317921522559254,0.0034239487287031412,-0.004158920526827356,-0.0012729303841934768,-0.00228203367065587,-0.0013790302390788588,-0.003469779132821261,0.000746789220331189
0.0050304158993033695,-0.16237774688799414,0.0009487015242444974,-0.002543719961044738,-0.0018009252873618388,-0.0011476867277946147,-0.01710515661594101,-2.619045826173887,0.0005696481000811021
0.008399009791115722,-1.0846544210739573,0.0027910382401236094,-0.0003574613065512212,0.0017949608410662583,-0.006014246570086933,0.0026215446105960737,-3.570493108351516,-0.007399557437481899
-0.012286579205254236,0.0012041673176845574,0.04426519989778126,0.00022824268159348134,-0.42718418572822514,-0.0004825706699257658,-0.0012020969854264706,0.00618381183329228,2.5966094204806334
-0.06036601831753788,0.0017015659537188595,0.7953294531864301,-0.008823588853586771,-0.6057244752312994,2.1056277746558605,-0.0017903861791168881,0.007565867782729118,0.0595050457899563
-0.014368590461534832,0.002395457897763036,-0.037887549808310626,0.009508391702326245,-0.5075500492259644,0.06511070716923284,0.008734291947428521,2.0385628814944674,-0.0037409268083498023
-2.0748517219766107,-0.03235290545032621,1.9739667177152072,0.020560677554057688,-0.0022087124368298586,0.0028122015310023257,0.007023672908025418,0.025538334185327027,0.0011612324472385915
0.041513057824122096,-0.002101908989485965,-0.005514984678184538,-0.0033779666217244805,0.0008698648333738805,-0.051738948962657405,0.004904431114345194,-0.021437995186801465,-3.3224432756704956
-0.007311306335732584,-0.003537155938213717,0.021326705481727208,-2.3639447214929072,-0.005817855235871496,0.0022976227162286172,-0.0069130635446778485,0.006123404180747416,3.0488932143797203
-0.9541355433927126,-0.000691879716373757,0.0009046772716106866,0.0005242748303089996,-0.0036895411021306366,0.006451948660942526,-0.004456499186621925,0.017218153990539546,0.028759906747659464
-1.816145597972999,0.2931977327591039,-0.000563004721542075,0.000218982137657882,0.00994603771490734,0.004549681233002459,-0.00015115788358665942,0.02095936040058292,0.0010745736703045294
-0.07466441475762248,0.019535522309222984,0.0004269576802381943,0.00017239914228204276,-0.002146817780672359,0.14635649528759337,0.00840874650023956,5.184771627779325,0.005402482770969608
-0.8198452269821201,0.9338218191813389,0.00284281245975046,-0.639348789362672,-0.008725568967400898,2.97969945968124,0.0017672976821877795,0.011690500753291384,0.0195060735098872
-0.09912178937473143,0.019613121083801276,0.0007816593783383174,0.004843686403780804,1.6352891443295405,0.6508695452446062,-0.0021468016669255827,1.4545645118559771,0.006922106009509603
0.008544856257213226,-0.0003434393779535331,-0.007964191095795983,-0.001394403425138995,0.004581137082109776,-0.0014633564982514773,0.017834324853109755,-0.003414310209235355,-4.538378847379239
-0.017258194316431746,0.673574239003924,0.005244625343413181,0.03486010333429261,-0.00041464814137956094,-0.0012900899183940157,0.00644281265077023,3.945814438899102,0.001535888626231316
-0.24790177406060554,-0.003226437571088133,0.0073580458780446965,0.8338624612980399,-0.012966962545712108,1.398914325882012,-0.038449229109940856,0.026588551321766466,0.06241233853320888
-0.0005169243377432381,0.5039735156691794,-1.9259364283712517,0.014139787622398533,0.28789668555454834,0.0009916335074688573,0.017369988857262847,0.007715754650043642,-0.18754147174488078
1.3004849476174465,-0.00041795905247726003,-0.003115492041204884,0.005359547799686072,0.004820253607416634,-0.0009451876834285585,0.003189791647495452,-0.0005716809910285489,-0.0354828360053942
-0.001168562757327141,-0.0002588714226615813,0.0008197536865619723,0.018047641119406547,-0.040849005360189025,-0.0003665828960584656,0.00024279180643244522,0.0006744814158554541,0.0006538636262404189
-3.400850181117061,-2.2138137955272974,0.005207560370446451,-0.003091935525483702,-0.010361283197642665,-0.0007278043825107855,-0.016174762962039818,-0.007127323844357547,2.1684581831156393
-0.008008114888148336,2.4567511573209755,0.0013776392371025563,0.44448830453928323,-0.0024183626864853307,3.594634315884549,0.7936160511229952,0.7899834840633945,-0.0014539793461413875
-0.003966890161050521,-0.011648883643673863,0.7685263142199332,0.0009540379891341769,-1.5711018319388184,0.003045639213676137,-0.02040520115329006,0.0021516272352594713,0.4377090289429866
0.0027398950092357047,-0.004903961544809908,0.0011866290438503754,-0.620485366168534,-0.0012613907571906468,-0.007744951781015389,-0.060307549231103985,-3.0466206435711034,0.005690131071339144
0.9985864524028352,-0.0010629904941657359,-0.6694292121426533,-0.00840284140023911,-0.0013562973625649184,-0.0046950348160292804,-0.002995243064096905,-0.02596360971310467,-0.0009774836692873629
0.0002169519541217399,0.00023116562250293437,0.46290470358708075,-0.00021757042526120715,0.7151893837514136,-0.0007905687710400873,0.0021427844332501033,-0.00027398022696594046,-0.0046253239996402705
2.1965675092971426,0.7988983104226045,-0.09782735385231461,0.008355386043774924,0.008931856670556196,0.0003404002847767814,8.286134898712744e-05,0.00025966292261814933,-0.07025305044514707
-0.9673012806062891,0.001404491839047988,0.00376585848851036,-0.00215664346361958,-0.0022244391201897266,-0.001457101931685265,-0.012716524615590686,0.009534084576120136,1.3745365765733846
-3.582571544142212,0.0022813638854644186,0.001153032516383698,-0.00408621121416845,-0.0005129382044232883,-0.005047207656444513,-0.007989733598806885,-0.003875666555526968,0.011296719104633812
-1.1504201551922677,0.5758455891525849,-0.0012007784207799556,0.012623678711245687,0.0007280167313845516,1.6543092795119564e-05,0.0038732507406120465,0.3342542166355995,-0.0010258792749672507
-0.016227033181715728,0.003564698362458098,0.8638761599758051,0.0016461630834195525,0.0005835458181153792,0.004657411824165673,-0.548641580957488,0.013913990216883068,4.4086114840262525
0.009775833604269396,-0.0014139588913807122,-1.0663721122124248,0.6113723076352064,0.003772188687329146,-0.0011910855354417826,0.05368386163329612,-0.005462688936579904,-4.412859179078198
1.841253838672781,1.4297228508121655,-0.010088043631146057,0.003849190923253795,1.3714566271364532,-0.003063310010181078,0.008147640788186366,-0.00424446788594432,-2.759592325512905
0.005672794482397103,-0.002885352909127257,0.003556134378364313,-0.0015635821559343947,2.1155676175836278,-1.3240780855134093,-0.011678369959173571,-0.04766193300373583,-0.0011669952585034449
0.9082660724911188,0.0016929595670892277,-0.036947067002694026,0.0014551436578977108,0.0018340061736211478,-1.2321656199861868,0.006506255502106553,-0.0035261865423190835,-0.020373678513932375
-0.006993355222236472,7.214789329288611e-05,0.0027297522667633894,-1.3548816330553062,-0.0409806328399712,0.0028176616943888545,-0.7260548849576285,0.0080220625789005,1.0301466344026629
-0.0014110073934377834,-0.0027357022485995143,0.003806445658062354,0.5485754499560851,-0.001505235861100289,0.0010318785916846947,-0.3018238666858162,0.0038383677769325015,0.004451732220616318
0.0021058081831385727,0.007092843765169254,-0.004337637409508518,-0.004705436685684467,0.6689960769702831,0.00047545471139687255,0.5044168696632628,-0.002522916051264424,-0.1096703984962043
-0.00273972153950445,0.010746615738106188,0.010848132326878056,-2.9646454238374655,0.0008960387908228239,0.002600501062691952,0.7961291599065103,0.008598060408937914,0.0028202657298672055
0.008337175990980557,-0.029977169724670516,-1.7061209446379317,-0.006578368607858855,-4.63504349569152,-0.007579170762271692,-1.924806730066301,-0.01943285435037606,-0.023325065806632295
1.2665736575771314,-0.0015652853339882917,-0.0043949817202725144,0.0009669618482622144,0.005495738309576618,0.0004016886961151174,-0.001783867073530879,0.0022540022685987476,-0.008658648920348011
2.672390426498113,-0.05428062546562455,0.007561535424213638,3.456425173669047e-07,-0.006833257289878297,-0.0350755756618824,0.0001187109030117671,-0.019410254361531744,0.0008495872075403033
0.010533311409134102,-0.004651484037377631,-0.00689544417179018,-2.368813162058047,0.00482520107442337,-0.002513207430254441,0.0033892452586563385,-0.03182336745692754,-0.02731880768207621
-1.290257644235594,0.022236101901082946,-0.0012343257883849074,-0.008699674210383156,-0.0010737493427141684,0.0015887541164974668,0.002204703972030965,0.012731210908561406,0.008746230687546264
-0.0016502883437827178,0.004588429158578686,0.0035546095745905546,0.18024702591292258,0.04772085531457874,0.0004052972860874778,-0.4964123625227838,0.00519234819258483,0.0014278966813840808
-0.008050449084604807,0.17398184625723173,-0.0006888577798390997,0.0006171834940392337,0.00673323741483173,0.5894938970133371,-0.0020540342048349183,0.4424639682759355,0.004245253299797476
0.01157958467400879,-0.0006221917032669918,-0.003894179773928699,0.6137726510831889,0.05145704707568447,-0.00515712099279406,0.0026591477848789376,-0.009509339830807387,-1.5947180355232318
-0.0024224387186431943,1.3031038658975969,-0.0003131051305717411,0.00886936165243824,0.03811898819240496,0.24356196128602003,0.7190150532302554,0.8888127595615343,-0.004673794363608118
-0.8488639246210703,-0.00015141583474734407,0.004808660603467206,0.004590542804436356,-0.0015302152309971812,0.0017202460373363872,0.0021186126685125766,1.9791170090794579,0.009819551999859066
0.0006664588567873394,-0.03920379922731147,0.00030026253968914963,-0.3316223611473587,-0.002149138752921777,0.005138869028714531,-0.7425111679179519,-0.001425110485398463,0.010458663258824722
-0.0012988967800197978,0.007649162660356369,-0.0113650145370826,0.6288882927163674,0.007837188840312722,0.007734299329966154,0.0038064888796048744,0.028519937403241036,-0.0018294493902842458
0.9498717259334479,-3.626025097731083,-0.008087583922117558,-0.4966205962426401,-0.09664955927238233,-0.012869632903292615,0.002795263616834409,-4.627026754483264,-0.015155039155113625
2.8781024054575286,-0.8872464227702874,0.005978321652230056,-0.0006340827098898004,-0.0007223094314570133,-0.01279242611295005,-0.002892626877679435,-0.018415854691617196,0.0021154196963315552
0.002165139713976367,-0.002038143477989957,-0.009782678270017003,0.06908856434880524,0.0009953419667710775,1.0706935235814317,0.7672690623850457,-0.00036405839175170226,-0.015423205349121196
0.5695144937814883,-0.02216101681705264,-1.465161897633891,-0.012408882643041828,-0.0524415253902064,-0.01093586852814726,-1.6797335283196437,-0.21760713441199386,0.0016691588706948396
1.8783709936473851,0.0045897200281504215,-0.0010739484460444912,0.0043655159629079655,0.015331736100812746,-1.7798837749168333,0.0015441514292288128,-0.09067742474425042,-0.13720919906331996
0.7232311171258419,-0.0008350066295793393,-0.0012816404854887778,-2.183975467081272,0.005933049565750154,-0.0052606000058560065,0.0034096184136342238,-0.07065277236802618,-0.051828268089146035
1.730025173855201,-0.009222627933269506,0.005835238474730657,-0.0017573366980652948,-0.00046412061287387507,0.0005126517181571204,0.005131659481729181,-0.012057150662594421,-0.0006361874833648307
-3.395994408640383,0.009159482613733672,-0.46916754668004,-0.01660140091143779,-0.6472618122577867,0.014948461270540406,0.001783716820064841,0.0029702865267732803,0.013062211666626689
2.8855130623041987,0.0037581878983496964,-2.334106291343228,0.003156816287639752,1.722883319436849,-0.005379420049962377,-0.010879841799773964,-0.026309896661456555,-0.008440997459016941
0.0005588771635182152,0.00034303323635416917,1.232803244528444,-0.05501369446002029,-0.00394994137757354,-0.001709938705877367,0.8001564906938633,-0.004039817846847305,0.002004653124945825
-2.8903808767674954,0.03347946642667349,-0.0014708230480060397,-0.9234907231658047,-0.0018803175924495957,-0.003958325232803176,-0.9612059661005468,-0.0002968656986418322,0.5158822086815
-0.0020314428626910432,0.6992872777803167,-0.0014788457642962614,0.003934419179486698,0.00927582922320412,0.23982311656358926,0.0025542808316827833,0.021865436682205447,-0.0020626573352143674
1.8555281535541626,-0.5249989646174483,0.06095759901756462,-0.002222347430419097,0.003539161545905927,-0.0029435858381176684,9.063947029541719e-06,-0.008178120861377714,0.0010060752937079698
-0.12399402834066153,0.0028807107754267973,0.0033512381194888453,5.4559400056525265e-05,-2.955662315794003,1.4805729064575102,-0.0021449062895324634,0.03476314547859912,0.0304139998210059
0.0008987672792943636,0.0030743452290686053,-0.0445654372253108,0.4322893161253102,0.5817712190558381,0.0026897801084866703,0.00513726518312438,0.002718926433467571,-0.0379108096131804
-0.6940337666560981,0.0021714205925613406,3.8105157133963887,0.005427642308715883,-0.0009032176231152014,0.009308394032036378,-0.010137736139809232,0.031246950689653955,0.041300656648567524
0.0010517549502899134,-0.0036573013256491513,-0.00022845115606820628,0.20403917652118866,-2.365117838958519e-05,-0.002460501266606598,0.008871646490896373,-0.0016158001599613854,-0.006088171956283497
-1.368458515332833,-0.0015618399962210247,0.005833389807008406,-0.012789486762621004,-0.006060174471529743,0.0036298467375647904,-0.002374172745723729,0.0034457677443390858,0.8860545503318873
1.568889291147805,0.034566729902896665,-2.675052528476891,0.0068591720768009234,1.3810420455757257,-0.0163222765863668,0.0016308412178929399,-0.0235456455181296,-0.07688220267286017
-0.004464144723646334,0.0013181181849831773,0.005048273323644777,-0.001990027922739783,-0.002928937286606804,0.002404141061607419,-0.004309331710141624,0.0025583087549178735,4.017899498558839
-0.0008659915476345954,-0.0004690030102819365,0.005931734195824983,-0.006273243249993105,-0.007581644785644886,0.0011729244302677274,0.6261247743157486,0.0013457483564868786,0.004995544954705251
-0.009300569987654217,-0.0006467177783488071,0.001887693649038137,0.001518087924482278,-0.04579802588700207,0.008804753492474018,-0.010677637048538203,0.006648643947616134,5.917218964812528
0.9320131738172389,-0.006325725491725704,0.002910415453415187,0.7516906371012912,0.8311954425365122,-0.008235660247139077,-2.1567835562866553,-0.050947041637099275,-0.03720929813753415
-0.014524511265509694,0.01053901075874166,-0.005188286805926687,0.0017864084904395915,-0.004726726766727725,0.2454970391693305,-2.2728107966401243,0.023944253635354712,0.03609186034189882
-0.006134645873557809,1.8118524007385608,0.011988769894441852,0.013448014028484261,0.015874587767662016,0.0040882155460575985,0.001365197501858019,0.1684909756702334,-0.0004008835447206413
-0.0024709274609002393,1.1078909232518885,-0.006438265822062244,1.6004306799525367,-0.0001451996287533206,1.1936281813945966,0.10925130703407349,2.568747247108125,-0.004965650047249526
0.012442720815204165,-0.008412896046112884,-0.007050739468249554,-0.005688205127440622,-0.004569815989907145,-0.00418706275856009,-3.040061519329774,-1.598591165082245,-0.007162889588573237
0.0036639199858602913,-0.0013349243809178328,-0.011132520262475389,0.015230864273857132,0.013143563462144339,-0.0003097667224343289,0.003832972909594834,-0.001523520297337063,-0.34192186523028617
-2.563178959387611,1.6051190306775125,-0.008358342958433213,0.01698436764642582,0.0052093851959212345,0.006787141051766386,-0.0012550395352653766,0.20650687550979896,-0.008024829878790163
0.0031921576941843725,-0.007943970773069067,0.027946978042317275,-0.8701716905275075,0.003270601913114698,-0.44259046417127745,-0.0018404265781902605,-0.01699576885924888,-0.00037411405167613737
-0.0030892712935644395,0.0026858982021558953,0.003986619469442712,-0.0012026835357647897,1.6355285309649996,1.2632526459696298,0.00036899018922772467,0.008189708580471468,0.006717060238042702
-1.5642945248102524,-0.005359976149172965,0.006164714878905055,-0.0015851717346353315,-0.0019515810135219604,0.0018717242651162466,-0.006930050125761866,0.01680422762927189,0.5243828660631427
-0.5335381677381298,0.0035488271985890446,0.005850417556394113,0.0003515729581924452,-0.042477719850290314,-9.395540167614163e-05,0.04465839047491557,0.009291897207469793,0.008869566087843617
0.0027242697595092386,0.0031991234468179393,-0.015522134273609725,0.012997263700895014,0.012393639150623987,-0.009251128854781096,0.0035103664372114164,-0.0021233858012958172,-0.36263592012407836
-0.0045527901425743075,0.0011586732755809103,0.013019182321703756,-0.003005302345215735,-0.0021293645684889086,0.0015336889015006017,-0.0033460710734697346,0.0026127307310979918,2.390811109102072
4.7850599655670205,-0.001641450278963427,0.035421808798116516,-0.0037506862444875062,0.0038554928070105438,-0.000622139302544576,-0.005110287806896388,-0.01927154356197186,0.00412807583234065
-0.0005815114124236576,0.0003423108784817478,0.0023604686242186916,2.686433985758423,7.333298501465205e-05,-0.0001604935268122661,0.0013238522974051287,0.0031839060003248723,0.0015699792746424507
0.00034328048549036455,0.0013230352528432248,-0.011509430247040861,0.23036843310925742,0.0013462249628043354,0.0020822228399269872,1.6891844651031998,0.0037110787862865285,-2.4071476459503334
2.2183369728173883,-0.0017192535643232188,-0.0023338721067279466,0.002991436448755042,-0.0026422963292316234,-0.35906821542012207,0.4405191885402958,-0.0022302927873547387,-0.016471116560384635
-0.005637063977828802,-1.5919888281561476,1.1051539904388008,-0.003117987478506338,-1.8504087843943353,0.005765958518261706,-0.0032884093150828166,0.005425725283086186,0.7259324054074208
-0.4741184667319512,0.012461846072080769,0.007050731952774127,0.3822655654937462,0.00951361107743323,0.0026705776273738885,0.0025579730290757677,0.201116922542348,0.0018660876489431932
-1.7122763393836113,0.01660472448923186,-0.010069660348947074,1.6628062558488048,-0.0021107202904186886,-1.8768605531025642,0.009043925381410923,0.10177837411480026,-0.013666068626874237
-4.733904747154861,0.004613616775738523,-0.008836154731456866,-0.002162197837559038,-0.0008820929414148498,0.46497291759476655,-0.010799124083613262,-0.004811530438052559,0.006170015922329575
-0.6470133610487939,0.0023433515235884955,0.002505950332911566,0.0001143059209850438,-0.001628676462184897,0.004742743525629905,-0.0018721097205426649,0.018242897954055474,0.01700991365876571
-0.0033366903120116134,-0.01260814169692729,0.03795049338166673,-0.35112511169453653,-0.2572171963020798,-0.003074056100056756,-0.12123496107249437,-5.230445350539837,0.021621414205856893
0.019515182110687188,-0.0068194128160553955,-0.0019391639312590905,-0.0018063034050961593,0.0015873268771054122,-0.0037906462363247063,1.2171717645014672,-0.014635103034428665,-2.0604166725008164
-0.005841460697966009,0.007594219042418967,-0.00015024742421414412,0.0058555086183932166,0.00030670362804507,0.006683127271781716,0.006267691014779658,0.540287372485336,0.0028339140945633726
0.2774755023865695,-0.005692460657015265,-1.502641009591539,-0.0040087170110804475,0.0004957462273948569,-0.004709465842860386,0.008340018746848808,-0.026202702330419894,-0.11283403759510058
2.2876434754751545,-0.00785171033333661,0.0041984649974037,1.9968856186662052,0.013332705839806946,0.00885771642796798,0.010981500904441055,0.0015386047402116175,-0.010296211609445494
0.0074230260112969305,-0.004303735245559993,-0.0003075032888752662,-0.0003296179848900185,0.005876743742528702,-0.00668522938226947,0.012368762797531215,-0.010453263076791864,-0.03645394439547058
-0.7917676737433131,0.0007378669738579747,-0.0005337847436696526,0.0007733017395121456,-0.008488674611027659,0.014597434406174389,0.0015660943591744294,0.021253965200202653,0.008961935923109454
-0.40475767839013066,0.0018421012570939974,0.0036877994566332515,-0.0011350090055927096,-0.00891646054633204,0.001420541061023709,-0.0026782826260458433,0.008594885720320668,0.45987651286606224
-0.011596516689868617,-0.00042104506852370943,0.010088388628455978,-0.002759231833648697,-0.005203033907197521,1.0223210791106963,-0.0026031646184888645,0.011010199431585887,0.022228187402134718
-0.004935725779892666,0.00348663308679387,0.006235253819108625,-0.16673433189247538,-0.0017818348678875651,-0.00033686646872272547,-0.6709080872429399,0.0018581980948016719,5.072626066745301
-1.9916034261480866,0.004401428534199947,2.6060366419315004,-0.006671625013596097,-0.0009355865289239207,-0.002696051895487224,-0.45236121688623443,-0.004206535887696233,0.07223798134479864
-0.003899741775254078,-0.0007600234585597999,0.003295232107955258,-0.0009552756590336057,-0.0652657096385266,0.001227526786005944,-0.025743093421114874,0.0020248250345900626,1.052555292378682
0.003273594467632196,-0.007985685436509083,0.009605467534571777,-0.029649286339786564,0.025621980219000477,-0.0006706611525226984,-1.8337292334880662,-0.007956452901431108,-0.00697893312628034
0.006592533970024826,-0.005098439423159615,-0.00433718251571002,0.6180858088831609,0.014454964385245872,-0.00056179259658545,0.003300994540060287,-0.008493791272769452,-0.18367542910948656
-2.094350383010011,0.0006381933996213579,0.0013177596918188539,-0.0008765685459550163,6.462165531119501e-05,0.006309798014671046,-0.007484727768614863,0.00258454172661457,0.01184824368799492
2.4620429427664625,0.004159804470078465,-2.467891129477751,0.27672765262106935,2.116547257847441,-2.2180752128141368,0.006356018443872067,-0.006134361735855687,-0.050266243365318264
-0.0018464777691489277,-0.22175632128858289,0.009341263790966774,0.007531942991697953,-0.00319041297925109,1.0763249509597939,3.1525167316670037,0.010383211096204053,0.00668782518653685
-0.009174713150586183,0.005680148351108661,0.0019483286477754028,1.123655655266273,-0.00020652757953995658,0.004390413363248364,0.00395939227657633,1.7436163887549059,0.0035777743623861442
-0.16619018001153815,0.06657919485731609,0.0021867306431834835,-0.0010637444399243007,0.00217956936588134,0.013782577732500535,-0.0013215979935333648,3.2088645446942614,0.009863480222650753
0.008743318184874192,-0.0022571475449060367,-0.002472958833294979,-0.00023841067506122072,-0.0022441985546963975,-0.041016991518215154,0.006924495532089464,-3.5184261591674977,-0.008000852473311046
-0.004327207385040102,0.0908876384850791,-0.1957209965135741,0.0008396830677904286,-1.3367589298203295,0.0006618269776653444,-0.0010429860486914101,0.006887048735674615,0.007752110360493503
-1.5284403758911438,0.0024531192587786826,0.005212315290372539,0.3509436229773583,1.6499117338902536,0.02854546075804221,-0.001818934415605867,0.018190747765777164,-0.007234698101576287
-0.010082313282206344,0.008246442538603727,0.0008901092116894976,0.007459647841459607,0.0031374422663562078,0.0016540727242090297,-0.002233196388548618,2.301182925363388,0.0015842428728719098
1.4351216225439969,-0.004351249615799319,0.18087923696014604,-0.008560653772512933,0.7555467491684702,-0.008553976046754185,-0.04238334630822323,-0.1268886183593374,0.004152861720744749
1.5089344717337476,0.4756642994922502,-0.027127759074760713,0.00017333908876584906,0.0033521448141909972,-0.1487957748151121,0.024133173272466876,-0.003448863627742069,-0.11139972743950355
-2.2121478797432417,-0.6411745881205206,2.3922371810201435,-0.018392093078122895,-0.9761317046235671,0.006964108675389352,-0.021242137031966986,0.0016696645305753766,0.16375544980708678
-0.13513561503703903,0.0066375134399126595,3.085228483868329,0.004113274554424645,-0.015935647213013705,0.0032099341052401597,-0.0018982228768767606,0.029561238208607326,0.08308288105880712
0.019993138445724715,-0.0027607814052822977,-0.0006715822766924029,-0.015299983727646266,1.8257995022955888,0.0036137407762043766,-0.016324336098989235,-2.042327354608048,-0.0033429454382600254
-0.004084269172273588,0.05968094547438243,-0.0027414642739591972,0.010358202453834812,0.007224498507452122,0.016685019540269918,0.025379345797326126,0.5282928558296284,0.00015474564143181432
-0.8283943535187229,0.016367926633045274,0.003036636925834885,-0.002608743393145499,-0.0009425566849435296,0.003022880374135872,1.5900157464315012,0.03706864317499878,0.010131042947839161
2.661525595041513,-0.001717579070924494,-0.0015404829441659634,-0.0007736823778327477,0.0008445428122796812,-0.0027788391069251323,-0.6111282855582097,-0.013948584566053548,0.002561718349677722
0.0013270485994551144,0.0021595525695257277,-0.004735606691554664,-0.00034390637570450526,0.004995784130396129,-0.0008145249669432745,0.10889513541866042,-0.0006429795718999802,-0.009237640595856357
-0.014041828768854419,0.015453090288053273,0.003934786096276191,3.910494540880226,-0.009538125431720758,0.0009302534365666023,-0.009875451898641571,0.01985099868305877,0.016579782291482183
-0.02726745263431747,0.003931019595406295,0.004369501055747771,-0.00020408873085228305,-0.0006015918000841407,0.6174996906347267,-0.2028470310175604,0.012281908067412656,2.3692265352007236
0.012511210131465758,-0.6554787902378639,-0.003549693996949521,-1.3525331610802538,0.0006539360991524561,-0.002596475139349481,0.004434789114696865,-0.39136602835336176,-0.00952329871362061
2.3752032856116396,0.21931900945080252,-0.048430170150280366,-0.0048650571288133704,0.003275495143771845,0.002027270979513565,0.00023999465723688676,-0.0026429803004596967,-0.006983216166041861
0.9444481954096989,0.0020545446804109057,-0.00031729806433852294,-1.349914893398029,0.04582770698629539,-0.005877278861568086,-0.0007258762110488419,-0.055810184069850735,-0.02104547005641666
-1.6973882999123417,-0.0026850549354194573,0.020242212139807897,-0.001060384150412996,-0.0019908651168020833,0.010098853950872509,0.0016836336936023998,0.0023529206696045355,0.00970500844662961
-0.728108302185555,-0.014216591369652587,0.10449353173439413,0.006656033040339689,-2.234599597510563,0.0032843990108571124,0.004623905612045989,0.026907757460661486,0.024583202880328836
-0.005833450343544665,0.4887918880669135,0.0033853700402243425,0.0021388181951419137,-0.0031905435614273323,0.004216908558396802,3.1401881362923976,0.014937527836414981,0.010735948017131083
0.005024381391717816,1.228857598221301,-0.022366824795169035,0.22052915649361965,0.02789510746584361,2.8769589999619427,0.002947892196353861,0.0022518661554409188,-0.644861953536263
-0.0005746126229510583,0.0028879866702752883,-0.001335836972396213,0.3207017819640681,1.0341246446002288,0.0018381366443845238,0.018931406783933104,0.004572989916831491,-0.012980478995896341
-1.8995872620785639,0.010349291329757936,-0.0062838622216283835,-0.0001434050306354771,-0.014027788722809659,-0.006518237850185245,0.007401946527213448,0.006574853303198144,-0.0013743996383568935
-0.46110438730131253,0.001907871286563008,0.003976544722833487,0.003205617627309281,-0.757474921143303,0.003753187511003582,-0.0011867617504324507,0.017535728519795273,0.023166990862328624
2.496906097877238,0.910362357693629,-0.012754246431895988,0.0021504419775860775,0.5326311050018515,-0.0019321188952618681,0.0029300844100669243,0.004463313283134818,-0.03545252304473445
0.004605430588992317,0.0020431792731501184,0.8112465187399281,-0.006703706213923767,0.03069723563464221,-0.3893052403574194,9.968592682934365e-05,-0.11864746868687337,-0.012989361131832867
0.08578261153033875,-0.011517764557912242,-0.0019667695978216222,-0.005062639014755177,-0.0005889567643332704,-0.013369316482246688,1.8908244455820584,-0.1075803571322529,-0.039665142330024106
0.7556040020663933,0.004177868657498105,-0.004630880987485755,0.0006940571566045905,0.022303109322308962,-0.013080878547277042,0.025161800041464892,-0.003620561880030103,-0.32571876865914073
-0.014145438822399796,0.6513154756568024,-0.0153764020863305,0.0058424026741674155,-0.0024438409090446053,0.0035406420213248842,-0.0044098900102634685,3.29501356153911,0.005463367738433103
0.00467884641880955,-0.0043232728713741755,0.0031604835601416843,-0.0039947035516052325,-0.0003598876119128365,-0.011307881480131034,0.0003275534713019714,-2.1069494387563528,-0.0021570391047545413
-2.7332333141806515,8.045055355024311e-06,0.014309511149044288,0.001941725667523163,0.0030239848549335896,0.003191642516562785,0.010705319969880348,0.01638663827067028,-0.002830133939199647
1.2782113384375267,-0.0013013145792749835,-0.0026054130708842507,0.0029992121411517407,0.9403038615775565,-0.005863687324624167,0.0006613269855343506,-0.004441264596058141,-0.021672240103969342
-0.0027771382686290506,-1.3429262331099012,0.02402100923444693,-0.0020626238671431494,-0.0007251734228634326,0.004808761225441227,-0.0038461561655576152,0.006558552049004792,0.007996356515831152
0.00010051733933858907,-0.0009316178948019288,0.00182914758973691,-0.007605137362572939,0.000898959721950681,1.6664703933471874,-0.007442229449145472,-0.007730296381911011,0.0074084149890519535
3.6800324082018725,0.0015987395370208853,-0.0059516966407768546,-0.001464921414430886,0.0029753016830555284,-1.6891013647890976,-0.05320983903942361,-0.002751577163566117,0.001584289027324659
-0.0031636974978001865,-6.88449371525797e-05,0.004970387536047119,-0.014752376808079417,-0.8364448138870363,0.0032257746161570688,-0.0010328660819513048,0.0033586014526117876,2.1894956343232823
-2.2477498661649795,1.274319723221986,0.0037611676067038496,-1.2345637361834743,-0.0051677273367545865,-1.570939893972835,0.0016045935724357287,-0.002421375137244019,0.017629986865671188
-0.7622351889747068,0.36805175782121025,0.0016393435046459792,0.0006015652181106444,0.003783341407667895,0.005471706633262881,-0.001390905627589832,0.04902631875677672,0.00636683947247961
0.0009646659390426734,0.006285511904249269,-1.1302552938042199,0.2679329798798684,0.361927643247403,0.002720665840470173,0.020637629962126015,0.0031167255880688166,-0.5882559553865003
-0.002226332666515722,0.00028638725641548426,0.001857770484906531,-0.006158131718467508,-2.3983988866396877,0.0028752672952398993,-0.02409963068907502,0.0019633450643436953,0.17378981791006898
0.0005145266454430579,-0.1617367661246576,0.002138686805152116,-0.06336635309576828,-0.04162839218888414,8.668295685915206e-05,-1.3009335268122153,-0.004453493361575708,0.2428558044688145
-8.950758533098936e-06,-0.0032508677523219133,0.6476505736663284,-0.02084748881723872,0.001168016951533374,0.0012194632443817501,-0.35068656239453927,-0.001553999463029001,0.028064474947055953
-0.00020446060409512815,-0.010567033791793953,0.0414935588333547,0.0017398747849053844,-0.004145892042106224,-0.002053038841418143,-1.378898477836887,-0.0011784878893859056,0.006506860405452897
3.352960271515297,-0.012122326271429451,0.012001485478091475,-0.008612663020694938,-0.006753794779681313,-1.001463740141363,5.702820586552891,-0.047508737964239156,0.017356144777504134
-0.003682277379195572,-0.0508285232170906,0.013294121385653127,-0.7217192456385286,-0.010136782863454902,0.3835627912934302,-1.083714481842526,0.006301376174578214,0.06953599444296132
-1.4536514307833346,0.004730767883122179,-0.003267561323491701,-0.005279836677321313,-0.018229159100655146,-0.019602191028420004,-0.007557105826807048,-0.0002508838675299649,0.06336892963831858
-0.005032582197601838,0.0018609092505896662,-0.0012085249042106223,0.0001327036858609046,-0.009468264747657917,0.001609803551142562,-0.02051305691282055,0.0027915593216074897,3.0739051214598976
2.18267374332283,0.14567264552462605,-0.003674487281879739,-0.01106385833699727,0.00579328191108653,-0.012813235326022833,-0.0011922290948774075,-0.012137884369838868,-0.005176726145362798
-0.001755565326059774,0.003796324980772855,0.0012307100187643558,0.006603149644665458,0.024761289890836615,2.632049011634569,0.6183965474269972,0.13793506103463454,-0.013574027409058331
-2.1300991331469876,-0.0009804651354420602,-0.004387307042886632,0.002763708867485608,-2.2536971904192096,0.08073125326109021,0.0003612393573673824,0.11935439716791174,0.023838713314773496
0.003164012986840631,0.0018815494339615713,-0.004720223844044614,0.016552954167232126,4.453422648601362,-0.03723343749180086,0.001867857870572475,-0.008008494780660735,-4.39234996730918
0.0011728187907737051,-0.35836439383646596,0.0010512892189636094,-0.0010044149724426563,-0.003178471877193884,-0.0004761296541179621,-1.4594159233723147,-0.004968287859104209,0.00020176445873495638
0.6368564290876269,-1.1038688341249774,0.0001441002692825974,0.002094308796849258,0.006985072515402515,-0.015813570034357478,0.0015852907455559822,-0.018927491359280228,-0.018954854892916387
0.002286208742708782,-0.05656040247084086,0.013985907646686242,-0.023284932723272207,-0.036431148589691396,-0.006687363388793624,-0.00039595025760643223,-0.022773478676679292,-0.00035313783606075297
-0.00014651598974616247,-0.00048767274608959107,0.007453973944361987,-2.2193622072790373,0.00616924219629798,0.0016414849965218537,-0.004229163954185419,-0.00044453393934650227,0.0013334229211956804
2.312465404012657,0.001463557120609851,1.851240004486683,-0.0008872096827241224,0.006351390814818239,-0.03601862910672669,-0.0009239659593528312,-0.020806840327163872,-0.007984717042696626
0.001351714770129235,-0.010814417748583705,0.016867614462326642,-1.9946548547739393,-0.0010221291525434632,-1.1598760381644155,-0.7741768271553378,-0.050329317521720915,0.008468126926506777
0.002309312385947497,0.0023591321251199902,-1.139859133619977,0.0015147614559727234,0.005890010980919554,-0.0035696070471742444,0.00914290630660767,-0.0011110307882412481,-0.031272011487044185
0.9029325765025824,-0.002009138594288479,-0.0033088462660157136,0.0023135285908409886,0.0005883051970133023,-0.012014844016380614,0.0007104852869855207,-4.119074639315035,-0.03932843211977044
0.9701654122653165,-0.0014789471292923134,-0.009748967279921618,-1.225040632483528,0.0030574007019952268,-0.0010317849907538236,-0.045054041227158656,-0.0258536174032857,-0.0076397103850317505
0.002987818628683747,-0.003518332737412455,-0.0014411108467634725,-0.006703685634075492,-0.014688088692134869,-2.4274847859107735,0.002128275738393217,-0.024478761133146912,0.0012227759615196648
-0.005518286113567497,0.01340469334078689,-0.003749995117772402,0.799095614418977,0.0001539449728518317,0.0053214554458385094,-0.0008735077790949326,0.6530937901583114,0.004357660173398208
-0.0011216263723242978,0.011093757965818244,-0.2041274959562195,0.7036892706996385,0.0065881550778810775,0.006026552398027344,0.5516745501199207,0.013844148658945572,-0.0019614287643149875
1.2976079670386016,-0.00043466509265130773,-0.012472219150201594,0.033349048259746314,0.006462300219307399,0.003719527500813836,-0.0016797264638825967,-0.0005522322860360748,-0.05197433402322976
2.46413537041515,0.009519647114066276,-1.0693923502704914,1.5619022798940252,0.0020540920236486737,-0.0035763909196279663,0.0016495486425553638,-0.01536812820576322,-0.16393969184602408
-2.0517779408136096,-0.03451961420075096,0.014500253676817926,-0.003074376617401113,-0.011874343446593286,0.03216040710311252,-0.017192767523016253,-0.00858207609772444,0.12192675310491174
-1.4127841291800993,0.011776831192243535,-0.007786563832417697,0.004547823555082277,0.003939063031639191,0.5675524259541469,-0.04060668196602377,0.08035744078407822,-0.000182082772249903
0.19385997474118039,-0.0028222060723891535,-0.004046008237277052,-0.0009743120756753937,0.004178780356239881,-0.005826991984191306,0.0011197989967601995,-0.040412747811988475,-0.029070741272580074
0.0004467742033484063,-0.014342318566883854,0.020505324339342604,-0.008523675412401316,-0.014599432899558389,-0.008357389355563927,-1.199426910731553,-3.3691526858491785,0.0070696282503273054
0.00686874066842235,-0.05369113325218125,-0.0015873095788230148,-0.0028278030889733246,-1.2547046144819516,-0.010756813780791403,-0.009308720711130977,-0.023178685183192237,-0.012669774408161028
-0.008960008735974807,0.002792216574595843,0.004252745961132931,-0.001337686880795129,-1.8003763653742153,0.013566524419221865,0.003429892311618197,0.011510461264530997,0.08393192010722095
0.024970021289990763,-0.014535806812288152,0.004887598039865326,2.8293306439698496,0.00015771382670676237,-1.4161092999890812,3.831284441554133,-3.500420514853781,-0.035504993532140317
1.9739917585394553,0.0027263504795147346,-0.006399814656982153,0.00394042383437565,0.012812821194232521,0.007494456353422807,0.00136449875042134,0.0012317328090315572,-0.0423292565422862
3.5357302476377943,0.7442948243627057,-0.0019513306063659308,-0.5850021007057087,0.003906739665442839,0.0005405110369060275,0.009872173481188934,-0.0050382578324318136,-0.010104747556984983
7.998670791227024e-05,-0.0024412953220934335,0.0023282502032142887,-0.00045311780375604464,-0.8624853104287257,-0.0016905514633275115,-0.0015371760540209482,-0.0019670777742613003,0.00454891284105078
-0.0297591761427341,0.0018060730856934795,0.001742756049642887,1.2256766550971645,-1.5475485141677656,0.005840823974933421,0.02952781030812772,0.0945670280972008,0.004063022902691546
1.795064029480931,-1.3308462291136332,-0.02305798343930679,1.63625613112465,-0.012788694516617377,-0.00023251489902808762,-0.0027576531083501193,-0.017716850215351406,-0.02047530532439612
0.0056767212122892,-0.0005659448131203077,-0.7585513960634717,-0.0021600547619626746,0.006531558757535225,-0.0013464876697020722,-0.0005519480538111514,-0.004596025307205342,-0.011085239893494525
-2.711476437308834,-1.1306362985131764,0.012365224791857865,1.1005337912086617,-0.00035234268990646384,0.0047033679710213536,0.0005957303033690964,0.020967724078390385,0.0027146840724939225
-0.003178959060281207,0.002270832997508002,0.004079641221434644,-0.0019171027791225973,-0.008472902457629938,0.0011812898858766501,-0.015143150467548624,0.0017773478466564486,0.01649889094712147
1.3357242972975747,0.0034353448452296327,-0.1132720921337431,0.007431021589489363,0.003187325414312174,-0.010205792004400322,0.00747584667134772,0.000716820695450357,-1.122799662521989
0.0021850899801932767,-0.022811122660757476,0.2790938502764486,-0.2880172489297519,-0.020672132494082885,-0.016510834751448673,0.0008121342889835003,-0.026171975262410645,-0.0006963055953992945
-0.006435168981350742,0.002403439024775335,0.017163891325234198,0.0012332685273667363,0.008971533914393277,1.2885370000620682,1.8874977603683878,0.05484426768751181,0.007707734332306104
-0.0003073997166074719,0.2878432484873337,-0.28896662588065963,0.004146673504722225,0.024535217737584016,0.002168244100463051,-0.002009962855288646,0.003405260415464971,-0.003595049059982753
-0.0023905287569117445,-0.010950540087847394,1.03018176496998,-1.827870631011327,-0.03416479959155681,-0.003024365704645489,-1.2364255556649257,-0.0026520180497751483,1.501656756093535
-0.6838251626934767,0.00031074548451414524,1.3936023382632539,0.004460908930273285,-0.001988593975235556,0.009440574368469415,-0.687502365512478,0.016002927340408195,0.0627570598714583
1.1673579108150625,-0.0017915356172655827,-2.7430495684883915,0.8256377008875386,0.0015596298740446282,-0.8359092585235612,0.004948469463446223,-0.021869996527481825,-0.06046089264146892
-0.006292052913648996,0.014316754669056686,-0.005464950368473497,-0.0066785761733552,-0.004581388356037663,0.0045545688057423706,-0.06713924636321958,0.0036813004728073265,5.19274026340129
3.2566659086175163,0.8439817008093815,-0.0005622570299437246,-0.015549312498125044,0.00691922747278359,-0.247547881150873,-0.0021579447352390313,-0.011514841470932345,0.0030011847933277824
-2.310172911516764,0.3295260285959284,0.002088069961885425,-0.0005717672249077894,2.812552026567805,-0.006014396960099485,0.0015343144837920552,0.048814924486625194,0.0010297123974560424
-1.6480651233940147,0.004264141539175257,0.008326642051006687,0.021008402918239386,0.012458736184418933,-0.0015150204803869533,0.008770598227796631,0.03591562918947771,-0.00973252801919161
0.992091363544892,-0.0020982265668654243,-1.4417766537579397,-0.0017627293648085074,0.0018260700660168022,-1.2669354560265718,-0.510133398080108,-0.03768171863204803,-0.0026844436832572094
0.0015501513072838158,-0.09851600229049194,0.0398807849856871,-1.0493709163610823,-0.0028688520004660004,-0.39111714136744474,-0.00288092180164801,-0.022360774656214305,0.002647798814102367
-0.00978658438518778,0.002447391662592153,0.26962508921382766,-1.930726547093531,0.006622978672308717,0.98372919000124,-0.010810509508650437,0.02945209268272371,0.03844176728963902
-0.00966800974432679,0.003216738109532346,0.002372037582894641,0.0015943036162845581,-0.004382668988261789,0.08542747791390397,-2.3064506839771735,0.014724880023596072,0.07447439359190533
4.883793758115289,-0.00429989069241519,0.009033539022303527,-0.00455485737561685,-0.0032920592733940157,-0.012545637632636861,-0.0016574453625493868,-0.03821261479916713,0.00965223196034204
2.1604355733577685,0.001333559875306374,0.005921404827466413,-0.0014328639402511265,0.01735491538251205,-0.003928712974324563,2.1522822932186845,-0.013781704457188348,-0.031799971653475145
0.016745244443085477,-0.030397926133466667,0.0003619179153485384,0.005617871263313479,0.0017130958141266207,-0.006307298357037104,1.9963449377922853,-0.012144583731784828,-4.97683552950406
1.8537813629147788,0.009408729149959827,-0.0012214528057447119,-0.002329311858735944,0.0106752248226996,-0.0032581726686796257,1.565051274841433,-0.017337487470962337,-0.7456384521867214
-0.38961378256653045,0.0009612763473547149,0.9464285625087427,0.0013514165900078805,-0.0033356484769640777,0.017321413473082557,-0.0033857141538261165,0.012201991971224763,2.4902283850977387
-0.11540142230197935,0.001941301160379702,0.470721645078994,1.0094321772937347,-0.0010599159471565735,0.006908651208287901,-0.007849157729288247,0.029537864427298218,0.01963403440211792
0.0004896661447631096,-0.0025191885674426184,0.003145874604444064,-0.0026866739728981523,-0.5866193025927517,-0.004392703513236794,-0.0009894705415068106,-0.003089482915116422,0.004009687809943693
-0.055498296480734316,0.00451344978539674,-0.002534829891928862,0.01788583081195981,-1.697893397961576,1.1224421014796682,0.006303915780772912,0.21157307619241644,0.0024766587205840296
-0.00547635707674779,1.1113761757008886,-0.006453812591740202,0.005838907267184183,-0.00010507381635627578,0.03909139155737638,-0.005193535360093426,0.6882672103664571,0.0039690220110929
0.0034520922602609312,-0.04288127411618937,0.5554186240012126,-0.021166878069666006,-0.0027628034298915177,-0.04527023484510712,-0.0006768391387751175,-0.01861416338016945,-0.001810955801779931
-0.008557728930600918,0.006896502473590848,0.004805811723290379,-0.6952022064720765,-0.01095969378804882,0.0008270424303559061,-0.03489921103593649,0.004915476163780838,0.39218133542814754
0.44413470505991204,-0.0037537816672505546,0.002840619560127689,-0.002405779415521973,0.08740433894502789,-0.004276810999201305,0.8945617910452829,-0.013304353116589668,-0.04750739374449087
0.01734127163203869,-0.028654634235560403,-0.0007381874919582149,0.0015259806798360058,0.0025566045939524494,-0.0007078525801999299,0.004844451794754069,-0.00725494888221433,-2.9628255354050705
1.8589053665070328,0.013886129412653103,-0.005675623993259046,0.002391700028396365,1.9619829754163436,-0.01678696130019315,0.005563181769000308,-0.03684569376868363,-3.9030642391963752
1.3559162665196647,-0.006045201723430328,0.01966281600811213,-0.0012119398153846946,0.0015456564846030307,-0.0070695157526617005,-0.001572056581133633,-0.03474725238169938,-0.0036058399675745617
-0.009398073900805768,0.7821893756008794,0.004146288551730121,0.8310985156707887,-0.0031151603201903444,0.0014038194193367723,0.002952746466019219,0.16408189914081905,0.004368039230271334
-0.005116430646271103,0.002914686699257499,0.0012255741619276832,0.6090028841496564,0.0015510006505087763,0.8746568236523006,0.003747056157303333,0.9386746387024691,0.0004046688686953348
-0.005200572842004527,0.0016540151427845344,0.00899113367725995,-0.007991713655371907,-0.002209744153211293,0.14083504264148053,-0.0036488729243667924,0.01010860314431074,0.021124822011293017
0.09689501410988001,-0.016500198214942877,0.002167553029450673,0.00010997731984744262,0.003175151785147305,-0.6246091069874619,0.37106516166860065,-0.025345600984124188,-0.041538982989188095
-0.0005432582085116676,0.0022581121191527008,-0.0011573902478251485,-0.0006307067725315812,1.196203199206673,0.0021823493899160444,0.00047909828592658933,0.0026678615296878514,-0.0006607365735431595
-0.003945755862244101,-0.000864515213073985,0.0036006513107525377,-0.7459531830255217,-0.8032637257039512,0.014260884139626083,-0.008143992424308426,0.004660431266901747,0.12747049369448127
-0.030326081260176555,0.5665626036263074,0.005957592492867694,0.0004032597979451359,-0.0004008451317244052,0.0051832204757581764,-0.0003651131926838739,3.0707426937645557,0.004941127769554514
0.0022415644620443834,0.012613280054670592,-0.07344821251900051,0.0013157248340941322,0.012045132504501751,-9.374975536312943e-05,0.0020504673956157076,-0.0006005472950382472,-1.021513465120529
-0.9758583064315381,0.012420349220261272,0.0023134702717305562,-0.035549846822909646,-0.0021192798960490214,1.3570750515758983,-0.000642964205809133,0.0020938699657814764,0.023231521270365485
-2.0776938905171876,-0.24955354908325478,-0.0002770568302191828,0.042613172603018085,-0.0201769589086902,0.010334959416668522,-0.0038087915247351257,0.00951955404015635,0.0039062040686882737
0.006316284110001638,-0.002347832336130339,-1.2908141467982137e-05,0.787962266265985,0.00567391153392766,-0.010971588628730412,0.887654470183352,-0.00871274539101044,-1.1881942767712246
0.0015091339504419898,-0.0017251380410186346,0.0014127115146551398,-0.02174529651918488,-0.0034062388028757076,-0.4863613323690706,-0.0063965635734947995,-1.0448396752273061,0.003211905522552419
-0.0011386649361789188,1.8842996665817349,-0.006163726357694008,0.8602367493307148,0.0077566623547031185,0.08694869846525295,0.02646936403619861,1.3593522960497153,-0.008007536632583773
-2.633726366981792,-0.0023154390628007254,-0.0013340705709740733,-0.022920664394981194,-0.010810867104426147,0.026640200094323836,-0.012934852924735646,-0.0007633335255587681,0.6059461687367662
-0.010509838170053382,0.003906985981779643,0.02196429713384874,-0.004322929799303749,-0.00021264955995560064,0.8541483434953391,-0.002164955282836534,0.00842739086475594,0.011575638182951146
-1.0855347293160829,-0.005324183590501724,0.005537675269207506,-0.0008573040739656094,-0.007182618408955651,0.0009295901070739492,-0.006221371276654838,0.008427704495308611,0.735030388182524
0.0005360367744802752,0.0024283937242085456,-0.0064400688551612215,0.0048709435969184105,0.049180251914996385,0.0029384566580640935,0.0027121420113166354,0.002852608077805612,-3.017074160177201
0.008316997253004513,-0.005865330197392938,-0.0002748299641126342,-0.0019480962504779616,0.0008258275927353273,-1.0240818184502767,-0.001243521378890328,-5.607569728430149,-0.001916529949911025
0.000909414934430185,-0.03250607260094698,0.1566122880037331,-0.7107172296861648,-0.9906131468383081,-0.001648727914404363,-0.008396071393854947,-0.007960086735030004,0.0059105071484955585
0.010785801110294419,-0.0061700786016335015,-0.0023154736672714674,-0.002824744113125811,0.0007026567505831636,-0.00029977093781414805,-0.005979441982165017,-2.6301411721897066,-0.00025596900454412375
-0.002910758279747817,0.15662750872500547,-0.05169862351074739,0.01231526297414378,0.0013049538676173015,0.0065722784855630975,0.7927042303782693,2.2908325632482756,-0.0032350271231197554
0.0006771717996767249,0.7888283174340143,-1.6905004852312364,-0.0008550883276748876,0.0034574941491857672,-0.01600402983401937,-0.020959752579500876,-0.00434661145071185,-0.0010907273648142132
-0.7393731383299963,1.2878068141204793,0.017298345964011336,-0.0006017788130668653,0.008573463345126781,0.007247556005989561,0.06505811522952953,0.03930206040735477,0.0117646246494999
-0.0009497782652608019,0.0006854316750956692,-0.0015392693246224151,-0.0016638347805102512,-0.28016269934025884,-0.0004991076321148581,-0.0023852629366488695,0.001037534685915183,0.007442508843109985
-0.005472197780789997,4.326131343001322,0.009169176539491813,0.04910869834504082,0.0062746238360170264,0.0011397806641307504,0.004452761567822847,0.5887373999956131,-0.0010339115181454833
-0.0311191809636382,-0.0006443419757283695,0.005264336825661745,-0.0005369980350812499,-0.00839679531953335,0.9305482014679203,-0.0023780221323892944,0.045666295606627674,0.04016429515461763
-0.0010683514587694698,0.0035125564098802096,-0.00010359610071779095,0.0051959618861329715,0.010463710823052703,1.3462864440478164,1.2658646719737119,0.017025661770262972,-0.005999897815957642
-3.1275403234993835,0.0032078181082671542,-0.0063391932523123445,0.0012461799155425385,-0.0005367554903579069,0.7718529049628119,0.014850138641206545,2.9683398167979616,0.004713065930062488
0.004984597926310122,-0.002408167505147399,-0.0009889762215498053,-0.001891117546690395,-0.0016174921172960356,-0.002356532512019774,0.0015684992864912523,-3.227340405459339,-0.0053733351880120225
-0.23597726952790482,0.003005061780000994,0.007067135487168095,0.003884545630708355,-1.6324694016076537,0.009652502845635201,0.002837575756586915,0.06161749114254156,0.14965250441362166
-0.002203530485261146,-0.000887597497675166,0.005203740405785865,-0.4645362631335481,-1.4383958300589377,0.0019794509722571556,-0.16957310924186553,0.0004237307605196479,0.11495803585408726
-0.003729176355840324,0.001113450504398382,0.005140723818215627,0.6331630331538322,-0.0017854729273854694,0.004348237481684418,0.026391383308077505,0.0514712638816595,0.0055561906625197395
2.4892596891624663,-0.00021729172532852347,-0.0024246285631971086,0.008567757547567759,0.012673495683354685,1.7117800441590796,0.04544568715713293,0.021810018369349496,-0.07557830802747367
-0.001435654248624915,0.011549149082041051,-0.00025013465349539576,1.9217438520057515,-0.007286210305969015,-0.002381898866906485,0.0012583513791105602,0.0013726425576659287,0.0003284316464491968
-2.046753105823621,-0.001040255042674723,0.002906878237205597,0.0020332106574685233,0.0009224697459887035,0.000264256316722954,-7.446209121414124e-05,1.2751014903220712,0.011690520987134578
-4.364035592478354,-0.3588626587191586,0.06989324608284014,0.018833538740817952,0.0008996963392480656,0.001112169804387215,0.00809735289499465,0.018351595890718893,-0.00565617376573635
0.02265588745794317,-0.002252744187361786,-0.0059004489016653665,2.1437985588640056,0.004265064221983032,-0.10157506075476463,2.292340432825321,-0.01255365571420719,-2.778346662440807
0.547488467912515,-0.011639938972055593,0.005914062768085038,-0.005801481496129847,0.0010727053206060445,-0.003135218392417744,0.00045328487508245613,-0.06338767126152561,-0.0046241024125104335
1.6867140643762037,0.0017477082355550422,-0.014958022710592076,0.0038190345068169285,0.0011517318810381188,4.246082181330688,0.033163212935630876,0.003510659497857645,-0.541097930957525
0.793690203766563,-0.9267146471979035,-0.012663320591434317,0.007541544916757272,0.0013523138196616588,-1.487111317881136,-0.0072456254160175055,-0.03664322641036981,-0.011598482966365065
-0.02700861208501755,0.003581095142967851,0.004128938085665524,0.00293928069309562,-0.001888546534546809,0.026734690004490323,0.003487726608086534,0.5140621183394327,0.012101101347149961
0.01177334541348199,-0.0012053534236714965,-0.0021732755497587564,-0.002719130416240334,2.877459923060015,-1.630387255959049,-0.6114914090249377,-0.05288692103287125,-0.010361689994822953
-1.7071360406482965,-0.0027508184299182697,0.004297512443114583,-0.0018009804769794774,-0.0059987353752908,-0.001893850903056174,-0.01079833176639726,0.006116172567635719,2.7430470659051185
-0.00018435683728817293,-1.2479998577095086,0.1169715417770478,-1.6981542612588678,-0.011883954218158143,-0.009583042562905791,-1.7605995536349197,-0.04176798453440447,0.0092457022808842
0.002867985073169981,0.0019507540497280015,-0.01336492129083371,-0.003892256272399882,0.0002854097334743094,-2.2864887904504028,-0.004222069246363775,-0.005743734619369946,-0.0023159170555638042
0.9411340305489933,-0.01704186713374231,-0.00522907814467221,-0.00018441660066112822,-2.135015608439367,-0.0027886285244624765,0.002020806514008026,-0.07477863081216676,-0.009346129181010892
-0.0075673347566868054,0.000835464535415522,0.0014333403208768183,-0.0015065228710448332,-3.025967403291755,0.014964992007725886,-0.03513878029419809,0.010150872919787224,2.7844055235762966
1.760618539530635,-2.061670244593098,0.0011879703539654923,0.00017355480567078575,0.005909256372315569,-0.3566034366305542,-0.0018150669424480516,-0.002187992353814135,-0.002044198442347267
-0.007830388308463627,0.004966495083442167,0.0064414862671927095,-0.004762481673120373,-0.004813284780596081,0.0013267285952374545,-0.0030076690591594015,0.0041856714858704855,0.6928512462450533
0.0006832479908982711,1.0889413505664791,-0.001768418751155956,2.331021982249776,1.0568391595515476,0.0005041790163325295,0.9277465373694485,0.00045281658149141923,-0.027969521302507655
0.0005211995754748842,-0.0004681755465314666,0.003659933923823859,-0.10531313330961282,-0.0003763129342992562,-0.003081758884974583,-0.008590887176263638,-3.2251924705848554,0.0034437237108814814
-0.005288468623101422,1.1086693655284305,-0.00626136976264539,-1.5390945080445537,-0.008157283160474822,0.00023334549243385816,-0.0034986545819162343,0.029488531467694586,0.01851602904723646
-0.00433097367175715,0.00047985952715928846,-0.00048021221578207866,0.004943709192639525,-0.0010154097180506386,0.6842612817648939,-0.8298186164032164,0.017257568617662984,0.009069430761339148
0.44417097436578756,-0.017395187602202218,-2.389469471294381,0.0013838895071156473,5.725309138536645e-06,-0.0017882132234176328,-0.0008727781182909251,-0.0184358016052769,-1.785479161771173
-0.0007910879257324078,-0.010431894382197012,0.004339707849265791,1.871721453875904,-0.009797769520976853,0.002478531604740894,0.011431002489719726,0.002589353076988613,0.0020546073861688638
-0.009441263856220884,0.0015308490673552736,0.0046880061049847516,-0.0011057327339697694,6.450948973260942e-05,0.02728510559294938,-0.0007397346199328873,3.670281966338823,0.008339417983586797
-0.021451380517269133,0.004359469910384334,0.008093587475380781,2.053378774721266,-0.0422910062820969,0.0023260649988189374,0.013808594614938087,0.07201137369624132,0.011503111172521098
-1.5149270843970504,0.0011129984307080305,0.006155648138479547,0.4267797306884304,-0.0002799125272802093,0.001572147375099584,1.2797840542275951,0.029916351557390607,-0.0029880332036016227
-0.04811946324761342,0.003985320802367265,0.059335343686713976,0.40103886374983977,0.007700665761000692,0.004387300369658407,0.0052039133710919845,6.86701097277369,-0.0001839163127820287
-0.38600809386717466,0.0067753464796309285,0.000721926717045236,0.007921422434316655,-0.003544749990366485,0.0027215336015189544,0.020789294487702076,0.03259778622135774,0.004137891874681915
-0.00013226193181709034,0.0012772243112356332,-0.0005579107031016212,0.02643542345892845,0.0022743776563350537,-0.0031386679608260415,1.08217084908916,0.0019745604567317776,-5.254110262271374
0.9337242699176265,-0.0016990117615475401,0.0008090072107067893,-0.0008522180950809072,0.0011495654696381478,-0.038241375121061606,-0.000981017617514829,-0.3769179989153594,-0.01089347740933036
-3.667960675453973,-0.0007936786690388407,-1.314821936002465,0.15047578004934767,-0.0008025506335359381,0.011808997602177733,-0.002793790520182537,0.026955340482732418,-0.0034891251296049197
-0.004137236525190753,0.015697600333007534,-0.006135079851998762,0.06301531302980976,-0.00015954977967406287,0.005982274878147368,0.641556933805261,0.5357665617050746,-0.00053101557237379
1.7505683665736234,-0.0006855018419283029,0.005606243974614303,-0.0020943833647460927,1.4630773344513646,-0.030158097678822993,-0.012089953580474416,-1.7696173897514633,-0.005684326429761133
-1.347879721711268,0.01256029949682964,0.003425273891507395,-0.2054338689307455,0.005080794626221213,0.08193168955636858,-0.002478562366217473,0.0108172396287316,0.019143884033472336
3.1125009155454304,0.0064988026491662465,-0.2461568200314848,0.018668717256493716,0.004825047620946356,0.0003114900400665796,0.6218309070538179,0.012093886603127435,-3.31571370208669
-1.1894891473851386,-0.0010071484551551768,0.011518964971962167,-0.005938050779404215,-0.002647039557490554,0.004337289014615376,-0.0001661202675791399,0.007232589454290672,1.3038417704589795
-0.03158418293502263,0.003254163661067514,-0.001152561880684101,0.0187791276430936,-3.272593190613056,0.8844662246909021,0.001068144929569922,0.19960248397133715,0.0035275216842351464
0.8264764609131243,0.001480189986411605,-0.027249643237297123,0.0018296542473796827,0.7261803460079981,-0.0031849006334510473,-0.0027577048643708272,-0.009764929479471059,-0.04685211116893767
-0.0007963584389735638,0.00025534621354832913,0.0031669551745311833,-1.7390032463543804e-05,-0.0013350712165095884,-0.0010947790361403645,-0.0070717873899051,0.0005788395107474931,0.005155691947055161
-2.846898515190765,-0.0006686626895016966,0.006000701808882042,-0.938433181802963,-0.01152621846794992,-0.007215327225285026,-0.010990053371852826,-0.030924399073599805,0.054798330481589774
-0.0037882259544523723,0.0032070257276734073,-0.0011035544096755926,0.0078315896411105,0.0013658571512452158,0.7886945995353274,0.0021136320815002534,1.5427463481524675,-0.0009324563346504791
0.0056282458640460565,-0.007366579617739305,0.00018162615152323694,-1.476761047973649,-0.0151713114663119,-0.10874751986734695,0.6552355532909637,-0.14450419879367965,-0.009260714474893413
2.196694987412703,-0.006262103047034053,0.006549829046143235,-0.006221297471899921,-3.30874178623361e-05,-0.004380800625743905,-0.027126414927394323,-2.6554510456550315,0.003434262663085108
0.00012171487037736825,0.0024507298939232475,0.0006420178886873051,-0.965670850358513,-0.0017769319167731754,-0.006934386430184042,-0.015207546939943174,-0.005227812097629045,0.0012344102590207966
0.008814363934029897,-0.010218578815690117,-0.012602494503195342,0.9117280614030907,-0.004120700935641521,-0.05661896106716501,0.008400514129483415,-0.02758727481892833,-0.02077706757355282
-0.5471530347259216,-0.00015154683218685308,0.8786376375648279,0.0019123562988605245,-0.0013796378047892669,0.030084037609411245,-0.002149255784934769,0.022649289734600238,0.030303736431758155
-4.020714493096457,0.06809510353926862,0.0011645407683874703,-1.1335309952068746,1.3029272394428593,-0.0010972545336927972,-0.7521480681904735,-0.0019311532700460599,0.29189958637250335
-0.002729904042790102,-1.9765097070067992,0.006401084346292207,0.0013097081920451096,-0.6669928788830097,3.100244280275239e-05,2.161534823611665,0.0025555111421324914,0.0074916642477500794
0.000927098527733216,0.020505445753916225,-0.0018524885541219979,-0.0008099587857723634,0.07200007308107649,-0.0008297631343238921,2.18369156189422,-0.0019249426991609104,-0.06022085018147599
-8.183860350346778e-05,0.0033399026258427666,-0.0013763208540197962,0.6380457393489556,0.05847012022331432,0.002934156181995199,0.14639809661488762,0.005681072535554382,-0.006854128425626035
0.00229106043291658,-0.01685187446041149,0.73013809139595,-0.0038634434591683993,-0.0055194782398663616,-0.003845784193119336,-0.0019023702680563497,-0.01223457608057952,-0.0026569765119212677
-2.469809702255079,-0.014296671392962645,0.005765892005404311,-0.003152618705713671,-1.2152811058916972,0.004513460449627284,0.0002491670005899758,0.011494760477081034,0.12940658940899263
-3.3773823411661095,1.7290527421658484,-0.0035211256539572494,0.007015297870582276,0.004271094051965255,0.0024242835389206296,-0.0030028904346677196,0.011359926390205402,-0.0003645909477192344
0.6919834003848757,-0.002127118994443478,-0.0039832089027399525,-0.000189873000870127,0.0013568775867946522,-0.01795930823244207,1.261448454998266,-0.01595346498319946,-0.14309107365100826
-0.008950346394631173,0.0021080124296809126,0.0014808900504160723,0.003428292591305342,-0.0026666030332992783,0.018729164741587836,0.004500605154754982,0.8351668765542797,0.006794855669193793
-0.005098943685016569,0.007668906806038305,-1.5841205869292547,0.09152636668153685,0.0007979326154869742,1.1157083716815153,-0.003927126997173016,3.0699557886136266,0.0014836697995534581
-0.018158684187467897,0.00138219791571908,0.004602103207286144,0.0008239004570340768,-0.005094442666318001,0.013478546627877855,-0.0010414520379265282,0.012528483773014645,2.6343850154507322
0.001171554515998782,-0.0014702618928276621,0.0029553969316250834,1.2519572982640355,0.0036555881903153767,-0.0011410430790618877,0.3652372160260593,-0.002591904161499948,-0.008569853342416896
-0.0009017915706567951,-0.0023924363967994825,0.9402865115078342,-0.004300200375314155,-0.002434611619357116,-0.0015694438478932454,-0.002472631614217737,0.0012790552773499879,2.491125497628919
0.08298173555624612,-0.0035177335502009233,-0.00449602132674684,-0.0010271256325889398,0.002750400378599112,-0.013734463718873612,0.002002847440374889,-0.16420785548859468,-0.048913145895102275
0.07378851496433175,-0.004223974483115508,-0.006003508381149177,-0.00036580578108621087,0.0019624276442759773,-0.024633729524730297,0.017945383612408036,-0.026407807730282545,-0.10131539890168506
0.001689629113203835,-0.231383603252905,0.03157650445050286,-1.1855887203825137,-0.0020789420713549535,-0.00381046879221449,0.0017950879532532948,-0.016657860253943748,-0.0015312047553371697
-0.013035538336487767,0.0035229340959929203,0.03866141419720658,-0.003761009416537406,0.000521053061192692,0.0053456520959473605,-0.08573610074144862,0.005347203356039679,4.613466581760806
-2.6569608558206266,1.2932714359689703,0.007308070505947534,-0.0011933445923925322,0.024254749099827472,0.002938984459738297,0.003323954376692577,0.018775609907091817,0.0020244884205368185
0.0020753025045920394,0.0031264793385294733,-1.263515870737183,-0.008321865094098175,0.00037343602039913073,-1.297079900737474,-0.01178650388211759,-0.009190994902257284,0.005742341536673273
-0.0008972964235645364,0.17293621093701794,-0.08076788826527694,0.0023366867668640125,1.3581861393134864,0.40869307350933626,-0.0023708168854987242,0.005504314885840323,-0.0021662704100988417
-0.8401949523636056,0.0017416335620572074,0.0025128139309983973,0.03786189984073748,0.0028203995541730194,0.022722887443874403,-1.1566613557678016,0.08750909002619042,0.0036256299315464147
1.4524720964767834,-0.04976757213005833,0.008512234711605993,0.00011696967889597478,0.001997090845525653,-0.0015261439675192604,-0.006726565843203969,-0.015423083000804203,0.00042541359965403425
0.008392512317169809,0.0005394572515328936,-0.029815871601022628,-0.002537266877692195,2.007673464144763,-0.0016855763511799092,0.0011032933618441124,-0.005013290875128855,-0.02905803333932261
-0.006691984914801823,0.0005144738714414118,0.005107477387357148,0.0011889992682994352,-0.0007577218197740414,0.012604142069088102,-0.6034892081406121,0.0104017251337329,2.6988013992874467
0.008563938332322938,-0.11119253408026049,0.00038419574915006874,0.0026769062331365636,-0.0005329389590508771,1.9140512240344767,-0.008206521766067319,-0.02026994718457836,-0.0032136463149503303
-0.041587228896890635,0.003309079835762437,-2.0761352572231817,0.003151208597209686,-0.0058837754793959925,0.0037512383265261174,-1.9239313420227795,2.639168132825038,0.02429969113286143
0.009566520175017766,-0.003671714763478348,0.0014107442484648782,-0.006129342541173056,0.002284875642100828,-0.018518402308047327,-0.0025320127591307497,-1.4762743320262135,-0.002815110507171769
1.7644565466370228,-0.7807237938888499,-0.0002802958405923525,-0.005027145937215241,-0.06506885197923751,-0.00016270686548919625,0.0014752121241466548,-0.15111254694164444,-0.0014453542831964206
2.663099872175743,0.004212987212668072,-0.006955105578344611,1.1938912773221482,0.010284756036491122,-1.7588610355235983,1.5333594023147423,0.0011611009158280644,-0.11157286149602985
-0.9377034288391379,-0.009020516191368136,0.0076211758419061654,1.0462276957626724,-0.019395364538844464,0.006341239780164688,0.8947223178871695,0.04300796803824483,0.025803662108480466
0.0037420349949612818,-0.0001499901682532087,-0.012181427072295224,0.5264928107615698,0.002107081704347614,-0.0018361712744413543,0.24857160971969797,-0.0029174931691872893,-1.2274919092784025
-0.002307824605012609,0.012370696769652752,-0.0021054038617068513,0.5895824061552409,0.0024569117616849425,0.0030151550625035495,0.05152843000013975,0.04017130971271893,0.0004479614338331197
1.6025488647131851,-0.014059027382467892,0.16225360105371658,0.0022585002760779557,0.0028438213152099275,-0.002122469683769987,0.0029393991106978906,-0.1473624500881282,-2.17447137984243
-0.5101583364240969,0.0940135650379888,0.00044983114521188975,0.006413914125637121,0.001500850094012728,0.002280518348741644,0.010194627619427315,0.2037605377077845,0.0009277052824987961
2.750356578915545,0.002699168711723987,-0.03999230158466993,0.0024937438854996767,-2.9926361326483346,-0.01545019245038311,0.003120703131991579,-0.005875808132263814,-0.01280147245430971
-4.0427256677374555,1.3025049202037589,-0.7189331711631608,0.0010442269105366414,-0.0006445631928569603,0.012887676332717084,-0.004545248945102619,0.0019886075074599385,0.0019447938434559164
-0.0016523840661140463,0.05428996863526409,-0.006211120942791779,0.007929640962056268,0.6786439770515187,0.003023358145076674,0.7963484510879643,0.006572530634316272,-0.011197372834547553
-0.0022202724576659083,-0.00039117715157260466,1.0276776745579757,-0.0025674820856011263,-0.022655963439102922,-0.9216399164684157,-0.00028370135724622287,0.002955632330790218,0.013264597141135922
0.07308694330014331,-0.04637810734455508,-0.00234618900863523,-0.0014925023262931658,-0.02307603487773055,-0.023009544992232525,4.370136977106281,-0.06887411723520401,-2.3324637490505413
-0.0005386788443649609,-0.0003967243238476303,0.004488546301348471,-0.00032429906964921587,0.0005389813060156977,0.0007029567414675186,0.0030377747211276177,0.0024404973256444604,0.0023369089353937143
1.4387205813827393,0.003176595707696045,-0.01129283831734148,0.004882314881101607,0.005333189991214205,-0.002230208799346921,-0.0017120454858521594,-0.007941367368116542,-2.1441312976527414
-0.14656377971928558,0.007108101652406224,0.0009335554195829014,3.5747601938116574e-05,-0.0029794149047518183,0.004791534823193132,-0.0017591228147109915,0.0154098655302959,4.755622940422631
0.9275661909137407,0.0009355326932204405,-0.008513119901803111,0.03660713945289457,0.0375220802255006,-0.0028671937821386313,0.0003341035386003914,-0.0005961087759766542,-0.38363827443286835
0.044063690264138256,-0.005598930274893854,0.5480905684431092,-0.01208785706855798,0.07140621325934116,-0.001018539795177839,1.4903093671122618,-0.07717671250236785,-4.637812463252777
-0.028051076703338715,0.001093344233634495,0.0032242511922914233,0.00034612788060877676,-0.8294935790260936,2.3306824101499863,-0.00342146722156639,0.010737197505290395,0.024559785331571382
0.00840600825667759,-0.2844364077908629,-0.0020899113187582584,0.00030081926313570785,-0.004058583164181373,-0.12530560326089693,0.005342161870938877,-0.022369639272830713,-0.008646427295069863
-0.0014988227005198998,0.0035429656844668147,-0.008234150573344649,0.7968913255477296,0.0018768948556283792,0.006193710766703555,0.003732187946486925,2.6538629895560786,-0.0026016918315832915
-1.9974119262039216,0.02968946307463649,-0.006367051550778494,-0.0009437424704802181,-0.0025017403602752668,-1.0465668440474856,0.010063988868601709,0.014715140531436691,0.0002765073214562319
0.016629471270461344,-0.0024278873230803837,0.023120665011777744,-0.0038673877295401877,0.03315029510613408,-3.079699247326817,0.005073907761346437,-0.03956970922200072,-0.013322635755329354
0.007259208956509366,-0.051499673947731056,0.007011850429506749,-0.05630260001813196,-0.010026350276854458,-0.019701729057130576,0.008624417962978175,-0.7376124333973201,-0.0036476047587421373
2.3873491564746456,-0.0034166482473918774,0.3951424296526582,-0.001808619323387114,0.0021432696593784092,-0.010122163880449585,-0.002426818127188932,-0.04066410639899673,0.0004893320917490618
-0.0010700423653379545,-0.01086288893257342,0.00035813540274410444,-1.2963029378010504,-0.013962462975758117,0.016950218269823205,-0.5886788037556371,0.0012504652550841197,0.014242056310441495
0.5691056955738746,-0.016968871074287174,-0.0002597465070958496,-0.0034873175457925273,-0.0013000720230258314,-0.010125930551843586,-0.04048636564015742,-0.12256682671305716,-0.0011288792542740594
1.3598747184858642,0.005806183136234405,-0.0020636574198493567,-0.0014207541474000052,1.6763924157507955,-0.3428590286024341,0.05001153354060495,-0.03200818031553654,-4.927325317001319
1.2811801081693674,0.5715162633581206,-0.028797979172797444,-0.0015513456234365567,0.671856298862729,-0.0007747530109630738,0.0033978044667344314,-0.0013469721841259455,-0.023514003383194815
-0.00862073057448266,0.0023451957697235787,0.008901459693191366,4.452928111749637,-0.000683746800994367,0.33287278982016116,-0.006764768788691672,0.018061006405936192,0.01445357536736511
0.00017558417259036117,0.01742531690340093,-0.1633021661829911,2.8519935075308585,-0.00030768451933866833,-0.0006054051567343025,0.007293433896033097,0.0011337159770982604,-0.003606244522070907
2.1429826611094778,-0.0014409825183754042,-0.0751416912988564,-0.012018745963037234,-0.02297675435920063,0.0006015610922495574,-0.0013363339959405439,-0.018265405865904766,0.00636120786677663
-1.200757767301757,0.36778559298256724,0.0005020176436001719,0.0005408681462782125,0.13799545793629786,0.0063003039624991855,-0.11898703362850613,0.020046470717427496,0.005605597143679059
-0.0669202865061711,0.02171455647347632,0.003222296371591991,0.0011594052213652008,-0.0034409273728937934,0.000805699174379231,-0.0033034833189496036,0.01817031284794724,0.025501992556135805
0.02300707625044247,-0.0020728193977756558,-0.001958542124107832,-0.0014404871965521754,0.022945490868920115,-0.012008279013939508,0.0007941720667710271,-0.035410277525019906,-0.06906842700243045
-0.40425475520309473,0.0009653843419806904,0.005764163670747991,-2.1904663001395823,-0.013043438494846231,0.018884459270908975,-0.0017105242131956744,0.05989837448484256,0.16698946145709098
3.307061763054571,-0.0005438767442371532,1.4973328778635655,-0.0028693253104419246,0.003812156899643388,-0.00569696542572673,-0.0038235280215389317,-0.03370600972318269,0.004936696790741879
0.013923543948417015,-0.0032972898391763743,-0.00600555808129324,-0.0004979895915551643,0.002220782097472483,-0.0022132587501052653,0.08796035904674171,-0.004658918709044949,-1.9060807965513165
-0.0004238787330205149,-0.02399284857191968,0.2850144085388511,-0.37417801423545527,-0.27124083833331347,-0.0025128667314389553,-0.019932983050220055,-0.0030583696425709773,0.10713886395542635
2.6106075772471486,0.005507765081319463,-0.16233706089859076,0.00487316189413927,0.0021701011344197677,-0.0008011413415762413,0.0015791968134630015,0.004137576076799154,-1.0151902955748042
2.972156255103166,0.0005843503590694347,-0.08666492124163472,-0.001531797531688979,-0.011026766620520961,0.0035278914533114405,-0.0007146089526226043,-8.8347270347222,-0.0341159463832057
-0.01809229725236956,0.31705536669098355,-0.0021130187670457506,0.007051673755504015,-0.0014481998447544186,0.014158720751647291,-0.002560963189013066,1.0826979352769623,0.00350534387663564
-0.007695667450088456,0.003284960758820475,0.01090475343574609,-0.001655427012259016,-0.0010902602652601032,-0.0015409463003031795,-0.584498618150239,0.004975058667559956,6.19258049712786
-0.0010359995690430112,0.5433252325610265,-0.19442229789622056,0.0038788948691552004,-0.003970702055081408,-0.0010820194686549335,0.007359138278313889,0.007962711202161073,-0.000916661490985375
0.39038463175255433,-0.0007678841106920006,-0.05656481761777776,0.003281247729568268,-0.014293591218940666,-0.008407312044587178,0.02527009539350414,-7.7499412341298815,-1.3673984941099384
0.0006608900427681275,-0.0496062202799767,0.002707640768572671,-0.5980364858689038,-0.04874334204421697,-0.0017363177816423297,-0.2650486180177041,-0.00713058859948266,0.005775970806515986
0.00041098971717902055,-0.004698949599010708,0.0017785307222926957,-0.004367272867164901,-0.013597882067258312,-0.0032669832275342473,-0.0028526210065902167,-2.927133802327755,0.003321839186100177
-0.5513388251190879,1.874594985159723,0.059212962884117634,-0.0014544957149687171,-5.6474175839875147e-05,0.0037101310001585726,0.00473432406578461,0.04865748232681119,0.01669645532989153
-0.07736965961973914,0.0020751265760685024,0.0042501463052315135,-0.005539163283979709,-0.008574797656540924,0.6264634122283379,-0.0010228208776470148,0.01953884736066426,0.9986644989817182
-0.6191802215092228,0.0021522380515967,0.00104364447166716,0.0021841197961035338,-0.0012304890416907216,0.2794382795099509,0.0012354773182580029,0.11180093120542135,0.006304662125902839
-0.0018923680971234176,0.331158419588504,-0.0031772221220436976,0.0025380704630153334,0.0011287130213752418,0.00244489977548741,0.3371815552614342,0.014761317404576677,-0.00013089022977580064
0.006746573993207243,-0.0015050251167223953,-0.006828624033067338,0.001214592664748686,0.011094056493103974,-0.0013601925419500396,0.019145614863821676,-0.004910843152315139,-0.13615947973989878
1.4844589836901954,0.0022910786004202224,-0.004498728721287822,0.0012079877192185985,0.005946327512837142,-0.0016039697615446418,1.3138035978337277,-0.0030797874024622446,-0.18683527795665889
0.0021799312737639112,-0.0023469886600057865,-0.0024212966745811087,0.00035416070299265173,0.005558020161774189,-0.00036898119792832385,0.006827269860245825,-0.0019326722284850554,-0.005920044762333323
-0.04336319332218075,0.004738131330967447,0.00322054748915935,0.00038306961938504476,-0.0031544635806241353,0.0030763811350340044,-0.0023910675948001525,0.010430114975487792,4.352606933088323
-0.004139428264575025,2.9697913702092578,-0.0007278259772259803,0.006033140498485796,0.00032355108696756124,1.4867907439249366,0.003364051755651052,0.8625011659291607,0.0009791017622199083
0.0041625071307068405,0.0007915557609543158,-0.0035378749381821234,0.0012672121604678267,0.009315802854881173,-0.009088531361806356,0.006062425280611533,-0.0035691893516449844,-2.0581468223812007
-3.616965576343302,-0.0011376959315777722,0.003303770329665383,0.0008698397336038628,0.0038225360572104183,0.28860379814594056,0.0008363058656771956,0.03238795359423535,0.0022862328895149053
-0.0009481914175967866,0.00022477029600432284,0.0030482738400505207,0.2911109544630257,-0.003118030035299252,-0.0015378727948554536,0.44813115313754204,0.0033148372013866857,0.00018610783830490425
-0.0023170538509857466,0.0005999298866207173,0.005468379464963343,0.008251110859713157,-0.006244289234220104,-0.0032271596564316025,-0.5442034421586699,0.0027939644008746958,0.005631660543582962
0.007844589221300755,-0.0006847793896078779,-0.010302143941191482,-0.16438210428527195,-0.004079767151150514,-1.217681006567441,-0.0038282993647477514,-3.78029003734642,-0.0001789898400106349
-0.012196943749311214,0.019253219890392387,0.0007262684063789084,-0.0006042836440402037,0.00021868173532826538,1.0553093324598364,-0.0038960811808075035,4.5479436284790635,0.005776032148456706
0.002133089399553709,-0.403864287458359,0.004718132075554746,0.0002764043580180246,-0.8252854732036727,-0.006492286316472626,0.0003879985804719065,-0.01340537466503821,-0.0037302673895639425
-0.0007213359155997605,-8.733958269662844e-05,-0.009025903315576959,0.012755876511683978,0.0034167420519513434,0.25113851061056114,-0.9905875171907295,0.007251832389535652,-0.0005051591422321616
3.357410306907493,0.3680974018293335,-1.931921540225269,0.0016147982387733212,0.08631702983897649,0.013465492508698412,0.07647025769620408,0.015015590267884349,-0.10218147355951324
-0.005165779343138603,0.0006654134308463041,1.2838224092652963,-1.567737726490195,-0.009193250267891247,0.38311152656985986,0.3316955226951447,0.010351944193698538,0.010114530659877469
-0.002883305700011562,0.008277828779793269,-0.0042170174630284385,0.005308296858410332,0.0006465494030988197,0.0028936499746793722,0.12505618017401457,2.717520651951302,-0.0019353198112493572
-0.8002777798082525,0.018045246143926604,-0.0024809419603920996,0.007963334177459641,0.000299196577828063,-0.0062563451401582565,-1.0204979071144982,0.03493324779362641,0.009867762293876259
0.0036130531738444854,0.0084881151590307,-0.4587629250421694,0.00016501746533618966,0.021618666599093537,-0.0004693277027946457,0.015993418279034673,-0.0011088524561772093,-1.1836658565939124
-1.1772328523254816,-0.00014090047486060072,0.0010110089761475316,0.006154874398699154,-0.004317058666932714,0.013848855720143435,0.9091004428117557,0.04825599591733801,0.0037215158591562547
0.0014333564895081608,-0.0054127788812769525,0.0017944825345597316,-0.047678072704384504,-0.008121935615570751,-0.00249286652152351,-0.6412681482793479,-2.396636754051586,0.005697307088227473
3.6760525147302148,-0.007980823133864001,0.013407812368844307,-0.0010260968934743125,3.1154411553719585,-0.0031437674729662968,-0.054668867548934526,-0.08980713616493397,0.004693822911885137
0.012197280036822272,-0.0007133838287539337,-0.0074484554035200955,1.8464649850658157,2.71590084176573,-0.10094893945819661,0.0022691766593761382,-0.018623627151450384,-0.4221825099459431
-1.4421787690525907,-0.004539486700817372,0.0071818335472604855,-0.004024415253989028,-0.009273731408779358,0.005399505270539933,-0.2708766619431915,0.0021117343867240596,3.1114504399088005
-4.419530862608904,-0.0022059768886434628,-0.002581874887999977,-0.005102303387810647,-3.2359683128144887,0.5127316481291153,-0.002489323974348763,0.03480737689275959,0.1964732310553945
-5.515566717524196,-0.008162834564457822,0.010317437100983748,-0.1995984139948419,-0.8034304203116136,-0.0010277267838445237,-0.008176027424010905,-0.045613802144782944,0.2744526040888271
-1.7932330633985099,0.005059519551214073,0.7580038677850596,0.001146579561650058,0.017353638535620185,9.077284854015245e-05,0.0038730328693276214,0.04435280269040501,0.008392352410939108
-0.007853910646832413,-0.000752254073007907,0.03888142643749705,0.0013454814565330756,-0.0020541029425525147,0.0014764408024581233,-0.0014259980738033555,0.006326550506036546,4.225955628452231
-0.00711016004508226,-0.0010940741727369291,0.014207810497559297,-1.8201334308290607,-0.06579546636608381,0.0026302215175121567,-0.22089135294343964,0.006450738826481329,0.18614499071961924
0.002882329805992885,-0.6710106164573599,-0.00022630831486889955,-0.003092177072688868,0.0006803958715726399,-0.00022704315070965254,-0.004337398186534235,-0.024403486308340046,-0.0006294280208059997
-0.0030523202476063047,0.01630200668706461,-0.011203991366241227,0.5655185198345052,0.004530640091146764,0.01227993941017974,0.02506910068229093,2.753323406882201,-0.00021399208960544425
-0.026333661181270396,0.013595928783979562,0.0008610918697131154,0.24249269377707555,-0.0006595736997016509,2.6432429519025873,-0.001982768649292169,0.5183107300006736,0.004097550032495123
-3.0650414114783144,0.0041337045498004606,-0.001176544311571874,0.004240996178106112,0.008481850715280292,0.03211842659544716,0.012707761517871244,0.17898607551014212,-0.010733041971570545
0.004946811106962449,-0.08484419399016803,0.0017140814243572157,-0.019406916812054035,-1.2808248548122636,-0.004333515215120321,-0.004318247035016385,-0.6702999953724045,-0.003123805757015468
-1.8681697908110735,0.001241511860326529,0.15120848496099476,0.0030150170750360516,0.003130752244848975,0.0017420120429362872,0.007976295218837503,0.014600541214379006,-0.006461551712704128
-1.0568291288004295,-0.0025201869773488345,0.0031717660376108375,-0.0002610219443367201,-0.6669675812066669,1.4174669913606732,-0.0017503529197729073,0.013109559496224776,2.6092152687447445
-0.4891721636589875,0.0016691904516081533,0.0028020158096380594,-0.00215995690159796,-0.0048870950767263615,0.004916469707729851,-0.0029082063326667587,0.01833697732054962,0.09468747442896927
0.0094077053414649,-1.4727843144547335,-0.002926425988182961,-0.0059073993782167355,0.002944919194064974,-0.006767454820027831,-0.0038084500666323903,-0.3038072372987417,-0.004699135913581318
0.0032898638897258404,-0.0058323874935323605,0.003991816155436826,0.0046575447356453584,1.1580516098667744,-0.013588226698087735,0.013165810160378412,-0.003218453347851178,-0.029945854899255414
-0.0026311975094970644,0.0009393677672402106,1.1133897935316552,-0.5770036931364206,-1.4139916987987908,-1.3197385762196916,-0.003251403779523255,-0.0016827083197296436,0.07140335525563049
-0.007683950371190617,0.0090317960569689,0.003455492387590336,2.313287564647077,-0.0022224337063957364,0.004357960666335614,-0.00248900325275251,0.05809548070457227,0.010089143058442171
-0.002474323503212311,0.8238045528459133,0.0012322003566446471,0.011755958950775292,0.2605955719094659,0.008115882026627939,0.0019777640164510054,0.040767335805921116,-0.005005742457544312
0.00037275458415318014,0.0026861163418153543,-0.010364008155259355,0.0018977027623579175,1.130221317547636,0.002147075141120153,1.9353763498734313,0.0020021117000540573,-0.02070362679335519
2.5618581043844144,0.0018024605679997918,0.001345482659891116,-0.004138102794960075,1.1226875655858368,-0.0009503047325383138,0.00486613256230879,-0.00839676861109162,-0.010108317597763428
3.0537289618621726,-0.003067449729126118,0.07656039112507512,-0.019359914554549516,-0.00143336711602874,-0.0068419792492525906,-0.0009191690623275017,-0.10606281854332096,0.005895950194890365
-1.120266458916817,0.004027836515780679,-0.007145186442108355,0.021399420703846858,0.0010068177937407,0.04327281850164095,-0.0010866251036245438,0.07671774111579677,-0.0006143034576413658
0.0015218038304016992,-0.005701909768665926,0.008150480674448875,-0.004333282476513795,-1.105962366384019,-0.0034720253851127604,-0.01612201170476713,-0.007754409348577946,0.0022248395502703147
0.004174154323197454,0.026527462628383604,-0.03392460311942713,0.007971370166615512,1.5386994043242312,-0.17873671917264794,-0.00024236703975123296,-0.007822658580694489,-2.2255886404937275
0.19270769151158063,-0.009159538458258565,-0.0016961110480061218,0.009719928932618561,0.0023328394695052296,-0.4322156887434301,0.010947467488267713,-0.013978265484264257,-2.417887173215323
0.237236741222567,-0.6707388447507557,-0.004878058048768824,-0.00017027448909869944,0.007557789311128963,0.0016764889686317504,0.004314780362714075,-0.011792328043324227,-0.021045367646721595
-1.5528869550888977,0.002597553373837935,0.002486168232564881,0.0014360488459809564,-0.0018183650960538755,-0.002497502342138958,0.07803884036183228,0.014757903188387655,-0.0003955960461244634
0.004217774072522012,-0.02710042747920542,0.0007616107824324576,-0.002043521719079491,-0.007219387242259581,-0.004426519409955137,-0.0035686591973168678,-1.883788736319708,0.0001240622187024948
0.004004590540299755,0.002044765474862875,-0.01313550435837452,0.6374831576275147,0.013915727577531008,-0.00018781614987070563,0.003109232448725789,-0.004166229873957355,-1.271156032526971
-0.0049187723396587855,0.0018759067332324243,0.0015674994436729378,-0.004799553324526204,-0.027319547532347346,0.0017116154332935457,-0.0034469098920170255,0.004772631860962241,0.6376746162690926
-1.4431369969063625,0.017029403068209135,-0.0014333743922602116,-0.001654365816066733,0.0019166952368180647,0.000528683174363156,-0.08526218321543401,0.006413659340173322,0.012634668738178895
3.3654996177163383,1.147190171688278,-0.010878872491621672,0.0007097768151976408,3.5046983416403705,-0.08925779501264175,-0.002545370968775343,-0.007851726346954302,-0.010005476370892108
-2.2871839270483107,1.707355288609963,0.006890945100867449,-0.4383567496129014,0.29359068978519787,0.14280241200386,-0.3718350838344858,0.006046471598502419,0.0529167644889772
0.00027189123153793966,-0.003687500034022289,0.002902009026541119,-0.6742278326638809,-1.0370779693849352,-0.0015856656284687484,-0.05361568413454041,-0.005250686522506379,0.015553813351932108
0.22030214255703073,-0.0035202129544276393,-0.002281579802208709,0.0006554499860606479,0.02029838509693353,-0.0026246229237698593,-0.004159204795776143,-0.012209566988267497,-1.8083705420468148
-0.0501044458817851,1.068883835884537,-0.0035462786396467955,0.6466870069155489,-0.0035372919441480424,0.25221463592440563,-0.0011268241405161961,4.763650359969589,0.006625290191768357
-3.1041790060371683,-0.5951469604155002,0.07634886611631836,-0.004426762114461871,-0.13008810362231027,-0.006402509955285959,-0.012210419230788253,-0.020850069028575835,1.0003153788124806
-0.004188920753499914,-0.0014292629539992617,0.0022779713150328914,0.00014196850137279096,-0.036257307436767416,0.002223711212891966,-0.019581634561438525,0.0026529100760908017,1.7156716595150798
-2.2665091495413603,0.00135077048508131,-0.017225465878109095,0.007324510577198078,-0.004660438374190848,-0.004483816097289227,-0.0029607573574129374,0.010722180389942507,0.0017674132491160843
-0.000737923364670985,-0.0015507445874987213,0.014322961463948517,-0.007205740929390473,-0.0002882288206945017,-1.4775711379423047,-1.3892430362056791,-0.005590113887539286,0.018729355144208988
-1.8743354588430903,2.3466113171555216,-0.013231151659235607,-0.003119686994270586,-0.018041314025244656,-7.912893928787733e-05,-4.261755735350363e-06,0.003939141267873975,0.04724100264650033
-0.0028454316412648596,0.0014933581947094345,0.007914268496197087,0.0002810704332813878,-0.0020219690411329883,-0.9001923431967931,1.5491703551457514,0.002443639690069813,0.0070435768533674
0.6970106613731744,-0.0014638300631881053,-0.0006631563496133606,0.0013116773826579548,0.0051854175492990345,-0.011697941054566886,0.002913561115185764,-5.045622269292738,-0.013442029967230762
2.7666053068930068,-1.28091279384121,0.007350799519238754,-0.00034713324453520015,-0.008842200508401482,-0.576730571637679,0.0030051606070536363,-0.10245550065261876,-0.005649956900540154
1.198228682625842,-0.012835866110335643,-0.003563507522386572,-0.0004469805057129168,-0.001217954076232989,0.010767656522871528,-0.0034670913618627683,-0.01276219618732773,-0.0010866782048352397
0.4213739942480998,-3.1292072978583816,-0.005411556317281196,-0.0033755657458814426,0.007592280905289712,-0.004418958707144512,0.02114027449593342,-0.01686476573070375,-0.022849692509113173
-2.7606576339541045,-0.0031650476366579527,-0.18475389069555376,0.004433345783774481,-0.010981360427427643,0.020104760463208887,-0.7968945897443707,0.012824590883766418,1.1931156616136782
-2.977159081658991,-0.0005098943281948321,-0.003166082541373509,0.004056879785564716,-0.0019643864049492185,0.01731077758100338,0.005834272318781735,0.029797565882482203,-0.0018990858323775783
0.0014444152910815507,-0.0005369250854997386,-0.0026184629204724866,0.00042545911066971796,0.003004581883218846,-0.00046974303668013224,0.004429974116217522,-0.0020807436548149127,-0.00710746195989674
1.7403822979091628,0.0010834239576606361,-0.006399664531943947,0.0004286691461762032,-0.00020604217253403917,-0.0036330850911348135,0.0030389190241417955,-0.007534084269636803,-0.012156350313538206
2.6295883473428323,-0.13880626265423116,0.02977363396426788,-0.002661779360948035,0.001461554589226706,0.0011381254061742173,-0.003175186354096412,-0.009238847263620372,0.007846161050180267
0.0035680233662131996,3.9584964563004995e-05,-0.0011277446727487378,0.00529237708278177,0.16661988677591105,1.6824246313707412,0.0026122716247376915,-0.001394106003840351,-0.021977323990086478
1.6673250261838612,-0.29452045533703186,-0.004644125777168877,0.003521554355464411,-0.02009676029411904,-1.5751388327407978,0.005715457055233977,-0.006018822108769024,-0.004674781662291461
0.0014738391573870767,0.001107395926652141,-0.0009946126374451329,0.0036263622308215955,1.5060073735442243,-1.7166727290936479,0.0034492618002599945,0.00396273894287813,-0.012974254447885969
-0.0017022082453958497,0.018817053287164626,-0.007577831110429386,0.5693200287401392,0.01931673598292621,0.003837148401952303,-0.0025295046298734543,0.017965141223272387,0.0004495309973946175
1.8470223962189039,-0.006801045978055258,0.0024661930124136137,-0.3424239608557416,-0.0012527423728596263,0.026359918424079042,0.004420740044333401,-0.025365091791728266,0.0024189244420891043
-0.0210921194439096,-3.169630366392983e-05,0.004577548586849705,0.0013766126915069734,-0.0008135177078782592,0.008562061093718654,-0.014709796533920141,0.9839220570178187,0.764429169614373
0.0002758692043931211,-0.500339547623442,0.00025222965275845544,0.001272996023684914,-0.8185055218393312,1.4195437547798173e-05,0.0013159797682606635,0.0008079261164815402,0.0005473363510233552
-3.3315262445891034,0.19303071393398955,-0.007316313779461431,-0.00189419664575572,0.0014731223293677972,0.02065633963750731,0.0017438871027297236,0.0073595332745776286,-0.002649678291226587
-1.2242234532013963,-0.006317162439871046,0.0038114980619973274,-0.0016929723439167246,-0.10337269188015424,1.1834296284621897,-0.006409013757304908,0.002937558620671476,0.03244795238651643
0.007691020400501433,-1.239266637210216,-0.0025565264569284815,-0.0038960220030734,-0.002398339565726885,-0.0034690537297652883,0.008150036583309463,-0.13761874681915268,-0.007385160392517586
-2.3570186501222103,0.0012410861117558049,0.28324154519933764,-0.009747507999971095,0.0094514066100298,0.02236535374246088,0.005218738771272505,0.030367337882724985,0.01237344924690803
1.5756728580418624,0.00031638393850405566,-0.0004434794109660009,-0.934399382186742,0.0024078836838315187,-0.9633057770196326,-0.0021897808288738746,-2.5684861371548853,-0.014843820775876981
1.6305175343134106,0.0008407113826831986,0.0007297229399867503,0.0037805962583266073,0.01157992489940686,-0.0011543819952852703,0.005577596125369441,-0.015988822461262625,-3.067162866469916
0.0017999160458929886,-0.0051075313340560305,-0.0013194357503830125,-0.007958912570770325,-0.021513134542098505,-0.7753425782977895,-0.0026667581608982786,-0.01152192614238796,0.004991808502984762
-2.527566475540319,1.1729058024861394,-0.0024319410157487217,0.0010357434621932767,-0.00043631390529876024,0.0022368540027357053,0.2986370864536166,0.21135952856295998,-0.005389935518319677
-0.7399410334328866,-0.0009224769562777022,0.004846764287756853,-0.0006149408747903257,-0.001492438827857794,0.01590691559434478,-0.010399847212247394,0.025220288030942478,0.5305788263022932
-0.0014084718437775124,0.009525299793154137,-0.7506988274336239,0.006736184280006266,0.0018565744968310955,0.4501288602227477,0.0019472161348970771,0.01617187104839537,-0.000957575857307791
-1.8186149089978416,-0.0010449642233508888,-4.096359829458725e-05,-0.0023567734473662616,-1.8503350552026818,0.2644297825178782,-1.3273047246763787,0.0232033533643744,1.2285040390735205
0.006211742345457693,-4.399989887621055,-0.003906497529265335,-0.3106625481668498,-0.026765744641418,0.004435980340863684,1.7169178058337775,-0.02728793515502985,-0.005948852962624596
0.00817242427608604,-0.003682279380218193,-0.0030855339240828585,-0.0015172514659648946,0.0007954551899192207,-0.10529423181935502,0.6503040769017997,-0.017678388655320443,-0.03230856807935495
0.000904839005910345,-0.0029864439910657313,0.049433831773294065,-0.0012109777156708757,9.327971262088575e-05,-0.003107405895781788,0.004725503357994077,-0.004057786116983357,-0.0024305054236348545
0.012821432254987384,-0.004780194741018456,-0.012030726245768255,-0.47768301657636925,-0.031485513228032336,-1.1019531387957984,-0.010551335008734682,-2.144649142960605,0.0031048781903760675
-0.0010763189332480237,-0.0008691922075508398,1.4405647568265418,-0.0020179489933633936,-0.00302739971762203,0.0011694345168272603,-0.5876411177563914,-0.0020173869948670597,0.021568631173667918
0.29554063456530727,-0.00016117053179801576,-0.010601344175974744,0.002957500540248427,0.03321114963195971,-2.520232029535462,0.3767143445275468,-0.0025898070682202025,-0.056735171470983725
-0.001994886142816577,0.0032442104133434038,0.010314251180709215,-0.00011119408123583713,0.008610293935837185,0.17811046320693277,0.0014134485393852661,0.00546319286132303,0.0010783663814156515
-0.00297679534510449,0.0354427927421376,-1.026422660066369,0.0046313916376145535,0.6439638208265004,0.01089812353589631,0.017527200177120603,0.010727342338394997,-0.01005053904941039
4.086308350682135,0.6411899975670474,-0.004481672799062739,0.019142445858378584,0.021691771908497415,-0.00021197343925556146,0.0009060922071533022,-0.0047329605427662985,-0.40378809251280323
0.03006048087259707,-0.0010864429756930606,-0.003266578764663803,-0.7940905434547778,0.3625310072107373,-0.001541586623132754,0.0019885393461040028,-0.017321184144293393,-0.018248444982671485
0.0017835124478969844,-1.8854499326352405,-1.4797373409735028,0.012838591533302319,-0.034116362292355915,0.0017554301052010585,0.8577032775650902,-0.0015644910365633091,-0.10174322009191505
-1.1911553531747812,0.004733651099842334,-0.0008660059293327492,0.0002751116054678787,-0.0015456818009492723,-0.002875794819072363,-0.1052225062030161,0.016392485018329572,4.085903259709177
-0.0020929717828398987,-0.00038118269391860995,-0.006339208800325168,0.002544613784161113,-0.5269254945400883,0.005368208954769853,5.2392442379046246e-05,0.007680909983041455,0.01691760021832077
-0.008468081663186338,0.0006520080705551133,0.007590396866342921,0.001155480595399681,-0.0027000178773774162,0.0006830406142203241,-0.0034178086759235234,0.008678777012138508,1.6954384736683583
-0.0033410023275028218,-1.4564973400734076,0.009465703353877468,1.160373601904566,-0.04124048021976504,-0.0014763549917408095,-0.006781867196187053,0.006532589165418904,0.010656516199108883
-2.5395243385216775,-0.0021819008608669876,-2.935507641502692,-0.002744283606273719,-0.02693024680539116,0.0055996052356984995,-0.757679319178943,-0.0030158299025018973,0.022550630811208228
-0.0006283395113886037,-0.7821184016171481,0.007606630445593401,-0.06424267397383521,-1.047849471725561,0.00011606149457587742,-1.4419392324598728,-0.0011838216259204837,0.39994701042398484
0.607762898302509,-0.007236085781297879,-0.006072207787726602,-0.005960905534124548,-0.0038032069444462547,-0.005925661272504064,-0.18977290568892657,-0.05274763621907555,-0.0014383501730739837
-4.7908087898604346e-05,-0.02797297789148091,0.018104453884339587,-0.5402495553852307,-0.6949671279151846,-0.001470143691546473,-0.8845788072096804,-0.005288900419969683,2.8912980862590114
-0.0019211914769145081,0.004880017729300965,-0.007216547789707691,0.13263432250439927,0.0024772882660462885,0.0072505273364946625,0.003002195505520052,2.2510705919526646,-0.0029053604031845023
-0.01935987537850742,0.003361392412433344,-0.0003370081150592813,0.0005426085815738897,-1.3438510180499086,0.5686487567709982,-0.009328230394542624,0.017439696007890193,2.0306732245782193
0.011800457501684257,-0.0006486088570626519,-1.3082673907363753,0.003486966524588603,0.6205910346164452,-0.8234795811676765,0.006162660144321578,-0.002686678261473132,-0.07994006356107153
2.1306281834515506,-0.0009199309570939174,0.001386739312780879,0.021638189537101116,0.01326604056908956,-0.0017300602033966384,0.0010451605899443744,-0.007297660474164802,-3.60933656158878
-0.004778571372561741,0.5761898135082414,-3.466307991005948,-0.0004117892800788933,0.00034075070187523015,0.0022228362510019264,-0.0027084500576211885,0.008957274688867485,0.00985877581498551
0.013430575450552784,-1.8190532374746209,0.0020376515076846926,-0.006741763860942437,0.00761668652936638,-1.8106891491392771,-0.00019597348982641326,-0.9343050539385911,-0.006038405258335239
-0.990709577998415,-0.0015227069342962935,0.049317750737030916,-0.0023454686231096783,-0.002386697934778621,-0.0017480800610081824,-0.00631172952269841,0.003203975620127064,0.15518096798819514
0.3954084193637124,-0.004123576576443224,0.00578707202604624,-0.005950850699729477,0.004935584751600228,-0.005258275811275048,0.0003103307262355003,-0.10750394332528537,-0.009223800271602238
0.0009469476099747791,-0.0053586788505201365,1.8715366244063971,-0.0011407390426905525,-0.39292586129726664,-0.006730928643921523,-0.00532272474591237,-0.005258592978285931,0.023535224493334977
0.0028100902624186414,-0.005703304338814557,0.011826884121202148,-0.004181667507618744,0.002144457217939018,-0.00577652478384108,-0.02426602567201843,-2.95526814944733,0.0022291008130813986
-0.003493370892321669,-0.0016853846518745542,0.10263860287353724,-0.30486903060532944,-0.010174155204564592,-2.2105232382412714,-1.236912923627612,-0.014896337183046976,0.1365142540376767
-0.0012408331028094279,0.03234836427794417,-0.630330635399208,0.0017740057820934479,0.0023216056860742586,0.0017903568624201987,0.0020047693762227604,0.005372125927387159,-0.0010585212178580716
-0.004494974378451249,0.31268875008089664,0.006844197351873103,-1.247852483077146,0.0013214314512685925,0.0032817857097032672,0.6370031703099887,0.014241457220203249,0.010752659891725014
0.007454423921383797,-0.0014330065322901812,-0.006493739217629485,0.003907015261784726,2.107015291495203,1.7727345767072336,0.010554367439265504,-0.0016660238898534088,-2.3871788284992785
-1.8821718930106832,0.18797246034071885,-0.06055066131777587,0.0034313962891281188,0.009615713835850553,0.01281337927521561,-0.023459387204428278,0.040445012005846825,0.0020851031566574696
-0.004914110859448839,0.006117242969669235,-0.0023665562739475345,0.752339418048546,0.0007678825069826687,1.0967201776840318,-0.0013228677859734687,0.03348149007915376,0.003337392737603806
-0.0066948450070817185,0.00647284702247638,0.0018642951214545103,0.004494714283793191,0.001839549460816728,0.012670751837563778,0.0018668029197568797,0.40796196899655973,0.004474945567241151
-0.004547689804039205,0.007634624493150836,-3.712088805506444e-05,0.010322961540553892,0.8352777539205077,0.01558436342501018,0.0005530196560056893,0.021274255349500962,0.006041275959266974
-2.722683790166712,0.09213565815568392,-0.0012463053761045534,-0.07003043243457424,0.0016408011373506698,0.04768494303724834,0.0038226492410829774,0.0054614196370831505,0.0015113279848079642
-0.004341437692678965,0.032224187473161955,0.00035946341525133887,0.002700728077329923,2.2876285462764603,0.003309554708767595,0.006233494612672411,0.012082880399255206,0.005507596821042321
1.565268129492992,3.7615654422248554e-06,-0.015111007448351178,-2.0229327206694236,-0.06311230258713564,-0.01326946362364447,0.48633524937137507,-0.037809086104165425,-0.021950953905378823
0.003950266103475398,-0.499241682073864,0.007154031760974713,-0.002854475734618285,0.00022463211872624238,-0.006428333283751258,-0.0028717055183224115,-1.034604504788578,-0.0015568483240028866
-0.8958551170477982,0.4438956137107818,-0.000797076249999475,0.0007306709953230948,0.0066377795792808,0.006323622643677537,-0.01184629557452896,0.022679059678677616,0.018291015424878182
0.6733111589588072,-1.052138244911875,-0.003963275453554762,-0.014213855937337668,-0.01606515805233065,-0.0032988760580015455,0.003962490166874879,-0.7596269018161967,-0.007681284718514106
-0.005004568135569934,0.003617677928685841,-0.0015766838415455387,2.1338007102985754,-0.0008242438450761017,0.002376200758564297,0.002787273291819853,2.8125165883687706,0.0036265027758374466
-0.003318919593033236,0.0046800006839981985,-0.0002833574737700831,0.001963060322381069,0.9866694556929235,0.005197337514585958,-0.008043366063236693,0.012804320005828665,0.010590477261265649
0.040518910318847634,-0.6869549113719804,-0.003365796879355516,1.1100131028745093,0.0066699869872503285,-0.0021971638972210356,0.0046711408578474795,-0.005569115278130005,-3.1531158205314815
0.00531497261005367,-0.0030142183023359075,-0.0004889441998381034,-0.0013728435033613868,0.001383576374656417,-1.036880368071928,-0.002146594184561548,-0.03110176222518915,-0.003546176870639191
2.2679296190355442,0.0013913804650549227,-0.005800497883898713,0.0022447828224419625,2.1864319536341985,-0.0022995360719721344,-2.5955857738234854e-05,-0.0038393032784131975,-0.021586108860496722
0.008478248202591212,-0.023291767810540404,1.293787192184975,-0.13128058884949184,-1.4156561252246944,-0.02006092848845129,-0.008740181644159014,-0.03941176011957281,-0.005771897896028139
0.35104136726273627,-1.5735220173839914,-0.013452566142529054,-0.04330380146939963,-0.0021914916248994623,-0.19999090035114486,-2.493661721158805,-0.056550362798626706,-0.002990804045289508
-1.9297594318058526,0.004311227575814928,-0.0002524848088506686,0.0005363806805133478,0.001472743937876368,-3.6628793738122187,0.010113967213577818,0.05851007283793926,0.0012578505823682695
0.00015825301770573674,-0.35583477333460745,0.016958901362975138,-0.006410200451718992,-0.017144423703162128,0.001337633739122844,-0.011505814957291425,-0.0065156564404802095,3.711097307660689
0.02372400027281523,-0.0017164336978769987,-0.016197112958663176,0.001396406730092465,0.003696476583922062,-0.5016967603903509,-0.0022798482397365294,-0.017028578066125573,-0.021275281166235824
0.004526027462906813,-0.0013006158646010197,-0.02365313387482897,-0.0020776296859480823,0.005904810164661385,-0.003328634066590226,-0.038124640411223466,-0.008512045709672709,-0.0072410770830152885
2.0750749058661953,-0.06536524404435015,0.006327349959454526,-0.007033592057330571,-0.005329028711119673,-0.0025748697329258338,-0.004609377638811911,-0.031048536374365814,0.00781841085748941
-0.42817980701574143,0.019159203584243636,-0.0023520690109627655,0.010826714024594342,0.0026856946306420375,0.007434785001959603,-0.008019800150277142,2.1691109852683805,0.004898923885040887
1.7726790719036414,-1.2897418458643066,0.01848327699557542,-0.0038425492884241377,-0.0010967464617962289,-0.11411149301244364,0.006417503642223536,-2.9269957780387688,-0.007506106887176345
0.0006404914365919674,-0.5613176393555401,0.005150402963646324,-0.15326089343377786,-0.47488709292070497,-0.0009807675670470747,-2.6992237229102183,-0.005195857788681129,0.01850169813217098
2.873394041492489,-0.011986878791652607,-0.0010483239276631307,-0.0021470859699287996,-0.0044340854075306455,-0.0006875679034552302,-0.007288700076854695,-0.007828577901920984,0.012133192882960664
0.2574152547683153,-0.001716386912353417,0.002024190423330033,-3.2288815867191345,0.00865213863324511,-0.009726193995037526,1.0412349321459813,-0.06667586017473448,-2.106384091052031
0.003830904799334874,0.0012685466642056412,-0.008570970017079939,0.0019524417950554135,0.004271716766767664,-0.007432954757968041,0.0067276018070161515,-0.0036496567048825354,-1.5319633805741866
3.255461075696349,0.011848618014026216,-0.007158405699415733,-0.0001941741384059656,-0.0008318564372068703,-0.007717049068620033,0.7762934727404093,-0.010376744124968085,-0.33752626372129857
1.607801424008647,0.001569103143846342,-0.0007159226634681527,0.002029079995579882,0.005807266937788283,-0.4585425955311792,0.003138989638734867,-0.007106047720265728,-0.020617240270248582
0.05584395970507524,0.004332783785043679,-0.006509707828580815,-0.002807495514541147,0.008860762354150245,-0.016033985575366918,0.00034382587056899696,-6.079107542733106,-0.017860023490700205
-0.002659412767205011,0.012669421339592715,0.00680771412798483,2.2901989635523825,0.004131119861126709,0.0001614657439680551,0.7326086470711333,0.013706033610483163,0.0017205700971985143
2.6806944580926024,-0.8676148945709871,-0.002443851669934438,-0.15430942118413832,-0.10147159181789878,-0.00425688032081826,-0.870251331499403,-0.1190820018277009,0.07183797105839584
-3.0266396205935315,-0.041813738412598056,2.413108104923909,0.00017885480981279928,-0.002598622567408407,0.34925590142767127,-0.029823383134822183,-0.0013602349347526799,0.027459072975862808
1.388156162003972,-0.002146249768146904,-0.00021051576866211452,0.00123927592354189,0.0005207790930203664,-0.010530051787327615,6.14027318356445e-05,-0.01766914179831084,-0.011599768526396742
-1.36035635029182,0.06058672313160403,-0.0031419634455435476,1.2417089033908446,0.006694607278383504,0.0202616290562119,-0.002750673873658851,0.02891137707959584,-0.003748706828461096
0.0006083828334976435,0.00393573792704231,-0.01855868004764571,1.103292781858535,0.09006740474889716,0.7122282620014397,-0.011844832407191606,0.00485116296854348,-0.005761310531266991
0.005788193488712616,-0.011382056443459822,-0.0006950598788738415,-0.01082895071316798,-0.0007798687550506474,-0.008697368013665994,-0.018728550219458302,-0.06890228447553452,-0.0032121103918660524
-0.0037473782512874184,0.0028966549619218627,-0.00014055219392286687,0.0022519798677405646,-0.0006657473745457264,0.47087516222521975,0.00036802010464523024,0.016050796757470922,0.0030956619680669317
-0.32572074437822307,0.0008943468901404725,-0.013000809468562215,0.008918419496490887,-0.23732553838601073,0.011759522289634006,-0.018927124433301273,0.031257160047908135,5.94696753793087
-1.0645018306187075,0.0006436085013062424,0.003865913144680235,-0.0009345573663348307,-0.0013488271914688325,0.002949245093045223,-0.004069274778745715,0.0061105615062098835,0.029872384361570525
0.002481587656804526,0.004045643429438575,-0.00503430230480689,0.5564398389964159,0.01679323176575604,-0.0038869772678971,0.7220234731990841,-0.002460353910133134,-0.18695196507305223
0.004565012235524985,0.7442889499842292,-0.8453304563283228,-0.07317332541374613,0.003079502821015729,-2.3319360966875267,-0.0048821038394272305,-0.02081135366493172,0.000886253562769751
0.3101565138763651,-0.0008892959803445701,-0.004875454719345285,-0.00020414762934554444,0.0026606455291213766,-0.04509323550156425,0.000916989222342401,-0.08737760455643716,-0.40184941825030784
0.0004176843312264731,0.014735218470690028,-0.0319010567940989,0.8975472394397306,0.24533084261839433,0.002183175824443772,0.21399005169593252,0.004665789773665479,-0.013492958220938118
0.9564993495748164,-0.03302579732031466,-3.254318676192025,0.0069387059666258105,-0.011273625657228604,-0.021152027110721214,-0.0012829612638801183,-0.053547620677569074,-0.007023980194340473
1.5006722857811072,-0.07913050461927476,-0.0010441935912292866,-0.003128643945189481,-0.011551123672314693,-0.0035523542321371083,-0.04398018572894568,-3.0145659406280445,0.005951612648628313
-0.012259518490390565,0.0016276618381610335,0.04111287555638301,0.00031300286879953204,-0.003537765904392854,-0.0001191764132209474,-0.0020897768925879755,0.004531760492574272,2.6397495174957446
1.5989328535193605,-0.024501332094342146,-0.009623767711715048,-0.0006408310470402689,-1.2850820672075276,2.00533357249202,-1.4412095027799314,-0.010614489549404901,0.00577772970799173
0.032913666663334874,-0.010816634274388627,-0.0053644144141844685,0.0023526488913708852,0.0038587401265391483,-0.007332111214016627,-0.029148981753557922,-0.017795372195858347,-0.7441969384910843
1.3151720182886226,-0.0028782126080935276,-0.001376690749350644,1.8237685233173075,0.004660389112740984,-0.004558154654245432,0.003823845620741395,-0.004701240379267853,-0.031148792303806294
1.1397273034323314,-0.0299870894508494,0.0039213725117376065,0.0016253370894192293,0.017332955989716098,0.010566814409251366,-0.0011592536720400892,-0.004361826557496213,-0.009149174470302723
1.0997825866930095,-0.08160505555972089,0.00014621386934717678,2.263924979692329,-0.0031201813346436458,-0.030397784600316557,-0.0009746987928333159,-0.04901297966697197,-0.008430380721257874
2.2238682342749363,-0.0026881322967730985,0.005520005831614223,-1.522994429825965,-3.677844450987455e-05,-0.5675450532551762,4.093958999980274e-05,-0.07815142429821545,-0.0025529597875539323
0.001698022039476492,0.000983978478375013,-0.0029823415092882447,0.3374198845470179,0.07527958131719183,0.002344328304637341,1.3176572554420374,0.0020712121089777394,-1.7018332367551574
3.2729165901456927,-0.005716403495213115,-0.924638416962043,-0.2767119644597378,-0.016185789921504976,-3.001011344071432,-0.15518453443064395,-0.022394428063863547,0.5156639939613754
0.005710485896094852,0.009191639982734215,-0.040706568971282935,0.0045674975781234695,5.365304046410082,-0.3146934417438423,0.02867676982393723,-0.0020361253915059108,-1.4213904442206378
-0.0006511508390837084,0.021891127711693083,-0.0033944107842064884,4.473334457449574,1.1377782148022055,1.207075632447034,0.39687288811106436,0.02080075321938807,-0.011906116730810875
-0.01046975105655401,0.001586511824185337,0.010283666193717839,0.0003004207386812921,-0.00402001975197252,0.001958256295627873,-0.010260547876966727,0.006742347957582214,0.5304967416162468
-7.154665703986915e-05,-0.0028086150436077294,0.08979054527064838,-0.008467372337574212,1.5690658671514943,0.0017297912905621595,-0.13927256752175948,-0.004893648095218972,0.005424853162735638
0.021702020335097688,-0.007914154866185807,-0.0024303333381774173,0.0055933600709008845,0.001915118618337526,-0.024089210711682463,-0.3124694988243927,-0.016437416158627316,-3.992172481057753
2.4033495193002232,-0.003360908430754587,-0.005722984149766172,0.00023252361282348455,-0.007213708868072502,-0.0030930496028004377,-1.3327718916236577,-0.02200789937518835,-0.004312473531561167
-0.0026040605545367725,-0.0008721860506105605,0.002245564836435251,-0.004657057647025539,-0.0014756544112014005,0.8216230070271664,-0.34276631853663864,0.0030071481717867422,0.015684111278802544
0.0002999787209796151,-1.3394595562981069,0.046612502443202766,-0.3304991628704449,-0.004815680078327205,-0.00954572587962772,-0.0032558530704453748,-0.045894835553064395,0.003689629795590744
-0.0077599056754309986,0.007572600242941435,0.5871990453669673,-0.45012059423949,0.012158477118532959,0.13467721159387508,-0.003426350712926099,0.01567205828613908,0.02520324522517125
-0.021056643349304016,0.0027519518443829038,-0.0012542157826766704,-0.6811762240702737,-0.18268660044762638,0.8404258070256825,0.27714134083004555,0.04821243910901005,3.212159880254159
-0.0010351855616225446,0.020291711794133648,-0.002562383563577198,1.0632647692756438,0.010704530759051941,0.9624413786037558,0.12585259767305126,0.033692432789090655,-0.013900406744101368
1.7696001932218661,0.002634071142819774,-0.001926298314223647,-0.002088184900811285,0.00036711664397576227,0.0006739777919455184,0.006342710984570347,-1.2946184697443925,-0.03418466261859765
0.019551159451236477,-0.0040799990864236885,0.002385610111119412,-0.0012134226257412423,2.8483825717584876,-0.3751578327951144,-0.2599078602512937,-6.322329128430497,-0.007719436639694099
-0.16102239167827107,-0.0009908928570328158,-0.0006947981777734721,0.0022782552375012117,-0.09144700880504278,0.018769664617165487,0.019828637612501754,1.032113451449165,0.022787143273705734
0.0019584765666857615,0.00929428811104431,-0.01713106162387121,-0.002674638819148395,0.003069528130864543,-0.004739287744486823,6.047404660296257,-0.0028782317669434447,-0.038712230765070244
0.10214091756303753,-0.0008065355875177729,-0.0023476304866942195,-0.0015490865823586438,0.6316727496847323,-2.4542928774330446,0.0016008484491210617,-0.024209827508695936,-0.014513732597804613
0.07868659455382454,0.0007638851048787434,-2.8832891816793667,-0.008348442117082815,0.006005531133011185,-0.0065491112020313914,0.009661229483481745,-0.04650203545132327,-0.036017099803254016
-0.542881311484001,-0.00246388846648936,0.003043828936089528,0.0022926717253879607,-0.02307921970751313,0.006955137567844411,-0.004298331158654379,0.010072818885640763,0.026402528048210375
0.0010485038508808798,-0.010508126565367395,0.0006624549128669771,-0.028331390242162698,-0.4631816107347436,0.8382074970190668,-0.0030289546738043556,-0.02945314724399802,0.013616048704409717
-0.0005384103529928392,0.00037824556007238634,0.0005543621097532621,1.4221394325551575,-0.002051533104121446,-0.000368935756462084,0.000838761125597505,0.002195987425301668,-0.00019896481648344578
-0.0007283068925445293,-0.0019156922488027044,0.006940215241767058,-0.015278601056517804,-0.0065126843086945885,-0.0010806146404829658,-0.004559140490940351,-0.0014601116180964872,2.2717118326481103
1.7240958666663957,0.00010234225363258158,0.09918350294879305,-0.9641801904550957,0.020271335862239448,-0.03483646821033272,-0.004085182070527089,-0.07786280148122204,-0.003315721399272109
0.03431336295820042,-0.0054856567354964365,-0.007349218735383122,-0.0019045952908220577,-0.0008104521260741912,-0.0021314118814761765,1.9034234411925577,-0.02030895359072324,-4.237959739744172
-0.019405301857954166,0.06431506705185738,0.004166103178248122,0.9944861107621138,0.0034991983851670218,0.0012681816131404101,0.0031936349773815046,3.6637306240965692,-0.002728025396671954
1.3754736427712464,-0.0008320814070316567,-0.004228684821606859,-0.004650394489650929,-0.0015212732288830775,-0.05539988410522598,-0.3497852935660873,-0.06814729906839104,0.00017591457552397494
0.01881121409978906,-0.001215775144668278,-0.005262543222308947,-0.036371393898222734,0.003089516219345778,-0.013764314378162928,-1.9088594997531634,-2.7503651303999224,-0.002736692158566721
-0.0017087458441207158,0.009505423222800208,-0.0006513995268254505,0.03144709897156692,0.010565552542943953,0.004519680838683729,0.09843843344940431,0.014714440169707733,-0.003907668793742652
2.557986396452797,-0.001111849200931084,0.004089593633680333,-0.000529248717267767,0.004556389100010189,-0.006054313352766069,-0.005891486547148359,-0.01078939720598046,-0.0010707053736450922
-1.9121227840215915,0.00296561706196502,-0.005426471069781086,0.0024898475725927695,6.955045782929686e-05,0.07178798318054237,0.0008636418618082273,2.563491911218467,0.002713969166365293
-1.5253701939883708,-0.008102648703480507,0.5865129293094391,0.00011564685430397875,-0.0006279571140751297,0.012690420971512828,-0.007124741538201425,0.00586467794554639,0.031169950385311174
-0.031299330630423915,1.5363136444195824,0.00024023194598771225,-0.0006923002714593065,-0.005616770531731327,0.01456069251320732,-0.02639798888458708,0.04608520135682355,0.019936129405601688
-1.20490091727209,0.0033152421279595175,0.01051030778028916,-0.004115256364585922,0.00034357499257642136,0.0005003785339294442,-0.9097650950237657,0.0006999413930763726,0.05662025791453762
-2.160581055948839,1.3116319693814125,-0.0009947424518344933,0.003035621188816272,0.005468040275560498,1.4949425929792721,-0.0014949368748709592,0.04081513053768364,0.0004999178215704392
0.30156297826578027,-0.6593234357664454,-0.0062067439805268635,0.0004550030251183448,0.006278345514462127,0.005667290059085889,0.006659401078094718,-0.010742921942821098,-0.02552226333006035
0.0002739659328428144,-0.0012179010045171128,-0.001950679351639986,0.709879009167991,0.7755160420534137,0.0058167698175149475,0.00020460176610052894,0.0022571570751841897,-0.005777479165691893
-0.08263080802785536,0.08380820103217607,-0.11653781480073186,0.003653024881316375,-0.0030045174261090594,0.0030353557013758337,0.003422549145329628,0.9078197638449388,0.007325373558029046
0.004017245814935531,-0.0008288243391038632,-0.0015929768046682056,0.002234843551564109,0.00911004583373612,-0.0024022434648321,0.01157999724266089,-0.002193008881110143,-2.078061099369805
2.303036394812422,-0.4166303678760235,0.001992495987612468,-0.0006565329151222557,-0.006643339289394111,-0.00013841617001904586,0.002672879703042131,-0.019020054453685403,-0.00037051442695751335
-0.9942183584150035,-0.004176741542157962,0.8644569165694274,0.006433958133465237,0.000314346040648443,0.0033573127327792378,-0.02386188486742754,0.014231589576091039,0.013859341619517379
0.002864890239667536,-0.0049468157769210225,-0.012579406663901121,0.001818186512613366,-1.3868131486415327,-0.0025595512428996407,0.010854694033214153,-0.004937332608242101,-0.00910614652977014
0.44986968290644136,-0.004789535887418431,-0.8900451885406342,-0.0018389454132837282,-0.008685450035173086,-1.0979879684328326,0.0010154964717332795,-0.06379612561096391,-0.013838694326341855
-0.007214317345170931,0.0009245086816814215,0.0024332532524121656,0.0002097302200206562,-1.9270838199564648,0.007402403684073862,-0.11584618201380865,0.0060999051475144825,2.4125083527792164
-0.784927574829456,-0.00027268534321874417,0.007892858984829814,-0.00114824933746808,-0.0028027002607372755,-0.001036098858414442,-0.009187732129881202,0.007323730832126933,0.36018908926022397
-2.8047786540446444,-0.0032437757505902123,-0.0023215837524188793,-0.00017913270979852056,-0.005181470786328614,0.01693733036170572,-1.0424725237614545,0.010662780042432582,0.09962946545675377
-0.4080769428349751,-0.09593705828634697,0.030438665258564472,0.0023918271960986434,-1.0474067941347331,0.0023392570226583743,-0.004394701332278246,0.014837269189710674,0.06772299403064902
0.0006455878476263428,0.0032603549595061304,-0.6959061315112192,0.3519347728037789,0.04252083094781864,0.00117722257616628,0.01740524538919159,0.0038055833632646635,-0.020923347950196
-0.006917377979304966,0.0008258432099478441,0.008917755228571323,-0.0018425378754686917,-0.006738812463815964,0.0031160798646291486,-0.000710930584442702,0.008949276455711802,0.41223100408977875
-0.0010627399827696931,0.019225043302405768,-0.07310031598344091,1.363651122177001,-0.00017605894891445893,0.0012804221929748074,0.00250784174930788,0.008972394983970072,-0.00016438651827753968
-1.7046360031318795,0.004016173292612517,-0.07655399659087916,0.014565507482753145,-0.0015038964690717548,0.0023801890455132325,0.004584256710679371,0.13651946493812922,-0.004592700431194169
-0.0029850314019048544,0.008993764060732195,0.0009343879293233232,0.008663324973423113,0.008577859811574842,0.0075707752301338044,0.32208260062056304,2.5995270754058493,-0.005147348956339684
1.8267743190474262,-0.841207877335159,-0.0011886352469233918,0.005315050994914282,-0.0013456857928385128,-0.00024690382736876305,0.007080231874623408,-0.006206184797390805,-0.020564909975084977
-0.00736109849353353,0.010156715329918404,-0.0426330344638285,0.0057186580561913326,-0.0037734296780328035,0.08552047044417907,0.955229039579483,2.0550707777304247,0.00282651709446197
-0.9330110553800056,-0.005302423302796034,0.03310691666009583,-0.00214372422748603,-0.00664040701780882,0.0012085633343890652,-0.0021975634797877256,0.0035400733163322797,0.10140782598618309
-0.018140372376199938,0.9493124612158674,0.00393534185349791,1.402640779954113,-0.0042809494669889085,0.003423372013267449,0.0007070354046180213,0.07762874467947611,0.008679107727177025
-1.3545017905989294,0.0023904266782227464,0.005294941880605111,-0.012288426616666334,-0.002152289966739135,0.0194909077111343,-1.3709684673217677,0.000511063327139849,0.045152905910741836
8.154776563454017e-06,0.000401494537715858,-0.005816473056724121,0.001754515854837152,0.0013847324482708348,0.0018698957891702546,0.0008189928378543016,0.002070936389701133,-0.000967433632902702
-0.002390286283222888,0.00018419190222670982,0.0030356594171597625,-0.005359078526461782,-0.0033053017950702684,0.014603935979467565,-0.008599091648454668,0.004005168599354767,0.021529808617699625
-0.006739764756507575,-0.00046321393634882364,-0.0025861936237863807,0.0014152772672642996,-0.004095874148246841,0.20713820198383795,-0.0026238504273582205,6.572722845919778,0.011301215834010891
-0.002859840707478918,-0.0027434951249442757,0.019215826500096442,-1.3763166675824365,-0.7795559053666248,-0.00028729772207144403,-0.004057288334976122,0.0017855499180877907,0.04968525570457033
-0.0037653869935765083,0.0019438851408884218,0.0021743981823698815,-0.6026498304566121,-0.007098380911831218,-0.0032051826554028717,-1.839518793454416,0.0014597933292326976,4.281297321799983
0.0004635411123892685,0.002224762827722264,0.0065930678575037704,-0.6721716940142193,0.007500283796963908,-1.7204945628093204,-0.010209743669257611,-0.014008638552747399,0.006941362218829225
1.5205061014348185,-0.5954981020197682,0.0036601087305569713,-0.001900182286302207,-0.000615738583421347,-0.0014830786562110246,-0.0029404785740759724,-0.040580274178159216,-0.003955019283501393
0.0024435633444135655,0.006216584217018456,-0.012257327162215134,0.18062725779290575,0.008196538958888416,1.9299299071315217,0.027144316998693345,0.00466315817774015,-0.11321164597754174
0.0036550529329631674,-0.016222891382299407,0.0030521377305815795,1.9982883076939049,0.004333533189435551,-0.00817831071773349,-4.843450623960924e-05,-0.021619973835847316,-0.005668832175601222
3.320446327616353,-0.30538906768148577,0.0023574187270760452,0.0008438055047242845,-0.305582098985973,-0.016472286341821345,-0.004131704024595794,-0.04590038040791798,0.0010808247808413718
-0.005701350961268337,-0.004847976394149604,3.282542047721109,1.101118586410268,0.018122382696468764,0.015053276056870096,-4.138616124860954,0.07093566422511222,0.009702440952472524
-0.40344303602928544,4.405763754727418,2.122317759025661,-0.005689032335060698,0.018196507317770526,0.026144625996355093,0.8204811594621995,0.17725399771136158,0.043847916550674215
-2.4138129655210676,0.014998287768059886,-0.0028935757976896806,0.0008301490195311294,0.00493430510223207,0.003182690703008356,-4.6077644596111134e-05,0.01819872051936991,-0.003085342877169106
1.9193992301028484,0.003052222923354767,-0.0017437681241450828,0.002862654626036164,0.015323808422072677,-0.8552033412119314,0.0024591604586978386,0.0027026478132359333,-0.04402744770725653
-7.374767967940508e-05,0.48871296939420683,-0.010340172565378659,0.03557744481208036,0.026641444756610105,0.0008446659476671369,0.15010982034753573,0.015525575663006023,-0.006507589655357711
-0.036896040639688925,0.037462562864577956,3.209739098379311e-05,0.001937111063666804,1.3971404817633617e-05,0.018900730391931103,-0.0007390639394381828,1.7158114470230874,0.0040225546143328565
0.019364318878230785,-0.0031826374498947,0.0004597195258504492,-0.0014660789689519352,0.023140807897777248,-0.005966562136753173,3.337201774002525,-0.017760918049415285,-2.0415034148817917
-1.3217547132687582,0.0010195693761507615,0.0008823769733512336,-0.0017659677590235914,-0.00375985845352083,0.003366390428874695,-0.0017402413479948552,0.004132826844186951,0.01570595072016967
0.0003966022124016755,0.002447887544855731,-0.004221634651694237,0.002114328656502183,0.001966730304621018,-0.0016236694194113437,0.1421551875574468,0.0023452822759446046,-4.861818285549419
-0.002338494444610072,0.16008201388361182,0.0009309417385173403,0.21710573285960955,0.586274290825738,0.0011105210709297807,0.004512697989603347,0.014405971869667779,-0.0013274520046414207
3.9171088686917046,-0.015313129140633958,1.361602193619575,-0.0014994309271329914,-0.003457401831328394,-0.016607405860274066,1.9440659214673535,-0.07985094465301457,-0.0043485272855423585
-0.0029257418502765097,0.006902403451349213,-0.38538654479192397,0.0063137376481868825,0.0007306223338237499,0.009948690441141722,1.9353872458328703,0.013483899771535458,0.0045646226208827245
-0.0005147450017810521,-0.0013518852858921942,0.002069816414469941,-0.0006535539593836483,-0.007606907596139266,-0.001409366066136138,-0.2602365153922583,-0.0010479774408512555,0.005893322623050586
-0.9800758543288497,0.007526789055807972,-0.011725236938248902,-0.0021960844408583577,-0.002743240488625648,0.004898213145029757,-0.00813390057794715,0.32785911722656824,1.1093860443308907
0.02307320284031191,-0.02246086540646022,-0.004421047430956768,1.0874982596003835,0.004259651480999277,-0.008451232482967424,0.004538980726812006,-0.06151650314038752,-0.044144730400239265
0.8812990153237239,-0.01571336266220577,0.5762174392348879,0.001022145633687882,2.092599877977606,-0.03175046920134068,0.0026035751439513546,-0.049319791857915796,-2.877827289350755
0.014041304054339048,-0.01196493439607295,-0.0009799703142992604,-0.01296925645539176,-0.0018916805517624402,-0.0005860115825609691,-0.0008127103647665062,-4.148782013620326,7.261669989585412e-05
1.2241329774759764,-0.00245572410923898,-0.7831745675426889,0.0015186580088149097,7.936063613140851e-05,-0.0012763658208217793,0.001440903617009764,-0.007189069872642,-0.017966440398177796
-0.001339997480046916,0.0013291611630281042,0.00370890319601838,-1.580342015442035,-0.0012071819826626837,0.0015378161357892856,-0.0027050662837466294,0.00329477959069098,0.005774251967063122
-0.03253503451935583,0.1634338564355845,0.005097213992989385,0.007453841736369794,0.9650650267056182,0.01027264960500234,1.4948283386227783,4.780546752897499,-0.003061917071266157
1.192169039013959,0.0006175977685470848,-0.005114633637488028,-0.002459111764592144,0.0003681514156090304,-0.29179675477130335,-0.0012968060628934588,-0.01990005710988754,-0.003346148713217645
2.430172069798086,0.09550921176946514,-1.2355055142566664,-0.0025783152608048893,0.0009673539363788952,-0.2993647456125961,2.404024099540136,-0.013853835681833182,-0.03492810388858936
-0.6961954523380172,0.004537935464794271,1.180860309731266,-1.2580131950156959,-0.0049819474499452135,-0.00262296230067031,-0.009905001062264246,0.007191725042860664,0.15637263718017325
1.552076280309589,-0.0029275598279051873,-0.003981034563752768,-0.0034464502524055654,-0.001949541482331318,0.0036937804390725125,-0.0023611579552266556,-0.015279665417552404,-0.0004578917357633133
-0.005763644462414052,1.0902086303786096,-0.0006606009674766759,0.3870289953217213,0.00031229950936927705,0.0055045370945275,0.005387224447002348,5.843351308156596,-0.0014394048400407783
-0.01711489849011512,0.01407982322207099,-0.018225668715473327,0.001308012632337225,-2.4580159395447425,0.008076023275739152,-0.0078067308883939795,0.028054263998934237,0.40700150044312977
3.4820131798363017,0.5470897692916712,-0.02261014692774932,-0.0011612256833656545,-0.00022652919581857972,-0.0030795251084685714,0.0023826964777855786,-0.005844374624003633,-0.01194066717597042
2.893291427116165,-0.06323538524176689,0.4136879950027226,-0.029179016049341217,-0.010191901097558832,-0.010028119206079808,0.016108048926572624,-0.028748820230318446,0.012801230601182767
-0.008840593681259556,0.0019235861676987834,0.01227983543171884,0.00028705490192860224,-0.001396520867042661,-0.000605461962993519,-0.0018134084022478924,0.008095951769334933,2.041656652966148
1.5007935316447778,0.0011685329067313384,-0.002777200454303772,2.1925817029305435e-05,0.0030993372682442885,-0.0011135779466942995,0.007558303191812412,-0.004094050827933726,-0.010251906855954118
1.1981515345363203,-0.0007097837788261599,-0.0037523604501196565,-0.034106364645462524,-0.0005078338663646927,-0.003833931591134217,-0.010941351774002343,-0.06860871030531757,0.003870279506069385
0.00021763673781179452,0.004477754008594342,-1.6762207422363413,0.05381860532127046,0.10977747950381762,0.0020929594294664105,0.011781336274194178,0.005967256193428255,-0.46067542116911175
-0.011552964020866474,-0.00026436284601299986,0.0016767332797541293,-0.00192558061653067,-3.796239050681719,2.016579152133631,-0.0043455226459687135,0.0416449365714866,2.4156540709511702
2.713929962059939,-6.529681797118889e-05,0.0018382134551383697,0.0003722369868209693,-0.0013299372889452321,-0.022575364287159175,0.06982021310343436,-0.012523941692930987,-0.02159316909100012
1.1010912317906554,-0.03810341930490356,-0.025658239531367116,0.013185419512911994,-0.1024873563172947,-0.002925895673463753,1.896971457753866,-0.009638045647673316,-0.02980918254206022
1.4214715226310113,-0.0013987563186796516,0.0032599821015911884,0.0015099581486242544,0.004519533164446761,-0.0007868586630072794,0.009863199483256781,-0.005627681455508792,-0.024787502067260825
0.008882042857340632,-0.001943463367076884,-0.006407042415197344,-3.3115335494173896e-05,0.005479123933207344,-0.004879176526324045,0.003943841428983071,-0.011303368284456612,-0.042094683963700516
6.145670795177513,2.0895961518058797,0.007214343325014,-0.010242319591695453,0.06910660830824344,2.4235153708415527,-0.001799753344614602,-0.020957427713493203,-0.007805408161690286
-1.7220513716043298,-0.021971150490532797,-0.0005659000430291231,0.11776784182018829,-0.0074223903840105535,0.005670378579461064,-0.003025203090123668,0.022144514631915736,0.011748672639478375
0.003323698924045014,0.00025952499452768434,-0.0020707787161099713,0.0015245598903594944,0.018393305751153975,0.00020972861106222096,1.5165524448497967,-0.003213242131110426,-3.391217658194557
0.0007847719577651171,0.0013083207712225016,-0.005434356708883155,0.009629662106481116,0.10402050317326123,0.001302982291486526,0.22051562247593318,0.0018327200385420204,-0.015468393169426891
0.7379618650068486,-0.001578479959815774,-0.0011307278978408795,-0.00636886195448003,0.000694849315276188,-0.00970139234725595,0.001443123254667669,-0.02667458761368892,-0.006746926194296052
-0.005712357314851726,0.00010588809631501472,0.007144717227316623,-0.002187778328394959,-0.008280067483749085,0.00495986753167378,-0.008090060265640422,0.0044745762868298,0.7652670121371026
0.0013961484672548076,1.9362238375768148,-0.0043867628912041216,0.09034100131714828,0.41546709306930507,0.00040947330640787047,0.0005887548911429272,0.0023766003550601544,-0.0073155424065203135
-1.7829842160359997,0.011555293846346792,-1.5045525978132237,1.295022545657413,-2.085537807027431,-0.008365858304294163,-2.690157003202857,0.022197546424897963,0.014695887619157189
0.0013757991167400287,-0.25119061515010366,-1.6697300446062324,1.9150798777410225,-2.1135858142070685,0.00046255843234461205,-0.004921513953495734,-0.00040310298819132463,-9.742426201629975e-05
-0.002935233536847365,1.0502611892910163,0.0022701810814230623,0.008505904734697447,0.006140502152541841,0.0070383709600667504,0.08433460843906845,5.27373124729575,-0.004457118591302531
0.23605886322096514,-1.047885619429021,-0.006538714923678423,1.1449293900142972,0.0014754310227978462,-0.024721737091706546,0.9926800919029068,-0.029005561462335884,-0.04588200841250634
0.004977474399523214,-0.04174437795161577,-0.0011599764035698677,-1.932401949892659,-0.09579661176335019,-0.01822973002089064,-0.024268369719876767,-4.86904875222828,0.007847132751705274
-0.01681770604694653,0.012969587101640475,0.010089844463279443,-1.859404147455448,0.0039025486544259427,0.0003607315732948389,0.3881466788092073,3.7188069427500468,0.006571048629990264
0.004816589766621534,-0.002070935075055115,-0.001611284243425179,-0.20774430983609346,0.001572334064446651,-0.007651929278354882,0.0024402156077399416,-0.03819067669910712,-0.007683400779751427
0.001544021890688474,-0.922043296191712,2.3618347162571767,-0.0037441909218842995,-0.0644817947003965,-0.0707884978050411,-2.162909502720203,-3.5591932309150187,0.0062357200218615405
-0.018915059007200696,-0.04866465364362118,1.0513824965103107,0.0005788600581361752,-0.005260124091415923,0.015163078602308516,2.2533362140275865e-05,0.015338143785470798,0.8924835570486862
0.015794867239624408,-0.015827325666057716,2.554156174005671,-0.005597595427097791,0.8542975271284678,-0.004238948290365262,0.0024388644874234608,-0.01743212894094034,-2.887908704250858
0.15053116009506828,-0.001596353285526769,-0.007565889152155583,-0.001263053677343872,0.0039084181881914055,-0.05912372285229919,0.0014653300703459087,-0.014736323629029106,-2.39268301959611
-0.018082816488172657,0.0038011708125268093,0.0006082961778987438,0.01835310904425725,-3.829672315734248,0.1661751767301086,1.5429243430291208,0.1721332932587158,0.009237666939569011
0.00015199850248674837,-1.1657710290023882,0.00444012552617399,-0.002368547471842381,-0.004720631316324756,-0.008234825495176294,-0.12733798775653415,-0.021048577384880956,0.0043947473405346596
-0.7516464742079916,0.7634510614797811,0.007234766894741224,-0.01036167323794232,-0.008162737819019392,0.0014897360144737978,2.876749088103706,0.004876940513389431,0.03004997424954243
-1.6386686919077316,0.008065110842182635,-0.002217426410640721,-0.0004221552768401849,0.001861677723243093,0.004109334783651806,-0.5683512881422712,0.01027817976597508,0.014781968088623199
0.9217246434669244,-0.0012167834415098625,-0.0015859281221483794,0.004656427091668414,0.027933307887301702,-0.0028481402235061926,0.008431393783471873,-0.0016135300989439313,-2.7437322418695143
0.006298197148768614,0.004982957107605716,-0.009262197488019864,1.690746310522546,0.3059331227566661,-0.012367708476984665,1.102747995180367,-0.0036631951312757205,-1.7611429060351398
1.65435927639081,-0.6493653311031051,0.005250010183568778,-0.002695745271917669,0.0027575341294924227,-1.9390595247254074,-0.027213777840297285,-0.35080713305968486,0.00717766499703365
0.0001288943550119448,-0.56555929513287,0.0037339271932227145,-0.0020505217609014595,-0.4131566626270089,-0.0009030515526277148,-0.00042209336585135107,-0.0030340772612098763,0.0037974765171262647
0.0008055732166868754,-0.00033600170655378146,-0.0028316284178938563,1.0008025322804808,1.1633825641977351,0.79237763450631,0.0040492955824289485,0.002522374242136166,-0.0064451788042107685
0.0038021804351507926,-1.18232167564999,-0.00015952841181948035,-0.4269666972465689,-0.0031934299748017187,-0.2885365529370389,-1.3191834331181196,-0.037625760397727095,0.00130013071832784
-0.0025216745795418744,0.7095584216679169,-0.02064340266252454,0.5196343360742407,0.00042341679103916324,0.03221911048216561,-0.0002739223032728888,0.025568754038545635,0.0015044685300223664
0.0009401177502771137,0.0032824247291876295,-1.5442680368167145,0.008665307992761833,0.010746842903370924,-0.0003932704487853711,0.005741709934490561,0.002324311532870403,-0.31232029801727257
-0.002958608715994082,-0.001365363646622584,-0.0017888061048262245,0.0029880106081922545,5.9543388291761166e-05,0.4973103324844013,-0.018911702639699497,1.773638205446216,0.005748706933066887
-2.3973562989734574,0.003521392108668607,-2.480474248634486,0.0011453631706677377,-0.004643644702178814,0.0011500996417294087,0.004722503695508682,0.010088433368892718,0.0031460035853525803
-0.003035098729469289,0.06935557468217518,-0.006041697803635378,0.012095818034062785,0.00391765720396841,0.03676399731852392,0.032548758387248994,0.08615336244444073,-0.0012070591172634805
0.00010783158346448622,-0.04090815290261519,0.015256210907242572,-0.0009618951999948817,-0.004527403507966717,-1.8117137023752465,-0.007918053988480387,-0.011097447032441605,0.00679818058222309
0.002174798593090929,-1.6656213416362888,-0.0018376526017398992,-0.0023326704836786434,-0.850086962007091,-0.0011073434977891166,0.017872962296017487,-0.008597543825877432,-0.0030296854853845276
-0.8162186714337543,-0.0022484583648014894,0.0026522018213782327,1.2082164801359088,-0.008568009330605638,1.3551097036864723,-0.019843259331216195,0.018227698230080733,0.029626651138208726
-0.022966243082356584,0.01095951859568538,0.0010744391077688658,1.15850964031763,-0.00723215497617906,0.0010676173680870503,-0.0017205754821144632,0.2878955492312948,0.022783550427401246
-1.8340201238597118,-0.0008662194709300429,-0.031490565610302126,0.24024818343715404,-0.0036943682976979635,0.009948956109282954,-1.513919390974659,0.0802382619766574,0.011701386505487243
0.007699789011571011,-0.004436998359334143,-0.009430297655521619,-1.0369768204647649e-05,-0.0022097770009167597,-0.042971454349378546,0.006726345729769017,-0.018087589022128737,-0.025315109475119668
0.22739851428992208,-0.010029044523227684,0.00025839484162711295,-0.0009429743308913309,1.8163291614682824,-0.025854984827187,-0.19066749348529502,-0.24627464895543927,-0.04176568308575779
3.783515151383852,-0.009151316669909945,0.0010976505693455763,-0.0016088456176584394,-0.005012474981326141,0.00018858414678788338,-0.00039189530186653845,-0.008702818013927388,0.005422995992890645
0.0019384795536937826,-0.003019180768708537,-0.889195667795845,0.0003318341015806983,-0.006306927002801838,-0.6762347109897968,-0.010825307525052194,-0.008242005991447521,0.0008605385380697841
0.00474967481570804,-0.0012416729186345986,-0.00042245149991634433,-0.002867512302904322,0.0005588382078117954,-0.012953637201234323,-0.000959300329758681,-2.677785017249608,-0.0017286048997551678
1.884287095303263,0.0006654954967318613,-0.004575920741520516,0.023880890695803417,0.001261718588780561,-0.03825211449477319,0.0060445718131044955,-0.0018474638953019694,-0.07142012911983964
0.39460164898256733,0.0012234798342274922,-2.214486642622088,-0.005303569311051252,0.5621757068534778,-0.009203228188133189,-0.0036546184673326636,-0.03098068680143084,-0.04657643808444212
-0.000348670078650375,0.003271108336788561,-1.027473487136821,0.009344061317262752,0.01366988231683087,0.0015725785787887852,0.0001948577690387307,0.0037652328048036567,-0.009128212233235879
-0.04328525795184668,0.00972218699898135,-1.0673306234380493,0.002659123730738816,-3.1319423355993417,0.9183578522715063,0.004176423350103667,2.4964808699915526,0.007598227332962337
0.00023353533674164357,-0.004682990415145871,0.0012058227648901242,-0.0024381840408972885,-0.0275963374908432,-0.001694248798177463,-0.01824932104546824,-0.0035727249956579044,0.0033808579231755786
0.0011252491086366178,-0.004946271845666512,0.0019362085931510997,-0.2591423736101666,-0.0026012926977953084,-0.0012388783375761167,0.00160589171941369,-0.005359476587926259,0.0009414797042664597
0.0020147083703116256,-1.4450078717801342,-0.0009788352939159133,-0.03468395640297558,-0.033579512900901776,-0.6550123328632294,-0.8349569994049748,-5.0624370144850985,0.006127913317852923
-0.29875215912935893,-0.010433678679762734,0.016043867151262343,0.0034382058695867704,-0.04687122711849365,0.003072904610753463,-0.18096542765197465,0.014748193872564291,6.999549586294092
-2.2243652053587115,0.008489945124782738,0.0037689830187881412,-0.002159249491902232,0.00024304442563440054,-0.020783054907200036,-0.0005816535373783273,-0.00298948299113915,0.0033528382031663417
-0.022558215380409505,0.0055304232939726436,0.000677433501922359,0.0016722047149761088,-0.002860433902352711,0.44808094607343474,-0.0015121229643676832,0.04445720895722796,0.014358600259726465
-0.0017836936817333103,0.002912899884741678,-0.002608672778217091,0.0026614304935468655,0.00019061219814855632,0.00844509729126398,0.012922976426680093,4.997137152479501,-0.00029970657452842164
0.001629978421484182,-0.005254216011793006,-0.00015087038939768857,-3.6775831719704857,-0.010161304525889876,-0.023694653742553657,-0.0005381910581450933,-0.012910926311913996,-0.002173785004912359
-0.761910848312989,-0.0004395882871189522,0.23172639710971732,0.001666652159323752,-0.0012589636946609686,0.0021490437466761304,-0.002603276764725262,0.009307184518823404,0.009548074385365632
0.0031529466812345868,-0.004238963871972682,0.0010531407848718857,-0.005320872732083141,-0.6456349548299907,-0.6162978675401426,1.0644694722283128,-0.020042717213543653,-0.007961962670099888
-0.0028224976032915536,0.17567344015071948,-0.9925529146351963,-0.0013843426126912304,-0.7648738912684456,0.0006894206891944388,0.001135518194164425,0.006529784804674924,0.012423321721464212
-1.31125236938976,0.0005285714220037291,0.0006314548419619481,0.005332017509302355,-0.0006284683313266676,0.005005306057869692,-0.0001762701806569695,0.02107194467871184,0.002383014524687102
-0.08878766348042676,0.0059394141992648464,0.006688308628576143,-0.9800615926206734,-0.0068434334311478166,0.028405869476986874,-0.00876244048142252,0.01709461227202089,0.41178235514868133
-0.0015687822954733727,-0.0013359573423350583,0.9510533895281994,-0.008561898522648851,-0.005994860879096978,-0.00011329417512603163,-0.015318247086127697,-0.0005249438168488385,7.186858973446574
-0.003308805422203142,-0.0004735810538053463,0.009347687298577061,-0.0008021586128655416,-0.0051127673822367195,5.661031845387125e-05,0.0012099184575859252,0.0023209423122999423,2.6843551445502922
-0.0020303035637421474,-0.004045100041940327,0.014858469784404152,-0.49776018389492704,-0.014017190737990804,7.431884424239504e-05,-0.06481870770091713,-0.0017530980196576416,1.4271913476340883
1.1957957385721358,-4.682472687558316e-05,0.010221824113443079,-0.003875598587305246,0.341253019570246,-0.006291561837239263,0.0006239286679477832,-0.020083958707515375,-0.012068369075944052
0.38705047438376194,-0.0071835177318903196,0.00018753663921325554,-0.0022375951893867027,2.951158114320058,-0.011246213685201126,0.005451758245343354,-0.04840802507572181,-0.13951778520349722
-2.9180738785814975,-0.010803663307370391,0.009508789003117246,0.21557796621502956,0.009232043609792545,0.3023839750599537,0.008588089425251903,0.2965542230910798,0.007030995582109845
0.0014205933531378466,0.0025714827919613597,-0.0020851651213850187,-0.0036749790468797094,0.0054272080539465575,-0.0014496295827685465,0.002171580268725696,-0.002823376804705672,-0.00630207549447907
1.2453953442825603,-0.00018206058126770666,0.0009741044544986713,-0.0011953201646338705,0.0016220029654630593,-0.013923209686964208,-0.0010096964564187526,-0.061799473711035974,-0.021407493029530378
-0.9696828466702467,-0.0014194524461690295,-0.0006717767450789731,2.1083849176647242,-0.008638502182573574,1.2363431795805733,-0.7391351925430929,0.03634015813811247,0.23601721917333096
1.2775575584050616,0.0012813037231529795,-1.1721281812325102,-0.0030908741066644884,0.0028445179996989447,-0.006913946937675629,-0.24827995801577535,-0.022844546385768313,-0.002881425208250743
-2.511429803176446,-0.0024768505261205664,-0.022042815191737078,0.00035663909321347054,-1.4259920381518136,0.5775816076676632,-0.014834855543671706,0.15019086608283372,0.854053459155601
0.01485616733091258,-0.0010662524434303688,0.0041752727605852144,-0.019461312534882213,0.004678403226401449,-0.03024473253866602,0.0013878255092109092,-2.553784421650511,-0.005394802431372657
-0.7167371251361221,0.0022419516657816684,-0.008659111568634765,0.0006169717777777944,-0.01328261156598766,1.4635179650338193,-0.7383393711963648,0.04112236846652717,0.04706354403254276
0.1326322148233835,-0.0031292168814812775,-0.0004884250782519499,-0.002722695427512689,1.9812866542229737,-0.7426896304716067,0.005204129239979381,-0.03816507123889337,-0.41588991904550987
-0.0054201440878380615,0.0264769989714269,-2.57807842948675,1.3378115076922752,-0.005216704147910555,0.0033987723790878215,0.18343667585974782,0.017603212835658785,0.008770715625489797
-1.9929452496478286,0.07372249865994257,0.00023153990562097687,0.0010174562196822896,0.8149947107474584,0.004903763186109054,0.0007953355549099057,0.014941099708027386,-0.004527347360672118
0.1551221219200204,-0.026501152418051385,-0.0032632058560412604,-0.0006410377379919567,-0.0013678282219539949,-0.004102928653850028,0.00024876800701031584,-4.387665360903914,-0.006060954123839737
-0.011336623435527628,0.0031037992977184198,0.003623954109719707,0.0016695285478904266,-0.005781115361853033,0.004368716610900317,-0.0012619727855339648,0.01697896709772544,0.026011155966271748
-1.969863521374731,0.0011941505632207024,0.0026343825442142615,0.0016249124672640253,0.00258037288223922,-0.0032215141643400606,-0.6546099893048074,0.01912671126760046,0.01309878620076732
-0.007912480349521078,-0.0010416779676939124,0.8119558886776945,-0.20288872934147695,-0.478337329803076,1.5377908899656143,-1.7477128534718331,0.0015840361993065266,3.2640835465472975
0.7980113751642939,0.0025257758874804304,-0.0043975392258577065,-0.008221333655500061,0.861280734513518,0.0027528988466187457,0.0009441987896573025,-0.02900920657205381,-0.02778026940138728
0.016140566440556493,-0.009869324429863258,-0.0016297414498793288,-0.01765868183294201,0.0010019192161970052,-3.05472238746313,0.0034586772009820906,-0.1793513257254003,-0.006986272573686697
1.1107465454439325,0.017099273115707914,-0.008816271836517028,-0.00022111602977539085,0.004803321043336757,-0.014632861355625377,0.005145943397981793,-0.017133364675005425,-3.0906546730227564
-0.0017950603231578566,0.0022029307228485064,-0.00024126582647839012,3.5955796673067852,-0.004025966972139149,3.091928727876514e-05,-0.16346661784839034,0.004327450460130124,0.0050597783435664375
-0.8623329316625692,-0.003571465516299062,0.0036986632137674365,1.2462085505701204,-0.05641154009195308,5.795871659940941e-05,-0.011611664835835029,0.015276600975252907,0.03846791315653267
0.006017097375010173,-0.018508253710848944,-0.010034775319976645,-0.00938829561343668,-0.028077403579678466,-0.008521171139301198,-0.07806300535544747,-2.6775135831816472,0.01058201457843505
-2.213490431553156,-0.0005452088547254538,0.0033177682642252827,-0.0016720799344934756,-0.001465777637689767,0.1680237004718745,2.1480922631299455,0.04177052897300283,0.004911295177483316
-1.7221087228749998,0.005935536205606937,0.003955226680434427,0.002278521862959863,0.004815383910831448,7.938998817045878e-05,0.0032511548686356556,0.009541360467407594,-0.002846845270384868
0.0006167445000441751,-0.001164243210377821,-0.0023660409716788717,-1.2740671573699593,-0.4475733830228589,-0.0053403287625680695,-0.7272620760564626,-0.006778138783508195,0.0038758266005131034
0.020182427107706045,-0.15868385079350053,-0.0024595037940350964,-1.4095543755123063,0.0007258018450833452,-0.013729712466751212,0.013487713470528292,-0.04665221306569024,-0.012539939401735738
2.7224082216454875,0.0006303563633311081,0.0030104560093856883,0.004087054553322615,0.010977678659971318,-0.2519888503588795,0.002631068635635534,-0.00033373698533061165,-0.014093746350892
0.0006850024009571326,0.002000157901928007,-0.0034431037648912956,0.0007081237915770077,0.8907616396100236,0.002095294058734126,0.033794774941909536,0.0008530994018598613,-0.018921360561389072
-0.00430326497361294,0.22193589087824553,-0.0008340859870917362,0.007852154142742962,0.013436635962828463,0.013043571766996465,0.0024913593500649617,0.1075127590892854,0.00287716385259905
-0.0012767237918054307,0.9461350572192782,-0.15052422472127006,0.0070965825897087624,0.0007979441636816653,0.5129610370869053,0.0027719623750691114,0.08756821934445791,-0.004765424646792211
-2.02575777781615,-0.0006331935218665599,0.004086438443548637,-0.00043184492558153255,-0.0015390239299201622,0.002900469618400016,0.007129250716959926,0.013309873246150503,0.00592129976168379
-0.011587150343716102,0.004651489997061458,0.007270572032419065,-0.39623388261352893,-0.002483208580608091,-0.000714391358421565,-0.0007713935255109147,0.0069263904047451585,3.436552550254317
-0.004306133207789641,0.00493305521480148,0.005618496065019385,0.9467650721575428,0.0015988780309650653,0.0047384155732077,0.0002853545238748565,0.02653454879345892,0.00775794729541085
0.048710015320328176,-0.0027698262367707276,0.018244117103750464,-0.005132834816435601,0.04609717584656603,-0.009962073023701584,0.3772322951890409,-0.024211914954585814,-3.2133581339012562
0.9958882143905942,7.886894024023913e-05,-0.002716892655151496,0.0003283760973155378,0.0015355872062338804,-0.004536746879459288,0.008563576097103943,-0.011638067014804982,-0.024572775569618927
-6.3114166469423125,0.009050534421753728,-0.0024280885764085824,0.017071432267953365,0.016478563005779268,0.7200209910485296,0.06591204272761172,0.2819051856616852,-0.30293143683874213
3.1472698948212946e-05,-1.3444094933062312,0.002447657029884958,-0.5857402257720088,-0.6445575904796986,-0.0012916582664084207,-0.003892049869480817,-0.009465641470026244,0.005212001892971363
0.006099143503518319,-0.0016433964038790106,-0.0011324286452851409,-0.004043802588753093,0.0010888950673009854,-1.0020627456120925,-0.004720448216677224,-1.723127151967917,-0.002931007907672506
0.0002640765825064593,-0.0052523623264108,0.5876670511845037,-0.007054316558240563,-0.0019039253316467844,0.0009129936916155725,-0.000968314395648871,-0.002580014918963024,0.003634766841704641
1.0587359357388968,-0.04405345706824552,-0.4441643607644191,-0.005046753906415919,-0.06351950871259412,0.005319515309524906,-1.0703326315668116,-0.040551864061909214,0.005576368386032676
0.016268248178007157,-0.03086220407492072,0.0007075281257968662,-0.0011397992509594203,-0.002492326507324688,-0.2564270048620262,0.876566664381318,-0.06230833139785759,-0.02534502819315823
-2.5076931976130385,-0.0031095253940117626,-0.0005461951650267347,0.0006576724384527166,-1.0135569106902715,0.0013547791652509418,-0.013752245381185925,0.006557939563801851,0.05498655839824007
0.003186753592141739,1.6311406135460698,2.586591750889653,0.008622762780531416,0.08372460781377587,1.6654782319274162,-0.005072018403606273,-0.016806847234222204,-0.022861537286313294
3.6020315397748264,-0.011292939595279092,0.0026085915460111048,0.3677592202491633,0.03429032268185045,0.030705748023400065,1.7556729436490564,0.02751828122664135,-0.04324777798046897
-2.250140810289139,-0.0037430891224459425,-0.009814541956687725,0.388674611444237,-0.016871899333783122,0.03794880177255068,0.004359272430892378,0.035566652485040366,0.0011678275914479563
0.17338029536593072,-0.008560056390048133,0.0009176376146618785,-0.005027572231623992,0.0007398311260799831,-0.12621883835771186,0.14103979800864125,-0.1145117389873428,-0.016774497030820994
-0.030613103945668727,1.1454521811119909,0.006936030687684357,-0.006201120363840763,-0.005850580856174825,0.007261844318812979,-0.009531400149409093,0.00028294446141589186,1.1182807099651035
0.0005379906602117845,-0.0028090337246770083,0.5407768105712051,-0.009634370347609193,-0.0051440123310871454,-0.0027713532531688156,-0.005647323248887533,-0.005684975102080146,0.004172970665989997
3.275312079099892,0.0021159877603506155,-0.003110157104427247,0.004489981918569627,0.014440204966572764,0.009530940425511343,0.008122819410677252,0.019590773242939313,-0.6639639682744587
-0.00265633668995282,0.015692251050519433,-0.011338317743545509,0.004430796216208947,0.00018073857481727598,0.0038636030846001214,0.7490596998400542,3.701325155891646,-0.002743537172059003
2.951477076744437,-0.004860781748621033,0.0012747419991573292,0.6937476666679006,0.009027638790417361,0.007605531129008979,0.017212923712853614,0.01960472595368168,-0.038583580286030594
0.01924355608411065,0.007004567878268907,-0.009636888115357248,-0.6592261706904544,0.0016703859901999363,-0.059616956357727915,0.003534879937521787,-2.2550896912492986,-0.015228128310198069
1.4365132112184438,0.001316436080604222,-0.0006682199930220694,0.0031044693968781956,0.02034868673935944,0.0014817262888430268,0.005321412275218807,-0.006255707879547746,-1.2149924796800615
-0.006020973752708297,1.0468143463077173,-0.36702941481916423,-0.6331590124974606,-0.3493577419817438,0.0005638319254805055,-0.036379977662407484,0.007161240323124873,3.076412637484167
0.06697974313474578,-1.0275607563788682,-0.0007535222579471553,-1.6331891600984019,0.0072748563314357865,-0.004322840974647207,-0.002337055536948837,-2.8602839456575135,-0.006789949020704511
-4.172740121600871,0.4732275957033633,-0.0009277096099918267,0.0006027498639856587,-6.194898275221211e-05,-0.0022986837281713784,2.0065551160259383,0.003079875473737053,-0.020897633980120234
2.436869395264376,1.7264604038767208,-0.011500063570212285,-0.0016568478714204225,0.005159253822782955,0.012835444037527337,0.0053850100321501185,-0.003440081836513913,-0.03339254182568396
-1.641302884088323,0.0005494185375161664,2.6109678481076335,0.002406067344969426,-1.7099830060974206,1.759964859658803,0.021183675451534132,0.03778652177103481,0.0015709384430611095
-0.02646852794111182,0.0023390414181148206,0.005694437603841387,-3.308983019164463e-05,-3.702278015634263,0.5273658055039503,1.1434277197044143,0.0896658803465763,0.05188717714066582
-0.004718573066059056,0.0006434202007241012,0.006015917328318184,-1.1302317950011558,-0.0030085795548707023,2.356917877994811,0.008878445513526033,0.01653920493526699,0.013046692780211672
-4.893867666984592,0.004857442669491868,-0.008057387492922646,-0.9704778735177495,-2.1912318876577075,-0.0004466280484981128,-0.004803025822257334,-0.0026748897956342943,0.030486574883005435
-0.014936002634502682,0.8428429992442817,-0.0031580629349742826,0.008269092895299184,-0.001095042009662535,0.0051993301733626795,-0.039057258051154994,0.6880704510419491,0.011296555711847213
0.006958035706771826,-0.0003629570776208759,-0.003280771363965476,0.0013024078245450544,0.0036824674927872347,-0.9435221306019366,0.005008985121230186,-0.01024173589814232,-0.014743307831766216
-0.000603538841758047,-0.02699691002119889,0.005108530524025978,-0.0037550820955105837,-0.003708261658088426,0.7491083862525924,0.5513546344977035,0.005561187441988457,0.009071372634551694
1.608689075941956,-0.8391053124849969,0.001636756428090816,0.004231331026428469,0.006195172183407673,1.1999443285824274,-0.001641111437177086,-0.006348310866283992,-0.027669709955337185
-1.9332629231724816,-0.002356101804204619,0.0039999249645767156,-0.004568912430644029,-2.7032998162166555,0.04447435140632139,-0.007577433213585452,0.0057260605543247856,0.17048414144803647
0.017169891874155303,-0.004731500742464612,-0.006689322598818256,-0.008741252967685988,0.00033590784743176255,-0.002552637649520529,-0.019003035126274447,-0.48407863102948007,-0.0053813888160604995
0.0012408010305676133,-0.014182192556403989,-0.00020575062213221197,0.004667976257492517,0.0002593755395386162,-0.0010367099995582103,-0.3730120566930632,-0.0036443682768745704,-0.0023342451086797496
0.004858558461049302,-0.9775448913778606,0.001433463384225027,0.009680396841141352,0.018041635400554354,-0.004942798673342667,0.005786287865458763,-0.0008843381171879524,-0.03910839079126524
0.46744606752602647,-0.004204469633447638,-0.001412011353179186,-0.0009196120682639887,0.0049716584124252,-0.004220117463791686,-0.018442296235094725,-0.03020057426452432,-0.010128374075591529
-1.7339512992204362,-0.0011271425984608202,0.00784191450849206,-0.006650603921179124,-0.006895574526392438,6.455144950241049e-05,-2.13117136088011,-0.004755693138519049,0.24842000667034903
0.002225989578242292,0.000385667226118408,-0.0006016303854401744,0.001920669481726053,0.035289214455488084,0.0006258193972685372,0.05857649890958655,-0.00013547270870497424,-5.782183813217864
0.008519195786199509,0.00030155439924311935,-0.003501906060675421,-0.001444322404804937,0.00580317111686043,-0.014623300145419335,0.0006292497109417474,-0.010515331936342916,-3.2205658156894583
-1.0130477813697751,-0.006116683193193434,0.003932505972610202,-0.0013654810899607055,-0.029692165946508295,0.00949808584196005,-0.0041758189784072055,0.004767689728696405,0.0864341644871951
0.00043875193718891293,-0.005724368108289343,0.00885768021641786,-1.4259041744582843,0.0005854723352429411,0.0001788420636155325,-0.0016444996892711668,-0.0022315229722767926,-0.00041213124511240654
0.0041268554167475,-0.012024649087795816,0.007495884613263601,-0.006292234491714264,0.0004608437418272674,-0.010162576821761282,-0.010764588463856238,-2.270760920355698,0.0024839764610589954
-0.011054416602646507,0.0028471514780675443,0.006692189253786438,-0.0010533815144681226,-0.0018744880843265873,0.0033495585507816285,-0.010064599310648552,0.00824278997861458,1.145218482768484
0.5919094584611964,0.0008912570895919804,-0.0011395548015645431,0.0004604799567694707,0.061142904906285364,-1.100205557392553,0.0007464399335328333,-0.019315842671493066,-0.01889251827750496
2.8370390541360155,0.012022690175783585,0.0009624333935123325,-0.004641236626088889,1.143684648534394,-0.013855468782697819,-3.0872048702824256e-05,-0.0261130365564812,-0.021792408797411844
-1.08945775391143,-0.03386833558356388,0.0075399655491655525,0.0008521541862209993,-0.00862389092543352,0.0021771939688610166,-0.0016328928538222945,0.009837165149167552,0.05842711407962947
0.12491858850603332,0.013075772531017224,-0.129483541113595,-0.002883529674098559,0.0033506236492645653,-0.009513523198430084,0.05998917275752905,-0.01243513514035842,-1.8009564726441605
-0.003943150862137347,-0.0004484627836064195,-0.0009373528756814503,0.00399770579963065,-0.0019655006084488766,0.07586810398634997,-0.0011913963734797401,0.008087105726766568,5.3918366856862745
-0.0700167405715136,0.026336317990870654,0.007872213138144258,0.6501069940635061,0.0019684404369520177,0.0023423487508776432,0.13390830441636645,1.6897389573840453,0.0003019478100926079
0.003149793844476294,-0.008690563248407038,0.003775449996859027,-0.005856487912796985,-0.0011198205922242905,-0.003985123509845179,0.08854036270461,-0.0108921941595365,-0.005635276118713624
-0.0016771098942359262,-0.0022923967406904833,0.7400041978940234,-2.5307109574666655,-0.010593326305179888,-0.904228622963863,-0.009649492196232713,-0.0012053104514506072,0.012736436078388078
0.00034549327212219684,0.001360580436064558,-0.557923392499315,0.0017495683761086956,0.01061992006593818,0.003402625088566808,0.005229872102051703,0.0023308111212050537,-0.00503557925131462
-1.9321381643944755,-0.005891198197662206,0.007609581949688714,-0.005210132310114773,-0.004870834515021552,0.08122518824677233,-0.012636544682246967,-0.00013488783401906235,1.7759329316972146
0.02573146223641294,-0.001954315824879262,-0.014250658160687971,0.007504129911751423,0.005706387360734143,-0.35423168021437784,0.00024948001475590077,-0.011414347042773302,-1.314378879952683
0.007725841716157658,-0.005139813183703705,-0.0036203357130450676,-0.00011093516896351456,0.008490791755994119,-0.0010686841160218357,1.4412398062596448,-0.007620482670622328,-0.19899355783330636
-0.006513327732246305,-0.0014614079869096908,0.0267064031684012,-1.5426170011894302,-0.006366886608271359,-0.002516211644054883,-0.005263739934393618,0.004244197201278527,2.9743933226554384
-1.5031526113189055,-0.00400924205387503,0.019876217645572285,-0.004782761200014994,-0.00377524480116178,0.04432044917382086,-0.0022263281677663265,0.0005567809719872457,0.03776223055542932
1.287378020304324,0.005192657623980579,-0.0011950993798840667,1.4951489449953037,0.26211984125078247,-0.00802215350021937,0.005497299954607349,-0.07158891848561834,-5.573787142823761
1.6878586796747534,-0.369401343455594,0.019701277171329218,-0.055361280275543344,-0.0012601849441599873,-0.0013804373025013983,-0.0029183173629323076,-0.07648902062927064,0.006039795935310954
0.03115589616440629,-0.0016967465159403222,-0.008250906362241425,-1.9633843098955355,0.002621943242844994,-0.0012305884599465966,-0.008163082064162074,-4.905341552359984,-0.009022531097243408
-0.005765936401791388,1.857719060759306e-05,0.014352312183512697,0.003655471405360497,0.004113315741418729,0.006548240800006862,0.0031281622331757,3.596577198308921,0.003112704231076492
-1.1643539119860309,-0.003750035778002883,0.006552104050400832,0.005056884655480834,-0.033448127432401,-0.003173948028562412,-0.012212042939481638,0.0008084736538619269,3.4867431789394754
0.0009630027156591909,-0.004363216115158713,1.682405093847863,0.7737265991579672,0.7953559102281199,0.5854775731148333,0.01648575889768116,0.008768643634600148,-0.009603860413260161
0.0005991082815902105,0.0021481692139110886,-0.0052710557659115965,0.03170466849168108,1.709623378020605,0.000330249308486864,0.0222993713433791,0.0028191538244416656,-1.487233573840232
1.2965298483076848,-0.0018094449152046472,-0.004674287848767052,0.0035194903463055325,0.009511871135120295,0.013944264840157861,0.001464185730461377,0.003457634734590594,-0.018754069364159243
2.0356133361791784,0.014198431501778297,-0.0019623541266092955,-0.00149059616202446,0.044152936957259054,-0.0005420678860704187,0.004125071681426812,-0.01342507686473815,-4.405161742465189
0.0024301535971485086,-0.006442957136151186,0.002105984487829872,-0.0056121584094238845,-0.009658472963609893,-0.0038286420032253125,-0.002361097245150345,-0.006041235182329116,5.542495529561541
0.0008468401335058676,0.08861836529381198,-0.5569823689111336,0.06032617627135106,0.0055007097723112075,-0.5342096872866224,0.04392657379876726,0.005253671066660276,-2.81641387064927
-0.006810477449229302,0.8917132998590672,0.0019255598690853316,0.009344777419451299,0.07185221695068295,0.006410854127888884,-0.0014602749168183033,0.17914542128231487,-0.0002392575396134352
0.0006242052023902829,-0.013222500304599571,0.003585731277958766,-0.00364031409476361,-0.0002052628964656477,0.43320229417180256,-0.004036483644211837,-0.0025948152606523165,0.003828064113008201
-0.002456856147229316,0.0013069003823400396,-0.0003895244574846928,-0.0004008681773449976,-0.6845857436878425,0.001972126559629116,2.84188723244368e-05,0.004542050003229386,0.04611406648462077
0.0011673799531876593,-0.5860192208524606,0.007885151178536037,-0.4210680438273491,-0.001510089492719021,-0.0016129806408090304,-0.00705554840661415,-0.020514963572508937,0.0019689291099254575
-1.6068603071194865,-0.0005160950499312478,0.0017156533032969866,-0.0016884262306477993,-2.4807073366596852,0.001086895237644936,-0.058041913221201114,0.02463617008985175,2.4653040648551965
6.536098561378618,-0.9479306465114113,-0.004593673321798192,0.9903190176141841,-0.044986177190729615,-0.00729219090580762,-0.018422318067336713,-0.04735117084782929,0.008746970599678328
-0.0012179211368819089,-0.000732890071529385,0.003364613059317833,-0.0016160016863853818,-0.004921598657382221,-0.003421857905754269,-0.3904902029544619,-0.0002496216819609931,1.804284892216351
-0.002079863646633133,0.0031001435067099497,0.0027686939395643742,0.109479984028061,0.001555539268462805,0.0027189005345069155,1.485671150082713,0.0074329525765704,3.281418944781761e-05
3.062783880044279,0.0003053436508184712,0.001320365277071238,-0.008343451088372766,-0.004255054561322989,-0.09043056636108386,0.0004956773262400731,-0.0407505933500283,-0.004832476218327497
2.0908998185346985,-0.07629687709374063,0.004552128679213563,-0.9719477226713024,-0.005878176324054289,0.005337461194354253,-0.0010544821259622656,-3.3227160781744245,0.0029710768664036324
-0.005493146482601166,0.2925518583386673,0.0016278603637531436,0.007002052490645831,-0.0006924565408742942,0.00854186001518472,0.8186569965945045,0.013918096802851743,0.004301989977518756
0.003379888429057565,-0.016949067046926506,0.0037030577460102254,-0.02679646301530666,-0.003425876002787015,-0.0034554772300777487,-0.00634328993053841,-1.5947241299011397,0.002672717100263334
0.0009966102717375138,-0.7313265484319478,0.44738795198253123,-0.008621657277251275,-0.4519338098167874,-0.010052275443002539,0.0014838258130581623,-0.011091716155042269,0.0032268115465645085
0.001674786608801371,0.0016392661676174409,-0.005906640548860379,1.6208140198964793,0.0021302778452547693,2.405351320647303,0.009578998882170838,0.0065732339324160605,-0.04289519191519631
-0.014115198186485028,0.11365567535223936,0.0015367884147031267,-0.0010504782789404477,-0.0005536733875241623,0.002072210464335999,0.48160463774255663,3.4102495241059234,0.0011123680697377736
-0.016020279879960964,0.00534005881010465,0.90484646133407,-0.0014154495551484299,0.0041262436614351505,0.01470971505235888,-2.0362392282631845,0.024193248134724704,4.2479592593862225
0.0005081770463058644,-0.005154269542854557,0.07421508169924812,-0.003525443084449834,-0.01926439114651296,-0.002462886359589156,-1.4723133401122135,-0.005994284192501851,0.005000817046788168
-0.0028703308899085665,0.004756787595089887,0.0006840034723278201,0.028195821343501983,0.6925494294333019,0.10295719750983506,0.0049181217584385595,0.014913689927928353,0.000662201388774283
-0.0052107148078898245,0.0038719540974839813,-0.009909772131827674,-0.003076981403130709,-0.011652974157228628,0.20780103472556827,-2.386975923963564,0.01349449953086166,0.03250492198637395
1.191425830977675,-0.003778715699502255,-0.9446555421170295,0.000797037450674349,-0.0009073617444769842,-0.004792304769393005,-0.982763011246764,-0.022858457992517792,-0.012628938904541143
-3.5998111296875623,1.0300084012331483,-0.00767049562411809,0.011802180314588046,0.002104626130287307,0.003964049746044302,0.004775512056940226,0.03959457173974516,-0.019781210869280197
1.2712661922249922,-0.02480537487654591,0.001724920114963802,0.0010577972071316565,-0.000645062049242447,-0.057803601748265446,-1.6542664825744982,-0.19946039692513007,-0.0033500148604790198
0.0071903300029968606,-0.04584388589282716,0.0006369978399395938,0.0007595507128410513,0.0011872478920107454,-5.044923387849201,-1.7878576685577428,-0.023998501265362585,0.0010805538391341907
-0.0038021282297893725,0.0022386046657762214,-0.009181330668423552,-0.0005911034570842335,0.0002607736337234415,1.1498044012583284,-0.007185097454173419,0.6701617926740713,0.00976817171007998
9.155693734684729e-05,-0.0046185576596367624,0.27385052651460234,-0.0005015540073431586,0.0009225624070821801,0.0006323213206241643,-2.36519885808164,-0.001680724868984657,0.007670431363281521
-0.7612776983700187,0.016879803031552898,0.0030273836300801415,3.6930067142723884,0.003955491345587925,-0.006118434723121033,-1.064735125201821,0.05109188319753007,0.039285925130149835
-0.000542751888478073,-0.026899209922184527,0.03515660050926745,-0.0018462261811684772,0.0005814131919945871,0.7562609364716806,-0.003012618765747349,0.0004332259160686085,0.004679467538404484
0.12411749400963301,-0.0011180266869060176,-0.004482180425260995,-3.9121110049729158,-0.0009733368472914852,-0.03388173560604249,0.003770989721200428,-0.15356830735065252,-4.065168047649754
-0.0020870388838385287,0.007797488528371794,-0.001206094582731032,0.005741643621196585,0.5422369549567209,0.003246544811029565,1.0367074369192746,0.01008657649727863,-0.00023598975000208716
0.008685567907056518,0.00019346159318264604,-0.002273473474825107,-0.010387938629589926,1.465018456221772,-0.004921826069628654,0.006983969638855579,-0.018768074558123293,-0.14502990192713383
0.00567804126567879,-0.5736919388638084,-0.7368968933672163,-0.002927270046332104,-1.0499819230870207,2.2747092299456317e-06,0.0025158857348882664,-0.00841874443525682,-0.0033650612490055583
0.6107715620883756,-0.004728371936680811,-2.771765586730125,0.00296744438316654,-0.006268436122987525,-0.0663608321890553,0.002060820642613521,-5.09284856103821,-0.022942493513795403
0.0033165535338601027,0.4111556832068315,-0.016977908134085083,2.244940315472799,0.33993191339629647,1.0510331414147949,0.0063158437367801384,-0.006340950650051129,-0.07341658595887343
-4.888697310091059,0.0017933754584881798,0.0012470247538482332,-0.0017763930256196785,-0.00012120888715813627,0.000864501788044798,0.007138815439784722,0.00794540391347294,-0.000467457434275953
-0.46414080525512014,0.003146211455036116,0.7628900770843487,0.0029994263234739346,-1.4591747257844263,0.008845664995755502,-0.0051719954360255034,0.015041477023077024,0.3311745709903202
-0.05727150722901131,0.0034588663876925505,-0.0010924571495625514,0.004342633782103462,-1.139323542134549,0.569569701463444,-0.0026294217647925026,0.03806548395608437,0.03955099715277233
-0.0012895385655757516,-0.0009584967379434563,0.0019095436076976358,0.3331355992005075,-0.0004612771769915464,0.004082426217432781,0.00047629841510846106,0.006470025483407695,0.0017038652594042404
-0.0014312073120279628,-0.0032969509308241746,0.00719975355277798,-0.008567987118415294,-0.2515320474554451,0.00011183430576442929,-0.39312113390562714,-0.0014371901465526672,1.7622637907601966
-0.0032774782078874654,0.003253001504753576,-0.0003771702069130673,0.001324385737207011,-0.001013191605992217,0.13463678249047473,-0.0012021722763883966,0.012615349553531916,0.00445237942324209
-0.2158419222498345,0.0023517820850704656,0.004338167561897539,-0.0003793169766113317,-0.004468540301191518,0.004253488519468203,-0.0062971933786689725,0.019258588168391863,0.2235183449929449
-0.001114845377806862,0.00466134027735898,-0.005081197373320443,0.3557430032978023,0.8822151736537128,0.007238209866138395,0.49294482228284303,0.007558192504086889,-0.009685271664829284
-0.0024752483344150536,0.0013318207014701507,-0.002178366022911952,0.031046342527523522,-0.0006346297149119537,0.5743248351028607,0.00017887477414887986,0.013789154904630006,-0.0006872852126852264
0.7104494181602098,-0.005917312010621599,-0.0016033730732360682,-0.0016083066901688607,-0.0009322759102560214,-0.012270129578464852,-0.0022417114297201435,-0.030285311297296384,-0.00389861424027136
-0.005417920816980629,-0.004499454502871293,0.017034213783006662,-0.00045124539784631434,-4.053051402646573,0.006588730986502235,-1.008084832526311,0.005661623896108664,0.41266262438526624
0.0063205126207670475,-0.005129583851871844,-1.0742379998531792,-0.000362472779685691,0.002737946566047297,0.0007997102699060154,-0.0008723515635473706,-0.006322684818876476,-0.07204672372189486
-0.0056202354468722,0.020611265701880987,-0.002187831595213817,0.011376558687309649,0.004629322867747032,0.20343857400937718,0.001094727322171327,6.52074667759574,-0.0038231252467954696
-0.006825152822566764,0.051233263173836883,0.006716111064431747,-0.216778052349312,0.01039551041978699,0.000950687903783978,0.04602651593454273,1.7593209798850085,0.0069504102058339096
4.496143747565724,-0.0005247284510864181,0.0017316591648163376,-0.004419694026321091,-0.001966831597006634,-0.024937339378320756,-0.0025413750577158445,-0.03539659315157476,0.0052511172053821276
0.5491937354182653,-0.6694451169284842,-0.0023895685157311834,-0.0016489503669878086,0.0038390279449259934,-0.0007498399909876049,-0.02203102426199501,-0.13050244797995114,-0.006031494267888016
-0.001389462690732436,0.00842726433554908,-0.0030321499935196724,0.010321663990419953,0.4735709843243323,0.002666162750739362,0.005625050015527963,0.008274514640221983,-0.0025091056437389105
-0.004045796682034239,-0.0011974349364499825,0.012240748756341135,7.172573166156762e-05,-0.0012889721689617656,0.020155657316529366,-0.0029372899161249867,0.004825353876771604,3.6912498829221017
-0.0043619294824554485,-0.0002661563931193959,0.01899880039646189,-0.0011522351696425337,-0.008492111748528944,0.003396487376578567,-0.0046794033449910994,0.004324913690391479,0.02278966507288957
0.48101660730965823,-0.0020969317826836998,0.00019129909914217345,-0.00085159230553724,0.01852709552472878,-0.007556542897346206,-0.003997416194941596,-0.01790573113712391,-0.01680198509336997
-0.0013668498981342125,-1.5382387469944068,0.0033550175249581204,-0.17206648119522933,-0.012973282919568709,-0.0018086146702445479,-0.003834424773316825,-0.00047686483375461745,0.007524354246024477
-0.8829083582855175,1.9226517037150048,0.006834768873881937,-0.7365168740364098,-0.008200219094126673,-6.0332017397353704e-05,-0.004552758101853085,0.0062706302208174,0.08697733297427845
0.5033769506912478,-0.0044032570545958286,-0.006212629736765,-0.00038697842711069437,-0.002187489093068978,-0.004231002000108557,0.0015482547226656615,-0.02826503099209174,-0.030042373253629115
2.597986282207457,-0.0012026776640981923,0.0015221665644986893,0.030775870724808863,0.005149135876114909,-0.006987432484828998,2.8827443415479506,-0.01839960162934795,-1.28368593327232
1.6407037253586054,0.0058562717801550835,0.0025681704178799197,-0.9843034542786391,0.16304265365807957,-0.009151374061339472,-0.004823751083382493,-0.03447400216991292,-0.02589209294648026
-1.7893197157689171,0.0016663313191022115,0.003550978614372067,1.2255788736636988,0.003557119798457204,0.3271353198061543,0.0030533930003117625,0.0710853755008274,-0.004888791817072746
2.496264152198907,-0.0003924725061731952,-0.0007730068191198342,-0.007305904613330085,0.00032472647570842145,0.0008018344438682976,0.00027054571069885097,-0.007208755583568049,0.002127480564202977
0.04699992272055357,-0.055844528800363336,0.0006097692961344364,-0.00218701909058419,-0.0006025226032251722,-0.028528208743671974,0.007863246722341065,-0.7474581449111433,-0.00978908757486759
-1.126529964987476,0.00011779193654507631,-0.0007596573029856335,-0.002266578368158776,-0.0043450356280936,0.013748401498392631,-0.0014322018677770873,0.03332330202154079,0.035456454886032246
-0.00010632196823163673,-0.0036127124015434176,0.0022887201515599206,0.001672202964567152,-0.0014464058088408157,0.00026057129923044844,0.010385669583717562,0.0018107976664274758,6.180949858129592e-05
-1.5923256691731762,-0.005672855877553409,0.003883058918910609,-0.000835462104710985,-0.005907234979945351,0.03535367973744272,-0.016081724231191002,0.007640501447922221,4.062704871945822
0.0005313267110461841,-0.009804847849891135,0.002356683562592677,-0.0013194065245981943,-1.1246852814789146,-0.00019132182884632008,-0.004351519774724734,-0.002213079765766462,0.011900219273841717
0.007121085797911642,-0.0022169966722671453,-0.0010487984343801535,-0.0016167546428515252,1.9239860662316168,-0.042532390820214226,-0.010939492137184568,-0.030119262687746274,-0.018291505632121063
-0.008073822527075981,0.023036945595642202,0.002531291261137089,1.3811849086307444,-0.0011912892610841889,0.0024920191930453708,0.0036459514010581742,0.21122751256856173,0.008271586768674104
-0.0013186290490156596,0.05323045006784289,-0.9470979125467155,-0.01333648301896286,-1.0982812784908038,-0.0020218403868232067,-0.003873015529031259,0.0009602068160200947,0.007372601880577404
0.007885266908137966,-0.015085304050813944,-0.008548673797075712,0.003022992309407526,-0.004170291949599645,-0.29841313659870117,1.5578527747572481,-0.009673532255093447,-0.012379448040443886
-3.868919741817458,0.008265097621316612,-0.0003866786625900606,-0.0013268479508251711,0.005358471115831008,0.0022187822391845657,0.010982075310335078,0.010681247156352979,0.011657794763526796
-0.0010845390618529833,0.00019332757485385535,0.3432566712022044,-0.0012151757518837083,0.003327310121707958,0.2882395613238715,0.014404737623748188,0.002806542521563996,0.0019015331826486154
0.001944509236236399,-0.9838773280486366,0.0010293388376940399,-0.06386454352173189,-0.37498304006335265,-0.006534850208225114,-0.10960837712064658,-0.682228918966131,0.005824132731819535
-1.53852894347028,-0.004770130556566082,-0.0007766817328214576,0.004034905212845552,-1.3856818242613054,1.4452798166183396,-0.0017596773052282414,0.12137426977798282,0.018234469274645893
-0.0011653003186578273,0.34810048896921714,-0.01998552088497357,0.7503473725901064,0.001187275463817387,0.0026144757776634144,0.007629354932040193,0.020543192798965836,-0.0016411132717141764
-0.009448930539590695,0.9274495840054583,0.00214568274733488,0.005940116721959114,0.0005647557481981511,0.01421208669723684,-0.0009386933252373839,1.9525927092247393,0.0023886893345169274
-0.002096695404399036,-0.005947786816251105,0.6433104440657734,-0.005288284919453906,-0.04381076856744231,0.0005288802959683781,-0.6839081584933682,0.0002964558274961473,0.7887619714515177
5.393326345432014e-05,-0.0036384548121213634,0.009158410896085576,-0.004673887590402825,-0.34001042505946655,-0.0015315240283323732,-0.00656816248736717,-0.0046142994039607005,0.006367853744735016
0.029876037712555023,-0.003563502034386821,-0.004160563147337662,-0.04551539664561019,0.0037787918834966475,-1.5233391263979978,-2.2676845203059237,-0.7981932841379905,-0.007013005027711908
-2.2822325354507322,0.013525162576239832,-0.001052170007845795,0.0008522357479745634,0.005204445831698264,-1.3601119362616352,-0.0006682156562381435,0.013399149697066211,-0.0012038924240709015
-0.005790727760081424,-0.0002939050413383378,0.009631183602032835,-0.011052043449708546,-0.010180494875044514,0.02000443285205608,-0.0014926366186284582,0.003314824494646554,5.797662608350611
0.0012417858074624385,-0.014543261726420719,0.6337188795004767,-0.0033657649072055826,-0.004065914729170211,-0.004951069296777706,-0.009067317708089944,-1.8581367688614405,0.0021108205901389197
-0.0024160593649207064,1.7167135679754786,-0.008188380570677127,0.0028306863843525027,-0.0022977384424006115,0.0013004595463162875,-0.001217620621272687,0.01709015816670918,0.0013330132364691785
-0.007082605178323681,-0.0008635334707693433,0.002703389967340146,-0.009550563679076404,-0.01979375769690167,1.548523547287635,-0.006130540286680128,0.008453644719409188,4.407260875241222
-0.24709875284836558,0.004160556213279987,-0.001740243347975649,0.015659127254665693,-1.2855763375459364,1.4906393948833534,0.06985766241306289,0.23957003574469993,0.00043494579646327636
-0.0020155974724458178,-0.0093923154552527,0.006151899308549815,-0.004207504313501375,-0.48703712043905906,1.9479613906025484,-0.003154447246193893,-0.004837174407350104,0.013893509938177201
0.001275455799929666,-0.01882326526774561,0.0008158225328538573,-0.008871555842705112,-0.015367633675054563,-0.0022627097800863066,-0.013620306352364829,-0.00796008803756979,0.003251277733413366
-0.0174498441894911,-0.001821323375549278,0.00632345846365721,0.011226153353109645,-0.004894185499734946,1.3860373288372234,-0.0020156418357656094,0.027653888736572006,0.010343900114858383
4.1534363128316905,9.080627134841479e-05,0.0009074323009414728,0.007842475857594844,1.2260476300188436,-0.022084169133730874,0.0017608973691615095,0.002317727446757345,-0.01447665488025418
-0.008259747943902405,0.0015597293176071157,0.0020526189227693184,0.0013911995585147363,-9.807675745152067e-05,0.17895006316808434,-0.001817474768622897,4.526719031871403,0.004573079445099007
0.0010357701808500802,-0.04600988196557561,0.005480621535007172,-0.02090777173042411,-0.49417179894845054,-0.0012240767249013461,-0.003869200754324875,-0.00537506834751813,0.006257763821058918
0.0021415335031668356,-0.14166572572573205,1.4061105896011594,-0.08453792837297011,-1.5702364568163691,-0.0015200338424920835,-0.01133408576517031,-0.005277676296977667,0.48245602257223386
0.005590007817182014,-0.002031513064553429,-0.0020223376329302194,-0.0030237909907507867,0.0030361187041042736,-0.012566991857890309,0.008629005298780267,-0.012434040903171873,-0.014082889247600736
0.0013237295810320632,-0.003043379565880726,0.0009205998440691244,-0.005099665939006306,-0.0025393272415113826,-0.002938948480631501,-0.9943798701529624,-0.0072432133375721405,-0.00013635909084707895
-0.027642012130009302,0.00422017396745245,1.1479103727983593,0.005239905413024751,-0.007569659918861194,0.002075727010282802,0.002820122172663112,0.015555679020196639,0.02043573039214938
-1.0265401267449863,-0.0009058483672398591,-0.003992389407134936,-0.001725676257113807,-0.01677361851118972,0.0045213826464631235,-0.006285305049062024,0.013755416102541142,0.17992701179349346
-0.003304823461992193,-0.004401620133810477,1.092103145905885,-0.6119486471059102,-0.010426193169620313,0.003137923442199604,-0.005895433747111371,0.0011381428063664545,3.3176157291412354
0.001622868994170439,0.006213405457986916,-0.00939173547922743,0.000998201176461714,0.0005635712522468576,2.298015775670741,1.1532850787359399,-0.004890019780238366,-0.03743917156519724
-6.425171183330192e-05,0.0005976681647405276,0.02280572848337977,-1.3265146620602102,2.9980887135681114,-0.931444400433078,8.844389591324844e-05,-0.010203818397889544,0.005372359526748194
-0.40460415441632813,0.46985976290605375,0.025112604129599952,-0.0006946854912961171,0.004262322404144784,-8.663989880764543e-05,-0.005320476009224254,0.009506838142936295,0.011103269484089386
-0.008473925086232521,-0.0018326640849774115,0.0027095856586902573,0.001558961518387384,-0.005766927886347391,0.946672625846027,-0.0919271708556442,0.014071916293938261,0.013327843662984472
-0.04937200216161064,0.02734164984887768,0.0005295420033548867,-1.3516851184792693,-0.006306018343794097,0.006868734976106683,-2.3144728420941876,0.03060159878377032,0.35946744884512616
1.208374153757053,-0.002366615480460077,-0.00045831579724440324,-2.508962181246242,0.0020109142676037264,2.7790067409055594,0.0023293998457781413,-0.03371446590974229,-0.028028901388779448
-0.6858079231528915,-0.005403780915712961,0.005616241451524362,0.001226274347530934,-0.10248774723052084,0.01018545397506716,-0.25438739518828557,0.009770474985260215,5.388108171044877
0.0010628873127653828,-0.014634149850506524,0.007877266779702035,-0.0014511387325787085,-0.0011244816719396652,-0.00060093692957551,0.00244532939727223,-0.0039276271592315745,-0.001235404713802128
0.0030570293303468533,-0.008262397087382812,0.001344851416478346,-0.5286579164705638,-0.008944395533759765,-1.457843239030501,-0.004579336216186783,-2.032343130268075,0.005196972044748532
-1.822915678838814,1.672500286455289,0.001918666708910985,-1.1330340114794897,-0.001164337226300903,0.006307787538772385,-0.004015490067962403,0.011812430327700315,0.019059632480013522
-1.337120597698047,-0.001118883630323888,0.002230904112319536,0.0018355307178485741,-0.8283609489865038,-0.0004593938263249397,0.0024138128721296354,0.019426380337581622,0.0218927589602112
-0.0021450418722029282,-0.001071583436230282,0.006610815256360284,-0.03172704458477224,-1.8734967310443582,-1.5889299341939371,-0.009712743993661496,-0.0005265523496440633,3.2397926894144806
0.0037051778008125313,-0.002702656152275375,-0.007112813482269644,0.008353613379653542,0.3568076154201475,0.0037604822733326767,0.6409919486902139,-0.0006590931121445986,-1.3309712168902443
-0.00353475483775105,0.003328114677209174,-0.35002261080944275,-3.348889608645426,-2.7401860281512955,0.11267285613659006,-0.004806944428308445,0.018304038906955894,0.01964009504137204
-0.08608981350149486,0.02510669591530601,-0.004075210026960898,0.005168043319686996,0.001820581571180169,0.0052912721034958626,-2.2426077389307073,4.565290459221248,0.008719944092593912
-0.9371185524402508,0.0016777980362352434,0.0034234395473230015,-0.0006450839183630673,-0.681317140456059,-0.0038134548825923915,-0.001960003166376606,0.0066045314436053056,0.2431858248378942
-0.06155752755284204,0.0018524318155841348,0.008135396645579362,-0.0023504639460743422,-0.0012774536567819548,0.8132948281231359,-0.006264395952271068,1.418215467205175,0.022590203821309884
-3.797713976709608,0.004392320053206566,-0.0013842637296087035,0.0004766608968627998,2.4269600732935992e-05,-1.222994535325327,0.0005608319786294148,0.0024822012619004205,0.0014177794286684975
-0.00760317822426679,0.0020262096611930753,0.003605709592808583,0.00031211558303503623,-0.003975419187859344,0.14033989403786448,-0.0017600860386690852,0.011851681516157148,0.021888043389940815
-0.0035360154998090206,-0.0026802106170214952,0.08899808749172697,-0.000622849590156168,-0.004481775128142988,0.0006819738543601649,-0.02006487895912365,0.0010847773531426387,2.483510744687022
0.002315693039648499,-1.2781475720843642,0.0023026405607209713,-0.009341267890470382,0.0010124923920806893,-0.0018048188337729933,-0.005620377719222414,-0.0211415978150199,0.0008262591968093078
0.3367015601319334,-0.01093851760796391,0.002992209104532347,0.018121120648263156,2.193499231398694,-0.00563823334312262,0.012201944094068759,-0.26411567417908466,-7.051260430183653
1.9002277595540438,0.029608145243375225,-0.000859112394989224,-0.006377572235656528,0.004576649455783777,-0.008297392578870931,-0.00037475767654273663,-0.04842466663459352,-0.01576209398367487
-0.02344033364494824,-0.0004386204735833711,2.070552555649282,0.0010970004668635243,-0.02619586020695433,0.0014128351497477987,-0.0055175702329724775,0.014956054631508592,5.7553288783602525
-0.00938161498149541,1.0567478041323652,0.00832188915622219,0.007109520802415718,0.2850343085285525,0.001320553343354694,0.876126322675371,0.5763394323727665,0.0020309492850012975
-0.0028942353805921227,-0.0006467384207069942,0.0030979314516466003,0.002068494141904067,-0.001891404158488907,3.140422044920304,0.005913226281651626,0.017479069053014572,0.001390622879954423
0.0013117181826177438,0.00493188532743612,-0.09338640664336534,0.0008280674213243747,0.0045781202066040505,0.0017859891086313227,1.647480407714926,0.0009799773005584773,-2.3027215960161094
-0.0046400618718200155,0.010812377578761865,-1.1694619012480867,0.012866130772583051,0.2781844469600478,0.01240117181693446,-4.801514910001466e-05,0.0203854806265085,0.005979990276112006
0.015772497882352066,-1.2206441301825963,-0.003310487836783331,-0.010518765289185989,0.0037448140316422678,-2.3306028993560743,-0.024820099496423075,-0.2049507823413029,-0.0028212798799082117
0.0010395576413781652,0.0011474892414193461,-0.0019818074831307567,0.3513923847687609,0.008416703747784804,1.322297437129689,0.3259005442674301,0.008183862596373813,-0.015392558043772098
-0.004513397979788533,0.04237883130573579,-0.04077295877669246,0.5329795261670099,-0.0008730073338081548,0.0010565524783451472,0.0028678606791031434,0.5756131233096754,0.002102537280562449
0.7589496286883727,0.0013844961106341525,-0.006070683718339872,-0.004352150351454356,3.0205551531180264e-05,-0.008584352195477225,0.0006752844511502898,-0.1845194859048495,-0.010056839932264722
-0.3145488291587892,0.03296451087387494,0.003769858435259665,0.0021398851861687902,0.011182562580690749,0.0343574327484556,-0.014572892978350765,0.022328772939144054,0.006762345470215252
-0.005165499437941967,0.0005155126905814697,0.00022125545010681733,0.0015130952537764446,-0.0029221479981968185,1.3236977604817097,-0.4475212057583424,0.007796354298926828,0.00942494246334645
0.002213337004711443,0.004790649381870016,-0.7187925142882761,-0.0007030662284347631,0.010945696419829338,0.0001021861025527007,0.0017909157571369832,-0.00180828398135284,-0.019233826122149744
1.088659386760331,-1.1237582200966356,0.0008160516164001791,-0.002515060996568186,0.0008774758189082875,-0.02393034233063708,-0.005263695169061457,-1.122852342292218,-0.002933528059911761
-0.002898960559675804,0.024366888506117946,-0.5636805253758659,-0.000368870699979579,-0.0012497638676823306,1.7922257985374979,0.0026731867552536527,0.017465970374691733,-0.00016798866554221248
0.010997938719737893,-0.808649929526192,-0.001169722695804404,-0.6451418316350116,0.0010071219747147774,-0.0065766265006061975,0.001465597377590144,-1.321162134979559,-0.004854398538216224
-0.0015673044562793752,-0.0010342711338702977,0.014442826135183464,-0.00925704789980686,-0.44895246183859117,0.000955188637076342,-0.007588941927569678,-0.0011421044530733543,0.06953380873204437
0.19160366800566356,-1.096357344767389,-0.002819480973002348,-0.0005621126763429643,0.003357348188876839,-0.010865997552426964,0.004341663790366958,-1.1768588951764387,-0.014566970202686443
0.006372739897429151,0.006867866602200326,-0.08869322084751902,1.3813763194308093,0.009050239064431805,-0.6549299627840709,0.015625017456191548,-0.006093778838661811,-0.06760835122932898
-0.0191019328515035,0.14753607653959844,0.001552551233861896,0.004430731958403092,0.0005408798399804994,0.0020729387499240693,0.007557143865565981,2.0919277637013263,0.0013836108913015434
-1.564580331737566,0.3294541369300694,-0.00312879132004851,-0.005923746706454583,-0.0010719069524612879,0.004014406409050427,3.1899576876775324,0.22765559458001194,0.012965306568261822
-0.0019367247058101808,0.00617295522373773,-0.0007656600025632827,0.46144516442416883,0.005002551558453516,0.004951914222685036,0.3217953011902873,0.034598988696229224,-0.0016723604495831055
-0.16303342852806846,0.004797831676954738,1.3859816740479722,0.0038672980929139377,-0.001346185696104129,0.03324339233034922,-0.006214664112260936,0.025670625702998363,0.0877335716703857
-0.0655725724168588,0.001158569780977228,0.007001426486128532,0.00313724970363084,-0.0021605803651999354,0.017440567779746854,-0.012206004862402649,0.017249146029236842,2.4631006072133004
-1.2993862596986459,0.0006967544918156932,0.004370248278488837,-0.003220488743586422,-0.969628115474101,-0.0006852663383124652,-0.0025484600948960656,0.0038248182151587456,1.6392319719972974
0.000556443158660623,-0.002897007319735645,0.0015080926967665272,-3.1843993797453063,-0.6699537091472998,-1.453150550318544,0.001809382169643381,-0.014099431256048539,0.0027680235883493637
1.5009152102894605,-0.0006466278088293254,0.00036181929430095447,-0.0005832367832170424,0.0020049989284467475,-0.014541631383941938,0.000442739113913437,-0.010872789211827586,-0.006674886877497899
1.0247673578936665,0.0038857578671996906,-0.004311108086016879,0.00477284901960312,0.1237556779044458,-0.21580261425804084,-0.003913644914019507,-0.023078287005513204,-5.215743418189675
-0.006207260989580935,0.0023273141445254927,-0.00908064664496773,0.003962221019007999,-0.13591358056751413,1.6813051097176153,0.05645231234308937,0.025719533718499832,0.0004295751327389463
-0.006232771386332998,0.0008965125760674771,0.006066126477968967,-0.0016836764346317271,-0.0036119994310566173,0.003161210459346399,0.0017505111911345636,0.007237702239417415,3.4862905144693057
-1.0303779123690773,-0.001141470691798373,0.006907549068744384,-0.0022397818353892367,-0.008528740624299931,-0.002515834768681121,-0.017050309000344585,-0.0015077746704008415,0.07420216916610839
0.005065910786948808,-0.008710203360076699,-0.02160077954090047,0.0022192579914841306,-0.20609527264808042,-3.18293086056567,0.3114047318960953,-0.003291682036148969,-0.001853898585569752
-3.3860977808873756,-0.6511490328911558,0.0006844246508213025,0.039961028172002644,-1.726670078923708,0.006497055184601128,0.007320130042969761,0.1517422500497252,-0.003236662314041183
0.001992213818882045,0.001779534099182318,-0.031287609637411326,0.5337706861216246,1.1232535143749027,0.0024512408722011762,0.006649898643176805,0.0006658499622487699,-0.1431565588628655
-0.05609755100323099,0.6107495170558426,-0.0004376424235862635,-0.0012746873536722666,-0.0034530449765870783,0.5684682673616455,-0.009597260445713069,0.9786665680954523,0.02803433232154867
0.0006605666401608493,0.0018636415636179623,0.0017793775361811693,0.1325944942245189,0.9511842659548007,-1.2141559584692363,0.9593355079711552,0.0034792083723727846,-0.02159600352393659
-1.1094365948884959,0.004488886457671114,0.0886447999096928,-0.00029751753420086124,0.8589466555432761,0.00202438457091281,-1.4670780092768236,0.011075255916122136,0.03650367291520629
0.00044569076427493576,0.006545605515791702,-0.027142224217588887,0.0012236790075029272,0.25795521485018574,0.0037908524650698966,0.35613575656630025,0.002385806577840905,-0.017977100357995872
0.003666344429394029,-0.5783561009654556,0.7662289617298477,-0.021513567278508318,-2.227284187367109,-0.0016061042231184132,0.06379786627767707,-0.009107563196235166,-0.0013787809333852263
-0.0020909732033175376,0.003802819519189436,-0.0025866431856297577,0.005323575548828341,0.003001384977132957,0.005306042576342543,1.267427160886655,2.9102688805339882,-0.0007366009823412956
-3.113601262182661,0.03818996365947304,-0.18332723004968443,0.0022107399626553736,0.0054411308450837415,0.016304966344546114,0.0032054144264676877,0.17889983911578825,-0.006056550422852858
-0.02426203581461584,0.9005674242594273,0.002935722353493097,0.0013619550200711823,-0.005822488938932193,0.009615514795653809,1.9551286941176982,0.5661534349998415,0.015765970219510844
0.7829856724468862,-0.0020862029795855087,0.0047021702775877855,-0.003288431040252629,0.0033202107877422886,-0.029136943737994962,0.00027533655922259634,-0.054560924401242106,-2.882961319286748
-0.000551994179760415,0.6813126983244444,-0.9228741321572795,-0.0104986641234284,-0.00309229707728468,-0.0003845754855522289,0.0011735358174837967,0.0012220140777442611,0.003627690515128407
-0.003041430514243367,0.002407039010411017,0.0014804627110450042,0.006758367474869903,0.0031780702296861398,1.4694947858752017,0.008943649588916261,0.25423106783704785,-0.0027417472747574
-2.3797725607832656,0.00104067662022133,-0.0018005834447117099,0.0027826389471107375,0.002358570699165962,0.051624564400351985,-0.8779313692707318,0.02479922226666824,0.007218715788172347
-3.295422903203468,0.00027901760201166437,0.005507171730959465,-0.005780836830643302,4.935243039005943e-05,-3.1215301662289354,-0.004542730014161105,0.0016424132759065404,0.028329603953529847
-1.1644384709265811,1.2940046600623967,0.01038871139366693,0.005722907278053699,0.008195859027085202,0.0007799424324170164,0.3748894219482138,0.05416349744900293,0.002550892334749505
-0.006611313199211266,0.005760053471896098,-0.0008363303786110277,-5.0361581758301375,-0.0002273875974385317,0.8094822191598958,-0.34354222375857524,0.025597711553103503,0.017680466869747002
-0.08260035459575353,0.8322834398755485,-0.01335502290572129,0.005667319012812154,-0.0013143172441287508,0.011753443676172117,-0.5912618086299704,4.444568362902331,0.009218876595357056
0.22919079163247424,-0.002180946474548695,0.0013386047535895642,-0.0008018994304790691,1.7632741257538076,-0.019563301235543142,-0.9397095114010888,-2.057676005338426,-0.040786333831432486
-0.42840124945672925,-0.002681171677536639,0.016903643075181444,0.0010319556079909364,-0.007010108754056396,0.02290312992549498,-0.003656948792697472,0.008110100567874343,0.03580632383757165
0.2095061825776483,0.0006961223770111866,-0.0035478284328809215,-0.002923770926487517,0.01238138511078836,-1.561400306640314,0.004000897267609204,-0.02915079728598208,-0.020590773947416763
0.41187975589986836,-0.0036403396001129344,-0.006390903762946145,0.0013726300792102596,0.004940581084045638,-0.0010270696810241505,0.00989743435250734,-0.004911061439279475,-4.424742723901155
0.04141509839626901,-0.016743508281778532,0.017572171458778672,0.003198963164543603,0.017027658228877827,-0.9349061669688266,0.0020033834507915474,-0.030944709444615408,-0.06647902352066157
0.027374569960612757,-0.003309570138698161,-0.002789531197524523,-0.001531417875409931,0.002248361186084595,-0.0036590440900971903,0.0014078581041017677,-0.017477855664818548,-2.193153806517706
0.0019833391492567955,-0.011791454547396463,0.002822127380270865,-0.7598787955682289,-0.0015938731005131872,-0.002920598531448216,-0.003974095610872931,-0.024410355329890242,0.0005472727742217704
0.0012015999049424153,-0.0017445969137630797,0.0006110429364477952,-0.0058796541376133415,-0.00013958193527187183,-1.9649039696630377,-0.3991974470095672,-0.012069864212865024,0.006734401294973297
0.001530848231373658,-0.004068223534061241,-0.0016469330789212766,-0.0027285463035235215,-0.0029508752153691318,-0.0013908356528880247,-0.001000859437106982,-0.006261993238061075,-0.0015242097939995555
-0.4941146394648598,0.00040384435596046053,0.011177940389371989,0.0017938892175405673,-0.00183913410176094,0.03332569871437853,-0.0005334898748999835,0.026345803005296944,0.005409390747200919
2.2993178832977588,-0.0002688728604979063,-0.003536426786155039,0.05535123361059921,0.0015692186332912778,-0.0008193329868966229,0.0022788736692083734,-0.006445441878224149,-0.05133634757514405
0.11026841949668972,-0.8963243296456195,-0.004290564707700553,1.2024364472085896,-0.0005800621962050063,-0.024216206881852928,0.00836472967980784,-0.3590262475612299,-0.8316896067486166
-0.16785246105513227,0.013716814889404648,-0.5615774606419387,0.008073542308140773,-0.7254376101320648,0.010681956509572935,0.0025268608025596937,0.057258727706564684,0.016341786473734743
0.0008665461262497148,-0.0008030797403071675,-0.0015156146150075806,0.004431281921920105,0.0003684715063015315,1.0618854928530135,0.008684543588092309,0.002003364705657106,-3.4829423093217065
-0.011573149837393841,0.010462025607185505,0.0006960937370422175,0.005547436806442446,-0.0011080861815145732,0.00810338800234549,-0.002541738304107434,0.03455555864127249,0.012555572989447341
0.9619434546994391,-0.0020788317021172556,-0.0013156565433251263,-0.0027798024613447294,-0.0007651972671763978,-0.021362202644703024,-0.0032378629072861258,-0.073770135085872,-0.005635986112745239
0.4776930706804744,-0.001570141876464158,-0.004771292648790681,-0.022853482676785476,0.0005628622685750857,-0.003278255687241192,0.7103354208508021,-0.042110510577768955,-0.013127974165296027
-0.0031880199037873282,0.0003641978749675608,0.012544762091317847,-0.00027505667454735187,-0.32828774021128343,0.0007784120508325131,0.002696756953613552,0.0026556607287212403,0.015013683732898936
0.021341586604876055,-0.0019799464763476902,-0.005747900634363638,0.006290551536377204,0.005313110631327258,-1.6278367760948889,0.11278333115234418,-0.009502926084899416,-0.04672627525848316
0.003438162613441924,7.70203115447619e-07,-0.006171582068990162,0.0006885981811564782,0.6278213318763617,0.0014993234656031258,0.038848975414544885,-0.002253686764699503,-1.8059617523311027
1.7864295078425787,-0.0038458380182624756,-0.0005686726184643796,0.007543204869346162,0.006449172159770471,0.0012450014958611134,0.7207057191906513,0.009305214786541768,-0.03705266836993437
0.04592368258568935,-0.005810796542347573,0.004455161764550771,-0.0033382774349795426,0.0013830455836782458,-0.26258095781456103,0.2011060243029808,-0.05863289413977363,-4.757951748811924
-1.379728029325142,8.347183122277974e-05,0.0004456776000437545,-0.0033769131597514435,-0.9436416229847854,0.003588008544398825,-0.01177489607368052,0.007434714365261469,1.0930970640382824
-0.000518846178802787,0.006705854637640075,-0.011103657752417753,0.01606820807384925,0.2504459875540725,0.001320272569729102,-0.00480977715718961,0.004140755813500677,-0.002959692805459219
0.00798774226328576,-0.00735963707412054,0.0003863831533222756,0.5875003259194522,0.0011410468138973477,-0.0046330751936248665,0.006155125976356868,-0.0087651188866706,-3.7963993671996237
-0.0035727264527177917,0.01445809124559793,-0.006818336467306004,0.04013414837654918,0.006159372732622405,1.6699423874509984,-0.0009482927893815301,0.06742109499483771,-0.0023599504197709953
-1.2920248210567005,0.009044300980554696,-0.0014703251632612324,0.006232027687514633,0.0014645428151063358,1.1038220258754379,0.007077361444899909,1.8739288005666093,-0.004840897362039132
-0.0006931721621203594,0.014350071766728593,-0.004529080562513651,0.9004872293714854,0.7555230325017493,1.7636940877908707,0.04744891977760026,0.06527359081201695,-0.033050719390750244
1.6678405655321624,-0.0041199565844708234,-0.001050611956881664,-0.8638723810279543,-0.0035603668693837617,-0.00370798275839033,-0.06461141518043584,-0.07579020222994398,-0.006202570756349363
-4.784875074621382,0.8579096041286423,-0.05001832071674572,0.008535143323450333,0.028879469164003357,0.018167032269128656,-0.014668613655713009,0.05683408879308691,-0.010851903644509941
-0.2164291306720112,0.0035643019910653606,2.0158536544097285,0.0022281489782351276,-0.0016234224591780873,0.6498021654533123,-0.781717292951538,0.0287452873936812,0.03570374602878401
1.2889721280645072,-0.0017317106700866242,0.03945560342241602,-1.36093353249702,0.010212881851078348,-0.003850893327422052,0.0005072479719828364,-0.09016845828752175,-0.01556892957559694
-0.0096897180329244,0.0022103278184617573,-0.003483501216914653,0.010237182172613405,-0.006023861319530683,0.0007408631503597927,0.0020656461961009536,3.230109665195223,0.0026343814814964728
-0.001495774398947979,0.01906839208881231,-0.004049652331933105,0.021929232996308598,0.13346393340395066,0.5701710888011216,0.01312294549069038,0.044146772739034716,-0.006899935098148858
-0.011565635633345268,0.0036374115861806306,0.006356741763147796,0.0001709414703416155,-0.0001879392174157458,0.00017312664289761357,-0.00015469011203387732,2.3353942779155785,0.002374838544706149
0.5415999674089145,-0.013255165790405138,0.0004781879772552816,0.0019534865734421327,0.0017598154835299197,-0.007381676184319119,0.010966966627490204,-0.01138768791587137,-0.020860591312149734
-1.9839920636435522,-0.011196199599468711,0.006285370286118697,0.0022670380295973236,-0.0027809052566481404,0.003055534512657037,-2.2531084632217147e-07,0.006243594070798979,0.014626703267757613
-0.0032494590872344103,-0.015002513914600071,0.07067010204496645,-0.00029221958612082183,-0.010979949539437506,0.002275128628729764,-0.005729055672958264,0.000675384964930914,3.933719684369731
0.01811340390115668,-1.2171534946804874,0.013755724357194313,-0.010559811594640534,0.9155572237940379,-2.2494518029171657,-1.9336172428427736,-0.6098028367554489,0.0035288745536580512
-1.6149212309489354,-0.0009338764241688807,0.0010391862649551317,-1.2738800189098978,-1.181614150426959,1.591049466664458,-0.006006375942301497,0.017091300650369734,1.189143659296061
-1.123910607096246,0.35722065549965515,0.003749385670649188,-0.002220670678897798,0.02708054208545605,0.016896622748081683,-0.002124314109845926,0.015526784452740309,0.005160994592518273
-0.033856750464096516,0.0038523738436685114,0.0011564674042114412,0.00299678463261401,-0.0027649495146405707,0.005579659075374967,0.00325309885953347,0.019926826141796153,2.504153174668849
-0.006899868571282023,0.008094122504680848,0.0017461100172128689,0.007898996643702503,-0.0013833421564802312,0.004656523518155617,0.003887104323524581,0.022289600998370275,0.004553045675191944
0.01230210071168626,-0.00800322648627619,-0.008558682144077328,0.0038355275580894094,0.003850298668169695,-3.335878302908711,0.005373332023317181,-0.004715887593471416,-0.01479001606305011
7.469881312676882e-05,-0.0008405666094085636,0.00043066348760120016,-0.0024035516472565056,-1.1415112452466927,-0.0008199270054819142,-0.0012799631604684556,-0.0019801107503746545,0.0037286953438789086
-2.271809884460911,0.0005248408131312172,0.0007327465466242106,-0.0023307343057767764,-0.7837336484261213,0.002896259601777487,0.0003847129689728392,-0.0017320398141515425,0.01793210022236713
-0.0021932791304968497,0.005675505030473816,0.0008059121993835283,0.008050024592258537,1.5360413146589058,0.0012059871526767822,0.004845316205805143,0.0070479917536650635,0.0018005470057689266
-5.283276684458238,-3.562259612135965e-05,-0.8089305548924273,-0.7274609345073948,-0.00569697597490304,0.011568032687747684,0.001772489251576935,0.05137586909104419,0.041065953064048255
2.6422558533018203,1.8746837413811945e-05,0.004288387222965463,-0.0012765891843099786,1.215133779012255,-0.011519977428450727,5.759228329809199e-05,-0.015798439366384837,-0.013766114434266341
-0.7345580510930094,0.00822139812158619,-1.6384589754100851,0.0007599351546051566,-0.011363634212706527,0.002908803583381823,0.0009856863307149235,0.05633467366993307,0.01838180823693128
2.721121110822864,-0.4890460846662399,0.11416130685994319,-0.00516557149697786,-0.0009523349565250944,-0.004223700319599026,-0.006009892802252396,-0.09056857961268973,0.009310867964537728
2.4247601652719397,0.33837712657994357,-1.194213792279466,-0.06139811931080623,-0.0006521802811411889,-0.005501396545295545,-0.06431054861905346,-0.0431420569473015,0.010423744113884803
-1.545702187845929,0.00399549887061432,-0.0007436478795971348,-0.0020099354884367364,-0.0010114571094151682,0.008489198434696789,-1.6076210908458184,0.013019842151276939,0.04589464117398856
1.8354594249423126,-0.005955183548553465,-0.28127276231995546,0.9415433899506715,-2.301220030298602,0.003408717357449402,0.17634214035820037,-0.00043167559622133095,-0.08849481030226902
-0.0003226114673471221,0.17918612720182214,-0.025863664270545934,0.00908661194021543,0.04202567799372734,0.7200195342035592,0.04450336542094097,0.09880803485170833,-0.008039673939831661
1.1414234608835732,-0.006878812453459938,-0.00021286476062003234,0.002910311689272343,1.0764386144161302,-0.0011284753938171025,0.01207842697141822,0.002292428368229564,-0.029245319522616442
-1.2071882559420024,0.0012807320743151085,-0.0037898439330455724,0.007082404297926817,-0.0034829704468550826,0.01916129514903688,0.0013533877662962567,3.0998175219497726,0.005669031801556951
0.0067457510047692765,-0.043471152126599084,-0.0016978504037640986,-0.009869043241739858,-1.4852043827584316,-0.005583586795146276,0.013450701335299641,-0.01688640857055048,-0.011384973329822821
-3.1061079788136627,-0.0032143781365179,0.15056081773015162,-0.0001561979366350606,0.005999759794006042,-0.005188666096398262,-0.028814522044523505,0.012918372630833369,0.014845668995834838
2.349713342119328,0.057255285425886315,-0.003608924905792907,-0.0007732658597313369,0.003118065028344788,-0.0077771024157254065,0.007698465668007373,-0.04545595473560904,-3.371308744221853
-2.1500356270033794,0.9715519085389815,0.0004237651395240932,0.0023516963034089355,0.0008977972610415344,0.0011445320484593721,0.003880616653936908,0.02037451500165933,-0.0077324665818598315
-0.003580951976952334,0.03463688513657027,-0.009477309863966646,0.03174375015875496,-0.0009096838661313673,0.0038428310155373775,0.015169556135683063,0.027435324869201576,0.00022386634048225348
-2.05538982303145,-1.341435929927194,0.010661772519537205,0.92363420866043,-0.004226351112627966,0.0004161194613882255,-0.007239213302404297,0.002062432244424428,0.007753849328225759
-1.4078703070912937,-7.7483147226734e-06,0.0010585264097783525,-0.00795218938162244,-0.0036747154154455324,1.108632971189618,-0.29078016270499146,0.0049147676494758485,0.676744237023839
-0.003670080038058958,-0.542288924908366,0.01770884019226876,0.0029619543093254586,-0.0015209680798435469,0.024480056061045304,0.006923815397454513,2.4327353635473115,0.0033228766276953495
-0.0025777108520303738,-3.9126251222862396e-05,0.0015147431409223075,-0.0002070180588726201,-2.0588237862539738,0.0013400597031856028,-0.01014614755745137,0.0022247267942765298,0.0448776308734018
-1.5292550493152057,0.0002604167395484705,-1.219435900621821,-3.9068390403340674,-0.05620451303532997,0.010686851051748355,-0.0037853282185499465,0.020917845813716536,0.10820853715877798
0.0033093168379743705,-0.004829324216166729,-0.003380556486873838,-0.06592626304980106,-0.003912982474254749,-0.005748978314253711,-1.0370022432754928,-0.01915885577233971,-0.0029362312342905393
-0.03968509682867277,0.0018501516604839813,1.7760427307813973,-0.002693895420454298,-1.7887739685231416,2.93303535303515,-0.0034368257383865187,0.01344802548701168,0.08119428260697603
-5.706698172851711,1.3413431948883017,0.0027137982991624204,0.001766635993972497,0.7136381756736849,0.003098027586005192,0.0035405034714724656,0.017165816954913232,-0.015826109095747665
-0.7597120145031404,0.009216186708851451,0.001854067709824889,-0.006828849493188946,0.0010224118458099403,0.8837295190047089,-0.018630873493327593,0.011807896260696484,2.724813794605959
-1.7057790847739374,-0.002931623855261533,0.35242602710760473,-0.0020665663344932757,0.00022164541733987395,0.008241081589104856,-0.0029508110816014264,0.005325416412633444,0.05495721826310318
1.5346299965888006,-1.4528137469131888,-7.210283202462725e-05,-0.006983158369911877,-0.014181294658946957,-0.059339880465695466,0.003466483638048327,-0.6205746494376505,0.005708215201943478
-0.9598685069346112,0.0031207447267700902,1.4508434524560587,0.0006020143990149475,0.001315753649032676,0.014458552681583737,-0.0010468810512382202,0.022765318886906902,0.03174625806055825
-0.000730053073515112,0.7729348077798421,-0.8392546125395935,0.7169718251663327,-0.0001608274515679511,0.0004501093558501087,0.0007876797932441677,0.004596151189953122,-0.0013035726453768225
0.00428304886842377,-0.0065153411227142945,0.00046803443668265617,-0.03255114236537544,-0.005451545287348329,-0.07778693416875083,-0.002897976519452724,-4.454248959422156,0.003725578765647594
-0.029180044294622925,-0.004031234171572286,0.07569241031951038,0.0007133958100363851,-0.01563610114761354,-1.9419559356456428,-0.007992964309171938,0.00739265390493555,0.4368975685928307
1.7867555034387177,0.0012572544405114044,-0.008478536379083045,0.002366554682250832,0.15605612263974944,0.027570079322229046,0.011991088039016828,0.005481478467825707,-4.367170549389407
-0.5548233310877362,-0.00032356913490993316,0.014257835606646278,0.006579906149468329,-0.0006798755837622104,0.002074172837024773,0.002601327796476225,2.2963982987253084,0.0072138583177213805
-1.3039562649710268,0.010189451387795603,-0.013102933733485846,0.0006735781297021598,-1.5371118618609598,0.0001701666784709524,-1.5377444686887947,0.026167671535672454,0.029067657892508425
0.004630903337404464,-2.339198245475414,0.001533349945929744,-1.215125477124305,-0.002573184204870474,-0.04828409473530329,0.001508610537366454,-0.3103187808126967,-0.004219938411241096
-1.914206881850948,-0.005910549446933852,0.005909883039205647,-0.002897640592887815,-0.0044524135963408505,-0.0006288119790061504,-0.004323342052547585,0.01623786937871788,2.88700253069689
0.0002626790977034255,0.0024344350848911696,-0.004544531789873585,0.014637892287655701,0.03011859738231744,0.01267766360416842,0.006589597751086924,1.8995214250091241,-0.004869079027691875
0.00030519991566191394,-0.2379542345444507,0.002377534283184321,-0.003754694011996367,-0.23597193158490426,-0.0004515906314495412,-0.012924593548089645,-0.0046305199798297855,0.006687425131232563
-0.052669111754630515,0.0019882250739427353,-0.08572065848876764,0.7635406740760877,-0.03615059984574104,0.015687419169217273,-1.39615703055938,0.03099879070249839,4.424321299958438
0.004520324746244614,1.1427763175513137,-0.0024714232049456927,-0.0021125534962385586,1.1758578173076715,-1.3004968012035867,0.00231649107138723,-0.017767633094992595,-0.02314716365523753
0.0016106199023302788,-5.771747814726602e-06,0.00011975392332126385,-2.63854804306759,1.245429790473099,-0.001707558928631418,-0.6059404075572009,-0.005564051592638874,-0.0024141128997818215
-1.5271353145229491,0.004086110023246676,1.0797252799460917,-0.007389156684051858,-0.003111436074448297,-1.4738465279433288e-06,0.004191009416936362,-0.00044969118006429887,0.008620052215654539
-0.03947621402070775,0.0015026313604387,0.004295273785619656,0.6416348669741485,-0.002636829453365434,0.02969597802957614,-0.005502881182799461,1.0273371133006144,0.01190932523323137
-0.0009516466062074456,0.001875261547676219,-0.000599517352148144,0.0008745055191776716,-0.0035142868205123934,0.0006059628373101613,1.1948490073476086,0.002573093476648452,0.0023136392499848793
-0.004479924922463241,-0.001123200681948315,0.0060902028391150095,-0.0034395906077389,-0.7659898643399371,0.004247473627510427,-0.3617151877805313,0.004319641254374243,6.066317696467122
-1.1418077918627347,0.0005385993905837249,-0.027244105747179455,0.0020934645789502417,-0.007748191169721197,0.05574582383196609,-0.3887942952671966,0.037636414729605175,0.024907879133005684
0.003262929297676175,-0.0005997944454705517,-0.007883233519284308,0.3352259982456718,0.0032587009984412292,-0.009722462201499318,0.005827145000967568,-0.007776873623659794,-0.02298142951971295
-0.00405502745757697,0.0006727039003125663,0.004993122273120303,0.009507191987261776,0.003064369727195537,1.0144384885264786,-0.0009545515989579983,0.01960603757997114,0.001677547232205187
-0.06040761088513952,0.016291262088423644,-0.3486360353670667,0.0003224740650802846,-0.0033105684525445017,0.01845883545509644,-2.259398252141125,6.385158699895131,0.035123075949789584
-0.017835207011574754,4.116946918440896e-05,1.1961917920232716,1.1139559787439064,0.0010421945843458406,1.041907345896759,-0.0014776813911315926,0.0719513757987503,0.0076407423965179355
-1.1872271871901237,0.00045208546067290094,0.0003130892522424933,-0.0007869387364664225,-0.005813799878633098,0.0014439673586893755,-0.005398437155682272,0.0020359001323027783,0.034094939065029944
0.005011366898037488,-0.0146122608847051,0.5909446140126677,-0.003012257705850131,0.0030104252256905727,-1.5545002832407477,-0.0038741888728920076,-5.04579762782365,-0.0003772563891616676
0.003777037049279272,-0.00367944526398759,-0.004430233518032342,0.5686786251989435,1.36861285733898,0.0012600658704373935,0.015536973802334306,-0.0007490873375329485,-0.19923989392253583
-0.0003328005458258548,-0.36098205574413034,0.037322971651261395,-0.005251763756374944,-0.002786081547802129,-1.4490208278848284,-0.0029028633476132857,-0.005248945560296566,0.013318292448743455
-0.0005912614067825495,3.8139318200741115e-05,0.008203027206995247,-0.9211416027118123,-0.0020726582379040244,-0.0009525757623609582,-0.0019319944844732873,-0.0006906575034404779,0.00373517184653531
1.5045385353454863,0.0007763307427453917,-0.0015141214202324532,1.1406733420868602,0.018069661610255652,-0.8715987644435922,0.005730480843456051,-0.00245655643192293,-0.377514589548154
-0.007266558016261235,-1.0654314350229732,0.043655221391837945,0.00036628134984848394,0.002482485892897235,0.027826642952141246,-0.00022027177759215144,0.05098678910469687,2.8678660415564425
1.0280057340072037,-0.004117183784982499,-0.4022985103664549,0.8435191143905395,-0.009241087696362824,-1.6510308341251516,0.0024324977587824453,-0.05698778020107706,-0.04330710290417927
1.4538338158725468,0.010799091757130314,-0.009269688401060364,-0.0050642573608277175,1.8828023182817235,-2.708462964288864,-0.0007999305302833779,-0.01694851910036571,-0.00945469326141768
0.12335313513162843,-0.0029963392709651954,-2.2095531542291824,-0.00029336294572521876,0.0017398361434988914,-1.5993359225365242,0.0025373752582434584,-0.03542589448791908,-0.019469171014381725
-0.0022149228497565145,-0.0017574553248512002,0.003931528756455879,-0.000697328154926269,-0.004964136125194792,0.0007387215794003284,-0.045801252906794224,0.0011526710704060396,1.9310266356772798
-0.0011376240719231795,-0.0041303272224209745,0.14031317025249052,-2.007052099034736,-0.013330526877363757,-0.2812814024746314,-0.17035160589207432,-0.0032746864818855165,0.01013655958762186
-0.3138459594326461,2.320454130150013,-0.025712831599966974,0.008890756662281266,-0.00976714640408851,0.11570549013312188,-0.008055514093136287,0.14122156927246993,0.017743153278599086
-4.939489183289096,2.4071488517232176,-0.005555222350844269,0.006976166037390887,-0.002058870159242665,-8.116600007551699e-05,0.0025389770910768245,0.0122656015492703,-0.012568115781426359
0.16100835085749376,-0.002515219513659462,-0.020597805927955282,-0.0004030406063623383,0.015464496781386613,-0.0011185670068484775,-0.0012466462154284794,-0.006581638529242449,-2.5304548260199073
0.002043381361686671,0.003882281496750281,-0.007031770042521707,-0.2506035210359167,0.002491986465633301,-0.0017035709677864672,0.0005982179797186314,-0.007473826331828747,-0.00478699100839668
0.004960792863496644,-0.5031272710318014,0.0071693442397385634,-0.006238816561871363,-0.0009741991017497599,-1.582631171961714,0.003408978953484327,-5.347251655142992,-0.003347905010449348
0.022583185737064134,-1.8636928592231157,-0.007969622209764085,-0.03226158514343664,0.002825150628356749,-0.0007460749054513542,-0.0012037164908701142,-0.13870083098565555,-0.006409354809913229
2.4452484939247614,-0.0089532737707427,0.0012612549162922398,-0.0023223973302218,-0.007840622861322602,-0.047383715341049785,-0.0156451598164761,-0.10900687424955802,0.0157365320698018
0.028458494149936925,-0.0428700413669104,-0.5874724496426397,-0.005385665753150774,-1.085401469461295,-0.01386873522121627,-0.0034568946046863265,-0.40244075301646676,-0.011470933497912042
-0.2461415404484878,0.011089907544623752,0.0005488601876784184,0.002099658740397206,-1.2820839599409852,0.0034007767118976228,-0.0021188000882340994,0.017646142155780514,0.07703658900862026
-2.381673756176156,1.3648323393084716,-0.0004112209998397842,-0.6782800346265359,-0.001708075517764196,0.004506257054785357,-0.03267690740287943,-0.009464864663886192,0.08281275958758494
-0.00018061300282489574,0.2517119299471157,-0.379103363029662,0.2797852680241719,0.005305729422497688,3.1644463879827505e-05,0.00439502499183546,0.004146213281090149,-0.0060776611567417765
-0.026032113588149303,0.001158527275747366,0.0060809493956709565,3.2931157667475796e-05,-0.0017957068594262361,1.1534744913850494,-0.004493301796076746,4.481764877228028,0.017693501651096843
-1.6928668447735036,-0.0022873352144035654,0.0013801259006453875,0.004030883392370153,-0.0027759223765914803,0.31645342546883454,0.39938093833528343,0.23603147561356694,0.003805505267571452
0.005995051770723454,-0.011847825574150221,-0.003203900820782337,-0.7730742361006201,0.0006916590769750625,-0.0025085835333040225,-0.003111923550179788,-0.043711565510283865,-0.005740583429527794
0.01781682056473033,-0.002506259791048458,-0.0031951419127097588,-0.0017518290782767565,0.00886122823454832,1.0565510332261763,0.014441386849368259,-0.011070449963645106,-2.8615003844462836
-0.28254119965205843,0.005732382216777787,0.005446626718408508,0.0019096032850574288,0.004241591293077513,0.017459007233229046,0.0011048428375399714,1.3912412480466196,0.0060283771066643455
-1.004527318750369,0.0005320918846645734,-0.003731775000623565,0.596445825905913,-0.011093771351426012,0.01839778103822122,-0.00022289093072149022,0.020372796241954528,0.006355071799295647
-0.9675711654045791,0.0020685046477151624,0.003560018593780514,0.003812379008088151,0.0020826023801177682,0.005300351170520444,-0.00014393690137166036,0.023895669986482803,0.004843875847521037
1.601871344770001,0.0031270150544477487,-0.005239436537307058,0.0014215183206473664,0.00168570686482869,-0.0011731993338082135,0.007897500450606935,-0.018547606454777682,-2.361541023900541
-1.2528409897566557,-0.0014700702891601771,0.005070998539079708,-0.0037558115966628714,-0.0064532287408918445,-0.001145664691970365,-0.019723555433397395,-0.0007962819882487097,0.4330085069651952
-0.00120693094259876,0.011096934912190517,-0.003214716211505023,0.003897728612340281,0.0037397273091850764,0.0027978858258861984,0.019196992139193514,0.008196403017297817,-0.0018190958434910571
0.009381781155003266,0.0017619405382256394,-0.004124184035164486,-0.006520577511686776,2.458804980890791,-0.025077756934016086,0.02777172711092626,-0.015628233485378153,-0.035811101887464614
3.5721561815385856,-0.005909294748020748,0.000612375456161475,-0.004315968110763235,-0.0027631414019759215,-0.0028345557199613556,-0.008656398505668246,-0.010923131293127136,0.014460235830255574
0.007059956937155609,-0.031150269337362063,-0.0014409027259313953,0.011047151303504827,1.1073906520227474,0.007291130317789642,0.0008458876746672899,-0.0032318647376985143,-5.336330389815139
0.001611910438305223,-0.15255649625645812,0.0009737013701811945,-0.002667522314373432,-0.7452743658055294,-0.0013471602877865889,-0.7528209485700333,-0.00583407728475854,0.0031078167080423047
2.035695957269513,-0.0028244521877714007,0.034477743108394014,0.008769424252877661,1.231803333467693,-0.03388369250926468,0.04185708211302523,-0.012759953793351986,-1.3109570644572344
2.746183597264694,0.5810479694168094,0.0019057733103385183,-0.02322283368545403,0.006913350953230757,-0.212360464945349,-0.004136738484400479,-0.04177957885565366,-0.0035666258273634455
-0.0016029928195276412,0.0035426611576914024,0.007729972250764236,-1.2916471034275532,1.2590967059591982,0.0015910318217266998,-0.002526103697836745,0.0020668485796435064,0.005821896465957967
-0.13694697204972334,-0.0008760044917818779,0.0036041123730662303,0.001952336110656905,-0.012613087040069526,0.00136152506059931,-0.0028856159467255654,6.767868112533932,0.017779861611528475
0.6588143173974979,-2.1291283149840905,-0.02635614383217861,-0.0018467493571134022,0.003310000564501093,-0.0018882708117872967,-0.5403608287466739,-0.025189632491917475,-0.006464250509134656
0.0040541254921144555,-0.010911044036675826,5.531565575183717e-06,-0.4677923764629145,-0.6650834461763071,-0.017538833889372055,-0.004095815625418836,-0.052742351699488814,-0.003148885871990071
-0.001490957370345183,-0.0012422032445630524,0.008249739626768397,-0.0036288123852000896,-0.45180127295521383,-0.572200192033406,-0.0210208245221682,-0.0015941720648673294,0.011907791796714428
-2.3488789537733425,0.6780838940884899,0.0031448768889906498,-0.016948604795919038,0.003205358230541827,0.002466181573200014,-0.011765757417670185,-0.003884417691581349,0.01861715258813712
-0.009363552611800108,0.04082851595222761,-0.003698661646871285,0.0007214032719069324,-0.0035356505633851007,0.003975978306758496,-0.014937927280644024,0.014461728007763153,0.023128481280821615
-2.722123010841135,0.684980912920684,-0.005557229602437555,0.003042354601814923,0.0007314263959697087,0.0015762075974848453,0.0023694381067299944,0.01676287876385296,-0.007015575489911718
2.364823599455068,0.00422518694495104,-0.034819110135219794,0.41767924328683037,0.005494558977916505,2.113328248237412,0.0032396351510607536,-0.002575386208669428,-3.242160660527439
-0.000936241243004371,0.16820934562737364,-0.006674486622929355,-0.7278423524689347,1.0481626808825637,0.002648126818248043,1.1632538945203426,0.006629341160565627,-0.004298381367654827
-1.541749265304551,-0.0008165789323048012,2.2588551740052534,0.001943353783139777,-0.0019129219077384518,0.0004566088116734583,0.0015330180041713483,0.017715463448794516,0.05611815220424199
-3.955361344527665,-0.004824216089607258,-0.04679388262119005,0.005706279575093981,-0.8176291523401256,0.31320003192680823,-0.00732789174900246,0.03172758327255654,0.00952810266606463
-1.0065727468793098,-0.0009622280597885377,0.013840420510290725,-0.006875376165558125,-0.00354536109331771,0.0019269461848660501,-0.00343834185510453,0.010064615300731591,2.877897669379168
-0.009095643854192204,-0.0002569655324814197,0.009578667575858145,-0.3357732764682483,-0.016112175809668734,0.0026329254656967185,-1.1870005776339239e-05,0.0033083436328865123,4.473875290261427
-0.9801770140111548,-0.0034084923705903986,0.0008923393708286185,-0.0006242251721999678,-0.019989785740275996,0.004313390011991231,-0.001697519095010298,0.016154061025703416,0.1896572460463143
1.0446407606475079,-2.4666705468672965,-0.12883254145703446,0.005765643744180114,0.007833409605325588,0.0023452321221387063,0.005454902442409933,0.012554338083485005,-0.02536950326756865
-0.000981093376016033,0.003662335023899164,0.007982603324490939,-0.008171489407962881,0.24120457521141614,0.6534902106907379,0.0051005946858984595,0.009975087438610197,-0.001279609197236832
-0.0066477046186628535,-0.0002879114426001747,0.00957542940702178,0.005436667684102967,-1.130290441430207,0.001458720101357948,1.2755658441754074,0.012561092246764705,0.029533563566650243
-0.009222079527134552,8.965906812775579e-05,1.6170815697453251,-0.00686744393039844,-0.0050737016770729115,0.9810310535336715,0.0025805754926986335,0.010714009472585391,3.009895416366069
-0.014118386444635284,0.006369755404752404,0.0017739219300647539,-0.0018534453000196537,0.0007558236917516326,0.4583902754803817,-0.03973550726393159,0.010115506037625129,3.203037181198108
0.0004740547042084934,-1.0887124419629692,-0.007820852450531213,-0.003841561128090232,-0.48402435620235384,0.0009759896819856949,-0.0011210679333345961,-0.002022128894264655,0.00279810768100914
0.8718137937484713,-0.28875338967645026,0.0037156818437799025,-1.4032597492779064,0.008754647722202366,-0.0028745577912960537,-0.6382006712755104,-0.027655190015561534,0.0004866506506265855
-0.00011876058567870351,0.005608582330578182,-0.005315204474947197,0.014534129303101115,0.03429715084453725,0.0011589949382581578,0.0031214906626390727,0.0035184563928556457,-0.005392602378826197
-0.0006200039648053189,0.002441733427247301,-0.005170262013691111,1.8021108010437092,0.060175908288516336,0.7228159756468848,-0.7715315292745458,0.032682876877349,-0.0026843796779684806
2.180690027856313,-0.057353677060706654,0.001421717078823534,0.0006796183408201515,-0.7781284406219464,-1.6680774687083597,0.07101116498300437,-0.008940703244929127,-0.004987709708551613
0.0009312818584516162,1.1100855453192178,0.0014098167831211206,0.007544181879947679,0.15340261524444052,-0.0009678804235460501,0.007525514771568107,0.0013781638550640213,-0.007156945072688248
-0.0030624890717177813,1.2238289789772177,0.001597935417584585,0.0011997669368463307,0.0166428005429612,0.010467200175727304,0.0001722943586055332,4.602281697273581,0.0012817426335677284
6.131517235833569,-0.03958761152618015,0.06766740430003171,0.0009931861851492762,0.0024962720410469513,0.0025780366110656856,0.01699893693147425,0.005829701935466398,0.004693631146046151
0.020273682105772163,-0.003811210370360681,-0.0018667292208521412,0.0003237207257278398,0.011493336739167234,-0.0030107090366271634,-0.0014043896616069622,-0.008508736471450635,-1.8292762250180181
0.9569906272382243,-0.00040912100702959753,-0.6285781776922225,-0.017592635502385295,-0.001362505071757691,-0.004193480227664611,-0.0017139624102831303,-0.02131610517431128,-0.0010740837887665555
0.00011159376450125676,0.7392859814946235,-0.0028995397053944985,0.021438395345351965,0.0036216036729865278,-0.001451428277893423,0.0127630674467228,0.004281950095107096,-0.004942382843923157
-1.033225836114882,0.008790099864225118,0.016414913649413984,-0.0036444121658440742,0.0038720674626685292,0.016801005055816873,3.345194205558306,0.023961958159393087,0.00550773740135941
0.004076153939851801,-0.0017010333027427389,0.0013884013472959134,-0.0028021058775995825,0.0010541819202686906,-1.1712011688966042,0.0023853813673591546,-0.027609923002716044,-0.00402417453471169
1.397021863354938,-0.005575885826346043,-0.003094413410590531,0.0002367492383111645,-0.009489990965818033,-0.0050799319337464805,0.0011786885587311488,-0.017179345319492237,-0.004615171603228052
-0.10864283149696846,0.013113157083842123,0.004046260584782918,-0.0007980099889563254,0.002561168859826447,0.04987384959466268,-0.01231894879727959,0.015677781572083355,2.1486827643780373
-0.08037827440301198,0.012758288740671898,0.004576073510531117,0.0883325531792033,1.2905713267894274,0.980261681413297,0.5193971942724532,4.228392784689408,-0.0022837795818998197
-2.801114491447074,1.5962037764556984,-2.151588752410949e-05,0.009617547673521834,0.5924893448519049,0.010114666686913602,0.0026500640621604284,0.06714187303880814,-0.01284631159548344
0.17688587017248916,-0.003719900747516152,-0.6967267606074116,-0.0014443623790214824,0.0034842836609792994,-0.005951405519013561,-0.00010807652221487575,-0.015013006609003392,-0.1616356115242749
0.005349072569902006,-0.03200310002323455,-0.0008916729227997376,-0.007515368139111415,-0.4934607814262234,-0.018566839111064753,-0.009378093648514432,-0.03715653032808108,-0.0041731303144115495
-0.019279487892902486,0.002235537514156368,0.05299829032465043,-0.8624229149061386,-1.0741935715916653,0.0030006787004895844,0.0381694400635681,0.012753487510845395,0.2367848231532449
-4.405383532684465e-05,-0.6746668413537971,0.019286680437187974,-2.107831632790755,-0.918690481455732,-0.0021694050210346316,-0.06586965013377719,-1.4814324116418032,0.007865253064880853
-0.0023953611966534873,0.0010927088815047593,-4.695558370105727e-05,-0.001224792339915776,-0.00158155682967761,0.0018563457126533588,-0.013367372423002863,0.002660929392017966,2.880501394343566
-0.04139386253457794,0.01340311908596067,0.0022085564923754637,0.784978945881818,-0.004175134918036644,0.004019641497179685,0.029886401249094377,1.2549784968021214,0.0018771974774093071
-0.4684273400878083,-0.0020332127023978686,1.596277008688673,-0.00045667102455732717,-0.018468583520195207,0.10381645851126911,-0.008848202168544393,0.012419585689770002,3.313316858088175
1.3171580601026047,-0.00010313530788406185,0.0042690331138603675,0.004483124361415188,0.030822848662096683,-0.12872397654795842,0.0040512803064187124,-0.009098597439711177,-0.16192179748264235
-2.949811790335263,0.0034312226746953047,-0.0002960974598288646,0.002347024853447817,0.006397066592887392,0.009841354418678498,0.001231128827151512,0.03329501157357401,-0.00762913837367768
2.332540894131423,-0.0012048656425663884,0.23966057798847817,-0.2573344380871396,2.2399233193814716,-0.2746953332791482,3.683064617160013,-1.0874890344095878,0.0024856888098518937
0.00022957066423621303,0.06309944661115466,-0.012703153007747233,1.5695634611057172,1.2255658021027647,0.00010445898968031164,0.009369581005941902,0.0026652827399433407,-0.03794323187966156
9.84393258986662e-05,0.05044697671980166,-0.01497093744288912,0.9063376586772042,0.0118652257975038,0.0004345879385173144,1.5954015875683298,0.0040172967742968,-0.029838847431353982
0.0014004017789921493,0.015031150649722973,-0.046413558315743966,0.0034638641965510754,0.0018632443762523427,-0.9878502912529996,0.004148638247612518,0.0026670372069011695,-0.010126414189347635
-0.0015575959313118455,0.004523966226475601,-3.960306799635869,-0.5659655112963917,-2.054811266194406,-0.0001822648193875922,-0.005544571543037138,0.0016443439633218662,0.009896857826058453
-0.0002125508834071063,0.014371343658569074,-0.6087618935423866,0.001745453883220994,0.0022152954028782654,0.0006244549211912011,0.01972002468719284,0.0021716259308403913,-0.0072278360861052285
0.0009917390419222133,0.005572158836236368,-0.002528795757146759,0.04326545103267685,0.0664675040965487,0.022919054779837505,0.007414807168733129,5.272493319420407,-0.010390319127808245
1.8427255885450091,0.0046093922541256185,-0.003776629770857187,0.003294120953675447,0.003184630687777256,-0.5578321896025684,0.0075008694714252915,-0.008958619644336065,-0.39212830506663776
-0.00188706287856871,0.006517408802721902,-1.3674292552414453,0.35382512075932626,0.005027078464907051,1.049803450589086,-0.0013097462460537638,0.029282622778408637,-0.0010043078412649128
0.8189954800318385,-0.004026387162360912,0.004208513771483281,-0.002449081101711476,0.001891906090175111,-0.01214747757769895,0.0007896147527255374,-0.033862178303586656,-0.005298566768157792
0.001244425167581054,-0.009814454193841728,-0.0006596139330692172,0.0022890473353668972,-0.904889880550077,-1.1551927312760717,-0.004239090048720403,-0.004857140846559923,0.0027182374709843853
-0.004824627861889336,-0.00020573211128746896,0.003201180002211588,-0.8086484567417116,-0.006214673812082912,0.003032774599037391,-0.518901931671964,0.0033848230155693326,4.236308763098906
-1.7854810390836482,-0.0022174487614655264,0.004757845971285896,-3.194765210713726,-1.6684952796188464,0.03603486690890517,0.005588219177130552,0.02316557159606561,0.14390587711774439
1.7195870745815114,0.011130574189137404,-0.004538732503822493,0.001548442778620887,0.7233787292974103,-1.3022874049943256,0.00419081402157799,-0.013294607079017584,-2.68451720151657
0.0010049592837983595,-0.053535724700181635,0.09669884118756931,-2.555167983552278,-0.006523395099109687,-0.00739895802595637,-1.2307460068877274,-0.011520844548689124,0.009814759037959322
2.184293157471127,-0.21283411075633207,0.0008303378182743584,-0.001069267227487597,-3.309898819050616,-0.0213631423105825,-0.008289198663149805,-0.027285727231159074,0.006746369334523314
0.012884814955681879,-0.4056870938368249,-0.0014956529471172831,-1.0267158455543104,-0.0005857841915195045,-1.4763887104535085,-0.0003604867596887773,-0.13582771289335996,-0.002949439526244338
-0.0019347145911170246,0.008243909056345028,-0.004166577651204359,0.009319857021322889,0.004069977565433376,0.8016214373346329,0.025279162315125336,0.6754635089329739,-0.005109208346172064
-0.0019906973513608237,0.0005694752148198611,9.337104896175031e-05,0.3033342063212299,-0.0007929477870567122,0.0023506160162467577,-0.02966799822674812,0.00825607643098855,0.005104460767038459
-1.1830077681115134,0.007902539997817502,-0.23875286007327565,0.004772633525946961,-0.9415250647779219,0.007853871268564771,0.005607820857808167,0.04704146839602827,0.0009583009885188731
-2.1544693191758126,0.05282357764593344,-0.005404584104224251,0.0056431983385811955,0.010084391196073551,-0.003158149974380302,0.00018809940742364056,0.03360874809417176,-0.0012811329591081722
0.00892879824716776,0.004452301956403622,-2.841988047810201,0.0009260635092652823,0.024978102668964008,-0.016848466304819128,0.003847988307702036,-0.006220873574423132,-0.4815132055317415
-0.17722892341421437,0.006675356815545202,0.5667821607376686,0.017409701116214423,-0.0011841790898216248,0.00041375230599842113,0.010444380491991903,0.034792032350157924,0.0019883737558593698
-2.6325666866785884,2.601979875831124,-1.2428984845045445,1.0867311245641829,-0.004258101438086408,-0.0017017644101971414,-0.00045843836412862507,1.8287434159955607,0.007556861476715859
0.8225905744679317,-0.22941225244272198,2.7702233820767544e-05,-1.4942251814296112,-0.008512896741551944,-0.0031087490911690615,0.0024652703014887787,-0.7268565582494548,-0.006639886325975258
-0.003094605308029623,0.0003057367613543416,0.8927870753716309,-0.0006619765394963433,-0.30324070611820014,-0.004470437317852604,-1.0464083947722003,0.0029071142286195475,0.1791941607927484
0.002407821258347763,0.0011068833318164327,-0.0008627641650046621,-0.011238634035430933,-0.0012094910070952654,-0.7776332904790488,0.007704626461679748,-0.016511635986716473,-0.002738998715690402
0.002752553265163663,0.001884371547879347,-0.9519964699395189,1.0033866913988274,0.025087403463745793,-0.0011948536947599554,0.008420741735580314,0.0004944727778782194,-0.03762127479031763
-0.002003083798457754,0.49368149153108104,-1.205243729119263,0.26965991815371776,1.8810509810907676,0.004796577677714155,0.019058213096173587,0.007716066371911981,-0.1271320395779556
-0.6792326312894977,0.011515875012379825,-0.002716998089677432,0.0014947495104896038,-0.0008766486699109018,0.29387784376965487,0.017150609074197,0.5978527532079029,0.0030003320823746155
0.002411748675592053,-0.0009512014187331459,-1.6896849750254788,0.0038695141304207507,0.0028470257081557888,-7.785308280429306e-05,0.004592735998337317,-0.0006209090017265037,-0.015165671780201617
3.1396788265184874,-0.004764832456662379,0.007644477899881583,-1.0957381729856819,0.005170955553904316,0.0004026132662064523,-0.008664534328714179,-0.008980679616924371,0.009262083116452935
-1.019832795357044,0.0015163228660005105,0.025555014634176185,-0.002607715958656811,-0.005881431507916254,-0.012660000949479937,0.16871301549412515,0.013411645450269377,0.02554038864392752
-2.276238739535451,0.034275557502918705,-0.01987659926318483,0.0018207709900375034,-0.005133743880061558,-0.003318863970361027,0.7272843720259976,0.022738152971021115,-0.009204718454689897
-0.47162319527366114,-0.002396360985721678,0.0074687717631729544,0.002643695740045148,-0.01454768832140386,-0.0007459668096862079,-0.004780284510292464,0.010500714634682166,0.6611137492208077
-0.006458714902245585,-0.004268317839662273,0.004982953135413849,0.0029755175520345995,-0.0032082933622389967,2.274222753169465,-0.004116528664366426,4.6235333188134184,0.009301316529580522
1.8911496019978271,0.00017848323498201313,-0.00300583784101012,0.01609051683433088,2.095629104899671,-0.04811098562326965,0.003841146019373031,-0.004244326853115543,-1.1817985870685987
2.0894685473141377,-0.003767876070365092,0.01001885020755433,0.010263713711258976,1.831282311317445,-0.0059462122308147,0.004893584971694818,-0.0277134722447141,-0.19869061675595212
0.17367045425178917,-0.021161007372845014,-0.0008619942557924315,0.003635154511455612,0.003385811019648131,-0.0027067047528143394,0.0008881851013278121,-0.013477303080741757,-4.130411804298886
0.013963200378163822,-0.007596209049646052,-0.00025211143330396407,-0.001979866580298285,0.00031669018621082595,-0.007223561011768548,6.92110410621165e-05,-2.184088287160237,-0.0038536133713254553
-0.010634259850823289,0.0064054317968719205,0.001852186748411094,0.00375420365677481,7.1848434685453655e-06,0.000455387883326897,0.010113868489834294,3.845623547236217,0.0011814897547904116
-0.0018604066237201565,0.005171114567968215,0.00012663849077875955,0.015501089438446178,1.59195109230805,0.0012868985279514038,0.015225388209881653,0.007259760371170791,-0.013971622182367999
-0.0005720925800878449,-0.0033019187460682996,0.0004952882614790467,0.062227730183838974,-0.004130641484124383,-0.5044979012299571,-0.00037568187679419963,0.002373338617560044,0.0008933048208888041
0.6082729126516363,-0.001067876502164606,0.0033388856312679596,-0.006450716108354923,0.004989947559275478,-0.3680242197261007,0.0008635763901308439,-0.5446323793848974,-0.00477906433574786
-2.4445231727023957,0.0007229860658923285,0.020902769895992504,0.002486516870715004,0.0030312928698177713,-2.704712198005842,0.0033798333036854852,0.01615586273291435,0.0028365724389980834
-3.6798111716511968,0.0002238370539240156,0.06865682464372136,-0.006146860295418249,0.0031485240191836336,-2.923448223534823,-0.9987436323946679,-0.013755073174772314,0.08590170168129929
-0.0031445635090604435,0.039151931286811756,-0.0021599106347338385,0.009053307661967887,0.7054681254022066,0.006062844604250554,0.6925626170346957,0.014802155401697532,-0.005473704314017114
-0.003769278194519908,0.002628523192604249,-0.010504539601698955,0.0004652782855980454,-0.002313112165099787,0.0026072547835945753,-0.0013731418961594336,4.199866425009265,0.005624181228732372
-0.003838363622737993,0.0039154438170812215,-0.027249048506223533,0.013380502616568686,0.00046963917077598796,0.464103060890747,-0.005453111769048886,2.214832976974118,0.001884122932259466
-0.0004687544645674436,0.0014857051295311995,-1.3985310953288455,0.011065333579194127,0.001057084745654054,1.823008244020696,0.0024441099319858686,0.009591415028980557,-0.00549136540982894
0.9772346283987919,0.0014556909523467682,-0.007230693116193608,0.002694924858378375,0.004997593160850904,-0.002587301769269666,0.027739423715593313,-0.00046149529397950494,-0.6114256177255988
0.011610830371935707,-0.003241906673847163,-1.2709601162055584,-0.0005708678129413332,1.608493325720317,-0.003732514783804354,0.004597838723371608,-0.009404339120266683,-1.2499788557830707
-0.0019306805840456596,-0.0001305092648291057,0.0034288263930432198,-0.016555077259963406,-0.43806789261635154,0.0005941754784763009,-0.0010866537381170292,0.00032356068246235103,2.7051715031807704
-0.0006277552134800078,-0.03254509241161617,0.009069861254522478,-0.02015152884727829,-0.0047102438286425515,0.006929245674941774,-0.006499007856198734,-0.000532754671985282,0.4589160503791336
0.04784963995065422,-0.005980865925059753,-1.6838177320878576,0.007321466325379916,0.0029366704872038456,-0.6188379464812233,0.007046618076705277,-0.010671747901336667,-0.253607523310982
-0.0029019814858861712,-0.6092496438631679,0.955848595824635,0.0009560274268844407,-0.017480774662618284,0.020997835979528093,0.8647412271901265,0.006133019618663099,0.010600167962928137
-0.006080571396461883,0.0022755618960808286,0.0032506121775605235,-0.0012975581337160169,-0.00204721287346675,-1.9915707118055377,-0.002103942123400282,0.005633159047241581,0.013299589735405654
0.006185997577707977,-0.0007936595198504634,-0.0003658166566636172,0.00025830403422122893,0.02199958609081129,-0.0049734739354292175,0.0005935480949263577,-0.006076158798299966,-2.033860908253555
-0.007079653478386212,0.09197079715384142,0.0021463130462254197,2.105580910202165,-0.0011358694703868296,0.002094411009450887,-0.0015558645241280367,0.04276134368694901,0.007678588985192093
0.0033336955657596833,-0.0005347587080675229,-0.03836758347046076,0.0014942910333494122,0.5323537779477795,0.003663591754902727,0.011184936990419619,-0.0012420357175224645,-0.05673797270594484
-0.33866663018545423,0.0011232815075961984,0.0010306854373146332,0.0013793346734650145,-0.013956981660212718,0.0037478489368269357,-0.0024192647386212496,0.018294848917304617,0.11358882365817191
0.0032255831190244324,-0.000512938675597464,-0.0013987753235921146,-0.005739221794986807,0.0012081725764645232,-1.1398672361495343,-0.0005195511473318772,-0.008580878928388287,-0.0014376701759822447
-0.04639839176661083,0.0020014104613182773,0.0060608259760916204,0.001898535817053414,-0.005073793796035501,0.04971039375507605,-0.011267559539724605,0.01831266615958821,0.08141705967113012
0.0016766993774486448,-0.007492477790046354,0.0033936997088465717,-0.24963863152364116,-0.003852632092833862,-0.01198505793880419,-0.007160744684333736,-5.057213330353081,0.0071206692798689575
-0.000984588381054089,-0.0015747908219400156,0.002805184568567205,-0.001049024844084128,-0.0063636130910892695,0.0025203058171813894,-2.463225183160197,0.00017490359375577232,0.0127031478103663
0.0007203418064604342,0.005160742957565087,-0.006934888655756858,0.08221159583136972,0.11323465606629775,0.001980618064154802,1.5658420523054413,0.002592178477979431,-0.4100863322252375
-0.0007422762236802679,0.036484537914802107,-0.006685057128237547,0.9047753356331297,0.31062467981979147,1.0216965712948949,0.01350907740783,0.04599454430229657,-0.011912603324662839
-0.0011301843623067152,0.028918136643941855,-1.4173013276543924,0.05495157948180851,0.10563584549878852,0.0035195244455401625,1.7314454331239504,3.399950873824142,-0.00888183280577294
-1.111558429042095,-0.0010918653681237624,0.00045029843276312917,0.0013203054209933855,-0.015535100921477779,0.04162877105194006,0.43109530990938294,0.03266889296819149,0.0072925548464802675
0.004929402726748364,-0.007058284090913589,0.0023105286873961444,-0.39944813399819684,0.0013613588095918797,-0.00129445442537767,-0.10634565539526722,-4.927194215673059,0.003220042266134121
0.00896299986803505,-0.04029252542145666,0.06460297279670091,-0.06576630254016275,0.004787479478906283,-0.0030092524957279695,-1.4669406086451728,-2.162786580674543,0.0002677756950886208
-0.9923568487332682,0.016029334832731126,0.009138640993293628,-0.001221202581528747,0.24979356151670784,0.01581839322332169,0.0044399017778670394,0.02201243693982716,0.00351666196031232
-0.0018451447053922387,0.011893876076638346,-0.194354647327032,0.0055972210499378484,-0.001399005555065636,0.3968246000365255,0.007685153865264549,0.00973658189499611,-0.003214401604968579
-3.6683307410113803,0.017766285320027463,-0.00252131001163141,0.0024487311284359732,0.013109182289052154,0.009158666746201121,0.006255959157868352,0.020946005577600166,-0.008579869529632744
3.126344434681294e-06,0.02543639674619659,-0.006374071982709684,1.0139486460452567,0.6384331962337693,1.3735871787485334,1.555060297271554,0.003153964893868936,-0.015786488874756685
-0.35636366447795326,0.0030705406667120333,0.01807812652069569,1.3235431597598581,0.0005432392692861204,0.01110833044949855,-0.0016322524063637333,0.14384847957855496,0.015328379896858466
-1.8316986703912101,-0.00017693049195431979,0.0029846763029072673,1.4323520343878675,-1.162162690393068,-0.007373280507487499,0.001073385087898713,0.017263464274560526,0.008333645164148362
0.005119393556518123,-2.1747842661601e-05,-0.01892967779461849,-0.00022403327109257742,0.0005888388736423053,-0.0016208553961217335,2.3358985033320456,-0.006849518150170902,-3.6787462712964034
4.241054635303887e-05,-0.5088915006147398,1.1517956703216194,-0.2059291354835176,-0.037730825550757296,-0.0005489961075916009,-0.0003100518655766134,-0.0033131308771040986,0.026762201040818306
-0.005516063419143055,-0.016878863081121253,0.25619891919526405,0.0002548467010095477,-0.48515190613325665,0.0028473739868176452,-0.0068724135134260326,0.002608181250641696,3.565642760888462
-2.9886119095085766,-0.011036916040545842,0.0025505323215431405,0.010760046935924207,-0.008247413568000517,1.1569742466116975,1.4092668288461685,0.05014628073782167,0.002596316481106975
0.6295524208978927,0.003941313858855634,-0.005948225775692774,-0.016418321236000344,1.2362378584998068,-0.001381389907199439,0.5133821188482659,-0.021495232303189643,-0.567334418300331
-0.005509840052442063,0.6489236590304125,0.000684599530136722,0.005572889031144878,0.7840189967435836,0.014628338946972866,0.013650095669323022,2.457658290271644,-0.0010353152126491329
0.00220255596567534,0.0020792358752256424,-0.021866580816428796,0.5027363054161447,0.003722707405477122,0.0031328062208504925,0.015080926039210091,-0.0011570106931613477,-5.2121640487700525
-0.005893010879272046,0.0037322765191944896,-0.0004608523342098823,0.006731402250027998,-0.0019808958341331635,1.1970950340236155,0.4917038795490237,0.07250308964624247,0.00011952853610321112
-3.3304845227442357,-0.7888536513759372,0.0011703271707649426,0.00360828125452329,-0.005620877989696571,0.48093790228149674,-0.002106124888061167,0.00820695474264283,0.005784586334868225
-3.648173779075961,-0.00044343605374789173,-0.11730057816526096,0.00587830346425694,-0.026100973894708834,1.2835867261199811,0.0028934045774811692,0.012459233961744705,-0.00416073514576093
0.01809107301456446,-0.010485034951061553,-0.003978458027495975,0.7506575353974307,0.003481610264706116,-1.5112004247263449,-0.0023137645142026052,-0.02871122699992667,-0.01956932178563188
-0.0007954062308721463,-0.0015902521937835503,0.0017772201446153088,-0.41795190020362427,-1.9719592243350157,0.8884179676676836,-0.0015764084488846912,-0.004601410103350186,0.014036270126456307
0.0007418596143169238,0.5105502373457749,-0.005425869504017617,1.3008449771991852,0.19336685202152853,0.0005244693007843107,0.318524912125224,0.0020282862707996646,-0.01096370234309048
0.0024103255925798043,-0.012472750095760262,0.9905763114508377,-0.021391868313519823,-0.09730689937348595,-0.008097695016559802,-1.2850159268404513,-0.010186690959174788,0.006166936472486367
1.5270288398615348,-0.0006967720863292539,-0.0014301819972659686,-1.7973322136109604,0.0036994638736215554,-0.0010392070879826818,-0.0016464839250150947,-0.038687281685572825,-0.008866653812480946
0.001383447210855791,1.244723805626889,-0.04988383329950452,0.9337789879046214,0.0028772311595917314,-0.0004541952033006029,0.006400770110210088,0.0031545939567492287,-0.006556061898395474
0.03168057895162513,-0.00611276733865003,-0.0037979021937983738,0.733722689512247,0.0031916587613819176,-0.0033570749432415142,0.6187315164187217,-0.01073104866966293,-4.571783044720718
-1.8511175949232264,0.0004997303945824989,0.005568611306527475,-0.0010081057542482806,0.0029680028231770655,0.009045907304764164,-1.0184198140854008,0.008643154434479092,0.033906919724179696
1.7802695580964867,-0.0030753561692821157,-0.0008442462288440651,-0.002599692359375668,-1.6743173734003785,-0.07704730704858952,0.0037258630696785124,-0.019125982885011526,-0.0032467134554062804
-0.0001794569997907551,0.002999442990518195,-0.005434025858373227,0.4347003077572231,1.2897048403017037,0.0017001362342368483,0.7238600443889984,0.004092847417869895,-0.02221061999625512
-2.9843677782660114,0.020803474524792673,-0.002799348782388439,0.003144186212264973,0.004315821773069897,0.0011732882430044301,0.005103656934843017,0.01793570758146223,-0.011418936435235227
0.05113912064648883,-0.004492073509714974,9.89308654241386e-05,-0.0036967420265000203,0.0120353340372527,-0.008854735450991011,0.0015902255762539914,-0.03436613147264117,-0.02625685709276386
0.0048593104234106906,-0.026982405655881316,0.0009024503273454432,-0.008384907257554572,-2.592940849175018,-0.003437948701993052,-0.03801812267923273,-0.016597421093154527,-0.00459851345092524
-0.003199378334295485,0.8403746942747666,0.0021734466852553584,-0.00032094226569848747,0.12021560189018729,0.9826648433582734,-0.008469019213378127,0.008541729538545552,0.0007421416894476812
-0.005226782751388194,0.001364684727823493,0.0008340844357399119,-0.004625673829559129,-0.1554116243002139,0.002811780777902482,-0.005632821956775679,0.0028297308713890815,4.105148331602658
0.0009861594484446394,-1.531485970040146,9.567282262220016e-05,-0.01897991034929499,-0.15748719812672465,-0.0028816414196275453,-1.1058073786429277,-0.06474049096396942,0.004082416681526837
-2.4054655363909916,0.0030317636950848437,-0.00047852467550900217,-0.022270726281377662,-0.33531197422170933,-1.4478382301694184,-0.23074901255968888,-0.0074641172116566845,1.6897718882236727
0.003841510516466554,-0.004923837325458422,0.0030897211198610223,-0.0025467302995652464,-0.001064925764292516,-0.05616792988259869,0.0012150155991831869,-4.834974581251907,-0.00029434774162533095
-0.005028404565593544,0.0009933305399473565,0.012212226636980406,-0.0016225040793939917,0.0005221019878676382,0.0023232833734257753,-0.9365658234470939,0.006730349206245725,4.92025553116126
-2.103014121094416,0.002326874627706901,-0.0006203555633790547,-0.002156236836133329,-0.0030430132358128803,-0.007916100804536232,-0.031006034974558033,-0.002106000288009547,0.015159132701166644
-0.06484040555071796,0.0013481106192481259,0.0209536762830409,0.0020965499929562078,-0.002614233854556948,0.004093802016354869,1.1281915290446004e-05,0.013887843460364077,3.1312137756489635
0.0017708601869782948,-0.0029647187212827244,-0.002785875387438515,0.09989169850867843,0.0022402000306133165,-0.002671344829622155,-2.5104739710336865,-0.004037309994605907,-0.010953558756322604
-0.0127322082613321,-0.0012684714508186539,0.008456946465195438,-2.9630404683784963,-0.004579837455611836,0.48265387459542486,0.0033473748451018012,2.8892431369290232,0.022853221716631233
2.4360515449826323,-0.004888584803796906,0.0023212692134456994,-0.006452978578036366,-0.008657453221166733,-0.010671458894540907,-0.002034974399659186,-1.4065383531738633,0.005345105501105729
-0.0022092607088501394,0.002874418725418446,0.0014557919306310476,0.39183030074655534,1.484249185769442,0.9341076903233736,0.014860468110643165,0.05658309529251115,-0.003362814870150683
-0.0026272532652198283,0.5799703573033848,-0.008657746315720985,0.001041969236978703,0.0011895275987047742,0.0037019625527995145,-0.005406217873295584,0.020006601519694845,0.004021845159005687
3.3707049185776334,-0.1678826059172651,0.002594520393689584,0.5713869417603872,0.0018945063652747035,0.004727008414855873,0.0008000062812180825,0.0056114393328527065,-0.006692998813521922
-0.03876523269545884,0.002782677451049931,0.004703710640325091,0.0009923088997114207,-0.0029802272076355565,1.489163582080835,-2.4113334445371426,0.036857161098940314,1.8243680507622315
-0.011848895524098048,-0.002626162245771617,0.005794266868025309,-0.0013934987644378554,-0.004229290817194418,0.793707890256961,-0.003932895446232969,2.370227880266293,0.0158107007421545
-2.1289658755956893,-0.00870355730261052,1.0139580952920277,-0.5318929166023683,-0.013716629297221186,0.009709015352259598,-0.00509290559838254,-0.004484652838857878,2.6644087358864894
-0.010459150923919927,0.0008707940492678466,0.002345217486958848,-0.0005750485708874693,-0.014989804539286425,0.004693669302594716,-0.0023931412023422733,0.008911374168550899,1.9411227452649975
0.013230646521999841,-0.010730677997268298,0.0015154428956053092,-0.0021301827344109413,0.0005609418898498992,-0.46055921173550723,0.00048430292579372536,-3.758517859799286,-0.0044880382365855565
0.007547012322741603,-0.9801710537668489,0.0023594237144475977,0.006447204380987059,0.000206765588608427,-0.152387180322749,0.0267988166008169,-0.006086765266989438,-6.5878102676006325
0.0025416569416716675,-0.35604969384260865,2.108348264540478,-0.013680838530414161,-0.463645119914585,-0.003492090776454621,-0.013254616609228645,-0.010437153956025791,0.014716668323534826
-3.9477915098004193,0.00291958594339309,0.025016305801926486,0.019810821204543104,0.2997065717312195,-0.0028096733639611585,0.003512044102235566,0.0044616400847332024,-0.02349459105067797
1.376561426612202,-0.008206090921167213,0.005928117954891444,-0.002270909851947051,-0.0017535217263583494,0.00026796065970093204,0.005366138670691458,-0.038682313109194406,-0.003854766662067105
-1.8604948574147246,-0.00013932402740745144,0.003839582239766083,-6.366554393489546e-05,-0.0019195295364319923,0.1170687295388792,0.03281491510431877,0.008682137124598524,0.004358858658902676
0.024098514384655097,-1.024198609761356,0.00785989177964605,0.0013870187618229713,0.008339951851503616,-0.0038808279309787775,0.007889188681329689,-0.03212834448498675,-0.04251892733552883
0.017207362961274758,-0.001745079016036806,-0.009617546767239894,-0.0001243592039701872,0.003106862511236334,-0.16476061377673284,0.005068049892831354,-0.009360084687035294,-3.7064680629125406
0.0010323661589484374,-0.01887558671214875,0.010307021246443381,-0.1380642103829018,-0.01344788661180477,-0.0026850686870537512,-0.024387438035714918,-0.01629962647462135,0.0043867529935225896
-0.007923542173335782,-0.0028651830599703046,0.0024606272788623377,0.9242428811780344,-3.0006307439697686,0.0013343294861665536,-0.026732505693524082,0.016293721436258013,0.06386666246170614
-1.9528304740302609,-0.00510496156932079,0.8196593465794998,-0.011243626910647495,-0.0031688572719458987,0.01686898956608235,-0.0042613801297903976,0.002301585851978691,0.818091727612984
-0.8711532152330659,0.008805821594488325,-0.45427703842258005,0.01608990195835342,0.00011978201250470877,0.012574950007670643,-0.0037876271745568464,0.1750649314135033,0.0009921949055694407
-1.5990425068859797,0.006727481708188314,0.9591014771331785,-0.0035323831166715752,0.0006459043402639499,-0.0031851675950396955,-0.0010895783651955933,0.0013331672608309503,0.0058903894253431455
2.119399153769931,-0.0005975231746067899,1.6558990948894445,-0.008132339039088776,1.8238394295123839,-0.0019395485208612215,0.23160905192380002,-0.015272400604597752,-0.027096022384703433
0.0037727030553087286,0.0009511612164307048,-0.03967328159098011,0.0017489905255695035,0.004968965859275563,-0.00012855901502572403,0.0018923932294958624,-0.0019010403744395901,-2.7686760479664
0.0018298270578672466,0.0009594562950390301,-0.7631504969093142,0.0037057825707289584,0.5374465677089437,-0.00033490904787464824,0.0031603433284762557,-0.0002716342271944644,-0.05023153985369305
0.6250226364993937,-0.00203717424295889,-0.0017898633330325348,-2.9015334542557674,1.53722235905755,-0.010903803286575638,0.0005551009285364311,-0.05879609445380905,-0.0654095528119657
-0.010334521038389803,0.6969827485912669,-0.0029141774600581634,0.01005797545884912,-0.00427514932558461,0.013577639183256593,0.8069486283052473,0.31757702256432885,0.004036683090663205
-0.038086473123358736,0.1388157613141016,0.0029679080258415546,0.9977714172009406,-0.0011941854864879415,0.0045942045333105495,0.014444175475985171,1.3473700177267338,0.003072225716575134
-0.00574125393905049,0.7324758172709952,-0.002071468914073934,0.003813754466722449,-0.0012476817655427117,0.0011353080179585529,0.0021164013973255123,2.006489917246074,0.0024725034424233072
-1.5578308427283076,0.027908902328597836,-1.219315173944131,0.49795843845429993,0.002529885397555675,0.0016090051562321123,-0.001002641947675778,3.219888856503589,0.0020899288848177378
-0.005031104260091825,0.025236437045136673,-0.003719469803000215,0.04561744474469555,0.0702727972354943,0.014974090732330893,0.007195925200541012,0.0121295731740187,-5.281135413664533
3.3425557166515416,0.0061893290309752436,-0.0036657479995625686,-0.012878976090842237,-0.001634733254167256,-0.0002833519872992053,1.4633534337588283,-0.03047887452449574,-0.0031296693626637895
4.359940066836834e-05,-0.6220217310855258,0.0667387253178618,-0.004529135103928779,0.0034590567522603385,0.0005849509465597272,-3.594209827914529,4.254496587207529e-05,0.07815955138888375
-0.003041073417107367,0.05961326731130937,-0.001179319628620007,0.007363268896269157,1.2091317376009936,0.0028227148575709258,0.004255141064264111,0.01024101693090657,1.1479187462776208e-05
0.008747897122055877,-0.0011516316899923631,-0.00015387623208863287,-2.0004493229960034,0.004414511590337096,-0.9104084682151848,0.00040492484373340007,-0.5291770511096343,-0.01162527044088632
-0.7593018167854735,0.012643224547830954,0.0035772568860795544,-0.0008158524442391946,0.0003521846404414197,0.00023516527528755736,-0.5045041456631852,0.006082655630137622,0.010182097991350225
0.9764712913771867,-0.0009483904869535022,0.00018067939991851106,0.0005238128252278151,0.0059937110464294546,-0.0054568918263743224,0.7033128070901502,-0.008940596475410855,-0.07183919498337688
0.2464403528523836,-0.0056156758251492845,-5.68066540421637e-05,-0.0037103010777267418,0.0015074938524860916,1.823120118601855,0.00022580719596130834,-0.03701625242280116,-0.01070481689585033
0.005030320227064315,-0.002648332239315152,-0.005655472188019435,0.0013029487596101733,0.0019631598330772386,-0.46763225413261233,0.0003114841411191395,-0.004814222997629244,-0.00524136182713688
0.002313055566965488,-0.12885336208467224,0.0021885738176545934,-1.1018045809936017,-0.021499345205304818,-0.002778026390366754,-1.6998186239196658,-0.017388057348401723,-0.00039773875292260785
1.6816462992777195,-2.418358589923418e-05,-0.0018457304741996867,-0.0016025135564777327,0.0011096747070053203,-0.03600640265917063,-1.507006239441082,-0.052638347994364856,-0.00822152530976844
0.0008632826581669497,0.0033045841539842188,-0.7570524501579337,0.008519790402149363,0.5261964219321982,0.0017522159604726538,0.022291704949675424,0.0022601344488307066,-0.1478377698924317
-1.1908822806187893,0.00429483607289186,-0.08417650246491808,0.0039614767793002435,-0.013144831659363306,0.004684034661991143,0.016673811811218582,0.034426758384490705,-0.00011751314685634617
0.022526827967501318,-0.011482391921931139,-0.007154088949984143,0.01005021075130198,0.002967901997563087,-0.3839812290533995,0.8976779600424373,-0.007660366895841321,-0.06821837773856868
-0.0007251205514245502,0.0020794206353909692,0.0016057563233395212,0.00021499904394110553,-0.0001706847985235013,-0.00018756223359772564,0.0002881077494502764,0.0015707159723693746,0.0008942560944425564
0.0010836595917648037,-0.0016133440670443237,1.0938363936041644,-0.0034444914528913894,0.004247040140424319,-0.00026638785327666014,0.0058579484479706545,-0.0019045969765239357,-0.002352583944579271
-1.773027066588997,-0.002573875150448713,0.01227706328324079,0.001948525210180675,-0.00157169442225202,0.0014060719161213455,0.001125423971439745,0.0041486758483721435,0.00356960547425092
0.0013154377977604818,0.011177188632501996,-0.009654152755689684,1.4575183801599951,0.02405234655318715,-0.0007421272865358527,1.2361733205220389,0.0011194353636414939,-0.0380814794349745
0.008870591547863873,-0.007450700370371682,0.03457470129478513,1.7453272457382596,0.016978468186050543,0.00016833156912751668,0.01448548277206272,-0.02483607065275196,-1.040143626859368
0.00010866454301698691,0.007772523407053114,-2.0325295971855946,0.8080186392045063,0.017602801248281605,0.0006544768389016992,0.8362914897118823,0.009086278701839395,-2.8010129923800946
-1.9555684332590788,-0.0017473788904648893,0.0003867919435795314,9.220243711411053e-05,-0.0005884351656624855,0.321113732995767,-0.005787177446425623,0.01799196294651753,0.021656288661137835
0.007499848840984959,-0.0017102385324618344,-0.0022557142857132415,-0.001114593328997244,0.0014062900785326417,-0.0030883839961481432,0.01890079756992451,-0.008240685339749924,-2.3918834346785047
-1.5196068790121433,1.5369934323778074,0.007753140362107797,0.002422996344449541,1.125835258085213,0.00044320026208188607,-0.001672941295428925,0.020390092184146284,0.005088636782166839
-0.036083493678013334,0.0016376255988199938,0.0031547586702990287,-0.006591306959052842,-0.028791035317605282,1.2966692687105992,0.0011618760006322643,0.019464321765506623,5.72306676397184
-0.0002896615894866193,-0.0015677335276660198,0.0035996042851897036,-0.0060860774547555705,-0.0037724422007207143,-0.0014948870885735516,-0.013063339442344425,-0.002036253179784203,2.9003280796287045
-0.011280941256253459,0.004644028551462917,0.001894796800686575,-2.196159218440547,-0.8459198899002909,0.0011513527777046433,-0.003782395440600512,0.013117137533911666,0.12544150845344038
-0.001358702634257275,-4.59663597416355e-05,2.9528226011465075,-0.009244669814112393,-0.020649372375064545,-0.00997623145324187,-1.3156786400954719,-0.002992329571162619,1.9078887513425258
1.5300821028736584,-0.004775860278700744,-0.022220794902704837,-0.00591754106691411,-0.28655613314659445,0.004017812003085647,-0.006025953034108553,-0.05939681765514081,0.0031033016050645845
-1.3849627744419166,0.006499944653930008,-0.001201348267074175,0.0003603157887053987,-0.0012925089404122077,0.008387359732883728,1.0640490055736338,0.03194004027967565,0.0017089911457443818
0.006609865808508551,0.0004895986394779584,-0.007289065389425104,3.254254328988919e-05,0.03651287022980834,5.2302284906130536e-05,-0.002155593688157281,-0.004870663347548373,-3.1078573962358997
-0.0015856320454101867,-0.4676617795196573,0.007687382439272757,-1.9333571277580752,-0.05543051244508504,0.0009284902489923034,-0.013590767271503032,0.0006803125021614051,0.013054627095860334
0.007109361714250512,-0.0023168057405909127,-0.00261963445745927,-0.0030035342180762164,0.0001405863414365837,-0.6632420322264027,0.0029850580879426424,-0.023375952620856885,-0.0052813005241383396
-0.06147530900183547,0.0009898508245793326,0.15675445160535328,0.0031463970271344175,-0.0029668638981350274,0.004243699814316641,-0.0031902810265083165,0.011338546143573047,1.1597159836130517
1.6034106310577991,-0.8582173558548658,-0.007074639375126299,-0.00037687823103474904,-0.0637007399440149,-0.0008730842841028216,-0.0004964480088664094,-0.02697627280557167,-0.00111802350107576
0.004282298561444688,-0.7242716154269608,-0.0015239180555285418,-0.0030836266775130738,0.0007175167694373776,-0.0029417260017429764,-0.015154760995098255,-0.03191933570695638,-0.001114113966005071
-0.0028014473716785177,0.030137660601873957,-0.014027198042599493,-0.002562510396020545,-0.8537986456377605,0.005762444514494746,2.5129509970613113,0.006355872029662833,0.008588702755091479
0.0025665667674985783,-0.003285220503310767,0.0026509348439109487,-0.4009228219474648,-0.004818627944149996,-0.043925645695838476,0.0041309204829347084,-0.05334664819907157,-0.003165287433584354
-0.0017569647686147356,0.004005972305685354,0.004667014561190015,0.0006709248133484817,0.7488080690252019,0.0022534341300230348,-0.0006741128702044202,0.00542942996986238,0.004293200988894991
0.006724501820754167,-0.0014830299708181293,-0.00586916767923976,-0.008439928001442575,0.001568664599618351,-0.01237078927107296,2.314596306337284,-0.011826409214332175,-0.05936803162809279
-0.0069876701601497004,0.004731474002659122,0.0017404804322206876,-0.3890712801317554,-0.0015863320035943702,0.004417430460814317,-0.06569052924729939,0.0029462463482438916,6.930021156411383
-4.278079380489329,0.3948241585542436,-0.0006888932031319933,0.9244536075173468,0.00403099413777494,-0.006210511073090632,0.8202201692031224,0.049658996222859214,-0.10186227390091451
0.0015017709727562967,-1.7030754436644093,0.008039469710845567,-1.0585692532359203,0.0028753231995662498,-0.00011036850285794909,-0.0001639234326853839,-0.008411650560413207,0.0008618412466737911
1.8051728406384129,0.005321247777839405,-0.00341701215660979,-0.0020645744077170125,1.722020952075213,-0.014529377133655569,-0.002556695697887343,-0.021933636628938324,-2.3510394672211845
0.7754773427399231,-0.0017033139896094692,0.009180498404485187,-0.007869991733499141,0.008299706506820693,0.0023355284653814104,0.0024148807591482142,-0.05168783913533904,-0.011855152569153538
-0.0022486748710424647,-0.0032841106142892174,0.009494538307695397,-0.03132388544119098,-0.012733874305573538,-2.2961039909545615,-0.0192193445883257,-0.005796233230391092,1.8636716482316333
0.007464530468840342,-0.008335793588653084,1.3377873701515608,-0.003341536756196294,1.2108328492164993,-1.192550058174213,-0.00032359028584830066,-0.02645180296933176,0.004104363115815579
-3.0592708315890143,0.00029122307998363925,-0.005195695600904625,-0.008301932711581257,-0.0047815972861961695,0.011842190801744413,-0.001686866547209058,0.007605923763973666,0.02143809914047734
2.5965427534855143,-0.0017840410840559628,-0.0004906693095391712,-0.0008415664024076148,-0.0007605056526531484,-0.02178795562764292,-0.3453362888691646,-0.03138532980526258,0.0008743539712320891
-0.23143842333589604,-0.0015345104096614406,-0.0012612493334518988,0.0003071459214685786,-0.015883422351741533,0.3490452180519277,-0.004013496565498561,1.9301154286813953,0.03594059118083209
-0.4288202750510077,0.003918904634292838,-0.002104619938152235,1.12115643838824,-0.01897852826899847,1.1945974009836202,0.002571583298406686,0.03690217630306746,0.01178814032662101
-0.0010898770229869367,0.0006156539112131028,-0.024345632605176505,0.0480989435494271,-0.0006650465597129996,0.24533294481116863,0.0023550022088501387,0.018237466336990225,-0.0013313801616714454
-3.6041989405166555,-0.010140803429750517,0.007109274607883964,0.002805092579136606,-0.0012563181829055303,0.0018801297588249954,0.031649339810714563,0.014795149957594494,0.008235319220068094
0.6584139941830827,0.0012197682468422142,-0.009288604395551174,0.0010137821054756004,0.004975295230280952,-0.018037332135621555,-0.0034749843969424225,-0.01633995549478834,-0.029394283906255342
0.0012396195117177992,-0.06381472951589731,1.181888597218839,-1.6957731898129662,-0.021790651513729054,-0.005323476738021763,-0.015485442212927074,-0.0088226757257681,0.011788134957799346
3.7274212063245153,-0.9445115256472585,0.002575705298024991,1.464665779796443,0.004810228746768536,0.033662655001580374,0.6719221931486254,0.009686915490821499,-0.044206482559281834
-2.3451752216000643,-0.0023401745424043024,0.005061094575431555,-0.004779614891736936,-0.006641757487309052,-0.006299505257748913,-1.048152107308096,-0.0006043067487806614,0.6007246704448743
0.0031757892083277926,0.0010535081005385598,-0.02028564174729206,0.0008246993896179632,0.5391568856886592,-0.00042933274656483094,0.011332123489394764,-0.0019824466460781082,-0.14517085954643888
1.4296659857778016,-0.00702275549207039,-0.002828744559061745,0.032238379174702736,0.006229433366468895,0.0034937286311771815,1.7194679187337523,0.00046129427323780836,-1.804902228126572
0.00848157339985399,-0.0010386389291085225,-0.007438102871600397,-0.00013552640234043177,0.005436191530280638,-0.0009014049703494689,0.0010241806824721677,-0.004757405791427999,-2.9793282079636803
-0.00590901716721913,0.008388893724293248,-0.005731900951081529,0.005700181198021018,2.2401888654062585,1.1034008346441246,-0.0033569503868640374,0.0406227838293005,0.005872696304620013
-3.2263111924369157,0.46075715287399355,-0.005067110830938706,-0.0029481537333286914,0.010662381923120023,1.647529061111292,-0.7575393130126273,0.05010507626709035,0.0086287740602764
-2.2678429480341977,0.0009543723761525488,0.003955944421223753,-0.009998134110422077,-0.008251678334910993,-1.550169296661171,0.0020672454093119026,-0.0016487342672149288,0.01779793171282329
0.003902651446554179,0.006164270921451396,-0.01182127530798474,-0.000361238059162967,0.01579828702290164,-0.0010637193520977306,0.010683196990663814,-0.001829109949128882,-2.0701600278984853
-2.648321853181193,-0.005532164034936961,0.012849060432821711,0.006434491680949249,0.0008308533629045253,0.0038139783691515813,0.5159975154057379,0.02527369394695214,0.0019055879508881879
0.7577938595065694,-0.002885166872112061,0.002421718110519298,0.0026464902286949185,0.015174434430410019,-0.0018451912243212301,0.0004363430455722704,-0.0169460339400114,-2.478344489946661
-0.000760939509247778,-0.0031019458989345215,0.04192249073647028,-0.0041910584707104785,-1.4493427334507432,-0.002051490120729724,-0.007551022275931437,-0.0020182184586529277,0.05132725216493095
-0.007323750406284935,0.009071616557339972,0.0017665739763500724,0.023936498372160813,0.005248264663551843,0.0036211681097232115,0.002945150419900364,3.1350721252968334,-0.003204462747809625
0.0012247725077388846,-0.06681043071757795,0.00802404080523043,-0.01803156290244559,-0.9112414952378782,-0.007135957926921249,-0.2243533191337736,-5.426778683934619,0.008407449895113897
-0.006017912213412597,0.004476196568757245,0.3479619110099185,0.0023722703261593774,0.004250671463948751,0.0004990794984001824,-0.5252342121801477,0.009789867966143777,0.024229173065670698
0.013176249674986604,-0.0030454218012576357,-0.0005284544060961127,-0.005248682925245882,0.0009097389118836018,-0.006102348171177237,0.0015090118032055609,-2.1915988078310416,-0.005022337587111687
-0.002126027671492302,0.0013339300704049688,0.0017412067624456309,-0.10161787371490014,-0.006766016574402668,0.0007097429001352764,-0.003700448344274897,-0.0005930639274099835,2.3927751714542635
0.015126463880622193,-0.004796963606994907,-0.0036909526015562752,-0.000537360765480493,1.067562506242356,-0.0015798620795003486,-0.0026925486500358753,-0.009073899485162643,-2.650525661314994
-0.007318036177144396,0.005580943169946806,-2.703573208963639,0.03337889107932774,0.0004828924236760725,0.010485340875069759,-1.049360671798488,3.0991003244041364,0.005607319599334887
0.03123007369737551,-0.0037274925244228335,-0.0030163864470790598,0.0001955948369597102,0.0052890870941204385,-0.02323985312743705,-0.00024707080876337393,-0.012517400306645391,-1.4084198787454199
-0.003566006952200605,0.014671296386394935,-0.00987930730779001,-0.002240720324012133,-0.0050655913189069975,1.6208399808710707,0.0032521799045447867,0.0073992280256994026,0.0036960414852674137
-0.410353056609499,0.006507290938361827,0.006070641365943077,0.005762399130775985,0.009611158272646783,0.028292525611302462,0.0008622854812458296,0.10547418151685131,0.004371380978285204
-0.4267586662720819,0.04553356791431763,0.00042740696608200776,-1.2348800487677047,-0.0023905363978033688,1.5089834075052055,0.0020536517346769166,0.7656585186866376,0.017960826973090593
-0.7041148314885526,0.0012125010941693589,0.01705761715512284,0.0009386711523083371,0.001782579506725778,0.016620330326826943,0.002081450457906352,0.02750525313822501,0.015076516960126504
0.004779498531673448,-0.020751532590161652,0.0029509124380507233,-1.6081666624818334,-0.030645263421984897,-0.9325926661040129,0.0006472661000583978,-0.2479261157765877,6.785145917760638e-05
-0.003202263081992795,0.6158555785577127,-1.0977347416370893,0.013928605540841313,-0.0035984508790513287,0.006709453186934537,0.03718280673878105,0.016390966071965267,0.0006108298881909828
-0.5234762514092384,0.0042860410682841734,0.008042987858860304,-0.0012081929085104531,-0.0009027247989525904,0.004592232535334502,0.001273129655783356,0.012200720529079433,0.015270614433893763
-0.1414146137681479,0.007273444980552732,0.003727548429884215,-0.0018165565198298358,-0.003090279605932154,0.00558074594181486,-0.0024693636213769304,0.009107573870383821,3.342288525408532
0.016676209106245576,-0.006940960596239823,-0.0012084665121590427,-0.0014095246160562838,0.00130880136586377,2.7449215152589983,-0.007289829078407178,-0.010468893872503465,0.0007066483391182099
1.2770583871907029,0.00010609533806660797,-0.003265477842300392,-0.18898733375714807,0.0004293322874593594,-0.007146492293186334,-0.5658106161139811,-0.42984711416980315,-0.0011123155064194507
-2.4706244533475403,0.0008374783776471143,-0.0008873112069875816,-0.003381447344860603,-0.0026357852709887886,-0.03163083322550727,-0.010568607950918324,0.011286537803058789,0.03876137275751401
0.005997686164125632,0.00039216335794747684,-0.00275766425586044,0.0003978322521692064,0.004071997328125998,-0.6344117977489218,0.002627019108720507,-0.0068076257252624155,-1.2196552141285524
-0.11585277909509994,1.700544498057301,0.0028472619596284863,-0.00031501330846834,-0.0067842425824964645,0.009476001516921734,-0.0005194792635591586,2.0683354008641865,0.01373303298699663
-1.0088511342832827,0.0023154008294310746,-0.0001228832371680949,0.003315559548012442,-0.5182897207564543,0.0008944815722904285,0.006683127495558201,0.0158033749222463,0.0037679851819322485
-0.0012709604762880643,0.04760393178645432,-0.005129849749874181,0.009086428733405328,0.02999877899152816,1.4771789031862206,0.19109898409518686,0.0821130694625475,-0.012156660271984102
1.6025390872635696,-0.0013280577195487753,0.002846958933827945,-3.0789438722557585,0.0019291526894444223,-0.004663211602870212,0.01175292102837627,-0.03150768165442743,-0.02427853202699437
-0.006103814929281776,-0.01240419742336028,0.006424746757412542,0.9957831633600157,-2.5638758981840373,0.006891675711387386,-0.004710326944406611,0.017936346991703503,0.017351838143649823
-0.0004196739622891306,0.00016068180062700594,-0.00024441959743137017,-0.001322358852336849,-0.004686921790326253,0.00037635089880944035,0.001796210744198552,0.00022604406640084972,0.0016012517825568348
0.0671952416445722,-0.005068003307784969,-0.007637728528168231,-0.01233276636220844,-0.0021167185341368095,-0.01198826989345506,1.6177196939362235,-0.16075220617079722,-0.06078287337477373
-1.1482041250846837,-0.002045453457489535,0.003839571445943612,0.0003434661649175247,-0.8713968733826167,0.0029570164293073915,-0.0142059025428658,0.008210022824004862,4.081719631085019
-0.0005358636845484001,-0.004825961687424729,0.0030455939565739846,-0.008513835796906778,-0.009682587890614167,0.0018728629665240636,-0.004846475469283803,-0.0007785096380191939,0.008735656351035249
-0.0008612436848179483,-0.003013449037635094,0.007406517060866447,-1.4437033020917736,-0.012835896484627327,-0.0015790469652747976,-0.2420889351669261,-0.0020761448113623213,0.009428382021167043
-0.0035146192700734103,0.0036065405659190266,0.002535255474296196,0.15664810666312792,0.0070684565899233505,1.664651490761369,0.013127949064967441,1.927250751178029,-0.0054128049721647725
0.00011454122619820178,-0.00310032973744269,1.7238109117004379,1.6890831310424685,1.1993544806167082,2.270437483936131,0.001660037566956759,0.013889350852952932,-0.008898827381243646
1.699072843542604,1.179093962861733,-0.6905534191415232,-0.0005789287296197286,-0.004925577886358681,-0.0038724758812651488,0.14722609350075677,-0.017015392366048994,-0.12812810166574407
-1.7661228094144032,0.004317744495743542,0.0007898726143705306,-0.0013723438350128347,-2.1615659593602103,0.0026773916008710624,-2.867737029082199,0.0023636383478226053,0.02645078208074514
-2.453670261842875,-0.005017940960833564,0.001386409729041898,-0.004006295062475837,-1.8052609288190626,0.69285151806604,-0.006174461782831986,0.02303789909741505,0.4032806203561208
-3.366045033272786,-1.530811616076609,0.0007073839525016251,1.5014114271829848,-0.015245666116218776,-0.009393137874411395,-0.006157250343423487,0.0128160358325792,0.03468564245186312
-1.4017954612395571,0.0558976281937337,-0.0005827049957505478,-1.5757828569438903,-0.0004118295791196852,0.0031625614113309068,0.007286727609586971,0.01595051738123098,0.02020216752600823
0.011346198454735225,-0.00141626016347837,-0.0030008062029777166,-0.0013737842067149436,0.003564333213704805,-0.009408858028115745,0.01683231442706436,-0.011811190545831329,-0.880478157217434
0.000849256818163264,0.02155234997208881,-0.3349637386511658,0.04470144503687488,0.1046013670150964,0.008763430826251606,0.04167101647611342,2.9794642887651808,-0.014394314609099366
-3.395896268270915,-0.004308346738832347,0.03464279689032407,-1.0362911609029466,-0.005913996645172406,-0.003421513000552847,-0.3034512910678251,-0.03527780968559316,0.08598484565378639
0.0003967200733603509,-0.0025872005237956926,0.007356407006652391,-0.03065169055793767,0.00010379532387297472,-1.6111063584873013,-0.5711712686695789,-0.012671422665087844,0.014552367405066519
-0.4833459891291977,0.0012233125456057835,0.0028342851843777494,-0.0020540865658181537,-0.018916718986207417,0.002624028626568285,-0.009775548618665841,0.003904349703270863,0.7539779629470664
-0.8603576683581591,-0.002132294053049641,0.3060396778470814,-0.0004434987625894504,-0.006670970146053817,-0.0006298128291090041,-0.0007929351202503321,0.009879960311850164,3.082481196599341
-0.1600621992247645,0.006158810160768557,0.5836398241919102,0.019707125600413836,-0.0007383834284788128,0.0016587117588852927,0.0020007930100093526,0.018222096735411746,0.0047455992223860745
2.000968008060216,-0.004264556683314412,-0.0014034550082901685,-0.2250576091539842,-0.008096355934633079,-0.8823663438114815,-0.617058886641036,-0.07341318102528012,0.008382190911439324
-0.6944195170412052,0.003491440041385514,0.0030993955033862576,0.003605592756461834,0.0038185424184205598,0.6000205392545204,-0.003782476494099681,2.3966934303879754,0.006151551725420368
0.6106185300670948,-0.003596536444346054,-0.02301335030248511,0.014325965986751002,0.010459887743984455,0.0024094239105037054,-0.005616210428535816,-0.004469131011876038,-0.028670437724987466
0.00465411841016837,-0.0020660808188780314,0.0018927082157007835,-0.014399432659895945,0.002280795873135795,-1.903284252374412,0.0001978338859225156,-0.02621159771862284,-0.00047956673584372
-0.5777633977380426,0.009349500006092214,-0.00047016944758773976,0.00010537564827599582,-0.0027743137514312467,-0.0040987995513871445,-0.01976011558590253,0.01082737521506097,0.9762704140890959
0.047886857860995134,-0.005823526381501903,-0.030671576309636767,-0.835621832197303,-0.004070279356853902,-0.012620870268196681,-0.00416451951288699,-1.0393227989440363,-0.004431158824994327
0.7560819396114015,0.0008635380760885381,-0.00888335466728746,0.0017775751703005649,0.0055137013978626866,-0.005154635946973417,-0.00038115083935972086,-0.008811987178399735,-0.024868857767781527
-0.0027826814972432834,0.0016615827259135604,0.002331870187628101,-0.0008662423994705726,-1.0447243437646048,0.0013281382690628935,-0.0010450278865507816,0.0021061515561468175,0.03282269585271774
3.599223956292592,-0.005098877673276282,0.001030173646756706,0.2527639099280634,0.0027918983394420865,-0.0013395886501604817,0.0016508621825273365,0.006520672642763386,-0.011379979354669945
0.0017099661696528545,0.0029042603316953458,-0.0017970476745469716,0.008502521252757394,1.3555344928749264,-0.009157755373772947,0.004595431655835123,-0.0037083203517941712,-2.4068791797027993
-0.0012519529840663837,0.0016692450624102083,-0.0034837637389976517,-2.70870358839504e-05,-0.2235266326691491,0.001735949754777479,0.0005380971104295295,0.0017055611631834615,0.0016125688128452347
-3.6193847733569067,-0.005597380729075927,0.003416942658775332,-2.1573720208185945,-0.012522486032200464,-0.0020270235127208725,-0.007924208956088877,-0.002648098594119866,0.15526323449467672
-0.9741618218227812,0.001817923732243606,0.7339746604238188,-0.000461122512140112,-0.0013998611353752272,0.01056943642337167,0.8261160631118221,0.018502856108598604,0.010501855498226076
-0.0016389308266275965,0.002689985567201181,0.7318396914092024,-0.24854838156332434,-0.0017221307686537024,-0.0003944668875261099,0.03227515387724779,0.0009355449922215592,0.009756398410567135
0.7238509598825693,-0.11724551415306707,0.0008507968944024809,-1.038121882746834,0.0064421010940802145,0.0087831354467391,-0.002628041618498382,-0.023342196008305387,-0.007852329514686715
3.718858903533185,0.009172283320304259,-1.898095784013953,-0.00046416539931411205,0.0019291179934800354,-0.006859175111970331,0.13476128472310722,0.008209960438069985,-0.01320468753482118
0.029523302575999458,-0.006042178579061137,-0.00946086788946605,0.001294510981211143,-7.733847812070246e-05,-1.2251947671752377,0.00021500054612333614,-2.49383981419704,-0.00715728428370177
-4.188749948774633,0.024086449653234546,0.0011669995827047405,-0.0493025596505296,0.002724055720751635,-0.001697623615691854,-1.1730816543954594,-0.009861340070338287,0.012885490374601627
-0.010998082583731396,3.3212074586688733e-06,0.016618031111850548,0.0009733303747322883,-0.005387360752073756,0.0008590252707126253,-0.0015047933914080999,0.006384910315264669,2.6819732888574173
0.007757095276227819,-0.006250983834898515,-0.8826562293599142,-0.04816156670525249,-0.08453422324175239,-2.4996994275941957,-1.093320986423145,-0.09903691677366563,0.011721593563204957
-0.7408518262764612,0.005156642991933077,-0.010258674450534147,0.010222012842820488,-0.004701647597031511,0.004143439934001784,-0.00295493438716226,3.836574674930466,0.0015961465669485642
-0.00027074049909776637,-0.005223676002111542,0.006174922648988087,-0.0013621018538178837,-0.0004663412370858579,0.0042902161593618236,-0.6544002592590421,-0.0005602978706452424,0.004964874454321812
-0.03328466907961847,0.002039586825090178,0.06970400093191327,0.0015984839473422727,0.0019575454955689697,0.02969145989689695,-0.020314540240193725,0.016204186723355232,6.0113623006630785
-0.3358870934174313,0.002988009415710102,0.0030652454518156815,-0.00034896302468486937,-0.003048891541680758,0.008211392017686833,0.0005759485300809921,0.06032579920504912,0.07370280346148893
0.00047693259503619675,1.7349987188641094,-0.13064507768058362,0.17197092380117285,0.9065465879847061,0.002521349563593421,0.6259989376617441,0.044833951473428835,-0.011197718073937608
1.7153863281850685,-0.44065340196762315,0.00393186554554683,-0.0007209220734125455,-0.0044077581058233305,-0.0026316173506178383,0.02384792418167156,-0.016093295315886224,-0.0027668667406603453
0.0587062131650467,-0.003727481785607698,-0.0016834559197031066,-0.6046132321915073,-0.00018019584011316585,-0.008553392965200968,0.005731580335352837,-1.513679472114927,-0.0276408441305252
1.6017314485570908,0.0032359492440459424,-0.006861111576188496,-0.0011091908557174122,-0.0015464406970976362,-0.035985542953753655,-0.0025658611283927175,-0.5885896975197052,-0.011657395181719321
1.0266927163311528,-0.0036645210504292554,-0.0054540791671560986,-0.002136253068303458,-0.0009494946719569974,-0.0034148874768909106,-0.005765826059518591,-0.011293669579752603,-0.0004055891263495953
-2.3995812530069753,-0.002493502409571061,0.0030908915999354053,0.0004462310186594289,-0.0035157895326291197,0.003568417864340226,0.011025326436178727,0.013349714978518563,0.004875479439837793
1.0082005805731105,1.4933124164238747e-05,-0.005241476415846269,-0.0010377229915838262,0.0004501023736625462,-1.2216760238805122,0.00022949152706665948,-1.8390598148551645,-0.009710079687613449
-2.5639331926690145,-0.33959916236022836,0.3808042136609189,0.000791211827333712,-0.0007796740929389215,0.005296957387720317,-0.0051703396669041946,0.0025695516121953185,0.014344474730404178
-2.6077365976463627,-0.00032861877885578816,-0.08206777728374015,0.0011507663030353886,-0.005859886478842419,0.038993384637823515,-0.007544675573458174,0.00856323103463308,0.014468741852210032
0.04310991637168016,-0.003086643686259261,-0.0022073264168969084,-0.0005806628589439405,0.0025709799314240465,-0.00844077060387592,0.00018981542080589824,-6.26313431524317,-0.011552391358555875
1.4698100259115627,0.001105496615101025,0.005980702277305471,-0.0015984294568576543,0.014249043227839889,-0.020215292575557063,-7.590127913750626e-05,-0.014045423173337273,-0.009007213909341616
-1.2374446547355444,-0.07485536706942583,0.007811034433017998,0.0018376915128895219,-0.005060978768772571,0.0012226901079522893,-0.017362637863779735,0.00522819894028425,0.10794451695903695
-0.00521079893796789,-0.00014885831182196753,0.01116333401700735,0.0013693166510083989,-0.0033208732353146777,0.03282294082409808,-1.5428121706179507,0.010291433554056218,0.03825484420687103
0.004626114704951643,-1.1055197916802257,-0.002731692177988825,-0.8620722100533678,-0.04310012420748158,-1.1260648212344389,0.002163536924342027,-0.023159757199083,0.0042159202686387065
-1.2874652001853168,0.0012293404084416579,0.002171184417792237,0.014229401936999314,-0.001084059840548721,0.012937070516386838,4.6727393078142025,0.14361960652689354,0.002687087989582407
-0.011194848790210233,0.0036696827778563176,0.04394018342145714,-0.0019638571554669907,0.0007851247844266134,0.700941346921678,0.002601607246922661,0.015382774745287917,0.009247621999250139
-0.0033178248548353523,-0.025395220060797814,0.019063405784539085,-4.16389782559377,-0.16034416184266406,0.002545233167009456,-1.2465488457516978,0.002300464338207159,0.060797196454357605
-0.009574610087939847,0.0011202547734226985,0.001964267468411697,-0.0002896655881498879,-2.2061027640100637,1.1710158084603783,-0.005684717392662835,0.010105641201726656,0.029599812501000022
0.03590085532261403,-0.736957288954503,-0.007410917027977984,-2.026466598129501,0.004473475575092216,-0.0009921545939232685,-1.2219222628783797,-0.08087374330057248,-0.011033829041271145
-0.0025086403037789897,0.9172385960130622,-0.006774664472144611,0.011282906141830652,0.000721490902651673,0.003954860716738415,0.0023852458911974364,4.3064687299256095,-0.0026690483603402926
0.004327445128210287,0.006659676265108027,-0.023734331226919765,-0.0004006987137169797,0.8580752576278892,-0.0027752171451023086,-0.003338443309054359,-0.005312167443404464,-0.10235892151371379
-0.002469505559128792,-0.0030984500122244168,0.012618766295127813,-0.6540693815024339,-2.0369496181859192,-1.291205598561849,-0.004529742428185119,0.005985502806223654,0.1192301252411995
1.1481970914437833,-0.003835673489474149,-0.002870189680466182,-0.0027461397105336925,-0.007800011414424865,-0.0181996990173182,-0.01068694122790011,-0.7958859235482947,-0.0012367898653006387
-0.03363573307803186,0.002962636574834427,0.005588437362757808,0.0019315668316189651,-0.0013109596833483382,0.002698173903011542,0.0010280624029775044,0.01898245778417669,3.62365771863144
-0.707634580130121,-0.0005389597271984624,0.0025596280786520185,0.0024301853386743295,-0.0035513361163788375,0.00494731343564415,-0.4550696298822914,0.013242323449259182,0.11908559438190724
-0.0046083805826129635,0.00561368080045963,-2.009148493694582e-06,0.003847541498524513,0.006563668449841251,0.009742188799939102,-1.739760553437774,0.026228395919618494,0.015613604696645494
-1.0442058208676932,-0.0012298311259239109,0.0028806800785077576,-0.0017726182927850914,-1.098306468945562,0.3059242781236291,-0.00567128985247988,0.008642796474181369,0.20960809725232243
-0.9756139397378829,0.002122929777788156,-0.000841463312211738,0.0004089274205322582,-1.0003257490250101,0.002697704562702234,0.004537594586587157,0.02375480720373155,0.1868393745497896
3.2909128247316306,0.02742829906910183,-0.1295129552534391,1.548754063692619,0.005960216710815813,-0.012222895576921576,0.0049389517222862,0.010911353689441822,-0.16791898236719405
-4.210650475105411,0.7493295907820394,-0.007948133101300048,0.0031586960593511125,0.007875483111905585,0.010361161586967945,0.008993979494928708,1.5135939895226262,-0.006852952341851348
0.008946328757015759,-0.011932413512943267,0.38292823357512235,-0.000275844061723686,0.006925844183811556,-0.005384940040008435,-0.0003870651462545057,-0.011036487644557419,-4.148960584129363
-0.002770929461226799,0.05097430907878896,-0.04451459548683476,0.2678579691135794,-0.0007923378118547815,0.0010576347952356055,0.047977904337304415,0.049249986363691704,0.0013433733688447606
-0.0034118364973395043,0.0008557461732185672,0.009749362661009104,-0.16446791541257913,-0.0020726341215196384,0.0015095649538204511,-0.004920710269678755,0.0006983351769462576,3.837489106690362
3.3307579950094026,-0.016806243990234032,0.003354355532093775,1.6059336118284873,0.002437792813400133,0.008257547194573032,-0.0039939048380816106,-0.006150046198152157,-0.01844190167830373
0.0009703950528460441,-0.5930136267987426,1.3744072454818987,-0.0014294240381223467,-0.008036212951986577,-0.001193875717431972,-6.6998018395563255e-06,-0.006074994852703498,-7.959072879999349e-05
3.3412344707775565,-1.0402135517188071,-0.001661109699172117,-0.3738591123552417,-0.070733243619725,-0.011049240228874848,-0.20891652751545425,-4.821234130390069,0.015464447665871406
1.7117540472506332,-0.002528617767232705,-0.0016291010486381569,0.021865696846091826,1.278640618195507,-8.183836044926146e-06,-0.00269784341467985,-0.012024830535024567,-0.07142912702125614
2.7642873967760138,-0.0012656264689631944,-0.004236960556504306,-0.5442460348458303,-0.0357490876312298,-0.9634768648128278,0.0013035191541700096,-0.03357223442593073,0.004618769391097066
0.004023728314894115,-0.0953882043338474,2.3320475837895573,-0.004571062469168177,-0.0018806619004605386,-0.004602412166453919,0.002024082235338072,-2.378922563271312,-0.004275274871306842
0.4895876426958846,-0.0042991978064202355,-0.000834362953320282,-0.0005712453517591875,0.0068711165787934195,-1.9122596747262937,1.0497154968388647,-0.00793223331156493,-0.007958681425464798
0.12025735589040334,-0.0008971085181791419,-0.0038832147669342985,-0.3440684424043372,0.006651777317179671,-1.9339959728356277,0.003263940427834799,-0.08042496656690702,-0.01557888582987993
0.0010986896197802219,-0.005024955755802928,9.06166042280226e-05,-0.0019510452429492848,-0.0005103692845726773,-3.21245587053767e-05,0.0005646339873119061,-0.002705872885180802,-0.001000870832447395
0.001707847983305524,-0.000948574008107721,-0.0014119964051727153,-0.4794159084377476,0.0021629111642995145,-0.00017188285583362607,0.1437205874321489,-0.003257119919055202,-0.003762750255779524
-0.008294169061156799,0.0012071483321701092,0.0005064910266910166,0.0023243139801358403,-0.002532564481439148,0.010721018325049167,-1.6152684188452326,0.026343135071951823,2.3290324597897705
-0.008472004957333317,0.03334290522004832,0.002168749311822496,0.046127517471385965,0.0003081203820440514,0.007843665635867027,2.071700255749804,0.05115261209723279,0.008291285316359545
2.4919927111116524,-0.010208443047823357,0.000950102785502005,0.0015785040275777926,-0.0050461946819740575,-0.02368112815200161,0.001323021621209737,-0.005054117271575774,-0.004868136933839584
0.01041239911159534,-0.002664031716637679,-1.2378944221272576,-0.011061259270578832,0.0008667099982988854,-0.003871160289684139,-0.0005453584729635238,-0.01241370707496971,-0.00460800605151581
-0.006973215679577487,0.004444675413872181,0.001137244206931511,0.0017070624963823804,3.6153652047025454e-05,0.007349477824563046,0.007401123228073318,4.251033163684042,0.0011081920812059387
-0.05913966895114503,-0.013258358406759872,1.409180222304989,-1.637431799463441,-0.03780635284450169,0.01833903629303922,-0.002834062131230511,0.02012754165492593,0.9348741447667681
0.0026559292280694726,-1.447445401561827,-0.0075948937947352855,-0.0013794764877488163,-0.9487547463267998,0.0009359812779012062,-0.012429884076860201,-0.06364807512658005,-0.004956611561134692
0.014144631707484617,-0.0007683230468742523,-1.01126106425389,-0.004670486095626253,0.643442431825527,-0.0005104816868046411,0.007056278606262062,-0.0080074622049051,-4.849467318210852
-0.008560183956421025,0.003632479705030181,0.005459353613569198,-0.14360520977649477,-0.0014139802434280702,0.005335681008689683,-0.022551217200670104,0.002673048780165152,7.207223483268377
-0.7182592213199203,0.00026876267255266176,0.017140575426651962,-0.0021603584189503473,-0.0020678326484040686,1.3382899579657188,0.0020408042521368585,0.018314700632138563,0.010133497895131821
-0.008639167739982606,0.015798428227555276,0.006105164142887688,-0.36177269632174425,0.02323360020158001,0.0036994826651519028,-2.4964233880756908,0.011853358210430792,1.889097194373111
0.021353620879888773,0.005981633631565823,-0.009772367575437617,-2.638920829843306,0.008494271104765376,-0.3639240822731832,-0.002822701435829064,-3.140429723932426,-0.008867964238677778
-0.9847883029572142,0.0022113458144596863,0.0013457959755517855,-0.0005525754337411168,-0.0003423083032122881,0.005457852719457427,-0.0018160267929830422,2.25044087218317,0.01647968816779921
-1.5876448777235779,-0.0005154814813544961,0.001808805448336722,-0.002733685380902795,-0.0094722725961182,-0.0010617400531981805,-1.0417853583442918,0.0007500883446081297,0.24839883949145003
-3.151491273368252,0.8586541740189155,-0.02208986983311023,-0.0033120678751451466,-0.00021202127362335288,0.0008227269334923539,-0.013898722702071972,0.03115312288321594,0.030943905360929946
-0.004840747939697634,0.0007123880645116388,0.8149142707241521,-0.0005956603468762205,-0.009848982801307816,0.005792362367786888,1.6201622823145267e-05,0.0021711069048937657,0.017776872296177713
0.8317887312279192,-0.004251959921328073,-0.0011806215567975124,-0.010114875445104603,-0.0005878868907207863,-0.003430893088457192,-0.0024721603876312103,-0.026945098712584614,0.000507912537319688
1.132195472127976,-1.3086774540535364,-0.003564458479197341,-0.24469529719438157,-0.004110603622010094,-0.001952767344281857,-0.00042375223803746366,-0.2327979395243381,0.0009590840113182786
-1.694536175438511,-0.013755010566206288,0.8809245389762592,0.0010091194676712222,-0.0009755848230482388,0.0035877515414602934,-0.0008621795540805985,0.012546311021389173,0.02127547720134243
-0.0002163808517660358,0.0008986806937504714,-0.0008658270906438947,-1.9668975702303748,0.001039897798052478,0.36660822838066914,0.8150597157015462,0.002862588345203772,-0.0004082987969546846
-0.01302201717379009,0.0019266541575719115,0.0020546469095161545,-0.0022253413715995762,-0.0040457781590151915,0.44689889061031374,-0.6348745912268302,0.01703414481117272,2.845147354820708
-0.9723032410164418,0.0038871589704975174,1.519163596098122,0.002455272030079246,0.0005633540160595689,0.016260556816324837,0.014393342620910785,0.042341657343632544,0.007866407879660031
0.0005365398106241016,-0.004514193491670576,-0.00019897074984139614,-0.3876596789684157,-0.005478383702321562,0.0011696827508092759,-2.4457798811833475,-0.001967022423025426,0.010024348517854845
2.5581962225964605,-0.013945989179793741,0.0007240134095475824,-0.0004926330260115286,-0.0035817221093991936,-0.009048331480131946,-0.25175203757718123,-0.0204223666125156,0.0072356315680322525
2.3065223071753147,0.001956450480296648,-0.0024603765258605637,0.006645561275412909,0.00913286181546201,0.0004266662501062127,0.97651382711397,0.003235760208270988,-0.6489051486652855
2.299178101482143,0.01963303878578164,-0.7246441875076457,-0.0035235336157661418,0.0024668952533278,-0.004553593922008119,-0.0010403091840843343,-0.004038994079488642,-0.004069930676844247
0.0007639211267720789,0.7724648194422383,-0.0048043759705023135,0.0022821068251818928,0.002580758592160614,-0.006960967898468265,0.00653590790632345,0.0022443283872618093,-0.004790020689774501
-0.1312820128971145,0.0300341287564894,-0.0166097292667105,-0.0025606838815998775,-0.018972831431478758,0.2783123830312477,-0.004011059517140612,0.02112383715666788,4.434777662079764
0.004626958477941986,-0.012441103671797897,-0.0325783886686103,-0.0028452634912979626,-0.6371046112241534,-0.0037755584983299373,-0.011159942828623629,-0.018225003387554034,-0.010894973852418246
0.013994029115492985,-0.007093206118730842,-0.017256762617237062,1.730689507304318,-0.010612141125453958,-0.00790158523787919,-0.01404412951297826,-3.288606217831183,-0.005652515894729801
0.0024678182550878017,-0.06006330044413111,0.0023001982310749637,-0.002000573313359351,-0.45554856666486987,-0.0023163273659477647,-1.137186343108131,-3.2477102683298043,-4.1947342682703906e-05
-5.2914634838626515,-0.010514981753719205,0.0220201296358698,-0.007355821428167569,-0.8622223345566526,-0.006907897195314774,-0.0034190269242575025,-0.027133614148780683,0.049235820650235684
-0.05653332939721228,0.0015097494404779435,0.0033508573556417336,0.8799076953152113,-0.005011528518027181,1.6120080734716504,-0.02306828512287075,0.07033137827162035,0.03246787201601353
-0.003562921969563858,0.0014157537375691534,0.004410915261030774,-0.0004054868005697529,-0.006074991639248425,0.002237741246537328,-1.5328499692820257,0.004040509784434388,0.15189436437152676
-0.011398368404733544,0.0010508683585681378,-0.003313280086321973,0.006201636469432611,-0.007912688817021772,0.006787106245439246,-0.6727780121396691,0.016990001876826213,4.207302533375544
-0.0010246807550178538,2.315038401204187,-0.00813024170680541,1.8404763728504812,0.005470614203507848,0.15767721043941896,0.21473333761269275,0.43071365418558494,-0.0040632963168025366
0.005814012962146153,-0.007679424499091942,-0.3541221946272909,-0.005757572622327596,-0.4920282779209697,-0.008282925197457396,0.0018447417159115078,-0.024024708421112324,-0.010029335421028535
-0.010886024560276082,0.051847369783494544,-0.017527928010910892,0.002917441952087902,-0.0032588553969921485,0.017557389799065605,0.0028777206554933396,0.07096798337768696,0.012604588402713498
0.002768504975542844,-0.0056606752483156705,1.096814044963753,-0.05128510902495635,0.0019234451872135042,-0.004228800107044328,-1.493514806990297,-0.008033737751479504,0.0016061726283828626
-0.003435648112171799,0.026638102956758287,-1.6833155278920273,0.6565590208901004,2.8180309552468445,0.006350656812353368,0.20853267100864822,0.015969303173546348,-0.03347761415430439
-2.878155945609656,-1.2890568699478258,0.01158655512306575,2.0519589028219944,-0.0029170658304006336,2.952870966189827,0.0033640668581554553,3.3201050264357788,0.010410288228944076
0.007501649008101581,-1.0258813819236245,0.0014867563816584198,-0.00043412363810948877,0.0033051435218716067,-0.18701255824700183,0.0022129009418476683,-0.02856645127392272,-0.00989214529543148
0.00017087656189060559,-0.5115502615595908,0.005535728171489306,-1.0527539760513627,-0.000998364506559147,1.6119180241386513,-0.2635646332537229,-0.014704212800688387,0.011895453779166287
-0.0059360060740021,0.0006397068164557367,0.0019475093753796315,-0.33868729253332674,-0.1037722274980543,0.006094668902429183,-0.013878146256685441,0.005397098161627208,0.6840181080687551
-2.8004856123648176,0.3967018083055778,-0.003576073473199659,-0.11320137890752602,-0.013675712340991686,-0.01774843848530687,-0.7606919646088368,-0.013844728519215602,0.030679320335770033
-0.7020438743953208,-0.0001567863741940359,0.004928064674343956,-0.0018387869270475449,-2.439499784371647,0.2792546567096911,-0.0018496177177961398,0.04544841708694347,1.1952059936620376
0.01830893875610936,-0.019330069868083374,-0.0003035068659506812,-0.0036005364042605704,-5.9177571015529666e-05,-0.0026355413122327227,-0.0029029887356065006,-3.6932635080270373,-0.0008351400372411596
0.4397726588903502,0.0005788994981057783,-0.01570333127052281,-0.0006892681833363607,0.002876201596178616,-0.0769105106514144,0.0033701176024114243,-0.010833570791219141,-0.040418110243968935
-1.456538074601195,0.0031765806309937963,-0.0030067695025441585,0.0020299277617792993,-0.0001773430749317205,0.024591508384527342,0.004932202860495501,0.057291842014321026,0.0003343740787426497
0.0026920472304254473,-0.002798284458198185,-0.01792454468409789,-0.3788780572651098,-0.14518516231292952,-1.7629569663810316,-0.006034988638555677,-5.659130649293029,0.010277986444378329
-1.6985462584449782,-0.0016263066944614858,0.03637406450449025,-0.0003418976758102798,-0.0019950143809439012,-0.0036706791227204064,0.005020444237400725,0.006100803970893241,0.01015199019032545
0.021891267389748864,-0.0026433395372042062,-1.6644126258228096,0.0015622423008741712,0.0013138071473303178,-1.3850589061755607,0.00963339436243886,-0.013924192478454084,-0.0739088342854144
-0.0028995099128800803,0.05499054562714398,0.0021834230718969895,-0.005081285743639633,0.549759736259758,1.0284731863976384,0.004051158131470973,0.007641363436479977,-0.0007074949821551449
0.004737111385212046,-0.020230352960504537,0.002036398697751759,-0.00859011163442327,-0.0024910440118617715,-0.0022208586446666946,-0.007043875659883468,-3.811553125889889,0.002642194595178192
-0.0008497213714908699,-0.5559852504022368,0.012926683673853133,-0.7617946317337269,-0.007016608695903378,-0.0007096967632226229,-0.019749438397402237,-3.7206880058822174,0.014313359844144405
1.0929282011978043,0.0015771089229835574,-0.2171286456268,-0.0023570675907443627,0.00015100276529493757,-0.005271715895279557,-0.05259994162086613,-0.03265620616829497,-0.004776266421005176
0.0005266754114809729,-0.003677157300291508,0.0019312538381500988,2.875525151104741,-0.0025666659865716673,-0.5711337250672954,-0.4969856586725151,-0.0074259855763225266,0.001987834574303987
2.2666806395872747,0.008169390328734252,-0.001584205226781446,-0.002870572094778104,0.05194119408319853,-0.0008731679331009351,0.0010322451287861217,-0.003392992639170955,-0.0029627723768591296
-1.8083806802318199,-0.0014984506630970895,0.015818839680984798,-1.9787891216494184,-1.5503932662648028,-0.0018443670023735037,0.004467328435448968,0.009390210949598701,0.039470366389523504
-9.791694038092003e-05,-0.3820816687262007,0.09840262571032135,-0.000659761151401303,-0.004236749145049672,-0.0021331968317933364,-0.2493227026798075,-0.0037723750631860507,0.005534708717270565
-0.011912094491050351,0.002999390815337403,0.0012744895744487023,-0.7874426239813255,-2.777659725608652,0.5549598457097347,-0.007745417514973967,0.02114797852079045,0.3959765771644772
-0.943035659890507,0.025844925679695045,9.26273235010034e-05,0.020736350489529896,0.19739984257933638,0.004346994209225167,0.006721412345529884,1.467798120901488,-0.004255197087906087
0.4450152449657824,-0.0001220941883898785,-0.012382491311541925,0.000141836071065381,0.006503087973387679,-0.006869166970647734,0.001108708125194158,-0.007018134460884915,-0.025054061633022477
0.0011405217911670993,0.0018433646406055479,-0.00738784311947864,0.3505287701581242,0.03682463014554446,-0.0006864304182831035,0.01684626274296962,0.0021767504594532748,-0.011949341290503353
-0.004086310247612081,0.007124362126353539,0.0094364772544897,0.0024922297769939374,0.5077685856533121,0.024679193917290877,-0.0064786441484939354,0.011312840501667835,0.006914709793346221
0.27872566053848713,-0.003584660754127463,-0.0020092051268851205,-0.0025122472627062795,0.002357317960172422,-0.006051707660068692,0.0018913936171022338,-4.975467494613699,-0.0112267122825426
-0.019887878293775717,-0.001727162077135502,0.0026393861737278035,0.39709453414935847,-0.005798288586952791,0.0013849839947766198,-0.0007305818518752549,5.7666059087659995,0.01034103185457766
-0.0006688230969466528,0.007188439574105278,-0.20490073252253138,0.01959336453267396,0.0024188978957217634,-0.0010151631156087946,1.3329973572352827,0.005847964832107099,-0.008083445227375897
0.007222025027098919,-0.005248700962774141,0.0001044803715396312,-0.004338750114823125,0.0011129286073479454,-1.7376447651713278,-0.29712630121843087,-0.2174523323353869,-0.00031885817858053056
-0.002671142898534577,0.05216191154519277,-1.0020259397992448,0.005467116949971471,0.0021153292255555356,0.0184968855957545,0.026187845927214255,1.8206549052626337,-0.0009693901043672441
-0.009827498670052896,0.0033177994670911056,0.0072594920527256634,-0.004042634129488368,-1.3726244617694519e-05,1.9574443968980237,-0.829344733654107,0.011272982297068475,0.022207579231744767
0.02109857051228152,-0.004278004460421552,-0.8675721970459012,-0.0038065041449766458,1.0394525801708219,-0.007273912386665407,0.0005566874302507419,-0.013078631090512972,-1.0700923310048545
-1.1712584246165259,-0.0020415975875648787,0.03677324749633934,-2.157220448435957,-0.0063208422718126975,0.9020713938270238,0.5158459792319066,0.047210202016620906,0.022133111103041114
-0.0003255908948627233,1.4857906512444559,-0.017863013662698053,0.003277652257015278,0.0012209835814717207,0.5184339586923031,0.005110290011138014,0.02058999035036533,-0.0038426715015538737
2.537766581901973,0.6136356526436637,-0.01257670702036319,0.0015392012332340523,0.0038818571705302105,-0.006384741035319755,0.0009158517097821069,-0.0036947932927416122,-0.024535232113289784
-0.02375281354462941,0.5064933301615986,0.0023488425315284465,0.0009084859394700461,-0.004125926362604457,0.001920023748416798,0.017113991926400774,2.0087355974466057,0.003007085289120061
-2.7562139285411384,0.0035027739621920043,-0.001825665146657475,-0.5576212047876418,-0.005394537173789071,0.0022168364464096564,-0.013712008079449917,-0.01149603942632959,0.04073132459401685
0.1391860676420399,-0.008192310156307826,0.0030924564486724745,-0.011038835885567165,2.171061849635019,-0.005338127251518514,-0.02055272604064489,-1.0758919507107574,-0.004530413306292419
-0.004885868231855111,-0.00050415284094282,0.007530796453604967,5.15161960907936e-05,-0.001275965938956558,0.0004847740609989612,0.17458433296134263,2.398108267666254,0.007060814137227887
-0.013076667420378288,0.002178728409227771,-0.001243931337834037,-0.0004475540268512254,-1.7918773450727294,1.8053972209686182,-0.013073665532154218,0.024124775065011574,0.283508782470411
-0.012541007120810795,0.007479550981785809,-0.004287400966740503,0.00015409300205778624,-0.0027442222936520126,0.010204642461969629,-0.011579748003743126,0.015487577093371205,1.2569726987017824
-0.00010124588750412902,0.054147586415523224,-0.013081849881615343,0.4989035384055773,0.01019498393444936,0.0004237116622954639,0.796971768637553,0.003997424935840724,-0.015154218230651523
1.4656324084037937,0.18680378097364025,-0.011631417701753426,0.001215195029786495,0.023138687444133582,-0.008938035521073005,-0.0021414355077195163,-0.0053023924500614356,-2.484176923073896
-0.004264439685308193,0.0008879672688305731,0.0001537249763612922,0.7681951569613514,-0.001060205450031237,0.0062252013139660846,0.0047333951975920985,3.355113974552595,0.0016376102064732945
0.0006566775869403527,-0.002913694382435758,0.04251895534961606,-0.0028361079478859286,8.34987714112727e-05,-0.0016230521424270856,0.012645798075427098,-0.0023610904758420512,-0.0007560211212351245
-1.2327111907445103,0.005003977495890435,0.000465194220702219,-0.0038729840206364477,-0.0018661419431370303,0.00343028521398422,-0.0019979573081554246,0.0036888395250420365,0.012391967494480766
0.16032114870560807,-0.01854555903681723,0.005251781878473062,-0.000369126438302585,0.003980060208839234,-0.020402145431226676,0.00903390357440103,-0.04147795714755874,-0.04298341845376759
-0.055470359471399444,0.0037303219798052786,0.0028256579749793825,0.005306487339854607,0.0014207112977765064,0.026175656446408582,0.0019328986781963356,0.06738940444433925,5.179672321649328
2.3675253852200626,9.637205083096395e-05,-1.3280072481899885e-05,0.002688049093018699,0.002215440472567713,-1.5461651100289098,0.006012471342183974,-0.0005711262180009488,-0.018000570101359192
0.0007661394560517349,-0.010557819049418646,0.013275771371357104,-0.010169713665581878,-0.0014227227862592803,-7.821304698174971e-05,-0.014919262650344376,-3.7366202551326966,0.003982319592220618
-1.0887681010698085,4.908459718698659,0.010988528168882378,1.2639959897306312,0.0025905778374672173,0.007302165083289438,0.08535688024154675,1.643137658870704,0.012294066317285357
2.7325299207088958,0.00039910673104499384,0.0020709006662077978,-0.0011572635687081454,0.001586821317216533,-0.40853353068257325,-2.3615135043494884e-05,-0.012385856445019371,-0.006446949716458483
0.0009433262839301177,0.00025663521471920537,-0.604835679273783,0.003785431259655547,0.0025217185456784244,0.001923004050157435,0.0032785564572052504,-0.0007101329518527624,-0.01832507283922694
-2.3075386475260373,0.0037404229875414204,-0.059925339504175,0.0024742290864375226,-0.0013214149837579917,0.02813749758928704,0.0009101807137824394,2.906579146952703,0.005532311892856245
-0.004363413038184456,1.7933076872124705,-1.074838158157733,1.183775021815722,-0.002292736579668957,1.7709468779959048,0.0014749693680957063,1.9602456672589534,0.00314664311706514
-1.47620909444018,0.004699053723878431,0.002102956985910346,-0.010118163658575804,-0.005437091781676476,-0.004849920794298242,-0.6006121095601475,-0.001764039278707094,1.0636534977011305
3.6293593234786017,-1.0315414801166372,0.010658740502033887,-0.023440763010730465,-0.011791499157283364,-0.694760683455584,-0.00273123344718907,-0.1540448548880728,0.014148393827523198
0.009616135744245108,-0.0071563605379004365,0.7432133012069426,0.0011846949290064412,1.8573722488087467,-0.6952858414272557,1.9565025645788703,-0.02889875450023449,-0.7591903545809018
-0.0028401321700223456,-1.1809363601061467,0.002368169907773011,0.0021557132124080843,-0.043299510167528275,0.002002953661177448,-2.466572464619537,0.004816494387528146,1.1892365830706013
-0.012978293376357624,0.003760375434473316,0.004732330397999241,1.4711547163725103,0.0007303660477290651,0.031107231104387324,-0.011772357869536194,0.6920141446784963,0.014269157725514313
0.0005594901796739382,0.003442433411446082,-0.005714957606304594,0.002519048692136755,0.0017504655259728819,-0.0006416854711585492,0.005516023213951794,-0.0004046350356218531,-4.038911946304164
-2.8823313204844636,-0.0026742598270848876,0.005663178815950326,-0.5443841844168141,-0.006302037673285327,0.004315788715643039,0.0006995686925815661,-0.00212444604557498,0.07742525081408336
-0.0067280724981130385,-0.0037316835332350164,0.0029452693266720283,-1.2471431344879802,-0.023834298653114018,0.0027879580291161957,-0.0041363763524850106,0.014956801598526581,3.6992511229041734
0.0030476032626891307,0.001459669157206251,-0.39634993155588966,0.0009244810499037452,0.006419670465951231,-0.001960519164118343,0.003354622937729592,-0.0032527573269184526,-0.023343672558185945
1.8012352203318367,-0.0034250588018162635,0.00254938956257577,-0.004202460278621376,-0.0019740265076039765,-0.004279519941543617,-0.0011078532084351552,-0.03778727225697391,-0.0003695673587120196
0.6486751963418707,-0.001499474910234222,-0.0075125144279775315,0.004008056105915342,0.005689540614112219,-0.0015112695433444365,0.00357977200656346,-0.009499038128585255,-5.437451712075427
-0.00039878255758971385,-0.0026639057295054476,0.0010926535055524734,-0.003989586027337502,-0.010752922932377671,-9.8298646528112e-05,-1.0864974115584403,-0.00011360665175016754,0.01479512654746424
-0.017866384047394445,0.010560790766231364,0.0030032975420641664,-0.002151831857152194,-0.002414497087867824,1.6992291303302105,-0.0054695479166665985,0.024125819042808097,0.01324996226109737
-3.0062801401921213,-1.2958910799312262,0.7414275317542476,-0.006468061561323124,-0.010994696064519388,0.014172433209185781,-0.0011766260696777844,-0.00968287632231389,0.041364864569804594
1.096252655546212,-0.007248722142879315,1.1393134120127952,0.0028596469270876952,0.03228488405057107,6.744673838848607e-05,0.004516985214465674,-0.00508047968723634,-1.6814272785639242
-0.00019213437089461916,0.002940518282180108,-0.0011699719426693403,0.004854202444525204,0.007973846849233523,0.001239012122809184,0.07001831114385076,0.0034668934309928473,-0.0036668470377870413
1.0427552668982643,-0.002561539878937793,0.0013610281607650265,-0.005380373015977407,-0.0004418675863837769,-0.7593757223541614,0.00019116801311199957,-0.27613545617186686,-0.00214965252748571
2.368401969521369,-0.0012796935521433635,-0.0008301584057783459,-0.802673047723475,0.0013616403875073083,-0.003869471205812967,-0.08544621923533208,-0.043659869802924314,0.007599853404299084
-0.007497496478161274,0.007434534652793277,0.0018513960003054008,-0.024331197799337935,-1.3345489281108025,0.0027924758765138172,-0.01989734994212962,0.004407767547678087,0.9092122104907752
0.0008067783221278243,-0.0017275583318139413,-0.0005979429290017381,-1.1666151070041018,-7.074514471895523e-05,-0.0003900573394859944,0.004663892677960784,-0.001965985088271712,-0.0005981676484204679
-0.18155119403266523,0.9377964899666038,0.002395155953648263,0.002672368644360642,-0.006025148146530552,0.05142019537552302,0.06307074140937913,0.35193166400847026,0.00497808549838738
-3.2585740979486353,-0.0017637085225666593,0.011221217737988357,0.011120350905654199,0.005114051151212461,0.021128393536085248,0.002115155537814009,0.011081273485474464,-0.005451721368505136
0.021263527435060492,-0.001697160379527378,-0.005220870237947921,-0.0015386288392383388,0.0006134282848676738,-1.0544381775990717,0.014102206867675021,-0.01639610498974349,-5.554677878706206
-0.0027288847095800293,1.6234061244210352,-0.9267061955867055,0.004743061098080865,-0.0012200149366601099,0.00413636579697188,-0.0002152266567732597,0.1494400674002776,0.0023004629179169695
1.7918283758686044,0.43601388307267075,-0.04206385474844228,-0.9822685744260616,-0.0009767917692742809,-0.009711738942034403,-0.001264425653503775,-0.08655781650360624,-0.012324014775833614
0.10416775450224872,-0.003543904046641077,-0.001980871496282351,-0.0004864318482981165,0.003943124489868794,-0.17958506370764454,0.003679276891493872,-0.0199735275890709,-1.88318918782667
-0.001807544048116721,-0.006837858407128333,0.24161712928362042,-0.005278602437070674,-0.004223071817996915,0.6851293922215788,0.02005334548030503,0.003608491955902564,0.005107270844724281
-0.004258441055020956,-0.001710316822178956,0.002934956500955042,0.8322915568837317,-0.0008851298807809427,0.0063665366049896,0.0027697654690669368,2.4905787867982427,0.0048031182956613724
0.01125493627703026,-0.013338830672233695,-0.0021891206277150225,-0.04605380373626397,-0.9686599746663233,-0.05422511340079335,-1.7868956793217416,-1.8069016611424955,0.00025538992843558705
-0.3953398760747897,1.5046615969577792,-0.0008805378101857213,0.003061606615924542,-0.00688537496004714,0.006694393934581245,-0.0007723715667412277,3.545532029571838,0.01341505678614846
-0.0014571114081713171,0.004086260774742467,0.002991021810839807,-8.19635132926732e-05,0.003158255012116091,0.0013422482303427775,-0.000916944582834749,0.004252269948883752,0.0037546066600916356
-10.703234714357736,4.816783129162194,-0.010063537201529749,-0.003853606286497545,-0.004780843405739754,0.004594114933000552,-0.006290525005608699,-0.0013584582339796758,0.008618781512664153
1.4210111356659652,-0.0013780315340711155,-0.0022333255176533624,0.010485220363872422,2.384262285276262,-0.7219871793069472,0.0024583718705459097,-0.010100476569350536,-0.04571328030250599
-1.1548189324767812,-0.0004637548042073329,0.017761701695191277,3.8687702793908056,-0.0011494720324309766,0.005498032344110666,1.9708241045741124,0.16506480138466312,0.0073870692224458825
-0.010496066330697522,0.006550609461993609,0.0047451265611793475,-0.0004578273165370551,-0.001862499147924324,0.016690845023185817,0.003614601355887981,0.04060313685441065,0.01751963346379675
-2.3059546644457387,0.05764205198211892,-0.028020659952094143,2.86106479063915,-0.0037877219506896806,0.0006885288292386368,0.0031741190457411275,0.013463241714952119,-0.005307623563041375
-0.012874714548049379,0.003906707666415481,1.4956284558941046,-0.6869819016054104,-0.005161445960725185,0.008737881135162811,-0.003444265869693779,0.008081519897384148,0.12885877481971952
0.004401692126115618,-0.002499058258803194,-0.034152428007477066,-0.0043332001766336345,0.0021235038084926215,-0.00503094310257871,-0.9142841557053245,-0.01143070578784422,-0.008529783496861931
0.005090515932201268,-0.004167803962640734,0.002368690313121721,-0.00100165825571047,-3.289200807631357e-05,-0.0035860318375615695,0.0008265071504612504,-4.396709215424923,-0.004497186666126765
-0.036974303336145264,0.008174877729587344,-0.0006701193908537056,0.0025724287274627566,-0.0037643745408285755,0.0017652384986330798,-0.8501131536898888,0.019153076497710267,2.192662239674752
0.2461357213817421,-0.001545635819535665,-1.861649126703171,-0.004923284068798078,1.178289296620273,-0.012806744909985082,0.3575663889931914,-0.025231391973195266,-4.533477292504358
-2.506875680552264,1.8965866416535686,0.007217393726077853,-0.6122718349210313,-9.015181621252477e-05,2.477297975305523,0.0012785168435759803,0.017767796846863068,0.008170105042763387
0.00042886180590518677,0.0016781785686644406,0.002085155966739942,0.9813399224451536,0.2218658019172637,0.00033998081324026976,0.005842041116233083,0.0008912264501423515,-0.007238729049908237
-0.5535798362396136,-0.01419422498546763,0.9925094878926782,0.0016703835850745558,-0.02418960195756706,0.00682174797519706,-0.0019226440139694725,0.01405500142823849,5.103949098858958
0.004682060707878508,0.0043111414651478,-0.014016471880756255,0.663131670255432,1.6190549509456924,-0.6395928277315204,0.9092798154312676,-0.00442581650931459,-0.125309482300749
-0.0001443157568883339,-0.002365230478824302,0.1941414044969902,-0.008149310751536978,-0.0010728964192440414,-0.00015120882579084397,-0.0011755960841823279,-0.0015177266246226766,0.0053732152306816125
-0.007076144675205703,-0.0013266502320718934,0.046019089299257666,-0.0011130522192081516,-0.008600167364033384,0.004066781087588067,0.39229953800557077,0.008709032964383336,1.6006523007323432
-0.000174583174034142,0.009381152902427178,-0.13373169463020929,0.3006257015276644,0.013329839746892716,0.0015296896691411365,1.9770392602362206,0.007981337717899759,-0.05615740732508284
1.6893428372496284,0.002106108796421027,-0.007988057553875987,-0.0018966654122074729,9.706274484799424e-05,-0.003534940704366952,-0.0022326471702402984,-0.011366874957402202,-0.008795342946620516
1.8760274397230705,-0.005725347539940237,0.00105279659205227,-0.0040589809758863615,-0.004886586277895278,-0.0038413470199761338,2.350277236442556,-0.0398184699037718,0.0004448423696155057
-0.048973753543362086,0.0059282328022481606,0.009570482359172312,-0.0020405047976560994,0.0019730879366883676,0.6965490938738761,0.005884215106209227,0.03220131053450473,4.193870891885155
1.8206744056298514,0.00151819129101863,-0.0033521932804254848,-0.8155400781353891,0.0002458563727955089,-0.8782704800030086,0.006322328346746713,-0.017154649043505006,-0.005230407147868099
4.314196686948133,-0.0003393754492000689,0.002051792061788807,0.001666913699302261,0.0009241603156016354,0.0018082477638236942,1.0641435027638735,-0.011589524600948115,-0.05476384988837113
-0.00031018514372557933,-0.00015711757295726943,-0.00034764883293220963,-1.0199931909219666,-0.0046788339607563905,-0.004240484177389825,-1.1887417185820977,0.0007494330237275866,0.011818523630296757
-4.411918323436209,-0.00137739472783958,-0.0030871765518083877,-0.0017957640548439922,-0.00448670942969525,0.01863525796228504,-0.005920798417364148,-0.0007415326446611574,0.014600515458004004
-0.4079040618030041,0.0014559393610563062,-0.0006004799081679993,0.0029437624056413807,-0.004840796618672096,0.017625064716714184,-0.001717057956369436,0.03653537065500864,3.533740666820208
-0.05856960538016598,0.01932009145653408,-1.7433410132273643,0.001810504100504957,-0.00226065629525502,0.01370347015559368,-0.0008977946701613729,0.7898110077095755,4.073614412436308
0.0011479309172595122,-0.017806323189441354,0.6369797961984908,-0.005331629517220517,-0.0024906002724558074,-0.001477841089306808,-0.001313384582025259,-0.004566809126912004,0.0008273092134664459
0.0038761060469089392,0.002249785420409962,-0.34465019369553074,1.2469693275862779,3.44446248720236,-0.0031346143404774734,0.007277796331461337,0.002021120953174499,-0.042261256744422715
-0.00493929405159639,0.006278091931665348,0.004997237400428993,0.0023924244711796983,0.007243426810031801,0.7124824477590732,0.7718675618083912,0.023863364072440635,0.0005976655270396505
-0.010520709850636118,0.011247691258987095,-2.066968733222818,0.007266263585334665,-0.009413619133977738,0.0072058448166047685,0.020735227297686502,0.054224593639825625,0.017712419444208892
0.011052871522801103,-0.002854274340218402,0.0013047950747893944,1.5058371901625465,0.05439557171204898,-0.7547740117376864,0.006811486232234074,-0.019285111125090695,-0.032544237464427875
-2.71201245445578,-0.005634385054005958,0.005202085165952948,0.0015320992893294296,-0.0025837499863900736,0.003080733185565537,0.45367672693470323,0.022979624212104158,0.007616139706523528
-2.2904605832126146,-0.00104784152963822,0.00249987347829745,0.0056474069052172195,-0.003468433290643745,0.0015183248313778725,0.013218674655646766,2.331132028871772,-0.007312913229772566
2.55268483528423,-0.00015010357773938103,-0.006496269186833978,0.004178144089902806,-0.0028689588350850857,-0.011796440322677978,0.19970349079682576,0.0007974525475206058,-0.018463566070229975
2.41905155650904,-0.3298698764178415,0.003519562930692721,-0.002181991665411976,-0.001980249313516893,-0.005014245643930062,-0.003508496525974642,-0.015303216191654735,0.011283228346062713
-0.8195403661547553,-0.0003696263088999868,0.0026312099203395782,0.002546329880363199,-1.3836385808381932,0.0018538646503729736,-0.024736649243487285,0.02144594934982727,2.5540241451683343
1.1801014188334484,-0.004520821457756416,-0.5323652892407335,0.6996574748261898,-1.3993509593217666,-0.00972420094316125,0.002252878523689346,-0.022313895959526316,-0.06261673716873267
-0.0026243272835797353,0.7207607028452027,-0.0022794368181112464,0.7867503649351137,0.006202905555614667,0.1198172751811841,0.003058445240778118,0.10606697544986415,-0.0012999498125164394
1.6814017520782913,0.001585102886460391,-0.00818188278657191,0.0039499685108031115,0.003977086456384078,0.001107903814008813,0.500121504317366,0.0034700467497214976,-0.08601841822412681
0.00021985572866483824,-0.00562809458184582,0.006740814688223889,-0.0009073031206320165,-0.8919295411377015,-0.0006623099674089492,0.01574591908855871,-0.0007889035770978735,0.0011973571336501357
0.003223687489213929,0.006525508740802765,-0.008025574306158408,2.3253290451247683,0.0068785151142302,-0.0020458421901403227,0.044382251308185766,-0.0016492177891290344,-2.0701563190967933
1.7847215501902236,-0.603628096465142,-0.0014327315748102684,-0.001741476491912781,-0.0017168830214213601,0.0007193975931641406,-0.7823069412469763,-0.03998998346003616,-0.00033800508252918027
1.3618107213504957,-0.0015735360788399107,-0.0030348112656570364,0.0057527185376074624,0.8452697737664023,-0.005052121999796835,-0.016992457784504998,-0.008341534929008548,-0.04693050871616844
-0.0002817441380606883,-0.013295881084665628,1.2029068061007753,-1.563374621309117,0.0012623609494737346,0.012901187449917764,-0.0033046056830212424,0.002995706717542075,0.009237586379665458
-0.008836453847814953,0.0013165301222125465,-0.014025492575897152,0.44865868818622273,-0.017730631450917224,0.06388137406211832,0.0067253793784103535,0.5063376911412782,0.009342196646205263
0.18841059713949654,-0.002159889064362545,-0.07323403211739273,-1.1373472055189395,0.009283409511832926,0.0007314758114235019,-0.00391044607484178,-0.06310255167917546,-0.026745635271594462
-0.006134801626340686,0.0018256970318175003,0.0007558063160459164,0.0005961552875593508,-0.0014158651775155774,1.3058706094167616,-0.004710637888581792,0.024217042518068672,0.010208083741147983
-1.9480042500835932,0.002012063849076975,0.011327892679631487,3.600656615042716,0.007528696938208956,0.021610159180482338,0.5467652775123164,0.060151839958765295,-0.00311281934204799
-0.008613418756012264,-0.0021082571252704833,0.09051369283915345,0.0012821289122748707,-0.6136803010992237,0.0012122327926755785,-1.080928410977532,0.00558137613796135,4.766814446988219
0.0009918027761780662,-0.004858416336610536,0.00011570717257392989,-0.053653237626126185,-0.0329515069531432,-0.00034073948076181887,-0.0010288418077734833,-0.0017917338471751254,4.291964600507046
0.05065934347029816,0.027345729551340098,-0.9170045105682418,-0.0692882446114946,0.002819795500586534,-0.001954737166420168,-0.028614238462169705,-7.3144738847623625,-0.010475209555795673
-1.6498063777978058,0.008116473391541973,-0.0033530994606948625,0.002896342342909242,0.0012904784127300735,0.006666698913819089,0.014137167900992273,0.06459234150780223,-0.005963377330579944
-1.33734684982628,-0.0030524329983599922,0.021238432223060634,2.9989802728878137,0.006080204066229203,0.06027497596987351,-0.0009176549685183458,0.7776327940973636,0.022603411758987335
0.008042643425778392,-0.0017514999028457254,-0.007157433691360887,0.0005422048283387268,0.003556080010289698,-0.0047259580737003554,0.004316273850862428,-0.008793876058457759,-0.38839999466870817
-1.7625702702941615,0.22187251620520654,-0.0027089095350557,-0.00011498322183445275,0.004889498719943885,0.002093750510491528,0.011478911866116149,0.04885076699958474,0.007905142388769854
-1.922961037783364,0.3181250610398369,-0.0040466969800256394,0.003704485960466528,0.0003670921030331578,-0.0013673906757379044,0.006178872070372923,0.020834268492538367,-0.005845167610724511
0.21305395403490893,-0.022320326798617066,-0.0029364456805008507,-0.004485588772324962,-0.000563950511244874,-0.0038354663459738776,-0.002256189091070257,-0.0936456210886746,-0.005055133793690684
0.004003949750342413,-0.0012304669970891597,-0.004088947067811001,-0.001711736750204252,0.005551021082460684,-0.0057582560820112075,-0.0010032725519660284,-0.00724708509241761,-0.008510737839110005
-0.0396207822107309,0.10998099369997848,0.002233468458458096,0.0029350264552370315,0.0005988122670151494,0.00663328605560201,0.04853502541942835,0.37587545375548953,0.007127962823308093
-0.04585147326866812,0.006987201193732184,0.003362916213062594,0.0013994407474466886,-0.0008792589452979527,0.654712860163376,-0.00041949159405868085,0.06233220519656794,0.008392193335562823
-0.10423381703524474,0.004091630927179667,0.018763922499349384,-0.001665913870846318,-0.002323336110741225,0.010132536893730556,-0.008794081713259086,0.01208876712699142,0.11345217369761892
2.2231008152708887,0.12244618913055831,-0.015804346647124212,-1.413801286728082,0.0017990578947463254,-0.11440727788523779,0.003370996343984436,-0.018146629084001636,-0.015494885972082595
-0.131629959658339,0.0022279357981029244,2.8935987686401545,-0.012086361038440213,-0.01428117297771913,1.689053664480438,-0.0036281307709005103,0.015307825168190306,1.8590836916387445
-0.006089552753630392,4.5167503088386525e-05,2.514896379613939,-0.0014309531245842617,-0.006578923571758592,0.003070122820791152,-0.006504338197893345,0.004614395364085536,0.5535666247641986
1.1331668762662137,-1.3986524667537856,0.0010045000666717013,0.004201275672408119,0.009828344484167369,-0.0016806406920502645,-0.0001917114088556865,-0.014642119737795431,-0.014430776669505124
0.012051297509513174,-0.010761194075184891,0.00552593600442655,-0.0024071830049708525,0.004824651359006233,-0.03229368915726063,-0.050447409825706876,-0.44045222601437056,-0.005904787157180026
1.9636323259970752,1.4048160527392861,-1.23587963459895,0.002336437352979566,0.1818423243939471,-2.830123732481908,-0.005722704091018854,-0.0019421507500137353,-0.011294659610333602
1.6760799472977643,-0.002800097502288601,0.01653146474258256,0.002007950676876147,1.6048451470821146,-0.030529640550703327,0.007761248211963952,-0.015345279268970669,-0.7173890577886475
0.010736850674877719,-0.0035642342012968415,-0.004796553379645095,-0.009366953642270172,0.000423365392571041,-0.001005944292160322,-1.1457893758640034,-2.5670039532700217,-0.004273410370766496
-1.6930468657453297,-0.004188180944276927,0.002835187639645499,0.0010089155439445205,-0.7163432132162231,-0.06204613435354249,-0.0015500377641753053,0.036512728278839085,0.05797720268708384
-0.0018992969695658946,0.0035696167602234192,-0.13547153026944989,0.7889949488479258,-0.003058329098673907,0.006552647378313469,3.4764722669303083,0.007400010897455546,0.0005432464447863161
-0.0008983897700983853,0.0016694208815066312,0.0013855165809067015,0.0168533734187177,0.4845695414641762,0.005239548599523643,0.27041641140547584,0.005679121007180095,-0.009020330515766038
0.4319249632817337,-0.011005110394147918,-0.0019256758931261945,0.008143141499694292,0.008879425700931731,-6.857369467486044e-05,-0.0013053422998273749,-0.012929612321469774,-0.1409204603904153
-0.000562497707991166,-0.015277155820861211,0.0014046177836948448,6.292367962935745e-05,-0.903380781375013,0.004300490935543156,-0.35908010748441144,0.0011163332919374314,0.03075218399804866
0.05940652882973542,-0.013576702917187189,-1.5025866113535518,-2.4026676638247944e-05,0.0020597488115608816,-0.0013923585117654562,0.0004987050210288979,-0.016547243344998373,-0.30832509782705253
0.002057200457913329,-0.03295282824369214,0.012803827437335281,-0.005130969238400342,-1.6153499416154822,-0.0021961633540632406,-0.008554969716137917,-0.007825533068437788,0.010363807733400454
3.846644765210811e-05,0.784200478709195,0.011836464172055259,0.8175955726680202,0.6418831089486284,0.00047951504639475286,-0.003338823397623073,-0.012632209178849673,-0.013637983982963137
0.010635211349556667,0.0005492887566926406,-0.00435493356235153,-0.0020100421776318945,0.016348882110339375,-0.0046483121291277405,0.008090080633344406,-0.00624557574357415,-1.0786420464578996
0.0006159194497892193,0.0017025921532034076,-0.005709660043136625,0.017324051093565856,1.7994136460046188,0.0007667803339768894,0.022549193927230805,0.0032990997860026586,-1.939862138118884
-5.4092154131753505,-0.004047594472434205,0.004520650224369538,1.2663594867613275,-0.0021498043298134317,0.004921706683771145,0.01743443093646478,2.861987011910851,-0.004089093261214316
0.016028651306006413,-0.7563502489677888,-0.0027299311958933143,-1.1321712826963783,-0.0018492142718572382,-0.0035549279944636133,0.0035668291513173776,-2.3472207890583507,-0.007557302025906473
0.032281588480201684,-0.0025043147802056073,-0.002970809442505922,2.2184490320299344,0.0020026851514548735,-0.025208896996436962,0.00050033050421135,-5.449733780569689,-1.121106180134161
-0.046875372790749124,0.009321871229518573,0.0032583384196219712,0.005502078239365462,-0.00029849425540038905,0.006498346741144679,0.008442645608312167,2.7494307909227094,0.0009079268093100321
4.614681518830283,-0.016750317734869527,0.007747141863132745,-0.0034258315618175134,-0.005720407034463804,0.002214596903737081,1.396890757785032,-0.027659023479068123,0.0029769283099631005
-0.0026359237402737642,0.0003387865387936267,0.002135714880046727,-0.000644006739251129,-0.005592930058324872,-0.001243675862707471,-0.0363083205185875,0.0007920099211600196,3.6802877423807168
-2.3939750023864153,0.04034922219009998,-0.0030071899682677164,-0.026012224959304747,0.0003963540168549287,0.01233654539946135,-1.6140304296437504,0.004090827916969547,0.05447378595798358
