0,1,2,3,4,5,6,7,8
-1.9712193730569907,-0.6756472686848302,-2.794139823979142,0.27383806465675475,-0.9216139171859974,0.4677849699944883,2.7569775928231257,0.8759134034336908,0.43715219857941945
-0.31676367111929093,2.1052492285737423,-0.1668256732757746,-0.20913969298035104,0.7579784612747964,0.6578886941868498,0.18811299541129048,2.451181466953255,0.03628014638642642
0.5647198192349261,-0.11587882412857615,0.24693775832979697,-1.4750353010913149,-0.07528845728291864,-1.2258570482229367,-0.05710092389228574,-0.032221071400335415,-0.6522334041478616
0.5415097709396873,-0.7988309782197779,-1.0898883802691426,-0.3154920174145057,-0.7358652268203417,-0.29750506398978843,1.255442882160599,0.053911747202663174,1.800333010396567
-0.18866000825504595,-0.5082210280558899,-0.4426231547522691,-0.6231594954882914,0.5254120914096758,-0.07754360062298356,-1.094476551450198,0.5876424534062934,0.1769444246345952
0.45611074815950226,-0.32363888746372926,0.013879261696477277,-0.19399591251583792,1.7276352712343641,0.4177990207892036,-0.06104237211400295,0.70237497491368,-2.01246706544856
0.2260093865349178,0.07552470333160984,-0.6257616351016015,-1.0314401338239412,-0.1811959637926617,-0.5238533107916986,0.3496602527592096,-0.8721217173906358,0.40685006425797954
-0.008958203449426164,0.05776930146053644,-0.9756904481790285,0.7393588310669027,-0.2803701006259752,0.026497717712472592,0.14156994290046135,-0.26601944384178,-0.24005775995178216
-0.7875810233849172,-1.1252042292011244,-0.20611690795152185,-0.6800430462258374,0.585604433979291,2.679788287782721,0.019828618004765885,0.35095891620448555,-0.6859986141370931
-0.02595649661562536,-1.0642665540869545,-0.5605958622885192,3.0993215843935173,-0.7241439280164135,0.07307718894020132,-0.4362039073833199,-0.6908432589114438,-0.24959850464834274
-0.5180846171705508,1.5099934318364405,-1.299557545690858,0.1252743320998738,0.3186172100644712,0.33692958897674297,-0.12152007716875511,-0.06602802379440355,0.29476067705114395
0.11114880368503663,0.020773820202498173,0.04198557578629612,-1.729390602917462,-0.22044938624121244,-1.4729142569304094,-0.004005490341521622,1.999424851748214,-1.8258867575801467
-1.9579220147078633,-0.6636095638185493,-0.07804068764463402,0.22922764847841617,-1.888805380755552,0.4449847830736884,0.43252055544636586,3.1693993942811596,2.9792573902851833
-1.1274623897564318,-0.3044788546749957,1.922625038145484,-0.025125692619611277,-0.48091998224351995,1.246800917180635,0.7008759031357035,0.4915684476423077,0.09620938295505364
-1.3442501912808753,0.13041234237039692,1.5152663244654203,-1.095905902264912,0.298977562091059,0.09722972510320768,-0.7739474158183982,0.01759625561804092,0.1623597829216053
-1.0943986189857577,-0.7307704030100309,0.3511637459785193,0.8356034544443781,1.4710543421231177,3.2048109629889194,-1.0007695395732012,0.02120607023926804,-0.2301797584742358
0.007513241624205878,0.9254824826937296,-0.054215070587284156,-1.401157509557406,1.0514376820358995,-2.3915663541869088,-0.09543272148818974,-1.398664301746776,-0.144872764037991
-1.338715458298429,0.47154085415146424,-0.38205690056592084,-0.6805258074901636,-0.3487042014181936,0.2852713301871045,-0.5599479762717082,2.0178144407327423,2.123280663770549
0.00446599740624239,-0.7008634036682165,-0.05142967733352708,-3.1668044846255894,0.6514542507310778,1.4302638991099645,-0.25627153830496885,1.6998582625765233,1.4585541699328541
-0.32751158888475307,-0.6372054035061196,-0.17601656386118755,-1.0913569309594227,2.085201498717908,0.9112686906794699,-1.376543703367766,0.5805733268834703,0.83022397162064
-0.6158721603990234,0.4636696904445751,-0.8357626036904418,-0.33199404944713745,-0.8166879686019017,-0.42521965814994245,-0.8356379748313038,0.8442763457322118,0.3227522786195578
-0.2833074232902206,0.8081110192541336,-0.1426581789163449,0.3347460822028164,3.84759598270672,0.5134787171872648,-1.2966861170798156,-0.15890849577581762,0.2991423514532998
0.28565715203149844,-0.4721658986459734,0.3963715094235823,-0.5301395216090624,1.2086152626717666,0.9158763534106895,2.6817840760779927,0.637122372925727,-0.7070579058236258
-0.7040093238665083,0.007169902823970135,0.14799974386722292,0.7618665446001257,-0.6250345922138,-0.6376893692061064,0.0845169975524776,-2.363645419364483,0.07205760306841301
0.6321300206120811,0.9203716146186485,-0.7756606849345862,-0.07442537647169069,0.3959569106416712,0.024011847112880708,0.24862073282818417,-0.7735469542948447,0.3011186327344164
0.4632019019310079,-0.5043527836229288,0.20672826499572142,0.128310239056046,-0.5918188839472796,0.27245431275389886,-1.2933816440921164,-0.6458940818607138,0.495772948529573
3.09724712271975,0.6465753863710567,-0.021515021326385723,-0.17522384112596984,1.2120939995062376,-0.8406441230323193,-0.2297699725329421,-0.5167634091120302,-1.5565260069462867
-1.3229074587717748,0.025282657667285546,1.3484819415625762,0.81688312277933,-0.691060613176102,-0.4808794739507387,0.10088012928778411,-1.3222148645794352,0.025568814520460253
-0.04930486329312709,2.0856382095152903,-0.26948255532314985,-1.1184019747491816,2.4490658942154786,-0.8277674565059518,-0.5456247595772571,0.4405291927398631,-1.7794486873858315
1.2739586223119115,-0.807220513924751,-1.4655613305410702,-0.8909986855039637,0.2517415116084525,0.21080789339617445,0.2687898580452381,-1.1160735052386976,-0.09495641100832265
-0.2989746030641939,0.7944556730081695,0.9912258220428972,0.11190048329343129,-0.03905542065097444,0.989103300049084,-0.4343191135996784,-0.1323237995121329,-1.2043970029699826
0.5401163631088902,-0.07890175325421192,-1.3135547159322274,0.07839061250410605,0.15945169936208411,0.2628315653892047,-0.05941066480927403,-0.5767206107607274,0.7876408964307885
0.0070092320037155875,-1.0252685696741632,0.43593971397114306,-0.7731142323690045,-0.8616764013225677,-0.033930008084539214,0.19906667593498292,1.4983389692079394,0.8656081710013572
-1.2025526607838006,-0.6122908076287976,0.18911063752579635,1.7976438876075302,0.3167467450673491,-0.8005138392769937,0.06847837226382256,0.008336880502170515,0.19106865294356212
-0.6782075222428439,0.37867391633551317,-0.33064990365008695,0.01917552046238734,1.3970449693258546,0.057276416729687044,0.6046038737952865,0.17352628643619789,1.2254575117150546
0.011556581926552494,0.17828573199692238,0.2093117814856765,-0.7951384206261981,2.224037345875654,-0.12676662887340573,0.44328999252552514,0.12942296556079536,-0.1810894588254692
2.7306301362214778,-0.23720712052288168,1.7578623841798144,0.35430054133021216,0.14724823004164864,-0.11137617791379685,-0.11592279866555016,-0.00881128575198692,0.2629593855498607
0.20442063055507195,0.25951234979957366,0.6121727742106892,0.5396636826905391,-0.9561646265518777,1.151431808073355,0.2602801706438552,-0.776212112613951,-0.6009953056227569
-0.911999862025249,0.11493356777239852,-0.21848717652140215,-1.611997924059661,0.32959519929779446,0.1619439901291405,-0.38789659075139044,0.6437579419625715,0.285575529262066
-1.7473138912249253,0.3250103769119339,1.0472688004057353,-0.049901826332253305,2.140278313096868,0.13955860136066894,-0.9485146017950725,0.6748684757702121,-0.11231260628179979
-0.42101605136160936,0.2668109326360104,-0.1645829529877314,-0.35293315327614677,0.20297949256149964,-0.09103472774359775,0.5569457685186611,0.2638777122008508,-0.32350658822510037
1.9084079396838707,-1.6370400554691744,0.07426278366572898,-0.9521790645578441,-2.7901891691042557,-1.1479289471948046,-1.7932150347601785,-0.961022949209913,-0.6333074758982321
-0.3737904071968601,-1.5187245949005788,-2.20289851173207,-1.274986785201671,-0.38037889821015686,1.0672329410756043,-0.7777287373025602,0.1156720145434939,-0.2059663896537447
0.24841674275700182,-0.5915724497753954,-0.0797675961765035,0.2751608984566173,0.3431942131922915,1.2023005175748218,-1.3480128214580875,-0.40544548502320904,-1.4830320403470085
1.1441895587901876,-0.2076875161483302,4.056456080867665,-0.8218181695923704,-1.8865494742128917,-0.3283291255055316,-0.4364768116704475,-0.46158235317488266,0.8755058935691633
-0.5323215417762299,-0.5285254709628429,0.9105128853955232,-0.41112125723979986,-0.03515184727535172,-2.1989910744644985,0.8094280334421736,0.17911670184368914,-0.8126107323951532
0.11588258858351688,0.034874074451537944,-0.18967521074311197,0.11344618337331454,-1.5488911078261185,-0.13880222732886172,0.08102932221413227,0.20243790307252985,-0.38547402582686335
0.15327325689589866,-0.4409644434105773,-3.468905199505924,-0.6561429628241279,-0.15532683640254868,0.8036818695923721,-0.2315030810550344,-0.20007043503218172,0.018192777644878935
-0.20871766811622153,0.8501373255149681,-0.015363565566506985,0.3625424102304785,-0.13631653207504618,-0.12564554597379193,-0.36082179162382527,-0.127701417449016,-0.05763342280503542
-1.996093884026468,-0.556630589618791,0.7629249978816016,0.5694297094739843,-0.3282921845299994,0.16078642086356293,0.40894384271124534,-0.19911964756273962,-3.2124169303812113
0.5770933011273135,1.049587263496964,0.644101533966148,-1.7146564091560674,1.2957398401892588,-0.17089752536096187,1.350281118769936,-0.7287627564175573,0.6648227507152011
0.13106770863902462,-0.5611729553239378,-0.43363183810044115,0.4734420829105057,1.1379807881677775,-1.888098311120335,-1.8664657851324489,-1.8719008851983276,-0.175250443874024
-0.6262291478592941,0.24778561319576867,-0.14808487726054104,0.4758443487047198,-0.680780729665824,0.8237612561802712,-0.2832985326765916,-0.07667151488976189,-1.8866260925893488
-1.2343686297397352,0.8914817173587813,0.12839147096118883,0.06958638366274202,-1.2775064185147396,-0.5435916994156292,0.15096374090934178,0.7435946517765291,0.5718462829248961
0.4074616448512646,0.08908676793555417,-0.06737032603779995,-2.5859482176886988,-1.381123523031559,-0.6395002266010977,-2.8996428720759266,-0.2575157578816689,-0.353716375476981
0.6002659581139057,-0.09655988732894306,0.564762908060557,-0.746095660771013,-1.8729838810942134,-2.4242008981629692,-0.10947799110595559,-0.9007148974626276,1.6884964764649864
-0.4282334559205233,-0.48175981717654254,-0.8047536348511847,0.17521902960153962,-0.016979113871308793,-1.02751796189605,-0.9708707605021456,-0.26761598170278383,-1.7814133960678606
-1.4836779512377736,-0.018889419438411555,-0.717602936393961,-0.014781407512605729,-1.1277725957402391,0.0696326419633197,-0.5789898375675095,1.913649183762267,0.4849652905455354
-0.11756739776548002,0.6437238927250116,1.3071691059019983,2.2522113690680547,-0.970542537916796,-1.2039768833726787,-2.340471466208987,-0.5360248527781745,1.0594322217415302
-0.2535920597387516,1.8802748516443353,0.6281169716247809,-1.6751751075163153,0.2567993695361372,1.742302683116137,0.7362415509343468,-0.1584693380496728,0.652781482772091
1.407587629010123,-0.2917127580174877,1.157202264237581,1.6181381884677726,-0.041158207774842526,0.14539655579463592,1.3612569799099763,1.7273073458843886,0.2568574352891604
0.802378539534606,-1.0635538155039206,0.41708902127241293,0.3403753623333014,0.13936967238880463,0.7250179387318828,0.14624243520231284,0.2894096187828023,0.4107164515700559
0.049529377249595476,0.21330431235755554,-0.2221099680140019,-0.09586813133330509,0.9214083024743548,-0.75223101258009,-0.15274713408361512,-0.14291569059869563,0.7524561841006878
-2.6904070202321297,-0.24918159228289807,-0.35616600899867107,-1.6678517707044658,1.0035294139431807,0.185124105632781,1.7543993800863298,0.3436808194919423,0.07684439217303528
0.5323596028790857,0.5209270186651715,-0.14584996454747592,1.1833828981300873,-0.8296702422227076,0.46570024996078047,-0.6085408639574971,0.37996167072170206,-1.1826662643584003
-0.16074778030647088,1.5976082603736257,0.4373900482720894,0.36726624020942095,-0.39484873191373054,-1.2779128563314872,-0.01587049853487796,-0.6204262839461071,0.36148047808305905
1.6368895130564758,-0.9012512482539139,1.058135545367704,2.1049822495689057,0.13314936716522535,0.8682835186449755,0.4347829194920654,-0.45223796352719237,0.3906109920943722
0.20332245689488457,0.07342571915248872,-0.21185752295527946,0.06131481220169484,0.19524248818133866,2.930696797251061,0.7042308944711443,0.718841060398696,0.9854218897583453
-0.21703977002137884,-0.5900838780105442,0.030555141314536616,-1.34558192888033,0.5789799709169655,0.20199426774538592,-1.4763711615162405,-0.7010500288010552,0.930951618568058
0.41653095642205534,-0.17255638871867884,-0.7526856572689631,0.26655324617826887,0.050212435684472236,0.18912535170001518,0.10660623668059543,0.49372463472200473,0.4203136801734682
0.15227211811303595,0.12743511589879672,-1.9385749638083676,-1.5015186588930716,-0.17300588283710386,-0.5303138958276542,-1.0672561778258198,-1.110161473677882,-0.9191326856170525
-0.5074214263133746,0.5476309703187758,3.5207577142658812,-1.0413010586575113,0.05331449742733551,1.4748949151194524,1.903067660703285,0.5805292220172069,-0.6951909135093634
-0.4945406418095735,1.5341089528591327,0.49970451633820784,1.0505337832965802,-0.2694049422345757,0.11593600528893559,-0.833121432658224,-0.24732014103058006,1.3416736531022178
0.26548128566965623,1.9866610673314782,1.1689931504559188,0.5916473208100369,-0.17429727971108783,-1.982914658247892,-0.27764847474733256,0.9777418795003906,-0.1170643401019925
0.22624542088845123,0.6235094408019459,-0.010843468342427377,0.9907067937543258,0.31018331347291095,0.03593318744564636,0.04024227574340694,0.13438536547136357,0.24463670590708977
0.9181395724905268,0.556679035763098,0.8960352710234281,-0.2874680273174198,0.5949666509761631,-1.2920052375354745,-0.397904155565206,-1.349825155055086,0.2801260469565361
3.005595184261945,0.33860549456312206,0.2786514045077434,0.4720233984208157,-1.8280667183903725,1.6215988601055038,-0.005657705739406269,-0.026235076187869286,-0.05650767489019701
-0.1486794442720173,-0.06160789510848281,0.44180047100065445,0.595312561132272,0.7678332005078669,-0.231545829519012,-1.0672728324909966,0.02840052382204576,-0.5216228964708585
1.3515123863929979,0.33563699818493137,-0.43001881754423066,1.9773240230084919,-0.31428110397410064,-0.15394289578652362,0.4453842517333062,-0.5820671093206106,0.9782744959469182
1.683264009023965,0.25028208498606047,0.23005898343449419,0.7796628714511844,0.3017380024574422,-0.2250511305456797,-0.4422386115061308,-1.4617302547767446,-0.2803061350883326
-0.009057018345453242,0.2889861306562959,0.10723617429206843,0.06729391221286599,-1.7018933521385624,0.09584451278591023,-0.3042499329167831,-0.08665283633069178,-0.1517667211969692
1.5107155384498554,0.8932250583780798,0.0993085367651387,2.4002382809805485,-0.8604894725500556,-0.5786849554603651,2.373594673024583,-0.8226329890624136,0.09490527353080028
0.6608954927593316,0.050012514856863054,2.734776271254592,-0.3628151900327524,-0.5937831044344339,1.1874655331813486,-0.32011834872394573,0.4215776803365385,-0.018209963825352456
0.16170554625659328,0.5446745377463643,0.02648530272678594,-0.32783629135724585,-1.462073961503809,0.1712750799637772,-0.19109085675320664,3.2495908514381315,-1.069868239385636
0.21582037208991692,0.01145844556446901,0.0706192367718071,-1.1965834700084437,-0.03024842331978381,0.28021952051095594,0.33835323201938927,0.09048628877001694,-0.5076121735133828
1.1488064152354043,0.038732147013804605,-1.0163899901187963,0.0020968672406453982,0.5013077370342249,-0.8712105824363149,-0.1910791305253748,1.374427224520822,0.2354905333798611
0.22030080239886185,-1.0530606355859942,0.04600865624131753,1.255772208937993,0.5711397289979208,-1.0025687648760455,1.4058313328109269,0.19888287931362925,0.5981048949825439
-0.8486034022709185,0.9595882161815524,0.6252318223739547,-1.0309844995702129,0.33286135827358787,-0.40615659181548736,-0.11571570779717737,-0.1566064767270374,-1.8417582063543856
-0.5508592517904821,-0.23886581351128408,1.181051537365543,-0.4995379596052201,2.2263745673513347,0.5222116316199759,1.1273981095129837,-0.1868176436565605,0.9816209629938997
0.30658906516941703,0.2736306165933865,0.018823658002934382,0.534674281805187,0.7763755738126542,0.553518787528602,0.2915877426477457,1.0423371249670523,0.743434939093947
-0.25996292927575915,0.7197873126119418,-0.9035691068554412,0.20342951958867556,0.7676198333196986,0.061696624044904516,0.2041596639900218,-0.3836441523631312,0.42206155831863124
-0.03545165659763534,-0.9409959001380063,0.7905117300793121,0.22570374229841703,0.15564741210453648,-0.0422826827599258,1.962503315535547,-2.3860919840421193,-0.17584733857837856
-0.730584329902894,0.5767147849567306,-0.03566700927694537,1.1360538048231936,-2.9842969173420575,-0.4668641302405858,0.26735433896582467,0.2168884789666129,0.5847575523647172
0.257569424691031,-0.1464611780392185,1.1079700621583173,-0.7222007123956756,-0.8162527299373944,-1.106308377919897,-0.10522167766461725,0.7640324311304177,-1.2174418082836087
0.553595133774526,-0.7180351363039958,-0.11473116808913639,2.3478894806661907,-0.5040337511496541,-0.013064318626233359,-0.10837805809604453,1.2440482464707625,0.6940188828938073
-0.7241856875167894,0.010042079551350306,-0.10402927312410182,0.3046426248380326,-0.5536897838269838,0.1402290797155239,1.6573638918306215,-2.3487892354587063,-0.26535137566990313
-0.6669508680541585,-3.4858734513282927,-0.7338404312938637,0.0777565726292341,0.9104623038980046,-0.024577328681541027,0.27746162522390116,0.7898143402248067,0.3865469754948951
-0.16894211259152891,0.07421362207489286,-0.1335817668300834,-1.4674525221773884,1.2324318410509478,-2.4680937100940374,-0.5865527794197147,-0.14425001104311977,0.8754474733817121
0.1459332085838361,0.7868748222948078,-0.3405326161423292,-0.5539866359245009,-0.7769658265464783,0.4307076605959125,-0.08985995487858184,-0.0028705933693830357,-0.2644728929828147
-0.5636035145989929,1.90596830352919,-0.5733920452000888,0.22067663355046413,0.09538464349406911,-0.6134887500375461,0.3896156410802832,-0.030327317833278813,-1.419765497681554
-0.38564527496503903,0.12162232491523305,0.5535669516726379,0.17618531976462348,2.650365545673273,-0.1663855634328497,-1.4462588355091455,-1.753778990740593,-0.02294042332046125
0.04766109996353954,0.7940537563224038,0.0792339977101775,1.0567574941200268,-0.3133504114835797,0.019935404357837097,-1.0093788185507613,0.777146022680934,-0.3460748473461066
0.12249731075110815,0.009767336777924492,0.0007181658798889302,-0.2853513942877543,0.10699176362813635,-0.1303069653001645,-0.960434473610475,-2.1266571336670976,-0.1497324164782346
1.395500790781763,-0.2055109395420125,-0.025498578887024635,0.16827616569127196,-1.068340527413729,0.3453263302210547,-0.6982339655802204,0.23616126958680372,0.6457409577490809
-0.17304955613557008,-1.716603631409661,0.43084489832630424,-0.39122052865355367,0.3564931983408281,-1.5656116018197164,-0.3497629924042267,-1.6155540422123869,0.46402397769402404
-0.12002885710700435,2.371184965168208,-0.010104817979850949,0.6510677196387533,1.0030134646301538,2.169780529471389,-0.6485836224446611,-0.06392386819293484,0.012607656286174886
-0.8262711859701599,0.09069256766452122,0.7450577401807714,-0.6026065768955449,-0.7120976851725557,1.1954295888683049,0.7942433444880025,0.06406422027233771,-0.8568643568627712
0.39488329334072303,0.35563216229349415,-0.16828578930903001,0.435624119539516,-0.8028000319509877,0.002657994272000485,1.7368956449816062,-1.241488847404758,-0.07521976783941879
0.08876329812785501,1.9611299511055935,-0.1426376496215406,-1.8841053881897587,1.0644977354566758,0.317095761175709,-0.4995436917264406,1.1984558505432565,0.7242459006725704
0.9764771635672578,-0.30822702984109956,-0.36467982292053686,1.6741099287267494,0.30912258831217543,-0.23287350050192698,0.08076540497115327,-0.3705372384924419,1.3766134881611645
0.00010226548710143323,-0.4444679126348397,-0.08337866476318324,0.6419617471707555,0.2707845732177537,0.09066465562187966,-0.8198978786337546,-0.47298379056424217,0.761584931407535
-0.07262810391709855,-0.20346058283912344,-2.2302633931972555,0.060956922868289604,0.08096350417885775,-0.6147475974159579,-0.41827967274212274,-0.9102038463610995,0.04750491827541229
-0.5559993704072171,0.48752528211411517,0.735913643888825,0.3491587607738504,0.2024472623020237,0.28054150557563823,0.09996495655314087,1.0533436217869476,-0.1254892991243864
-0.2264639778176454,-0.5180081922511308,0.16576208771713544,-0.09239605892210152,0.37653433304405676,1.5957904991518534,-1.5411078489989407,-0.6372514655479521,-1.3227748095979137
0.39062904948026156,0.11972205339469062,-0.4718045258211605,-0.5948956809110941,0.8868664613022657,1.5516861081492503,-0.1339294201271119,-1.928464223277279,1.3100803597010884
0.15027918667862336,-0.11363264178419975,-0.3219373314403722,0.8204119426703338,0.2683552283784782,0.037174931353077964,0.29346469790642266,0.04966304702628022,0.959191941864394
-0.35736363686934697,0.37645658140594007,0.8976812419922978,-0.8643470819714241,2.589873859823386,0.010350342926862382,0.3818859004230934,-2.1428029944208467,0.30455597569637094
0.0468003628971116,-0.9592333992936568,-0.6546298624811924,1.3716320910457647,1.1721464495925382,-0.2847952167014761,-0.7845804382679618,-0.5818468476427706,-0.19788056959242706
-0.26952255307223183,-0.011651491342913035,0.09470326886044857,-0.01892915228167081,-0.6136919696527976,-0.7925406100903104,-0.3734231845308965,0.9514647509478481,0.1815373030410841
-0.8141098122918229,0.5620811276150167,1.4584079486892485,-0.5519907677053896,0.4400633557645743,-0.4876174893935759,-0.5924503109594431,-0.744757715588854,0.8497964324973108
-0.8936953813627636,1.9237338001757895,0.8068351764559333,0.2000610560119237,2.4840772209225577,-0.4422834077356639,-0.009667217777136963,0.5731972105580757,-1.0196595094627559
-0.8102492061646864,-0.39062415228528496,0.58679949950724,0.07214198699097965,-0.12925356113737335,-1.2094366156794283,0.14971294666709212,0.08751947048336292,0.5768239370590136
-0.4876664768784723,-1.1014615754853805,0.4742525910978982,-2.3707056771568413,-0.016979613176107078,-0.9112410927052511,-0.0386052442951063,-0.08889953766490039,0.17945865675890144
0.5368713856794868,-0.23197192133487676,1.377082456129268,-0.07605123235196463,0.16577963549045752,-0.16698278345392262,1.1653261610849486,0.06732042617997154,-0.04435656185069184
-2.243921809740604,0.31097604372228166,-0.002962995857099268,1.042879340628033,-0.5914861661453689,-2.871013615533471,0.01156052508964906,0.352766205097594,1.6107436779993585
-1.4682686095634885,0.3246111800609093,-1.5857382730211735,0.2938905972971418,0.340521066962497,-0.7647764351202705,0.2916521740915739,-1.0698240102768646,-0.04165799666665861
-1.0935016418853816,-0.07599272236077624,2.1318239535669616,1.4692220602372648,0.21223859425980843,1.793773271361577,0.184986435415841,0.23155252714558947,-0.8780048731101805
1.10336326993826,0.2962114016595189,-0.2269829144818479,0.5879852453653297,0.6368101917594888,0.2856118535712079,0.13479953886370122,-0.146095045505239,0.03651540672181009
-0.665012615821615,1.856492288696313,0.3909157749095411,0.48481172981947745,-0.8403125499770724,-0.4204303616677853,-0.011475337051773728,-0.8541480126599071,-0.9970461312363373
-0.18148415492471298,-0.09242553794854616,-0.7527354200297534,-0.7394014731910555,-1.5433104511284026,-0.23241903432223035,-0.9015115090457421,0.6157276243714926,0.6433536259667837
-1.6561935388268196,-1.9270349010260412,-1.4259875923274796,-0.7466163000108975,-0.5574660669348884,1.7733234517531709,-0.3340625363502761,-1.5030189193779706,0.5498021452081144
6.9259031078897415,-0.005376392190135129,0.3080110681018443,-0.8108372985727663,0.2558698614468988,0.06908388524847804,0.9619504630042365,-1.0203242351113775,-0.5407384942141747
0.9501175784588577,0.2579556218756721,-0.45840843529898617,0.19946792727361953,-0.15096897891832448,0.7929300890104936,0.22447325310216426,0.09601307089676249,0.3735803408555883
-2.792189502060705,0.5538904301803034,0.9477062330842164,-0.6103283797980946,-0.010889263798204613,1.000921198978029,-0.703264788767125,0.19391951131063784,-0.3009242661982913
0.054153622870288985,-1.2868026649767688,-0.6785085925703513,0.09607874714005994,-1.0631497480842587,-0.16876877783996275,-0.32092941113694395,-2.1182320145067948,-0.32396185456505744
0.5119024281869304,-0.06944490626231259,0.3140616845683437,-0.42489462740986667,0.8728487631580208,0.4826069843251287,0.3275643619216746,-0.41455895584385094,0.9684680430257193
-0.946265789381159,2.834942350919808,1.153356401676157,1.011829323290975,-0.6625917700895173,-0.5426646509439051,0.3505994205471006,4.582442583161939,0.24977669482791634
-2.006527778986262,0.5914072420789749,-0.048468653208704665,-0.5625166903260459,1.3539755617576896,0.04395184790137306,0.20624632438549043,1.091199310374588,0.11839176277474409
-0.340781308738546,-0.541490621514287,0.3311136786994968,0.5606165195735411,-0.9234155141319882,-0.3359654844206576,-1.946633682197633,-2.935237899221608,0.6556709842097509
-1.809840862261489,1.0015910322774726,-1.7087791073753904,-1.9172084553331068,1.153523861027089,0.3995124021331656,0.046978944668342446,0.6889950814206927,-0.507039647242108
-0.4149153952543382,1.0275088630256959,-0.06948620339825642,-0.20590100270812348,-0.9249621876331708,0.24663190901083082,-0.8383536244161296,0.018637302288150467,-0.04654844339362731
1.1269484408033417,0.7054689673094507,0.6996838127136805,-1.9673019221076822,0.1583985397716194,-1.6836437794546537,0.7294037713439268,1.4829037662238727,-0.9150808986639754
3.097316458470264,0.03880461880046629,-0.3844443547901771,-0.3670567302340707,0.7435172395237426,-0.39578022944882874,-0.3805465703711705,0.6625103758685336,0.15989188680640876
0.10481415823809745,-1.2021405645410308,-0.7903817132814835,0.3893204571375042,-3.1538898959009862,0.4503502423472663,0.5582482539789162,0.7569107859797579,-0.10557744208415601
0.6353134186792515,0.7536928795673399,1.7344507824226825,-0.48355631362989154,2.854842040184201,-2.260819978056961,-0.41705402021652915,-0.09510865007146019,-0.005598275404780544
-0.032691593065501005,-0.5304044123024345,-0.21082134713039313,-0.8257697418186238,1.485279557747326,0.29235760858121285,0.054089281919346685,0.25654494868458516,0.24600242954516247
-1.8205437188286686,0.7112375542051583,0.827226820832398,-0.043329175872681,1.1940389964017235,0.7571269168670629,1.1032271376272496,0.17064549166498205,0.05296948629975376
0.46026400858786476,0.11708694305019322,-0.3706721618092527,-1.9150999695892814,0.24862560641852377,0.10896610283619348,1.3521238677095209,-0.2580103491180103,1.0762190365515025
-0.41348800558695875,0.13079178226898966,-0.8346243340933691,0.2602119993560092,2.1141533036459026,-1.74935850460705,-1.0396100166384867,1.279824285425993,-0.07584840945842158
-1.9072869067870382,-1.7583609538021512,-0.31014349969759597,-0.6104172869546908,-1.553441761853113,-1.13576061802998,-0.0561332231490617,-0.058771924117449685,-0.21570766335232405
-0.15519060080511993,0.33127591191089173,-0.4916658599870162,-0.32534220826241683,0.9658797859038405,-0.5624330709113687,0.17105072081446038,-0.06943395203231446,0.46867373845757376
-1.3925743522243659,-1.1349050688468019,-1.1742164052587656,1.1901955441856922,-1.7244955352153095,0.29129691458116597,0.289342148341285,1.102079555897561,0.15230398066081344
-1.5333956853839839,-1.5695081745513322,-1.4035500410467103,0.2926818164595326,1.2012224868200845,0.24862433761273,0.49513554981489066,-0.3629501838795305,-2.271876284071919
-2.4666736627607753,-0.01695530092297946,-0.19591300247849597,0.26739797906861396,0.18690775642991284,-0.054087714123219506,0.6856942485241434,1.624792966007678,-0.14744140743036666
-0.271513840402661,0.9098652693491711,-1.2332744905130917,0.5036072845746196,0.5695100146586821,1.1259894772846906,-0.3912306257517534,1.9837819182021474,-0.5085057735778091
-1.3582915027858982,-1.0607393266738243,-1.0528438031874912,-0.13289318838152536,0.09071124908929278,1.8715340257082012,0.520384507522367,-0.7296969917789358,-0.8196035462555524
-1.5934305807695135,-0.9096590296103251,-1.643104455354935,0.3168106845299628,0.2841515793615811,0.05655515102993249,0.22284783977364886,0.36261348625824047,-0.0644023497597465
-0.8853053448509502,-1.9814340450189636,0.47307260386097894,-0.5730206005675034,0.6823617274923195,-0.03271719758946987,0.8784792384337132,0.22074853868511024,-0.29475375571138657
0.2855548077639653,-0.30075398657559765,-0.46057815544124414,-0.2837722576464039,0.0021991057162257374,0.9987104739513336,0.6645401081010763,-0.16620729183026098,0.6399679354214135
-2.805091021854199,0.4808369899749027,0.5526225099416119,0.8205608099771945,0.40371599404659825,-0.029663646246891554,-1.371494395452553,-0.7174411905472416,-0.2230482777469919
-0.43745916354275927,0.024185919176707753,-0.24799268550253895,1.6344352200620869,0.4090282003309571,1.513507399315832,-0.4105972923368247,1.2979651301731983,1.8162328425204386
-0.03742604741339763,0.19797574236769133,1.5908715773343762,-0.36362805157936573,1.0858952870632308,-2.8404820952795413,-0.794068020041598,-0.8777539804364516,2.5657215538804268
-0.3756326003571047,0.7117483250016918,-0.2482561888841351,0.14189740387716376,0.3497290083922969,0.11906206483827114,0.09144799413514887,-0.2175642569142676,-0.49252778343674547
-1.5805564179720522,-0.5344415459886976,0.9931829345510854,1.0279669949170829,0.6673578372865453,-0.6303236273282427,-0.02656421547087368,1.2248189669099203,-0.35327680228870184
0.47837367340806863,0.21339807370544955,0.7643023132938089,0.40002132286397984,0.22932534120086087,0.5097142922635306,0.07970775597937181,-1.0952497812972195,0.9375755754868492
2.6023038700695933,0.7854554812791914,0.3017829973631784,-0.4337889521506054,1.368161962362393,0.6798558887798329,-0.2935223880327727,0.100815633142378,0.008435130080249702
-0.48607226043839863,-1.7090834865963715,-0.058750446357204104,0.3502957467528917,-0.6360418164004472,0.3994156768353536,0.616991404072652,-0.3247352581163287,-0.1307379742660566
-1.9173999483297128,-0.8456857048954834,-0.12213728130455763,0.22882652567337794,-0.2626316455937127,0.06603444885049008,-0.0759686502448674,1.2363968783544144,-1.9847367881099711
0.8046557202125998,-0.2896933163485252,-1.1082851715779165,-0.706994141877346,0.17351078775067477,0.6464858233309014,0.45894276451522203,0.8710898519394484,0.2606762918258326
0.5358801745260475,1.0019618461457038,-0.009799348495802305,1.4659985879478599,0.9401526600898534,-0.1452847234710972,0.19012729299724673,0.3715247312049193,-0.37693016103978083
0.213269145013662,-0.5038605480978721,-0.6059926745030964,-0.30503033804729773,0.2024930488914761,-0.33818825198984626,0.14289202236963394,0.40499030410163994,-0.059766586822708474
-0.04360434448404743,0.6094941701265622,-0.8612044794151001,-1.20276485691473,-0.7508595561254918,-0.5060457028963435,-1.189322369715423,-0.1247483673036496,-0.12617366187307757
0.11567993089282097,2.0036307279244094,-1.18015299784219,0.1210470390367154,-0.5719506982917922,-0.2717946497338024,-0.7791845453288136,0.2042227666814227,-0.1946338490109733
0.9174175463609648,0.7028544059923985,0.19741481510954678,0.19806149888400912,0.25919982386619744,-0.5739165017239359,0.02456243922942057,0.2816333707323029,-1.070548877269777
-1.1430757389475574,0.5457736936859373,0.4638770509632908,-0.10458279952012597,-1.832929786851308,0.6895333187949388,-1.399083843490541,0.23397636909095734,0.625052124303094
0.19876591639622004,0.842802927763907,1.1201666481295713,-0.8318067277016398,0.40352573691334603,-2.2602203025700565,0.05518520556279864,0.7858461529193052,0.7449192731188127
1.0245083907241297,-0.3414925934715892,0.1958717933141655,-0.9111209606322842,-0.4280253686773577,0.39017570026061565,0.2306591544347045,0.5289464390297862,0.7106132454194732
0.8835713812262413,-1.4154285355196188,1.6851044005806455,0.2828281838066755,1.0838590858594364,-3.143647895418962,-1.1328898627656079,0.9772663132697994,1.2967837525647274
0.9851682669411461,0.6422931820985249,-0.03135094690465962,-0.2984021140275273,-0.11670916010864611,0.4969935773321146,0.3828182754928628,0.17365953800146727,-0.13632943603222847
0.8123171122372644,-0.3473711317712768,0.17789699533485515,0.5736700377566235,-0.7398741943614446,-1.916905437482177,0.2788133219578667,-0.8341478236739629,-0.3176532123393392
-0.22706035670883615,-0.026656885475272143,-0.22510635286976277,0.4443678487233331,-0.9788950665705863,0.6276086110098023,-0.5456270208133,-0.3436589811541133,0.024743430870049203
-0.5673427992823791,0.7450458931337683,0.26373054554198083,0.8543683550246443,-0.16265139701379192,0.27155473154456033,2.0678697374252186,-1.6857899934647689,-0.013426207381224561
-0.3591875113531778,-0.3345067794357601,0.28088121912393643,0.7926185665649768,-0.4428018985449331,-0.6281807681208852,-1.8440950760097388,-2.31846273009597,-2.117888089346858
-1.404182602867834,0.561726589295239,0.3184906029019922,0.09047567470009191,0.7300621811079514,0.025694951446749565,-0.5487351969814482,-0.5360417037904267,-0.6857060347970965
0.5203859789750503,-0.35233927265562237,0.3497793776019455,-1.9668852273261237,0.012835050732675189,-1.6510859768990114,-0.7536020088308465,0.28728020162571366,0.46084994447148975
2.0099182546444028,-0.5267626753847463,-2.4497078259769487,1.3566949460382047,0.4490348633678808,-0.5236630313467393,-1.1373360913152122,0.150859144199879,0.9467542405643934
-0.4405096656565499,-0.8562271438612613,-0.04623023037630195,0.8796691630858368,2.46278177011498,0.9433753772742427,0.10938477684670125,-1.3178044047999802,-0.38833178802242974
0.10677027755827959,-0.6362599120824084,0.5007864273808849,0.24144142384361092,-0.18553404275649837,1.1076060704362323,0.8546825124763194,-0.577731969472406,-0.16046631780352744
-0.02890507345882711,0.37105550474054116,0.683912785353113,2.7900200557035952,0.17068734783550701,-2.0792287915249,-1.1736381168912327,-0.07856235037579867,-0.06292116892701585
0.2660926670537918,-0.3460120401966415,-0.11956288883117445,-0.3716304607783691,-0.26730350358049526,0.38844243169886067,-0.31815969989278176,-0.12229689952532169,-1.9395805324266397
-0.32133176129311225,0.789269930645633,0.49310305284490064,0.10487191361906831,-0.3076604384991398,0.41904649766896523,-0.5100109445692297,-1.3690522380372196,-1.3960783921622903
-0.8855316068415349,-0.17186189996051693,0.07451909664511656,0.5928395216414624,-0.23635031790431765,-0.36845553786179425,2.506754131486494,-0.3923961185200259,-2.1604419524568663
-2.6148065858796197,1.7770178725081613,-1.4697941214592247,1.213910842649763,-0.6256001986612901,0.13832335408810797,-2.2523324797556326,-0.2651113594440692,-0.0717960603154491
-0.2559315018238596,-0.06912263155529003,-0.11806225817811206,-0.13405791244172782,0.3448465061788213,1.076509332181442,-2.2418002722229917,-0.35649434320723666,-0.8432567507307798
0.37311376923284556,0.4813124792859319,1.2105603366891142,-0.5727045100267574,0.19318556035397266,-0.5704903564118017,0.24409651904537258,-0.16404067452676566,-0.15900045891760942
0.4148622243541857,1.711532347730585,0.4237160085109652,0.7818733883136936,0.018077659516728153,0.24356893361605497,0.09942708766822098,-0.6223909121366767,-0.2114097424715031
-2.0454538418870722,0.28174283953613977,0.5785324155035624,-1.0244077642800742,-0.37886714441082436,-0.4294812132411678,-0.08257172656543318,0.46250241680360066,0.5117664474520912
-2.3961283938825684,-0.1755622268557634,1.3974589834423623,-1.7238460148785566,-0.09848063610438763,0.2598631616553839,-0.8709303571162925,-0.3702178841574086,1.5405493979491967
-0.144117941085787,2.9741699173913028,0.280064047454011,0.22664364157906589,-0.16896656622947934,0.11633389343521189,-0.01321910581896264,0.31276934994117506,-0.22343291501136656
-0.6674483051821652,0.8042808175740349,-0.9638082848640911,0.12846408485299549,0.017109243372248693,0.4128886986768109,-0.9172705805555653,-0.45972182283057045,-0.0807110502375175
0.5637928053273767,0.11978625339733419,-0.24156846728890624,-0.27625670135923036,1.3963777669203021,-0.43050233409155814,-0.22035648840028724,-0.14165244667568797,0.3065782067469112
-1.2416681652325152,0.1519050816888354,0.40547924012883385,0.008905214582223217,-0.05171184918250806,-0.2910566309569279,-0.16945836402382783,-0.594679927307639,-1.0335045234356384
-0.1181253021987837,-1.0310121640415533,0.23057299683436383,-0.009967876569083484,-0.23453515661193544,-1.5013275860604518,0.6679268351622172,-1.3699995521139816,-0.9120682668544902
-0.7429430478619156,-0.7564369808687486,0.8232279623171097,0.48748869902259023,0.040736531864807586,-2.5773201080941592,-0.25590321148548795,0.162512424637816,-0.49294631072337225
1.1285548418834979,-0.0016406356003139098,-0.4667200307649227,1.2934524926031208,-0.34507246241054496,-0.8565879011081728,-0.6460235974582212,0.27040350600153723,0.9784365903261276
0.2206825553582451,-0.7907354022908231,0.7117271426294092,1.3220406977237324,0.6721234235202201,1.0492435743941286,-0.5354687525112675,0.2517037893784669,0.6751951117045564
-0.9988331615490276,0.10669455855030134,-2.1053042697147895,1.5978889753252756,0.28436199431282133,-1.8389472061937433,-0.9759067297808746,0.2580363535872284,-0.09774375896469169
1.3931146823403386,-0.15749970219442957,0.1423637418618529,0.5594072637557602,0.26540904932971804,-0.2902058196670958,0.39339915299622685,-0.8418784084708253,-0.7835953306612078
-0.967211447441556,0.053659904452582716,-0.5317526950675461,0.3846967730764659,-0.603389044305198,-0.007116411816741033,0.22385189950351134,-0.3913729238755047,-0.7663967768228782
0.6098438284229872,-1.1413614018750604,-0.1307988469913709,-0.3020398393174598,-1.3822161800810238,0.5484874029716477,0.39377452928367945,-0.294294824309445,1.8024634015486696
0.10852772796504571,-0.886331243780204,0.5382281430463725,-0.4721334690609058,0.09379355143478323,0.15660936236182518,-0.06465357702896635,0.06869342264647911,-0.08214490878985027
0.011124848210347002,0.30403799418311495,-1.8783672010654866,1.413200769559606,-0.6030471705607087,-0.1699915513293077,0.8441771070740657,0.9100460136464239,-0.270913871073422
0.0892635803845104,1.2034324442976132,0.22355012318633652,-0.17015857182725325,0.7939066441041289,-3.8435448348272385,-0.03504234156141404,0.021964587371995314,0.4942492356632124
1.1578972960037284,-0.6423099889338485,-0.06565028344363168,-0.3466706183213617,-0.9411589748818009,0.5141053227237407,-0.7696613499884822,-0.9136735470631739,0.9600342605965225
1.371802621541124,0.589324613872658,2.026511595687016,-0.28651354460268186,1.01199540197522,0.7006749619197783,-0.7591293303005877,0.2775516885839206,1.7289864491639186
-1.8730867970438296,0.6343937043285459,0.751401430645719,1.0197040857759543,-1.16076287386033,0.13387883561363642,0.9518646072464341,0.3342197737451415,0.8731131847598128
0.00765958842369488,1.3522053696170313,-0.423033655939871,0.08838331085312395,0.27254600449973887,1.1315122224425653,-2.477785957280535,-1.000480615575182,-0.17294696270053345
0.2680180326991208,0.49910315101457775,0.9410931385066393,2.865249425850053,0.08319217849322429,0.6626936950164954,0.9029588196480545,-3.629575774326933,-2.4771147391109376
-0.9523267162588325,1.372396295503904,0.29499767675270216,-0.9747046612613702,-1.0442091024518756,1.2128197595537806,2.075082089553024,0.3782616945489248,-0.24915914253412302
0.19265684352746795,-0.19708640752754095,-0.31186279512507814,0.9041109442455041,-0.5374800492871856,-0.15251998909568448,0.5230766737422237,1.9781397013149902,1.5428842422652524
0.23869470664225637,-1.7854438692403813,-1.0374006994368643,-0.5667196180422353,2.087457943021726,-0.9927423960142409,-1.8949349203930754,1.59958284237485,0.7931525832304088
1.8850902524981148,-0.5102700187539285,-1.7986946591895292,0.44857366177291,1.001870221069808,-1.2051874953816888,2.7027238750509293,-0.3828153256346036,-0.4745924844086403
-0.9900260478662856,-0.05311218365916583,0.33171407681557447,0.6007616071118568,-0.34602974358645455,0.1481310247220764,-0.3149076513294561,0.024780607634455585,0.4849370762273986
1.2527873791487714,0.13056330391086496,0.3672125825570483,0.4113228416630968,-0.7809754148418416,0.1300757922632919,0.5762227864782868,-0.6009165412602452,0.5549178760236686
0.47846533135919944,-0.3738204315759941,-0.6364676412199586,-0.08597863604956112,0.37677306959047646,0.39127694917320543,0.6112309213061873,0.3827684545378553,0.11067246815750051
1.5538706889602554,-0.6206597260070151,-0.5363698156191694,0.12596974219633147,1.7063580377095806,1.241985863928191,-0.8284120762078442,-2.00585147000648,0.41260996372664405
1.9174533549274764,-0.35430096572395636,-0.7773258985162184,-0.6126066003431001,-0.3066165843056155,0.14790330945426397,0.4762441904611287,1.970753050075327,0.4943995187727729
-0.7224559611638336,0.05691859641951993,-0.9809478780971623,0.8825037627230724,-1.127366927557547,-0.25052667806841694,0.2839105583849749,-0.15218776896986017,-0.07800461358977112
0.2376986847849631,-1.4855038523667607,1.0861821332504906,0.6016121427843465,-0.4746261050483134,0.42395228427481607,-0.3344339868919454,0.09221064347296286,0.5359550882807128
-0.46941341936071734,0.8090699747139991,-0.025654983983227755,-1.4162519658917179,-0.22723990019603876,0.19225257931575554,0.24309696598398298,-0.3571772567251829,0.7717867893431548
0.2001541690446225,0.06373214058934469,1.0320824029965658,0.2522459654915826,-0.9234600669990164,0.6245442887322071,0.4049302055895487,0.8443818309490486,0.5345944394539023
0.9710795910030867,-0.3483344091339323,0.27443365889746807,-0.5102652630840463,0.4974379056293728,0.18540145558441995,1.118865485353687,-3.680068966012319,-0.18000860539632627
-1.4869065154989385,-0.7865407984413768,-1.3840194206574592,-0.39424219928118004,0.013327129634471803,-0.17874565849666255,0.9138089254387358,-0.19885432442237327,0.3344650438605676
-1.1209830191432413,-0.26291967231964336,0.549143304066687,0.8223458443791003,-0.3760029335493049,-0.1865495010228168,0.1619373411880898,0.5058816524383908,1.9727522577407564
-1.313821410141751,0.5465701879769939,-1.679987208069611,0.4355837300059805,-1.6627890844092978,-0.4627526942683718,1.5595671782345222,0.20648159415913372,0.6542741559997186
-0.2155853394739542,0.34036518970271773,-0.09446272697310518,-0.428265778640798,0.2805789595935853,1.196324470469415,-0.4210592203926543,0.7891750224352978,-2.0896638529921043
-0.8434521344799782,0.23937322037321182,-0.8896967000178094,-1.6031686108248042,-0.4972596152850136,0.8697521504450512,2.281653750760252,0.9526952275200585,1.9065821435299555
1.4560840433308908,-0.027645179878597013,1.5618224914659002,0.3174503097814325,-0.7323795757925882,0.8464247806065075,-0.26897792366164447,0.5224729805695261,1.1162468808564092
0.8551691998184558,-0.24403080984931047,-0.4954644245107603,0.0654699698490858,-0.45033355031177075,-0.7224931015016391,-0.04476425974461553,-0.20692493732405776,0.6199008352200917
0.566865291273439,-0.054391377729642164,1.8660435485265237,-0.06982303017234918,1.1030891294087621,-0.4614413764030469,-0.229750208176772,0.4894654610376655,-1.463645558706779
0.1334820577073015,1.463668911367735,-1.3365607771559531,0.17739468994214955,2.4559572465559154,0.1330351272543131,-0.59294373842845,-0.22585355662602552,0.6701501072155568
-0.10104483167961928,0.009365931959208155,-1.8400311021793687,0.2693495545834848,0.712112055771431,-1.4577719865991725,0.15035526638021174,0.17369504124929006,0.06933432070275662
-0.3795270589604032,0.8878635428322093,-0.026188753339644,-1.486275755793374,-0.02227743848357673,-1.51432972720638,0.2285571427956166,1.5756250613126492,-1.3447917387010966
-1.1530386109866324,-0.268310860979877,-0.05249171950504122,-0.899142166672932,-0.5188472387859185,3.1605675334751875,0.13298555401727846,0.7482781716790992,1.1011505107294817
0.008761874229018638,-0.31219211783746204,-0.35757426204047305,-0.7655297271771916,0.6996018806622446,0.42147099036884467,-0.24082496012772567,2.7025989268380926,0.9744509354549095
-0.19690561221651576,-0.023795313493539205,0.05615212760339197,0.35470284101106664,-0.30792054519824674,0.9458146336160511,-0.6574218822077558,0.004551011944454196,2.626514061696627
-0.16368696884708692,0.025588463191409887,0.07352724834697066,-0.18212922720526203,1.3157954165040242,-2.033353651584791,-0.32895551941932705,-0.630950590393502,-0.10773032129088232
-0.40438327327384244,0.2194944291882627,-0.499192054548751,-0.3823061552161429,0.8016034120158988,0.16470487618719828,-0.2524081852993029,0.7528506376429437,2.006360541516193
1.5929099486490188,-0.014822730598517344,0.7317498565097506,0.6113869306128836,-0.2218950260364652,-1.3695368868889528,2.861673176208001,-0.1303399087944004,-0.5667856771019688
0.30481546980766033,1.9289450314192176,-0.9414823242341694,0.6901446190194332,-0.3588160163801937,-0.6452397706308632,0.9900323546496227,0.2884172925622676,0.6598933214356907
0.35081005469134996,0.877991447680049,-0.28727989153116856,-0.5836652808395965,0.0879289981395504,-0.07783350895962123,-0.3396289055241081,-1.2005768132930168,-0.007962709060921057
-0.10066079649734129,-1.5168161521336683,-0.22669351119943765,-1.4223331520457212,0.34384050207586403,-0.07608764966866179,0.5064673411662843,0.7161950108102259,-1.410213643333142
0.004590839462746802,1.8851104217942303,1.330048737133708,0.06386617164026784,0.38974132345457496,0.12695534470010078,0.9002052463514579,0.22979044143432864,1.174733371506611
-0.2076777372367701,1.2285213688702257,1.1479403568356774,-2.0992200706150945,1.004920899719373,0.8803491312905156,-0.9964471337996441,0.2656024551884358,-0.7530386415898142
0.5288287066455319,-0.10638799258287578,0.31706752060282833,-0.42913134519141727,-0.9618554345131598,-1.417663722529743,-0.8207784624785935,0.6117428658723227,0.5311995450829438
0.2037809946979442,0.043086120948620195,-0.004906989231363098,0.7637761808378648,0.02235302114918781,1.3246906113033894,0.19398026018841705,0.005641164502032399,0.4339372862909498
-0.20941053841222923,-1.3992164959087148,0.4219837633790349,-0.14390651646713923,1.4754013817486213,1.2933871903313519,1.6255984170834166,-0.40971084174366723,-0.2793028302197447
-0.4190878518301276,0.2492103860369379,-0.20170465664188525,0.4735977988222356,-1.2350525104640742,1.9534125182383715,-0.2728811471628114,0.8796249231442257,0.17969855599282664
0.8916019299547342,0.2199365112709681,2.728945007826601,-0.2656598908212213,-0.09069183990610823,-4.556259864622964,1.7861374532323513,0.4654331058061973,-2.5625009239308008
-0.5451893315716231,2.011668648458023,0.008492898669216466,0.8690290311912,0.45651290043451437,-1.1240446311968288,-0.24647850726790754,-1.280114969162304,-0.19757717146185577
-2.322489114221928,0.06693412605667799,0.3769078691883083,-0.026576695712524245,-0.3480371487191365,1.0759961010529246,0.8005557495064188,-0.8075044674848464,-0.5060818258917051
-0.5761774782371449,0.26673210700257716,0.96711554042959,-3.232588225552718,1.5196634618716502,1.08912971734116,-2.3393362685814982,0.045780672334920385,1.7812087480210732
0.33048343644837724,-0.5304219873189712,0.6061696458899521,0.5989806912724271,-0.08763794853926431,-0.08097499147432889,0.3757353122270097,1.4037266329424114,0.8463959044261996
0.7678269052834512,-0.4137778951628441,0.8236596358015195,-0.006617339116078686,-0.7451780322494332,0.15868127845586275,-0.31433010172287335,0.3724186639478259,0.05646221661658969
-0.4910668208091594,1.2740749743694197,-0.15877430095776057,0.0810405715088534,-0.8116443260639353,1.1780364849527667,-0.3600060122868686,-0.4086257884158448,-0.553226415420897
0.9649811896333933,0.03507530662327527,0.2589196657514659,-0.16597759174574736,-0.47614720409348543,-0.024305486699649555,0.15538382441711063,-1.5298417213196238,0.37793049818246277
1.0080906470216142,-1.037122426199579,0.19605676710725137,2.4602195452537816,0.1680470405567273,1.8475234961824443,0.28092159994075344,-0.1540952801131372,-1.168384104219399
0.2644579701424278,-0.09243919407304299,0.015766904919856366,1.3915322871117,-0.9844785498610235,0.17363378269667717,0.044938793728376725,0.029274650250010983,0.13080895603664777
-1.4058572589686182,-0.3336515697917396,1.1098324068007315,-0.5989674163775592,2.064465843964965,-1.023623459065332,0.609670084770111,-2.5360982271629884,-0.24601578257248122
-0.10486015750599995,0.6399988860533259,0.9737961986664345,1.3509197901149999,0.4081696998976878,-1.4914209647488075,0.12687633804272716,-0.17591402256820599,-0.08967988500976941
-1.0271244009276226,0.1897048726564004,0.33567741447347343,-0.7748508411512425,0.06990977400496097,1.5281720096751297,-0.09189937970573289,0.9101015142629146,0.4499506840732784
0.2954740675904028,-0.40355621581140677,0.028999481986935503,0.7784631375084804,0.5443993351584951,0.8229631305385131,-0.41630530177223274,-0.6397910531119559,3.240357199831765
0.4576130618930249,0.4619006622955766,0.16515345515783086,-0.16652045339228788,-0.3528682392853011,-0.7489583802534048,-1.904766705228827,1.188142671827694,-0.09989172848011713
-0.6226857867638108,0.4715785077150122,1.0602535331086667,-0.585064947121191,-0.32638760120070454,1.237947012548969,0.15037066507335103,1.3547478660990753,-0.010762572009628414
-2.0554355332911927,0.17092123853542324,0.09318801089655655,0.07560001474473847,-1.5790754079703337,-0.0004314048882118963,-6.441023936285866,-0.05330117101909271,-0.37158293218866756
1.249779548717753,1.0730055072074365,-2.6547683183400137,0.2215504013189401,0.6778919115592037,-0.41568663509214493,-0.3783553746687746,0.8459950301767248,-0.08301813101412271
-0.02593355218728415,0.23445688422172675,-1.213394970136566,-0.61288153583233,0.6381474279397836,1.228156312759998,0.07846556391073767,2.483928842997055,-0.15610737571633793
-1.6115164562855337,0.046654957596833864,-0.7858640657771433,-0.41496643976521097,-0.4676931992855274,-1.606462994947263,-1.506347076116468,-0.5991851267349132,-0.9935487646629851
-0.3376955960234447,2.5608442733960826,0.09612852395654725,0.20871006426846953,-1.3535570605579619,-0.24204461771297553,0.08479922555270963,0.22008632466790748,-1.2508354393696346
-0.8807817241415734,-0.001263373352069422,0.03908222075448131,-0.29840364131573693,-0.24036582920675717,0.4423986505412992,1.7835094496530586,0.1746341446484567,-0.15782562062269342
-0.2541720661985834,0.2986557408668301,0.4974934234499716,-0.5797005548535985,-1.8028694411332764,0.5005327724142016,0.15395648623786246,0.4668668714704016,-0.054041755311342095
-2.5236587478878976,0.24430946518492266,-0.28029238215575436,-1.6499396629045295,-1.4279729681558835,0.025126057644095687,0.13666443255170857,-0.13366241716182709,0.21650479151713262
0.5598982862815092,0.06770161854692441,-0.06396549648147265,-0.10622579246442769,1.3202866867680765,-0.97098199931134,-0.610767426592516,0.5505179126699316,0.06478586983493836
0.5171493104635875,-0.018606081136431894,1.4084543567026875,0.00408759111750232,-0.25269652762641015,-1.8564489731029177,-0.12419465121936739,-1.1550322520714535,0.014287649314738188
0.9673895067570968,-0.8459791947703804,-0.31523865141096996,-0.40939601284056265,-2.9154511987936207,0.41714958133376073,-0.09103316820176749,0.4887253325136139,-0.8829888913500528
-2.429578390469369,-0.6481798814193643,-0.2745483815560839,-0.22259407935055375,-0.20967309202421247,0.49835331367465147,1.1080251164556274,-1.8669600324155422,0.42276278480533747
-0.5640349992603965,-0.5979745156387016,0.7824293018606444,1.5826855743647126,-0.3758408289694473,-0.23819461807023423,-1.9395364916013473,0.03259870488051863,0.5805265182758471
-0.1218005788153845,-0.36712685858414906,-0.7731088205921663,0.9152988293361229,-1.0513264427824225,-0.11157795269322805,0.05107541806529578,0.13961567026231367,0.8759363115803145
-1.2492484334143026,-1.2634213274910797,-0.4761293658709392,0.08790401394222389,-0.03335266679466973,-1.7636669796439008,0.27659262656927686,-1.3566695648460005,0.10566832705850625
0.7959182895956282,-0.33408438907612636,-0.11334380517082498,0.45270240236547105,1.1807195728136184,-1.060755470379063,-0.13190084505902944,-0.0701664723912308,-0.47666982642387046
-0.4731671155296997,0.26521758745167173,0.12888781285936338,-0.3664265906594567,1.0532400235433796,-0.4716985208490234,0.6944761154992729,0.4362423957633711,-0.23261035519489193
-0.767603146733544,1.5539278557874832,0.5218192925112604,-0.8623284039617488,0.15784732797831053,-0.115702988981411,-1.1822672591794097,0.3519648147310398,-1.1628740807032174
-1.4363062250500471,0.15737308777052025,0.6719300853108803,-0.13167417161304773,-1.3128271566986633,0.06100036615172952,1.2885632724641136,0.6486215319634672,-1.2769453000441249
-1.2217979491186437,-0.8732828391690696,-0.26112884115704765,1.4757079992996822,1.0406176457679042,0.8673731417095909,0.13475296308721757,-2.2045198005559525,0.28905057306637955
0.2867474896977888,-1.2380919592452102,-0.4255050543408597,-0.32181047944888586,0.09646911469385479,-0.7386392228291764,-1.1795013934430734,0.20640783316664307,-1.3355192292086102
-0.4138753947414408,0.365947181147916,-0.12929391879751412,0.07193871569949713,0.3491140137677361,-0.9752795531134485,0.0551203762839942,-0.3513643465030477,0.06620694107534886
0.08567114742698605,0.5399428204621829,0.15024361263557276,-0.13852347761215966,0.6808533416430189,-0.7500278924069729,0.1376648452440829,3.385991139517129,1.719588144702076
-0.8962136169512342,0.24982456938352227,-0.6913022591724153,0.008557408992033493,-0.12888380705092078,-0.3311570102616896,-0.4586971581655886,-0.55472859314241,0.3103102462191045
0.827359971667096,-0.8229154349736811,-0.6261685705443963,-0.1219779200109574,0.06608351773483018,-2.51645421210514,0.23631061257511238,-2.242954259524989,0.6219385246930471
0.32960403465701377,-0.1938688898699053,0.18812339448537221,-0.16093238184408767,-2.424242031782765,-0.40780999984358424,-0.008935971743162635,1.20342503652491,-0.6399802962988952
2.5614783615947845,-1.7023186554290157,0.7772085059200774,1.1058185858390888,-0.12049709131828622,0.8571511608236336,-1.5211295627655461,0.6302378856077026,-0.17371160478299857
3.2417171435067993,0.3660779202969793,-0.23705908299352865,1.8936474567251262,-0.03972412941825991,0.6889907372408752,-0.16652786744425072,0.27809660162961175,2.0285775878805747
0.7440206644566815,0.6809843496857549,-0.2049826542246443,0.26708385001494966,-1.3762474449833209,0.19692652575135863,0.04659152186169706,0.7126243194321479,-1.8425346913794045
-0.2561838590228529,0.5874971029734325,0.42812579049383936,-1.4769051618857203,-1.699358808463641,-0.7616515683617748,-2.9183128028619656,-0.20127272562184956,-0.26215949696175306
-0.030363130646882203,0.05952967858012683,0.27515668834050333,-0.2909602355501648,3.7823698872825204,-0.13427657848057806,0.6189830082464695,0.30197092790197305,0.4823088330354302
-1.7414602535252979,0.02823171696195314,0.31900581606220074,-0.1375872066458031,0.31441989876444953,1.725334639487873,1.3424616922441817,-1.1373309284380566,0.015094602661479594
0.6039696326495684,-0.2524681244599561,-0.6874531903901884,0.39761961316399524,-0.5805529481047759,1.4004107374463934,0.19713812515790055,0.021886801993328573,-0.8728909422096323
0.0643122000426766,0.5586135608416725,-0.17427996759405534,-0.45028361658785315,-0.599243263901421,0.05417077572851174,-0.9617510563864956,-0.4740377655725763,0.6243876246283386
-0.10790111373890712,-1.6179623202664928,-0.44567910350050366,-1.3887663246120836,0.5090353203220711,0.24395853484919555,0.46996617917101796,-0.6120291680593731,-2.188823877757284
0.6912944450905447,0.26433709524002996,0.4981291058583325,0.19089073753462515,0.9685797090427245,-0.4633531186567063,0.3305136603012886,-0.40684486539906867,-0.4385563342451445
0.44122064597994876,-0.9785530793960002,-1.005499696428087,0.6945128532242102,-0.21328258546849432,-0.41517200767123025,0.008683178056013622,-0.221305497657557,-1.4193646495911094
-1.2161268332931903,0.04372198154344137,-0.1670063303692482,0.03519681048367889,-1.4138457340475792,-1.1280341419521072,-1.0505229537297478,-0.26706963260415506,-0.15154735602125688
0.21506466875017496,2.8448953813819173,0.03446648982957637,-2.0206142532112215,0.32234480720323505,0.4321860623960121,-0.0305593414145346,-4.084391588935549,0.04914730343114005
0.12989891631801434,-0.29362267597012376,0.4883027438744312,3.77860598307485,2.169935928516354,-1.6732326195630418,0.3653023795015421,-0.5684539083531779,0.9249324833379154
0.32047801487342464,0.026338698479268424,1.0842179049675669,1.0200769401556287,0.7375567727128387,0.24988765859944645,-1.9281789930207176,0.2621556581035773,-0.9109990341583118
0.04575836653707011,-0.22826628399655347,0.006228716446707867,-0.22892117091514855,-0.7831359632544608,4.091565581715411,0.056924225102476425,-0.13933725544107162,-0.3508461899539994
1.082040047516027,0.03160433362193626,-0.5432244776322076,-0.2660358532054044,0.3659352726682111,-0.5443724531522559,0.04277076064258334,0.3876338594557741,0.9648216109920621
3.9674571482935,0.02430776910807456,1.2641487121860338,0.14491342109123123,-0.9124382803982423,-0.39633952687992846,-0.7552017785834149,1.7526425174484521,1.0140152761648606
0.3563719393072891,-0.5472992536809244,1.127039631075785,-1.4127584965938798,0.3783143712623525,0.3015394054309064,-1.113920612789406,-1.0097505299286464,0.527459081552806
-0.6819810244214264,0.5095607734642907,-0.5617779959034646,0.46990055856003154,-0.098885650235627,0.0608867030701328,-0.07782163171345795,0.29010368795307323,-0.03793265103181598
-1.410634166930367,0.20138693673147146,-0.46769790345538226,0.2216192345578489,-0.39917019004259496,-0.062390011867930674,0.5995218600865255,-0.2707842954707446,0.8095645177629318
-0.06645539467760458,-0.6439863239136857,-0.40900327718350815,0.05251902639053645,-0.3634879488572994,-0.278272711118942,-2.065117191458833,0.7377292916571123,0.6195582791463581
-0.0336926067328114,-0.3402182892851363,0.8469060415932982,0.34086603765180357,-0.9864046987205306,0.5295919290837575,-0.16058635666118198,1.6106555369568376,-0.26691345158724533
0.46163185103250626,-1.4745811415872951,-0.4768999045836233,-0.1673397912328105,-0.2613476594602567,-0.12616819819153638,-1.903113679249322,-0.6091877662952891,-0.6987283148066917
-0.11477303984212611,-0.05079204561178601,-0.07950969528172844,-2.009706502567316,-0.6527243614555718,0.28212094166790064,-0.23858228085547362,0.265859069025954,0.14373866648881048
0.5004281505112558,2.657420317095103,-0.052163288196824156,-0.7363919660427999,-0.28929578480844054,-0.8246672252608903,0.1587845256090998,0.30293876962734423,-0.39692803574930496
-1.9164404071094228,0.7288943910477705,0.2504465882367914,0.3008154339983762,0.783994700114684,-0.8552054767168199,0.8234132685686057,-0.14851608548933526,0.8916982679502077
0.2861492979767653,1.0203234573316955,0.17678779626293642,-0.15979104442119593,0.1340278275037129,-0.16718317339348643,-0.9844874869840642,-0.14913165033754758,-0.2345651731991763
-0.9036971546637524,0.11134350773286764,0.15116780492376636,-1.8728950839017922,0.07554366833741216,-1.5028347651652523,-0.01649241304758685,-0.813552642313115,0.47844265873289843
0.04849271185380034,0.3376002893235564,1.4997161037571185,-2.4740140207810013,1.4108766940334263,1.13463398009157,-2.820315019600377,0.7577691646985508,0.31047669733928984
0.40399622148452174,-0.37940562773409514,0.40488990349552284,0.16074605342491005,0.13423123392445505,0.3916614966967051,-0.12997006309988426,-0.10763354833686242,-0.08852439413778697
-0.37316788516774335,-0.3114111224635433,1.627966374051732,-1.1440723775295902,0.3986542446797887,-1.6909172053743626,1.6423039161010928,0.07729515506887215,-0.2338945233506417
0.46260158129745943,0.6381053010631941,1.0079641008974665,-0.6271105585159381,-0.22432111853629075,0.34906539508861084,0.9967055767387876,0.8157044570910473,-0.995812241150685
-0.7496570256502036,-0.2470861706330169,0.2577764015910477,0.5304206742001087,0.9221511213897284,-0.5165542802644998,-0.04023902401758107,-0.023450428298971048,-2.726573870916638
-0.07127089620329204,-0.06634794350156023,-2.1547999358330365,1.298699492167925,-0.09703634347874676,0.0456799971321331,-0.27438797437874024,-1.102224155174951,-0.15133245914467022
-0.7177074787199991,-2.432648475495109,-0.6070744445264665,0.3455931045819684,-0.3815604085005469,0.28361118343828834,0.4991330810870654,-0.521997216010208,-0.720624856820687
0.4217609917106426,0.4508125449464732,-1.2601979198096902,-0.6405507543392223,0.28895123551586366,0.9480170215355401,-2.2346256855601654,0.6289826006934516,1.8747324904759994
0.34014212870452953,1.6236822961987865,3.3566435507334265,0.54633758746646,-1.3399413973708825,0.12480405289685056,-0.47014316699998826,-0.013548800744417106,-0.2606895215981133
0.40037971696262786,0.7667743356639528,-0.12263750560153243,-0.9796766621712985,-0.12492132277792996,1.6889815680961862,-0.13120035955683418,0.7182118069216838,0.29108981669599554
0.9459542080173665,-0.25300996912281515,0.7998244703263253,-0.33083271984062274,-0.7624828366098954,0.6068460591922127,1.221042902969548,0.2564918115830481,0.5723081813281521
0.996933050695127,0.23771599569885107,0.007345140123368962,-1.6418591956300925,-0.32312229877431725,-0.36219847528776516,1.7264985970453288,0.7788949105457293,-0.31194788360247866
-0.47971033914312083,-0.3380990659220873,-1.428148474999812,1.5832600662784069,-2.8553342812376106,-1.5831472730507603,0.0902038920562453,0.7844418010563684,-0.47600244480499126
1.4952509322883663,0.4213295412189739,0.1289770892260724,-0.5781157451846022,-0.03372477811124512,-0.3816728045439691,0.2097340890285799,0.8946321882168623,0.5920981309092136
0.03435309402452027,-0.7325767939459582,0.44622695719654015,0.2693113045171564,0.4513623731944864,-0.04062070213891669,-0.7940786172559671,0.24599115265463228,-0.046746934664942244
-0.9819389764235605,0.5346854464679607,0.12774403855060432,-0.1737703892888566,0.3655041021260393,0.14905334264714012,1.4379904351983614,-1.9397946093568132,-0.5278304696912536
0.2695155354334679,0.009187155477291663,-0.46013970872799653,0.6422080134269711,-0.4326454517230987,-0.9357042579641383,-0.4087809760991997,0.09521803134119944,-0.7967270794362593
0.12991351942660168,1.3318397688656336,-0.03028731302017224,-0.029906114541701275,1.3749036542393316,-0.004867511638736643,-0.2386094095111151,0.14035758864001155,-0.3442954873311055
-0.6315035928393602,-0.3691292953398758,0.042786516813234754,-0.3979001279081684,0.5742364873932576,0.06296781900752585,-0.042664592265045126,-1.2276790168529,0.23983284306281663
0.7964755624659142,0.2457205179223496,-0.19132135705316253,-0.6342819240982153,0.39779421691353134,-0.040557228552435584,2.836095056399703,-0.2880694126173374,0.6827259355973841
0.8215404029714151,-0.49226185751096996,0.8164852202213636,-1.3932999596065945,0.5830311697528222,0.6718714624521525,-0.08077979761196862,0.2545966966767973,-0.370340536398526
0.3748775291686259,1.5203964264107859,-0.3211092136986991,-0.8974003982687714,-0.25197452414003435,-0.054290010359376355,2.296329753679076,-0.3142614151258781,-0.8014001990923574
0.28659970722444295,0.009682253247839197,-0.10866014694457136,1.7582163348247926,0.8025080915816429,-0.254259994753506,0.02940771086294837,0.035853420919714524,0.3316490149720562
-0.6507551368158866,0.38557892045350434,0.055652980901113334,-0.3937026644501478,0.6122504910454548,0.03748017661420307,-0.0016244018306165874,-0.23595323780630598,-0.7371810879397243
-0.029700770233651096,-0.5785947439541226,0.3744792009918346,0.703907930648032,0.24219487766653483,-0.7572339466428113,0.2197755862364322,1.986314290675581,0.11706008345873288
-0.38622799733095736,-0.40229657156580023,-1.072387763125169,0.7687263435232364,0.2023989973103761,1.4828083527512261,-0.13555904341524053,0.6190105505382991,-0.8828073751091623
-0.5359193916042263,-0.3687249625115633,0.15199870405581162,1.5992593605799816,-0.27122658688158935,-1.9104393340136827,0.6957223264964316,0.006064502611083418,-2.522978872236579
0.8762351619665195,-1.443289340979752,1.2224551431485366,0.10281201675785218,-0.027661517293596914,-0.1552176162360442,1.3799978754468876,-1.9475694452777372,-0.35750609401769184
-0.047964754021764165,0.8621704099569627,-0.10924923630903731,-0.4943515111700503,0.056140784207254865,0.2756382348250309,-0.1775903906069405,0.819475650338331,-0.7593505880500951
0.7115985217880361,-0.43693052354150097,0.3305373217147374,-0.4045663576849378,3.5295485815968557,-0.5000024462536823,-0.9486322092352539,-0.06869720807312785,0.9008813323717791
-0.02775535281819116,-0.7193926921173481,-4.252490680397123,2.9150350572889967,0.7968337237442127,0.2581281908299454,0.6128508773683358,1.1967147856960434,0.5673376625059158
0.5256456129130006,-0.24299236677751668,1.0056985369042042,0.1675442560259793,1.4008847207712425,-1.0688055299479577,-2.5117964836859765,0.13442985476881078,0.35945062217687485
-0.36964005307447123,0.29659091907725244,-0.3140970473314384,-0.004968025260990277,-1.2306165839035417,-0.0011973263169053835,-1.022097329637717,-0.28784943568042065,1.3284813704643874
-0.7172493128709535,3.9768923897209953,-0.5844612810584985,0.12280381164848804,-1.092084278664511,0.26508839009592394,-0.1620749098954665,0.8425333938493909,0.03855113374374619
0.2726866081815478,-0.07925932906401723,0.010320695208573523,-0.013856860659830697,0.06489933401829645,0.36077015751121627,0.8299457771132775,-0.08072003347562036,2.8640815822424677
-0.5752449731537178,-2.7607692903353374,-0.4295089891317569,0.6978426930279568,-0.018470932986384483,0.42856640683649494,0.34423053235448786,0.5763600281742641,0.16536784591203793
0.9124693644047195,-0.6523451578690466,0.6203455629587239,-2.496013015176147,0.8784522608275772,2.5793907669517457,-0.3740584216016091,0.4964541301403297,-0.12627272298149847
-0.04990033768547445,-0.05555568730621174,0.230608428247087,0.009558708534710855,0.4629063431103149,-1.1550920649570167,0.4185344981949422,0.3096591900448527,0.2024814958613187
-0.4717374768456421,-2.0760197596213077,-0.20648560129360624,-0.41454845930385736,0.9503024344780909,-0.35570698987559585,-0.8474916029387861,0.38921617559748745,0.51128097330501
-0.5718268895597527,1.5396299947093766,-0.3021582708540918,-0.19183381088526796,1.012987516377466,1.1887741545527875,-1.5549693035342655,0.9474205258925565,0.3357287030420256
-1.331170696837218,0.23377856226525048,-0.16909015390594295,-0.18752034704205056,0.4082771630542938,0.48913818393243813,-0.8009460350867411,0.8391438771588156,0.7646658511556471
0.9956702661630543,-0.7771219036251337,0.4352706968381432,1.0792968169004689,4.359528038699911,-1.5236298293480013,-0.11284655165113668,0.3934543053798807,-0.38352591974534184
0.6474764180136937,-0.7020404689160399,0.7564340339917008,-0.948351858389123,1.331602015511649,-1.9254961057908695,0.14215987943609812,1.3064641677627102,-0.09607474517991264
0.38620435703466327,-0.7398262566833906,-2.5830690366927196,-0.5762465798979506,-1.3824513538301684,0.6774867628749672,-0.31710228717378824,-0.7377700098520626,-0.2466652302301154
-0.01127309446433046,-1.7329607818236155,0.06324809159866328,-0.15063596364711712,0.6240123845554647,-0.6351925345807306,-0.479868067615863,0.43510144681897645,-0.05651559213892164
-1.3980229255292196,0.2628531409964482,-0.0010331594869027595,0.10387525950393921,0.2668598093128172,-1.2027609971578745,-0.9850606448540323,-1.340382340327879,0.26446181112946787
0.6854667429631516,-0.03503731265997942,1.4216373345629847,-0.24283114205376577,-0.3344397907921481,-0.28126217375851525,-0.14010778088703743,-0.20602361811199285,-0.3827176797520714
0.5226382925841566,-1.020783097549943,-0.556597939511258,0.8618720939314376,-0.4472962470632458,-0.05969416924012239,-1.7175283556169465,0.4057998370833307,-0.005311211237029716
0.1751168914240595,-0.40362547161961226,-1.564318262285066,-0.007288472033516046,0.042363756475711896,-0.23782664681994437,0.03648640754449015,0.6136993941697721,0.5271473635797983
-0.14307749933436104,0.7364542853917545,0.13326090474906527,-0.029917104072112555,0.33734604722258044,-0.21796100483625905,2.2293925157243906,-0.27086182328274566,-1.1404803660185103
1.7632546992091653,-0.6403738674187481,0.6265426569711988,-0.24939742357002148,-0.8734851657247144,2.4231088646212964,0.03882163180340305,0.8845795288899796,0.037780660144899496
1.0474688920024544,0.1899989464641261,0.22437669383454384,-0.12231812378261361,0.32366604271701765,1.2065881925353061,-0.4167941957815607,-1.4126077660352225,0.013293304358372645
-1.1103706289667759,0.44560131572138567,-0.5824599822047571,-0.2651519225454127,-0.019166052752358862,-0.034589884046119256,-0.03144252400630747,0.3866564919243529,0.7041858340448717
0.15266386191586118,0.4883020550070584,-0.6975824239581879,-0.918389585318979,-0.1804540637787351,-0.007969557857083746,-1.6568746216741248,-0.18709710308061123,-0.03652013173410931
0.9382849463015285,0.2599913475172757,-0.1862864218366859,1.662074232080536,-0.17363205415636676,-0.4940103221358515,0.807699134684972,1.455105593248267,-0.11554598443480553
-0.5087969980802859,0.7212507322892568,-0.13967660913315208,-0.012910041956657101,-0.41386117403816736,-0.3082809955788338,-0.023090709671734353,0.4297205145578081,-0.972334651194105
-1.6872898613604528,1.0410108342558215,-0.051748846961003875,-0.39238941958905355,0.5718029285595655,0.012306443938441934,-0.3477964479448219,0.8334191747028865,0.32450803565135683
-0.5206365784146799,-0.22751363211987918,-0.5558153613950059,-1.0289696481338055,0.6922159885115383,0.07953669285419392,0.5189568954633295,0.019065060563073843,0.43752339960266157
-0.5414061553129881,-1.5077809848806134,-0.11810876478024758,-0.13040968782134058,-1.5205076416673722,0.014610897566307547,0.3560036468968516,-0.34800196802452915,-0.18983796228882044
-1.6464250206105595,-0.17691776723106953,-0.3946417740812558,-1.3401616355181463,0.7367100859277815,0.7593240828779737,0.02470198323705119,-0.48951283517595967,0.6977359922626633
-0.7816519693705475,-0.7983939548457494,-0.6158009622583873,-0.12829599611174233,0.1115923691508053,0.12598770408948345,-0.2208051969265022,1.4398244775926567,0.28886039443347494
-0.3016208880812661,-0.8884793734577003,0.12066624659946763,0.8778360641251771,0.17637686226557794,0.5304810069855027,-0.703619445984586,0.21729261841201156,-0.3320622348342429
-0.8897798590298924,-0.9568111765524444,-2.0478787160681167,2.113078697374535,0.3295823935427766,0.5609810606878831,2.669320078689771,0.6595991046054553,0.4449486117809385
0.33254726274535373,1.068865011662707,0.6202445301132206,0.6258163840329735,0.4492480876936966,0.042255772631905,-1.3165027515208596,-0.7567095583182624,2.1544411695167485
0.26949966846041984,0.09919950310051444,-1.9765562168092867,-0.5271820171958702,-0.7632918765781119,0.38965018247622923,1.4027059571819727,0.540498966562829,-0.7005268761279658
0.4662523568107092,1.0550055645514742,-0.40438238655723685,-1.3187546877333136,-0.17709650182250164,-1.3757911165738004,-0.7803091044391275,0.3161786257721254,-0.5680164211871259
-1.586618286585366,0.257922110552261,-0.13474006799483548,-0.9463575256912584,-0.0024742978525734744,0.22741246846403504,-0.00018547926404232805,-0.3249244866549817,-0.03406331232457824
1.1435199563184093,0.9306944736095875,0.5535843036093432,0.5380975796735161,-0.6193902793967391,-0.5302808747181875,2.2864292625436766,-0.4343238224657722,-0.23421069576080455
-1.178371406306695,0.2113188261500639,-0.023227124368802143,-0.39223296824321147,-1.0205924944891305,0.09841186401800377,0.08116469773547272,1.0841558598507601,-1.044649378353776
0.8039392016765998,1.2778187190337456,0.025279784651228477,-0.40317287218549197,-0.38107307408563157,-0.17060522808743137,0.3386832977928782,-1.4090638079987523,-2.2702708855476765
-0.1184490993830138,-0.5722727989636237,-0.08619612591970895,-0.5724148037015196,-0.17501242872451264,-0.9593785722697986,1.1949870768672735,1.0201231706292813,1.738455861366422
-1.7777189385009082,-0.42692978343861476,-0.2899645025482955,0.4317358683575733,0.04378775948747876,1.6597904891551338,-1.465780325750316,-0.34327571378983307,-0.5120606205710706
0.84791757124527,-1.6395517604370016,-2.1358208230166142,0.4051867001178123,-1.3721259192789044,2.2277849734266586,-0.0008095655233646646,1.719617606665083,-0.016977224390268476
-0.45210162370539675,0.29861859066052066,0.9130168165309581,-0.44314411170760315,1.7765686593930696,-3.014991874213116,-0.0972624585060845,3.524430071923712,0.4033971925803405
1.4253043592529135,-0.2795894197501121,0.533626671996917,0.3813048753471608,-0.3098402046100061,-0.20303920441223125,-1.767969594337388,1.24392856365141,-0.9667787862386359
-0.05855137841051391,0.4475613630238398,-0.20134821696798955,-0.2340945381665336,0.30176977499054214,3.22659874781562,0.0637493482091561,-0.030960984173150317,-1.4664719533211525
-1.3330842600006043,0.309477234930855,-0.11469957840431792,0.32809766892272696,-1.0673416348020575,-0.6113662318458045,-0.4568192430809276,-0.2859316620444644,0.22702680603667422
1.9133894215950404,-0.8253034394250933,-2.5661826776973684,0.20973774087003552,0.9781568710265148,-0.5832651968598661,-0.24454771495219926,0.2092404571503127,-0.033485272499785376
0.5121578137820374,-0.41980669149637373,0.29327157035176254,-0.49804906294193,1.911146434784993,0.3656660878960685,-1.3594979748605907,-1.1184715466626662,-0.46702152513200673
-0.4348205557908482,-0.12797995641527468,-0.6280181409356439,-0.0181337006867058,0.10288039072897656,0.23102800687494932,-2.6274313086209613,0.5925136585876757,0.23980631950346964
0.27731140226442014,1.6452425998022795,-0.26195382969272146,-0.08623398960885384,-1.324818324013675,-0.48496546811440416,1.2520693915624876,0.03312334651773827,0.007974981047433528
-0.031978410073542775,0.34807893408228513,0.8397615926768651,0.31241121740239447,1.0854191881223816,-1.2422601909677318,-0.7587122791500774,-0.18612829136246337,0.7582328358141731
0.20643623558836824,-1.4902904255662366,0.1238959715501951,-0.48972653106711833,-0.3187713654512733,-0.03949003952645859,-0.019593078849580756,-2.3732521839934546,-0.7146768220574908
-1.2315009999801136,0.03551631594335361,-0.03517809541788409,-0.1733237268502361,-0.6910667462219882,1.0475305613381607,0.06775655022048058,0.4568229446662006,-1.0463961378367854
-1.015927068582239,-0.12021183475439,0.5353090291291385,0.003414040456909808,0.09133984412147396,-4.2407874857353836,1.5036080414239126,0.7235231723145639,-0.2695702498844293
0.28119514083456226,1.8380157902752132,0.4622038664185126,0.1431861137108756,-0.031261778826668536,0.9910264959394834,0.3629421694601282,-1.3864943031766275,0.18072999616936486
2.3600539785013885,-0.1490242689147474,-2.23043271138099,-1.6439291242436607,-0.8891286515312429,-2.1008710310866348,-0.17098479998788754,-0.07459345941807026,-0.47183275901910404
-0.44939695796085216,-0.30679521741077964,1.0290924439027143,-1.3167179750065385,-0.5173657651008152,0.8652669911123836,0.3342522326266203,0.6246092858356577,-0.23881245421317698
-0.4601118955154177,-0.1714402999229471,0.6457341303233537,-0.7496289251908731,-0.39398152899619654,0.06793536818834554,0.836563537522685,0.6297460239859417,-2.494693912897133
-0.29992610905946704,-0.8614254815830367,-1.154986574091594,-0.61860077370669,0.5030023550259982,-1.2751651090211988,0.33799098478297657,-0.28553419250214207,2.595839302441706
-4.240235756461461,-0.07506520331412113,0.622481290450771,-0.1341694582888619,0.08496120278645002,0.48917298187141234,0.8774348868846128,1.7541161762005195,-0.2135564391680897
0.11375330317244833,-1.0896988222986388,0.9183490902708732,0.7962333904513704,-0.2410377580220806,0.7919656200886396,-0.23653352515573325,0.23077872057650758,-0.4463173044723076
-0.26528895023334625,-1.0115466801331656,-0.5466029467708851,-2.151728582500651,-0.013743815213975503,-0.8542164657981312,-0.2943908184218789,-1.191881110621873,-0.01004031252379985
-0.5628224140829149,1.0028131002641665,0.3616657954155085,-1.9573408290928815,0.276509914819713,0.2796200906144766,0.26769744130129464,-1.7107824128890798,0.22263958204449213
-0.10199879341829396,0.09762092064132084,-0.4145154572886518,-0.09191728445423948,0.4372816720742186,-0.08000995906860053,-0.26536294509635255,0.47201985543124325,-0.06354002623761873
0.6305766664637871,0.14015990840012774,0.40633748023878274,-0.23707005482801768,0.003860459733082043,0.6433481884133344,-0.040673403002721514,-2.089564296578858,0.5201887407909356
-0.3615181055936449,0.3047142236553527,-0.3406503528447713,1.1959852704476306,-0.08273295887893901,-0.9735118965279596,0.2932166642740039,0.48615296277722864,0.35771927603657694
1.0875350314315024,0.7095877705158102,0.3974951461561743,-0.2877789081354574,-0.9395791870391791,-0.06761122872717497,0.34187264555098046,0.06427491481456807,-3.6408916717646633
-1.2968919411161963,0.06997258811507825,-0.7638956170922545,0.6420157475534336,0.1943255573351135,-0.5684855431621288,-0.6405747849893676,0.19373806059604648,-1.2059463941119073
-1.530060019121352,1.5117007938747256,0.8459360748460082,-0.32745783644266413,0.845557526174398,-0.9268721526521759,-0.4467288167399279,-0.19658414951532943,-1.722543957111635
-0.061469224821563626,-0.1815354512873697,0.4324996726938313,-0.0673873987031333,-0.5907089983025394,0.3689679548331717,1.5533648107718827,0.4397434847716261,1.0832656112899153
0.9522485989318816,1.662561448935633,-0.08496290523418824,0.535827642697439,-1.5198926659232272,-0.35046889622942695,-0.5668222052895957,0.05681782951638553,0.4000698883403536
-0.1236673034484226,-1.5564356252422982,-0.0883834632315983,0.25336508395414836,-0.5586480787450034,-0.670247984345031,0.12494250136200857,0.6337030399778881,-0.18810110146902753
-0.2639350484447179,-0.6490147969450399,1.9597475477863624,-0.75313645919351,0.43278621774727094,0.05697426808571533,0.31897783051926865,1.2548719174292664,0.17168719219908168
1.6176431533357098,1.1070450185089968,-0.5765836152773465,0.49026672863936605,-1.3299548859933132,-1.6128356115101217,-0.0598334921744324,1.2345438186694426,-0.9161337404873303
-0.12938345042590485,0.626021677198231,0.14770723002683628,-0.4275933642455365,-0.4554765991088721,0.0758924541751004,-0.22269254547367257,0.21358270740665808,0.5568319402278157
0.22496039935827336,0.40843477938291595,-0.3063143068318705,0.06387299809263691,-0.7517839999549787,1.8334169449327684,0.1613527820585977,-0.09957561744365075,-0.13474064294377436
0.0004969551655334679,-0.36776546163192486,0.4144574880551578,0.21334622853922386,-0.5248553289866105,0.7841424599099627,-0.20903970337660394,1.2950126556369868,-0.8885704703588931
-0.5107243253997247,-0.45831882290423226,0.3962720119276681,1.3159279412971223,0.057467143462024056,-1.6063895103262364,-0.9311580661290598,1.18507254867367,0.9760872686318209
1.185159324993995,0.7306269190616126,0.3933749904169807,-2.7852949024255182,-0.37924218044628494,-0.11766654166410258,0.15424119938075934,0.2651755934290319,-2.4189469283237393
-2.6132751244860564,2.36513019531687,0.45724727007331195,-0.11855743944382978,-0.022035141828029098,0.09409138730911061,0.2771305903775638,0.06505636478849842,-0.10411294608657992
0.19450061762476287,0.7505173435795641,-0.5196663102441759,-0.051470031053349775,0.882273683702425,-0.45953496195404175,0.2004987108168156,1.8968748982533743,-0.8433014093134041
-1.509508962233651,-2.053167208736294,-0.5019879616221737,0.0921912824127541,0.07185642755850356,-1.734203862548792,-0.4661910600496443,-0.007448318808211608,-0.3839994161714775
-0.32694079164010836,-1.2303933259543693,0.26778583988799975,-0.4954878426458691,-1.375139431597075,-0.4035913740822779,0.5276981514528019,-0.3158150963156358,-0.21283971912035352
0.9413696598322113,0.697529183657623,0.6664835320212688,-2.133236747123913,0.7613379266729571,-0.09945620762434043,1.0482686742594438,-1.1724890778679007,1.1931519326774949
-0.16180282279324226,0.015487063208004543,0.5336816423092217,-0.32144657952039746,-0.46397567208393997,0.2256769877027098,3.982341625340374,0.2176066328515956,1.1718366644037688
0.24965462400900146,0.5301937184616691,-0.07689890562290705,-0.4124426933161638,0.09437357041546185,0.7767183290826676,-0.7986809559155006,1.0437041799104045,-1.8947352334829632
-0.5633283138849167,1.1739392585982824,-0.47452795121523345,-0.6482430073411731,-0.5437978845948066,1.745219809528402,-0.07514214892890686,-1.5395392183130125,1.1180155067515458
-0.006487919579516379,-0.7291165609543201,-0.6157313457447121,1.1883079827609768,-0.8630816606042502,0.3228717137436732,-2.557846942318208,0.09851299509774773,-0.10557695686657069
0.08131289201441526,0.012638960933886416,1.1965270180901562,-0.7606921444416918,-0.08383570303579174,1.6127366171731354,0.8385893977959792,-0.37988733897018734,-0.6676849313827736
-0.482724029287436,0.16666378484065603,-0.9363224524192626,-0.8335766640699356,-0.22304743138883604,1.6562613430106412,0.27853394626107497,2.8684130909063406,0.3357200122758374
0.1379872548672856,0.10644117761961217,-1.4094852277133643,-0.09756512687674002,-0.4323345584352132,-0.21568670467168785,-0.46164495482482687,0.035024644878640196,-0.3385028740057
-0.11800996972891625,1.9580074532755287,-0.022380310391787353,-0.08694785307925261,-1.150287906860891,-0.7396896391415363,-0.7142081227262584,-0.21329175038984197,1.959198007381736
0.11236636869825385,-0.48716104918587577,0.7184521864577967,-1.3937028431649503,1.0782466140488667,-0.13477141243838744,2.0678999880776145,1.3065731354625207,0.6135937609988128
-0.31710162200528735,-0.3248717853561057,0.7424703466712287,-0.3327617087766745,-0.24320404645414598,-0.17461280781720923,0.47364160221101287,0.22091054425777812,-0.3626151195034203
1.1936187038586417,-0.4642026465029877,0.07918431055790245,0.13944733326670852,-1.7851431583971602,-0.5614753069987596,0.533639379319455,-1.9876229257173876,0.7548594092600074
0.44271881403790414,-0.21278521626528746,-0.1854795774942522,-1.690830994957467,-0.2967078074048841,-1.3834133013635534,-0.1840696826663526,-0.8617014424005066,-0.024522443679257083
2.2144660648123984,-0.34826683158253186,1.8026656718684664,0.15241413388435007,0.16255683844927474,-0.9758282003092761,1.5477155557169593,-2.644709907204061,-0.1961521743573197
-3.5843231550537458,-1.6263471243952545,0.7102619814120437,-0.9750387146407382,1.0789811451717117,0.3622983591076333,1.2263524802686567,-0.3763891734976225,-0.02276763927792274
-0.37434378094181847,0.09609886465078059,0.21320428238138464,0.040982144918623495,-0.09169629444144621,-0.5764925478572163,0.22498798049026994,-1.3474814005914788,0.33404545569540306
-1.8866549069856073,-1.078823688388375,-0.13041423013900727,-0.0964018446109193,1.5755518182039336,-0.16051959940392171,-1.954553577835144,0.30021774487927183,0.02732285949940374
-0.6510137053312768,0.3996440040694928,0.19183823053663354,0.522784570632699,-0.09102308143356012,0.6665501505594268,-0.45445336364593386,-1.7315575433567378,-1.0094088138330566
0.07713932243042283,-0.13098704788103438,2.056850344301472,1.8545063432882176,0.7831798541290723,-2.005294177302716,-1.8497512813191037,-0.12158770911056746,-0.1559865389085652
0.8979667918721567,-0.14267575169722432,-0.5655045863998427,0.20039885466769636,1.2508100624359362,0.3329515455389908,0.47779476152013073,0.12048065342042642,-0.900537784432591
-0.8867228093539516,0.5677935738703231,1.366495277506992,0.0430818867724933,2.415305393557395,-0.7373542016395481,-0.7586387264456707,-1.141634786510156,0.9406512649174834
2.0960901151668168,-0.31967170483190543,1.2835059091254621,0.3452462474618164,-0.5862734087738328,0.7911492342308952,1.1145222016397047,0.7223500768544966,0.6633494804988355
-0.3986914953721856,0.6147093681730172,-0.7469698702912274,-0.3399201013786592,-0.2830339601037912,-0.05455558451671385,1.0797155194396533,0.40822776807936567,0.24958869814281956
0.9394058705147588,-0.6214975855730706,0.08312534679495959,0.5264830797580331,-0.19285703971630114,-3.6607316098910756,0.3067173008165701,-0.07823431609829304,-0.9887125620881927
0.5829150761310561,0.28187777541924613,0.37480416643336784,0.05651935345035401,1.1920861573264117,-0.16558056398811974,-0.34621885058498175,0.5708459414067859,-0.518594925750359
-1.3372422470306726,0.0945757641848894,0.3428478720796243,0.24938687545477764,0.31381292045842407,0.22891544593724747,-0.6557424107292238,0.5658681389564179,-1.090655195483988
0.34765918815898167,-0.30778690771876843,-0.8531773855853301,-0.16647147230853618,0.12134012821398255,1.7243450559197313,0.7479096449147027,-0.13125859769553966,-0.2323766260713933
0.5447075756259588,0.11059514434630635,-0.18668716633810611,0.4222352342728461,0.4686071105822109,1.6873317208518854,0.5569784703416973,-0.707583658518624,1.357931964284329
-0.3638407209211978,0.10150221220924152,0.7381734017968054,-0.18935013012957003,-1.5672818969275157,-0.009793199114879463,-2.1826410690691866,-0.653714123894569,-0.12344004535169222
-0.7490900444815417,-1.6150034881810795,0.10465845336868412,0.6317498836089236,-0.7396366299969609,-0.25779531936690603,-2.3081345587963527,0.6765916251957531,-0.04848339827704766
-0.284735144857781,-0.02409865526050957,-0.9083715885835454,-0.37183499098409073,0.04184746904285528,0.2724829236667928,-0.3452607050811176,0.24365958342941157,-0.0978894982985894
0.4193415071121088,-0.24825909027677384,-0.5614240243505766,-0.487069579771657,-0.6261578007619963,-0.000503693084428935,-0.6351137402013051,-0.34551734076488944,0.3017650316275998
1.781737921619439,0.32328539476138995,-0.40545682271058403,-0.449134004412274,0.318716736069426,-0.14926496086884666,-0.552336636670021,0.0549841632298675,-0.5578731058155971
2.8435894041847725,-0.3579210996291688,0.03865141218210503,0.000977700973573333,-1.2717227242636944,-0.020399068326582746,0.5421968835494099,0.3790999744774498,0.5056115499969535
-0.05990882414294752,-0.0515036180584283,1.5966928054558303,-1.3916747715369275,-0.05932818242548462,-0.9593005925076786,0.2633465528922352,0.0549897466449008,0.4298110850353277
1.531098507812183,0.9800719169210724,0.1436108904607585,0.11433000873293626,-0.4184807396985195,-0.42778076674958093,-0.6945572188548048,0.011047456732534117,0.7358501686913701
0.9145658937662647,-0.5934519872891796,0.039546698875849114,0.9839431355574421,-0.011820122593518676,0.4918507071286528,-1.3975984565403923,1.8423286293474812,-0.19081770057531125
0.0871811339640783,-0.8409403227065655,-0.18565992452536018,1.566022549867654,0.1906920059378614,0.41042872558419474,1.4574993943867955,-1.5049855865936006,0.023809630757907405
-0.23102196741350803,-0.13665324727950393,-0.0570927016334149,0.19661178115000746,0.8774151779155492,-1.2992375526815727,-0.4356138430580839,-0.4447155358494017,0.26045591007776214
-0.14928835075619534,0.3602831618052082,0.2403498726259388,-1.1726847271317182,-0.8253997287256223,-0.20659029931324369,-0.25861069950254945,0.6027786466110956,0.3274625382074532
0.0741660793871411,0.4787782830593972,0.18515907570129977,-1.2716674345435004,0.15182915769184369,0.22305333357809226,1.5358234638958888,0.3282468459540514,0.22835734190522808
-0.7849966565717109,0.441315974581072,0.6617319668630708,0.05786243823653039,0.7268641941400139,0.5337079084406732,-0.07714932966627758,0.855458288498737,0.7069160085653338
-0.005245224277282099,0.42541250035842965,-0.9513736676607483,-1.1338048163023626,0.803725650461213,0.11493731080178626,-0.40284771601859165,1.340685326345436,0.38793919302546775
-0.15359521835938883,-0.6503479989829934,0.12528495468641848,0.6099250760509934,1.2788008022415265,0.17391550285489688,-2.68373947703986,0.45857929521946234,1.7753149028894748
0.16930258039635232,-0.232457311827507,-0.5177402013143866,0.18111816997744962,0.5708242164295942,3.3478051350013236,-0.24654629752691704,-2.220930794108863,3.2948180695425773
-0.3287094237714966,1.0272151980622994,0.671024170740978,1.0526824922883566,-0.509828438971046,0.02719556367015566,-0.8082329164303166,1.2829919398974452,0.03381568406683494
2.968732541618092,3.125308688303261,-1.5635036422096262,1.717160658782315,-0.9608447450485953,0.23396688885981584,-1.213495628654187,0.711703818215911,0.05903507142429633
0.5745390432505709,0.12993875549438902,0.3141397740427878,0.10835971491682247,1.3189282043898587,-0.1856131189926747,0.2060439127507964,-2.1344037693499027,-0.521234281830706
2.4836761919033803,-0.934397064378725,0.025243455364436528,-0.004910854951468767,1.7158421847424117,-0.24493647305114163,0.5734754132944555,-0.5502720382430668,1.18278013932761
0.905787254334076,0.7828168225638914,0.81615436611776,-0.06741308931097009,0.3854561906273559,0.8858528095163055,0.11516046688056915,0.025451782291237773,-1.154081706506779
-1.0781879971086452,-0.33726740386621934,0.33851314123060694,-0.295531884351454,-0.3741969234282914,-0.9366650569181485,-0.9456267695295063,0.07230776413596117,-0.3067407787214905
1.8628595350718977,0.2856646078121795,0.761822460436138,-1.4856060629192147,1.102308797870857,-0.6846900003027744,0.3086508042590175,0.9774138177893246,3.035747296812582
-0.20336471852902913,0.4852729783388337,0.4327481977050232,-0.5292832699807898,0.2653781586134046,-0.2290365882088176,1.4450589965419904,0.840309584472288,-0.23400715796302227
-0.32131378280313344,0.21339166296380402,1.355563212926515,0.20859773016384905,-1.11200195214576,0.27704165395175634,0.5585931602320722,-0.11363893569220614,0.6502261216031693
-0.7460060022301298,0.022631687665461475,0.05138109898852332,1.163425228289905,0.2827386463271007,0.49257593140745065,0.09502400047979491,-0.17305687178056547,-0.6731714315189797
3.0032114890893564,0.5386633619447387,-1.3750254615691,0.36929433673924855,5.325597246705154,0.8247321506579488,-0.6186976171489392,-0.79935143619406,-0.21925299145520705
-3.2461357778263813,-0.24658218802627013,0.11288532108173918,0.8168399469927867,-0.10435772002670426,0.05461039552032264,-0.31008044862186984,0.02871117086434223,-0.006335328193713074
-0.6450295683010053,0.17929640056158744,1.3959117855974053,-0.1912292637853255,0.3677744454906935,0.008770652170443276,-0.7384696164712271,0.6415234806542953,1.0512078187718472
0.04274016428962816,0.1159976307008615,0.09912673980681495,-0.1539283614382563,1.050257713331701,0.387051243203936,0.13346602763531948,0.863612734068097,-0.21555155591791772
-0.00613957078204836,1.0610746184022142,0.7831660824433622,-0.26946649821674395,0.02833180845393104,0.0874603963088162,-0.6650053691143349,0.10476706594304198,-0.1955686195161327
-0.5554924253731433,-1.5923822375172965,0.46239389351093846,1.960342693825365,0.3698667641699712,-3.070416037728164,0.3016007342467157,-0.8486938874055147,0.5197109958939924
0.6177860594378816,-0.21128975694274565,-0.4047539972750525,-0.6561596402202936,-0.8241676482311264,0.4621336134983519,-2.105320369364863,0.6349063609971245,-0.5165061300384716
0.8172113316260318,-0.22704170425604692,-1.3273724151218216,1.5380793685949092,2.2319542066493683,-1.2101558349552815,-1.1066610404133705,-0.14683863739589334,0.12766808313363492
0.20202369547701055,0.43296195486251887,1.1705246782111687,1.329558372072269,-0.7071244921084022,0.3159818649961064,1.2512094064367285,0.4514293835277563,-0.9885250367361506
-0.168431232586809,0.809650464218672,1.0190451613430236,-1.0448602594122764,1.5715254898144013,0.00013660151547495537,1.0073067193556007,0.43154844743770965,0.2817145344973415
0.05358402559830159,0.29171891732058586,0.34447825072941873,-0.5446813595714717,-2.2093248073425102,-0.0888942842079394,-0.4929984641307629,-0.6678763346587142,-0.33538512185961755
-2.3216852029079997,-0.5790679990276624,-0.3871499300803906,0.3449151029815451,0.18087556260709514,-0.5178918488825897,0.13869073213292235,-1.342038699877185,0.9348229868801385
-0.3734225954953717,0.7562015611505672,-1.235154141758745,-0.038624764995440944,0.9060403772675407,-0.4744368201957296,0.47313571350985073,0.020511310354144417,-0.83071001660713
-1.0151018667621023,-0.1549342525948933,-1.1735113320461246,0.4375991336483946,-1.9419293606224486,0.2999831072115008,-1.5620887214460806,0.4813146824404419,1.3931289445345434
-1.21944688840001,-0.9332902480766015,-1.7161823136053385,-0.015414057851801678,1.511419171146617,-0.7048358081599081,0.383762480888483,-1.725754725641868,0.01130945255940853
1.083791440373083,0.110937195244226,1.121124402727956,-0.288005880980044,1.3071447182381084,1.349539915207994,0.04923549707242974,-0.28531425090389045,-0.8460149819560335
-1.250205427557487,2.000593814255475,2.033334107597139,0.515686493899125,0.7070100843885715,0.07442848076762013,-0.3320402718359575,-0.5991241727883747,-1.0639866155872992
3.3374539002844656,-0.11520378172792095,-0.16201767495272704,1.0462802917165244,-2.407516620521702,0.49272592653788755,0.05740391446271432,1.6978109607515943,0.02917373059754967
0.03003546982825688,-0.12833971650072248,-0.5213840585514178,-5.960736630842439e-05,2.123504346507809,-2.2789898075635615,-0.35536429659564167,-0.09432937814619208,1.266953088620992
1.782921673236844,-0.617413535921303,-0.01919924767791149,0.29899676296771704,0.3899482691679286,1.7886112318604395,0.6879353544666132,0.627248734265471,0.13172279171996396
0.14937404958575534,-1.1180576393091477,-0.3722880635402258,1.0300612135335676,0.6791734326074572,0.4795156035017184,-0.26750407708623886,1.096952457150158,-0.352091936053064
0.24482071838040695,-0.5912001718535975,-1.3722013328858467,-0.8129670749478561,-1.796426314865716,-0.5897990383554652,-0.4397732758102556,-1.0314496970407665,-1.2171262089803543
0.5168838478370008,-0.18173660804708228,0.1669794368429184,0.8508196344778244,-0.11850257484132538,0.24248165913128022,1.5565392654835968,3.8805002708920986,0.03129463804809003
-0.37065762868009544,0.37934191893518643,0.08187036072041093,-0.38082994441848794,-0.6447520246734914,-0.057428917115219164,0.46922893769019103,0.06616429718295579,-0.36832512752020685
0.8954876014266211,0.07885025213460152,0.8679806037007539,0.4460873518311111,0.3378564082758747,-0.8857188392367438,-0.34450704914276953,0.712681498731207,0.3047198894414772
0.9964712152639543,-0.0372345085508894,0.28796879698249883,0.08087058767477386,-0.5483790400282293,-0.7961360436500514,1.118379038882924,-0.7848216047310832,-0.09745917428705095
-0.7901728590374433,-0.5407900066918021,0.449790705138459,0.29593751807580826,0.0018285865281285228,-1.1215397215340948,0.8548231627693537,0.4526470129725166,0.23255106915633686
1.4398743219450403,-0.6298559109870836,1.119403069098859,0.030753498654750994,0.11137038779501561,0.045072343493285046,-1.1227731906874177,0.21656831805143376,1.0482051707928715
-0.3614371517697041,1.295892616898424,-0.15579360914785223,1.1358894452374124,0.5170890400881807,0.002560559243917719,-1.189809910460093,-0.9906155413504668,0.08427704404362987
-0.5192986151641803,0.528352279211073,-2.172981597239171,-2.372622119938408,-2.8689873637243894,1.9690687431482374,-0.36720548796464597,-2.029170756120886,1.0719181739671266
0.049536716414764516,0.5187009274402129,0.031146521242993608,-0.11576704935852992,0.9149259948352787,0.2903835448985283,0.34301854486522765,0.32412885862143714,1.2031293593203731
-0.0371053298543758,0.056176042062728256,0.4234752069264093,-1.054183909360912,0.5939078543955155,0.06106355034248271,-0.05192301918667368,0.6826411003382696,-0.6736001127217766
-0.26497009896018064,-0.2131917315055233,1.0589612117112754,0.4306388628057185,-0.3155003963113397,0.19855235594516238,-0.12362039217728839,-0.05395416730538359,-0.5647228976845421
0.7648831069429383,0.89939110268593,0.07613759926172223,-0.8345712090983072,-0.4132997155838471,-0.26018461297029416,0.8259818960054677,0.1624784344881993,0.23041853265088033
0.20081040918120982,-2.590483731946192,-0.08055750809969905,0.959760776850407,-0.17683975916724853,2.097310860864292,-0.7700642881620479,-1.4243046172001104,-0.4651996010921527
-0.8216031547369759,1.884780136613698,-0.0420094449147969,0.08646374533090544,2.657523895327807,-0.053421997090687026,0.1860119511472792,-0.3745421375572898,-0.11557546871940436
-0.38972911703356106,-2.889194371718573,-0.8835953766880873,0.12333014145022754,0.3663804473009315,1.5099349143444318,0.7147562222279086,-2.2536131799896366,-1.0285536093834067
-0.13026377915031503,0.46072988560206496,-0.21907629388392888,-0.5860609254342424,-0.09281749198888371,0.8850082960731606,-0.14461488084185614,-0.966651102292025,1.0054710534534608
-0.281959798801037,1.10640302299525,-0.24234761873982233,0.11795656961232226,3.9436423276636163,0.42744747620870543,0.9855485511237159,0.10308172809313075,0.270618167233087
-0.26541641757805085,-0.972172222320616,-2.076197890811194,1.0835789414080292,0.260875342035055,-2.2116244384645656,-3.226021378190361,0.06087978293680127,0.5617440011416303
0.20253703218234126,-0.09918102250458627,0.2374492245888815,2.3199148998992327,1.816486611829563,0.5532556368032472,-1.0298854124659296,-0.6027350303514707,-0.36571225256920475
2.4126611636614204,0.055547227015134586,-0.29601118070019555,-0.8158719915486706,-0.21099156878439693,-0.9683617568679233,-0.3353105494829989,0.5279975279238648,0.7340176919171262
0.09805757321554283,0.43140538187567073,-2.4228880300801956,-0.3075368351692549,-1.270302623956821,0.3533415094584436,-0.21948330231033075,0.299173049112553,0.20047721390561252
-0.28075782147816597,-0.530825349922264,-1.5985791871346822,0.7458963771219282,0.8204607887237167,-0.14141159257267136,-0.3083778933383819,0.32214925866788185,-0.1827315983425755
2.395534673679793,-0.09060495719595668,1.0081895243087902,-0.0028535560686666255,-0.4300838897677902,-0.7840253575367447,-0.8597237724119977,-0.8775523405699766,-1.0363769181420661
0.7859546407443523,0.00906732685688847,1.6670048540971283,-0.49728425446020336,-2.022047054189151,-0.3773560711169248,1.6755830828658844,0.20217916660253807,-1.2990056255202975
1.5655659277829594,0.2795883464918055,1.0198582087611185,-0.38650774856257636,1.5828986295816616,-0.09816153777033142,-0.5904675245827243,0.16967927326684135,-0.42760288943817365
0.7640810303701623,-0.02134647068764185,-0.2386693407932218,0.8555978609763967,1.328931391791196,0.6440380710789078,-0.058631486027373884,-0.2581940002430421,0.5916416744668707
0.8091293402407367,-0.5175137550301306,-0.20985274527765455,0.5332763759103186,0.2533282157490019,0.2215706016873995,-0.29262951747893684,0.2922348345078573,-1.0825193633623522
-1.043348384460448,-1.3789544585982298,1.8882887815798217,-0.07576782505964615,-0.3252209428493159,-0.007551931892079394,-1.7345308605158276,1.6626982135862616,-0.05088790622082951
-1.5555779430715178,1.799741065358363,-1.212122012878187,-0.04516283048065716,0.836423320670805,-0.04732036989641067,0.45251394942587353,0.33196731404746105,-0.2651769294520271
0.004612491905445683,-1.215069288474758,-1.248312560730565,-0.5858655937418917,-0.5813520161251597,-0.2708155232208841,-1.5406297731072163,0.7644640884552545,0.29320512270394417
0.42480549775349846,-0.10050255343268073,0.12403152267598047,1.4384474806024097,-1.4452082158371364,0.5269888513258101,-2.187056069180276,-1.4950571488381565,-0.6092483342526416
-0.019237009038146406,-0.8454225927665637,-0.1477832164496912,0.651051168358742,0.079449185844546,-0.3540997935061118,0.07880571742442175,0.10183433095251795,0.4321923802294323
0.0027947366092666193,-0.21113328847820353,-0.021474011524422038,0.10603066544690849,-2.842776862273791,-0.09854111440370127,-0.39461867075291895,-0.23987056460902895,0.6947519126989752
1.0470563816050935,-1.3797744077355236,1.239712632577684,-0.6714488967357065,0.03565860924545364,0.045880338902198066,-0.706305522139035,-0.2956672183034247,0.2982873460786549
0.2670393681807812,-0.12345617975488236,0.6808872502940844,0.10209813676844157,0.013164722333835368,-1.8661926454617663,0.3552445934422907,0.24322021076657957,1.036973208851416
-0.6962397362594773,0.31633935086625126,1.6812449731009529,-0.2892335243389776,0.7481534244466406,-1.0139206251914725,-0.3974461446861829,-1.208757412097732,-0.40709209053973655
0.5122944877224548,-0.9109021402687277,-0.7262857289143807,0.08629974072009627,0.09189354545295725,0.6629567578479741,0.7102666137752617,0.14834183560944186,1.2629920873281955
-0.2748993766318136,1.705429333828785,-1.0923460448520492,-0.4616391497290422,-0.06489005200763252,0.0483321598579472,1.1398485047107798,0.4050040812218058,0.42122408249935867
1.2673153990049282,0.03288416219020516,-0.024912130853853555,-0.7573300362713171,-0.9205982658086166,0.48194969888328254,0.19311200420702282,1.0446495143012022,-1.261458724465946
-0.8572638211863594,0.1476973762574914,-0.28212728545789306,-0.23265747474011567,-3.191326016453455,0.6073015202756797,0.27753770055514526,-0.1975621097822442,0.7487737236923582
1.5243268654629893,-0.251917377701337,1.3189071617525372,-2.0215636315033567,0.10834194769200463,-1.3722258418427784,1.486512832900605,-0.3338181979856962,0.7888212334189616
-0.7350758780626556,0.45329624262347457,0.5194688150319245,0.5864796779306409,0.4576216733667915,0.16854592034014806,0.6131462381679388,0.045646203934827455,0.5197747323616695
-0.01116687999609434,-0.463638753635997,-1.2504892465535522,2.7324230812896184,-0.07207621020481034,-0.4364861117738819,1.051212467606513,0.07725338459657487,-0.33583937190361385
0.38564241879339256,-0.22035695718184017,0.4546591426050138,-0.06615922390523397,0.9507669864637492,1.0583328810533565,-0.5643738869412085,0.7215153201139928,-0.2629865876337317
0.10929515537919388,1.8174171623693969,-0.25176094298978535,-1.2576786590136242,0.45959765273593356,-1.0921202416539826,0.3630026866011482,0.4128419315517198,-0.8975258815452785
-0.1323058731339035,0.8614488578330959,0.6662830346890857,-0.11661604041058853,1.1565675878728896,0.08532842792222459,0.19991304959599182,-0.7894724489842151,-3.399389999631632
-0.05040679862140378,1.1954912129364264,2.8281967125981495,-0.254992268208682,-0.3626506271721671,0.015369015975972896,-0.3183118031079046,-0.5358384796721515,1.6221534896468108
0.8544905616964701,0.6557005909253191,-0.5303553264023985,0.7667468424700564,-0.016591703240559513,-0.22704234499592402,1.6437132125051772,-0.3912118529863241,0.32256938644554034
-0.15737521588176606,-0.2222211992487527,-0.5527537834278775,-0.19989383920328732,-1.7073103593338972,-0.07514800002604871,-0.6608196684015546,-0.9219735582356902,-0.1382924971027284
-0.6441125434448857,-3.04438877313455,-0.10953918338090779,1.7351710700987282,0.10066629301113071,0.44367857275510697,-0.08192715940561532,-0.6357134461803771,-0.3830447858737866
0.15262781395669758,0.1390074780472929,0.1020278231524881,0.39812904570489566,0.4361798960898888,1.187970249920228,-0.40198015109568136,0.7729665552529518,2.153402373494741
0.15784171011741163,-0.1573971890985301,0.2779286757452254,-0.3714265324166193,-0.27018580459577907,-2.4456371241617307,0.05798518177608955,0.6684371545165154,0.2639745599993473
-0.525149290095737,-1.9805329570022416,-1.2682309173977464,0.7896625874374668,0.6397660981598529,-0.10392934578594717,-1.1535559381624954,-1.3664859267747895,-0.5926147943010583
1.3377906284117713,-0.7576341154584917,0.3013394067141651,-1.5227182446309997,-0.48273722192600893,1.293014771222968,-0.0874683039092591,-0.5060787483508796,-1.4769154467332257
-0.7713838367724659,-1.0830128487062738,2.7183368920188693,0.06050996294178399,-1.1472713533841137,-0.3453977293622367,0.9225368593883576,-0.018571187813947777,1.4048007640381415
0.09044399958157989,0.2687337541464619,-1.213723607312056,-0.05093396991135864,-0.7188261711269557,-0.45010083742978074,0.40130716848788817,1.284153702948317,-0.515698494083331
0.49020043782157646,-0.040125042717773333,-0.29348178077525555,-0.19587958208332684,0.04575164387403084,0.3734031921977861,1.4171667519207047,-0.14695370773087413,-0.9676257197379016
-1.7776298551030798,-0.5527361471918977,0.08737391714016725,0.20810875350339622,-0.5338646199086658,-0.149779008756769,-0.5634584259157263,-1.1103711225279769,-1.189791330589643
-0.06388735155234992,-1.9335549229798463,0.873676676483007,-1.3673726374923016,-1.5228377791874053,-1.562616448792115,0.5620126211850527,0.5301262293045385,-0.20016040478486663
-1.9790883484650308,0.06632215599790275,1.7716525975705664,0.6291150288800353,-0.37372727192364524,1.0455706023150328,0.03512303819460749,-1.3350074947478339,2.813881762043569
-0.8205614008432173,-0.2617642166835169,0.7911150332746734,-0.22214176874394026,-0.5081983730092906,0.17570365832689233,0.12238754371750772,-0.6528033462170778,-0.23087575088929643
-0.5009335092694976,-0.9326540557575969,-0.22820494201293717,1.0098355895553293,0.08742321415559756,-0.33854583586887405,-0.6971318651394894,1.864355821005505,-1.991924160844707
-0.33953260331412904,0.4657958078892959,0.12518482653131638,0.037226885730032695,0.3980323467141392,-0.5474178152978509,-0.23050042501122395,0.4035061297242195,-0.39554001711074327
0.6211119519909778,1.0854930752592986,0.250735716238261,0.32054785757043014,-0.3312768951214281,0.17844750011811886,-2.3533704227560683,-0.2660722631541175,-0.43805956077585
-1.7294162004044809,0.30381687913449185,-0.6530216587339982,-0.19141926119265318,0.30952758777496925,0.9558184467702319,0.10110903377509489,0.20135360223575968,0.6041476805958627
-0.18816460081198963,0.5399773356080345,-1.6956808214793504,-1.053478044367152,-0.6476634982259764,-0.41707474548379897,-1.3524309937662027,-0.1460551778880727,0.3605054688294457
-0.33996916250507625,0.635519664999287,-2.3850415497665836,-0.17100579293555213,-2.8278247959609994,0.48245186115062655,-1.3248795403503475,-0.07538494661733056,1.1861111988734048
-0.22033358966814734,-1.0416602848050207,-0.6018491752566917,0.539590380929242,-1.0588801831355454,-0.5688921458719352,-0.4292768941310275,0.39172435635345537,0.07388403113514071
-0.08146526048018354,-0.7119200758595258,0.731071954760571,0.44867769008049213,2.702889586891184,0.27322919504560367,0.3631328171749824,0.0005940178780249499,-0.08709378731852027
0.5564739160549952,-1.1870758750850652,-0.41563698428510665,0.18779547800850804,-0.1202305420654698,-0.1460361151137671,0.40833406660612415,-0.3085968573991694,-1.4024673990544019
-0.8925456878893283,2.2153977112093646,-1.1581327756511501,0.5077041549040751,-0.034834896506825454,-1.1758810214681397,-3.1599493488632038,2.0687999330862468,-0.09304355953700179
-0.26957714504332997,-2.7213297739268985,0.9798762557326433,-0.16561523019308227,-0.2492558866100022,0.01672285266239938,0.27144881362260836,0.841854327484775,-1.526643978442892
1.0294471050667924,-0.043853274792058625,0.06420344359130682,-0.6638762757950579,-1.635955410556588,-0.6761980182743138,-2.270221896887168,-0.3006005754366806,-1.5094565414553665
-0.10363257268967987,-0.4350234037641896,-0.13998901840582664,0.022087665223029487,0.9181989441571952,1.4110492943990858,0.37730318249111816,2.554196419201373,-1.7081216015105896
-1.1952293665829137,0.11015044426200585,-0.48029014142080395,-0.3739748617127202,-1.0118386750392778,-4.093644633815246,1.4754932397041418,-0.5308715998811685,-0.5422100421073521
-0.9149001485471735,-0.8459045597615612,0.7662694792321971,1.467450334654844,0.3744736083008137,-1.0404488820314068,-0.7059987139994968,0.1731025158866168,-0.49385580634962933
-3.8914144258459773,-0.6861714376581967,2.943548350112379,0.042820767873591216,-0.4297118570336197,-0.33356639520048065,-0.2124152477553243,0.027431324137398565,0.4658919254777365
-1.6945033498863797,0.8569875189251164,0.4392421193771402,-0.5112751797103625,-0.009046181711822338,2.041017759292029,0.5523174417082796,0.155776498962412,0.4595874637483192
0.6273562953225041,0.39427768897099424,-0.08443060105057351,-0.9872213156921602,-0.8297172440675957,1.5226479256906906,2.2838997797362737,0.004808745484820392,0.7975002897150965
-2.2566125212613555,-0.687618830753072,0.17956212171784006,0.04596546351092939,-0.062318417887822705,-0.39058481866819283,-0.31158252217070914,-0.09825379183476314,-1.2444275324048477
0.2703492695622405,0.05491545177691458,0.6042326160211343,-0.40811584628222264,-0.3636599171533274,-1.5934154608760818,0.5738214594787988,0.3979887453681283,-0.649245414236718
-0.5776245335733985,-0.007012423351256113,0.9237988793616698,-1.2020995021036025,0.6489601741717493,0.09276542679397215,0.028663458882292846,-0.5607215587896928,1.024442001362803
0.04646242401194736,-0.41203135057064244,0.5613936723457716,0.0400547126542199,-0.1561489665815651,0.2939984757822674,-0.20617576282431496,0.7674035618264642,-1.5245100369960145
0.9363695593489275,1.1182324107782982,0.6543878493813452,0.5839399477632907,-1.8652571392833737,1.02285737021695,0.1086971733530726,1.9610419737600333,0.47024340202216675
-0.4986320558950879,-0.16125634025893051,0.1601009147737773,0.049177413319848,0.8655315814751191,0.24523803169317487,-0.6361239018807496,-0.12875404295045334,-0.2591653756764617
0.4454545249093511,0.6504865024416647,0.7905055334612828,0.8559426478764197,1.3510955473548139,-1.8750011784216922,-0.2526323069755679,-1.2228284433791523,-0.06285171279581987
-1.0411111543099762,1.307627943077566,0.5491232189802079,1.3148620492559362,1.6862007160900252,-1.0042928158483837,0.3466680350073928,1.5393345023253449,1.247838960547269
-0.07270727750052951,0.7784023716838201,-0.47181278946552424,-0.6506169568382266,0.16501749432502877,0.346910563913809,0.9122968213642983,-0.42475552438908787,-1.9104433807054462
2.026452845592818,0.18002459218810177,0.3059414994862484,0.54536332088096,-0.5257289513975606,0.7796663094062845,-2.429578392991755,0.6387526816787099,-0.054409361245503836
-2.3478226643970173,-0.8963108897532017,0.741076064857468,1.626948194181762,-0.3484233580471304,0.6714992823756036,0.197302277380426,-1.2713524835120478,0.3778082383554996
0.1657073996861125,-0.13724367058389925,0.9261775140418727,0.2723810223365824,-2.8484599028215025,-1.1038221902344902,-0.9720055625282729,-0.12770321405564733,1.9988364378375971
-1.3205436412912261,0.04633956688658087,3.7218751139455617,-1.3278347402529316,-0.6347615462422419,-0.09258424847548773,0.9773126713311969,0.11071096063862743,0.060397634122767156
-0.21933671322503848,-2.1449453657791833,-0.08044839316501251,-1.465082471920392,1.1585891399738892,0.1180829554763889,-0.3752578014392417,-0.8749840278513702,-0.024254644132561794
-0.15591551810848364,-0.38075214486604336,-1.5160962211796796,-0.7411541668791279,-1.3618665235444167,-0.26100783046175813,-2.806299179400335,0.9082217934933947,-0.3548933067046168
-0.7071234421492613,-0.14937197810906241,-0.10844835425673818,-0.3001269697843415,0.07082071695876914,-0.8832854892751948,-0.27550247168035974,-0.7544773461299067,-1.1893006414070366
-0.0824629246049978,-0.8113853159779002,-0.48799313368671926,-0.6531665892548291,1.2404812509376504,-0.41640778791515354,1.6456079966820643,0.6840248655048949,-0.2895572092460592
-0.9733123417068704,0.1937589072058579,0.06006073650673632,0.2755016154171107,-0.7802243754934133,0.7443884627685146,-0.520287018827216,0.1119155955705013,-1.2107905409779363
0.22546680800700117,2.604740930378388,2.227801653693853,-0.30750180518909626,0.1959800571611009,0.35459605511777625,-0.05049551273654826,-0.3868227407514558,0.986770883292839
-0.3401266375361133,0.6119783573685025,-0.12377118893465804,0.5533938518828322,-0.31060794885433,-0.1640398486946762,-0.5012944948251048,0.5984934355351662,-1.193256614861898
-0.9873324796061779,-0.26507366462118176,0.2498883299391143,-2.416981733615859,0.7448421928218465,-1.5458410810991474,-0.37473656119315146,-0.14261624500018025,-0.0471625987251566
-1.9690349574900312,0.2637510408482541,0.36521431167030705,-0.2935130203923213,-0.21262623952056148,0.9227562473965883,1.6370700744590891,0.1435967254707362,-0.48401944298776717
-0.2767849660909062,-0.5392293678380401,-1.3619028632513532,-0.7905925007452019,1.1019293387971536,-2.4124756447665203,0.2769910325787668,-0.3530165776208146,-0.11551340435934834
0.7531743206880219,-1.0577729798563964,1.1119593781810797,0.45129584882750573,0.7045091063784307,-1.4109832910044389,0.09267901506270858,-0.25028739810537165,-2.202422958744654
0.42680933990173375,0.12332397459813307,0.4436812833984526,-0.68136141024295,0.1178292621770232,-0.10489742693859981,-0.5708397235826719,1.2606965232701095,-1.2083635313498384
0.40309946914794476,-0.4179465717706925,0.44316813934933785,0.6015829709200882,-0.7373678885369701,-0.04562992066737312,0.4369951257334073,-0.14612638556825022,-0.0633521728396251
0.008751682079284763,0.49154918959837,-2.7280734605682806,-0.1795636937644136,0.24247433545509117,0.03755971579000529,-0.4711154887768459,2.4941948567697296,0.0797445760435483
0.21909997483883684,0.6508601912066628,0.1353522669146996,-0.018617256949347374,-0.7500532492940151,0.3472780967078244,0.6776187836089672,-0.23932089899170592,0.6919540398165881
-0.17401819567888893,-0.2953799599107116,0.5907078457724242,2.2622731627355672,0.12579101749157828,0.7051399577280257,1.9512906058579294,0.1988494375893223,-0.405027179509339
-1.0986940168162531,0.3019403001343387,0.09872780522031716,1.9284822988569357,0.7568234392174152,-0.06132946003562671,0.015415750276764674,-0.09609098707921666,-0.030664901730363712
0.2026798481991796,-0.652436948283553,-0.023878036292925738,1.1276911494667807,0.17309942898605812,-0.17752097523849666,0.6144883849121103,-0.016528132540341234,1.355718266369531
-0.7897372845277129,-0.36488769316946845,0.3958725541293878,3.821735418058228,-1.1365348482685833,1.6613644034977224,0.15361090043499975,-0.6819189311430139,-0.6543517209342111
-0.2491696408268584,-0.05752487816514855,0.9869995404810049,-0.19868709940597734,0.789687822367426,-0.056597551442422775,-0.3622954137077368,-0.6417513581598381,1.390049183970735
0.1652909658921726,-1.0172220825882696,0.842571813837667,1.4262724505037283,-0.24684627669151843,-1.333314610000959,0.5652219461671242,0.3636749044053235,-0.3264890747193807
0.1654295568142674,-0.16974471440791297,0.9177498836613641,-0.15791304338702458,3.287559466239341,0.18413383320250049,0.10583172639351372,-1.3048850251940423,-1.6865994598056537
2.6914440341611576,-0.31369484431121,-0.019534484321971246,0.558083436337467,-0.09114710719628409,0.537682556279386,-0.22285191983811303,0.8645281969470224,1.5539056685202681
1.9850078337054338,-0.6660149226318693,-0.41583674680065175,-0.24069982794069372,0.031384630874676245,-0.38873191939871393,-0.7326408964228397,-0.02250717682271081,0.7353507620576188
-0.3270867863398082,-1.4321153972174434,-0.016566711087174352,0.007051290172317146,1.1891716700927433,0.06047811106582066,0.9152357119911831,-2.2109673182294305,0.22247728656233984
-0.0873239647717825,0.10383557284955712,0.41467193415653175,0.5805406480699509,0.0816922482396969,-0.002346997672704876,0.6765897105213496,-0.495849454570134,-0.059167267637650636
0.08966186405952034,0.4352706429837162,0.1631602135193488,-0.10004581147118294,2.554333444309465,0.8448177026165522,-0.5473347080000054,0.844978086197835,-0.1804761403379155
0.49898075545352366,-0.8206200967866656,-0.30987930425455007,0.11478986336753749,1.2984694792737042,0.5585540802319936,-0.5814353365293652,-1.203146853381915,0.17448327104960187
0.9378963743936558,-0.49189882640876575,0.5100660452847233,-1.0775743111716838,0.30930633067582336,0.571127363070118,-0.0526032874822876,0.5831925954178467,-0.23243011457934173
1.2730448590595158,-0.031575035790186015,0.16725020497332116,1.3707266839422707,-0.0033064049584317604,3.050550313252162,-1.1322284756681034,0.40651061999858434,1.2192764987494977
-0.410122528316343,-0.7658549956468491,-0.04952479694435497,1.7840568527929108,-0.13183125415206737,1.0944724675673743,-1.7712597964431824,-1.3032965614294207,1.4313438777422043
0.22387678706375058,0.1344956647864207,-0.155568016085056,-0.28127210818249565,1.6905267609468007,-1.2110979810761333,-0.6389907037087933,0.6053681190880283,0.8407098105858637
0.9193736312743179,0.08583141118626596,0.5736355743945882,1.8084501277765634,-3.584116831202377,-1.1794273956220322,0.5838614641229642,1.7085654257262042,-0.11103596195224849
-0.546903854840111,-1.3256169233031636,-0.32239093546049213,-0.5221640585830761,-0.515321213194993,-0.8001379914244059,-0.48032482957253775,-0.6343120444348755,0.5594094940339412
-0.08244580063091991,-0.24568640651136014,-0.34680262716167554,0.40360565975535134,-0.7371330071590271,-1.2394327544201285,-0.21837240530870985,0.21011775582777764,-0.7767700813345197
-1.7703758296563834,-1.0634136509643775,-0.09815777466570211,1.0628366682709465,-0.5115214578204504,-2.6128096936512937,0.41488769333420594,-0.32482323334039487,-0.3165891776222426
0.2033665581477165,-0.23440655080214454,0.10377802988152031,-0.42221873155192097,-0.015354123395308861,-0.025182755399245384,0.4757072179272322,0.16216008835358925,-0.16128296749268878
-0.3128814499598133,1.069663453522907,-0.5397623161829209,-0.9305023858422176,-0.1866768357675957,-1.0494279099219666,0.06613590556079607,0.2934847206897352,0.8784326161481534
0.8279178170089923,0.10394178165360927,2.213676282605192,-0.05989363165275804,-0.37540077301514657,-0.17045917555046525,0.28108971818363043,-0.3876410057509259,-0.6723155257728426
0.397646188218299,0.5161980813973441,0.7589039300000205,0.25004984565585586,-0.026608986453337206,-0.8768174351555138,0.11733551089554328,-0.03002270018707814,0.2481256693391473
1.1238881841336377,-0.24120692039344646,-0.028466401140692217,-0.4001221598976555,-0.12465024030346607,-2.7467984005204604,1.6439304280487295,-0.045964336092734696,1.3968982515637576
-0.05428223478102089,0.8104524902624239,1.1236955207060852,0.8451713150327048,0.4432483107797815,-0.25022205384788704,-0.609823346532658,0.5180371778654504,1.2376069759866974
-0.7480951782551262,-2.6979108260107862,-1.5981875150337914,-0.33841459449626293,0.4248388442768458,1.1203646688079336,-0.02565078302480234,0.37135825321403554,-0.769832745120721
0.19950981750965865,-2.7094232719867186,-0.4754412242898965,0.14463986779958454,-0.025188022165429376,0.0588154775578578,-0.2895283868925537,-0.3501341960498052,-0.19677384396958242
0.1952241324161006,-0.9729478276741693,-3.5701894481074135,-1.6283823987178143,-0.10493403851494416,-1.2818592469750887,-0.9145043636966028,-0.698830238313813,-1.1881207219399132
-1.6032925588978841,-0.75718393417983,1.3194165575576782,-1.4814088849544675,1.3729621087336346,0.3590955898417531,-1.351732322762339,0.5826539038007785,2.166719437180929
-1.6256907211190588,0.2102214147372509,0.12430168258563248,0.19649389267013884,-1.0619409613108952,-0.6098119553235489,-2.0698129031989896,-1.0158854822642152,-2.024063823019429
0.07169529766315459,1.649003980040684,0.11775004542572298,0.6590720759865953,0.31628851996908447,0.5705630855445101,2.3816689268594393,2.050659214889059,-0.8898626426418975
0.11030642095478214,-0.6184094799891725,-0.6393013918509601,1.0075484591097792,1.5353737109216168,-0.7393006289207382,0.4394673275627492,2.4056243541250852,0.3556650047339445
0.9224958266900158,-1.2746873577745659,0.008269792382907938,-0.9730698187811171,0.4588242769989488,-0.017920655788384306,0.427475288949061,-0.013853208760953738,-0.9882035174945194
-1.4482350242825583,0.06997961769630463,0.08682023461592235,-2.0217185875737225,-0.07151680565556862,-0.7193043323090055,-0.4459479454804298,0.24673065210880651,0.39714015953213394
-0.34860455233703,0.961947261292836,0.11532244724921024,-0.5681654307002804,-0.0696077415164836,-0.1815933876917794,-0.5574545497857493,0.7449301558541833,0.064026027357752
0.16277225655299354,-0.9778269004956351,0.05102076275550275,-1.6405470294738815,-0.4905564810132134,-0.5722962798290174,0.030740969410809255,-0.22048629263787578,-0.7697275840752734
-0.19014924719328194,1.2770710108707246,-0.6989608020997107,0.524503612655664,-1.0390348119647024,-0.9087959646989995,1.7944585111022853,0.5445358196842577,0.08108730614308365
-0.03538968751546337,-1.0856247453297099,0.7193043556875077,-0.936170893707881,-0.029261478681487676,0.5882540987669009,1.331532911350923,-0.34561205692948144,-0.5420819817079446
1.1514183645898572,-0.4741716219107737,1.3041917497145772,0.7510393503074125,-2.4247787701177987,0.5191772010939029,1.1810956561567019,2.3115240485246424,0.1382912748986758
-0.1295045808239146,-0.9650620144049862,-1.5889022938383015,0.44579996847847664,-0.10978366340723969,-1.3582894410791373,-1.262575298215145,0.9302551461071086,0.22270684427856857
0.9542611750113528,-1.2483896553018816,-1.3932549047247456,0.12865194727308527,2.2047746748605737,0.11514963359077575,0.41431814869220734,-0.49485445420641805,0.09442105813273644
0.24831864605076087,0.935550472494419,0.9292168029598837,1.7573743815031602,0.32233805558248224,-0.8905483776965216,0.04224800415093285,0.275792115230224,-0.8439504265665702
0.15109101587320195,0.14848976673531789,-1.660999338884301,-1.1009011839405372,0.5921140572153346,-1.1027209821011468,-0.23450467674089004,0.5308773837522305,-0.33245346656255825
-0.7506684563337697,2.893429419905896,0.1619794992315285,1.7776349496695139,-0.7569819749437202,-0.39980298877627174,-1.7066871055405695,-0.923504704453849,-0.48926533590045135
0.7377850380634778,-0.31662467295052976,0.40291726889665475,1.1515469307567263,-2.8303641564337387,-2.514626270294564,0.8793304567617013,0.638576108277844,-0.29985258049553687
-0.5751674036514095,0.5762207573834196,0.9226308276238109,3.884890382769165,1.6578976855435166,1.0898847778368563,-1.2613080822397351,-0.8420380286615894,-0.008121467452839906
-1.4711810135187076,-0.1010631804800246,0.9896065246245792,-0.3113983112818981,0.5497009197773782,-1.1659572303097694,0.15781442910793575,-0.11366093924951598,-1.6845030347167396
-1.0687251716745294,-0.015046465070792082,-0.8965896484145802,-0.3010325371631602,-0.6440948957347544,1.2970078617226921,0.06290460475277167,-0.6405728071588984,0.31337837695525694
0.14016670251065674,0.511183220073977,1.3466095036133444e-05,1.918598408548872,0.09302828213200752,-0.1440170637351116,0.20470155480389285,-0.9131783563211618,0.1315570824748172
0.08873966376208872,-0.05977909079346569,-3.003646291938007,-0.09778069188848626,-0.3641847222596876,-0.4282521644781593,0.9266886964313678,-0.21466495496042126,-1.4211189314014308
-0.676676111698089,1.046873285873314,-1.5809143110962387,0.03985072718813351,-1.4917415152050644,-1.1671100938743861,-0.49668378916845274,-0.46648571373767633,2.0451207336475425
0.45930255788056756,1.5819622914399767,-1.3752815942994872,0.05499515376402561,0.1348289573040305,-1.1497832854322263,-0.4767039785407028,1.285490838212076,-0.5466980088452608
0.6831348195895476,-0.20882626624711947,-0.44146707245852423,-0.7767828933371437,-2.1492993124580826,0.6765675568339334,-0.014556526751878894,0.5130367503712038,-0.09275528561182203
0.8598272202488597,-3.8516354236286285,-0.05409094857000523,0.3855325533726978,0.4489955784488477,0.13734955402292107,1.18639379559038,-0.5204177754214876,0.5426507667489715
0.6646052204775665,-0.3474974225574973,-0.35449400680055576,-0.3097319553243796,-1.6541879191680953,0.4977144735706108,-1.3453666979386891,-0.30783202411876714,-0.4326628216067032
0.5705946585463166,0.3860528187110431,-0.12025993674323342,-0.39007271862492776,1.2679057991533582,-1.5352027705626796,0.18903138420486473,-0.11790636148879423,-1.175953225662843
0.5499204058540966,-0.11024320048086703,1.1825122631833151,0.05224540028548008,0.24344384531087068,-0.15392498703838683,0.9766605610384503,-0.61043501631899,2.095754504887682
-0.21134756856070497,-0.9023901904420917,-0.6614358094781051,-0.03719069963067827,-1.0658839495978627,-0.06384578231155316,-1.4146099239821261,-0.23085587669431326,-0.14152634051672588
0.5517560242234498,1.3427417911009272,-1.1384537644135926,0.3005321193330277,-0.18986349409820802,-0.4890016718502506,0.41985523095558297,0.2807023394690154,0.4897592251723109
-3.3677853747368305,-0.35398748701963134,0.208072648768842,1.3654907820530944,0.3237064785515054,-1.1977745642864972,0.40652192192054193,-0.1707694971057833,0.288554383187822
-0.4329456980208903,0.49411494576870085,0.6487379541029347,0.16556196071359888,-0.056551569297206505,0.5914342276105665,1.4230778329154243,-2.1579134287008075,2.5899918802796487
-1.0624606471825122,1.144785936982555,-0.26531144147677305,1.1107112552317857,-0.6619367698513021,0.8832053751272939,-0.10304540262541756,1.2053528349992464,0.03409820000298418
-1.1648086712555419,-1.9458812520694697,-1.7670877937369303,-0.25744105109053966,0.3121428795470775,0.08855943140122131,-0.7944314047768585,-2.788408714074201,-0.6864437196030512
-0.1250037074361982,-1.697341969607423,0.013840403698266437,-0.01695117418954015,0.4913774969965546,1.3176371467702337,-0.24740185868680772,-0.31382628373954374,-0.9798180804698772
0.14742860015680237,0.7733276151897199,-0.7105048026723322,0.40874097374647167,-0.3272931400424753,0.6419938811369634,-0.30601993475652794,0.6058075588443291,0.3422931881875295
2.1300518694151545,-0.4156871181537485,0.10382118054283268,-1.0578881783903429,0.846165018348707,-0.4135255188064862,1.2202611567830801,-2.0755513758128417,0.12504657431768704
0.31675616803760803,-0.2602085887603437,-1.3200517521403867,-1.2510145985422376,1.7831034847690028,-1.2921153959792218,1.0335787475196827,-0.08935496571944397,0.34123608989341575
1.4313281222510832,0.5741759638944408,0.37815105679400174,-0.6631321316622171,-2.3506864255521718,0.5442164234788717,-0.04941880877877182,0.6245430921934263,-0.6801482239231362
0.4108305830718448,0.5580098986575223,0.3976048174873158,-0.7795125723487051,1.758832588721155,-1.7350645725247027,-0.6047710296887375,-0.5295112327906081,0.04649046506267358
-1.1925628360166496,0.8498278670155789,-0.3196616187431456,0.08465264123989173,-0.18942298386471146,0.8127395496721378,0.6083457137264229,0.2090075897369737,-0.7522011154212661
0.6142421576908578,-0.18178306503119518,-0.1345641804829588,-0.7057094711194867,0.13140809790009939,-0.45178229112861734,1.13799468550889,1.5277425525695172,1.2839064072741813
-0.36180168634988175,0.9292316142809636,0.48475611298563553,0.3746085317654857,0.02280678514221504,2.102468558886714,0.43589334492144366,-0.15333936397366035,0.25373126480731456
-0.9580354881098156,-1.5899343261844396,0.06740002130579487,4.043562877333871,-0.03306006282793952,-0.03950077704336181,0.49485781690436687,0.2707792242532478,-2.078530666061471
1.528184970871983,-1.4724930116626311,0.6145581869628967,0.13418221498233318,-0.5472081988673121,0.851180871712155,-0.18094642323981042,-1.2980701413201778,-1.0427006222009634
-1.3976421185266745,1.1402296180935343,0.25600444446509324,1.4810533038512361,0.5513877702267512,1.0391588498841229,0.2031897508047588,-1.617868249722908,-1.058213332475805
-1.1900089825537699,-0.48791108698525565,0.41530719250125064,-0.1864205033710492,-1.1822209674466053,1.2705076426011872,-0.39254134646226146,-2.169757125920979,0.7812247349039209
-1.0495353468183362,-0.3098643966846071,-0.970500013210129,1.2371913575987237,-0.07443661250321472,-1.2055561675959052,-0.568678654170351,0.07867113445432503,-0.8783422635936665
-0.026485789104795782,-0.41061119853236144,0.28100362850360955,0.24681849442839482,0.56748917722201,0.3932479869612966,1.62281082938867,1.7567872912193059,0.08270963501715795
-0.03892274072114317,0.11512125800992616,0.2727376517483329,-0.6217997624880913,0.09273214636399767,0.19984385045904926,1.3760441033906752,-1.777842649473787,-0.6998537913047018
0.3845849740165881,0.37377797947861185,-1.2222255059253264,0.9441941050620152,0.1033974272503849,-0.18094523124291836,0.38411446325566534,-1.3916604869503697,0.19940871388995252
-0.6561520809367988,1.3167931669113209,-0.4774001390319992,0.4700999836956116,-0.0601403644567665,-0.45858359964616136,0.12480482555400492,0.07747872978569263,-0.4390481086390627
2.046324050855104,-0.1519087839836748,-0.09400226396422563,-0.14734212454681256,-1.0115692846524176,-0.3616111807958754,0.8937700170175069,-0.07716785858533565,-0.5094981818339697
-0.09437374801948042,-1.305010242366216,0.9612962817251788,-2.0321060450851283,0.5838207411069694,2.1172106825228862,0.5956936227154087,0.33565722658388786,0.24571006843421928
-1.148622701505399,0.38919120423241954,-0.9361153224139682,0.03041297034023747,-0.023810021816433536,-1.2857576694602673,2.1002270413204887,0.7903261492685336,0.35153069677605336
0.2591827594128122,-0.3985376505809337,0.7350039708359128,-0.7498168744552496,-0.05195334109541326,0.4126100902903066,0.9338404458355314,-0.04501671038613746,-0.09706115956534869
-0.031156897402687123,-0.20353427739104962,0.3382446975683249,0.18720318033563754,1.388432250202786,-0.8915753304632547,-0.20722612922345252,-0.11869435026694926,1.0332680161367025
0.04803314865188161,0.5928524222657352,-0.508791230263602,0.3877182282625227,-0.27085835624152055,-0.0008431857531973029,0.33764102964866444,1.2523840002659563,0.8754744193321595
0.10619934808138519,-0.5358832125923038,1.0593190122068064,-0.03361034622957752,-0.0799359017886743,0.660363969087399,0.13923412871059324,-2.0359723445676132,1.0798803160857027
-0.29384647763755134,-0.5444995320647518,-0.5653246319394994,1.340356101500994,-1.2693379619305483,1.8375344679544627,-0.3831031460218386,-2.1673206532189204,-0.49013064850590066
0.12433013520898395,-0.48085421420305885,-1.090880925124558,-0.9618756597066452,0.7617491454311922,-0.10528648433574897,-1.059452198142902,1.556826922125871,0.0032960478843916596
-1.074102892595736,0.2914395318555215,0.920955896023325,-0.35892128545373675,0.6915286731250787,1.57763608981612,0.12923313232728778,-0.5407481224317532,0.013288375917457724
-0.39679314081140576,-1.711427338426195,-0.20265265857136108,-0.36866444680766247,0.5766121736286024,0.8859486375990948,0.2621209663301836,0.4500248902464648,0.2256626214011111
-0.38589365360355304,0.6853553930122137,1.2257447330306135,-2.5701183544593493,0.8364059019347905,2.0031163627990507,-0.4592830824707994,1.643705114639021,-1.0900637863759242
0.363671238283527,-0.29501650827493336,-0.042835482916954576,-0.013312374178865705,0.5624151014672103,0.16823082532241018,0.33150512478527144,-0.3600179629782242,0.6058379317069357
1.0388958359263778,-0.3630293593455372,0.07095394747555112,0.6570587371115841,-0.3036391187776945,0.7166497443804751,-0.11936686454785815,-0.8036694422673532,-0.19618429785717206
-0.45344741376685316,0.4975705217761374,0.8721829461612377,0.39628952692338837,-0.39556832218800403,0.24647124198808515,0.40630002790649056,1.696170164080071,1.1490566170092775
-0.6073576832155793,-0.29343226432440456,-0.22546211094648033,0.1671518184366094,1.9072400087498678,-0.7955001456869399,-0.3633508531186361,-0.013281075659869527,0.2256405538719179
-0.36475409974210377,4.249170547716943,0.3033785218064318,-0.4846361210274658,-0.4589516955107031,-0.1487658230540383,0.09070819973814902,-0.9211657759842234,0.16289346034414562
0.21426038458501945,0.341218774918631,0.25982337031469105,0.6996561831981589,-0.580159824302419,0.15514342335531467,-0.14104175761087048,1.6759240218280917,-1.0052674665647485
-0.3544780875475067,-3.0225269838502045,-0.5392376089004176,0.061260523688718226,0.33231006362695337,0.896501339477684,-0.8296587262641597,-0.10033898447225673,1.8876273027136927
-1.92945687423481,-1.5329998053603913,0.18656451740907726,-0.716269365091408,3.742626691583557,0.039972013478832134,-0.34045271526294907,-0.23493519676875502,0.8447561501218169
0.6175627968360371,-1.2870834638972577,-1.958797446215938,-6.850791912354591e-05,0.0794593088347969,-0.31374994529941486,-0.020871549687191356,-0.11051411963815053,1.276736949554751
-3.8569620676918115,0.03419806683244545,-0.5353268900206432,0.6983392636970264,-0.3575035555048222,-0.46492216885207405,-0.5143226892209447,0.4143613269693619,0.05481739060682237
-0.4658576589909433,0.13462941522344551,-1.5922842864316218,1.338199142948323,-0.42112997412746356,-1.2245034514458344,2.6030598742026267,2.552245737645176,0.29103494631791177
-1.1003164774688494,-0.24203378851215224,1.2406623699297663,-1.1535449057673337,-0.42899722092800857,0.050829001581772296,1.4889270629381806,-0.6509585076385673,0.048712445813691344
0.5273792343496339,1.465461363884918,1.682070098366367,0.07573499258317719,-0.5088632549746712,4.4469492035575575,-0.14530099110688083,-0.23021564876314926,0.9247206965920107
-2.6992699332648478,1.0077570392779058,-0.4022868819411714,-0.6272727370593911,-0.0023765000497387393,0.06476211568576314,-0.8808840314791009,-0.8131213760526926,-0.4088423615474015
-0.6470864055171833,0.1711136190062482,-0.10759217688549201,0.5966679377304425,1.1472645673527684,4.335465766332001,1.4580903335874942,0.13999117461452132,-1.3685439042804866
0.013858194260247715,-1.334587920354369,-1.4935076208816485,-0.7784791274610738,0.6495963744245329,-0.5483309924753829,0.12120219358083782,-0.5497899385370412,-1.2333151700009175
0.060994324627942284,0.40349782878126406,-0.6932376443251184,-1.0179112425972914,-0.48314054444386884,-0.19710769940059175,-0.9035432149756327,5.447241295606096,0.7705178397500697
1.590413478521567,-0.5279102223118477,-3.2712649026294534,0.414545342160216,-0.2946945369762828,1.116508981921066,2.3080036197768865,1.3931396049341302,1.0586715507209528
-0.23498720475500404,-0.3097365513869432,-1.0287138901977948,-0.3061269083048392,0.11075544458338846,-1.657853233564324,-0.08999574984698933,2.2803802352921845,-0.2023472577948179
0.14086179347982236,-0.38220890231016785,-1.1684553276201877,1.021048707683677,-0.8505896317591791,-0.3392999379426616,-0.46108705074790524,0.26532524223838566,-0.14322287750017063
0.06829073338979733,-0.4524535937763187,0.1493530099452013,0.16712299972282413,0.9846135444670981,-0.015006610267685124,-0.1427127652111986,-0.773339625272696,-0.17240886673070857
1.0603583861827575,0.3172665595129876,0.6432764335114005,2.358593168323147,1.0178726291683706,-0.23447859107418145,1.3572677001889788,-1.0987573552375907,1.5624552490616745
0.6284120853463979,-1.249090972288342,0.04257658709885155,-0.3397534080470337,0.573548147652801,0.7381697100074454,1.4357734452047097,-1.893887813794627,2.204392915247838
-0.5834186703873616,1.3615646050025711,0.47930270211572856,-1.5710782267023449,-0.4615875167061994,-0.24048997731439017,-0.08533417508555083,0.5613665144835608,2.2441286543505217
1.322209322368187,1.3285318607704166,-0.14573111901192393,-1.998504459076673,0.07553022387953938,-2.4891459413270063,1.0908823621472334,-1.5273828615633456,3.65013585603033
-0.8441850292744543,0.12720758829522597,-0.7426911727738942,0.30910602197951603,-0.029047783718890746,0.5379668762783572,0.20843728111015306,0.21821803671331882,-0.025782181812309287
0.618971618709112,0.6844646566250039,0.2864649963657251,-0.08969657596225382,-0.3153440243309162,0.008432513265035276,-0.44251660078495714,-0.14572226116071565,0.10912506717123197
-1.3137344671188835,-0.27637350976598385,-0.044431530360125954,0.0802867573717607,-1.113343072923711,1.434102611356299,0.3220043179730885,-1.7667478872273557,0.42814225403677353
1.5866193416863772,0.6313101569885491,0.3774127902175061,-1.2401937336887043,0.2485510120575729,0.03294866531294307,-0.2036417986936919,-0.08044561517791092,2.41709815906768
0.9846052363165354,-0.9417993659067974,-0.11507199668384667,-1.8672599496955382,0.26002000002980163,-0.0027672200163122653,-0.42277912434657194,0.47720699681610856,0.06602626210196175
-4.396735453852771,0.6974091566967269,0.6012427631477736,0.5753970557329087,0.0389299961481819,-1.182905656939943,-0.0485643915528362,-0.3348219601759734,-0.5692898015767307
-0.08198616582286793,-0.05259513585017262,0.41804430917783075,1.4563591976892338,0.35724528527142024,0.7449506188145817,2.320954669606455,-1.4038468130254171,0.6104485299813338
-0.1732332114139079,-0.0890234297249515,-2.464586425569578,1.0188719674363464,1.9833208323075748,0.45253969128309196,-0.0728560359955206,-0.22427910847883162,-1.9059365049429347
-1.9457431081988892,0.45655946726877117,-1.3620424474238872,-0.8403793366532524,-1.9324759252780364,-2.559126672988423,0.5593641485945291,-1.1375326251877957,0.1251524452269362
0.6553204468673627,-0.7422935964358122,1.3638139310744213,-0.13044410708213097,3.0456540449569913,1.234413980003203,-0.8186298646095854,-0.3213816514844203,0.3171714115773598
0.5137311736061102,1.5098474483393411,1.7007657793531057,-0.40737677409672085,-1.8235340370170903,-2.3927007236296873,-0.06671684774120201,0.6022250044215083,-0.28001736905375624
0.11821904026655247,2.727272592785832,-0.8009493727209729,0.44816379835812464,-0.07155539598124182,1.1496222963318186,0.840260998785445,-0.03078116269407096,0.1667161255321761
0.583346433770861,0.03868277975490265,-0.20823693820161954,1.2396417367628094,-0.06788291398023856,0.6106717363934142,0.128538023995559,0.8013501101994287,-0.5594543343707837
0.14687074500540995,-0.3220365831484435,-0.3541352106614022,0.5228354158761053,0.7867121256704103,0.16727329048667164,0.05754602136547817,-1.4561679243378602,-2.4017886814839295
-0.1643608956378058,0.7651539132373544,-0.7986779227968662,-0.7900953524217819,0.9120150710209487,0.3082821874614199,0.6241640454617938,0.7537575232390213,0.9585545846620699
-0.18569776823497391,-0.11457456859271663,-0.8838296274136282,0.7565851234734511,-3.0054253106631545,0.8251871813546998,0.984733619209054,-0.07063795805528508,-1.1863397014982768
0.3562105575289123,-0.8857457795785516,-1.4712377764345697,0.49603566213718076,0.3995153782339282,1.7329428922631152,3.400945644845213,-0.9021740783974097,1.2417618091848066
1.6062568550962892,0.7392692811585329,0.9687348324096535,0.11500484824437089,-0.3309921649716717,0.07105181343536428,1.140456365047808,0.3598364875062766,-0.4361965762006165
-0.4511143691957015,-0.14308169488745395,-1.1749398758456064,-0.6309462629367673,1.0459301452960863,-0.35471852933776993,-1.134288937707312,0.39950976426865364,0.304671228263825
1.5019774659237521,-0.04365401597479892,-0.010076008598412458,-1.10248265509563,1.6631855637957615,-0.3811072740033926,-1.0275576184474677,-0.6984333688271751,0.07833353790353995
-1.9133804250307647,0.2645674430940904,0.6392833443511986,-0.14481147986023366,-0.6813250507369306,-0.9855160325220661,0.7825231661561871,0.2345736398901114,1.886518895606307
-0.4607290543601702,0.4110305226051347,-0.5509104250261995,2.069701462659495,1.1762022644916015,-0.08036255569446868,1.8345967824237865,0.6005379869982187,1.0971305457150107
-0.17391281334879116,0.6975984145064059,-0.8730954607847846,0.7633991531222141,-0.14006710551317822,0.6340835352441496,0.5668220167916271,0.4986684682542329,0.2733274822993409
0.8778050978567263,-1.6967013308472085,-0.9151026593680491,-1.8765440024342466,-0.058223138014695947,-0.27664288303355405,0.5896677874280843,1.929138748079178,0.10037607152731953
0.639993206134209,-0.25986757490588497,-0.3799009955356882,-0.23475894542651737,5.1307194167320125,0.06141656489331036,-0.8204350068572305,-0.38039920263370597,-0.32906290023666435
-0.12107814129972894,-1.216580129784615,-1.3513946310821876,2.529906213722125,0.33959812717103194,0.3125393567598585,0.4323235504678297,0.14659618154463608,-2.7972081107034663
-0.3072720587022022,1.7388111302687725,0.13168820230864625,0.43977172066276804,-0.9709986695476108,-0.24516313650422591,-0.14768045891282172,0.9696418570037326,0.7890299338663814
-2.1963560125628128,-2.1120443615440307,1.5077134919810669,1.7120855433818598,0.627376951053551,-0.06401616770132611,1.4842759376945946,1.732527737997311,-0.28845023531066116
0.3786073693188834,0.6568725206684616,-0.18782778222757984,0.4838253347055218,1.0920134028284008,-0.4187847914801055,0.5339085675191481,0.7758790606492006,-0.419821029128213
1.1763353249177444,-1.6909268193957592,-0.3814833752924726,0.20616701191267375,0.10393155857167626,0.10078081103067481,0.982803167788821,1.7046429678973278,-0.9375133643331091
0.08211691452543242,-0.17923896854984103,0.09413523140562462,-0.4504246309737311,0.16519109596844286,-0.9013239539508933,1.3310669396516677,-0.02661953441333882,-0.24420612109522852
0.3653059889082809,0.301043051593524,0.2645609991388944,-0.26491303386410087,-0.9774963826167135,-1.8374146006583614,-0.034989347302540656,-0.022209030096319592,0.689304464199766
1.0035033518852425,-0.1138136784813272,-0.028222073313068207,-0.15999532014659634,-1.4425018135535026,0.021885269731684254,1.2961685835869654,1.189574053946387,0.2768685668498423
0.21601147074886862,1.024898309942828,-0.27603605150758154,0.2736657128405521,1.0954993073190733,-0.24053927338822007,0.47433041960399475,1.0834725578970754,0.8343987529838601
-2.0791217111596545,0.511452252653232,0.24492124922515596,1.3206760375977142,1.077463658577333,-0.3942003350864217,-0.4671043969860227,-0.3765720794624027,-0.00827762901311385
0.4047826053978051,1.2913248403585718,-0.3048243029172018,-1.0491266103827008,0.835531338529141,0.026057331656742278,-0.8219138256511048,-0.15112411724991098,0.15552530175915066
-0.014318932252915254,-0.5457301712601483,-0.7056825355114161,-0.9599617479579977,0.3587359036317911,-0.32410453218000085,-0.9252414774102192,-0.6359118791296502,0.6361538731034097
-0.649083616308451,-0.2701130338258561,-0.27949573643027087,-0.03396087320945356,-0.004345133321809005,-0.7659530087953835,0.08349318703058994,1.0839944012975622,0.5521207143056754
-0.31506651355685283,-1.6713293824141169,1.4654859198843788,0.36782462092909746,1.1525921553158534,0.6392365153662493,1.4351211240859494,-0.4279620097355967,0.6422720781384333
-0.5459876539124997,-0.25126372378071327,1.0680848943682855,1.3246960742604175,0.8327558888843735,0.4942907720752412,-0.5012521684471785,-0.5251168633768233,0.5622195988977119
0.20689954378009584,0.1311988308919625,-2.8124358642108054,0.5594845901560153,0.6119637716804042,0.17854527225946998,1.230500879538576,-0.03762410486349478,-0.08564504929921436
-0.5968621221156075,-1.9081244630835,0.15354732907418753,0.4281462236539486,1.30157135023316,-0.5259182823273648,0.4387012990206483,0.3246983732582382,-0.1922889562327713
-0.2830285957580078,0.5815208086555779,-0.15546584190966467,0.40725257909220985,0.24234017412090003,0.1866109579661923,-0.13396464025759347,-0.21783632468976255,0.0907004103670672
-0.1032993850646334,0.03253527632646574,-0.30954621916565384,0.17728739546072356,0.10079219570081017,-1.1409136686528456,1.899519209912104,-1.4589800001811422,0.12926041784365494
0.7525977435043127,0.37749443844240405,0.8490561559151043,1.996674561247452,-0.36463632502582316,-1.178675417504171,-0.20406786203625651,-0.3417267967993809,-0.5314847637785508
-0.5580179226763518,-0.03754274320544302,0.8167764873796494,-0.9687636879346361,1.4862948073849225,0.47620672720965224,0.2246029455879773,-0.27296376776066805,-3.4249677198788593
-0.410534103597477,-0.05593746539940865,-0.71939899890695,0.15230823473018779,0.1786993929989466,-0.28927403107090566,0.6713309874347638,0.7647418598695136,-0.5924328375180256
0.055755382650912344,-0.6617709565322175,0.7641174701448857,-0.9789615262844003,1.2379048214526795,0.05036303505322018,0.8574983825796972,-0.13147966694472246,-0.11556875295431039
-0.8975388146841179,-0.26092618586359645,-0.16865596911421074,0.8552112747527792,-1.1646660966325875,-0.13596646802201742,2.0217321334383738,1.8222259847919482,-0.3189472592508944
0.46352117845069535,0.3191990906483617,1.414121553241518,0.012635497054277035,0.2658678287134364,0.7780120538328689,0.9460670752633416,-0.1967198787958581,-0.3285014047699214
1.922825825071004,0.03948056621702989,0.9453175115057066,1.5343552959746638,-0.04105295455065006,0.5160614435065671,0.6551499531735303,-0.9217794491773927,-0.4741971519633269
1.1591191562049015,0.3911172917402171,1.41153671243922,0.786199886708191,0.47073329170846306,0.09873060528106795,-0.4015548086865232,-1.238646332288281,0.7036936736600022
-0.6293605808222955,-0.1169804116642436,-0.34400581964473276,1.026678837243921,0.8747514783243946,-0.6944622998380425,1.0512881026952856,0.7697093742719706,2.1972474964132096
0.8560447995218555,-0.7916140069782189,-1.36120924130436,-1.7983856409436874,-1.207404855722874,0.3738539403632662,-0.38477376320851514,-0.07315207432863984,0.13724640643109456
0.497806654464169,0.06589969102216676,1.1578319898028708,0.2695275340702161,-0.887671225285996,1.2550173711685872,-0.021142179769548384,-0.26087564316695067,0.8089390633362121
0.9633240606754438,-0.006563840007530475,3.2175977467915606,-0.10226404177925981,0.6149642666547268,-0.5078127333778618,-2.887184449976054,-3.4081061946624818,-0.6264542223297787
-0.06036853381455393,0.12603490666057754,0.5031140283338761,0.45028350478651497,-1.0139695763186543,-0.03146146624039339,-2.7757847354607033,0.16257030839350814,-0.2947567442695416
0.7468186609131656,-1.1428281696807794,-0.6748060839720493,-1.3145581937316686,-1.2562851017015182,-0.6148574017468077,-0.31953408700311015,0.5612758081307758,-0.044540645701131594
0.450398378074578,-0.0012100369086065926,-0.3019319306441469,-0.46258657958068244,0.11535338488351062,0.09557496988483453,-0.770750578313477,-0.5814419683296681,0.06136111883552731
0.33118920699706156,-0.06861136274177741,-0.48875536121053637,0.5705414886753158,-2.265824588431249,0.49592275557889437,0.8686080742312,-0.2508332505184871,0.07576055062573574
0.019023256584373212,-0.5044268661512655,1.7409646458721608,0.2984204465733713,1.2906802967028856,1.5314052246362984,-1.7797755907950015,1.8893407999174816,0.5353952855251847
-2.2510255303379503,-0.6201087656079393,-0.5072224540644773,-1.4832283874555974,-0.8411355332886591,0.48640762263933696,0.22016729447920302,1.0402276222871245,0.08256754460923603
1.76940327644806,0.39979200795096237,-0.040278529424498666,1.1703909745660064,0.568300515664464,1.9628199577812222,0.15256425939828772,0.21856941297408092,-1.8190062997648535
-0.7473440047218463,0.047863416814662336,-1.324785817459461,-0.2516750759928659,-0.2135875763538654,-0.01711903170389358,0.20464686050143324,0.022040825860321276,2.1526331164871504
0.15544444126014306,-0.6481294435862239,1.5488529685092693,0.024105975283611154,-1.1183719525640972,0.06316098697538067,0.04205346885531092,-0.010337000692297607,0.1958840719022806
-0.8079290016606746,0.18188095292082468,-0.35294329800935437,-0.3623047064987123,0.3991939985228707,-0.0737220605818892,0.2237542190933386,0.07287583365160835,-1.83486907008733
-0.4836836349761642,0.0817313350083477,1.24084078471011,-0.9826150006950759,-0.8032568141671999,0.397870391048663,0.04246458051027698,0.3125781691742599,0.1534471505494642
-1.1503012756948146,0.7867782503459292,0.9814816600170345,-0.1324109864737082,0.2633910967179302,0.30259028361225104,0.09213539531680476,2.217078867749663,-0.10412102078984334
0.9615752579414057,0.15682462677973522,0.6814017777068573,0.44503842682282735,-0.032484600600690076,0.24479343097071335,0.14529959289308458,-0.016425549824941082,-0.34886771768791747
0.38690542615478146,-0.500065398767755,0.8067820771350953,-1.0588589427515873,-0.20163490870149325,-0.07288079081587216,-1.012472658030412,-0.4741716378274177,0.16376448564014937
-0.19752895000276383,-0.8555628941706757,-0.11282410166265472,-0.9273336462676844,-0.11250640939692168,0.8022258919851929,-0.41096868922933816,-0.6329760818402351,-2.6516291760689317
-1.1616747328909058,0.6700214388795384,-0.7459050532445441,-0.2644571104429528,-0.8854395277256414,-1.4449754595807764,0.05750173940081183,-1.167414320607737,0.025141253332595415
1.1351906594077177,0.10166753941053609,1.0081957209237131,0.214188957727593,0.3212219991268594,0.33199765206492354,-1.0351221535285344,-0.2743310806733904,2.110546534978632
-0.37386774914766047,0.7609017592933214,0.07341130687518535,0.7189734438103949,0.5405656040799689,0.4460538124603217,0.44042936270930155,-1.0430993462838354,0.21310400030791027
0.25427992637137786,-0.3359809812177478,2.6593605595551795,-1.6124066670457704,0.36958130340799095,0.09059555614001555,-0.24868832419161105,-1.2236939893437988,-0.4946442273732224
-0.3783355185783075,-0.31750986099199785,0.5355430808257348,0.19508499915667837,-1.6355726638528596,0.35445308473072074,-0.7763278092367739,-0.9960315357289145,0.9736662751359219
0.21928640835248528,0.33771481846935963,-0.7436076307276328,-0.8376997684338511,1.0530544870486418,1.3688622478722463,-0.8699796808527348,0.8119727461052973,0.41783990722888636
-1.0620241761883193,-0.35975375500074,0.13292194485960154,0.7356832000937377,0.5104190768629812,-0.6116112549373438,2.847526896525323,0.9163208073566517,1.3990102943110363
-0.13027062260348488,-0.4729957730521423,-1.2028225848675098,0.2803892761621919,-0.40275862778627475,-0.05480641565760944,-0.8331150539547212,-0.2538143559259805,-0.04944376681304351
-0.4724342158024951,0.1495270491469703,-0.001566218871917478,-0.6455080376126447,2.4466444983873585,0.5145226088951569,0.24038472852662082,-1.7996201803678302,-0.17633280628665174
0.1131400940604553,-0.5851770242434278,-0.3086265473464124,0.1779843390518009,1.5231171613567425,0.30590349387545723,0.4104085493342551,0.34465372893346385,0.5268259793732495
-0.012635745442800352,0.22386212763123867,-1.4722073918947833,-2.0911574405969833,-0.13644892038409986,0.5181815387213168,-0.499783487696587,0.009371006465972316,0.5864153153488593
-0.8126656545142766,-0.4958054279389741,-2.0555088494912965,-0.2952243491883376,0.10427670302743727,-0.8362706909892438,1.042271018273126,0.30874903732359305,-0.5371195199342714
0.9403114643409726,1.8095420818621317,-0.025374489596419313,-0.2722879836672153,0.3149508122818499,0.4145463437937657,0.23611967933086533,-0.3137273466421788,-2.1609620053552345
-2.411675011635943,-0.9710424870212789,0.17107203891865178,-0.3366664450796807,0.6082786706248897,-1.2579214635007476,-0.5121663594901833,0.1444779099720325,0.47111714702516777
-1.8714296891941455,0.23315412368074406,0.44048944129689327,0.4176225155100131,0.9698112927392821,0.08417246532477705,-0.13723098511774592,-3.213735569036054,1.7303132220611779
0.00013625260324920909,-0.03245404476337908,-1.339094148351138,0.6692628237680098,0.08495124821806364,1.2176635758876515,0.3473149234152917,-0.5657241021485515,-0.05557329428711002
0.9274097360342219,-0.0004192306045523247,-0.20165331882031343,-0.19685554337103534,-1.009763972524924,0.22902139419688797,-0.6666842706754493,-0.17371135449487887,-0.3515850575039016
-0.6281292253363002,-2.32369866939775,-2.6724054349914073,-0.20851477161602766,-0.6183480567834704,0.7308312485889674,-0.4825856239131769,1.2629744691798601,0.7278183957099003
0.4643794531078386,-0.299720863998385,-1.0434919264883789,0.45995635799055246,0.11281435199893425,-1.3198532921235913,-0.5329817433275881,0.07997139190885341,-1.0226312272681077
-0.035967645237044515,1.35945074084689,0.42620930579420124,0.26422717869580115,-0.20435413165533098,0.4375309728054902,-0.37212830035856176,0.5851375175171019,-0.9690757829520162
-0.6260727634042111,-0.7235894231079693,0.5865954067466316,0.3963925118150594,-0.03964001465814593,0.11958603724420981,-0.2386181516417668,-0.12152449144281872,0.25109500912386457
-0.5538999480067562,-0.042403410293129204,1.2591405920106966,-0.32537554983245665,0.7529591220333999,-0.050166790364179904,0.41782794547623686,-1.3197060588183822,-0.08089845872916289
0.040932744367543926,1.235256954721398,-0.6613723758146688,1.41865329944937,0.724323093665573,0.4111018531302968,2.1762151500537197,0.3327272944431517,-0.03267765776611436
0.9901456231907207,-0.8484595416528776,-0.4651593401632126,1.5190787167777,-0.2809207297063623,0.6112827783980921,0.16135766213293365,1.2016714466355238,2.6486725551383463
-1.0002232225968597,-1.1604348013447996,0.12812635469275874,-0.6551451671563507,1.8557600042016322,0.1160641363306074,0.898314253641261,1.98788706080915,0.054451460374404057
-0.6259894358979745,0.2298786406187249,-0.16000825626895307,-0.38653411848133845,0.5594261113418376,-0.8583886137814767,-0.14544043138682708,0.1533815995178845,0.2411397262422431
0.3362139375166621,0.6138039199240053,1.181682004038249,0.0031988589134319565,0.8517364629626737,-0.12300537757287563,0.14757727308832752,-0.1724021363891216,-0.4263351101740315
0.02677582448433096,1.1031286680792531,0.30102602204517187,1.225638724079175,0.6343478738135181,-0.18701007194011757,0.8161749125031776,0.6499318804080618,0.7891237132030027
-0.5391709039328423,-0.17625215689913282,0.9976834958102441,0.5509410344357645,-0.810280725473856,-0.266649457747783,-0.3397252246474299,0.5026260264556733,0.933461719203086
0.7978006595226851,0.344517469991505,0.4673490444422707,1.1667054875356617,-0.21823025598079798,-0.8692166522228817,0.12977182633354428,1.337086672577436,-1.4216193333415454
0.7211258047592635,0.094305640855769,-0.046630611126722454,-0.054694486633365805,0.9424463029347249,-1.203044542590044,0.5560906493087656,-0.2560493094290604,-1.2699610371524264
0.5342343484513566,3.3052105370818246,0.32098082914469983,0.7419329918079028,-0.8494963220391398,-0.3076454085904563,-0.9167040181517283,0.6687472545905926,-0.35072928318731017
1.1044494712455823,-0.00957117807532799,-0.9938992095332707,1.278752624302818,0.7312159050639864,-0.6417668499764739,-0.5231957022728606,-0.4018628602431477,-0.417242171650062
1.4956636737274007,0.30145314373830256,0.8312248227526329,0.9702256264288773,-0.8113665444103781,-1.3440589021623233,0.047791641981889184,-0.1834447886396788,0.45184187539365134
0.1496252595388749,-0.012534648558395823,-0.22239048006102044,0.5159752115157531,-0.6058160188038529,-0.2919471953623566,-0.5001201130129671,-0.07398850994628207,1.885163214149929
-0.6187254852012389,2.0671837375884605,-1.9882286144848766,0.5470354286343025,0.3336713791110933,0.5591337340338264,0.45898874609309287,-0.4090923460093836,0.7956767983476575
-2.388488196795369,0.07329121977475474,0.385740274427867,-0.3699717557400303,-0.10945775134686693,0.06342037014244753,0.12173936356795763,-1.4070922176991654,-1.8601307457396197
2.2216058025447785,-0.7643950203647143,0.3489179724794899,1.1634107806419542,-0.5680139133100937,0.20891566275010134,0.14152610178091007,-2.7169805279932215,1.4495791575426498
0.3315508416795101,0.3820295870174848,0.16852632392300343,0.5671912915915098,-0.18986125952074778,0.563662895145934,1.1194283836283874,-0.26497605307125754,0.07701472909173346
-0.584369486102764,-0.6589042339186822,-1.1203692954141569,-0.023551416540124822,-0.07482757537393275,0.13307891347495462,-0.29463995122297804,-0.6107854547041018,0.9852704032128246
1.235711759462647,0.5805681407731486,0.3037080603912609,-0.6257572007625261,1.7049920186521779,0.6722568227213214,-0.23639962289170402,1.2437152897145938,0.06104501944190992
0.35869462648444483,0.46766896692151333,-0.6121323391361564,-1.8115874879111762,1.2824840386416507,-1.9065227579186281,-0.0566741649548549,0.20073335580391022,-0.1431076781137686
-0.34547817443921897,-0.2817289819961203,0.5518127886328718,0.29637841921676167,-0.7262593076095503,-0.3355287579512288,1.1730666633295226,1.532307183163815,2.846308579305183
0.9271437419927522,-2.374136748836604,0.9892923410162684,-0.07617648032268104,-0.04939331860823328,-0.5533756636436848,2.9467723642888126,2.4379474863275745,-0.03842219757163362
1.2701963823376592,2.792400378376895,-0.3869758601065484,4.227186931426546,-0.4001416051884003,-0.41865233339156976,2.02259791362548,-2.334628464940278,-0.46394194011401446
-0.07898583216492645,-0.4014101991193173,1.2644769304220302,1.3256469699192428,-0.10526211464203988,-0.38644546470965746,0.6507857265107126,0.7328860228800025,-1.339282908255816
-0.06219160587615595,0.2032416692048906,-0.9049724999547124,-1.5108005381811387,-0.49203022184903217,0.04840842682105747,0.30341805063008587,0.19326327377873037,-1.0544739006563568
0.7460826405720979,0.03719616175777358,-0.7080054579570298,-0.13787424481152763,1.9560055104907468,-0.06795172596132695,-2.510331549076263,-0.1516551001424025,-1.730126081599994
-0.5570206821230709,1.1538624838646279,-0.34948713950355714,0.6208493026978075,2.242931337294613,-0.7275772503978397,-0.4375683995438059,-0.8215586612898186,-0.7098509277204063
0.13546270375566763,-0.6508303064351127,-0.6417727593947258,-1.4037891996252787,0.5175140935570891,0.4002078509644169,-0.22666861516011697,0.34517438338372164,-0.8495737365081832
-0.11277404108093422,-0.8422083959528363,-0.1675367386792416,-0.5608745922729849,0.6864969557908481,1.745377650789614,-0.8214944884397732,0.4892890128418262,-0.45317122519160036
0.01574806249416935,0.29499004385137206,2.8798646895401876,1.3832276806911359,-0.592650705905143,-0.1442313184962697,0.8100822193249219,-0.429697247192055,-0.42810636090685633
0.08998767649408287,-1.4122719026470425,-0.6655826279767308,0.5361617322288955,1.5729841449693536,-1.0492651196786125,-0.3745549528792839,0.2056469502941727,0.31689913020008625
-0.6513223187983916,-1.1818322598311355,0.14076708338302135,-0.33744507847568583,-0.3520180681341254,-0.055094182989538186,0.01819180336324466,0.641624405424318,2.285542348627328
0.05366285833981253,-0.7374322368837982,0.2918404298475511,-0.22067010183219374,-0.8998882319320717,0.028345973104053148,-0.8281490566446642,-0.06806045989061064,1.6732979946906794
-0.033589199015407314,0.033191371736096965,-0.32162366370064505,-1.055166649442496,-0.2087929830849555,0.7571588933714154,-0.8888921018650874,1.3063762464561668,0.20060418723185508
-1.137071616565708,1.7451033172877934,0.6839959554247605,0.556533477132426,3.7276003046637234,-2.091866575946626,-0.5053190594316467,-2.416947970228157,0.00031292837019888833
0.43504035950677444,-0.788289940233122,0.598742818972116,-0.05396212758805402,0.3118490333049993,-0.32282774734949155,0.6541939204935597,2.352205343109399,-0.12312488199273885
-0.04454157393222666,2.6110628234901863,-0.37539310019691174,0.10665170163423307,-0.6990173186809312,-0.1817344699414126,0.074619613769545,-0.20078527310869249,1.9412189581543313
0.884947770048908,0.3762231506172675,-0.5519716943462445,-0.7655003568987095,-0.32513495790252095,0.6268358604172662,0.5004027428508073,-0.5971274221978153,-0.9995983887626958
-0.9282393492732001,-0.9165182305544625,0.34357344303614257,1.7976284444897022,-1.4007085739085676,-0.13807337826219787,-0.05809347221023482,-0.19013098064580158,0.3943956899428178
0.21085531450566755,-0.38502095749567933,0.0062992417818921185,-0.3719686636318398,2.3777815256909323,-0.008483102550580532,0.2228364893818082,-1.1461233909426853,-0.04627436000020317
-1.2165297821883947,0.7402873656115448,0.03901200087892555,-0.34186275691744766,0.5016011800388075,0.7208397151123203,1.39715775472366,-1.1611141573118067,0.02158145313019568
0.9906103035069013,0.2457517097070863,0.20451558050351507,-0.569885674857436,0.09982131687891294,0.5309486314653258,0.4705066377985719,-0.7326109934252001,-0.14444436925187223
-0.6360944249234358,1.172650617009336,0.5153430777011151,-0.4073406567060433,0.40253983398377363,-0.44483676389544524,-1.3626232218924152,0.05246448681739016,0.032432029263043165
0.011069987084183863,-0.15613191376058322,1.0029318948512258,1.6227826686148341,0.4163472408508572,-0.4488573703273055,2.16594440163139,-0.03571572935746216,-1.8810870058152294
-0.11688305993554053,0.8534269166202918,-0.4730289760983568,-0.21817194395965842,0.13954339926156964,-0.27996389430196966,0.5793994354957803,0.09595903749082782,-0.543271168376261
0.2401061057669669,-0.9662415479385797,-0.9908365915792126,1.356119864883678,1.7343228508923854,-0.3238358589773687,-1.9073230832648802,1.0415666452185146,1.2400664368529704
0.17775581801239743,-0.3707530838676632,0.057061343593453294,0.28098303807727454,-0.13896608540056096,-0.8626530440198097,1.0981406783874563,0.15637379070371032,-0.3991045122924824
0.27702394875903474,-0.6581096860089628,-0.09485487095810981,0.9459642388728905,-0.26824932519523664,1.4850204754425156,0.21047304252027368,1.17413684570115,0.9763138596790822
-0.23413873099981145,0.4357699757120535,-0.08639943921812024,0.5362691157826625,-1.1167572463118511,-0.1805443986900398,-0.5761360429974197,0.10307656807654175,-0.22919849176191154
-0.8550777929974593,-0.1632079327657354,0.31650847898497336,-1.0214032065663234,1.3967841858020325,-0.06432899143596024,-0.22169317099324673,1.6269883687156557,1.8391525378641063
0.14745538529340912,-0.19826571575231827,-1.0744727082271304,0.5564621491991658,-2.7170116577188734,1.7003348061628032,0.9449328573143879,0.8314432649308402,-0.48015447954936086
0.3371687355181443,-0.24585046932982788,-0.2972787994070976,1.6621094815479882,-0.34299061029503114,0.6010109349000572,0.6691308322155081,0.8304673633112489,-1.3533424127483369
1.2242565068951599,1.963800701750949,-2.295643753176902,-0.794858353305731,0.0889310317730379,2.4001678748908515,0.1686689287644985,-3.399668072670074,-0.7402167689850432
-0.2827185797935987,-0.21948770072436477,0.017972977543073868,-1.2424819926563817,0.8391914600599251,0.4773601391887401,-0.1342552971982234,-0.32846241626347233,-0.45135570196564945
-0.13916962280994788,0.6707203139413443,-0.7523249661414915,0.3013100605251843,-1.6414552614888935,-0.5315098799562004,0.5927271848546296,1.6667469047804833,-1.1421562474779925
0.34663112914126903,-0.09023351243377906,-0.6769978318393497,-0.013375412214745953,-0.9934593060799825,-0.33392070250080114,-1.3634059964998027,-0.25807900552919877,0.02619419694358282
1.215927601739766,-0.40763705367357833,-0.4590292282215695,0.014575860147714309,-0.19932836121654554,-0.3503549226707772,1.2948431752450618,-0.7003909170374171,-3.1467150104284545
-0.541698662881222,-0.22979922981028206,-1.6004507258407414,1.527487608928888,0.48611324126978395,-0.4303023009844792,0.041932489675634954,-0.36855520113128626,0.5720506010236751
-2.0896896476709186,-1.1754939695453628,-0.3954608727058359,-0.27513973986364165,-0.18894494966463443,-1.330458666498383,0.06517171083135992,0.92800073829904,1.0668752027634378
-0.26004968067500783,-0.4040433224711356,-0.3137062831719637,-1.9946853019639208,-0.1275922254832521,-1.1384016679381521,-0.38519951688673243,-0.8434422754209019,0.2639524835260696
-0.13434122738458745,0.6145847065710464,0.2887653457846961,-0.11945030612473595,0.8623696717531486,-0.5307986951130321,-0.04639679333978001,0.24706755379423864,-0.6386169443232552
-2.159439510663423,0.41172127019860255,-0.09209716832986094,-0.8079895236400778,-0.9609245756545559,0.16673207701198067,-1.2106225693310608,-0.7608238975747051,0.30010421614041805
-0.3002431807018475,-0.1392973385437014,0.8556121625374573,-0.4105516281905045,-0.545171411581367,-0.9246198118802783,0.47843734078923456,-1.7070001542309656,-0.25869542307950205
0.37265250431108293,0.06389335752569728,-0.33138777422095833,0.17044874173596575,-0.32705021431666437,0.6564793225356088,-1.5412361876355145,0.35876565155225243,-1.574578565595006
-0.6910813223717781,0.7760657636591128,-0.5759429143834928,-1.6710702590098154,0.5220867349890587,-0.9381521390375204,-0.048769513976356954,0.4285355656630786,-0.08173747713164686
-0.2590064587661112,2.656116537046417,0.3772508387707727,-1.1545028871846361,0.15672801488550994,0.11446645662674897,0.42311722088976983,1.6312511649336991,-0.01329959427905554
0.600255049626971,1.26945990097637,-1.51657199056177,1.1797993485728127,0.04724093456840765,0.566810516790385,-0.19832465553117234,-0.8516135511552725,0.6341021372384072
-0.25064089568547515,-0.23006995445664793,0.4854570549973225,-0.3464970055862237,0.5635047807521805,1.1493745309781656,0.2568167896518264,-0.30103889942025636,0.012357700466392374
1.5390073611620292,0.08814505162073816,-0.3447759836344661,0.4947927974112865,-0.5437882191345443,-0.39348082343617763,2.6321847084921064,-0.06187876768544469,0.6257865442484926
0.9801909727736786,-1.0368609685510048,-1.5320111209198297,-0.6185808062558571,-1.212041151879918,1.0376226438750145,2.663892379937926,-0.22890692358869968,0.5473028320869828
1.0577991774593265,1.188334828730201,0.11499545609995505,-0.3045913383834339,-0.3552900720707406,-1.3157183901882188,0.9794862206506303,1.799896128757094,-0.3480212680645899
0.20241949773145626,-0.23370184869011643,0.22397676700567173,0.19407900720730528,0.048804801656952626,0.037820249681664184,-0.23722639367097723,-0.07181646441203952,0.21339319198008527
0.7955046896941151,2.2491770627302388,-0.0867632779838593,-0.3957156151315108,0.3003062344492685,-0.06703471202186405,1.133869320288097,0.07247989977696388,0.17406382877164986
-0.9355945363709708,0.11767537141831076,1.4700986594179202,0.056344575046031235,-0.3201478750662337,-0.3522474130405555,0.5840389741649236,0.5020769994788326,0.13909936428770153
0.04374353527771513,0.13580197729524773,-0.10512754501766827,0.04017667896373919,-4.718238262510586,-0.21519509656580652,0.05646222240966339,-0.6457695814833477,0.6396738922778077
0.7044823741445483,0.14633217721706843,0.13943472115219813,-1.1121987143274485,-0.4874983862285238,-0.13528350965224506,-1.3516349806874448,-0.2963285328937411,0.8712647584902364
-1.3288489567444928,0.05726483061726829,0.5769535384319545,0.6543207185429405,-0.4790152743019434,-0.05979687942803978,0.7828242462820388,-0.02104490355625553,1.3363461169871007
0.03882593926561744,-0.7956156821505975,-0.010925501046831931,-0.3581243366847183,0.3512965677147319,0.821675132258713,-1.5275990802842105,0.7581784422741206,0.15516773437754638
1.0160801308974992,0.25233926118464445,-1.0068337240221112,0.08834727239203577,-0.5854632975130386,0.1354683091546846,-0.01813394005896796,-0.11187709257324234,0.07590784807962543
0.5991745160222195,1.6751766907914938,-0.08636090683397264,0.47991101860132784,0.4665928015654789,-0.09715204649665271,-0.9093561367122867,1.2132407640908502,-0.2917146162514518
0.8505669985609846,0.06607238911213846,1.2630357394065475,0.13549755990846063,1.1042543809871581,-0.68561904893607,-0.2837420454481497,-0.213868456908895,-0.02262875132765614
1.970645986311658,-0.2479617127744634,-1.3863583484745923,0.3240521100270328,0.42229726572557247,0.2267390706845417,0.47999550924229567,-1.7778553782710462,1.6356253321293852
-0.008956444629963431,1.3478003457690333,-1.5762806234272342,0.15725184816005475,0.4177359336073192,-0.14697961213471492,-0.5541132004331738,-0.4738885229251421,-1.777554204099974
-0.36941275306394433,-0.5043685616711951,-1.0903688980152972,1.1311166007569267,-0.32444293757566994,-0.3717348631760117,-0.8927085199283175,0.06196757631111766,-0.04181642886613326
-0.3112531216746739,-0.6904750582010223,-1.805680999513105,0.21413792409808027,-0.622149413516771,0.48655628294901804,-1.2703587223910207,0.8123118931217338,-0.07468346312550078
-2.4603056668015153,-1.747144483390197,1.9619129509394369,-1.2939996325418317,-1.818691969797038,-0.8201513384534225,-0.08585464400958351,-0.2101366844211874,-1.019079116365371
1.199063414719686,-0.25936670361005987,-0.8911279530489997,0.47655466216105663,1.78124915585937,-0.00160951987976089,-0.07645735661361958,0.050693697779646475,-0.8196420612231122
-0.032202993002354456,1.3050029717567724,0.06137275611788039,-0.060656702333323646,0.29361470770144266,-0.17269610882963546,0.6970548781367835,-1.6014949739738056,0.337199351736962
-0.37599639548175867,0.9651322835042416,-1.1883781256384387,-0.8994644075344316,-1.3662962584063973,0.707919482115496,-0.3171232459565296,0.6262421489045799,0.16377247957024688
-0.7184058814442293,-0.04179520429049536,-0.8128764564905655,3.3687656516098707,-0.08859202118515216,0.8003221231155617,0.021444494827961565,0.6785378476447623,0.373726064981269
-0.37875242357732236,-0.9798628094874261,0.8197726350142964,-1.4533022429618934,0.07771065140546451,-1.1218201770581975,0.905140748945501,-0.10721968731088602,-0.5182559198725093
-1.287870757613078,-1.8464071989335207,-0.4118458690924571,-0.13172212935078303,-0.12008031342448106,0.649730023976673,-0.2552151472114522,-0.06352355625279325,-0.0683830729774645
-0.056834556964329805,-0.3919947214369239,-1.150228905008042,0.41009093912515815,0.5857596339858032,-2.157045908213464,-0.5548700724697309,-0.24170015602261471,2.263647575977703
1.0122883754551943,-0.04773010431020123,0.8538614095835838,0.7404440978735973,0.4889727086902803,0.716169188266593,0.503629527352741,0.06068100349274916,0.2161374469712099
-1.3142173612830974,0.6176020402516621,-0.16592315191698478,-0.6704415822965096,-1.4191984008324199,0.8884291577508872,0.3384757680157455,2.3228337685774068,0.11574922132437815
-0.18059251426746264,0.41457815635390993,1.6219717113697643,4.613469040647386,-1.7361665789507574,0.5772142420152199,0.27762504486380274,0.02253636980238879,-0.03192430571494457
0.605563499821267,-0.5002852750613471,0.21022099551958956,0.742956191328654,-0.0435659438468105,0.16294723746072565,-1.6691303127509298,0.6609517581445626,-0.6331224165077879
1.0780496520051142,0.5059905649953719,0.23155157163867465,-0.04054722488692239,0.21249795359314824,-2.2998581137855374,0.47646293886962676,-0.5312988627781995,-0.5705506073010213
-0.4803596316851041,-0.014775667226414938,-0.40388539243937044,-0.32245313588046515,0.43301768901203574,0.1594847858529305,-0.2655044037184466,-0.10244612284368766,-0.26714648406978275
-0.6617860394686349,0.1118250849371941,-0.22539311073590182,-1.0044779344698431,0.6303673616823846,0.09005708023342347,0.34606010338217386,1.0279802383456802,-0.03402772270395849
-0.28739989255845194,0.7778419618131314,-2.846898188863973,0.6917113986342635,-0.3067874698428286,-0.7538354692707605,0.35724913360098354,1.1442619063485542,-0.01718900054938456
-0.31605299122558417,0.40377028708844215,0.10650352627473167,0.1739560663538506,0.2512850776165309,0.22400147631124948,-0.37866310335177644,0.18696645795191047,-0.37503230726418985
2.7407211419941744,-0.8252214882611331,-2.0381425084559477,0.3769978160874644,1.0074445059772204,-0.2219372682448661,0.017678013900668796,-0.8739059545082638,0.23371648616461935
0.4623335088837081,-0.14965345884642228,0.9648556565038502,0.07948133535494989,0.006058499798045402,0.19760707376291356,-0.8784756897109665,-0.8269712251643188,-0.4674218797955281
0.49581292009806943,-0.9276659479926377,0.6467354859846447,0.14958278133173625,1.4779756166691262,-0.3748694765758721,-1.957894695497165,0.04386238057643241,3.1783237508867845
0.03609998348321002,-2.0741701130854144,-0.28804046062635935,0.11471143905139154,-0.05148187641359004,-0.004043477845525631,-0.23410660824955837,-0.17098488108707616,-0.2898546716828897
-0.14549514709970388,0.9521746937895121,0.21355762593800753,1.5893291352435925,-0.48321861893900436,-0.8111597113792235,-0.21872912604196215,0.7195211390471281,0.04183172335379783
0.019135675378759733,0.7655349026091205,-0.04811501570585824,0.32242925164807046,-0.5570349541904941,-1.39997234137706,-2.3321650901999145,-0.5643518313693766,-0.38332450457588585
0.09751213919483565,-0.2934031555009131,-0.2439123989825042,0.12701084536651439,-0.2672293613587754,0.7995496058207238,0.5718299835656147,0.199352795191613,-0.3834512970528955
0.10152057506819874,0.836238222764777,0.5177973510239955,1.2470353631992306,-0.900345608424972,1.5946989895743517,-1.29068006051424,1.3577296137498036,-0.020926474483044067
-2.5458345792040147,0.03718332211899324,-1.7015009851414622,-0.05649184762852859,0.8188448527651138,-0.15370387499030147,1.2682618034851492,-1.595262081995724,0.26049469438624123
-0.6865373655233958,0.7157445439872157,-0.8696243701575563,-0.8181759482852394,0.07333382907922562,-0.6529850039509183,-0.007991990763661918,-0.6128081820219464,-0.8435332944504217
-0.3067732551690783,-0.15063116947500316,0.24650761715573882,-0.05442058460756821,-0.025241568859114348,-0.04300017635366725,-0.21603557468714463,-0.8184685554157608,-2.8065939634321397
-0.2801126249403252,0.6970188557916956,-1.7332274621950694,0.3170383695189198,-0.6677607342551037,-0.7292199101211374,0.393422373937027,-0.6529005621262893,-0.018546199217656996
0.34682213438435555,-0.5818405178063388,-0.048432439373651194,1.5780348960327404,0.18962438363177433,-1.212535354111166,-1.0095115399554202,-0.07076688080725947,-0.03096410231808129
-0.49852217412965205,1.551137757190245,-0.5926078052341789,0.04197797934427509,0.20203272449665424,0.0759131873783409,0.38113030201820214,-0.09837915870659981,0.03844485480626744
-0.9124403668861443,0.1268727008241068,0.568395587448978,2.3899906439703122,0.01862429557708615,2.093762538363961,0.3398665550985727,-0.9124211350248547,0.7537131202023033
0.2640210012510358,-0.4124494360016502,0.01346193198333701,-0.052445261848542944,-0.19668593120891684,0.105397738924298,0.35664435746693995,-0.24321047145651245,0.3882706386305593
0.6136938318773504,-1.4687153861245368,0.13907226429639652,0.6865311652554866,-2.221532042192246,-0.18287513681619144,0.03574969220041685,0.33249311994203556,0.15019232494248666
-0.891677290800395,-0.3978626683534225,-0.08074685253253289,0.12356386820092509,-0.34394267308652227,-0.6570024069755477,-0.08128942092686,-0.24303174743583694,0.20212346470640394
0.31696764251355736,2.2967848135279945,0.06433462717167601,0.7629749576092477,0.13815008456063532,1.7034950117983292,2.4313618980444938,-2.087685311708624,0.4349264624248832
-0.8224361062998822,-0.4074298084629057,-1.4749827267321842,-0.24998894920146225,0.16231496114184762,0.24977891884225814,-0.4396915122989069,-0.4233592311375369,0.764039984062444
-0.32248508872484916,-0.23730366697832775,0.43660362550952664,0.5857143148836901,0.620470517315474,-0.7121227856147654,0.3931182671204425,-0.19309932714306755,0.05791713522610255
0.11649149887574482,-2.563996741683243,-0.310554486230772,-0.8888276300654009,0.7547296894987178,-0.8516731207450606,-0.07721029011608063,-0.060864824171144735,1.9343885780382606
1.2575453346169634,0.0792210468216788,0.296782435338144,-0.92934729263799,-0.6854509426212512,0.4894067057332952,-0.1694010999795201,0.49723069340578335,-0.8150097727355917
0.28227811627239324,0.23671465134914113,-0.7126189271491893,1.0799367680057705,-0.1467908863275229,0.8350433904803691,-0.006355269099480788,0.06560599135403182,-0.6391873819461186
-0.11278432436882542,-0.036059827518009346,0.7037286093373504,-0.4586444264985357,-0.21509364570911363,-0.45344823822746444,-1.2622257356523574,1.7387556066398633,-0.8010870819282195
0.9705368276823592,-0.5871250002281968,-0.5695946134799796,1.1466327855673795,-0.16424519230516416,-0.3933517057000198,-0.13440026330525487,0.7508597528272973,0.7158429413492383
-0.936501802841513,1.072389740180935,-1.155263054765722,-0.43465242913252244,1.6397244434071134,0.7946447481494026,0.10277136947610192,1.133040674276928,0.9942229065983449
1.108974638696532,0.4136852840248291,0.8832666650442129,1.7076239734543728,-1.0172320654738007,0.7881749995085332,0.04755464963207042,-1.0254751013569998,-0.17625142704711572
0.13659860452883535,0.14948711740773804,-0.41542837472669675,2.1245508377767344,0.3544744451821595,0.14070725955654562,0.5207600847558563,1.176429295596873,-1.0536933177433623
0.8163245200034136,-1.5628423502079107,-0.24102776207707063,0.5611190993438978,-1.1720986371331368,1.2177578773717812,-0.37356843500682646,-0.6882267254111747,0.5467445492035444
-0.2668180549393352,0.3829904527647276,1.0379532623851027,-0.09665713450101024,-0.5374366026200972,-0.22978394342234867,-0.5331397410763754,0.16322170052790333,1.8953486742611019
0.37368168498397536,1.0980164363709333,-1.797945004364637,-0.17925281575679564,-0.814837416118712,0.5374222376563795,-0.006505380550342479,0.5964701071879747,0.031300218886668146
-0.5367389005793365,0.7117571848239252,1.1920259803726234,-1.5628322578593719,0.531997561079214,-0.01130657700295037,-0.019712681368780443,-1.2673895032144291,-1.0596919129312004
-0.5891149050405026,-2.245124889009363,-0.9013482810819082,-0.02880141867960906,2.6113720277541868,0.4715944049162436,0.2827363536684416,-0.2545563367436279,-0.45704549354182483
0.20627995121413728,0.8117030277758961,0.10578154534006882,-0.2858146532297398,0.6555665204262502,0.020230646122880547,-0.11654447084476724,-0.11298938806180298,-0.5206274095214904
-0.24617232416263551,0.07567777823997476,1.0305339285234318,-0.5879934348134158,-0.12399214510129149,-0.1810237071989124,0.10618876478680281,0.13394914648547557,-0.2551043905165288
0.757581631425753,-0.3725995755538047,0.3198941202525503,0.7143781878871386,-1.7447122904719237,-0.05979290604800388,0.6926099780145528,-0.4254489351049184,-1.6141720361476433
0.2433054254615987,-1.1811777205658829,-0.9112608646312802,0.7059618473535049,0.2914350040399354,0.013054600118942184,-2.1343459461119463,-0.5574102551498533,0.2338533007237672
1.3485258514251923,-0.27298949105750736,-0.26114452546584177,-0.19327091556838524,-0.04447814331440417,0.011364743299053782,-0.25302151529455674,0.010975461062020915,-3.0178176476254532
0.09359965052827594,1.3850585740956547,0.36343745032985014,-1.9877491260672528,-1.468368349108472,-0.4516899978475327,-0.5291108521380756,-0.37660961278719723,0.5670872368170047
-0.47850249111966064,-1.5514790561710858,-0.027562430249319855,2.6804862252677752,0.34231822629291414,0.23006478767190033,-0.3471347933010032,-0.27536640065566537,0.4709078323027509
-0.5100214803629128,0.5175824638640714,0.31006509702105106,-1.5158956731115092,0.28501584131204344,-0.46110833720003896,0.5058026736211272,-0.16154980024054724,0.016375165091705488
-0.8152046509822058,-1.0735386752511382,-0.9646722126129068,0.7636820726316729,-1.9587140523961883,0.24079915480292707,-0.4686780428477381,0.38689959288833753,1.6852095290563653
0.43169492940193765,0.1681350198061742,0.2832888254090636,0.24549734329161477,0.6020823529898354,0.7436735733327133,1.9619867288991324,-0.8384707120019127,0.5530614351202019
1.475682919962144,-0.9884231806866404,0.41248545459401004,0.26029003319637023,1.8145561499037068,-0.4738640807362907,0.1587362220692355,0.5096110205053486,0.3632542831446525
-1.7300170933959258,0.5951125261954112,-0.2798647986928627,-4.351113133195993,2.1673925847351088,-0.04178177252945547,-0.41176907736599766,0.14337163761075938,0.7086707538659968
-0.28537721589997833,0.6422926929947288,-0.3437851002058115,0.7298632901019335,0.4542057402396441,-0.792964572270692,0.03835845955145733,-0.109068338039465,1.9786889707891244
-0.9962973664989956,0.055781129044328984,0.12649229492050407,1.1610821342113018,-1.6924724241798912,0.7665662052456478,0.409534090083308,-0.28004065003242695,-1.0920345246225156
1.6041105932459632,0.9316935623947811,2.216416220232758,-0.5359394916397643,-2.685174169704107,0.17614557221126678,-0.9773663364055711,0.45506148391611695,0.07222251846556665
0.3511939881535411,-2.190594542101738,-0.193248838288976,1.015369493190503,0.9310822285394742,0.5557918932793319,-0.08299232947689589,-0.3346225508750133,0.02484537685732235
-0.43768214412032463,-0.5652875617697559,0.01687215518433684,0.2006374725095934,0.7045194522283224,0.03601789486514588,0.51865556764021,2.1794825404620704,0.7114274147536975
2.340281826930942,0.9862799185440425,0.4012975697579474,0.37720777963004226,0.26675055713913304,0.06436868842094641,-2.282591138390964,1.6824933258493449,0.21720924826763102
-0.7961869550594128,-0.39088155950995124,-1.1058714800798495,1.0055121590718028,1.8968900564884794,-1.2546607474673477,0.1698390866552698,2.638940732986262,0.3972330398916852
-1.6185293422783018,1.3021701332374027,0.6417913227055967,0.563529578310284,0.46838511813352735,-0.04020700570114884,-0.0524243355055353,1.2819732078057053,0.9312642186880455
-4.071368964421518,-1.23912830624265,-2.2044639739522705,2.5181622405860047,0.9211178815208312,0.24363103863129662,-0.06679364286438418,0.0813648615101655,-0.11216544579818859
-0.03249115331178918,-0.009963514647794196,0.46404245101359,-0.1310250628679134,0.31963596829746815,0.6858888839483052,-0.48515028178526476,-1.743522492285374,-0.5988095527498387
0.08956362173426233,0.023419693097511424,0.09609423341474137,1.2494337198166763,0.06039798057382687,-0.2487519285480284,-1.2514885474736308,3.180452521752815,0.45801480049340093
-4.6901227503221525,-0.6499181364146345,1.098477530534103,0.4434202746474526,-0.571694608127131,-0.7007220303310913,0.681037198524666,1.8700654569202848,-1.3527853985726
0.4189172952342649,-0.6488212062163751,0.4290850124493215,-0.27899115287549936,0.1837712380136873,-0.3951284797580812,-0.4125705734759728,-0.28784792620094757,-0.506729629291156
0.05815949484462392,0.461578436010672,-0.060601788577400825,0.5617690265739449,0.8626760014451298,-0.0943945051561126,0.47765029307614576,0.06371192449997533,-1.125805076598629
-0.5016739563289124,1.4513371103451236,-0.17257913350565865,-0.730961027128819,-0.3283101275087381,0.31714906453828606,1.1345639382786523,0.17152732859129657,0.08274834755396988
0.31237683292628915,2.747779309866393,-0.6618342815911549,-0.09441562165549817,-0.049794098533543205,-0.048369808891528934,0.26253994496031224,1.858198343156828,-1.5019856083322658
-0.2855996320640237,-3.209988260311982,0.4016043505783621,-0.8947036894037768,-0.2237955102933779,-0.08177323479647351,0.6562525861742804,0.4389511271715736,-1.620540604260575
0.7513441468241338,-0.005366652560804829,0.2799442571755903,1.1634719492591772,0.9220321922533284,-0.24942774055018357,2.1004348579872336,0.09636807923802981,0.0032295331077005136
-0.6347594107163655,-2.0742357028846077,-0.15725757307670155,-1.5951983856830643,-0.46072401458353723,-0.08404532055550716,0.8138866182661613,-0.387418202221637,-0.1392022069159792
1.2169917495258606,0.9385814913910244,2.0637110499605327,0.582109068484018,1.8514292340891623,-0.5874661407682779,-0.2026321648337785,-0.055076610855547346,-0.5788819097027735
0.09106766146905083,-0.15385088957637166,0.0034160345492329535,0.5137898562041272,0.5954118557949282,0.23944817195384466,-0.5966023361824643,0.1272724514193766,-0.502821309085748
0.1347793615345499,-0.00493333140282878,-0.6325723729959938,0.6136146632601964,-0.9491522674558402,0.21429144711893486,0.5579394290686838,-0.07053192287130818,-0.048382004242661224
-0.12121448621744467,-1.4370593791473125,1.7195100893199895,-2.088115961303934,-0.39398333402706825,-0.08770086323169615,-0.14370031858712426,-0.4636226715067757,1.8576344387633033
0.356635198135212,1.6438573216369472,1.0738310407745013,-0.030897318365680965,0.005221107353028188,-0.18345309362499726,-0.7402530466640188,-0.2264975815709334,-0.2437315115736158
-1.9401142874573978,0.5626024243065104,-1.3893745626967218,3.938062281002352,-2.712267837522484,-0.8070355165698716,-2.125160217084023,0.762576437386271,0.8842621393253014
-0.34753154590278,-0.36170745557376677,-0.24721884774463646,-0.08237609079197246,-0.2738414606114525,-0.18782947563021438,0.7560834847832574,-0.16209643800736415,1.2259000756596534
-0.9682194191657819,-1.159712593577135,0.6743431527048965,-0.6118406723717914,-0.27731968794717204,-0.3559051288734953,-0.38398488334169834,0.5496934649703287,1.3504122815596824
0.10525692596675691,0.0642811828074628,-0.560975742570924,0.4085843111016601,-1.9041008748650665,-0.1061801390618498,0.25549765392877427,0.6451609687104461,-1.8447825847374637
0.1916256715016563,0.11438133845180544,0.3887012857428473,0.3955218848516916,-0.08730229210845494,-0.6858572976502013,-0.18869719186994857,-0.18948697686980806,-0.17256155683805052
-1.5087936055008235,-0.4387943801875972,-0.4621384570354454,-1.4422879951531122,-0.10711465853949999,0.26769028369369435,0.2033751421722033,-0.03086791583450742,0.7248410342586599
-0.7331322560533241,0.25863324516589575,-0.6469160005977765,-0.3213532703493137,-0.9768722367175103,-0.3746952949341162,0.05571639981095715,1.1775632464962484,1.3785324669768633
3.5946850963395622,-0.3185249490153282,0.25273814268001654,-0.28078993955900877,0.41872585996332873,0.6977558182828922,1.89410949531102,0.09863613948347319,-0.027595584607535816
-0.3961347240232936,-0.20036411248919272,-0.3770974664651661,-0.11104150422395195,-1.6872051579446157,0.2840405187446327,-1.1832456318718145,0.5345327259043512,-0.0527841900709563
0.9737162377842215,2.1120808189816573,0.0353907790696468,-0.11920270441759712,0.2278881848657758,-0.011136134747887282,1.2680916284960675,0.1083911943098154,-0.8860964452431813
-1.3125710051240973,-0.32705493784566586,1.463568824260204,1.720450974232639,1.5629899936865126,-0.4511131646246332,-1.885737337766826,-1.0372749933185286,2.0110618455725824
-0.42974774274709465,-2.782097529524396,-0.8610730404385698,0.28250904244356156,-0.1283571571455167,-0.1525721643355901,-0.28868263953963047,-0.9060905919837904,-0.16583419632711413
-1.2324651066595667,-0.15212614827663312,-0.34145804709150457,1.9363403380498085,0.2934409621605526,-0.23107676599957805,-0.5757852340038692,2.7978304568715826,0.6533743951288242
0.40794857571969156,-0.1689010396784503,0.16753473235924707,0.28794627282063123,1.1561827512940333,0.7773869539431058,0.6930193803110509,-0.3998194640267071,-0.8452853802458018
3.445717192491411,0.5523089700921198,-2.2710668826871934,-0.135998872366386,-0.49394301367247473,0.9959696236590206,-0.5233531996250195,-0.8734522793534993,-0.5661624730635415
0.6108765263067395,-0.16179660412763638,-0.7493599130814156,0.8408778732954106,0.04048294373030399,0.6734173036111857,0.5409827999280123,1.3089013125763613,0.48522683834957
-0.08116102600975626,-0.37204979039547054,-0.6612355751292761,-0.33713871781015214,-0.18619471804026577,0.6912463549741027,-0.17610581315305138,0.07902453807022962,0.06098876177403309
-0.3097980081023908,0.11734262814567845,0.2614210360010229,0.10250446131366567,1.378386357425754,-1.0329287540687095,1.2828818570838691,0.14582392110346212,-1.1536208745343455
-0.05951352929425699,0.44500371293286034,-0.39295237324512,0.11053214275867414,0.6247881126458495,-0.45511961583189076,0.8901087865638501,1.308352904256624,0.06896454907184384
0.41226715518419044,0.35499045946234586,-0.793390005447653,-1.9613174825887523,0.9163555531236922,0.3603360289726414,-0.8829416576435448,1.0291826319230306,0.0363126886062338
-0.7987597279502844,0.22860506135350067,1.2087201451829126,-0.7662298038946959,-1.1126304674351004,-0.41410310444871645,-0.6613038573343717,2.56137074842014,-0.03367403121911466
-0.2855377754650653,-0.39462176883151995,1.0343108607566824,0.798660024607144,-0.0749791418989772,0.47033865414541975,0.8531929966652673,0.10911166015358707,-0.5080508979137311
0.27353405488407717,-0.41632497553598957,-1.4571426787298805,-0.6839621908196126,-0.2768328531865903,-0.030299867513908074,0.22319142517732551,0.16727660819045537,-0.14432210734113735
0.13950155190310967,-0.32125534842238135,-0.5441636875554965,0.38167790716882155,-0.9293209135255867,0.7121299954423681,-0.4722015959608282,0.4355438010203342,0.24254984385912584
-0.4090490201393012,0.5097635901343022,-0.2891773814525185,-0.9344547642053654,-0.003407174169770303,0.16936078797928655,0.15579820507402492,-0.5391395492295763,0.7307549673306172
0.02567657120295745,0.8420279598298023,-0.8520449132046175,2.0403414641886934,0.012447726665208018,1.3497682090386782,-0.44167454836701675,-0.47756845191449077,1.35571091639468
0.6210745526190237,0.006165094665200698,0.11503203410048476,-0.2981480490736076,-0.30490340927577547,1.1120630219310177,0.16075270325627958,0.8072079008184041,1.778583198433671
2.3217006101529383,1.2290184190294708,-0.4793539543556137,0.682563837947513,0.27083204588771204,1.6869568800004155,2.548536524419547,0.12465483116832969,-0.1522558054327681
-0.9457975573992793,0.623982333299685,0.3193147677951474,-2.4249213141178694,-1.5839882288657785,2.267918064717954,-1.522044881606241,-0.3031014364774259,1.8976174446212237
0.2589135883997253,-0.6367675155908745,0.4423583467236468,0.6597847973808842,-0.3427364197403508,-1.020343522262402,-0.054269791007400606,-0.15629818620611363,-0.20509231371303754
-0.9427991035575521,-0.684743242910015,0.7641900325212811,1.6451913176535329,0.2676135604559557,-0.035798808398650385,0.5051610940776672,0.032003317691531974,-0.05537834416604729
-0.10520848544765218,-0.6084118010932033,-0.4007606628616195,0.14225337585437023,-0.12097326024631416,0.9118530336714306,-0.45588621145222574,1.1633418852422963,0.7356212227318182
-0.7458947932117732,0.8544546412237548,-0.8387611787441264,-1.0620820814628265,1.4661816168290063,0.2941221575303293,-0.5705844545982602,-1.7042501100192617,0.3356131055863591
0.26862492568258417,-0.28922969578694424,0.4946723701947954,-0.028830385591747713,-0.3622987165486804,0.3874445225864095,-0.35276648402828986,0.21916273453843288,-0.24164274936771682
-0.0719244723576083,-0.2529245404599805,-1.3349654075990278,1.1122474792553243,-0.7163401956925418,-1.4884860799971484,0.44217749001094186,0.12843599575514483,1.1248452367862893
-1.1162338960383866,0.029572216149636815,1.408030943961878,-0.19471112155279796,-1.3601082851871649,-0.6535046698511306,0.12505504850506416,0.3258061511591072,0.45480036636968
0.4337849737745141,0.5572719113149187,-3.135696097872667,0.30673749258462985,-0.295791736434826,0.2829087672772436,-0.18384759707128773,1.3680891319394375,0.4335621001529911
-0.18885443636249896,-0.18363778355234886,0.6664960567367162,-0.7719640367734464,0.34609085324356287,-1.0841394303297944,0.3216046388474759,-0.5105644337913307,-0.08473435112107755
0.29765108741822943,0.3436255594980367,-1.1728660329105454,0.1776714725761962,0.10812566382319459,0.7098514868132102,-1.0509882691713701,-0.27498659387753094,-1.324092673151649
0.25760094500721975,-0.17057805445437627,-0.14667809012187494,0.05167823514881234,-0.6413554528595906,-2.5309954749585994,-0.2553071146744078,-0.2730566947352489,0.2060139952291265
-2.1233683117415407,-2.4318914933335956,-0.1534966025496963,0.5749298252397937,-0.26543634478730815,-0.909165508568508,0.4420558062161055,-1.2369401553530115,-0.5512908972789171
0.5672511209898061,0.6056789901574343,0.17325781692927147,1.3070286091875933,-0.3114724558414409,2.4121585227432587,-0.45153627792016177,0.010895288560461418,1.0790201004921622
-0.5635579568674485,0.9611810724093285,-0.641821522931902,1.5054639257884908,-0.033921206686558764,0.7712307570559039,1.955144302723482,1.1424713650444538,0.7110160474979984
0.3938666503121235,1.041099342796169,0.8498013714158841,0.43594183543626674,-0.22080674450850474,1.4287366517126991,-1.6970643377931955,-0.4524948966024924,-0.28581896404082985
-1.208191617073868,-0.16881736661622893,-1.2149271248358129,-0.33312136197382963,0.05248957144317086,1.6672293674394447,-0.009652196373122897,0.14983929609986454,-1.9406349692356162
-0.12444073132988055,0.07211344747432902,0.6143394646937439,0.27931893510798134,0.10622458453849072,-0.5305113469343888,-0.05787652270308522,0.59798218396939,0.5482323622419195
0.22240452657675552,0.35537648095884933,0.46836202703935076,-0.7327326706512703,0.15708147269382458,-0.055514005200718836,-0.18602376667314124,0.2926712626091237,-0.2821261542582942
0.23858847129521335,-0.11807673944390155,-0.19100283143502872,0.5075164106185281,-0.026218647755511824,0.28328186743689343,-0.03286411711809993,-0.7742298476855072,0.3003443696228118
0.014524857722551524,-0.5541613291091654,-0.532485843924942,-1.4674471402373077,-0.8849263234467022,1.5986967033655535,1.0092858987176416,0.2214741034432804,0.2369025667877571
-0.5055623957874955,0.0877066634645664,0.18692040944110633,0.7928094207555411,0.7220406325838188,0.2994521127581726,-1.229838319764375,0.3503842166186307,-3.141391637633947
-0.13086745671076627,1.9781411724974336,0.9026550205877263,-0.004466224362696473,1.1821205099067396,-0.1336329896956852,-0.6395788863002677,-0.4793484270377744,0.04814682701824221
-0.11352290345720129,0.2542827050771409,-0.6913747906099782,0.009092247403058642,-1.3997933672484535,-0.0004931571906296995,0.3966260393469302,0.09725711066825315,0.7697531425293554
1.3882438074606958,-0.06324358027067602,0.7333537253963658,-0.6040603617877743,-0.3427173707409267,1.2473961059637229,0.24317908849311637,-0.7145204695378768,-0.5217443018347857
-0.16798620085207322,0.8838847102786415,0.020975106205177303,0.05488540136930501,0.23721424746090666,0.7765854271113645,1.4498930451155603,-1.2782555440673329,0.8628711137116175
1.3611631355179752,1.599332418139128,0.11695563887854994,-1.9882326546067963,0.1142507778004494,2.1268052000888935,0.16608917225561462,0.6735065654677175,-1.188130546623725
-0.29537067440923864,1.3850222104638308,0.6924646058933567,1.8648486209793358,-1.9557615464978704,1.3419514013972405,-0.5517220249187357,-0.473818046347061,0.05557045190268761
0.07860216327886221,1.9709129638226637,0.26050666375016684,0.03964570727930635,-1.0150800486933245,0.7017154334391105,-0.05471095530217019,0.40710608715492097,-0.2995460685907206
0.3075736393749114,-1.7287282436224407,-1.7367409621904202,-0.17380830652052376,0.36724749444066956,-0.5132318506793037,-0.37610188860959554,-2.2643518055895124,0.9825752214759941
0.4767255384618463,0.26684117212169817,-0.18264558016254046,-0.09156946664190757,-1.5464239231554895,-1.4794454532130197,0.6575188191963303,-0.8014369926211037,-1.7771724611232138
0.10239829432390732,0.09281344913177066,-0.6158058931518071,-0.03786742355675098,-1.444074013070284,0.35015222010350217,-1.418013995540544,0.8464888528704416,-0.539528336936063
-0.14181473827980495,0.36792065778847854,0.162028427528879,1.1263518640471826,-0.5697531677744148,0.7701069713650236,-2.4772787403775736,-0.09244503637509159,-0.10913100296636141
-0.8376967805362191,1.03394421690132,0.5326142443891675,-0.20211279467135296,-1.1748403527392963,0.10729471322401275,-0.44804954551631293,0.4716481389661848,-0.9153219457553204
0.5901688541249611,-0.1851023303263653,0.12716780639168024,0.5586952712150055,-2.4388607044943016,1.8455654764082345,-0.07082863063664091,0.1069637858929991,0.3012319296258927
-0.09743636432207031,0.599138600279724,-1.123884400744034,0.1299764372771952,0.2873628461123848,0.30374257119765735,1.0408122549900085,-0.22199682882176627,0.011036564961093372
-1.8110641385193762,-1.3914673563118134,-0.24139797790009815,-0.22088538995634405,-0.030086570656608604,-0.9061276014917834,0.11834813849842257,-0.9241004331119825,-0.833099245393562
-0.44364212097442696,0.7709920592733783,-0.06058127826296447,0.12158084118552488,0.5897068038745561,0.17690430435328225,-1.498525586093521,-0.10437455273818226,-2.2258079589095776
0.45693034679560657,-0.31135295416105774,-1.704755850494258,-0.547029399668665,-0.05262197826098856,0.526458823780765,0.0595138532071638,-1.0488948579315902,-2.8619695922542445
-0.2922961524223297,-0.08879374790285378,0.5539141994472654,1.4300576778385627,0.010156005703802989,-0.16699251609915744,-0.17653674976616263,-0.08858651137695515,0.2337823628597826
0.33744505813282705,-0.7025331388083096,-1.3620697612366355,-0.05887786744082673,0.6088176833713168,-0.18971412756151174,-0.8789144599019919,0.05152630233941886,0.024718835140788386
-0.5596665607064368,0.18532687727181593,0.7993542791226407,-1.0522614068622762,0.08435319375248361,1.8593658147882197,-0.2824791620931559,-0.4877744105999672,-0.4847449430947873
-0.08701983843910274,1.0095039484705868,-2.3364588331243095,-1.0998526780228177,0.03842894677131832,-0.3645142188282129,1.0823215382199416,0.35745966154022846,-0.23600411141501976
1.3330558992094452,0.9206789010371247,-0.7246667611045134,-0.7881940501027588,-0.7710769413410135,-0.4125914835805857,-1.024599561937021,1.090559047327313,-0.2148132038331258
0.25003673436899193,-0.297690555778159,1.6398567042745216,-1.5076868120625755,0.39868267328763013,0.031765227613675326,-0.025515606975572754,0.37972639123393354,0.027463809821681534
-0.04302528053318493,-2.1625518639343837,-0.9245569248261875,-0.1553895457586593,0.1611414031471628,-0.8983701033222332,1.1587722481297946,0.13439985490412618,-0.5138183037477965
0.9670923541565506,-0.36853515917731877,3.4200440664792477,-0.1210229584629924,-0.24193407925117463,1.3993636161202205,0.8136736999066534,0.9412110508776184,-0.6208922720330471
0.7011707412493361,-0.21957282953705443,0.35727192217066017,-0.3329482617368345,-0.6809097869295703,0.012959239789243364,0.3188794513027049,0.14563485656870534,-0.8720178131097645
0.6637062007234511,0.3076003640043191,0.5769516268731713,0.6052248455475671,1.2568002812959778,-1.8249579571249772,-0.6632976627368764,-0.7495090407422685,-0.4093548310920892
-2.7256601368065025,-0.38921444322012594,0.2809257130101415,0.24042208938382828,1.1402817170502753,0.14071943364957826,-0.12060419482011596,-0.15867582701562427,-0.6979923883459556
-0.6758865173838001,-1.8925360126551034,-0.2610035252474697,-0.3394952613618546,-0.567927861096544,-0.1334026596826331,0.27749331422487505,-0.5445051078376555,0.591471573177099
0.08835179941559876,-0.09422471017855862,0.8203414584111499,0.8875314038912109,-0.11307776162663462,-0.5838590415514812,1.0349425328659674,0.7238952481381998,1.171850742314731
-0.7919067660036886,-0.45316672831884586,-1.1378088976209515,-0.6314029905106505,-0.3073397080040324,0.0018356204335217721,1.5005617846683137,0.9754956153498211,-0.15684960296822975
0.6068731766531659,1.740048494774108,2.091204989642258,0.24090872197509489,0.4071134281365716,-0.006068602115204857,-0.05029139598787633,-0.07168632090459189,-0.2397411022326695
-0.048794421489163166,0.19205237804376277,-0.6066997298012002,-1.7764796598332506,0.9579349953590811,-0.5784425395278122,0.8175595073851402,0.48139232037401536,0.02476677318756907
1.5551484517703142,0.2903573032007789,1.1671041001882394,2.5779404262529337,-0.35484703527683453,0.8281543228638538,-0.4844659149119267,0.5366252353413562,0.3520214179658331
0.4409017647283538,-0.2337996862417388,-0.5560799969996054,0.05890083145586578,-1.1256462475501365,-0.7801002062082304,-0.03393276654490614,-0.4719253664618984,-0.653696424372315
0.2780253947176352,-0.5832317136150964,0.5928340697043709,-0.4937399413339338,0.500971630182755,0.29286878579519343,1.561075661006214,-1.1513501871728304,1.3972134019292703
-0.16028810763279014,2.3536723070466032,-0.4987884776339449,0.17514780994349563,0.5287667595246074,0.8282848181008917,-0.828751270787481,-0.3167343331628477,-0.7408720648668814
-0.6404101880472476,0.014080725124478497,-1.8121903045529062,-0.8131209442555822,-1.1890540963109855,-1.323779251122896,0.23550188884138726,-0.33758181794045117,-0.8803276532765542
-0.7573216046860165,0.23536528113411878,-0.13821804005209415,0.6845568797456734,0.5749895690618239,0.2762282864897389,1.092890568544244,-0.4057906777368676,0.348556765577236
0.15955643775827474,1.083668985948969,0.987292809678105,0.7549365669752931,0.03531472972006645,0.12915888864858893,0.7322056942347751,2.473739384626103,-0.3677689964307435
-0.08265949566560613,-0.517305513132191,-0.5892565754195496,1.1073014512479706,-0.8860488803107534,-0.225415225928096,-1.8834303818189435,0.08554333187427005,0.966321833301495
0.059807558704841765,2.093837347399132,-0.05439550741846343,0.7577212387112113,0.4176245593104495,1.192470064103754,0.12301395057474868,0.38220350416395477,1.6554478620373645
-0.24307182934555804,0.5869191612290917,-0.2576722154132056,-0.3635778930975618,0.07658421496856141,0.5277659368387445,0.27111288714032483,-0.6363965543119425,0.020638720979124912
0.3020028992876056,-0.03687967590917987,-1.1119597358186275,-0.5744041640040272,-0.016536192198177466,1.069340769237984,1.925804402610649,-1.031602150254069,0.6282407372769514
1.1770954970985468,0.7756935762510393,0.12133640883174446,-1.1775108155705196,0.04389668623266467,-0.8246050614139894,-0.24775049255683534,1.5975856847559258,-2.6885267973862526
-0.29706671495063375,0.007451519566749959,-0.13782951401099058,0.31244553189154695,1.4400547828999923,1.3172727482335298,-0.3632476939454741,-0.1323239812242244,0.448599897109757
0.16472216899084194,-0.5999756514938599,1.0350220128363303,1.1560917323676632,-0.32981726098797837,0.1451328619032984,0.0011268031425904664,-1.074685661484575,0.33060095524836036
0.2579929333813073,-0.39243315656115785,1.263460374938788,-0.4738781313881369,1.061413641851509,-0.07628810888930951,-0.09358921320263178,-0.33582855756148555,-0.7762050022846543
-0.08220801497246236,-1.423589734625608,-1.6097058959014108,0.4360062537517427,1.0835401417411277,1.5278378861214175,-0.3057564830204427,0.3380160349222823,-1.108952355828756
0.31476626183728446,0.08397860766184552,-0.5083983298047052,0.13954887834654184,-0.13564772083864068,0.12744317976641892,1.855331755936617,2.490658526769841,-0.387803447931135
-0.16722893296678698,-0.6137393905628646,-1.7074773367121312,0.18736810332542272,-0.40085112758954183,-0.1457845895279358,-0.2983989319596942,-1.1152164307700383,0.6211730884276767
-0.5019098740193052,-0.02157904683253657,-1.7407657232581313,0.08992642154996214,0.29489006737065004,-0.018214649501542425,-0.3048291933813925,0.026640163582204904,1.0985854386975127
0.1332446245047234,-0.08539862749832353,0.020707156954221182,-0.28434849659836786,1.407517499809827,0.06477978644927977,1.6842738365452778,-0.4334561129500573,-1.9584076035738065
-0.1616146676474247,-0.41163227227569194,0.15413693265742295,-0.42222650002287754,-0.011544993732597006,-0.5042032576261233,1.0844302488971795,-0.688352514978024,0.45897569706412644
0.33657641913886044,-1.9711573660054464,-0.33358787091063064,0.541360868008341,-2.7686398813536055,-0.7435735464965378,2.1314502390558796,1.5653446027024809,-0.04896493370111476
0.03443922974250301,-0.4598231148507678,-0.7028453039946683,-0.9987820836450383,-0.43931497587942503,0.022880305234786735,-0.23051713153113426,-1.8826640409268607,1.024550054932229
0.2679890157121483,0.22982004485956486,0.5166615524983352,1.5273281475755838,0.9575438872682291,1.3341538321366853,0.7565479001743138,0.08729764031300244,-0.054251988237830395
-1.0349161511827398,-0.2834781109373529,1.4170766108810648,-0.30753857476512875,-0.8431679466014654,0.9843363649012252,-0.42875799542376936,2.4965592130017145,-1.0923042157297258
-0.6554152620955289,-3.1242038292880476,1.084378507359338,0.2555280821933444,-0.6665046098816673,-0.043196473354115125,-1.211196915428095,0.6015759503568561,-0.9186141923562154
0.9544981020024399,0.6373723833591949,0.4737235836867858,0.15696709182936366,0.06221130029950907,0.8384403177931165,0.7100846117152257,-1.672071078338169,0.03834970629788811
-0.18187834324045865,-0.5748663301611927,0.7791570382194483,-0.029991617067667217,0.7151816382205871,0.3721721625253954,-0.4854782148762305,-0.20538701518561675,-0.7730732457076585
0.008047134734810243,0.5256480533766649,-2.122546448325972,-0.42058502893940364,0.9367704514495891,-0.4942585929729325,-1.4691731210837817,0.7004835553974337,0.6063261259383155
0.07177689399237487,-0.22313503539541935,-0.5194763282902161,-1.0467048759673718,-0.5901534244172727,-0.2720203732661246,-0.02356930640577858,-1.1539959973514662,1.0154349812349355
0.6686743891440667,0.07007854590148128,0.3938990504931219,-0.14209730342506013,0.20301075710400038,-0.2775146597596351,0.038001416791061886,-0.8776129788566686,-0.14733202355284256
-0.32687903188158185,-0.24513311472147228,-1.049184589115878,-0.512532811175382,-0.007144743362501611,-0.8381879153870233,3.2494266241977487,-0.4279438647961509,0.31979370765890325
-1.1482561134129035,1.3275987605260182,1.5200005179658995,-2.0255813921543613,0.2462217285807564,2.901820013525944,-2.648638179418762,-1.1512122583668853,-1.5580470876416461
-0.4211475855625728,2.3779046796348693,0.1669256982997756,-0.1406010709940377,-0.03470705330130367,-0.2044541070497353,-0.47169403712624935,-3.3396778603368182,0.09587278486889339
0.1774719256411578,1.0348990444030541,0.35728028234443276,-0.03754763806728877,-0.4221435116742747,-0.18694528908985958,0.0022757709000158855,-0.05457769320017506,0.6650887580667308
1.8635409261002485,-1.7051042532773002,-0.8228278217427213,-0.4592585358047541,0.4048404873754169,-0.6472483918699312,-0.9445057482459905,-0.0012007669693408205,-0.33472329208646423
-0.47869182420312967,-0.2743810973445856,0.05924064825484499,-0.3544302929321484,-1.2176337398687218,-0.2172641199280007,-0.5751557917622768,0.4192088169619897,-1.0030212204390467
0.44686552464802803,-0.8858570078388859,-0.446025801488986,0.05997277765658279,0.044378279197851665,1.2278922653400435,-1.023396404711653,-1.4165079572140125,-4.077169223796725
0.8466153105744579,-0.5010254444930677,0.16076505123974075,0.27101401404994135,0.005184216092466972,0.10202951867834918,-0.758427986937935,-0.6261133162482616,0.10719187532010274
-0.21136005880758166,-1.2063599029923704,0.28009723495877564,-0.18550730123917347,-0.9582278571346372,-1.9142450828380801,0.5110235502351805,-0.08485958391734416,-0.1509305296436463
0.1802804897541688,0.8539299408184778,0.056106145445200796,-0.3861969346794302,0.7620084283482774,1.3650358018625117,-0.2811728101649778,-0.2481662790494506,-0.7445689327295314
-0.38374959412504994,-0.140854272434009,-0.40156323655456133,-1.4482006594934187,-0.1402660099174066,-0.0266471145732672,-0.9311847000150637,1.6271583337974254,-1.9073888976879496
0.47822604087021936,-0.09391513754437827,0.355746352406288,-0.08884637109508037,1.7573926859432683,-1.4894683781721931,-1.1406727580271254,-0.27575925910180243,-0.4151215588948923
-0.010158119866101233,2.0808614715333813,0.09777914561922187,-3.1671069454173835,-1.1898252905376139,0.004501377088034776,0.049344801867612365,-0.8481112172113574,0.6089219879787479
0.2408600012874407,-0.19490318274211998,1.2941067890208195,-0.1312519851409426,0.8088389685392455,-0.33838893970404077,1.3515715554943528,0.27712929313876,0.19154112930863265
-1.0754942015906186,-0.9921064497858881,0.3508877385917262,0.9278737067556396,-0.5516984144039021,-3.6825579426793498,0.977305117553964,1.7341663976978214,0.2834007637066665
-0.2903306639306523,0.40185946543416057,0.4701185369399174,0.08573935236450066,-1.3562697071655703,-0.13156686910058696,-0.2875651263439567,-1.833609858770547,0.06178349774374368
-0.5435160165825972,1.2886429342837984,-0.1391772937202638,-3.9341008343178068,-0.11201913525303513,1.6487705541834172,0.006908617083556733,0.16055021239076692,-0.89803509420536
0.10334353776171232,-0.5763256898191501,-0.3329280493629826,2.0922303212850917,-0.2458301848387998,0.23470866781720315,0.709266631213363,0.012479980512721539,-0.23925849142284333
1.9050438719084333,-0.06384612399517466,0.01636380461857064,-1.732471780455956,1.2380650796055528,-2.070812976325634,0.3155307758236484,0.3170507942683664,0.23455785034987872
-0.03144696853852244,-0.08294926779866292,-0.24926872518086632,-0.6687681393971792,1.947777438569957,1.9867513807343722,-0.3130349333776084,1.7346686969415044,-0.1302006100078108
-1.272249283875984,-2.225349253831785,1.4676089033663406,0.31935332615425366,-0.48626015958890795,0.24409076030386062,0.2754881233004759,0.19156055256030224,-0.43818071075398907
-0.4161141675875353,0.20950598112742624,-2.762405432945074,0.10903632064150437,0.42614541652289323,0.06579526049516936,-0.046732652310409184,-0.5846687418881219,-0.7506269340802307
0.12657850776183344,-0.9795932854736579,-0.013673547564659968,0.4265729316161689,0.005026496620953471,-0.32001164080610967,-1.0857946290490619,0.4132590487232311,0.1638076753798587
-0.41604038527033904,1.0914557636571265,-1.4299785436449792,-0.15370964134594883,1.9182725752974685,0.04250604703615389,-1.349595889299031,2.7276476965212213,-0.3279325380649538
0.9550491325619589,1.500495298183167,2.936464944511553,-0.19094106242263653,-0.46235351772870725,-0.9970014644381046,0.5262952725466351,1.9798831511322272,-0.31984331092083823
0.23176640321129238,-0.8773817966965591,0.4599357163894564,-1.6702555093695837,-0.14312224111403563,-1.2492164519027174,1.1818417949248936,0.004121596094318585,-0.8637774374264959
-0.26962028476173305,0.060811169046885105,-0.32445763301974995,0.3099367224269918,-1.093145022853435,0.14305029878538789,0.30463093112015205,-0.11076761183835034,-1.2247108509972504
-0.20255885940378573,-1.0066200608159896,-0.9234901451590393,0.05812847459583877,-0.8702870627040404,0.24861296808051392,-0.7426663302515408,0.4107046065609082,0.2811087064718503
-0.38498396705122134,0.227803147035793,-0.8546049350152728,-1.723051914566447,-1.9516690555150014,0.16279254561002307,0.15631545372572367,0.6108459531118445,1.5576962215559897
-0.6857433232112721,0.03466580377755249,-0.12067583897239335,0.8412092034913088,-3.6823141091899396,-0.3183236148727078,-0.03709553956207687,-0.044990274065343706,4.023061356827492
0.34665442579451955,1.6038617416273675,-0.08513028857871192,-1.0155946068542845,1.1566846123421084,1.1041532251790407,0.45518202592102924,-0.5983570208734722,0.18112236077759944
-0.2661243968604413,0.2446501890107885,0.48001898158116063,0.080722095020818,-0.024580137036006575,0.5331640305628336,0.32195127150108477,-0.9690494456279464,1.5814679807116176
-0.332678064417601,1.686943011790859,-1.4103208929320963,1.4687325531363,0.6189566873620006,-0.12866338932777452,1.1447631308574162,-0.17675475620688166,-0.01969803182797335
-0.39199762188462556,-0.3937105329104627,0.23304964507572706,-0.5862397909281333,-1.2119060157265513,-0.6123158075028502,-1.7144060720386354,1.3430819393090616,-2.256333422861926
0.565888183875097,-3.004323553875429,0.8045243177334418,-0.05015505457854283,-0.9386648779596708,-0.6120585441849021,-0.016199422038951382,-1.4188758934225731,-0.171102076004538
0.14136650775367024,1.0809641906006826,-0.6682094758764732,-0.2221083847383956,0.16130758104953705,-1.2295433007407315,0.008714982584416076,0.0090234226508412,-0.4205697308616675
0.23213103578529037,0.37378999973949084,0.8119403088221263,0.14457968420763143,0.3037073489242728,-0.19133787903458788,-0.5206724166814775,2.7340746235286657,-0.19508719473859623
-1.6095669652488398,0.09142905708543633,0.027003231664359778,0.7139775240779034,0.4125821819739785,0.6928577395239389,1.6051895303916737,-0.7024942234743415,-0.7677741171456308
2.807967758975381,-1.921173326218927,0.09888413637434833,0.15747080116320586,0.9525754463004604,1.2027048747312297,2.229936291709523,-0.1708099164532229,0.6562099499169307
-0.2879148842024731,-1.0458716689320018,1.0349316318224815,-1.1416670083510692,0.3116222696083809,0.4061116465958455,-1.4029747875030996,-0.5371416211346014,-0.78064448562678
-1.3941835350483693,0.7961422525643795,-0.37105203178406015,0.38965209923960725,-0.11243724421266467,-1.0974681588434507,0.8149589130420538,0.2163581920506667,1.6135220474777539
0.18072859374624092,0.344052483492242,0.6491095301763715,0.07916965200545233,0.0019843866851957308,-0.02855623269963472,1.1033341908874497,-0.24879353211718142,-2.548880875826962
1.4134092687596382,-0.4983349946983687,0.09942607429297766,0.3983070322681285,0.17174368564213344,-0.21599419904580713,0.28573132237830656,0.05431052365483676,-0.4225561107253836
-0.017708498137245215,0.34187029598506397,0.21714954236551512,-0.044529566051654014,-0.005375278619371934,-0.47526247574823505,-2.6695266707802667,-1.0717048304065078,0.400780369569593
0.1449761859376157,1.9742932556728778,-0.12399262823271963,1.0874333741349838,-0.684710430969597,-0.9108143551012172,-0.24651063614797786,0.04511183130039897,-0.5076038055960262
-0.33120913606761704,-2.4992860009654807,-1.8042356725185067,0.5769692672311286,-0.4164911985845247,-0.46020974571157136,0.2108516208063556,0.1343797342026538,-1.3198493065300332
0.138209530009437,0.5974601851880933,0.7157984799004584,0.08937308586014384,1.2271805675019984,-0.18689403365988314,-1.3154427985742627,0.5800143640126925,0.6872319739643459
-0.17047302573573542,-0.6119101259206391,1.7543727371089213,0.5022862921838153,-0.5345876035764336,-0.43408453321250423,-1.1478384996729032,-0.6061441323944087,2.345440146073828
-1.4180315784108257,-0.18406511974226336,-0.2526811557534461,-0.07469161630525457,-0.5611733868117194,1.0031058172090535,-0.010178873810306199,-0.9397139942471819,0.2869858370201664
0.09290830239406633,0.26964550616113087,0.7523522953325223,1.6084382620897566,0.4097485534747093,2.3973190275522134,-0.3939533677883936,-0.4855018320543818,0.33887828482836047
-0.4350864951844952,-0.146220950040578,-2.7656634076164464,-0.20392519921274718,0.6020166336064845,-0.016449494153855333,-1.0575843858454335,1.0063265379366368,-0.18241394019150423
-0.7931370764727619,-2.005537280852407,0.33140636532950024,-0.15037499689749387,-0.049954087558504605,1.3623234627888057,-0.4195630533007174,0.09784781706847624,0.5557191895894166
0.7530880229606315,1.5958829618767076,-0.249872112475514,1.4024534547194016,0.05651788140588897,0.18292731494210748,1.3216592363303126,-2.4685774304923664,-0.1649934255530729
1.710991424992771,-0.8476653595736312,0.6464727897389471,0.3934532333318273,-0.3829761175073306,-1.881818729106921,-0.49521680316873745,-0.07306389433822316,0.17461731961114876
-0.2799516136998979,1.5512181319808758,-0.9957800026890711,0.5469049856935797,0.007780433205132796,-0.26831218739221635,1.9651804350193858,0.9062618529869064,-0.31038421481995826
-0.24721443439864885,-0.7970452991780587,0.4020861192684331,-0.10630552982071738,0.5858228051083343,-0.666084171570261,-0.5927258115604603,-0.23151298416450972,-0.09914521063680715
-0.2784167336130524,-0.4720953517548741,1.3807248822997513,-0.9802758539358458,0.9990539079257543,0.6365103389322924,-1.2284686117310337,0.025773912113093142,-2.252778666836522
-2.001307059746867,0.06939919263978044,0.09528732870879583,-0.7975593062220726,0.3888075378138401,0.2767391889737842,-0.11500060252250846,1.422774351191309,-0.05496419215365587
2.0304905109029847,0.4878253483050748,0.3112244895656013,-0.11833338747733065,-0.36082749438250145,-0.9043665596019219,-0.07123855225289151,0.4707465122337371,-0.08675052541914494
-0.5320538355160193,-0.2594756916121808,-0.36514928556499116,1.6826498757478745,1.8742129546562896,1.2674957672391989,0.6480279788939891,-0.37805483994314576,0.13121939960528303
-0.32935637716560134,0.4473233594531777,-0.01213894907896208,0.7437898557076946,-0.41161479133273815,2.169497163416682,0.4418988897938918,-0.2802119559225261,0.2542083703790663
-1.6324892668902566,0.44016626995535096,-1.1243664212865594,0.4271402483669997,-0.014522214103537611,1.507492064107095,1.0972614700730208,-1.278947746521759,0.046868951027855744
-0.4253925892826729,0.21790952698271088,-1.1849724491675575,-1.7518773779565828,-0.7733756050294195,3.4766402924130877,-0.48407362536287635,-2.347755281111214,-0.5982787579822639
0.3560497659930466,0.011553449539042958,-1.1803540677929636,0.6739961407196916,0.7039941602764026,-0.2997662966489297,-1.9876483910556695,-0.2041875329618036,-1.2462645629091471
-1.5514852938138526,0.6155160860785311,-0.713075911540537,0.4951685584725403,-0.6555758789708034,0.6772164074299984,-0.761817003459022,-0.053925092139128855,-0.06846792190533121
-0.5538217844653557,-0.2114949641313147,-1.063461600049172,-1.8753133656194845,0.696874013795951,1.1075014812471369,1.0794821911179815,-0.5440793261101661,-0.10749610069258898
0.3879682139281451,-0.03885259496640285,0.21959505177376584,0.777467841884663,-1.4946171757930493,2.131665620439361,1.207819148624112,0.2664537422238021,0.00412564273184628
0.3236008225143138,1.9184799558293881,-0.2395137093553513,-0.6975823382458786,1.3774562088883209,0.3717931083132277,0.3699644643040067,-0.9259124254236545,-0.28332482327766684
-0.09148556498566889,-0.03585392214584797,-0.32125868713847994,0.11317911951452293,1.9386395714269578,-0.5905044840200188,-1.067441578669099,-0.7730824723611873,-1.1042803114540456
-0.6377530418287621,-0.12791829213521808,0.08304730577878548,-1.736188074133882,1.2309977596769086,-0.11036304542941108,-0.30331438378934267,0.012980291333187016,0.4728834394374325
-0.1318591182071708,0.4163349269773094,0.3032346876622696,-0.2510027012673683,-1.7685874347382171,0.25975342525720174,-4.454618236978116,-4.73940489907164,-2.4240928558550583
0.01896533094286363,-0.4601877508406415,-0.20625596717969108,-2.6591064931870414,0.7908866887976749,-2.057097416010122,-0.985603397304672,-0.20584511212368722,-1.0550511514219831
0.7910232725761684,-0.8054604680637498,0.13990840895581075,-0.4937042050354378,-0.3234069112104283,-0.45595847336800555,0.5920324949895029,0.07405939497317732,-1.1101548825120604
0.2531311641170121,1.3601473463014593,0.31738219305402565,1.372311920812702,0.19708956045793108,-0.15716380485041376,0.27563244990101565,0.2157646561423136,-1.035977186356489
0.3167470402150804,0.625162313850531,0.09257532607891193,-0.3749612355030103,-1.0588244154840851,-1.0818545925120318,-0.16739215313926384,0.2519861593355583,0.3093295534945231
0.028410852569800072,0.20815421717147456,2.4712120570401903,-1.7385971690201656,0.08068257463336112,0.7488099355157384,-0.3872382509783857,0.24118125527293066,0.03166502474940198
0.703513444806677,0.2601155317902368,0.2133160130389641,-0.08093050782001042,-0.9517671534435247,0.6183523381345236,0.6744137630637378,-0.07911161828260527,0.42883366815410284
-1.052611697893089,0.3274277059805025,-0.38224060242037994,-0.057167129731090414,-0.9422085337569864,1.0856160168780262,0.0870660285974921,0.8480559655720081,-0.27319507467318316
-0.06977339922338205,0.18284836892806422,-0.41428355292517854,-0.6412003350073933,-0.375465664405669,0.583703435202638,0.4279862363161339,0.00014439553365627693,1.4514237695514292
-0.5046117764006561,-0.5588149683483595,-0.4475628817874093,-0.7266429900831223,0.5309403149573505,-0.2314735977208905,0.7129521301351102,-0.746872763764802,0.22660654975848002
1.5786071696002388,-0.348975843064204,-0.010420180286485104,-0.0667592532486412,-0.4271900714588698,-0.18116157731457627,-1.9090076839497496,-0.3503524769184392,-0.19936704740201336
-0.3773450218407065,-0.1210242962282752,0.47488287996406553,0.08486287075479201,-0.2799301003671036,-0.052256150415782895,-0.8391821688710996,-0.14512491549613044,4.898688230094216
0.6272545905763599,1.153936953865462,1.6055635266459585,-0.2330764420264234,-1.0012294427058532,-0.8293929354143118,-0.21677996246353787,-0.33948912937271697,-0.06271220683436511
0.2442401508477232,-0.7947351733237751,-0.15804442559098272,-0.3739553194481949,-2.9471625545861095,-1.5268264268740563,2.2931238378607204,-1.4716386607375054,-0.012903704287823666
0.6747098552972822,0.04637693113313016,-0.6416107993707709,2.1362891625895224,2.4109359860746213,0.12135831403148124,-0.057708949320931964,0.95266020413814,-0.3974050688147417
-0.11778516499657254,0.4373948269781516,1.0947290279725674,-0.23232921125190412,1.7900489337656689,0.22528883034386657,-0.6670982613905669,0.22071071595827957,1.1767536601808306
1.5652677776180792,-0.30723538274778134,-0.0867074621715175,0.3519697399888669,-0.6263939700772578,0.12631036073651136,-0.18310102711732368,0.9569756518279882,0.12321374275539443
-0.5448518754296815,-0.15507651848206044,0.10443213575296138,-0.4831511384856347,0.24056896884488357,-0.5928038691228942,-0.6977521529059032,0.32243476476139493,0.42972726324895305
-0.7013578168589235,0.245478538024943,-0.04366042737508333,-0.07519225920213236,0.9289590618588888,0.7645211646294361,-0.1396240492058696,-0.3944199418503955,0.05942035951282884
-0.13204856160826609,2.1186966057826835,-0.22197223776246403,0.11756075315400806,1.0822797024043243,-1.6889880613234018,-1.0697740400382438,-0.14437778987163175,-0.44937947771644493
0.03779163879272485,1.1754205398699313,-0.052534324666675666,0.4624251483682767,-0.4550319281692871,-0.961362706131995,0.8161745336506488,0.9564301469544091,-0.3504931835287326
0.7031566290662252,0.770243881555013,-0.8708587303412224,0.309562284387835,1.1689333402519861,-1.4077386144568507,1.931646590356328,2.1833536724917235,0.8445566171688439
0.9133370810782899,-0.03885489310220001,-0.9480188291334392,-0.672214514580827,0.6460571812288186,2.845809750556888,-1.3241523945327767,1.7622453740477821,0.7486067214997377
-1.8224109536657813,-0.3009700636266292,-2.2261366542855985,-1.2231513767332907,-0.6970048381590614,0.2197073284712638,1.4410985465065838,0.5501502638112424,-0.5477074815692152
-0.5315438894472715,-0.39157716550001304,0.9679567233394456,-0.08297819064968673,-0.1440893687313556,-1.4030000909550937,0.3094791959583119,0.6347308257427208,1.0688331807211051
0.058601874041567296,1.7581683007512652,0.20413607335165546,0.29128774774759786,0.6165639290344546,-0.41925629089786465,0.40884772454018375,-0.9460281273435843,0.01115763986395201
0.17898705701899625,1.477252512247755,0.5069560224660002,1.3034708544328715,-0.1783634721097315,1.160493031094204,0.31102430860671326,0.33299304610759073,-0.37476745764094543
0.8108975862790365,1.7760165892658337,-1.2809913125871146,-1.6976515188256527,1.1935162934407357,0.8295749077361078,0.1539598223041913,0.9390663775601991,0.17748050153260572
-0.7125415896400529,-2.0992298640144655,0.17401043838287827,-0.038216470579513794,-0.21580235909883086,-0.2912724813789441,-0.8168214685988301,0.9540546286883197,0.43600785303238276
-1.1728819852466716,-0.10219917588424501,-0.5996574051687871,0.5700943705623256,-0.10519387515458159,0.5257619808985269,0.022501401988145278,-0.03353531076616248,-0.6423187134543993
-0.8916109109541542,0.44523042018707454,0.4779165585060453,0.30359516617661175,0.49227630713920395,0.9162684097917335,0.7431098187849602,-2.4127627015615674,0.4439476902424548
-2.573336009539728,1.2083470385477313,-0.4450667787648751,0.17117748328068308,-1.326519214686315,0.4270623483605201,1.0931488160379588,0.13838738155796407,0.1487789587230635
1.8107223081224577,0.7590936163185201,0.5545896084210957,-1.0428506962450135,-0.5560066288097155,3.235356563923703,0.06679305727094338,1.0839986135424358,0.6540866176794848
-0.08717271473036202,-0.1847456430941472,-0.03127631569418983,-0.43219952241417575,0.4962115555866158,-0.8999626004445432,-0.0556308013523176,-0.8362541358253949,0.13674235359855644
1.1992010645218774,-0.8051604598304398,0.18776681412748475,-0.8975535547604299,1.1995578533759765,-1.4478552253686336,1.3694854480767213,-0.4163001019422337,0.7920682045444597
0.6181342478338719,-0.718920642057174,-0.3852152168881987,0.5736419100336331,-0.3808146928764158,-0.04219768799838691,-0.35407408652026995,-1.2560249018336498,-1.7028783576502122
-1.871367323117549,0.028212545805463448,0.4685205790873833,-1.2567802944485045,0.638372583868008,0.3068170325804978,0.0813669566793831,-0.773758852143725,-0.7987410038503013
0.4153945882707288,-0.9059082196677094,0.4820999119492005,-0.262760752310135,-1.8144173865733988,1.6022435018920111,1.3750689605079758,0.26554189869983735,0.07726563565479933
0.8261496426433211,-0.5029186434447962,-0.04968225148074155,0.05625046164922289,0.07862618909705052,-0.3415916878766506,-2.0276972792856474,1.4102406275272494,2.4001150848679234
-2.240759388663256,1.036174354373579,1.733636919398238,-0.05950227659155804,-0.05555338759397251,2.0408089164213083,0.2459381993271293,-1.251555661674238,0.3613988359062314
-0.20303378469456518,-1.0105510139477731,-1.6930138465620106,0.05446059511875703,-0.21337093174096264,0.761838533597447,-0.17004038548204134,0.134887252906576,0.03634247602877109
-0.2577968690793398,0.06762085967697296,1.1964388853872403,0.0930273065097687,-0.3695173530888405,-0.9054160454089016,-0.7215993353117373,0.29563569005288826,-0.018581347620499816
-0.5984586927195339,-0.5240607812192417,-0.06535897861281786,-0.6229072839766191,-0.8307730649866247,1.0008419915491444,0.6431288292659902,0.21344897786086506,0.5151945364433294
0.4167818298268964,-0.5648358472642169,-0.6960438242351922,0.1574062776598896,0.06796086054334978,-1.0616259795825642,1.867299160484368,-0.27652845974656165,0.6052153797431811
1.1178112505142734,-2.753209952648699,0.5907436176005699,-0.4343576057366477,-0.6947729437374387,1.3869242205332342,1.0997885155465414,0.1568861013104467,-0.7123763374183671
0.905694419577688,0.21478716809220286,-0.33668962792462775,-0.18808176748956146,0.37468667228514924,0.14600587669910123,-1.017187046499342,-0.5373302863943678,0.907645141799999
0.12164952332673824,-1.5500428451287716,-1.4490472534479966,0.4727269451324017,1.123917008721011,0.6148723109999688,-0.08993580806999026,0.5118797986045002,0.052219624081141953
-0.04048377116946827,-0.8696172564636263,0.4330720397634543,0.6828968492088254,-1.058285546442032,-0.21719197984269656,1.9660550194130435,1.1592442200924862,-0.6957496999987157
-0.0166214504322739,-1.5848769777670386,2.354846645902279,-1.302644036883428,0.16666037966759506,-1.7863655344594063,-0.07818558656534304,-0.48921541560735193,0.13679950139478464
-0.6325588253337903,0.13556015412940622,-0.2780364925069164,0.3484002521501997,0.8453969511942474,-0.13556252944239516,-1.3906992452815354,-0.48122572010080983,0.05995107269748645
1.0400514785736317,-0.13467471995715324,0.18917307325180752,-0.00970030856310942,0.15852434708731142,0.7736184509029982,-0.07294025017523843,-0.9483157534051161,-0.015565175681661719
-0.5282968377495965,-0.10687648745724987,0.03482909096682873,0.13828376518728086,0.19877206555670046,-1.0044669998065643,-0.8212327817520265,-2.139134629036576,-1.3539697048215182
1.431353647136109,-0.1476414811916223,-0.2577349291147,-2.931111238601331,-0.22414237546774937,0.6196777089555984,-0.2820882044740503,-1.1691556824826692,-0.08344854242285307
0.005311350471986505,0.17098760203352742,0.1359307036029682,0.6151042641676002,-0.5682615319270381,-0.6338618290031024,-0.19409509615723022,0.39183267816608003,-2.3187529023570836
0.6114776763985821,-0.5215331285322173,0.2102198462636776,-1.0690565060917852,-0.35287591880764596,0.4180171772350908,-0.49789749266510497,-0.0058448869877394906,-0.47791356816862796
-0.5004311899580226,-0.33431828544495495,-0.401176401949461,-0.8273181183314677,-1.3689997942540297,1.1300976532683142,-1.5438113854034983,-0.17261905921384624,0.5078198523543536
1.1732942613065118,0.07653153893729077,1.0502969830176951,0.3350778030687898,-0.3487581807487543,1.850162533516195,-0.13467295139840457,1.413297042116952,0.8287097263936151
0.24033557730182104,0.3433527446130116,-0.8283239391671027,-1.1465313507668038,-0.11045920254298867,-0.3113145762674343,0.007004353501236315,0.8464362972801607,1.108761452121472
1.5959571370883443,0.44299703287833786,1.0708397271654788,0.45335432663206066,0.6707974093084812,0.2675601250081089,0.6120567577216308,-0.19598970443513822,-0.2407515917420272
0.001750616173064626,-0.30096010763017667,-0.9379904709716399,-0.6267870950178245,0.6290878629833632,-1.2453579181192176,-0.19342051296896598,0.7334668312884989,-0.9364428638192379
-0.12832637717999162,0.19704666064962942,2.162176644020531,1.5681378797293477,-0.8866524161214858,0.5897435799366273,-0.009197907658470656,-1.3794094199459332,-0.30363313945049997
-0.4658602606954661,-1.2359710046041905,-0.49964159642672307,-0.49212241733818496,1.7090776227091666,-0.20110562262700798,-1.2156086016123326,0.7648566145606589,0.30593622228940087
0.03184901679034513,-1.3045587432192192,0.0659736710685262,-0.35423978304555553,0.004059758069441408,1.094888447266098,-3.5357804018564027,0.8061704832413231,-1.1659241188109974
0.1777366748459558,-0.5032491480252452,0.13342898654162547,-0.09532375141026782,-0.11345363006755514,0.8292820038577755,-1.409391018030267,-3.400933481286165,-0.6160942011455541
-0.3040807830747051,-0.5576565007623029,-1.8879277271446062,0.19294937182883196,-0.8990944769915791,-1.8326482364552195,0.3938954001113789,-0.9229275283533165,-1.5367582716555457
-0.3823179219287515,-0.9296864527442126,-3.750507454234018,0.5899292371028592,-0.13582136829782507,0.27559561384275866,2.745055834552825,-0.21400821231477327,0.05685526162098764
0.35399284156511646,-1.2667015426934947,-1.4574181489170572,-1.151522681009758,-0.02800453516790081,0.14973157521707134,1.8934704149731527,-0.5814841488970407,-1.6476926818878943
-1.08486303696943,-0.26425888601956943,-0.4521028626691571,-1.1059795597016264,-0.5395741869430518,0.29009794557207685,1.417284256102284,1.9512177710474772,0.9620923965551244
-0.08792219276339949,0.01246804445622641,0.6642236467554595,0.31377907449473547,1.0891994287024571,1.7516651956584115,1.1566076614502312,1.241452803492189,-0.07854479915610998
-0.968346543410803,-0.34504637649693404,-0.10286605397464574,0.2782530729452409,-0.9152244581268826,0.08304783214603713,0.08960920645472344,1.3283303383020557,0.279514797632583
-0.8169936826974616,1.1881931066838265,0.1881929277862465,-0.881250927393198,0.388921391984272,-0.6934240536321422,-1.039859532767635,-1.323722582142293,0.04945884010691997
-0.068094373957732,-0.2658506912842266,-1.2884127216189867,2.1359258730091244,0.015049052597526173,0.9086366931565076,0.045111830076423755,-0.5023559301994297,-0.22392102015930393
-0.5016426510394036,-0.11155950602792356,0.4791958649428612,0.5732767582275565,-1.1711599591335968,0.4469923652159483,-0.502549455374354,0.36787360994108753,-1.57458586569461
-0.4735738128260855,0.07749922402075846,0.041973022050118554,-1.422486364495262,-1.5334052390343937,-2.0058460799805697,0.02542556233009855,-0.39824134203404205,-0.7759356225768271
-0.6795747213635048,0.6241176041872971,-0.03101477454917553,2.2602262919975775,1.024517252249951,-0.35238058962481766,-0.06386745278708139,0.2715585916763824,-0.4046530658224179
-2.8844956326249522,0.020954819919790466,-0.6760936572909357,-0.5988888978533426,-0.09173375705713971,-0.36592122096891666,0.15644351983993737,-1.1869606142636375,-0.3889964724215427
-0.5553254141449734,-0.3883583499662336,0.3564506424931212,0.7972882155396008,1.1906531275025525,0.10767122048392634,0.028553574454711975,0.35176459841296676,-0.6910516959744881
-0.46760967291918726,-0.027469669498151193,0.14942537413856752,-0.7128253812621828,0.08554419806264811,0.34296675470017723,-0.6349741624540318,-0.08634139729582006,0.7850739030366908
-0.4505354937640795,-1.4002135089998486,0.0735621197974644,-0.7202105834411224,-1.245638294343658,-0.026285834263613875,-0.905117296755603,-0.055789259744909295,-0.29056164340225477
0.17723840450533274,0.9332923521632925,-1.061722896878515,0.9874980672255983,-0.06912514461825507,-0.014234158043185603,-0.3330902453858294,1.469869583583636,0.029639629907054616
0.12838463474257966,0.44616218462572194,1.1084292578526216,0.07070151837445102,0.08579472138291136,-0.10594755696832892,0.1305212184729478,0.5008688571203709,-0.9120240419175948
1.184321411994069,0.23250691727032904,0.589861243611919,-0.3046233728748499,-0.16072842461642478,-0.6924258958699614,-0.5014255853901312,0.8551043026158774,1.0896608948306403
4.503980815402994,-0.11696100373563126,0.732797634335431,0.8941053177185925,1.0105273093476073,-1.8422571297619597,2.949127578142811,-2.508044862024349,0.1986086370382814
-1.03692369823113,0.9465460596437872,0.21562847586255768,0.39781393100013607,1.1826558282799677,0.2964574594651505,5.591667991302864,0.1756756381994483,-0.4589431741854171
-0.7956237861973291,0.5397458041796944,0.17104175050163048,1.3865657128050484,-0.4410122869912796,-4.0139851076637365,-1.3863077524455043,-0.006098925604233236,1.5643846469578377
-1.015958580568064,-0.6546354106621066,0.38074002900798065,-0.29319951004266465,0.40339199624508015,-0.28869475595260874,-0.11198194590309676,-3.4059425147400253,0.3585585088107325
0.3264791713306639,0.5973651445042292,-1.3985517474435332,-0.152001903951757,-0.08077604534017467,-0.2736740762850834,-0.0702019357546554,0.56288138299903,-0.4916045342828654
0.3020050029644449,-0.25437605908603905,0.6566745235268556,0.52804072521809,-1.2114149514682706,0.026405429378475582,-1.0064090453612153,0.2067063577620355,-0.32595154034762325
-0.26775223623403804,-0.9852511985255825,0.07119818754373303,-0.1796513250247863,0.0010314887193977888,0.552180145267406,4.4067068968397125,2.1869860422897482,0.4459287047891063
0.6858922908642615,0.334126657784812,-0.9037448149180339,-3.6295609493721717,1.34337628063367,-2.279917899958182,-0.10732673393627772,0.8891136228589425,-0.4530930214152278
-0.800864668481898,0.9187707567411971,0.9081944356723564,1.0612720347504268,0.058187427887110205,0.2850031163107552,-1.1625324777642096,-0.6452857595829613,0.08818573266772933
-0.2143771029924175,-0.7868357673600136,0.10458964646680305,-0.16551622376320171,0.06942975926622094,0.42209634178888683,1.5099388163789782,-0.2944213311984115,-0.596677951878188
0.8588162012273298,0.7629645701372869,-1.2550878967649568,1.220038743363835,0.18877735373296886,0.5951539987506752,0.635317027129966,-0.1959347768493471,0.026347067337767077
-0.03755462602101782,0.2542250581872915,0.1725470761477216,-1.969655137867133,-0.4287094927639386,-0.623684216377741,-0.11045887745769611,0.7836817573311696,-0.10890632075265158
-0.587424792356509,2.0204804006320867,0.37214378187459135,0.3932761292830926,-0.3148937245931775,-1.180562591742111,-0.3676405718470698,0.18417257593928515,3.8964063339796446
-1.3524372434276712,1.3720868874485974,-0.6227392822819313,0.5357274246752562,-0.10139412633508849,0.5063211983365921,-0.039440159292512975,-0.21221565381203422,0.39772418513483443
0.5111595214468322,-0.30662121287482896,3.272506506436644,-0.02061803538768155,-0.44472756633641614,-0.28046815627540195,0.8311465464691044,-2.2181184127164655,0.12040332677678356
-0.742196355588528,-1.8173350718574104,0.3059619716715612,0.15314729459705823,-0.16253445462381944,-0.25775982607354603,0.03973308444032589,-2.7500925036985757,-0.37578870501960915
-0.6436337429659349,0.11440968242008119,0.07832942906619736,0.25456350281942325,-0.27446907025089023,-0.7808224237120368,-0.6279341480355799,0.28034442006874266,-0.21973267762374957
-0.5282435382169748,1.001733242504199,-0.4986764031417116,0.14583124542674222,-0.40213211607909416,-0.36561085789452796,-1.0480715518153854,-0.032080474800260175,-0.11550784742326617
-0.9667627868507392,-0.42762669712066087,-1.0466758404981065,-1.1959928506234097,-0.10052974681613595,-0.9638632604121483,-1.192516127710006,-0.21812927665784346,-0.761029877483858
0.42288567517993414,0.4102026490807318,-0.22773119956492402,-0.6085683661884317,-0.18252625656475796,0.22241948162142466,-0.24729321185857395,-0.47514965993549535,0.6721501841180461
0.36314489999995403,0.3973056689991052,1.870200401709538,0.034421028010516476,-0.7955726902315302,-2.0519536192187378,-0.15934168097043228,-0.07996134014209003,0.5353693678811481
-0.28086696306969855,-0.07787124335303798,-2.0213237999759937,-1.1766601469280058,0.7561029524190995,-0.1699517857948097,-0.9498295816654222,-0.48551674287020313,0.5607163245502499
0.15008002592336414,-0.6631888681937325,0.7341782703323726,-0.6967574967608227,0.5378720733887349,-0.951093679747826,-0.5406607105540413,0.3605599972768634,0.0067038730569574595
0.6437057550176716,-0.15347261030524623,0.19990735397484885,0.5023102621938876,-1.2986531540083002,-1.089061212379504,-0.009824459456579358,-2.122055707730124,0.16414989880503097
-0.2452058135772896,1.2366867873115277,0.21637022563219135,-1.2104668412359925,0.02544152235433876,-0.5530922750360251,-0.8566736331889675,1.8924868082650999,0.9863933865153373
0.9841340966560881,-0.29151363400028824,0.029700027328130936,-0.49839596483978293,-1.5240878690846682,0.29199235032653476,-0.11989422444068512,0.23245005368727184,2.7850033656281745
-0.7429271074878645,0.4570123709922289,0.19748552862041407,0.7735032839013637,1.3615129221113753,0.29010125306697676,0.3064454685815501,0.5444310755419358,0.38780748837038775
-1.9377601634067276,0.10035400189562436,-1.6292491644197216,0.7253925663024688,-2.192537722398316,1.284473265495716,-0.6140056619155987,-0.10084424403488276,-0.3043539405978401
-0.0016539600107872024,1.891490656177166,1.3242405436007811,0.03626223739808773,0.1894323351549672,2.1363562635620577,-0.621524018619182,0.19690328762838494,0.1484538011702954
-0.4657160765704008,-0.4812727770800722,1.0296469190831024,-0.7357795003364161,0.20769760127805798,-0.7380521970786865,1.1512851542853129,-0.2017996207566392,0.04002566671812583
-0.9615888612097293,-1.1820329753478653,-1.8714257746567031,-1.1716784706165086,-0.01806622813797897,-0.36181426002084793,0.5302541427589174,0.0420740971295224,0.3927962487675738
0.21191270224826714,-0.9910789857741598,-0.768471850670525,-1.7549170810302843,-1.6439539302233879,3.5460464258599416,0.6494786124253374,-1.4713084189477208,-0.8788252782858765
1.029999288532522,1.191404787429284,0.32914774725377716,-0.16199854705263997,-0.23877140315135473,1.3784684444882342,0.6665967190106362,0.2445978111701667,0.7773641444126018
0.45915487278375516,2.489859199647122,0.7456027557655887,-0.6150339578075888,0.26980087986134,0.14653274180433357,1.0867321644568335,-0.6428845858218488,-0.9959653097455076
0.7336315340119977,0.1482489718442839,-0.9289540994614619,-0.5253237727649079,-0.6723726045116465,-0.24415794894391968,2.131687172503861,-0.23181545661145558,0.0378539079987748
0.09244843002563524,0.056574071244204015,-0.32623463265402053,-1.008153450327773,-0.036405709450937095,0.2837859094123694,-0.2190567442129287,0.211966803703857,1.1798695111983453
0.2530502349969607,0.49659510942979845,0.9898440601928549,1.0239131250440134,-0.18143703333163735,-0.14009534468557525,0.8258667529595249,-1.0307633902074038,0.23639417156104614
-0.2425299361522579,1.3106076540054903,0.061559472361635954,-0.6996787707415011,-0.0552348779489434,1.9045014335325388,0.6029424046112304,0.19875895917719086,1.1939435504622762
0.4839353513302179,0.4142366905210083,0.6043783607895563,1.5006881870259436,0.0894672281352459,0.024087312079849255,0.7927663817024952,-0.8306303900444163,1.4439485130770295
0.5302075734320847,0.29746659730686836,-0.5150237481846399,1.00650023870805,-1.1089015124823813,0.5840786401103298,-0.1419964593273158,-0.9510349098025238,-0.20174492540686514
-1.0149008818855114,-1.6003317152626335,-0.016716309331471613,0.12491631784369363,-1.4187609527558402,0.6668210086690706,0.2413425372001933,-0.2939637709624592,1.4771806529395204
0.17706664678934297,-0.7576480729254611,-0.3324120523492433,0.7113966808260059,0.9224416412454873,0.56385253161817,-0.09527984299546906,-0.10537295764917826,1.5900767356729384
1.935988032025885,-0.07414497965023405,-1.0748052702838464,-0.029808947775548166,-0.30526079193711597,-1.3300771399174123,-1.6271905999036294,-1.3372613045126933,0.19126683126755983
-0.1077958607603503,0.3843352696802236,-0.450938065656051,-1.16993479612711,-0.7019894508745266,-0.6950212234360282,0.6101476242511008,0.3432863720594645,-0.024339469725605505
0.470855580023236,-0.8788093653765374,0.07913280273027348,0.9140269219046834,0.2548705078143581,2.203630530753805,-0.9540642331678112,-0.6402262196718629,-0.8989896663598408
-0.039748452613725845,0.13179777134044796,0.034099515466345265,-0.8366879300147125,0.9288818663363312,1.005070111545298,-0.4087839805301066,0.6025487762605998,0.16435936772325876
0.9462597295902819,-1.2528824545115083,0.08805462553258735,-0.42195284254665677,-1.435777109903306,0.37051467518184517,0.3508623299038689,0.1488145808532328,1.61434477394269
-0.7026125815282073,0.5198967067603762,-1.1096038064910683,-0.019030592623711713,-0.9934176209391605,-0.6798750128101134,-0.6095022674207075,0.5694580004018494,-0.18640845296483574
0.8277467345734846,-0.5427478222485129,0.6594818777438336,0.7509159142330164,-0.22261083010256513,2.192559722294216,-0.5011886953386143,-0.2887606661704454,0.37055995001950726
0.007821935649549683,-0.05582499052868385,0.779734332626136,0.5671855902343816,0.49946238590336106,-0.02628019367412283,-0.10703781555458984,0.7418223857855069,-1.3893626724456394
0.3771773966644106,-3.080252536281939,-0.13523272669943517,-0.12734956687202917,-0.45484444865178636,0.852711186975395,0.37637177026685664,-0.7304575813923372,-1.549841935941386
0.4889224367943338,0.5931635788360933,2.331382603527017,0.05195370129536548,-0.8296725659718511,0.6156271438827994,-2.742960939308341,0.08592791781821128,-0.5736925024614351
0.17102333641179815,0.6438647695040094,-0.2516924094945639,0.07150057066851848,0.11813414371719795,-1.1522471244283556,-0.5597961363093867,-0.14582441901954393,0.2764839825233461
-0.8485556846830205,1.4371638716875412,0.5148116948334237,0.36381657503440634,0.24825144714361533,-0.11055448053041877,-0.18616507514289962,1.7782353373897286,-0.42915735990570325
-1.0969425229934924,0.180309930679016,0.6175007897913798,-0.07079219924229042,0.22984774329923752,-0.23071524870270452,0.6978592348568862,-1.5643424355079596,0.08099059880671976
-0.2598742145906514,1.182713871185791,-0.4179877646895651,0.07403965561485178,0.2909622985054852,-0.5928779427970303,0.4449049629068003,-0.5064824447846803,-0.0896167628330653
0.5724724620659456,-0.9052557749483291,-0.10492116644614106,0.8940949130152158,-1.9076891453904836,0.028522368426229787,-1.203955092491291,-0.510112526720205,0.35181700196507176
0.8303835513445225,0.682867460952637,0.18036706365259617,0.7316743775214161,-0.3283667489525547,1.050171832862276,0.7439187417693816,0.06186768648537527,-0.4364953482958208
0.7849484352129656,0.07299788690092507,1.0969301435781205,-0.8408354515436794,-0.7631087309208434,-0.42649079829229475,-1.2670861932682451,0.854829103098223,0.6600091407254406
2.3832129735668004,0.8160056100747746,0.9339879902589548,0.032308689709776864,1.1155740123507343,-1.4397959537487577,-0.2747278787152847,0.3192118640379774,0.4669736817892629
-0.1211394131352605,-3.0401802538130003,-0.3509354668525849,-0.5463464127473103,0.1855852036238673,0.19491224400882948,-0.7521675294470165,0.6078115876956709,-0.6013439116066451
-0.440405636105574,0.8147177364175885,-0.4690837005046535,0.8932622523412221,-0.7888055796551855,2.019254341766988,0.012653079406654312,1.4256929813617722,-0.38702780568928663
-0.3828324934564767,0.6141904902706741,0.23320558706883746,0.24132552458232226,0.5474788312339898,-1.1453507733931925,-0.13769076756465604,1.0520725724773545,0.06431474386600326
0.394325516384109,0.956297406547638,0.6542932700056503,-1.1424692581726794,-0.994705499981327,0.2777288018266961,0.9090989188440488,-1.3847424264490198,-0.27514852608976076
0.19067025197523008,-1.0799507424293209,-0.6907309109152294,-0.16755911971402138,-0.7671280048704507,-0.762663713327779,0.709721704396617,0.6279682436163754,1.0760863933161078
-4.550229702296228,0.74934141299925,-0.11593979529240293,-0.4705110002117676,0.3427189470206329,0.03939568134903888,-1.3851957053948785,2.2774628797932834,-1.0778138033561269
-0.6337414207012084,0.7970732690399941,0.49171416988902056,-0.6060208725136318,-1.2051907455087403,-0.21729064437779944,-0.037475651307857356,-0.2869026195297504,-0.31288150265064063
0.269618935721693,0.08231536953736858,-1.2146109648994627,-0.6162738782328679,0.9158179422807244,1.8662571121837075,-0.9378373278788135,0.004927569243083918,-1.3348863170441598
-0.03599848904225004,0.2368420171309119,0.8187677752044286,0.6151551705472412,-0.3425401644820091,-2.6652606790247595,0.5539896925704753,0.5982601205209682,-2.561474134039993
0.1309810639066736,-0.07561760828907364,-0.7223045461750068,1.6376568493265127,-0.41679740396184434,-0.29316470403405814,-0.23533239104451625,-1.1153496419863718,-1.3048654132673476
-0.09004830084820849,-1.033030407032315,-0.029088798648767688,-0.022645523603309656,1.349834364101971,-0.293489223423281,-0.09628676855436254,-0.19874009372211435,0.49361225053477514
0.9852751456751967,0.25803692396488,0.19199183339889078,-0.29773203968543516,-0.007050583813583421,0.14490869828105735,1.137212572926512,0.7063098672311598,1.0394896914435197
0.2213190240668166,0.01765909368610826,0.9263229235213896,0.7790880536123429,-0.36812948419574343,0.12004091150447524,0.8505476218162279,0.09188508279958947,1.1004280486727744
-1.158586196391151,0.14973644220667595,-0.5080074569022852,0.8943904032581697,-1.6460252581290056,-0.2240791118861487,0.30298098064466966,0.6316240593855617,-1.5556696144144626
-0.7502890599505235,-0.2978403280908804,-0.6928265776519709,1.0980334593428553,0.5694842289831199,0.10512741623802307,-0.6048413799581089,0.7725242700212498,0.19047178164992815
0.08197473792806455,0.5534873003931499,1.2252462759515592,-1.8958680904607903,0.4289468739208681,-0.0869343435656767,0.9702026157594484,-0.8135903398286576,-0.11329614533526593
-1.5303043349108691,-0.22323908238446066,0.7599331100014753,-0.4483498443507078,0.16769460405895556,0.10132464936168716,-0.025427279214737076,-0.26997894873785905,0.010830544594081276
0.3402694432628019,0.4439497727502583,-0.7708288949453564,0.6515042800290689,0.3772959999032811,-1.3519860802906971,-0.490520868006403,0.6794864820892761,-2.159755899387381
0.9307505080765076,-0.1034535604865988,-0.07847959390510585,0.30569092134636233,-0.3242074812982583,-0.3512529311723347,-2.1404744718329667,0.9802107143266415,-0.8810417464353627
0.7621804054716201,-0.02871311701417974,-0.6702274886851863,-0.19565967757000777,1.7653360041852275,-0.3083594399241627,0.6863389043673902,-0.34306004781242955,-0.037116562675310064
0.16541799116454378,-0.33527379277197783,2.6256337996895622,-0.49415334334959704,-2.2589602116402347,-0.9805882570042782,-0.5854802950079829,0.06077226012873653,-0.04858567006697765
0.272147051041521,-0.3121168003522181,0.36165365010610717,0.2604544110253922,1.002074601936013,0.8430868123794731,0.15101612953942303,-0.26998257957220456,-1.6921482088261928
-0.5031985407251113,0.01915761350199362,0.9438291508056454,-0.27996039284004387,0.22702990721501734,0.7928017627265526,-1.1982913638151038,0.24994130740192017,-0.43946467190768934
-0.07357161773510645,-0.8567417052351332,0.046751760027094726,1.4041055293409845,0.6397074058593287,-0.5597685572472031,0.40217533079974477,0.9430744091290267,-0.19506101439759851
-0.9712665948595055,1.0622916141161436,-0.3400620649099744,-0.39272219330218866,-0.9088031363108778,1.1688769892940605,-0.03746048384171161,0.8106352218486411,-0.14100273800882185
0.09392389531026264,0.7747647447349176,-0.11919030925012798,0.2715148933787946,-0.29748429113376973,0.031988456923003054,0.8607837213337511,0.19833159469900932,0.4308377790558887
0.3078091074580035,-0.9272064105581679,-0.06059552502785012,0.17090404924007574,-0.5332059762142476,-0.6890360359900699,-0.5747598066036012,0.49837820153281714,0.16670680895179182
-0.31846092121425545,-0.1542652453326359,-0.021606721303607065,-1.1085520373327955,-0.2362862934071641,-0.1130213822872315,1.2236557113654174,-1.2940095619331524,-1.1351530031280395
1.075101052545252,-0.19325360212000467,1.3100838146423632,-0.3485870080645932,0.6830650907211315,-0.22621381572226337,0.5701908148581345,-0.1159696828342587,2.1797905025823345
-0.004291210563626688,-0.20601896662319394,-1.8427708210309877,0.8492998241286353,-0.04636035245797016,0.24570050254576378,-1.4235716004922219,0.08527206062073953,-0.18574210354709852
0.004806791066851789,-1.0398289385887245,-0.3277889997510478,1.2432203229298622,-0.30963489449107123,-1.295698413887657,0.5619630431664889,-0.29867805768923816,3.3574515195194627
0.5669602211872808,-0.5496176617179989,1.316714733394903,0.8996004924450379,-1.9399354853644284,-2.033129918281878,0.7677374776468397,0.24659696689172955,1.0941669973862556
-1.2740139623474673,0.5251462774194181,0.48645754887958664,-0.09996194872034253,0.22952024861825343,0.041346963418027335,-1.0222281481129023,-0.5285043616718084,1.652291611167421
0.1964876136683727,2.058680743574073,2.0575889578717605,-0.22762455222728134,0.40720674429950005,0.5385514382745836,0.9219220439391238,0.12688988314684854,-0.5423977241937356
0.02009579775022892,0.819879592738635,0.64539640107198,0.42112604214068705,0.12085074787410156,0.3050508538469631,1.519130362903765,-0.5207853168206021,0.09230521702653945
-1.4550084611026757,-0.8401489833524931,0.13706286711524093,1.013383793562323,0.31346159004953744,-0.7379614235029026,-0.2545197912313833,-0.314708618813285,0.889994545207471
-0.59761008077794,0.4682749481589245,1.2395016456038115,0.03283197859754379,-0.34144481643576974,1.4770371269499902,-0.02348716845529981,-0.09264328551513382,0.013654542608729663
0.17143208723192987,-1.5256686719779275,-0.27794644168207266,0.20317982442449503,0.22491173630980218,0.017573110555250585,-0.2834385371923603,0.18257647244166375,-0.17661206996726905
0.5084477926601068,-0.22878625139289113,0.21682762772477238,-0.0022505578041316938,0.28702281898380194,2.724625970695264,0.18276012629575258,0.006223739828688055,2.346031227714182
-0.11582951470090826,-1.0851036266676979,-1.9509940942327506,-0.025487401814132372,-2.1020286632487033,0.27437853293316966,-0.21077678767481717,-0.05128989852331847,0.10803765199881937
-1.5650531172420825,-1.4668748817228616,-0.930051419969396,-2.0955192715855526,-0.3002489744213106,0.5612328615472322,-0.9194424570811334,-0.31649051904966913,0.6268693831909227
0.27988261680280474,-0.007295268856587767,0.8505573617412742,-1.1202549745486503,-0.4219533098670127,0.22536408697005222,0.05668581830511064,0.8402765840005162,1.0221638969851856
-1.1783260431267735,0.48869518454978517,-0.08127258259928986,-0.0047471727673794595,2.320309197036358,0.4185855422586625,-2.1985167116965427,-1.1682490696673966,1.1483228655750413
0.003959256648205954,-0.24870392925654142,0.6217382896780008,1.503105589552758,-1.2255223831762923,0.9154748776984231,1.723760143839728,-0.7985920643809304,0.055524710997082234
0.27404231525130524,-1.970494883949879,-0.37624726376492046,0.7527454587663716,-0.7647144146587755,0.6363645017838826,-0.42497451716007223,1.302565564632283,-1.5969546057734187
-0.15561270498857424,0.7817201100759669,0.47833322813982765,-0.5670544152096982,-0.12855797546333786,0.72593000470151,-1.4941384268511568,0.1392805253264643,-0.3898393293527667
-0.27267498322058414,-1.6623138095118732,2.48146733662919,1.2359839046814334,0.3385866160392442,0.3865411385371534,0.04114500058386603,1.9904847730308464,0.45521659958037286
-0.3660752793863037,0.20758675096838858,-1.1833803685916555,0.16226960594432946,-1.4635742176650848,-0.4162889347623537,-0.7928608225883905,1.8332241903245206,0.2593088063569377
-0.10029118444563398,-0.08704870077678659,0.8477018036048146,2.288991989948583,-1.597474977322859,-1.2000736494083293,-1.8485609630735713,0.9146360054014765,0.750425480995243
0.36623924216756076,0.02355325411923837,2.04160841786122,-0.11688162589184964,-1.2505950295050294,0.28561850109720377,-0.5256043877258267,-0.009376439126990625,0.30864856276225094
-1.3176456795343667,-0.9983336850374638,0.5241143016275281,-0.006870056362187266,-0.7170268516011784,-2.0176308347866447,-1.0604034022890956,0.2384001189653721,-0.411680112025656
0.7743740875598695,-0.5073758107625879,-0.5756594319959359,0.7027592680167463,0.4328228636120403,0.22852435098236643,-2.10122554507842,-0.6457920112880646,-0.40238288083324825
-0.9818225801656802,1.73574621373032,-1.093155196529751,0.17323489945037113,-0.29597525401785507,0.306848725827778,1.0819586844904732,-0.05053209371333431,-0.001230691599199572
-0.31548246235775546,-0.6294284709719681,-0.08110954770948893,-0.6200142256993241,-0.5083867774709515,-2.535500522004004,-0.1368677801459842,0.19863225955099273,-2.1166179002835697
-0.9366371387548174,-0.026978812804062252,0.1828560536895898,0.0012353284089855396,-0.539712972088819,0.469312140229292,0.8507907817761606,-0.1883369546293181,-0.2581569457991744
-0.35466185017776236,1.2427498916787012,0.4766546382044092,-0.23649684043010108,-1.1613856585972082,0.20017379038644653,-1.326167535090851,-0.48294880687329583,-0.20805680034477217
0.9083173405461248,-1.06404685671006,-0.3134158750801115,-0.3231119696786965,0.32833855257434,0.03809216718468364,-0.613174482072787,-0.44883636314547853,0.1340335420970215
0.0550501333347959,-0.08970005375212847,0.7715573947400272,0.02062703638710526,0.3734818659605688,0.27365938926099853,-1.460371735636997,-0.5498316578198579,0.4417207616087334
-0.34603451548798647,-0.07328609904517647,-0.1939521395663343,-1.8728549724389463,-1.3243867722485396,-0.3792684090228479,0.06129471791455612,0.15430687416899125,0.35483799933361065
0.07908936811241671,0.3265784503594865,0.5444654452440663,1.9914153772211116,0.04713782993025409,0.5478223873465371,0.18251470049789292,2.7903347258014555,-1.2371604014838804
0.09904673431261073,0.39306182435989523,-0.07654969681758374,0.7359291431781961,3.3041431665630423,-0.4593475019691268,2.4693171397698066,-1.6525921212581645,0.5705945743819177
-0.43378688923748665,-1.3137658438186897,-0.19738548826029248,0.23839162743236925,1.9114556322057605,0.03193084079706567,-1.9187343389291538,-0.15572684766715347,-0.5862157050146563
-0.13412544029865384,2.087098696818959,-0.20309328878663613,-0.22068417257252151,0.05497351812640752,-2.1961394539182835,-0.2977701922086425,0.17716914884735135,1.4637748481185402
-0.6277099481623044,0.5064785944386719,0.4461096547523603,0.37291583942987383,3.043158057928759,0.7802372573991796,0.116128698704715,0.11108773687401223,-0.3504985878663158
-1.170479298036929,-2.509207022493727,0.45471521948309945,-2.1660449446012398,-0.4369144414228953,0.9132575408403137,-0.04959450517775142,-1.7902053599091727,-0.06872898280929098
1.3226927268596902,-0.6242477334714258,0.1445646239116243,-0.3909229840999792,-0.3400029843939172,1.5309844392673517,-0.10538896846821384,-3.0978250090016037,-0.04346941606673616
-0.11470123166570927,0.21639974001417858,0.03856137031811187,0.3161575562428975,-0.1677659892746756,0.7867189212832144,0.48121543371062586,-0.010031012935508168,-0.09641198070238019
-0.1416267097239975,0.5157408876780003,0.4177006633913635,1.3655344263325793,-0.3639391113279386,0.575682483670882,0.10337376277354597,0.43861243614004336,0.36387721073034296
0.43917682638378946,0.5503716184201425,0.7723498501576493,0.03298514707487793,0.500233424139991,0.37393645530025665,0.4508852341139515,-0.5425389788344567,0.09814298214755159
2.9495555011600025,0.05218192261908097,0.4665215970515743,0.23187725050350114,0.947518069940355,-2.39738889496968,-0.3582610553886276,-0.2990161527442836,0.7068415149632986
-1.5532107303652265,-0.163248506108341,-0.24675137007855005,-0.7615323456945169,-0.23426989547443516,-0.15450958542131554,-0.2652811430524541,0.05994959760708066,1.7171320783799426
-0.26416911533689597,2.3889291834560153,-0.899816978245102,-0.24491547402580205,-0.407511210942158,-0.6617559491963071,-0.6467961957189203,-1.0039460446897517,-0.21190306270587203
0.5878973402273366,0.7942073051808552,-0.5402000306943399,0.3433944986787663,-0.6060396643881667,0.33841802096144763,2.584691948670678,1.4641064326406013,-0.12325140388718595
-0.13337573868026817,1.4389999017223898,-0.07398050652763023,-0.31638530644690976,-0.9382847221025024,-1.4222017173159571,-1.0122054211424134,-0.02886373150851916,1.9672578710310087
-3.425910055736105,-1.02978192562871,-1.8332593455841826,0.1740852272507123,2.344635141126037,-1.469955497958465,-0.31213036671367944,0.7676245211172109,0.06196588544609766
-0.052755459796556464,-0.681040190205211,0.1876622504238083,-0.08844104092604815,-0.8875077828429333,0.14643197599246063,-0.13220483686825912,-2.3324510299124777,-0.4191866444644328
-0.2942000541920758,-1.2533940390696985,-1.8736355244250096,-1.2214424166350866,-0.22145663322072703,-0.770351604808954,0.34104172444973085,-0.6307238443231039,-1.407734160870245
-0.3064837053601239,1.699098519404551,3.231426909248777,-0.20006965914051383,1.594415074142143,-0.5521870078525232,0.7775088307971609,-0.21576766140766535,0.3051633383165077
-0.5725410936071855,-1.500252979204019,0.012638851275700243,-1.0914424841273627,-1.17886098324952,0.09862943935564533,-1.1540903572846963,-0.21358302158126827,-0.28514165886034576
-0.018661035928368225,-0.53866818986423,0.1480048834881357,-0.5005542131984123,-2.209640004942487,1.6991504309868075,0.36569939115346883,-0.569570681998263,0.3534586134898002
0.03454584103900109,0.8989525430136541,0.344919571451697,0.8455969223509388,-0.1637876446198935,0.13798270041080937,0.5769379782984934,-2.8401037500465445,-2.0248896668919527
-0.3141655854550684,-0.537764844523261,0.08239870630219395,0.6978604476073272,0.6572851918479775,0.15923629665325742,-0.5963549106998036,-0.8910853987937343,-0.15720612257188654
-0.34126526387335704,-0.9230689163840983,0.12188356177887585,-0.33989040431157885,-0.05053069451446841,0.32867108462768585,-0.17058015704650925,-1.5941374339273928,-0.44343146635939723
-0.04000166345351317,-0.10510499515636187,-1.6189131621870922,0.6147228811368277,-0.27676145750259595,0.2115101322494845,0.889301874490165,-0.05846817489442498,-0.29961287234366824
0.5774657497283193,-0.9294917574289605,-0.3327352226389317,-0.897415815398736,0.2012091850634927,-0.4641915554506301,-0.5005092416023951,0.28547688247833536,0.9843988971773967
-0.6933611052787075,0.1811822764526509,-0.42636289429615754,-0.3806907912082394,1.6127766693511363,1.6710527105153943,-3.231815624075953,-0.21329381688233504,-0.24267714779292748
1.2475068727163312,-0.7228555690522952,-0.1675995576644448,0.2695989582666997,1.393934159322482,-0.534807754094267,1.0087023400284982,-1.027423187546217,0.5687787034620359
0.4340125613033283,-0.513225501755064,-1.8241938759682743,-0.5710194070263047,1.0214243484838637,0.5087149051885246,1.1836418782195748,-0.8484786522405351,-0.19869516910976118
0.1063499699694308,0.33009734340321434,-0.4956399547008378,0.10735409339824327,-0.3282470736494314,0.42560100297746317,0.14753441924010743,-0.08014116621606739,0.18485554956528646
0.0692967452273196,-0.21304571955610718,-0.0551889065043994,-1.6983496083863525,0.16803234742493675,0.0368867135371911,0.05438846061009872,-0.6160021344873249,-0.4835756881954464
0.5829721409441584,0.8495262683734587,-0.4175925256163407,-0.5868306569945821,-0.37664953379049837,0.8956840752624684,-0.5480985907389605,-0.21281841811027755,-0.5964344677969854
-0.10475230302347138,-0.31700124964148596,-1.0930338472746026,-0.578368785437752,-1.903535084132412,0.33160530145223094,-0.23027353135016929,0.7628058202334924,0.06178085555792507
0.7158642703852761,0.5340056169099702,0.9327640279073407,-0.16599294249882507,-0.24185420277550781,1.9261838892925094,-0.058822844868910665,1.2200460234925117,-0.7627015214736829
0.2586795846893947,-1.4345429767746878,0.04988149265443158,0.011712380792028911,0.012867158183609553,2.653541482459857,-0.06077927224094798,1.630020614365462,0.6623642571548288
-0.6984589208866548,0.47276528138547935,-0.3834681021436451,-0.17497528802490578,-0.06757186872242771,0.6666149069982491,0.08563514729566192,-0.08958853081064386,0.23158987324331223
-0.3163467837420029,-0.8154171003367354,0.21573758678271576,0.05470618428258317,0.10835787006847332,0.36139942808637004,1.5485211105247434,0.25629674239779504,0.7114543430641485
0.913621337480518,-0.29736586798680603,0.6649733718390695,0.22429373716896242,0.10734163311291936,-2.782975393957769,0.28777669325360505,0.16480814779452627,0.48010222288043125
0.6367593102943949,-0.1363967042082002,0.08901304007059581,0.8741796443667499,0.5367544273424648,0.6006036744055175,-0.5826142856353249,-0.21382945028867378,-0.19028710424992162
0.7638217961537604,2.691133874739232,-0.37557951993268596,-2.4033375691312364,-0.6630635788878864,-1.5796198139619462,-0.13617415373565422,-0.5944918921346988,0.26152136025554745
0.7617686771533458,0.31753766781578285,-0.7477476387690659,-0.08515121079280955,0.5370328805911488,0.28741146851713345,-0.3166117764628792,0.22476293174692372,-1.3972743565743957
-1.1306793731524831,1.0375228472194225,2.2773652562470676,0.01137437122514545,-0.8681371663761108,0.055838954399823656,-0.9873602471282754,-0.126298496463269,-1.822801256618158
0.06134899947353048,1.6006942998396816,-1.257678355978305,1.766660618930585,-0.44367488690840656,0.1360803722369915,-1.13173683680765,0.27209003066357346,-0.021655518565306956
-0.5960394337301518,-0.3755374129949568,0.9555227772310132,-0.2775610719986419,-0.0701301039776167,1.6629118257882434,0.5609063664296821,1.2838898842876745,0.8219201993860712
-1.2057012009995405,0.7971765731629795,-0.3132252684791499,1.0360769743673306,3.110709795172815,-0.18552973675352588,0.912197966263479,0.7663230721792367,-0.1786966880795681
1.5510774747106841,-1.2729737265322159,-1.0915718334482303,0.5576073921333891,-0.1410942228902153,-0.30252743009291644,-1.5599593963336693,-1.389725406599458,0.0019536048730704704
0.5856841858526455,-2.1292033560901755,-0.7315400489777028,-0.3472230148449547,0.09894241276993432,-0.7558719026306809,-0.8824254901191495,0.4604524036989154,0.1608589731788024
-0.0967838332056867,0.34530922708975387,-0.30608056162373753,0.2675891509327896,1.8960954878852243,-0.0637256099220179,0.4868627623234567,-0.4426911571384939,0.5672302858253052
-0.8379231441793783,-0.31913155847081415,2.4894708505052923,-1.4538476541057574,-1.7278445702657972,-1.290224844305988,1.1608335481926682,-0.6347475892333835,-0.12490722994807284
1.2588742805184114,-0.03836400243101731,-0.07898304558043304,-0.9168671813270963,0.23598047501175617,2.4767923566377466,-0.37876458904180144,-2.1532995047839854,-0.08739452354449935
-0.5029901830234417,0.42516243813523225,-0.2937539438180506,-0.4408286326250101,0.13891850494533126,-0.5967303398164228,-0.08737314602914503,0.21405951645076857,0.4285847988501252
0.309089842135305,-1.1521577915169052,-0.0022553190595641713,-0.1720776607941494,-1.2005739452644475,0.015257247211179834,-0.009032287956766244,-0.42963500636935464,-0.29813045048145426
-0.41290772949825366,0.30368808493506144,-0.5245316367556587,-0.7669686015726529,0.3942906836376571,0.9118758282182092,-1.1715237578206636,-1.630099161401581,1.5460178661663744
0.2216455432025032,0.8287592241443736,-1.2296136810157567,-0.6177894434992287,-0.8161710731151494,0.1712932612753673,1.41652576602458,0.8931333413826117,0.2638586783169629
-0.44474654576447714,-0.2211168046038115,2.302174137376745,-0.9437171157990305,1.3097652102125903,0.1413519902536274,1.9266098497225117,-0.9571525137580633,-0.18190800519051156
1.161176209499883,0.3690344559868249,0.8876182272501091,-2.1690519726980004,-0.49504964398006973,-0.8304017311674551,2.1408605497885422,-0.7212189345606584,-1.8307066781727253
0.40206337551479304,0.7665121507535293,-0.2941105995376379,-3.510537308385173,-0.7717292638991374,0.5508987663532419,0.10350416195411521,0.5506224949219609,0.7870166190519903
-0.017878171278272,-0.326406868259866,0.0491078158301385,0.20873352223801192,0.12435559766901416,0.5577999361200338,0.17669082320555043,-0.7718638767579827,-1.8920980408396004
-1.9490221106449102,0.011954069065689995,0.3471011969532021,0.2145341563043871,-0.7598960606596579,0.6275120728757063,0.45340098779375543,1.9993980401666807,1.2510492178697676
-0.2852174090672431,-0.6559422817471023,0.12940505110736136,0.826395416836139,-0.7606315735329017,1.1848996420258895,-0.9914944346636941,-0.2695865021983741,3.146888571098292
-1.525644411786702,0.5455909944935244,-0.9923132516261004,-0.3705507309823354,0.06787791089498679,-0.26077498412936717,-0.9122802519804663,-0.363640886143981,0.8454109852771384
-0.3861342725833498,0.5059017568370948,-0.016576229721821732,0.17452122791471836,-0.924180773798876,-0.2716261709473537,1.4552972211721702,0.5120658638966511,-0.05921242606513347
-0.39568400353940864,1.3010857701717724,0.1400657692844806,1.3632529081995242,0.4909884299475836,-1.6957990761723414,-0.35127154427648716,-0.5478940722531647,-0.5820716658557652
0.40742875194722483,-1.6711476108653924,-0.10331870108116334,0.8697875702269776,-0.10407710277017239,-0.521271896116073,-0.5723627460722527,-1.3438505444731506,-0.40173927653929586
1.7038550378867783,-2.107905756391857,0.5381174724396152,0.039634395580819104,1.087214612275103,0.7879270365408813,0.5233787329996396,-0.21903350203591884,-1.2997269865866732
0.6171995807595294,0.41907914653315165,-0.44136525043883956,-1.3102757777006753,-0.650153226638462,-0.16179235785123858,0.29847955696294853,-1.573528832618366,-1.128209508447851
0.10575164754659953,-0.8947302902193843,-0.5862949492284145,0.7643105497770804,0.2727606979913634,0.3476520180087084,0.08329186228552717,-0.9450562044468334,-0.43962725187796575
3.7400500899747824,-0.9855443434516141,-0.7361738361840595,1.5416950843177846,-1.75882829347796,-2.134899604786913,-0.9430438586840304,-1.7103751100982751,-0.6627168105098357
-0.623422447349413,0.3202294987640886,-0.20080875824688618,-0.12627679707367842,-0.20802046398385565,1.199225070767173,0.9337012355284667,-1.1564116635095438,-0.5351838222697909
-3.739625260066934,-0.264395527626816,-1.354936757721349,-0.18664503609401845,-0.23769149211794754,-0.2680345915371976,1.5220453014968398,-0.14942433132150085,0.29092564346464717
1.069959910510412,-0.6467625603493821,0.5639956940376238,1.3088602481559883,1.2740964580322651,0.021580046573564715,0.16910721970365702,0.059864425807507705,-0.4187644350230184
-0.9843963536350371,1.3110058313404622,-0.7610822351903912,-0.43037064135132835,-0.464217842057772,-0.2765430824677248,0.5509115204483017,0.5818052535615517,-0.28959919464757
-2.7827531020426473,0.31541560086669573,-0.22567536789765166,0.19489484022604384,-0.041071363165066176,0.6085036411411839,-0.17086039848448945,-1.3263430709125865,-0.37586709257021933
0.6242265313275593,0.05348946621219725,-1.607253128310471,0.22298917751414674,0.12644717153791393,-0.23078132502204649,0.27734433496993,1.4035186686678327,-2.0037401866349183
0.1919403092404587,1.0062450555713132,0.7894736018334888,0.4082149847310555,1.256854890713398,-0.839480827702472,-0.9425054731408666,-0.5683015001058449,0.07558386122279022
0.6967505483752213,-0.8569790703405501,1.2539380709042385,-0.5950561848253929,-0.20843994857759865,-0.2479777464348953,-0.04362152509162519,-0.3457321203786363,0.45157963100556425
-0.6895538891415471,2.062588766507529,-0.06774954393970374,0.9046594777047088,-0.5861605633413074,-2.149978105844399,-1.5699785443028442,-1.1336691033308082,-1.3193762943727114
-0.5886072457948192,0.11156954914051875,1.818005944729774,-0.29361992186853325,-0.6517412438095631,-0.28688432555488974,0.7051822312272389,0.5603048838157565,0.055076508335980746
-1.7873223788821648,0.8003182589655536,-0.04867204808672027,-0.4623728069247216,0.07892366611368368,-1.0907609564572744,-0.6688328135511603,1.4793943990540204,0.10789401288749649
0.3667201440604483,-0.6652348932004575,0.3117080592745827,-0.1084141427538039,-0.4384613521784553,-0.4533558347494641,-0.045141014026033426,-0.21053581753347717,2.084034813500784
-0.4189248196627809,-0.2170692026674952,0.012176797792931184,0.04004756282442927,-0.9569158985209061,-0.843929161031767,1.4112026850152355,1.1669969124948012,-0.456771961221559
-0.8830099506322198,-1.327515625330609,0.8274585689775498,1.5306739486654892,-0.9159741670556489,-1.8792391487152942,-0.061116289448094316,0.15704087660970778,0.3515722911018618
0.045470327661578915,0.31198686495558187,0.25732816374791867,0.10323921274806871,0.11498145945101582,0.5652192892955766,-2.064736521904701,1.372573196679725,0.23492857469111547
0.3431092295448954,-1.2537364053467426,0.7086766451908382,-0.2958959660702137,-1.7301602106600498,-0.9138251746781173,-0.4152564722100918,-0.7792679193973514,-0.22118452936548022
-1.8147832820394212,2.002249001591946,-0.463647599761965,0.4674164141301038,-0.047184112821593974,-0.1521164692391667,-2.695694821112856,0.4349139581068046,-0.06421380780188998
0.13596044724912512,1.4653379336365178,1.5246635751678679,0.6321625676818237,-0.5118740458173531,0.3195330629004187,-0.4618683775988262,-0.37228993376005476,0.290615161121105
0.3002415496336007,-0.0978333653450158,-0.6638427526270614,1.0003143913831338,1.6581598270561086,-0.12748919828350982,-0.00339118881017534,0.5002187108839574,-0.8586785376187309
-0.07820441198092791,-0.2491876270447852,-1.221595270643707,-1.1855294128652085,-0.5233463353419996,-0.18988384498867678,-0.002359868366296252,0.4884908826246427,0.6846215314730453
0.35195782442130885,-0.06746943598683602,-1.0762083794631803,0.7006428135728779,1.7292329632374512,0.08235133139772136,-1.1977367643922787,-0.2417533741102424,0.9772704990330999
-0.3353129958474885,0.4640444028873952,0.24078875520146412,0.17380399511766492,0.28065113464956,1.6157546873636985,-0.3244096541039442,0.14116290900369344,-1.1389361392795962
-0.44728484344480635,-0.790049136987485,-1.2319932905506474,0.7068318228408725,-0.16343898746101823,0.15226275059618788,0.22239721901375384,2.2977021904951282,-0.0378594298512122
2.3318045320783676,0.4211636883996713,0.014525416111659034,0.3799892638838385,-1.0882269784181011,0.43409533565181196,0.07075449550544187,-0.13158578903503332,-0.4110334873206376
-0.5941224336584295,0.16539585420722083,0.39219910310597683,2.789987520862018,0.3693194915065902,-1.7219340715645752,0.22732312407203759,-0.06391573414968418,0.022283597178627296
-0.3493908550671082,0.4399427804831415,0.7493252510832314,-0.07431643514232737,0.32770305800371274,-0.3825326212211506,1.110242750761106,-0.25882119793036923,0.914229228895924
-0.32729826912770915,-0.07315511075428204,-0.35566355763647894,-0.43555411184032544,-1.3599112973267717,-0.618881402666385,0.4343319036331859,-1.6384330555658253,-0.06351399094109587
0.2903586608773933,1.1173495837605132,-0.08232891633118253,-0.07964053246043142,0.03023382279596959,-1.9157444065355014,0.8859780202361418,-0.026332651052822145,-0.23322715920192771
-1.4035418707184357,1.9991304486209684,2.4515809112475146,0.08903466538826928,-0.011335708046664582,0.1993338751170202,0.41919033752098583,1.3104811847520526,-0.4274674019667844
-0.5522706046916194,-0.6300851850445351,0.7996197301436432,-0.7465317922624358,-1.788515783546619,-0.02944384621717932,0.6484059026632287,0.3171929118329027,-1.1660118635952639
-0.06642962024504105,-1.0258535676588527,0.35398953332397304,0.05472911796363063,-1.0251535736393875,0.7361101628982366,-0.24690280422641464,-1.6238078458518574,1.1520644144850785
-1.1833683044432346,-0.14136234080307647,-2.145835309258384,-0.4888899279231332,1.086824925249171,2.1386271885044135,-0.8125235340028585,-0.1769228425808998,-1.1320485590662432
-0.1810666404207883,-0.6393401849426017,-0.35912256483437627,-3.054125502006383,0.1669319975820543,0.03958036948440447,2.098831315379353,-0.8918468666150602,0.3699681277611081
1.31384021161887,0.8121839756318947,2.0145087436300546,0.5682944167588299,0.21483643010444597,0.1217330402653634,0.3295893908625084,1.0521740774009423,-0.4701211063381331
0.5124863045276663,0.406301919691744,0.5671179576695963,0.6784133081448144,0.07083221298879575,-0.5194427263389754,-0.436970568941588,1.116107759566255,0.19273923153478564
0.9776444533487325,-1.3208924460439662,1.413235059456106,-0.3213345235213658,1.6217894247124314,-1.1864678430382525,-4.0524908739069065,-0.48643194138427037,0.5750802384838943
2.230753878751456,0.38947899083581566,-0.2610149110793331,-2.966799401154951,-0.3727344172576893,2.20481500242027,-1.4527033830778853,-1.2789174578988418,0.4557755857805264
-0.22713726583939675,0.11361665064114226,-1.193621925009493,1.2206203931682909,-1.3335076298371042,-0.24041433841869722,0.10916393116754704,-0.9687660488913741,-0.2803441851420263
1.3800435765877934,-0.5290372815305214,-1.031763267170258,-0.569223666972398,1.322751557235192,-0.7698328284434197,0.0018583888808875574,-0.20945047571756056,-0.3303688509552393
0.31331832302152895,-0.042887356407011766,-0.6557998480536411,-1.598058089511823,0.07585380291070873,0.0635332001189495,-0.47501340983576135,0.04617669586289368,0.18696754983814315
-0.6610261364712109,-1.4584214895780945,0.5969816661582303,-0.20566237475176655,0.24981328418597543,0.4116977964090835,-2.701725550936151,0.2282976770239407,0.2811244903762043
-1.7657173198871376,0.5113206082378893,-1.7518454217531885,-0.5347779039059569,1.3050867267123312,0.4323298251332781,0.7966619740960683,-0.22971124835201442,4.816272773304659
0.6609586648539547,-0.7984466867779503,0.16901101971154747,0.03504683605021999,1.03376634233457,-0.1712954294491771,0.5283311601737963,0.06527497915509844,-1.7277553079200418
0.1911013240795924,-0.13716902158721875,-0.49994210361583175,0.46800999739460103,0.08871805583378498,0.09419616830790474,0.15777005082024492,1.0077443896953175,0.11758439472643611
0.48450262049586007,2.0146499851435364,1.7805632676268437,0.5739813080513424,-1.1285341964568614,0.4746991001871151,-0.35222937738645466,-1.2278324130047322,1.3904528252340338
-0.5669759909114064,0.4538981423268174,0.3008653072630619,0.8448001243764209,1.0468481378398162,-1.275332720830086,0.08334400111212652,5.865135848360697,0.12173369734860334
-0.07418664815456368,0.08983514404305994,0.06884574780930229,0.5549986456521038,1.1638853666033375,-0.7871664415093014,-1.4036859155079315,-1.8606985034642725,0.3817801008302957
-1.1571962380475525,-0.48910244466144687,1.5081123246711223,-0.5403102156366064,-0.49696954203887317,0.860134452658047,-2.470555302692708,0.002472119406550387,0.4091985852379932
-0.759735349621164,1.73847934704383,1.6343092665773882,0.17233692409695872,-0.5353490312953157,0.2725266451831399,0.01240218525144509,0.04759916773157917,0.02358504158091084
-0.34056655473985725,-2.382339144590375,3.477976097230877,-0.46395665396588526,-3.5675833945133117,0.33659118600426396,0.03859439106118737,0.4432674368824001,-1.1768476833450716
2.1461640856777344,1.3648392196667365,1.9282199614484004,-0.32526158913075354,-0.34373232110016066,0.34017040284237876,-2.792586429313443,0.0724851738401466,0.3261803442160873
-0.22758248459789546,-0.2938598149756457,-0.25835811912049167,-0.2459962684796402,-0.5184798345047719,-0.07104504259060752,-0.7257112802333175,-2.367450151723072,0.2186374491541683
-0.1316195305809406,-0.2977180006231333,0.37643220504429764,0.08246792046850443,-2.526349225807444,-0.7310958645626257,-1.7318585124399175,-0.29176463197596275,-0.45771643798658623
-1.7192154295967383,0.3254025163018827,0.722862680343385,0.8866794252022661,1.5497897211463902,0.8027568240332411,0.5839046474084356,0.718086899233051,0.9782205974190357
-0.15048871708344677,-0.1099356954182269,0.1843423058459323,-0.38548868226105465,0.15187691728608818,-0.4285812370186514,0.10438127918091328,-0.29380955616968985,0.6312699623592967
-0.7377621239564185,-0.7557785060686166,-2.1946347240653545,0.17758426140307937,0.4604859911034057,-0.2608572069402969,0.2105100882576276,-1.7258988830243964,-0.09009769686287802
0.596625759283439,-2.4678857356429944,0.23831575155870513,-1.9724352517121593,0.23374055279485603,2.1145672240780224,-0.775977740969939,-2.955880504123552,0.19127361071464635
-0.1031342147156892,-2.1209767580468353,-0.1333958198736931,-0.9455770439392136,-1.695875822833326,-1.1385425968153882,-0.14603887829421602,-0.19000181142389633,1.2431612391223206
-0.5859314355814446,4.064433588728436,-0.6579065074148477,-0.4614068844642422,-0.4497896707390765,-0.49100361230272643,0.8340881165501497,-0.031267956269097584,0.33574608589149374
-0.05726860804881479,0.6547557592318333,0.0907016738215522,0.32567848342145683,-0.5154889024890439,0.9271822768390704,-0.7073670724891812,-0.7201917950171941,2.3398473528448513
-0.06619610153415102,-0.2510443448849903,0.037934388862139824,-0.06371840433797264,0.4105038512566085,-0.734215743518875,1.1997587088871602,0.20514145395068945,-0.2731405006127872
-0.45385260092773777,1.5319726045425044,0.8443418352400819,0.38902948073729215,0.2571297872739185,-0.41434693684195767,-1.5731522764275163,0.6831451720868064,-0.23620728778385755
-1.0893743135396505,0.33645880965571406,0.3994701762500418,-0.05214796058817005,-3.2200740552719056,0.03669824623477395,0.11073512678172626,-0.0501222055529603,0.3866716180492559
-0.09635440283088798,0.22926435704950374,1.1855740132602077,0.8594123349640587,1.5869468280722367,0.5436801258550575,0.29265177169525364,-2.2505742255161736,-2.209564392008635
-0.6165270697598335,-1.077190545870352,-0.6790988396018912,-1.4064407506869838,-0.12154851928296934,0.24686336685555177,0.4221795925561705,0.15431521736419127,-1.1548229280010094
0.7301494937951601,1.133331375868318,-0.18824000299316515,0.5893237987165573,0.3165473697639056,-1.8387675038626838,-2.1373688046870183,-0.8178038920467764,-0.04785261766415818
-0.2695189399788403,0.31239842403526524,1.125490091670351,-0.15191850678138444,3.762853867801429,0.3346990967945787,-1.4308621551827911,-0.5646626331717515,-1.3667656519613927
0.06537782616275341,-0.09327728111817067,1.3858993564933422,0.07693211852709614,-0.4306864777017526,0.9150593063579787,-2.0711135552487905,0.014173325805887772,-0.4980385689299808
-0.1093287855329263,-0.9310585124280961,-1.1449127428173185,0.8899951310353703,-0.044834848360761535,0.6901454686198588,1.0282399434768446,0.9154800836621413,0.5525174648726949
-0.5666589320858071,0.442758550802895,-0.26574550452213724,-0.5732062462993595,-0.6533064251876533,1.8726167573975911,-2.0485030658619707,0.8465096184137857,0.1616925586342166
-0.2097626775907586,0.6088948852781968,-0.15492471132409094,0.3364838625884858,1.4256543192065017,-1.1814441536069142,-0.2796082868859244,-0.08240583827065837,-0.30491426321292686
-0.3958556162136184,0.5187377013723843,1.5675126541104827,-1.2379784273900403,-0.04485691285897471,0.9209076042226887,0.7334994189469928,-0.44852758647884555,-0.39730116173822977
2.9759368061526477,-0.1312178701054337,0.9658385809776536,-0.3721500237920747,0.13452026416712626,0.6181125647034839,-0.27705264204650637,0.47664828210683524,0.654220091266822
2.0236506402378347,-0.4257858069472517,1.1796122686956174,0.8977331513878093,0.837438703052725,0.21326080079829815,-0.08408750416896914,0.2990019778108071,0.10839348259182341
0.720701323121434,-0.9858228610818097,0.8515711652600346,-0.09883085070558345,0.5155018696895488,-0.3991684647509181,-0.772322792176034,0.1479073878329061,-0.5845422561877918
0.2382316517542019,-1.294210034100714,-0.9708138303768096,0.40990608716096194,-1.1142123286353462,1.7250302309463894,0.10677476091239611,1.683759404668998,0.028060212742323207
-1.2178508765355753,-1.8613637877701572,0.25270111856143723,-1.030939398749042,-1.2826004398526123,-0.11663992178996456,-0.8665144117743243,-3.487104843986485,-0.1538685876726449
-0.3946831055648248,-1.1191590261209239,1.3160000150997115,0.858711740960206,0.07101468394711333,-0.07766922397161617,0.821752715824617,-0.7834230747901443,-0.262145037948944
-0.3941331180233305,0.13607510832464684,-1.257922725425386,-0.22372539854846837,-0.3621858607683752,0.8604548107751874,-0.21760840684131144,0.14182890672118106,0.9867197790425487
-0.13129515909833128,0.674710793275956,1.624721979442218,0.7881042947285858,-0.7580047388652041,-0.3133076636114513,0.6702935906093093,-0.5701450304937854,0.9416961472639956
-0.05828877672416333,-0.3850932268237127,-0.24144790868518973,-1.000730140358897,1.728782802566873,-0.23811676579111868,0.4319259040053463,-1.0731145418204475,0.5144012853907967
1.0351889095015847,0.20998187887102318,-0.8288455595677341,-1.4090991887969566,0.901046682035481,0.23762950621440523,0.5982942628483077,-0.10447969303122931,1.8240545606196445
-1.3174109268651524,0.0765880529751363,-0.307123186399395,0.05052920164655255,0.21530535055294292,-2.8390142425780036,-4.337660707205568,-0.15570316261993883,0.3662828991981141
-0.630619279892146,-0.22990803343992916,0.025741209896698612,0.16532411582215542,0.15078204031834241,-1.1326652231757244,-1.5881646396876714,-0.008831525867165792,-0.4258736469302063
0.5638446851221942,0.6158420707499048,-1.0192790904078552,-2.08236948880418,0.8906342901214587,-2.8049221195202283,-0.5272000739284336,0.19331680670905813,-0.34301980145952315
-0.7303812109286444,-0.05815136856115414,-0.6672704195571681,-0.844015304665816,-0.6119121058080734,1.9299704540808504,-1.1614733067190721,-1.707857851289601,-1.9889567300257416
0.27532820717302336,-1.72120104943519,0.8001846326302382,-1.3270767938610106,-0.07043435438831615,0.32011067400791127,0.2832457719976377,0.0891734092623149,0.045268716154106804
-0.8265082349689795,-0.3421415738292884,0.33645622912111073,0.3717752949217298,-0.34303609329943174,-0.8925194760077384,-0.6569411162401069,-0.3679281024129779,-0.1475370850408944
-1.4918019652342727,-0.3247776200668851,1.6717171617189568,-0.7349336510146316,-0.5923836387622002,1.1162776631838722,0.5562633352211727,-0.08027675491136792,0.031862836243989445
-0.9388680589469053,1.3469056552333292,-1.7784814323656981,0.2577453118686496,0.9369374668072445,-1.2701164718621862,0.11287346537752649,1.179313921047127,1.1860005093386166
-0.550084791361971,-0.10166801866430313,0.49836086885530023,-0.25140798489098626,0.5034110362970017,-1.232362069642249,-0.2823974399928754,-0.05170477167241511,0.012068958544515434
-0.7314167870627695,0.21727321261111388,0.11041482362393977,-0.6046879010508114,-0.4355129581618615,-1.3252438881108795,-0.1285569839242369,-0.883380543363007,0.4893574421777748
0.22414645838929206,-0.16215017790958403,-2.3255965380331025,-0.4525285833590875,0.038041098899119816,-0.39943759646733856,-0.29429395542984643,0.8418123809638245,0.5766154138716221
0.20011630306322611,1.397889962101847,-0.028996536995423695,-0.05173304273330112,-0.231226139533412,0.21222434186176406,-0.9270255189077165,-1.3258428583649902,0.11001959160156748
-0.5780622192518117,-0.5982127108128303,-0.18504559599794723,-0.02288109658578519,0.7618561953252543,0.5673973358680203,-1.6786728787490244,-0.5778190883025763,-1.1031823303042698
-0.10588991107525875,-2.8463689527197142,0.04116894454764792,0.1905521382963786,0.04721735426639257,1.0034439981781633,-0.0042013102022343375,0.8940885673167747,-0.29059492996348674
0.3028498566806985,0.6967725555993001,-2.158272404821056,0.1362308787633939,-0.5728134686793189,0.20926445386876136,0.7234152208342602,0.25267446200902804,0.226087732773349
0.5866619640241294,-0.8509628625798739,-1.5807620176955968,-0.5995137089542444,-0.24471121306293084,-0.14498442733376646,1.2871505713485474,0.2124935904160837,0.2980293952427809
-0.5863049091319656,0.32333896975731397,-0.7759582046690604,0.5085066005360791,-0.8884943748349297,0.4086199574586376,-0.09727540947723462,0.531708937937603,0.7258879891089592
-0.2032741779128943,-0.4451224297297699,0.3288135731805204,0.021410176423916117,-0.07945881971590214,1.7765071926007487,-1.0967952453200127,0.42826033964720145,0.42396122119191515
-1.0705079213183462,-1.906781133418841,1.108572184402965,1.3848299699265236,0.3636240127180774,0.4587091454496085,-0.8306121350683234,-0.04983163158384672,0.5023642443750178
0.0448912509234557,-0.1294722701613076,-0.11663837190306213,1.4293173979870408,0.1340156289510785,-0.13454903014299596,0.1335082254229743,1.2099590127584727,0.07522858424576087
-0.16372935193065827,-1.1385054019271548,0.5303470378415536,-1.0908728220854103,2.4016715913341766,-1.1512490311008428,0.4475911137829811,-0.21173840244257103,-0.25303328033499056
-0.8062880034762531,-0.16487612273584784,-1.2487713362049122,0.11689301413456442,-0.8475407776021127,2.3271175419829464,0.12478642169539522,-0.460823943113249,0.03802821370148047
0.0559270396358522,-0.2164660581265456,-0.45548369303815145,1.2939013580265362,-0.2886579742526794,-1.0472599621350476,0.7050893348146513,0.7491409806688191,0.665601792542393
1.6362197585719922,-1.036254440563084,-0.42309399774747714,-0.526490587095422,1.025595572554543,0.24244941775467332,0.20099074829328353,3.4126867140735717,0.08070595061294918
0.41443103024837075,-0.157794504141424,0.034822721388031615,-1.530187306578883,0.8975750944210212,0.05606599303398898,0.3353546990024459,-0.6606442030352448,0.31406513520858226
0.31036902369639147,-0.10874191039640553,-0.6898976479254374,3.0768967886813976,0.493834154524673,-0.2401598127829648,-0.634764817715458,1.4965434078780835,-0.2567200680521134
0.39191247412379565,0.3280806472677794,-0.0867897442355907,1.3407250276586176,0.22217571356227822,0.5585760630987858,0.3878487854763686,-0.08184221541594618,0.12323013808099159
2.8656191698068953,1.0812844577003509,-0.04928257784358284,0.20287549681376124,1.6906951573324212,-1.140664041333027,-1.6034829242125779,1.9289434248301953,-1.6244480544665936
-0.06530964545137007,1.4061575218662161,-1.0646539659975607,1.17099069987429,-0.43060698885500626,-0.38586064055734864,-0.24535869239640745,0.03872152570885292,-0.14801910632254892
1.8576013209537352,0.5343894542771886,0.8302841176739572,-0.7799883041271236,-4.200425120142647,-1.5640782358555096,-0.07369501950193338,0.06549834516429265,-0.1542648380966913
0.03876810396371755,-0.12991072279947352,-1.8670986560818859,-0.20198362721697058,-2.0329596433542103,-0.14206020786838144,0.20465057137926373,-0.11488510883382781,0.28348434458486493
-1.8673251993669315,-0.3589732239469161,-1.9165440910605231,0.7938018769107809,-0.8067509547852869,0.0907814657185904,-0.44681985250566564,1.9749663217751448,-0.42955942143983333
-0.391648186124172,0.6143793527347186,-1.1036162681765307,-0.06078552744446166,-0.268176145079374,-0.10015579545303019,0.5299015850032316,1.3282630947998573,-0.7823575748945117
-0.1869641881032129,-0.43618734632044776,0.4268233227699835,0.7540515679057149,-1.0272148273606734,2.0265271158422404,0.019634975323244007,0.06832576279235038,-1.338292686691088
-0.8334653551005239,-0.1766238287311371,-0.009558931785768872,-1.902587012521199,-0.2874864509556632,0.5490735034596596,-0.47187298217654733,0.11342052163052221,-0.05167960471227558
-2.5743505808036597,0.5168842974561036,-0.44119125989594615,-1.06104722844835,-0.9583023694924894,1.0511259801150767,2.858519031206627,0.07452323091475911,-0.36197510694910573
0.15674744519000275,0.0017555050823838505,0.0807567467945581,-2.1636761531191984,-1.8012154858858433,-0.539726621455999,-0.5508484139411453,0.5214138972462767,0.8792789695203589
-0.3757326428395234,-2.066070482238008,-0.7271332282184794,0.9013800341560229,1.1395648166135497,-0.05128422498926968,-3.259242812271039,-0.20084030396990654,-0.09700432460064311
0.2603148909113825,-0.7294917815192405,0.27949687411359586,-1.7292603781213247,-0.3224968900547403,0.2879953720189588,0.620764496056392,0.6591750320489158,-2.236394404411137
-0.06203828584635642,-0.15074780220340753,-0.9334310954050716,-0.5812551608843666,-0.7012154229698251,0.36691140710850567,-0.8267601161891347,1.3101266957276771,-0.5782216163921132
-0.35328843164499774,-0.839829794042306,-3.698734580389968,-0.27289718306043625,0.07684876535684082,-1.5033549448124992,0.41156242589591474,-0.04182438192955256,-0.07586179572165826
-0.10260662840349845,-0.038915430781577824,-0.08412931773115193,-0.8310856913489683,0.005536850149596368,0.08330861244879247,0.2906487563698247,-2.0612634563459094,0.012295093517726414
-0.7663111474290101,0.08366329838687413,0.4781110963412395,0.06698985097929898,0.5257513811201282,-0.4456656163575356,0.886672702933334,0.7576880067518793,0.23694679598290425
-0.06739627734664595,-0.4933616760659686,-3.679766957162035,-0.045137202360393175,-1.4410281697114116,0.4163649929083433,0.26399672359544185,0.13055452222388458,0.5221198243077826
-0.7866484188291019,0.3341306178824558,0.9433404622691323,0.700127898290242,0.9489266962474733,-0.7496839658914453,0.038793930527536026,-0.6004824042544702,-0.8768339422803321
-1.213562597614394,-0.49075153339448246,-0.07710515821149763,0.47896489841823225,0.1344433997672759,-1.0032745769454747,0.08486161790015767,0.5482458506067012,0.12314166291196321
-0.31795846025192404,0.10885703334286646,-0.24200917719682127,0.30186508172404414,0.5098439403018465,0.44541507619161985,1.0815984692336365,0.6412806220539041,-0.8975986437225967
0.9806027494800511,0.5060404334839352,0.2466136687190569,2.3973029885708246,4.743595965548842,-0.3467724540649114,-0.8323447224012168,-0.4472405929020248,1.5604194586104034
0.5077632790306756,-0.2707192558184028,-0.5223965128311452,-0.22650771942527279,0.05897941571346775,-0.1801846600235034,-0.6679104896744417,-0.8629982811787759,-0.6767308924764981
0.007241182654441232,-0.4447940956752851,-0.6535150907001565,-0.4370970914935183,0.5123746495940376,-0.4279102804097626,-0.5313330460070048,1.3626075041874564,0.18252106151095193
0.5447479382711113,-0.24098435636115886,-1.1821266144816054,0.027155743321425712,-1.2231872980790202,-0.4356385679917943,1.3647061765715596,0.3737158933540932,0.8554179315476558
-0.13779041276318518,-1.0997749831626487,1.119156111531319,-0.4396979936975865,1.0335771094862423,1.293585060335261,-0.11507485463356186,1.2209741412020951,-0.49053115326287094
-0.24137963076222202,-3.7818402869606125,2.163376456775,-1.5701146069956955,0.9687469896742896,1.3449177467459201,0.07889366064904994,1.4584255858049344,-0.6164475382075942
-0.0059904732681719365,-0.36056421646562276,0.9256689229189561,0.26336375828008673,0.812097512427848,-0.06876474599985144,-0.043810323431123684,0.7922687094600201,-0.9586378832764911
-0.9327663579491449,-0.34498624741293615,-0.3507166240703245,-0.1691366526282588,0.19624642922209545,-0.8466271606625122,-4.430425354201072,-0.4466554631419668,1.049194468156582
-0.524794706560407,-0.19803169756305805,1.0616706567344982,0.07221725798386114,-0.01934432892261956,1.3061675468498277,-0.2668152517438958,-0.16453388837367316,-1.0113426225789557
-0.30134266697457485,-0.5659731844826373,0.5620023601278917,0.8317180511998861,0.048864806996441454,0.25621272577555004,0.2003736784371143,-0.39669756038525605,0.049308194694360756
2.248767534924859,-0.6840068517919908,0.6208866620376527,-0.6803247868134293,0.5903901707857466,0.2812035044785349,0.22922419796826937,-0.3782505766769152,-0.03622529259672141
0.47042451830896903,-0.14527549183317265,0.2455075775145373,-1.3905117215055967,-1.2365605477637676,-0.4439821795963864,1.0330035078981428,1.3822973965202152,0.8575913294261577
0.06758536225126162,-0.8311303695087396,0.08203545596335532,-1.5076149410904371,1.2805217907823203,-0.38253652712460434,0.04792968443317966,-0.978069197285038,-0.4730508546757998
1.535621131514969,-2.3366793678839404,1.3045117464874059,-1.1861157673530331,0.35022216692086305,0.5831545142015364,-0.5900471340315789,-0.8894023050868107,0.1022670170836525
-0.07333389993590249,0.6277912666502977,0.34880878931467296,0.4543789208018152,0.1586540828073375,-1.1223544808314687,-0.7717062585111154,-1.2103243422183532,1.551891219492998
-0.43962007956529553,-1.3473237244067584,-1.1739510721596347,-0.0007067053880799565,-1.273058638539193,-1.3417384048370726,0.6006112841106265,0.9422634075560278,-0.1517350738514704
0.04014864987730039,0.4230199390688359,-0.27820679775007584,-6.779961441851404,3.7237332984342277,1.907438728673442,0.25035552499236696,-0.19031254803300013,-1.3974783061432938
0.07617437074064087,0.5474839418359304,0.3556518159075587,-2.2640245592982997,0.07043702233892987,-0.016153480216436228,1.0312414909566525,-1.3823433112030994,-0.8370704527874555
-1.049258179951849,-0.3753149530274497,-2.619729728186927,-1.047917850116749,0.5868473928289826,-0.022225136828480502,-1.4185030549285513,1.1946445411729083,0.07008591618999757
0.5281738514037653,0.5539574574199546,-0.6188438940000589,-1.7560895143569055,-1.7683495274981693,0.5128072861942933,1.0646135116526962,0.09434003422253293,0.7211921624853911
-0.13761395854702257,0.9105401665165312,0.8562297127718954,0.06627796403384714,-1.741078254338331,0.06962536302403277,-0.3750382984194592,-0.022764809352073777,1.9169203215464952
1.6795147582183472,-1.5873216440814684,-0.4848478936217297,1.2205438023389956,-0.8856777226599746,0.04345696185972561,1.5153365165318755,-0.2927079504855498,0.4706785320773027
-0.26477422254310834,0.6464035582474332,-1.2718438429722203,-1.9290381861166965,-1.3309017847337854,0.17520148577183872,-0.262845911040167,-1.7865500404047845,0.39532049488013876
0.004880898248588346,0.0030500308826962226,0.6078076134850015,-0.04913993711042256,0.7058782082379634,-0.4929165040909126,0.6086844637573074,-0.6527812200590118,-0.8813985547403301
0.3947460744747351,-0.8189669340061585,0.601939471054172,-0.14463877705973552,0.05185791841565024,0.41139800247075375,2.0772206425183795,1.3137609599294997,1.3676141065160548
0.32849105885246527,0.0909763005124226,0.6684328262352147,-1.0161841501840525,-0.2953620221564123,-0.0818931113001754,-0.4354229154152378,-1.1229906296803356,-0.507717723441791
0.3176615713357964,0.7137221833575703,0.3593094881700075,0.7210364670279297,-0.028620532362448537,0.8095888272935748,0.7213304433618145,-0.3816145138486799,0.9704552444331718
-0.22423874882590375,-0.752897939174357,-0.987062713571663,-0.18000648562744623,0.8353574864692433,-0.2326635988772939,-0.9508891881052332,1.053178191693178,0.24148412670430316
-1.1174341380651254,-0.6688428284546662,-0.48954129626481824,-0.2768873436185475,-0.14185111230580782,-0.09274207885873538,-0.6951242109485818,0.6567713047949228,-0.8864314900003226
0.40179542038432653,-0.07285924446499321,-2.464870673250256,0.4583757126098546,0.7090428525527157,0.3980421059623971,0.6209076455054933,-1.0039201064135423,-0.0339294930507725
-2.375729829036022,-0.4850247492538014,0.9274305231967249,0.36848638904408315,0.22862751690114944,-0.5488771293831268,-0.10008664035391086,0.32618373315071925,0.4149209293488755
-0.7092031856215474,1.3983832958182745,0.4036079417326385,0.029113580131517502,0.8145374787296568,-0.7426607609601499,-0.8322004298564151,0.009744799189096943,-0.7944791289315816
0.7645941544099405,0.3149881876515527,-1.3605692122102602,-0.8407030784085884,-0.09998260591419439,0.0168410906882372,-0.5988225312067512,-0.4446047345033959,-0.1094893569612157
0.014413919591735241,-0.3656616342873948,0.112083251970369,0.1010804648194601,0.15994809813458788,-0.4351687939303316,0.2633373804768079,-0.39343534168281635,-0.359434333581491
-0.07011389362528572,1.564122731350227,-0.12311702827847272,-1.6581454086198482,0.6316884290590719,-0.20067934748757282,1.171245001428971,-0.34432168592629075,-0.02181243587205085
-1.3637277608842997,2.4786455530642035,0.5128148154772506,-0.9424516428871623,0.5850093220817307,-0.5832820773658925,-3.054414890758228,-0.12973652260952429,-0.4796141856950172
0.3854340728168394,0.176188684024672,0.6611966904780938,1.1881712312751445,0.09332645875288144,1.075883157003676,0.23510216372654058,-0.6744926563699157,0.7651082734033336
-0.2167606743760867,-0.10745132581891245,-0.44226083085861967,-0.45971876729224126,-0.2240663447032409,-0.2093203335949873,-0.3965588287179758,-0.10092260415014423,0.7866170615798715
1.0395334178449278,0.1185584177799634,0.14302454156929936,-0.7709708140740453,-1.1949712856677206,-0.28826002728179867,0.3402410737893981,3.9050138860354457,-0.36298198833833295
0.3430925467956804,1.2807685536055933,-0.6951658624031921,0.035289690314372894,4.3595977559716586,0.14868261576523414,0.42992750362533544,1.4019938348028809,-0.07389765379193532
-0.09448628054969355,0.32405968630414317,0.12819196085399298,1.7950994032072747,0.28739457617993547,0.7366660387581573,1.3338697755105908,-0.35330118741825545,0.1655557739694028
-2.6203799534461347,2.272153321346238,-0.5968337807775553,0.5582587080316295,-0.49964596917784176,-0.006002610132008511,-0.04779607560949525,-0.13974039387487835,0.12385899084294573
-0.25940784705428255,0.07104964373373196,-0.7939396323472407,0.06981801981058916,-0.6021189168243188,0.2949325228636117,0.46255182123934724,0.19357159311193342,-0.09506436398916969
-0.16564492313742732,1.2779388373499765,2.3138738291806225,3.550188473891977,-0.9678329129223954,0.5999564593044598,2.031321396531343,0.11948754765782349,-0.13940369529454227
-0.26307623505705496,0.6039960894130781,-0.67945563464648,-0.4710978223665052,-0.168578747612232,-0.0799517075022844,0.45876552909611973,1.211117123427175,1.163540537946104
-0.12428598540609115,0.973248881928341,0.025818822286839783,0.28218209195124744,-0.3608749296975087,0.8391769353867268,-1.2064891125760144,0.7529666616217053,0.8956566390352524
0.7599803156076602,-0.5232198780092687,-0.08147115465208192,-0.03839831792949014,-0.6486611561299267,1.072391605026643,0.363620633230073,0.8161751688003221,-0.08639700601253428
0.1355955736032051,1.2242556083515792,0.10067441597430335,-0.6793566990414526,0.47081322134858894,1.1086197776311406,0.15173796494982575,0.1219899461807504,0.8718316388618154
1.0755693810903624,-0.4254309926548079,-0.40340964765463266,0.7840307302597773,-0.7369050276573132,-0.5801770558865987,-0.2271747656551816,-0.9770169915075022,0.6887115177530946
0.18786788575151644,-0.31126205754032166,-0.06453229507202295,0.5218260338876549,-0.10940074445923359,-1.623125296636317,-1.9926308034402538,-0.2826980217525527,1.2422097180539586
0.3681163332192429,-0.0833972875052025,1.0353218666024988,0.22438091372878402,-0.4404852205979977,0.3650859743765177,-0.05987417188509754,1.9541468137090983,0.5816279730257898
0.5717286054968009,0.3179411271958881,1.4250382502860937,0.8339033078514343,-0.09062677287186667,-0.47364895541239604,1.1045623075619622,0.030372297322267185,-2.496454902401822
0.006930444673125021,0.7736848825333922,0.6009267089403516,0.2769542234031054,-0.3864019672262615,-0.21667166746514027,-0.1018298124737269,0.17645813634839666,-0.5740212395889919
1.4991152335573545,-0.43912427931939446,1.3854023239370767,-0.16388363904022196,-1.1134689096619286,-0.08440149936693456,0.19543302436737306,0.5694507780570685,0.1347953602061881
1.1434128075142402,0.33006752437465037,-0.1562169258838934,-0.7834876484717255,-2.538139831945004,-0.5695575962558661,0.059806942428302236,0.0921536324077601,-0.015289249616240773
-0.31173731669007665,1.465031186591965,0.1548013993772586,0.6642562878688117,-1.1519846075041267,1.1240085294713096,0.18135282303231717,0.5660923495944348,-1.69370129308053
-0.10329495017709019,0.6173395056842628,-0.19600541355053225,0.2744251417370729,-0.8554982710494188,-0.060624626831520194,2.3027835404731727,-0.31770059086179936,0.060020985023731196
0.12827152849245205,-2.262196485444139,0.43081118142185987,1.2334856223283641,-0.6621463699261245,-0.5221947101965684,0.6525934358165103,0.017459173834697514,-2.6906841929047642
-0.8443721556571917,-0.012620703286497384,0.20142970890230857,1.5392155100493843,1.8841163653055815,-0.12671181610138388,-0.13162691402011437,0.6300559379219571,-0.3548196835089972
-0.10894982264354414,-0.048193334566803324,0.9135205781935652,-0.11680798156459611,-0.4748416021471981,0.7805642585588813,-0.3148902781729707,-1.1335414781221615,0.39279320642635185
-0.568856333049064,1.9451063815821872,-0.262785636787057,-0.168955029393522,-0.3980341648085077,-0.44213621656399144,0.5855720975598541,-0.48306767193721395,0.16495946125855804
-0.4831141944641773,-2.6074160344823105,-1.4781555046547599,1.7064419983417751,-0.10777249412103464,0.30918761713079784,0.09199639923483705,1.0680942072697226,-0.5583676009612538
-0.3787064301980856,-0.08512295142656348,0.05188838637547148,-0.335477245142353,-0.03431242928147919,-0.6389823549196054,0.1065323253257045,-0.5670544440126116,0.9514015202586859
-0.707395992285302,-0.07800440262780993,2.6739473597380297,0.7935828843860814,-0.012518989547070867,-0.3423727361511932,-0.35389713709583837,1.5416972055748812,-1.367216846493586
-0.4408871029343787,-1.3039217212835668,-2.6126822827827194,1.636783764422305,-0.3656706381050907,-0.3207614418676721,0.05498520248546955,-0.2610433130304425,0.47268679418938153
0.7462982870031528,-2.2700797645378077,0.9930822983448956,0.589168902231156,-0.8818870172975593,0.7833117400227728,1.4693339375433225,1.0933549727081886,0.5790677799689509
2.7259826842604498,0.2831077649926376,-2.5287934689816587,-0.13203560213228777,0.5115019825401683,0.4801117058982106,0.5712334757355166,-0.2893310395518111,-0.029914405865696873
-0.07486056557583652,0.021356708672163747,0.0638833145474119,-0.5255543171889542,0.7094455404450762,0.7084317652433219,-1.8160935143856483,-0.6471365593300907,-1.0189165708513852
-0.2805545994529096,-1.2199339258119377,0.016395774585157563,-0.6811792946035379,0.14006301559088574,-0.468525496650943,-0.16461562179788097,-0.04273113461155258,0.25174515651806306
-0.16183217066994263,0.31643948209023987,0.22013735164480266,-0.5438859145208305,1.0018190248009655,-0.3695524976459579,0.548429035091969,0.4942528670903372,0.6261001285377757
0.6463465713600386,-0.043264769189470836,0.018136305588606315,-0.32445721255275484,0.579127078731312,-0.462174621592022,2.251332585858427,-0.2811803328072975,1.1962026659443925
1.1879422681185836,-0.00562268269522021,-0.7536999745775627,-0.6995440832151317,1.0806411081355671,-0.8332071158121812,-0.6002590810020237,-1.0602883998514,-1.959921476415022
-0.027642974275040443,-1.0430883298616298,-0.6351486739139415,0.8966562567414883,-3.139568434267994,1.6067027080720238,-0.1727273843420289,0.27765919648882387,-1.1840415833611682
1.2086916973067927,0.48380737226307036,-0.07779378986270231,-1.6189209625377274,-0.01232311579391382,1.0604961236104282,0.6734952380287856,-0.11264433760693186,-0.9426042803969242
-1.2542207638652565,0.07335100622880945,0.5077823616682207,0.5749999035210811,-2.4582428302277517,0.18638236580189885,0.9739540425900436,-0.6746700286638064,-0.016877113341603033
-0.2640398898713943,-0.7594183083342718,-0.18367719284694256,-0.015018791160780339,-1.2867149075093132,-0.3242280244673411,0.9281457694863435,1.4367499193273223,-1.761438932785753
-0.6587222439093475,0.27254752329157517,-1.6982372047171232,0.7524370516390709,0.03941646460081833,-0.5643732029011544,-0.9979519883431168,-0.2570927477692021,-0.9466463712590738
0.8143294806215847,0.14788980758143452,-1.0524516625803226,0.258497756160488,0.8804950425911582,0.4717179026505822,-0.8422433739285535,0.05577652441390558,-0.45595644349011155
0.7751461700215436,0.18813841012930219,-0.2911700645492821,0.432125954169245,0.26196281114709413,-0.044462334283733675,1.063557630336548,-0.17405935935173625,0.4202588252554726
-2.29148448775886,0.5390912011811266,0.26189055280835344,1.0026926926976076,-1.028260697714472,-0.7066528796019406,0.9475100871212188,-0.10136550044444594,-2.1652973681617858
-0.06071016053571066,-0.08050988165343091,-0.9690318438379881,0.8222627900086681,-0.7224546993192301,-0.01496009804077685,-0.6918472280520561,2.13330597071135,0.4011190265336151
-0.32761810732435315,-0.20885356999593988,-0.4106557486188785,-0.050941688736500845,1.566791071021132,0.35611147475295396,0.21652555969719367,-0.05614123204696946,1.8497506832501143
-1.8498720909754216,-0.8400345754699681,-0.8448135586700449,0.0722026705168635,1.061967509618573,0.30634122792352514,-1.6741478425278158,-2.602658326562528,2.285878901143937
-0.6575475348140535,0.22815213552936386,0.0012962162347813176,-0.5489791233604333,0.3646228389038627,-0.9954269580171483,-0.08973192785793244,0.02543651978166617,-0.16405569343181298
-1.400074577165459,1.804232892629635,0.5540083630400363,1.2627627534633028,-0.30698724760737284,-0.8472892737727882,0.8808021284179627,-2.96181417968818,0.04240282671789633
-1.3542535345216218,-0.5471886795963086,-0.4495156992184072,-0.8208975822756881,0.9083206903443768,0.38394448629826705,1.677441717988579,0.44514614726512775,0.11933188660494298
1.5744271881278489,-0.05734358411677977,-0.875789383122366,-0.8248973873671209,-0.6119001583958282,-0.4876809744863682,-2.2604408207812425,0.3523203323444194,0.6440243482431428
-0.20326825452473676,-0.4965386172636769,-0.519142981910931,1.0640559735696282,0.9802172430621836,0.16928816844784295,-2.3456553446706585,-1.0403888341050969,-0.9713744470082838
-0.22696846707600304,0.05947061884463425,-0.4278733455379316,1.230197998334773,-1.2966563271060196,1.4909374184107986,0.4242255314046425,-1.1114635312181296,-0.14604450226308663
0.2271904580716067,-2.6190500674008828,0.3026052266560935,-3.0587782765291522,0.057016254279431966,-1.951448627086065,1.0061592211067387,0.3744089133265685,-0.014211512209269491
-2.1627735211271704,-0.3677338202459537,-0.8751320600528518,0.07549383710069806,-1.5017674128866259,-0.558350414140815,-0.677639338193464,0.39281318398084814,1.2510688052314853
2.0151523738013135,1.7484269203283584,-0.8352280899781531,-0.39439146841033423,0.1721445219877177,0.8497407101736077,0.6364952290207955,-0.3919542941358731,-0.397820433423677
0.48862558598829164,-0.10640503373575959,-0.8218835489630067,-0.2906446017067037,0.076056422361641,0.42795646340807314,-0.16948602277040245,0.13111794796758366,0.3372441166370622
1.294870070109459,-1.7643126817490224,0.013438033148430614,-0.4139231419713706,-0.3193700406392443,-1.210462962175369,-1.2100651745290802,0.4157093957144588,-1.0124036431806005
-1.202101180877693,-0.498101080440552,-2.3130150846501554,-1.751096175049623,0.8245380016596122,0.4078654824963464,2.9658335733655146,-0.604297391510609,0.6055000570245135
-1.2935725263273263,0.4480429363448931,-0.02655710042031237,-1.2903336957499674,0.018427669130191695,0.856732178598381,-0.013735433008887857,0.15870334931810218,2.7051920300729986
-0.32411311258655984,-0.27418533972143627,-0.2879515815465717,1.4017044101806269,-0.21968893936795955,-0.03622575750840227,-0.9792893839738047,-0.22311495579770912,-0.7631417357062844
0.3747234980608964,0.8723522248617046,0.2549523018905576,0.3189566757489481,-0.1932483950808211,-0.166279998931086,0.2622981041102319,-0.9983235223365108,-0.3526245703462942
-1.1362748246481542,-0.28393736043520656,0.014529152773919049,-1.4544034129518715,0.21523777069221883,1.1886343121255136,0.3056750378457995,1.1243076573522455,0.2407444729929365
-1.9976812011565777,0.20006583435739753,-0.47442813652791094,-0.14421846311329548,0.7046919587567376,-0.9553446439269979,-0.010475691080953345,-0.2387220931513519,0.3295372777960722
0.4712922681083289,0.8002706405474607,-0.3537671112105656,-0.6058152456309732,0.03719440828586859,0.3869195730790527,0.25260229816705104,-0.3175415516161639,0.3775544627627565
0.3407313755361967,-0.09442425202758667,-0.746515227061421,0.5194496291948427,-3.378683696227865,-0.8376771315377374,0.14999724099674763,-0.1919269780497167,0.5513449735479456
-0.2209853163694776,0.7851516277945814,-0.1333685607611706,-0.2942226687101191,0.16150888122473525,-0.19147198678303534,-0.07021116692500114,-0.16533770914197746,0.27205924805499665
-0.8542175875098594,-0.42552603205378536,-0.8778965691407199,0.6622060639244277,0.02035232837901516,-1.5747060090538125,0.0671550777718587,2.26137754035256,1.3934260304649708
-1.1083687276219405,-0.9014296209637637,-0.6057104527594542,0.13382997562580085,0.9264824077214276,-0.6754664863373689,-0.17501970741391376,-0.9377136020360252,-0.8398201435516616
-0.005376634489847853,-0.3758945231885092,-1.2440085624920492,0.4767129372125931,-1.0755606359494547,-2.042447788343391,-0.9656232358865607,-0.4398353691588895,-0.1830434529763153
-0.1481867575495741,0.4004829892821639,1.1092603522622653,-0.382715018352318,-0.03447084822334814,1.8115312064505176,0.26279459537255345,-0.619971841772551,-0.026174809201142832
-0.21355757279888926,-0.9381501196456986,-0.07414179971803249,-0.246724932837544,0.3315791204843387,0.12109702624839727,0.7752493459746798,-0.8861343028907779,0.12876758109444103
-1.2246154436195718,0.4901394579807637,-0.3319040519295137,0.6981149602563853,-0.3360996355348155,-0.023820150968861545,-1.6753031763985449,-0.21771112243940624,-1.0725199603128104
0.2191563480329093,0.8086570886813143,2.384278669623602,0.013613056649189204,-0.13059621808267913,-0.7221087074252974,0.9848402283124701,-0.19894736722622197,-0.08300924837512716
0.6305495823450898,-0.25710496630200663,0.6425786790346377,-0.6128813664954122,-1.2835441631203515,-0.16412321494224488,0.3647708795154986,0.19219558515240034,-1.424087217164419
-0.296414691388827,-1.3374284647268542,-0.894876571259843,-0.7251031316326791,0.999338023694534,0.3427936568659088,-1.3087241658234607,1.9342877340618772,0.3263493706127774
-4.647300933813223,0.033546644193855044,0.2865499085291118,-1.1743644623607645,1.294517656170533,1.5063968035980206,0.36043004485963837,0.1647108749242406,1.3767390386224079
0.13254711099332453,0.3883495624871527,0.34003794128162484,4.603615605767723,-0.4461725095379432,1.182247993723885,0.10302214641252179,1.736846436007153,1.1767464067244526
-0.23216401452089777,0.4025324988930175,0.9692538719793832,1.1476050344850197,-0.7981386246097488,0.5037391209275762,0.6451935443655924,-0.22002546678875673,-0.2961049834489484
-0.01189489501097432,0.6096145537398052,-2.2121462314281355,-0.49124010447140604,-0.21241929351251546,1.1226830955705955,-1.1631058489855686,0.6163838292861602,0.5497105877609009
0.23229073060719443,-0.028198740667651708,1.9833343835928605,-0.045386079511971815,4.256032194031965,0.29419129642718633,-0.5357897197768535,0.1922479555791342,-0.545685362304951
-0.47253771731303634,0.0962547040523913,-0.4349165379892419,0.6004591006649806,1.3162575162050396,-1.4038914090241057,-2.1675669418898726,-1.083505439148504,-2.837373560643806
0.30857084375849847,0.09811554690776113,1.280590165914252,0.2900940204051486,0.7756229778088857,1.3658074794369237,0.35240440663690326,1.4474708497246358,0.6206009306935375
0.2956181985799834,0.3753424546563043,1.5587110869705345,1.194176140029378,0.6399973559063046,0.21577257468693176,-0.5842444193531456,1.0516888021164876,1.1320219190976781
-0.028594606256796166,-0.9185394183533847,-0.17135981036897951,0.9656742034499428,0.08182579874868846,-0.3578816757114597,-0.28712196071355367,-0.1669446159093303,-0.7423889812119189
-0.37583149656932985,-0.20652945310058743,0.40049941811187895,0.3079041762326382,-0.13230332014726504,2.087578144439232,-0.2688815903361303,1.2874664772480033,-1.8413034251290248
0.03230108438958874,-1.1623955089880074,1.8183077643200187,1.4782793361591786,-0.036888946349086627,0.21434582417226358,-0.7064249037215533,1.2211759416474508,0.6256036254672908
-0.2989386997250687,-1.2035359801662115,0.13196319868469727,1.7390038812271318,0.5507826513791252,0.2806711003146722,-0.20732222272944154,0.22888976720905008,-0.43020627398817546
-0.21475998877548944,2.0604805525403753,-1.4788359535398823,1.7305771184150018,1.501865519878419,1.3455145967665625,-0.6754841985731613,-0.20812174734156638,0.95920131565313
0.5499383546251614,1.1610051635481178,-0.5660111293538972,0.11174087616863554,0.12652788473541346,-0.644631102546487,0.49031400522955926,-0.2553267664192777,0.16916623630189898
0.33836000108040354,-0.4046666060284341,1.855976083029565,0.8024222132501572,1.0341000456377587,2.7388685540620985,0.1797995560965222,0.18581706696112962,1.1509894611431983
-0.426095024830465,1.7860669003478347,0.14027221985900545,0.6617633868881798,0.22258753514810528,-1.1730453391460387,-0.07434233953190905,1.0700492845557394,0.42804698689618925
0.39662562782428307,-0.8935390766337856,1.139836555786965,-1.394086368130129,-0.023811338342779754,0.3665251390137388,0.6564347205322091,0.00823243873485256,-1.0743024730521855
-0.9607068627658693,-0.3537850579945473,0.29510473841306767,0.01861169369325703,0.1553280594876312,2.5614375555856728,0.21286915815068919,-0.22048750308571294,-0.0799234841259239
-0.4953723835321619,-1.5230418792218732,0.6918646161034231,0.018386356265950515,0.21593308952364618,-0.9856127227990142,-0.6312238392650275,-0.09392240268589643,0.3051408769456991
-0.4010316773022807,-0.561651358732728,-1.77397752281099,0.9853428242597572,-0.1300035401864108,0.2013965952803548,0.9475655888440353,0.438235171668994,0.03296812396250418
0.8689935905578312,0.9100244216899074,-0.41103573525860615,-0.003380495680034855,-1.2182696987123827,0.09905759450438742,0.6241522149561444,-0.28498637523206,0.340520800979274
0.1469834955390701,0.8134794366022567,-3.960362200451606,0.09529403837124907,1.804692492147197,-0.42068376551935277,0.330218357523003,-0.812383328036147,1.270618983581556
-0.738091140933219,-0.1320505321824087,1.2114390623963631,-0.550276642189065,0.48897856806867696,-0.6322714244255525,-1.195675106526869,0.9224098081306624,0.10965718364745841
0.1924796386292493,-0.6218054839266947,-0.23389816452350543,-0.980504755175187,0.3086575379354805,-0.2545007786571143,0.5365426816656579,-2.911025970494691,0.47006269932976413
-1.0981120963014441,-1.7252173463378404,-0.21873720394471372,-0.5492596113463293,-1.0963326639696307,0.6643348273582629,-0.03945505650843664,-0.16391470769947358,-0.9476413250085131
0.00221780005692715,-1.6998689704426337,-2.330012755995783,0.11972644316874127,-0.30615009242246793,-0.28758579962028075,-0.941365111338541,-0.2072013983886961,-1.0312701826480066
0.25476707111447305,0.3225655564551425,0.6577872436094099,0.43671592382736557,0.755842971577154,-0.6166821835541464,-0.36495328815954564,-0.14940585971754775,0.49552341831467805
0.9502245104533797,-0.6192237357889424,0.10026167907289152,-0.03967527167628467,-0.31406327844553383,0.07933063208150848,0.40390935327951777,2.48304295789735,0.8461740144141381
-1.7002386340671485,-0.09472133299295489,0.1740912395316107,0.3966122085427632,-1.6852839969014657,-0.5795437968801144,1.0122926247552075,-0.5174506322562878,-0.6368990111412843
-0.436036756781108,0.35706855519106634,2.56486422146938,-0.8704389386267314,-0.11007763262578872,1.6981180105557048,0.08862983891148496,-1.3940997762515688,-0.8381813453014837
0.5251090674812444,-0.6224195469323567,0.1212615872231706,0.2434200650743891,-1.0225598359839896,2.3757349809195247,0.2151385011338204,-0.8721239091995124,-1.0765120048799448
0.03890269595861583,0.5976111558091509,0.8832882947172983,-0.15109784628848258,-0.1200467222292581,0.07428198434262619,0.08031474617241571,0.2883341607779153,-0.7152013730785215
-0.8734149064994472,0.30248164794572113,-2.0729174326199473,0.6746820607319164,1.9337617713956505,0.30686589940666076,0.32790758026784816,0.5353511160072019,-0.5877588858830615
0.36282249765716645,1.0902999683650902,-0.4712696944466209,0.23167742177794712,0.41702003838753676,-0.7413397388495823,-0.5361631673134158,0.2644453482287224,1.2791771622839554
-0.14035262699768158,-0.45673769635569145,1.1355764372142851,0.6076672169891761,0.830631077840247,0.15892394056670422,-1.555271266267962,-0.3338621070116088,-0.22152619388033676
-0.1442290498582628,0.4197156639347992,-0.4776049363077168,-0.9185123311907528,-0.888945126591003,0.17258886771831292,0.40196274383319547,0.1073638214553046,-0.169608109323868
0.41662172751894844,-0.5681109367694033,-1.5676633446943646,-0.1161171198425293,-1.118009396669258,-0.12022949181404456,0.07007018023236128,2.019767264490296,-0.61728414634388
-0.15880797958231194,0.2926193125877113,-0.6646356032570574,-1.0287363808169696,-0.38761611712688193,-0.414574333384774,-0.4553564442168022,1.986603106586225,0.268195222972956
-0.2576587184894022,1.633100293813431,0.6774575142625587,0.06211395481972773,1.6358177944651133,1.639448551021688,-1.3245302589405339,-1.0437485894922425,0.8141304584811366
-1.5112633781661697,0.21511110170605158,-0.027095822056063416,-0.08235931137391705,0.4896185595169125,1.2078776915100087,-0.06788725885390795,-0.15880612115884574,0.15512938039869117
2.5979497939638803,-0.4871845801331457,-1.0863429420709003,0.9233849551852091,0.4254989347609352,0.6217214593716721,-0.566373280665695,-0.9752562646724339,0.060184889909626844
-2.3442513442772324,0.4401611588163619,1.4850360623970429,-0.6519736050709504,3.8108907198393487,0.16972688408109413,-0.23698031829779612,0.6827690537314651,-0.3228364589486766
-2.149196694021623,-0.09257195398042393,-2.380086595797111,1.3337326813019474,1.1616502549273666,1.123475857850169,0.0010730894335479182,-1.7683946746252885,-1.1464135203438535
-0.19198536548523712,1.3574776880926924,-0.45332747383185473,0.124110241601312,1.4439747476967795,0.44454272675276724,0.012954137831413765,-0.48334473667623845,-0.09869167430916441
-0.7721888630690005,0.00844790102515633,-0.38814632396153065,3.4905955276658296,-0.8508945149842454,-0.1807218450104464,-0.996305304192193,-1.5799840752120302,-0.5815778805155747
-0.07780805763567686,-0.24885840839690646,0.39321645961183094,1.3569041939783533,0.6702632989341528,0.2690603740774906,-0.41925596797649817,-1.0653265314106035,1.1702540779964958
0.13518384546865855,-0.06565879856163176,-3.681324434650876,-0.5617770765120811,1.1076859725560613,0.8308146657743654,0.4878758034789065,0.9893407607675638,-0.45418637280343616
0.4588374312013176,1.2099760521799763,-0.10684342208818641,0.16173495145052733,1.1289205369077746,-1.29396387541087,0.5016175050153552,0.5423586191040055,1.377976784392519
-0.00317340152423012,0.39728177963964584,-0.1346926581897615,-0.2772755955001936,0.26329650653625064,0.413836134950603,-1.3456576798393995,0.24541103281625223,-0.07723543440801248
-0.19158196562780064,-0.5779868967657479,-0.3755970689451112,-0.5312238540660488,-0.41766858201280377,0.218408170778046,0.6699628635138644,0.8963240227398533,-1.005633153978055
0.21272307391610604,1.0484861497086204,-0.26912001998303486,-2.6210676492424247,0.3723476997865416,0.16221825091769362,2.6815794814483054,0.05255065444452634,0.020642329380609035
-0.057435913390508166,-1.572421959124854,1.5650166715433318,-2.0307222093863784,0.4997846813604147,0.031066405754198088,-1.774916926862363,1.8234651372997197,-0.03644921902806178
1.5847021029701098,0.328286333797221,1.9815803528284237,-0.28754547490023113,-0.027680415172086338,-0.1325778604134121,0.3983647830769524,0.624853124429534,1.1499055910817533
-0.484803895878407,-0.03573203358513259,-0.05303047641063688,-0.9449139860830768,0.2257641193223754,0.19732023011221617,-1.1428482703109015,-0.06815088394372948,-0.37533310270327974
-0.06632024787996216,-0.15292154638754643,-0.910569285632102,0.1412981369399867,0.45935007222573754,2.186129850968483,1.1439564187187519,-0.8644608265024633,-1.2121845125951602
-0.17804862058170454,1.7552838796518617,-0.4636702393483568,-1.335470905557347,1.2091210286229659,-0.8775784845632828,0.08074687287328328,-0.4310981348199941,0.15969441920514738
-0.2705088524739799,-0.14858981441918223,-0.37889695956908803,0.31898046855488227,-0.756812810423808,0.8146133460524481,0.926667033717874,0.5796511526119542,-0.34165810518081724
-0.6701143750940972,-0.33366525444391854,-0.2885080330148067,2.4935146923419516,-0.39018657809379526,0.2114850917302182,-0.0795661205927158,-0.9536321146958702,-1.0014047021358066
-0.49215762429552334,0.6758523654168846,-0.06317073490484987,-0.29830300709920693,-1.9697029837471394,2.0718207438658585,-0.49248599543908406,0.46491759738612604,-0.3023989943251438
1.572913982018804,-0.058563263671684136,-0.15313052890120735,0.4511431387474034,-0.3762853176148166,-0.16773242163221466,0.30690513878131237,0.33036256166196687,0.0249117313667282
-1.25943814286382,-2.045246749342361,-0.3816406476047894,1.2699606892646949,-0.2089463408374423,0.3080027949469176,-2.0314864283308514,-0.2117142214652482,0.7312193215926891
0.627804436764289,-0.7711191599676878,1.5629239316280659,0.5130546334767412,0.22375058954004523,-0.2775322776446679,-0.3289902737132243,-0.6796739581573963,-0.10007789181553889
-0.2003189424272941,0.9165358711667466,0.33484982592264934,-1.635843122161259,0.4509309060390143,0.3359236316799496,1.0709530942736707,0.37526992591247527,-0.41770344639876134
-0.8908962064709339,1.807083226598571,0.5238247390694711,0.2918157956038795,-0.9663372469740439,-0.35426834705766336,-1.8939430207272439,-0.20773141674453013,0.09267813082786457
0.325984263678466,0.28318088531779995,-2.3265450912032795,-3.5089890332055558,0.11839359415916216,-1.73800701459595,-0.04127354091663338,-1.8025601721072997,0.26912004760379366
2.113265543178124,-0.8923469692554896,2.0442886976759573,-0.8115960829127512,2.2421818151796398,-0.4005526080096188,-1.3439153901323482,0.6498420839808524,-0.00310860723681969
-0.6901208806464171,0.03373990333308922,-0.3497977484669165,0.9180561956395792,1.2418007431890488,-0.32869114935552746,-1.0118405697328297,1.7217152617741818,0.8919137468509787
-0.0305025631826477,-0.07140457310751123,-0.6323331102588676,-1.109442041080274,-1.0239879839697679,-0.8467526280978257,-0.7342579249484829,1.0819834334854395,-0.6069634175715365
-0.9795938494503406,-0.07171371020252962,-0.2355738475055815,-0.1337718032737539,0.06806562099934979,-1.5750247457571502,-2.3156578280462043,-0.031462263269124026,0.14840259234326247
0.6563418316268357,-0.008294097203469592,-0.6447110050394731,-0.07271275594145601,-0.07616409765889325,0.4070794693208238,-1.9047810594288446,-0.3526608023040792,-0.03245088701525603
-1.1049363748476786,1.1949078515186877,1.327313188716145,-0.7438599446145195,0.7896447112463907,-0.22076549856889519,-0.9616457212475612,-0.09050715518766608,-0.18782567964977295
-1.3812574272933738,1.2052576506691024,1.7102379992160124,-0.6702792690805025,-0.5776296699079438,-0.15325449315155687,0.5832200907043562,1.6794576539002735,0.4334287226920681
-0.5160642528442266,0.3031949936073481,-2.023357378665149,-0.8877376450581532,0.4544749938030329,0.464601706066122,1.022070773782176,-0.5089518614246,0.4845340573366278
-0.5371062225980016,-1.92151108741741,0.4476239212075132,0.5504090004883591,1.7265495169501484,-0.07969217194657517,-0.19286117888310317,0.7789117107525138,0.32859592339215504
-0.7665679742962183,-0.050192982383535145,-0.9292949678115108,-0.7350671044041031,0.15571073926591697,-2.920038879910822,-0.4420362756606378,-0.01712430931976461,0.9728401385173263
0.326425896002305,-0.974139056864077,0.3040581114182052,0.9487949632341499,1.0646321614010918,1.090721762006033,-1.1710154071631151,-0.16741206869042707,4.174252990116783
0.8730703044651604,-0.4632416915646456,-0.20995667678445362,1.923726522511223,0.13968697690962412,-0.5115445229194903,2.272622824023033,-0.45855344940728665,1.1118848887811164
0.18971655578808147,-0.4100477430932607,-0.9928866478433783,-0.5422313505733063,1.3254866927324231,0.09389372878164537,-0.37301743646834373,-0.09321986221774539,3.266660632286497
-0.06699260605062515,0.7167938408960302,1.621001659908907,-2.2627108817738013,-1.8706204383050051,-0.1750878343317255,1.3357686976506031,0.8837682011071653,0.045607616540176296
-0.09525990191092426,1.2721296824167825,1.9259925991419704,1.6171790023461645,-0.7494321395174677,-0.9020742779281335,0.5727352628795515,0.5180437760613555,-1.0572249607085598
-0.5399807023787886,2.3658178758271933,-1.4502981220696383,-0.2227877741496885,0.09690245204955739,-2.1015533306241037,1.2088249670299722,-0.030584278201145433,1.1410904600079301
0.190946756449746,-0.2489171703523179,-0.5765265121425005,1.5567252251374941,-0.7283837450443881,-0.10351679279731912,0.41040629082293445,-0.10132662877584632,2.3557987000417526
0.6626136574452023,-0.614473631997435,-0.6435943331480608,0.9714606263473338,-0.3057503014439973,0.32095992109608207,0.42138386489193447,-0.41134081941532574,-0.024306507091067124
0.8252797617548242,-0.38045827278570254,-0.048280448374782306,2.150468701647616,0.23040685811741252,0.31619422844662415,-0.4331123547261828,0.02765160096216138,-0.10430757418118715
1.0436859853842793,2.0544307239771413,-1.28034598439499,1.980214299102211,0.4297519133089933,-0.195117877692938,0.6189965359442103,0.9502660979039738,-0.04919507166595042
-0.25061711765083977,2.021602627039565,0.34669736684682567,-0.7235560571311302,0.66637099647395,-0.1969611811603494,-0.30539917488187873,-0.7956596542175228,0.5818791660466931
-0.5586164748742523,-0.11003968231690042,-1.3271706448485863,-1.311354926640193,-0.17289341658900398,0.20464990980921627,0.3747374208476334,-0.7638317361214122,0.9392911545005987
-0.18104125050792702,-0.4520147790534728,-1.609323742391599,0.17272851204346587,-4.053932412396498,0.3825790456005233,-0.4346554088346317,0.2755643761629243,-0.08718297470969269
0.16312827923718232,0.027372665625327235,-0.021728333774449243,-0.4652405471717325,0.035967666172967774,0.5082283901239213,0.3124694136758569,0.05990119427515248,1.779309627706666
-1.545061464122923,1.8453552659334116,2.561561477113932,-0.5085237768060531,-0.11836486472119229,0.1576440925996065,0.5309454584105736,0.48343272631607925,1.688113838352406
1.1433702172987943,-0.6279813958002387,-1.7669014455579353,-0.33031384725538027,-0.0959093417922273,0.39205908240748694,0.13621074357675295,0.09516565317586767,0.7646189673463822
1.7088281504536078,-0.834762606126633,0.847600776137364,-0.15738568525157964,-1.1524959431607176,0.9862490667830587,2.070167825935841,-0.46094416041260844,0.38437836449372703
0.004608064036995122,-0.45824038086470364,-2.1851829065323294,0.39649668952359546,0.019807088956109827,0.5433075772960111,0.9998519331939687,0.37336371912327826,-0.9425989256469713
-1.227936325200969,-1.092218588025795,1.7018611307342904,-0.10179246080039726,0.44477683563502096,-1.033216857740737,-0.9881931047960836,0.2492053955484404,-0.7556433545538076
1.5351707996174895,-0.10993977472107856,-0.08336210246429421,-0.9935104928260827,-1.8861788467849459,-0.8715169615304881,0.05285501727985758,-0.6016921889170612,1.1092635397673247
0.4503551958163114,-1.518546950122591,0.91082035043899,0.03854969037011358,0.22014652545732005,2.345249377898643,-0.21283748000375266,0.029038087307509338,-0.03949447855944778
-0.4906245282080016,0.08192717932517259,1.7507425781204295,0.08709234442294124,-0.47778984819493664,0.29544938319037334,-1.7846458404741241,0.43532753557938914,-1.4450368635355417
-0.23048201395832144,1.96432782563508,0.16270380902667256,0.45964387233710013,-2.686353447733981,-0.2235514399432526,0.9922099830175334,1.1662794815981907,0.6180619818543083
-0.16617381994674993,0.23538397426699112,0.18729729796892505,0.14604419442395783,0.30543701341491203,-0.22213519258233372,0.7284539030954648,-1.0987926571935878,-2.6160803355573488
1.3735839916936015,-0.24420973282054884,-0.5887527582569371,-1.2655273103233637,0.25088402141630406,1.8210860012455161,-0.6896915325722315,-1.2077655278830324,0.30845602584801396
-1.289921508352686,0.8101348001511748,0.12816823811775466,0.033263914089238476,-0.0012095798474475628,-0.8363904171612452,-1.026446562086611,0.6491573930773258,0.34873630751763274
0.12150577944006793,0.2308552969463727,0.6290824373870999,1.4550095655085722,-0.3451245997090437,0.17425934308953153,0.5260477755155741,0.16489917677843605,-0.38957567080465305
0.4540506426550451,-1.8913224594590325,0.04652189936180104,-0.2437347639454864,2.262161315197779,0.0607561340569017,1.6931831414794136,1.484432385951772,0.8234400266397212
0.04035307238754503,-0.5855031886277606,-0.6060443270310745,-1.6983966183382588,0.04756094771374614,0.15417219938867396,0.44232408551147673,-0.04094575021445938,0.9617555410130472
0.2056172814684503,1.0512481375666496,0.12907869289951338,1.1974018845434735,-0.7709478635012325,-1.0994684679343258,-0.42880756851405893,0.3574966326172525,0.9310426387930688
0.04842853729079455,-0.8993477649292705,2.00068625054934,-1.1695157492898463,-1.0588785629302861,-0.24253751248484734,-0.10053476953851682,-0.04640889966130686,-1.2865738205359438
-0.9617662376967226,0.33213090702894493,-0.5691830928246024,2.5264415930942765,-2.7292278629462023,-1.630405007668449,0.5443615079746869,0.021282671062484194,-0.43550394532671216
0.2972921039449607,-1.4004865684530432,-1.7632164404080988,2.0121624438646415,-0.10165242976616135,0.33770091831402765,2.589384727079443,-0.8011903423205238,0.3769661267238949
-0.9809452593024134,0.4035111912430698,-0.5020568109106188,-0.10188115763576074,0.01047549121677807,0.29566121939402923,3.1399375784695653,-0.09605605436112205,0.6592532405173357
-0.30231494178928814,1.9742726407054572,-0.0006298526168454871,-1.0387960872998,0.04763981889162973,0.22025909845515462,-0.28356837379939753,1.0761459499112118,-0.6844735893855268
0.25621742636708217,0.021249100089636163,0.6821658462489876,1.1281194449326033,0.7594216266313164,0.7167841635101388,-0.6390029220533604,-0.6667753445092186,-0.7625323734216778
0.44421043262361787,-3.2689113810429173,-1.2119750928241602,0.375194225172345,0.6282359039744502,-0.6709637817419251,0.2533291372938932,0.5835958104086992,0.3280796132419629
0.7964212013781014,1.8553108581835807,-0.7672262434298784,0.19796828425280466,-1.0210043815085563,0.2666019834939797,0.48394333583159366,-0.0946912936652123,0.08447227924967154
-0.05903563140096311,-0.5795522900586179,0.5543706375314235,-0.18760781429433362,-1.5321287501484036,-0.3010467649671845,0.9051915838062121,0.22059418693613642,-1.2107668544667956
0.45722249768605083,-0.33646011587816377,-0.09475596543996631,-1.618319830581565,0.7731341358122497,0.7112987925163768,2.1043418923564348,-0.10642941720545547,0.23703100848948394
0.3665070521514619,-0.16175715715518468,-0.9129292378275093,-2.048755217670869,-0.17797677696711864,-0.5894575244507287,0.21715582495219488,0.5985973237340979,0.06261736597378371
-0.5831237837976438,-1.3220668021940574,0.16796774590640173,-0.5096249351308808,-0.8977109265810724,-1.1523361910561913,-0.7500732896719344,0.4782727143200993,1.4892303213443925
-0.34542253619179786,-0.7620783996685824,-0.6421894424347707,-0.2177600746134813,-0.08157629064432693,3.120652121738333,-0.2609446784232794,-0.09056010684650502,0.1791652921231602
0.014706340916468746,0.45055107344615225,0.14682918378975018,-0.6253280075231545,0.327170245326545,-0.4419858552365128,-1.8064762498954001,1.5702631092696444,0.21105021026461165
0.2726582319452333,0.4783355598670672,0.30758139432666226,-0.5948158706871797,0.9134032290430955,-0.5882245085946529,0.11333969148055108,-0.5913667217578685,-2.1393220296679605
-1.9117307161361001,-0.016661517269981132,0.40206753688073615,-1.0815530978500987,-0.937624130329892,-0.7882050269389119,-1.542698636828425,0.009098013451254027,0.33799957885945464
-0.3851854085327415,-0.025716408378174,-0.06692148967383203,-0.37784651041019923,-2.22072476987748,-0.13022006100462183,0.044379438414864844,-1.4377257127072047,-0.5467618157677011
-0.08716012923707596,0.20022572093243213,1.8589852116310075,-0.8986317552239295,1.337399786937134,-0.20657697129463265,-0.9713894722387649,-2.430604316460408,0.18585568435303856
-0.6309104204911355,-0.6988852519031552,0.21654056721221418,0.12718050034270856,-0.8749412002300405,0.1591828632424255,2.264804843339254,0.6575338808865477,-0.1013319629699478
-1.1762100104059519,0.11349683211867669,0.5894899609594556,-0.06300143352702209,-0.963720780006439,0.36765703585502835,-0.36089772280095245,0.1270145790391517,-0.15302572116778645
0.0743777977550844,-0.07764681044342824,-0.285891571990244,-4.168037680541003,0.0826866856114045,-0.017730928349835112,0.347308891725913,-0.24358944888126655,-0.13237101743177862
0.15141464252969378,-0.735342815257357,0.43317460349346276,-1.2086633373007858,1.28194064460295,0.31806720969826985,-0.25520095184692754,0.5443663713481031,-0.205135048951257
1.8949168648217147,1.603991847646696,-0.14624289426407594,0.0062833632204144264,-0.8444075742589228,0.30676402873730296,0.3147555035152383,0.03464788316265051,2.793846516447995
-0.35933286944185394,0.110218417427218,0.16721432559364433,-1.1573196587260182,0.6549683833318584,1.3971900225689435,0.28381914711961304,0.07588320522194145,0.8163724363399946
-1.1530627269305995,-0.32138080642807587,4.442947075576936,2.1480316175140914,0.5768782740159821,-0.18419864521095328,-0.34610037285154066,0.5765454675637198,-0.2635292657499927
0.28734585151530806,-0.043200696285270436,0.21650599165309484,-0.7580605722359804,0.49826447458675976,-0.16421425114920335,0.45558450389592553,-0.33767461237666707,1.2926410008900138
0.8167788233060279,-0.8091187836496928,0.08504549013183245,-1.766178986107228,-0.5725684590237489,0.1009222901917459,-0.14591035531056812,2.805982257566574,0.1598274327411466
-0.2132311040299755,-1.3294143867217079,2.4904814689678507,-0.26158242874707033,-0.2270180543533144,0.970075418329653,1.6659365994618907,0.2414480826460755,-0.39023959050122187
-0.22871591648580797,-0.02440169109794343,0.6025725524275956,-2.423697628515527,0.12647627767868977,1.380425949043011,0.8493483745328365,-2.2873619726028176,-0.09096338363295035
-0.7040792502888844,-0.09511283366977165,0.052596748979205084,0.4240292732068669,-0.1799601790600913,0.1161586405798746,0.5396357019369084,-1.5261882197978944,-0.9543176695829759
0.3516364440830303,-0.48934082257848766,0.1105818863850107,-0.8074034280851851,-0.06151426927479825,-0.5598135751230101,1.169112578298971,-0.6107517157555875,-0.8666361653111758
-0.261701604309067,0.4659047234908426,0.37577276082244715,1.5721394123861112,-0.29275611490549197,1.8372661620580428,-0.47576535818204424,1.0898196698164753,1.116734596779778
1.1248651677928403,0.442980942174422,0.14408620018421345,-1.2020355340410733,1.0026381217671922,-0.5441465265884913,0.5482500096388828,-0.5707604899252626,-0.9745784362043076
-0.3381928567641162,2.619766470608536,0.28590348933255755,-1.545982788876572,0.7787867271192618,-0.12602131980088901,0.17724655474824083,0.9181757680192177,0.8137711508681974
-0.6399867598721711,-0.7076105574589228,0.1510658160765393,0.013785364927265344,-0.42900717670183014,-0.6779944283415167,-0.5148414819030324,0.8984980036140762,-0.9113097379633258
1.3756697866229306,-0.5793687872873212,0.6693710400820598,0.13649554566010708,-0.24057557708966737,0.3704604131400113,-0.30316341371633265,0.4619365601229663,0.9153475644575488
-0.3467767124169683,-0.5874215792504953,-0.4985483954813914,0.3338832629200531,0.334832424967028,0.2915799679242825,-0.646230302276092,0.8557933427881005,-0.47235843052818627
1.4198155418625547,-1.8167252117469879,1.5161061780726819,-0.5833265564463834,-1.5523375684733467,-1.7448653922445276,-0.5532082298294412,-0.12910621675960113,-3.546792815253375
-0.041025225072207475,-2.4994815595913518,0.2618134629493642,-0.5677512459917401,0.3303307295250974,-0.18855640159936252,0.788895892583613,-0.06440960165664725,0.5206799867923874
0.14667821246803445,1.2649671613967863,1.4453158781856448,-0.27705996215427514,-0.9231960785244184,-0.2240575494105466,1.2501115037499242,0.7237558669377003,1.51930339851556
-1.7288786058112227,0.5842135770922069,1.5939605065358755,-0.8155651905272465,-0.46084183550060187,0.03480464633976378,2.0307582698301574,0.5302109792235712,0.33376414048049685
-0.13634662558720334,-0.5505727623196763,0.38947015641750315,-1.6098108947907013,1.5519356961155435,-0.1613474408132984,-1.2248829892792659,0.6141497682689248,0.643410201643723
-0.2463198581917802,1.563412083946662,0.598721316466924,-0.16175086211855272,0.21808107546607017,-0.08062440018989356,1.5045815247495649,0.7032665046865586,-0.27620630131546803
0.5237052716505806,0.014849284640906669,-0.4527321644690968,1.7352319638010179,0.28147056346852833,1.3176332061208327,-0.15755685204202854,3.6717558729399573,0.038600400333281444
-0.10251449035472589,-2.5487876870885513,0.48835711964237516,-0.45629557552411854,-0.38859256831731276,-0.030639408105895216,0.24257255764203928,-0.0573409844972707,1.1157423650027414
1.6695255988522328,-0.463335678916695,1.329934958865122,-1.2156384325287717,0.5493284615927716,1.5137693130732661,0.9313124408894566,1.4469132980766068,-0.019265382096831107
0.09547531701894146,-0.6373007676819511,-2.1609772215604104,-0.1090600194168735,-0.536720699240847,0.5454374798933243,2.5118770272891378,-0.279544177835314,0.5376291258735088
-0.14743778787075734,0.42067064196445364,-1.152615346372139,0.4521513462199919,0.37929743518603765,-0.20751783488805178,-0.08799171721568455,1.4895558489336769,1.7560139383803999
-0.14452143859534322,0.5976698955992809,-0.9402334624688234,0.19874750018835927,-0.31476326555797685,0.3032363642636339,0.26880087832784166,0.6500007290498656,-1.0351927589124938
-0.015832083801502396,0.7414016566569548,-0.770540073862629,0.22804817931231536,-1.61166993227587,-0.7298184498725478,0.29633231172100866,-0.2481056227774867,-0.2577300418124082
0.0013449266583029514,-0.7591815676677041,0.23549481092140342,1.1389623447802635,-0.5921193959347733,0.007751382808941566,0.345299374345168,-0.3927091967584544,-0.9974223332243931
-0.43494097856022024,-0.45505040119281137,-0.16414717220313393,-0.24934644508118245,0.216374691890916,-0.7157168602517258,2.5599307253159282,-0.8336213078378519,1.192026830197109
0.3908660550472416,-0.08394275850779993,0.2091362616215871,0.6832613448700207,-1.1511593342142992,-0.26159493444474924,-1.6819136160855168,0.4451990138933142,-0.6695782162859654
-0.3784939795279954,1.80170184923415,3.186151811809917,0.24829547302574964,0.587950840472748,0.2154667451512253,1.540061656566913,0.36727935823170893,-0.4000339999798001
0.08881037653775184,-0.3293811365190926,0.06586524424198667,-0.9515269032036455,-0.35658462491388915,-0.15756774408670013,-0.5868615683478783,1.5830604229485594,0.2658785940735814
-0.8023482597323294,2.1163312731005473,0.8172262092162936,0.8364127260254425,-0.09440478168814755,0.8166098910695031,-1.0251255869653586,0.162796114159947,0.44072686913319437
-0.5252746665655789,-0.08084866145555662,-0.08943430965961707,0.05892272089220017,0.5290295263800058,-1.6984612596378148,0.04653004448722653,0.38888752075384164,-0.10829029051172705
-0.14441364913347235,0.8055830077603519,2.4614637915988187,0.5664858274164938,0.09389518854209858,-0.34000778492150713,0.6233743309550716,-0.03780422304965953,-0.04493401453692447
0.0781916377658052,-0.06912143110910142,1.2052559947563142,-2.5012425482286567,0.06297131999291582,0.5064822828632045,2.5435794043974473,-0.7158668808261568,-0.2206104849992032
0.07343358303420905,0.29481011185778305,-4.474032307120891,1.043864554224987,1.1469583712995448,-0.314370964756681,0.654738221819179,-1.0344491851692923,-1.4907583333175658
-0.11045243365780208,-0.6531870392568755,-0.5758758484307406,0.7207700122175893,0.07669525470748756,0.08324363779470398,-0.14079855880198533,-0.7244288623476658,0.4386605751198698
0.16577679508184354,0.25162759752117664,-0.1038169064561037,0.2768075220078867,1.000450141468858,0.28567698425320825,-0.9923971585047927,0.07190503352362158,-0.20885507445409066
-0.06831109711401792,-0.13653670542126387,-1.413677185945554,-0.6600709549909329,1.0817532644861867,-0.5032967607313051,0.8989731202368969,-0.94960936984774,-0.20328262139259157
-1.6166333912637523,0.09796507865250004,1.6326595560319614,-0.7508375364117333,0.35134706629282914,-0.1226269899785253,2.5610653815753333,0.13234561632396458,0.22203980024190467
0.12299256457842317,0.07329498464019271,-0.7453833829327993,0.2662593222714526,0.9579589676266035,-1.9571896815027947,-0.1931448276569684,0.16902749461004218,-0.3635540639220082
-1.6042619551558797,0.8181796210541955,0.46184734836863595,-0.0031195337487643355,1.6557156772846149,-1.4804788901562762,-1.4473200225244829,-0.4814555713894674,1.1443834523477616
1.2461539326243394,-1.5663042797221975,1.2169500722210227,-0.5326977715103416,-0.3086281855251134,0.21734842605684945,-0.3738641836306424,0.38501255946190976,0.3464118049838163
0.19794642425716044,1.9385962804812653,-0.7963172471203545,-0.6826297451004804,3.2405882916666733,0.027126631576786343,-0.17262134975532467,1.32278232399054,-0.44207936134824444
0.029578997211422448,1.8747515460366584,0.9410212036542286,-2.4400329146410398,1.7170830740936043,-1.7145302376251401,1.4929901214375207,1.256636717357075,-3.697657926631516
0.00011516866107756151,0.7159928303082331,-0.12558472119743497,0.016739980691146912,-2.2119766490205057,-0.6378442952704236,0.11102387513985253,0.37671603686064065,-1.115637809577159
-0.1093823506265915,1.4627795529654035,1.2192774641358612,-0.693138681709276,-0.0902411146839314,-0.44810699168056056,-0.8003487405952381,-0.675330591952183,-1.9551736918906606
-0.48173435842786044,-0.4286751637131829,-0.03555354766997049,0.4012082138987884,-0.28980903605864733,0.4179374328559234,0.40656466902559363,1.5827316253139851,0.21166445527941033
0.15298692516377213,-2.214576233871175,0.320738218170619,0.690243085731977,1.5845958770909416,0.10331413713151835,-1.1478312403707882,-0.05879532173538871,-0.624021876401445
0.051492766922194316,0.19080463218730917,-1.7435643904700424,-0.43530928859815493,0.6667523381340215,0.41327501780537707,0.9459366049789771,-0.12773081573501124,-0.4479172085417365
1.351474218621945,0.5253088187659657,-0.040848975938495874,-0.016012827010091775,-0.8119422440118871,0.05859787449858356,0.9905405103038857,-0.028095416439978954,-0.8248520216450705
0.08352332219838621,-0.18569955639891877,1.0436131198984069,-0.17511861862779748,-2.475876696591781,-0.13012799038710857,0.45560245091883994,0.2665882803977706,0.5093689351591565
-1.1774570050778164,0.05176267191319604,-0.49281302175119507,-0.44040915835319294,-1.0001848239306863,-1.3816934888146983,0.32211043279448326,-0.8220952464886555,1.0936058317989754
-1.0549156617881261,0.06119303310338588,0.4904699189696254,0.13883432757658118,-1.8554586759646952,0.012177093905093547,-0.45244467700940993,-0.28538235319623095,0.41786428296161754
0.5203619542524461,0.16910074454444282,1.189791131235965,2.767632670377615,-0.8709985409264972,0.06230348823633152,-0.42257828681617354,0.03343558629179451,0.5121010236831631
-0.39877963878698125,0.1945831182517895,-0.8176199958652087,1.0766777727055086,0.5350045139945198,-0.09907865643641904,0.37878195246108265,-0.685469805381908,-0.8371219851206697
-1.868228072820778,-1.2665931223837408,-1.542015464341124,0.014937606207823133,0.6570986991933734,-0.1906621265193975,-0.06684764057364159,0.9906267385969234,-1.8963253221556111
-1.2305302167637149,0.2819377273433616,-0.562400359843736,2.552976564221822,0.46273783302135474,0.43443124415078554,0.19004157854565432,-0.8282849867229841,-1.3253790526472706
-0.4646593857746007,-0.3893067356941943,0.17932603710646464,1.0381078689013077,2.5021870109938655,0.026807924344179623,2.0631622434318353,-1.0013900267130793,-1.0375431362436098
-0.16109845240531478,1.2060238613507328,0.3059707167893507,-0.834512559238291,-1.1050540700736724,0.2819434101036894,0.005824440549138616,0.2359384624288148,-0.019813201211695018
-0.4228369817756971,-0.06605390989146892,0.24671312663568634,-0.909869495414368,-0.6036479910524809,1.2238116032540025,0.221490010701542,0.1339216291703967,0.9617860856210217
-0.769992263808781,0.4138978570315591,-1.5307976041738582,-0.10120068487128361,0.18264832393222424,-0.09895995342375147,-0.2457751160157641,0.15322330703163603,-1.1692310945148852
-0.5319868197899816,-0.6774050769685886,-0.9942741730814137,-0.09466743998497855,0.12271968882327947,-0.9761676557144956,-0.3178820814577358,-0.14580449724638592,-4.048128339117493
1.0986073064797637,-0.39385246549799346,0.06698968748670871,0.2445307577477099,0.6693722223893513,0.9402681633604512,0.951275660209787,0.6206045848584902,1.990771353370545
0.7710133843742805,-0.4768714479793162,-0.5517688152760095,-0.12489506352759555,-0.11541834930516727,0.9727622839585307,0.02527482049939641,0.12886316685699098,0.06831242453976613
0.3128443158493172,5.224993600307256,-0.13288089438961234,-0.09260158230659787,-0.1137340152532227,0.7759171022824091,-0.17849013008454306,-1.0436577549890886,0.16663022181802217
0.05799652778258578,0.09334769436928517,-0.044201743600954704,-0.11929439333954148,0.48673455117236736,-0.26614558265212823,0.25750907471464074,0.3973364273497733,0.5483856299402643
-0.3782326782026235,0.5773192175351943,-1.4962145354682503,0.2625703669224358,-0.9674257016107424,-0.20409795809004433,0.007337339024387291,-1.227056079678909,-0.8010878788877023
-0.18912467270584912,0.07477302894805575,-0.056432366629107715,-0.26437066193474573,-0.1295931314151073,1.4925942491009676,0.3014413954592467,-0.10483612189440916,-0.1150709889637049
0.1923333629713039,-0.40010210218610964,-0.5339028144681089,-0.5002601293043071,-2.035927190580116,-0.866485660129381,-2.1007081131461365,-0.4012108620795119,-0.09949429187678219
-2.043780726014572,0.1969703993169949,-0.7579640854711447,-3.827930221522413,-0.9786475949114887,1.8111993231014456,0.3136991946487975,0.5699759284880344,1.4118206855084867
0.1663040234542654,0.4276120567517442,-0.6660970346458565,0.9706346012801969,0.5377947096613785,-0.1903498753866466,-0.3158773579339482,-0.8286782487434907,0.2718536882058762
-0.8737834921204416,-1.5787389330878359,1.0722883865192359,0.47304333047335295,-0.13889615618258577,0.20289952430924252,-1.3672127390309332,-1.0301528484158569,-0.11201045306496625
0.6279759260261587,0.21248403181633632,-0.9040937047769433,-0.6435228366775428,-1.4002465739845693,-0.6741446426391376,-1.0428077604385977,-0.1132644787543233,0.2957320190207391
-0.44208272109095387,-0.8684967835686044,-1.1605089196433094,1.4003669895365065,-0.6138604541817388,1.1206294103490688,-0.7664639998281163,-0.023726215275539864,-0.08403880099426951
-2.6199812911314666,-0.35547685836094256,-2.4182628570129037,-0.01182001624640765,-0.2540262039681894,-0.5557714148508466,0.2869235488613173,-0.18633868933147216,0.5368066689159894
1.464318400329037,0.43062957967425697,0.90840967574509,0.9552220738070484,1.8409887216984173,0.966291048212633,-0.22429800526091015,0.08038646159267032,-0.4888964884430043
-0.20890628745577894,0.9009095427086821,0.750843272464164,-0.4060693609886477,-0.23573403877598498,-1.6212131550331765,-1.4798308412724024,1.1756570281483365,-0.5373993808244366
1.0931480403770892,1.19136510440238,-1.2550569386417187,-0.1698873211383553,-1.7102972255076947,-2.437612580692292,-0.5517076306701866,-0.060297449831379704,-1.8015253156431206
-0.0029435114941354728,1.0577873125049313,1.5364305194256898,-0.25841606073003665,0.9001138219645545,2.8887333391054986,-0.2650283835660966,-0.8878562403697609,-0.6009894837894771
0.2368087089023809,-0.15389334879624839,0.6951310560757433,0.3440708248911644,-1.9849623200046687,0.37282770027067574,-0.0022043709293204567,2.154518286273827,-0.0018274927576302795
-1.3373029063555049,1.2685439926540816,-1.3673908682468876,-0.10662888845161508,0.7502325582629636,0.7202265730620974,0.2169830127102829,0.425209365368518,0.09934418879702851
-0.22176831030059335,0.9126883304851632,0.4039295109882781,0.840063093396126,0.217870185170716,-0.0165723324032268,1.1008787822399302,0.07830072518479872,0.6010813753141621
0.24989834157920865,0.6334067493350903,1.7555063782758193,-1.450070893678255,-0.02434451293744377,1.2988026358384095,0.5010763723016264,-0.7428651336303348,0.020102545076432454
-0.518654578629635,-0.7908589522627463,-0.9889875931902675,-2.446650694966338,1.4808316214223396,1.2823886943710856,0.3289374370750993,-1.325117358463852,-0.2774790467936021
0.619405025984929,0.02611078048316785,-0.20294417436466358,-0.630573833319669,-0.9133874260200683,1.1764266878014578,-0.6722562763104263,-0.3722343330044152,1.47359703860219
-0.1369925435561257,-0.8092214423838262,-1.5843042249294086,0.12434438392743755,1.2659721179648857,1.0647208669123494,0.5709212271056792,0.4443537610295906,0.19632878253295388
-0.7171259466300154,0.020109383456736758,-0.7035852432043004,-0.6337210740711728,-1.0718342271656554,0.04909699833796723,0.17359774999622538,-0.4259634675370769,-0.4314853472973278
0.09066165216207203,-0.05871203292732485,-0.2892081897829231,0.5956215933875121,-0.5038636797607973,-0.03090503774045319,-0.5215481597961387,0.07675837666439653,-0.6106739205870837
0.372710320656389,0.7867776010266114,0.24728496057111232,-0.19454545922166303,-0.39026707881511463,0.5661878862151223,0.1024538825125553,-0.25962785131938254,-0.4386664310333643
-0.3136700166545676,0.7417288779080964,-0.11882325405919919,0.49800131376740153,0.1264611779047217,-0.7651796194490829,-1.2289740095504085,0.07414406808083518,0.6093716919839148
-0.3371416616425289,-0.42669100637449836,-0.42502541269523714,0.22907578172953688,-1.483185265852871,0.3554003660163284,1.052489154376385,-0.40009115419140084,-1.2223361955914422
-0.5862101001058683,-0.1581790868382235,2.065682934740461,-0.14598714333533624,0.6298471969799364,0.6938056678463291,-1.7310766445007408,-0.7572394141828168,-0.040459656246792736
-1.7096683957151324,-0.6057992303487815,0.782324485341348,-0.09005882381908761,0.1695179738766105,0.41957250456355816,-0.4732361249122777,-0.2958341680732355,-0.5419188850630298
0.4892709301580876,-2.2104627060394413,-0.20579681112049808,2.366153913453258,1.638742379461856,1.3881629946410023,-0.12237064939546036,0.01968507361848277,-0.07767481722433753
0.3214097998083275,0.8078361023177782,-1.3147909785721668,0.1828141557761989,-0.8462602596013766,0.10612429148900726,-0.1947517388167518,-0.3449869557473366,-0.4847245328338466
-0.598268725168684,-0.20025796582900332,-0.8692986560025501,2.9181958603152247,-0.7848652758365572,-0.5818377811748472,0.9681885199414179,-0.7068565956795566,0.004477061643093928
0.40837156891556686,0.48803566768303225,-0.1832041814199558,0.7348708359707261,-0.2964653971376556,-0.31312608639307576,0.6167711082661859,-0.2959447498547049,0.9516761087269227
-1.5034675462277607,0.8769901934431843,-1.004561835129595,-0.3715518603812882,-1.0789966029176177,0.11425611715169777,0.05080293450788627,1.2153685676619221,-0.8445114843914744
2.0711173926321016,-0.8351075372349333,0.9189617210132227,0.06241669371717634,0.6263873906105998,0.008238315993165803,-0.3721278959515618,-0.013191507477193304,-0.18410128998767425
0.29310658820211416,-0.1098581822841094,-1.2275681695822382,0.3902696218598473,0.44652285576492773,0.31215675629483963,-0.31833676146540485,0.23825034158961922,0.5993969430744571
0.030652958830959826,0.13727827465776915,-1.8502049660111173,0.05713400875495294,0.20052333159015345,0.41579036290688914,0.09440637065705149,-0.17725544721366368,-0.4797541562547295
1.8232736235261404,-1.427403489577142,1.7932820944855083,-1.3323436562924542,0.16187557152397491,-0.34254266021817115,0.26599301706043205,0.46134648671497025,0.036382389255172384
-0.14301477399687854,3.40626611304763,0.2807279772677563,0.04223605731623207,-0.5459718927007675,-0.8670044562773719,0.18233474609317357,-0.7872610028013446,-0.29735157487334674
-3.0218069028671684,-0.1382461951747808,1.9000195438574397,-1.0124043649736048,0.21658836919852553,-0.2753552999026157,-1.046524114633417,1.9883875369800836,-0.797414546453934
1.506077117676114,-0.12023981066688548,0.3263423857558084,1.0249243703468802,-0.024634114590533093,-0.10896505693512981,0.2625555947024306,-0.5799112891946135,-0.3351197382178345
1.7588134618369677,0.5921713636190191,-0.43282404927241713,-0.7747294006646362,-0.16597545501504937,-0.02771286449461372,0.7200879147241015,-0.1918127236546076,-1.224580126291591
0.49343478445652683,-0.10480038898534538,0.10239142149743981,0.12003983975737281,-0.7649811432557062,-0.26835044389983065,0.4321097670910478,0.5721159197239873,0.2539395195960574
-2.05348360615687,-0.2443187779856214,-0.06615855130985765,-0.13749538204497236,0.47875029691498017,-1.2021188786881851,-0.7323770050485169,1.1103599905106458,0.23690255075199837
-0.2829962572834759,-0.289195405063355,0.8326632211027637,-0.09503461534191952,1.0949331624394523,-0.6586196401391252,0.492199104204519,0.405353616451732,-0.7188799184424199
0.08269889289492141,0.07240091087609922,-2.3063658015902715,0.3676822815880923,0.1498243437309923,0.4607743014051749,-0.5920061870144625,-0.6885414068902441,2.191880698079452
0.1715372300926706,-0.41061831163939544,1.1509845158924399,-0.7722564793706767,1.0269137945106859,-0.2428324014176841,-0.35147061933341806,-1.0787418498120667,1.9404606644183766
-1.9942047154429736,0.11649355494262796,0.08323602244208646,-0.06177831747179159,0.15313821862889646,0.1666669342915615,0.296726112998478,-0.5061265090381222,0.40464203627762513
-0.02973036183604805,-1.4178583959322386,-0.6474186173038756,-1.2519366043343185,0.8948031265789456,0.23382746520540307,-0.16728060084000757,0.236918690382908,-0.3948202484454233
-0.1926137123918587,-0.6118923033933105,0.10580501894154638,0.06394762298083564,1.3589819446224392,-0.053045002765676495,-0.2459404441525153,-0.33552262200377925,0.624413424004125
-0.8205649513319053,0.5884319054341,-0.2355780311674053,1.5665502520962176,-0.34047316946725437,-0.7020166487837575,-0.0911194855816301,-0.33725124735652645,3.1498552896698317
-0.7093518489151666,-0.4175290937001619,-0.031710031566761256,1.273043196034805,-0.3584573325795055,0.20561083337146066,-0.11080649523872788,0.14847951081971547,0.3391228725977541
0.0635995768270457,-0.7621717128536956,-0.8453362494394199,-0.8317504911614894,-0.22209407522910046,-1.0688277395112105,0.7247769254201091,-0.25298652544409894,-0.682207899912661
0.9098577815349939,-0.9578953660559247,-0.14039492182737778,0.4139376714291287,0.14985071881974252,-0.07104750829902166,0.3739480492452474,-0.413187117755144,0.8785742810763303
0.23469061415835538,-0.17759888025982576,1.5859919849077804,0.46147015645722916,-0.2600452078549895,-1.289134682576728,0.4950498708653013,-3.5347172985599475,1.1167747686762852
-0.8060061099179308,-0.06501999441037604,1.3942675064758487,-1.557780877732591,0.3696579122191674,0.38861998904373146,-1.0377745729605965,0.3291878589604189,0.14761046078286894
-0.06741843496713136,-0.8274664944466577,-0.1590529993635137,0.09275137861126172,0.719122690093778,2.336874675403185,0.14082503494059906,-0.2689380144901851,-0.7067302563731338
-0.9579925370887014,0.6037260229029183,-3.8284407599515813,-1.0268157962349267,-0.697258269182908,1.9754786655459888,-0.3515152467620825,0.4502949138931563,-0.3990136227999562
-0.4217079007542259,0.1989415761693722,-0.27590980314792274,-0.18366777910998014,-0.17311184995024637,0.4394945266656765,0.6982169758093149,0.21286698100352788,2.0112960127266337
-0.9180948229605185,0.3294436483131673,-0.6234017698297336,1.4441771529967982,0.328495869804361,-2.1792929331388975,-0.9594957801798649,0.39289720616147117,-0.9047131734263109
-0.6650535984962368,0.21160076955649407,-1.0610519349625216,0.047640637056384584,-0.4725456605498222,-0.03468870541515004,0.46089372794064026,-0.26857761853924694,-0.9410250439367859
-2.3593034332575495,-0.14517502624255207,0.3352171643815107,0.3254082882627201,-1.0023184620128707,-0.013710053731977692,-0.30137808655627885,-0.46937643666975354,0.5610971128741321
0.6290706256167263,0.29949842835155344,-0.48720725254717867,0.19822511998929393,-0.012569914948378046,-0.25474412362840526,0.46540418042801074,-1.5794645871733994,-1.013939125500875
-0.2460485885048274,0.4476269736307283,-0.5295785446619342,-0.4436391994847189,1.980676285116176,-1.8086758747485625,-0.8370356188942383,1.6280917800411407,0.24883306928435334
0.7994539134483515,0.32473561418685176,-0.4981976585775973,-0.46148532217453603,0.046130624270015165,-1.2902700520165102,1.5842312043848663,0.10987444965903244,-1.321929033146736
0.3670134773013333,0.22660624187223022,0.18194707688443973,1.1330117469132626,0.06773892191852329,-0.10440665679461168,-0.8658926590297765,-1.007844144491845,-0.9925479149143602
0.7929864191865231,1.6868127198599552,0.2006786374375273,1.7202973156217087,0.08028349881379966,-0.5148205544067723,0.042718524423378985,0.3129230821579148,-0.30463726839022176
-2.1985677976380797,-1.1011674636342579,1.0502161922903261,-1.1045054753455115,0.42594516922926146,0.28047612095004076,1.1127299562840018,-0.11060389708251687,0.1586132180576581
0.12348167576105586,0.14041196588034058,0.49486741727117395,-0.8208096723487318,-0.8584859041603766,-0.6945339766108927,-0.5388738918948147,1.0539959713483915,-0.3774062906272616
0.14861814030774043,1.1484551404820564,0.5644957521032172,0.8223037986123116,0.0931180022926394,-0.6175492297096791,0.5583780618114439,0.16943880048035564,0.41838398689509076
1.5297104371775465,1.1219308942307933,-0.1658780646785705,3.5321282681773893,0.9002909284527121,-1.078094444318684,0.48770077126758066,0.44132142408514535,1.045347182694797
0.012807803418037911,-0.2925569286924862,-0.01586633196267602,0.6233710720459014,-0.26703799531834277,-0.6930937090375312,-0.013388287366527493,1.1447930012702943,1.1763568397488224
-1.6656053591734514,0.04477486130651179,1.4098106433794113,0.1849536038081106,-1.4508557786514638,-0.13273210532617705,0.36620494293561584,-0.1628255500345295,-2.1562524968006334
0.12052198446473189,-0.04596034861359994,0.6193915055581394,0.4242818876518774,-0.2515887301131369,0.968432016481225,-0.10485780739489955,-0.04866230512714895,-0.7581554901459794
1.2363793890966084,-0.17278598463771827,0.19052656336249826,-0.25654826403813746,0.27527788787369983,1.2202080569333111,1.3605844191677345,-0.48737877334031904,-0.11829569467927326
-0.7979287991246281,0.4350258603459318,-0.5932194369021029,-0.25919019100754326,-0.25938678152989536,-0.3395231573235328,0.23137291638441027,-2.130930809726701,-0.9171666982350802
1.1915497377615933,-0.14572404117356355,0.5253803625075606,-0.45102047153542446,-0.1383285513401206,0.5870653780278889,1.376296667864484,0.26323288490237395,0.37158099145016554
-0.34473735875190764,0.25725547382138053,0.024527592333571074,-0.7350767219961466,-1.181357955593416,-0.020300245263019545,1.256695323430747,-0.5720471051844307,-0.10664157851805325
-0.09810242528562306,-0.01958272413808942,-0.9893010999065597,0.21452756749400717,4.913551804655212,0.015674440190918293,0.6327781235403359,-0.11722153017744737,-0.267651330657084
-0.9946114781489229,0.5943056338484383,0.2530982654022315,0.3000188877549474,-0.6575299589080439,0.13482628396249777,-0.4288954816157385,0.5537520669911405,0.44818780065900315
0.5933387491760322,0.09662803141497117,-1.2605152150195955,2.7782659606534406,0.1298847325455667,0.3119588313671839,0.23784128112733832,1.5922911526827672,0.7108009013770986
-0.23983065414174704,0.001671504914365702,1.2357040397443146,0.5348784147302461,0.19891074022797167,0.479582564927375,-0.512257954569709,0.1082576147024636,-0.14969365517613675
0.5199925184134127,0.6866893153881553,-2.0637732565725626,1.392072784081642,-0.46400831480950455,-0.630444599875393,0.4256066087091122,1.0821029138252083,-0.21493843719191452
-0.3859237322136989,-0.10247003951561115,1.0789729116805282,-1.6430334395838029,-1.1435040389499045,-0.06003818608264543,-1.3051371284953583,-0.4576649311130466,0.440327442280073
-2.4793980776177538,0.3382375939170683,0.24131658436827116,-1.2994042790942262,0.2064747366796837,0.9417506154381561,0.522927292390545,-1.951201929812545,-0.1191598086097116
-2.1789712846019227,-0.2548330427951597,0.6189539977212158,0.3923591214445352,1.3984471957076894,-0.8661655511465127,1.1127273427099649,0.5317398997181553,0.37365367300136426
-3.6742061807548585,-2.9732823853540853,0.4485988278099916,-0.1563757678719645,-1.4849872692380546,0.20416372954947415,-0.5889889038404192,-1.9484914501967903,-0.026815882297787752
-2.6574685820693063,-0.7766801920731967,0.3620935157343546,-1.054416568509045,0.8716138149691605,-0.03517790952024073,1.2552094891889682,-0.29174532112822527,0.265684643098649
0.40361081225457746,0.9899127663152197,-0.534406718983542,-0.8555299819117901,0.7399149072631557,-0.24424615688018034,0.0248630378930518,-0.8109376093060846,-0.36385542865885084
-1.3406295709845482,-0.2214437079921364,1.0225550144881463,-2.9929343084684583,-2.016612260264701,-0.124520027395962,0.34462240315036546,0.03980951627139735,0.592598904355746
0.24647828158340054,-1.0499679900103294,0.40923673228940566,0.15106271886819939,0.6423095805647434,0.37226848419797576,0.16138893817887293,0.9462831006306777,-0.778311995049518
-0.9141812775064946,-0.343038064174438,1.7369803232222112,-0.22714206098847176,-0.037913024991933705,0.4104516402420198,-0.2349980503196565,-0.06658718270927295,-0.856237463119383
0.3256565841673623,0.04133760318824634,0.28423842769154667,-0.06629327778520985,0.9811173105093504,-0.004116370960605321,-0.3948851750629754,0.57583234071775,-2.4178837866863327
0.20249351917327935,-0.06414033218067493,-0.10418056829237961,-0.1122105406502116,2.2465794753678123,-2.0068803878738737,0.0315004539990129,-0.018517423771781415,0.2014158667926589
-1.5842347881901782,0.8376126156692382,0.6682378835449001,-0.09646841702252583,0.19063711582316384,-0.761560478604731,0.42514081355107736,-0.14976538778515072,-0.4347034466070193
-3.6158040088294388,-1.4863636710857,-0.7611565414929643,-0.984251260755191,0.12193749495987341,-4.2052035727964,1.1631435859867156,-1.6760461702394645,0.8628176888830433
1.1115753647324174,0.5082194203370071,-1.697769710831743,-0.10567600634997745,-0.49647718307780847,-0.6951137537418506,-0.3500856177187293,0.050308556645686564,-1.0387941328201213
-0.6699641285042104,0.4905245410468345,-0.6957237747247768,2.6653200166227022,-2.198474466329066,-0.5613696938951888,-0.2831277084598337,-5.471865151939926,-0.41101832444082426
0.5531171967405178,0.8576998709002657,0.6885440997502413,-0.05988992871838429,0.3728429831219307,0.5351819440203578,0.3388192782032846,1.1215871281263052,-0.05846452009628842
-2.758501781318162,2.679876429884899,-0.20201753483129686,0.9167374185494505,0.6419394943134326,-0.3703196548043914,-0.0216862228207445,-0.0802655022230892,1.109060559662671
0.6028926176371399,-0.7179345599911104,-0.1959707229227215,-0.13622814182689688,1.0500699612877842,0.14363354400817213,-0.8143803152500116,0.14077895162864476,0.2900737177960978
-0.5722466522853004,-0.5847862571821911,0.16890295526827048,-3.506356288605589,0.5247937997271974,-0.27704694064874946,1.061511267800873,1.1605005206905794,-2.8893461504854394
-0.227273804625046,-0.1060025764314745,-2.837733375995496,-0.12858220554535535,-0.3654567214049711,-1.0667915148446763,-0.23991516060056947,0.49904128909875967,-0.8860502322382899
0.9578660278858724,0.29428134762737423,0.507580169987886,-0.10302891333985953,0.5596047557255104,0.5609911704063935,0.3298723891428883,-2.6358620302308227,2.2928670131455613
0.8987569411765397,1.2936480634857503,-1.2784376822958843,-0.0412214067774971,0.7005711692785647,2.228689390693758,0.8076662073428752,-1.8318488445655066,1.3281574594157701
-2.1828173357368033,-2.7238985483978375,1.6656026958055556,-0.12217235452494161,-0.20606448398652238,0.20317470121186038,-2.538504191511268,-1.2186632341576369,-1.7280765860868414
0.5255970389559357,0.019063735015151354,-0.02287302095014208,-0.04172033891081062,-1.2348882418977711,-2.0297417066274037,-0.5552144233313618,-1.8266383733384968,-0.1011178842035167
-0.18527371629792527,4.1500086530730345,0.6188236038914378,1.7549396640500896,0.9064558648254916,1.2310619829425005,0.6483847814130008,-0.0427061240666797,-0.07093000934591914
1.4202582499455594,-0.7184572750279505,0.109781297016895,-1.3539587616184756,0.0034185780077511056,-0.47807759531622235,1.4355873403905821,0.3341262766769165,2.4435392447834285
0.03343317447898574,-2.162110991203008,-0.27576789416156783,-0.10823666968616065,1.1133788910536975,-1.4735686064838074,1.691776295273221,-0.44551940325264344,-1.6768231833318408
-1.9619447813280204,1.7560201814519685,2.487698126834397,-0.9349053278561625,-2.638260909721257,2.166329448236149,1.0365026901212475,1.4316526145629436,0.05834194082589628
0.2798278521923765,0.5342650605910988,1.3620017939910058,-0.03861009331479776,0.04618235725903582,0.3245182224328675,-0.08507974002694108,-0.23713075379987741,-1.0619301172135907
-0.10491154763226067,-0.13633327634142361,0.5617510109402613,0.1981755390969227,0.09317474840208514,1.0336896733238763,1.2029638243950742,0.2601028505597673,0.18400245651357033
-0.8385525907018233,-0.7169690201603337,1.7574610755533284,-0.05415071202477057,-3.555525154079855,0.1595197555886703,0.4784098890557156,0.008166616002925937,-0.34893897894699266
0.7189932484016942,2.799921258686015,-0.06735421967217133,0.46976603606777106,-0.15401015605894686,-0.03684780291473652,-0.9021900284290234,0.02880104610322721,-0.5152138627866433
0.287816940941644,0.9987193635776901,-1.1391028176044624,0.6810012078332152,1.6145861613513677,0.48283248100426607,0.42103965847144226,-1.010538092571993,0.04324295222945546
0.5080782984692026,-1.9123931176275182,-0.17375447544191525,-1.9563244182950847,0.0058223980066225865,-0.055774738219049325,2.1479970645865665,-0.4612241345623161,-0.08328894106673868
0.5898334704440489,-0.9416738389028476,-0.3686205686488685,-1.3800466422043112,-0.9881990487961795,0.6670561267563457,-0.16373413210223228,0.1559930490658373,1.690532561040979
-2.1789852456097893,1.0274643426955006,1.225391690691634,0.15814090652817586,-1.4150600135749694,2.273133870328587,1.5213996585221294,-0.11878410823892235,-0.10393636516379476
-0.9578883907501318,0.09764149805315239,-0.008259767462816132,-0.7629489417691193,-0.5257400562389907,0.11210743645848928,0.13779790793366442,-0.1269808156127423,0.03955742292915971
2.749820213093554,-0.008643023147281267,0.44818898824112424,0.3889006638807772,-0.10373093997282609,-0.627812916382762,-0.6002584493320084,0.3105355105750905,1.9667067870518269
0.7821597342460811,-1.5099932420122126,-0.19437064716097968,-1.2900829094381112,-0.6102420048243602,0.0528897015005257,0.9498484789695765,-0.0842448541115973,0.6937594997470216
-0.19714706127863035,-0.2198085537825239,-0.44054191202757137,0.07990028261196314,0.8573632475628508,-0.7923026691390364,-0.44592702904423676,0.28610755385781994,0.36087844800236946
0.19150661774278896,-0.13818685410170028,-0.014794694953661666,1.2979828383344008,-0.37814644539628267,-0.8823026933046938,-0.636301665011131,0.30664993128034507,0.8373043215628113
1.5871388428169733,-1.8511281586029937,1.0509315326032929,0.12291733603016741,2.306033739640934,0.34294408355803035,-0.32228198906623473,-0.38930891232560466,0.4560831721972256
-0.1165125195049736,-0.671675023323489,-0.9802140750966214,1.4207354162866295,1.8916643313346395,-0.5609801028464443,1.9920181496271336,-0.8791455715327521,0.2498654567054984
-0.17491536135140134,-1.6567549415213985,-0.3955326914111177,-1.7703245710802824,-2.618973554205124,-0.04448555394608622,-1.122681917411844,0.46131391066693517,0.6650760779939656
0.6862677714426031,-0.035816306793762104,-0.19177414741823334,0.39901731870617835,0.8061709660480556,0.055597126639262785,-0.2261873731992426,0.2546607859673688,-0.4127846888998737
-0.37580956374195523,-0.5881018815296818,0.20779436751534386,1.0399052732218668,-0.2952399847590937,-0.09258986936545796,-0.10376474220674374,-0.4738894612595912,0.49011246750312987
1.4238061962061297,-0.43369768600475445,-0.19572259470768602,0.9926588933001005,-1.679315060279113,0.08295856733402181,0.45758735451938604,-0.6075888126506546,-0.24312457070995927
0.8510205572453141,-1.9177608117878988,0.8324194647473143,-1.1630985862990426,0.9557822862525356,-1.136875481966054,-1.3358947638915781,0.7029903952699895,0.13037469677079083
-0.44730094577789964,0.2400560075157857,-1.076880025898173,0.30233795563664717,-0.23689851478272966,-0.24971499918215231,0.8501104937457717,0.5639822625813136,-0.011034788784511211
-0.8090933636029425,-0.12159825994024573,1.091186307318876,0.2849135131352746,1.2193185333592498,0.7929102349254821,1.004364014838993,-0.3799724255092921,-0.3990190152390497
-1.0879129236668308,0.05807153006722063,-1.0467896002089698,0.23241091208171694,0.5031832125790799,-0.22099032602495655,-0.4850652582448855,-0.013469847815040022,-0.36069086460754524
0.4708938214756002,0.28924945020689913,-0.33005279981956825,0.3629527862515767,-0.6922354281188264,1.4305118644813597,-0.06920150699530785,0.8115058448764003,-0.1507012706556507
-0.1126698974686806,0.9817716966587313,0.49354344466730216,0.17065114488647157,-0.09727182950698932,0.0043871121167200055,-0.10924021172323162,-1.8753225622854783,-1.4387908854405473
-0.8369985230392555,-0.5690746165637767,0.0860002948478024,-0.59775490316107,1.6781456064467746,-0.09801351259179991,1.3113155218442982,0.7284708641175114,1.2881819693860634
0.29023476665954345,-0.4606387924958623,-0.2213154648416759,-3.496107655550159,0.09612286452473795,-0.08582476132718922,0.8758797552260953,-0.12413275029824188,-0.931565052257662
3.242151292798815,2.536582122544146,-0.09479289182713012,-2.049460776200028,-0.10825064609048735,0.3318093429419133,-0.4787904391996493,-0.9405847881204655,1.3295291026378606
0.2658213655482049,-0.5359842950366477,-0.09316540764310581,-0.7179023081217331,-0.154825996742767,-0.17130892456610694,-1.2923947523720274,0.6877983173051815,-0.010682119589313494
-0.40346713553026803,0.2608351076124587,0.8115890548257314,0.39505922369322605,-1.8192690992434837,-0.39316464761718195,0.026095782947466967,2.0573246389342295,-0.6169143626875532
0.7825121426047451,-0.0620706909374545,-0.7253225437328467,-0.26905101836220724,-0.27453842917232046,-0.07977259657881863,-2.8372231018423095,0.3461987633358801,-1.3197344900596573
-0.48236472090220933,0.4204233360498362,-0.21148919605700403,2.593941515444194,0.69355296269723,-0.0002704837819126637,0.3515037242682688,-0.7768534562979234,3.8491172094710935
0.9133127751871597,0.15926163709968225,0.2373800084017133,-0.27160766284845916,0.07926509246301172,0.8237607562849704,-0.07518384733168275,1.4661838233679134,0.042615623630917934
-0.1247947447038328,-0.3711573568067103,0.046371393735950645,-1.3622934617399318,-1.20648074462489,-0.40310392114679533,1.22628675008814,-0.5239001383030316,0.8931808369164507
1.0584204530355408,-0.5844280402471298,-0.06075173238221334,0.31712597425686667,-0.10495621166405569,0.046934200757140936,-0.9177819324411426,0.8024943642944521,0.09711558349118153
1.5013019831626315,0.5613139445456415,-0.1581700778644685,-1.3385561993739112,0.4474895950364786,-0.829771431647121,-0.8142439703784349,0.19235089039048736,0.2636817951915862
-0.8549935653859077,0.3523407522889899,-0.7932849947134107,-0.15618283685871556,0.07500429899230701,0.17468798873765548,0.21041497787702043,-0.16563078920795907,0.06132600025517608
0.5925255591394568,0.15447108860615813,0.3382383876798015,-1.4627281745364171,-0.8630352178935737,1.4287649632644224,0.28876693484942234,0.9480621962385184,0.9220448569541033
-0.21656805247357377,-0.7577856560641009,1.364423321178985,0.06780111606224586,-0.9322891774118742,0.2540704563235545,-0.8472693445306733,0.13614130072936653,1.2446301056741844
0.9358790847747354,0.6528794647586195,-1.7459789386853835,-0.17150283495043225,0.07823278881698527,-0.1836965673849255,0.9480614938494,0.14365192739434773,-0.006208326420480724
0.06573200922976381,-0.8043748497552582,0.5070369794348454,-0.8316076834087723,-0.28318756821389535,0.3713228678929291,1.8462538084471087,2.3564947386890838,0.24401578024214146
-0.22481959646894561,-0.5128537866476938,1.0621084780252206,0.20702887125683517,2.442411175685845,-0.2184338526407518,0.3827587105233272,0.07356628341856251,-0.24895207655225232
0.5375203842437357,2.149750416937902,0.21993911949020006,-1.1477962280027,-0.4132199901600229,-0.1964762285909458,-1.3863067562827827,0.6042580396385163,1.0013481153191937
0.08063301606097345,1.9065674318486918,-0.7103611685919885,0.5463672320506138,-1.569947345159339,-0.019531026015457118,-0.6099067162128738,-0.7132390029289504,0.5140236470113262
0.6647467880888545,0.7132646691941206,-0.7481289560870154,-0.1767315468920248,-1.2648425978383204,0.4320494438280106,-0.5772500153319777,-0.6856956234818123,1.3407955099369588
0.9070736683162107,-0.5380895959102043,1.5926298870963485,-1.487167405601051,-0.4239434322215125,-0.7807351063250999,-0.4794036568276398,0.18262160978569958,-0.2776011194615511
-0.08898376543264402,-0.20319411277431892,0.06862769761400163,0.043527623401313095,-0.11161242901471741,-0.29472781329112924,0.3305078007156353,-1.5667336978896436,-0.2482937791773752
0.6989327875355753,1.1268057770400564,-0.9460349902328801,0.8711803058169922,0.03908852972378181,0.7932403975676285,1.631383539409552,-0.08394018102433011,1.8053071625082626
0.6427037006954095,0.9953056338366689,-2.1581510842059513,3.5442771187399345,0.3907394253557519,-3.6970324364320137,0.41530686368050135,-1.5226989361189733,-1.639286584074034
-1.1890979867730624,-2.4104102427994514,-0.047937432033443916,0.781465368708796,2.475401246591853,-0.01051551024485365,-2.7167840814625897,0.12781463213055066,0.1695148836359304
0.3589386985229112,0.008506457361310157,0.6095337171303535,-0.07660556153387418,0.2170954164382699,0.07322754276526355,0.05581713599587374,0.04700955181917813,0.7929234088126459
-0.21415104063271292,0.7757907273126945,0.36138159039753004,0.08529068996957945,1.2943527800352905,-0.3761715707208596,-0.4543586279710636,-0.554084730770443,-0.6892214176027012
-1.4336944289343554,-0.2837302959263506,0.03536642438245311,0.26456701958756335,-0.41432735539526006,-0.6123264738895938,-0.769760807142652,0.47100881247968984,0.040148706888046684
0.0945284150813075,-0.22744092310909028,-0.2953245138414681,-0.6211479191650664,-0.3952856253647382,0.08392419120543032,1.7370307832476493,1.5407187755884888,0.2473031989011857
-0.04291633052572509,0.5853823699304177,-1.867785860072508,-0.15576960407931845,-0.14993320682784328,0.042996314676085196,-0.354128563834351,0.10483294603597978,1.029173751868793
-0.2468728891912634,-0.8323192280341415,0.7045325704066482,-0.30241309097401725,-0.5169326016846114,0.23581084244194997,-0.9010189957076251,2.5288139189098158,1.0506957435026523
0.585998125746197,0.41558025840188734,-1.4679960584702647,1.5186376439588876,0.48912784099906026,-0.10872353621476956,-0.17848518823207976,-0.67751652594844,2.2465412267708778
0.5279894830102031,-0.23097924696248184,0.9186555981750206,0.6788266879154312,0.23927678447882417,0.9473267870202882,-0.05273734529489833,2.320233171205721,0.5056646339954861
0.44929398662795367,0.5194731188141857,0.6448512525801504,-0.6702449970462101,-1.6047920901902206,-0.08656311493307206,0.34939446983988237,0.3015217246340416,-0.39271168378249155
0.2210958646284214,0.6749230381321344,0.20403121253915546,-1.340240081348165,1.2194031891044954,0.019322682142582988,-0.15694344019143605,0.03435584227022655,-0.2089357669558511
2.717849476434414,-0.2099791365730111,-0.96246636420891,-0.5899928314348204,1.0726945942956434,0.3233560624120989,0.4773725762882173,0.05279509206581177,1.2098785270696184
0.5231887874963288,1.3761140859904992,-0.3827040225188679,0.8990455987298023,-0.3279908178348089,-0.8010040528564456,1.0269382580905093,0.31234200187883215,-0.09498050240489542
-0.1808092349221552,0.22885752502266257,0.07476503813376167,0.07812593266669135,-0.19908914755795107,3.2998763336562082,-0.2208787829422094,-0.6795988806788262,-0.04698137353236773
0.01959971620565398,-1.0125098709193376,-0.5452615807930437,-0.025000828789152073,0.24763399507461678,0.4823533368413064,-0.4358568316006789,-0.4081638380423597,0.4955716088847768
0.7270030265467344,0.6038328729634561,0.9897435554533415,0.32992558242566855,1.0442906599862571,-0.11461979433554345,-2.087439646151286,2.3660889100599416,0.07915711345242568
-2.0657505970021486,-0.7746427210831563,-0.26554951704185986,1.148760642534641,0.4410708774675441,-0.5336550381240236,0.9590814313046455,0.4336791084946938,0.7608666367886101
0.42237720813075064,-1.7908461043782609,0.7536511385794985,1.5630225662467807,-0.25375704625016005,2.8515907088780352,-0.40490180336688025,-1.3834599792691564,0.2803804927069622
1.9906133782183812,1.3122382464485582,0.28520616251929276,-0.2610136318277209,0.25140131080568323,-1.154260552218179,-0.21098760312621795,-0.08148959113622106,1.0524864951735327
-0.5520923842507324,-0.502775353753762,0.43997080457680393,0.15909624770242844,0.8255050851609002,-0.41767622792125914,1.3056649977710586,-0.24003240933255043,1.046470683697896
0.22700350480467776,-0.4424502563269517,0.6299482735159635,0.2557842586075431,-0.9193193248676172,-0.880861625721539,1.279133853829386,-0.13603409289325533,-0.6011126001503007
0.00407295323399395,-0.7149693513728547,0.713864701710232,-1.2779857806209727,-0.5164140847998853,-0.3070749205750452,-1.1746510700215178,0.4004926513237082,0.061591329406730934
0.5422413335593506,2.922833739093144,0.576476335974262,0.7054506088748353,0.17753227046078726,0.10057662555707675,0.7213081567497692,-0.14342869334897526,-0.7050031543039721
0.056171624573884534,-1.026437471843263,-0.6364452070455247,0.5715262040944274,-0.7533398318319369,-0.48630166084655824,-0.4690529676027131,-0.2892658807963672,0.5236959623929957
-1.7596980557038095,1.429359305647525,0.019269177913305072,0.3907837169839872,1.0946859123790322,-0.8247276160711766,-0.24784881545168866,-0.1660118015554978,-0.1951317886345105
0.685500456178408,0.30168486769957203,0.27599425994495935,0.48892945409487965,0.32208285081084087,-1.3339491214003445,-0.20232891784054427,-1.12735172196909,-0.127250232172086
0.7618485823412526,1.472364270596189,-0.41362681012454616,-0.8885543795525809,-0.011419344020078777,-0.19483547019575312,0.10555125629573767,-0.42728442284455437,0.6999074607432737
-0.979241384010541,1.2640143967862112,-0.5160041579046024,1.801480535518202,-0.3344503377519965,0.6275201327088057,0.4059333456696539,-0.8775339474789163,0.08727939567346348
-1.0446781213738967,-0.5473843595188772,-0.3020036750295396,-0.16885198218351016,-0.277596924342212,0.36972678412003884,0.318612151630038,-0.01962467864567473,-0.647739982335599
-0.8857864857168032,-0.402204831675791,-0.8727318820956796,2.048241590107243,-0.8614895602158937,0.7556696146131833,0.15846792003441806,-0.2727411178709135,0.5967609030420316
-0.2611234075863029,-0.09850339500635444,0.3191441941816437,0.43506265353426243,0.376512626001636,0.1449949117647576,-1.2017502693837978,-0.16764581315965463,0.7280257443351025
-0.4236697331319331,-1.1179515662120074,0.3082011364557234,-0.11007891175937287,0.018897320285188285,-0.48887142180240384,0.359485125756268,-1.0514463571324344,-0.2552347923361595
0.6401504036847228,-0.1046934373233585,2.5078249178940464,0.41960934006790596,-0.561044354781331,-0.7988176122143008,-0.09208055671672531,-0.19166085476441314,-0.13680430038765676
-1.2958112918888365,1.3240355826960737,-0.04032917117311193,0.6692180633920884,-0.759573129117265,-0.4062891844411307,1.5752156809149078,1.0550044529435074,0.7460712159276817
-1.5820472423533518,-0.30151987756450677,-0.1672677154989325,-0.3852519199892275,-0.3336640200238889,-0.8807186090535586,0.4871136675592436,0.5424936272327932,0.2841521845305476
0.8533517138304575,-0.19983952629132415,-2.1154659081149814,0.019059451245784665,1.0421604747719428,0.8195029251006691,1.854815646622198,0.08800152843195932,-0.7503204138570554
-1.1656285020132442,-0.12214391322113441,0.9636970327861495,-0.18274619694702662,0.3896541473263868,-0.034828179721392016,-0.8754872387475254,0.977556227100949,0.9688873401580541
0.7068122607881168,0.38575031032868323,-0.2931268855373772,1.4949123395620536,1.5480147390734798,-1.1204076445858913,2.7896470025976683,-0.08068638047744581,0.030115774536622838
0.7379533187474105,0.42303912907873154,0.3540038040683867,-2.49941924133585,0.25669251504835666,-0.30587454270224157,0.27891450320187067,-0.25463378606218484,-0.21164573680452453
0.31337035375260086,-0.40865927943445696,-0.10361421122365812,-1.1021025105487927,-0.06580274478292743,-1.0255069457978971,0.9261950616428914,0.6947410290394275,0.44206315200685203
-0.740838027947126,0.89969966162856,-0.23773605734375455,-0.9125075583725104,-0.5475026467863663,0.3511108285097474,-1.7349246060469667,-0.5681928221290926,2.929990466930561
-2.088630807281723,0.01195365752838602,0.4057642477865415,0.6186370036028468,-0.35624863717102845,-0.36516743782158295,0.47387197025498295,0.8543134138337206,-0.8122842071233255
0.3145814701931995,-1.3243210966617465,0.2936947689060769,0.6263507618327837,-1.8311110986005812,-0.633751528407521,-0.03524230496421975,-1.7247477722816942,1.553934428916447
1.0051961497028021,1.1440633507124487,-0.5638165189476168,-1.416542940681287,-0.1559386828669236,0.5864936712632056,1.4264383909146547,-0.42325490057538134,0.17249952132433768
-0.2744106650087483,-0.8534621393711646,0.0558120121092818,-1.1224669169661683,0.9529960119803385,1.5446765761888055,-0.74138841131347,0.4907272986489538,-1.7298767832806967
0.5051902004738591,-0.30581418016271544,0.2319613831915194,-0.39925600943812295,-0.8219648547535163,0.9192918313315692,-1.977027673391696,-0.6542778281206094,0.4063118873806012
-1.4693961476845667,0.18420744677643638,0.4055834155795046,0.5151461315314582,3.426498339608018,-0.350505474938334,0.2737319475817032,0.8031495331505507,-0.19356092400633715
-0.6946504597670231,0.005045881508792051,0.23567203610301463,2.2752821914411183,0.0633573977014177,3.0922261686028003,0.30211442688374723,-0.3166957024650941,0.57638551746072
-1.4929771129103138,0.528116637908307,-0.6082506085110616,-1.621569014589721,-1.0853729667663543,0.2327316617717548,0.39620112442443267,-0.1653509053242049,0.16003169884767882
-1.5226023284759713,0.26868013410494346,-0.007048569813228817,0.20476145059605494,-1.8687722860434957,-1.4167881228770738,0.11319498792396059,-0.7447780214488481,-0.2427886854881868
-0.4568619968503819,0.29866168234308194,-0.8763162431338644,0.4147004660922989,0.7092768622887308,-0.8105589540497437,0.6124978246589073,0.026566245191826758,0.524141000604107
0.000465895132027427,0.4304674601215331,0.48406942663476765,1.439707055009911,-0.9477151640520435,0.38267549925456423,2.7888005774473803,0.9778806646873764,0.05750035132777843
0.23513016498188144,0.301912724357296,-0.806399947323504,0.2884846297841952,-0.5475409406474797,-0.25728888751823203,0.3315697898779441,-0.5693933078188023,-1.2306796361595738
-0.00036998801499021954,0.44321403858260416,1.1500644296957607,-1.1512445070211947,0.4058230273509212,0.8223230970097717,0.007101808927181472,-1.0095704404670989,0.167638295147332
-0.13037271343849122,-0.3044045498072316,-0.050979209412486355,1.7755563920993955,0.8965398804022688,-0.6675620948684561,-0.06466841537490767,-0.9434247590813132,0.003040216805663581
-0.555500603947304,0.6325601540398876,-0.5723055569746845,-0.4042685904309252,0.7521948786104816,-0.07749863184286462,2.263874600602144,-0.5632689666179361,-0.037184818099721594
0.2893831316603037,0.10579857838020712,0.401307807480935,-0.30579159340466444,0.6607136063259939,0.3431573474062249,0.13713264589940402,0.10635863128461756,1.7850064202391318
0.23224792187773893,-0.0955167341429463,0.566429117156278,-0.6618945879746319,-0.5140666598079174,0.2809641107342556,-0.40583670912563474,0.854348618142325,0.32115491225039106
1.1128873400425123,-1.8559528585179714,-0.05359558500626624,-0.13892841188248323,-0.036466581270199964,-0.13429499606318976,0.659897818633396,0.3014609244276724,4.047562064363892
2.7894073735994676,-0.05616398276002438,0.9007955265207827,0.18050325613569249,0.21327737138614844,0.2870342021034808,1.0482514664945166,-0.9278544513844207,-1.7062320272001383
0.1912658277962164,1.0177955568999888,-0.18152503734150421,2.7592415694382977,1.0291816627873926,-0.11529092795603137,0.08372974147351968,0.5873263498226876,-0.08489559844933477
-0.34629483952465134,2.4639410158489485,-1.1033028744384508,-0.04677012759715772,1.279614579495477,0.19017864942361626,0.8420822244435923,0.29876817867182337,0.016160263010756373
-0.6177017340732411,0.5168848458436647,0.3215068776735441,-0.7992391984664294,1.088070465194358,0.8052359964963322,-0.2500825498935055,-2.7820516517744545,0.37072455237265345
-1.2520428071274499,0.21038701691532954,-1.6767806319910121,-1.022125274560147,-0.05194820527402934,0.13698542595690472,-0.14710506140559554,-0.2220024681531526,-0.6555743226627146
4.537235675134637,0.03697937776583279,-0.5325272849233305,0.030150758746416543,0.02954833595686719,0.7340066503290641,-3.1901906924217958,-0.3291368506952443,-1.0809059434245603
0.13687542492136218,0.5670519080721164,-0.25668258055141197,0.7846675810125386,-2.296486622212617,-2.014259412878375,0.7645148106240547,-0.09332345340218245,0.04053111577054814
-0.10830419261434826,-0.9468521365623667,-0.1994120056279882,-0.13132886322872103,-1.3027781991395913,-0.31968310444841586,-0.06525123791331155,0.128990610075938,-0.5211539579971924
0.23675392341330084,0.6070977258096771,-1.3614428336737177,-1.0737125269965233,0.43459707054284563,-1.2928941663162894,0.07720667147431866,0.6507684515371082,0.1334101877686614
2.275862838245196,-0.028145815394080474,-1.4591250658948924,-0.9269150402851106,0.32243230155009944,1.2208093694736857,-1.31703698580808,0.24202756651048998,-1.1683682065460295
0.15867626078817837,0.25466553505703615,-0.7741584848264199,-0.4261285424366026,-1.002973175879545,-0.7830224847851652,-0.03819190390042648,-0.07665008656489378,0.0615619617757702
-0.39809607145568415,-0.7470786923416912,-0.1296467196249114,-0.6053926581280494,0.006152804740948064,0.779576139115991,0.010940520326934577,-0.3069842470434724,0.40725440699965626
-0.19383649285672763,0.27780113144180435,0.6021390085387777,0.5376269965422135,-0.21805043323378617,2.348464692013532,-0.2012839727208122,-1.0371771666848286,1.3855965072393603
-1.36090286787646,-0.33975700971819905,0.08923882178304307,0.9521012475390986,0.04827513465449724,0.18652139167587636,-0.771167623664604,-0.7794383089875698,-0.39680497861294406
0.8337722659995703,-1.3690139196925215,1.215508750371668,0.2891657212768492,0.49113267967049745,0.06781366681026775,0.572615329858521,0.05260996136132554,0.7929687110092203
-0.9744828961247698,-2.016650841208357,0.3389347535632292,0.2237401908110894,-0.43797013333513296,-1.885628123621707,0.33509149455341725,-0.21214229960865907,-0.9349585363403164
-2.653321163442713,0.8260019446495204,-0.861884434611003,0.28384131889944153,0.13627405434044026,1.5768047024258713,0.5349089370806148,-0.46747839834568244,-0.12740500122199006
0.963645613405366,-0.6377665981916637,-0.24263580852181396,0.13434157299867633,-0.21581992720553217,-1.4606548080670416,-1.5768895691319218,-0.10369942796686413,-0.42264569662011625
1.1018845403179853,0.17670944992909163,-0.36209165852890973,-1.7127085806749849,0.0038929515949453325,-0.21195218701037954,-0.3307200677913403,-0.7618335656905986,-0.47954591265696167
0.5911410302624737,1.3917912951272142,0.37105929411730704,-1.1205657529969006,-1.142018644005681,-2.681581507291065,1.837391237589886,0.18277442873332184,0.9218630578823059
0.2587392836946314,0.9416666309486988,-2.692996756847144,-0.34181114579028987,0.4917071860593298,-0.7168307381091316,0.5763462840223087,-1.6233118841741607,0.28882404012196655
-0.1112960393671621,-0.26524715465656185,-0.6321224540072611,-0.07283174308748568,0.6260760981118774,-0.06715599670358645,-0.7115813777651198,1.0231182747614505,-1.0198420098331635
0.17984413549217831,-0.31818389879090214,-0.4480011146268906,0.05970520437359188,-1.5167586213516262,-0.26783804830579655,-0.36028703071376217,-0.46177512424153394,-0.007488049234961569
1.229793907954659,-0.00747031221605696,1.092814984900042,-0.37055191171109664,-0.33249192906298664,1.1212288990967354,1.1159730159545502,-0.2704208307414158,-0.1964483650034175
0.558789187416496,0.03244948776992149,-0.060316760711130256,0.170114276979133,-0.30646000944865626,-1.7675254636478293,-0.9231451778630965,-0.7243180960742552,0.08061269121700175
0.2812693934527837,-0.7510610014569697,1.0439210185953456,0.16121838806070268,-1.4477283872420355,0.9767358661376677,0.6457278892790019,-0.1208226183489555,-0.13311633940253795
0.17420630970238948,0.5931462681569751,0.9572138739926793,1.0787245540829928,0.7697235275386413,1.7081112301846866,0.11634487458874647,0.3328163330182952,0.07933681568007418
0.8830769338690905,-0.4129909895040611,-1.6199937004735092,1.0324247451323494,-0.18268461006719036,-2.8979258267027093,-0.8374416354888752,-0.06684203357080148,0.2840094567794033
0.23786427831401658,0.3942514100577459,0.6361637786547961,0.18068399316389633,0.6807089999595165,-0.23444258622770162,-1.425199427170852,-1.0831242570618393,0.14812698172291724
-2.215486731488635,0.25093026300489,0.2896535948925262,0.304061755771817,-1.588053934393554,-0.8991068456335977,0.539724329449259,1.5893460990838124,-0.025839484615901673
1.0581490900211237,0.07737077675982341,0.054187245656500266,0.6689389770605674,0.4791804123874571,-0.7636200664324186,0.06648685279034969,-0.5308461311804338,1.6311429418935157
-1.0285773190738767,-0.05432248412756488,-2.7626072880565076,1.1527285950839896,-0.04946935520861518,-0.6770640707751678,-0.05329819412672028,0.7580802112675517,1.0038909213041116
-1.0854258794037315,-0.3168292504463,-0.0003002281738706044,1.0533170410103605,0.21332100570301268,-0.5037029874552295,1.8761267846104048,0.5151767736108805,-0.05101410602116162
2.1565739866696885,0.8162672270210696,0.06225286907622538,0.5473371566460352,1.2417374564533545,-0.6081385543701798,0.6841446139826753,0.0007573105431171964,1.8545442726934442
0.4365072849544594,0.704204441015483,1.0130050754723092,0.8146890961118098,-1.0507931917730373,2.563200757382729,-0.387597363288445,0.3106849543215739,-0.8159236722605085
-0.9931055649451167,0.1188347965489391,-0.6358776478577539,-0.010697250744944948,-0.2444767374173404,-0.18745692831457605,-0.027837475576773095,-0.9327828975152622,-0.38343324678563395
-0.061440445844767266,0.18427218764195694,-0.6799923335478284,-0.48688115525096753,1.0376887915030468,0.7021079995135329,-1.1707295043711772,-0.14318126637175865,-0.9380976189908096
-0.4943811122191898,-0.3661720806404625,-0.936095300878999,-1.3603139877350356,1.0269273646189672,1.9399493326213433,-0.3093627447850639,0.13169927512534363,-0.40325228304100236
-0.5408763796045701,-0.4206052493980872,0.49336775348364165,0.24091365558361408,0.24465666818422194,0.86759573274595,0.17494042817677904,-0.4508103702094175,-0.3487419361781154
1.714455206168273,1.423958535703094,1.3549767036303368,1.5128511733560062,0.23829647154741024,-1.1455288178825327,-0.6999312471068534,0.5455495415689705,0.23359922211300388
-1.384597199410317,0.18512675246388957,-0.6567035940014927,-0.7006069830787639,0.8864967414626848,0.020314415463910666,-0.4925482289680841,-0.1182992779864183,0.15218401675805154
3.2408289104471355,-0.509000710638274,-0.005607413917158893,-1.8601368894738346,-0.04324937163598166,-0.5972665062339466,0.2524506808369963,0.06102538133174902,0.0654443000384058
-0.5648936557481866,0.1666352807244323,0.06971429094320981,-0.3063470775762295,-0.8311219671927778,0.7864416978317853,-1.5744092754548782,2.0043771484846973,-1.81461792062078
0.47137010348152963,-0.41992382931828187,-1.226484915233512,0.21067679224931746,-0.24724007143993595,-0.3251521178961499,-0.5837392781048397,0.0471345569322302,0.924499821068782
-0.9995354724219007,-0.9724165307058464,-0.12669574580899362,0.24163939987305516,-0.7804347123189834,0.8290332134215377,0.12379162797559362,0.7283274783984935,-0.21996313079266944
-0.15519330839854992,-0.5641410785424611,1.067053734158363,-0.3054696882669278,0.9060538912153631,1.6635426111738425,-0.7709867187156245,1.8333674735539744,-0.07908404620838955
1.4668221694417853,0.05080159724866334,-0.9813459943283642,0.036200286178433315,0.1964998873078973,-0.02629644336795033,0.7274773374916468,-0.8765865098869438,-0.23846794379634767
0.7050219973452966,-0.4449365183364699,-0.703656807135211,-0.5882693841916481,-0.5017070206728647,1.1641036694664628,0.3767683079302619,-0.7670256667788032,4.010978740586635
1.095707012469662,-0.4365892534460179,-0.891528115380146,0.7201444823593939,0.2338640389848432,-1.31951084049859,-0.5068454638372206,0.8225900049561257,-0.07960602204890506
-0.14106259125626308,0.23233082074101719,-1.10099207827661,-0.2730384368949801,-0.13666754664202732,0.41544996510148213,0.5241285861469298,0.710222525635264,0.09026942940243
-0.4994205165220997,-1.3642026064848967,0.3420288737074337,0.41757873906936005,0.020911486249204407,-0.31232312992451144,-0.0537117308502023,1.3058224785870993,-0.045055954977082785
-0.33388438717621993,0.21066764547683725,-0.4884667231345524,2.5208634709600033,0.9526890765607359,1.1014101889053587,-0.2511500585967086,-0.2537551594536085,-0.3506156575384888
-0.8907099197531475,-1.0169135040659332,1.2339956748137944,1.5856459506292175,-0.5760554961164926,1.2927449518330192,-2.379698290683793,0.06570889029179044,0.09564089523715044
0.024423057007051,-0.009386030397850116,-4.905602086140997,0.10870850675711317,-0.41979408688930214,-0.5827377010461927,0.737847591528414,0.2325173955460315,1.9701963002669747
-0.39172808275595616,-0.04723303773278782,1.9634751154290517,0.8962173976615317,-0.25824129483048597,0.058597788694283295,0.4257154744660835,-1.0176767567127796,0.2953822181064898
0.5034218027348151,0.56669258938013,0.014974334898948527,-0.5593002371912644,0.19811179357511627,-0.4429497088866311,0.03161454249521545,0.5738840548991144,0.10497089268005295
-0.6737904271438652,-2.149586922332355,1.1500660399531009,-0.6861014895954016,0.356671488570397,0.13974335039751218,0.025096703119214088,-0.07063762513872773,0.28845627606948515
0.18197815619818347,0.6610763029560003,0.8717715452989192,-1.9208087342342728,0.336520141309337,0.035402432262049886,-1.5946740810051538,-0.4008902278828321,2.0297184228761935
-0.9171863305080498,-0.565823332224996,-0.4618144127567435,1.1123388937221823,-0.8926398227607235,-1.0157789131304769,0.2680200123664215,-0.4964495959111422,-0.8017401659533555
-0.09821232152975216,-0.133746037065191,0.4709855307393703,0.05323885341915076,0.049395832150779945,-0.12898632138235497,-1.6215125470377192,1.679090789178175,-1.094676189294501
0.4457502627520444,1.3538187865323028,-0.33890817571682674,-0.8498361892191618,0.030317554743367635,0.36131849335833816,1.5545017116896462,1.0511343251038239,-0.16585066768386456
-1.8529086959144978,0.8756731343712741,0.2821844083815782,-1.563817434129412,0.03170445657969309,0.256854217847172,-0.8905768648566903,0.020670943103585377,-0.19250928907856932
-1.4016298683789163,-0.3263844955513922,0.05712489068794412,1.5027045228975189,0.16204629811919058,-0.5368858655825688,2.5884041701488454,-0.679274466152311,0.1954030913753866
-0.7590158661051069,0.1907065480909805,-0.8011595807659359,0.713544625598531,-0.045189368934097245,-0.24284380865883592,-0.594012542665416,-1.9009127995653892,-0.024682053411265736
-1.107468679007875,-0.6057337445291198,-1.0116443138148046,0.2584281563222497,1.195267879086829,1.596467805656884,-0.5742499490627957,0.5983617411470408,-1.066275273981055
-0.08850232981343094,-0.372385353292414,-0.3694342428310026,-0.43055217092750403,0.10318103234440452,-0.05158501733745943,0.8164580116906388,1.0978894669466774,0.36086138556616976
0.7614658933581093,-0.9942743793631541,0.2570622161873711,0.11649776005387642,0.7044540637862372,0.5615066159838807,-0.2092817843401045,2.3899769998225975,0.776090050879806
-0.2503081923442972,0.7725789330487316,-0.6823253213418216,-0.34665241366032,-1.1019747304662924,-0.3682708480232969,0.6012146775255804,-0.007330385943358232,-0.13468648506775918
0.509972530614476,0.27026911660663,-0.13147212523851326,-0.2716625273696084,1.0791766713605995,-0.34290004307180205,-0.07684796362157516,1.2963731764280861,0.39985955206292373
-0.030505067293967396,0.9937785594793063,4.994388259212364,-0.33678430588696984,-3.3710365085420415,-0.850289802076545,-0.055556518380686586,3.0380250956177,-0.3397111353265779
-0.32149557579178134,-0.6831786695704246,0.7935604509622626,-0.12855698259456275,0.0728992591763033,2.063441709825272,0.7265686796340118,0.213399800902499,-0.40392828604910563
-1.4640470840755275,-0.44783057030313944,-0.17957503067918107,0.11798593391025616,-1.853625113687882,-0.07649478029196835,-0.4495509727471083,0.10388383168214095,0.07223394982667489
-1.0681143978800955,0.1460725916926406,0.5959233117522218,0.10571227020347795,-0.07553039012643713,-0.01316587011245338,-0.16707556051562245,-0.5478183854821063,-0.8707418546657756
-0.13970978864019973,-0.7363947560597487,-0.6612079609541274,-0.9813076336678076,0.805682660101821,-1.8426403873983728,0.2738420463345174,0.0998846127314106,0.5859094507393802
-0.9782243994162975,0.15640413627016858,-0.4565891839744073,0.6432785596917148,0.6201962058816423,-1.3442002067121768,-0.14750407564495052,0.7882888671020541,0.19888217032945113
1.8415757539248054,0.03974494616196587,0.18408864091239244,0.2773014133594067,-0.5198593998385841,0.4931587462120478,-0.08283848442479634,0.6360985906115866,0.8413928641156568
1.1795047764681221,-1.207426597509815,1.5727562190700846,0.3763480524640679,-1.1173851251184268,0.7256293336581482,0.05583365161630827,1.4075794898941616,0.15818253244935113
0.7820297687153691,-0.18240938342227817,-0.12977685874519287,-0.7518424096845,0.4767865073067222,0.41829146182629795,-0.6406842181273615,-0.5087898190985932,-1.7821683558302075
-0.3332286218428758,-0.9471193289264208,-0.10689728542313601,-2.959758150709111,0.2008502483390221,-0.03981310654478834,0.1161003864356716,0.07642390868861418,-0.7096127621852151
0.29483920064439517,0.8783706278520113,-0.15360618996420042,-1.5390145600998006,-1.2223597908237993,0.7079803039450134,-0.08038653288742506,1.4110099955459907,1.4500970073287258
1.1970007368316766,-0.5865183345824102,-0.08347289422668516,0.24684929895871824,-0.3606739085005613,0.5597480080459589,-1.5431841705048612,-0.8082280848447031,-0.1139282617490609
-0.7302243677484259,-0.9645107271896968,1.3570291760551363,0.3261008437976581,-1.3711180111460284,0.4592354611857322,-1.7201299460358876,-0.1454088893288029,-1.5720972645882783
-0.6763627863201984,-0.33736507739082455,-1.9454712729042998,0.00042967424022274594,0.07304554293011087,0.9130552942522187,-0.4573930632202581,0.12611917564657707,-0.9224352842591498
-0.7235712409122561,-0.9310117579127825,-0.8830701947684876,0.019423833461745418,0.9646004190890928,-0.585582446119157,-0.16922460959826205,-0.3162738466837633,-0.4655754230397123
0.9260754881361376,0.8318361346141332,1.302189918088634,0.2755889597955019,-1.1817174862016202,-0.5697196320990114,1.1406938462471816,-1.830495056825189,0.8084571998454054
2.6102118740724367,0.16217082030452315,-0.33201833660792895,-1.6090378671515153,-0.5019036151635762,-3.110821177227247,-0.6297149031743138,-0.571081994214162,0.21441771489356365
-1.556007120005322,0.4401154134480577,-0.5390847866919939,2.1176478467501174,1.1080942000939258,-0.6314229709278802,1.2631473898163865,-0.49004222436706407,-0.31038189476959144
5.569637328389482,0.4716465575318996,0.22281015288501496,-0.6168826340087533,-0.05849528764259091,-1.4082254190154055,-0.5819127390137989,-0.10186147415379712,-0.023901881051600873
-0.4854633933455379,0.4092856758015892,-2.1314221418972523,0.12458719458622748,-3.017598763648141,-1.207987320102018,-0.3699849183279731,-1.5509999393537959,0.5849320251218195
-0.7867596596039873,-0.09932781106022541,-1.0049553536235862,0.163721310166886,0.8564467017638233,-1.340561500924565,0.12092113521390005,0.14208208718213855,-1.4035245671991545
-1.0582620819708062,-0.12020518369455058,0.8290065522299757,-0.057402636043940934,0.24592524800401394,-0.25834105048488915,0.4421026011010828,0.10932611324200249,-0.19069603886865363
1.2789366389817003,-0.5045899488467165,-0.03102465245448421,-0.8743885052921794,0.3429183027701854,-0.13732297660789933,-2.721877536278632,-1.5939761072618388,0.3304034819722759
-0.16995541041989026,-1.714365484325028,0.764562293296017,-0.1849359332084119,1.9690214486674689,-0.3733751121040324,0.7422245770618319,0.682194062922359,-0.17998784699886558
1.1310815855093124,-0.5990491064190511,0.7369336231121812,-1.1926419725012996,0.8316061114993486,-3.412654579904217,1.020801856358928,0.43513787112760516,-0.15481134220206813
3.8619451079503286,-0.5174972619973445,-0.4420990575901875,0.22753944053635478,-1.0558821284051525,4.562530705209126,1.6094631221610516,-0.10859597539667437,-1.173258808945492
-1.4689522835167301,-0.07830538045264974,0.13887512521727705,-0.42552826478560135,0.822253442824435,0.05637426490130419,0.20806816928468336,-1.0757529114398827,0.8226550129892815
-0.763298912770481,0.36329708039880015,-0.45240932997163535,-0.3026897852436615,-1.8876005659966373,2.1304046414378415,-0.5475719810848048,0.02929186296661508,1.2177440786507483
-0.7292435272344465,0.15026264701131697,-0.3878801724191719,0.1138344341708134,-0.49285743579536745,0.05802410373817422,1.3654391491092146,-0.5328947667896208,-1.943782170747432
-0.13308686983704976,0.1359706242465336,-0.6005748968773071,0.21668897000964393,0.18538199323934926,-0.737882626745106,-0.18177434992117672,1.1649278151133515,-1.1639500247845995
1.2721736372762142,-0.4873737919278291,-0.7276236661900043,1.34903167544608,-1.1238441733462923,0.27371347966819143,-0.8837438458777166,-0.4166955371356523,-0.615452423544105
0.3390242272344189,-1.993227372400511,-0.0417328351408354,-0.03994738611776423,0.09271672292152072,-0.25945574296720014,-4.473411775849305,0.7252098008984315,-0.05837084365688754
0.4624533184594383,-0.06539357079316606,0.16064050820448694,-0.17886431519160684,0.10252681152290902,-0.44702274439740636,-0.1947568385163094,0.2962436454704984,0.5453898726266312
1.3927271051145584,-0.3746080254263344,-0.5192684035683777,-0.10800777630135784,-0.263227937410464,0.0832021339311144,-0.30176027642810144,-0.2788601029064826,0.9685441529634405
0.5902104740475902,-0.09349940876985548,1.3325598869778859,-0.17377580620028965,-0.560182429556664,-0.1941346084722721,0.5367191744326562,0.7789852711116659,0.7811543031703732
-0.11668271039060217,0.05818580804160105,0.08985599345205113,-0.7237696234606495,-0.3466116051122881,1.1840842589026275,0.7655559330532471,-0.5455811532706064,1.3887167443149901
0.6141728625887348,-0.42186681155732514,-0.1453140434612361,1.95598402400149,0.40119067228994915,-0.023614240976488416,-1.5164740989069525,-0.04620187221723258,0.08793600884283419
1.8222835456703614,-1.2310465037751472,0.24412942034333138,0.16581290313956593,1.9314576273904898,0.45254411214014595,-1.9719759871155222,0.47948729915877725,1.5270632990433677
-0.1029392439951141,-0.8748066151931835,0.12225578955343831,-0.12022365496172845,0.5153398790740389,-0.7120106581163085,-0.26226290638999966,0.9108192896095516,1.2041059313514224
-0.08729603264195251,-0.5840419627635003,-0.3402066177196422,0.6716015853760418,0.9085797342417327,0.059748788482061554,-0.6354921252246237,-0.533561996306147,1.2548145565636324
-0.12643507150426922,-0.09206478984560364,-1.1779366366438018,0.2970726666783311,-0.07017428087993577,1.6909861727554725,0.24917274671338113,-1.521982578115487,0.8745102805006375
0.5806085893711259,-0.22774796052152,-1.63410459732864,0.14290746624177839,-0.025041950816287305,0.3602734371332281,-0.8099296267134622,0.3238889685835421,1.0560000059479964
0.15234504240561975,0.6593755732337394,-1.0282272723822055,0.6505123386251817,-0.6859735509687462,-0.7234169709433451,0.3823152868882347,-0.3760163799588225,1.4598507343526121
-1.287373432484095,-0.8048027445190877,1.4831715510715715,-1.482461429352806,-0.11936831901738883,-1.3626055870071314,-0.6853563079383144,1.0718931173300805,-0.7220750604381175
0.5415486888636978,1.1217623104704848,-0.8055073618967183,1.719366912064974,-0.932621499061591,0.025890035237496053,0.432694608379499,-1.6944658466215017,-0.4737909211363173
-0.5140151889757841,-0.5883473115986161,-0.8113820414260454,-0.15611632873804945,-0.312916646828692,0.3720872188280342,-0.12662812851653407,-0.03710732628987967,0.10594294675528398
0.3764288276179728,-3.132165447992223,-0.008147908169837263,-1.688311870098474,0.2721133051190754,-1.4595604511884495,-0.9935274573047822,-0.1327791025106491,-0.37670381429973154
-0.9763509330196293,0.3410849024815463,-1.0103728057935903,1.8938730336954073,0.4473666619734468,0.3919620474211347,0.3074373625821434,-0.5233180599380668,0.06872674810647271
-0.4445659838277908,0.48855099685127135,-3.3734778802237804,-0.3186605296621515,-0.6357879480386197,0.7454815256164676,1.0891084035753928,1.1902096505795103,-0.4116410608935388
-1.3896322532555476,-2.9217673718278507,-3.268075492100818,-1.2084506872109926,0.09456982244891561,-0.2526583842100125,-0.5153880835598404,1.2578976456781812,-0.2873241412356722
0.10871947864790252,0.13308198459299275,-0.1499349837554701,-1.0530521587113701,0.5826608143417913,-2.3355748583857694,-0.15891154810461422,-1.4296286699591931,0.1735924720010699
1.410910372152802,-2.6725836472047346,-1.5911060049822678,-0.2259146791297953,0.23295029954309496,0.901141502112515,0.12995534480144647,0.4571497878185178,-0.1581533732855631
0.20580387277323733,2.295260110947659,-1.558129482766914,0.5224925917002591,0.5069656887045835,-1.062396634316624,0.13404776616203998,-1.3299811701819146,-0.19131319796840207
-1.522858615861144,1.5732158102419362,-0.7239652596387518,0.19117810242416042,-0.40531887125296623,0.0448459461247122,0.6142785262800022,0.8540545749898254,-1.2594420912476358
4.019473028803708,-1.1225284076680446,-0.023813204633703997,1.5115244321541008,0.6426091816976777,0.17110042131912936,0.38745801415068515,-0.5456790609639737,-0.27398695334742723
-0.24521303724002305,-0.03696641859450908,0.19787414268002473,0.4731228725960038,-0.22572288098403642,-0.26809377200080753,-0.00869573584951629,0.015562246771600665,-0.41667067958336595
-0.4256490758876902,0.9182853332494771,0.028459156230494727,0.21225508229812373,-0.6588172361023891,0.20080259477311016,0.2205712256275893,-0.45821834302684705,0.4836728170893229
-1.095843951019315,-0.06781379075437484,0.5628124904850036,-0.9184862095166461,-0.4783532297597989,-1.2942240661049924,-0.7428156608960362,0.0044473368979897655,0.1732452172130029
0.0366765375747384,-1.8408259847788726,-1.358100750764894,0.5181703684982132,-0.47373672334703715,1.653906852554941,-0.44968332299632613,-1.4698876386973565,0.6115314077009177
0.9613367605841755,1.7417191587939798,-1.0980558721054061,0.29996765667112274,-0.3503242621499533,-0.5318987837450856,-0.5192989316648182,-0.019286535659057316,1.6029684846867314
-0.030187789168408106,-0.07316784897717503,-0.27483454796119133,0.33755377550561816,0.35331268081228284,-0.28857240287934516,-0.3596638320091059,-0.1347410321694351,-0.8410616825023743
0.20158301581420696,-0.25258581466448654,-0.009463654810875072,-0.013481576037249076,-1.9380072321616073,0.21523661706346314,0.08374893380514709,-0.35384274659754666,0.5233902494290191
-0.6243592060597308,0.02656066341828759,-0.38436423520854907,0.0877603204341431,-0.5060665032978978,0.706424275337776,-1.288667837899872,1.9971904874248991,-0.09423749523126121
0.46870665537947986,-0.5153765706939207,-0.9586606260195732,-0.12064311050527972,-0.2352522125805035,-0.5033739889274702,0.7093021292775569,-0.00967428397046435,-1.2537617795813722
-0.17648867901517454,1.3118373260994436,0.992439090192108,1.3701021039856423,-0.21861085449223577,-0.04525806831636326,1.5361274529330713,-1.8114075553143731,-0.028570024678192186
0.7378828921725539,1.1390303374852737,0.513261016431902,0.3216007933510745,0.9672447462188103,0.7488526930599347,0.3519405813902421,-0.14216857880756278,0.1598132307599155
-0.38030048177272846,-1.3377106730408257,-0.11740535978839159,-0.6800791363551174,0.6654254782952876,1.79076709847223,-0.07403644397090862,0.08005174052268328,-0.6467401089173338
-1.374665853443084,-3.24847702607005,-0.8135722634062483,-0.18586252727522432,-2.0992758070247888,2.120169538005562,-0.2097874639021376,0.17615404555634923,-1.2690671742517066
-1.3110809613369918,3.6051418637723858,-0.33453292750095465,1.368648714010716,3.5683109623917875,0.1584427010525668,-0.5707576931421344,-0.21374094260651952,-0.3104703880448138
-0.414314638396995,-1.8694617242718343,0.2777775540941718,0.10423726841313907,-0.11543127145956339,-0.19921995362763423,-0.012484237779442476,-0.473378861445141,1.0944764542731664
0.47791978409666935,0.7049019546897465,-0.377488636618953,1.897599367662345,-1.7086393773914734,-0.7450971790063984,-0.7149531357880987,0.9627356753284142,0.2545486037957673
-0.4557375254167408,-1.4631309990986767,-1.620395730998314,-4.990377846087585,-1.1590583387391522,-0.3439320978106184,-0.0055689519441816495,-0.9308284872442072,-2.0783316798961455
1.2952806059465705,0.23758312015814018,0.5551727925861476,1.4799623095774466,-3.2239973738313523,0.05327960499571421,-0.27989268491928665,-1.7444185179211176,-0.6490845095929573
0.13421545872313165,0.6319237420605723,-0.269040949794322,-0.4466205781598358,0.06204873064859538,1.263850092257295,1.0754858959558729,0.346892054499785,-0.08269600729599137
1.00912266692316,0.7348090798745263,-0.31699808313113964,0.231429601531708,-0.11997863123702013,0.02152192537456217,0.7770057425395076,1.3221675894797624,4.603020285326365
0.12437242191505014,1.9504049535675356,-1.7077188279718971,0.31329359421113967,-0.2342219589294713,-1.124985510501465,0.9985245528073117,-0.6920602218135335,0.44980581342199594
0.11281102768259353,0.4985505472883158,-0.44823513914568824,0.5432598492371472,1.4622675958298395,0.2845884458741308,0.22351537134262225,-0.2534920003641487,0.36405028041336557
1.1224920076256706,-0.2542334383218519,0.07319764240161637,1.750722728504851,0.3403441405452297,1.7917868894739755,-1.0013990940382322,1.5300683043924523,-0.6282522399317976
-1.5237285383430468,-0.012012425959870116,-0.09177232335884217,-0.7277317469057697,-0.7036487300755023,0.3408034885889244,0.1902329022258825,-0.10916556600849125,0.7565412568321477
2.021609541724159,0.08847754380901438,0.9101122648143419,-0.5388770398074129,-0.47953082532918034,-1.0038304902680473,1.1154598444720174,-0.5169169731432125,-0.9071086273907227
-0.22500686307942108,0.030571478468773738,-0.11455917702265128,-0.2541152569041494,-0.48143822610366344,-1.7972177775587304,-2.662944835045138,0.934497649912925,-0.2064652796445091
0.7404876211305207,1.2654166338667192,-1.8685511936851378,0.24446725738078912,0.7752947178346267,0.419937725139253,3.3180273702314205,-0.8315035155054584,0.973288974732827
-0.23707907735318637,0.5137105320624626,-1.3032157219196219,0.8081832764169191,-0.274864249549796,-0.3670234179796214,1.3263645004862632,1.0136121504801863,0.3822846999169667
1.1284894640122647,0.3036761948913665,-1.0009474316876568,0.04510517645320297,-0.15732744704356585,1.0511894527795012,-0.27835784525858026,-1.2836035231192797,2.856422852543818
0.14956779106820656,-1.424068097015187,0.19654692904367094,-0.23950967558030983,0.872828218270928,-0.07809496077522397,0.14957160985033952,0.8270721876256446,-1.2320804157692191
-0.025819624835867035,0.3572455856411302,0.05590050360641391,0.23432497146828807,-0.0031442695270918228,-0.16551572779450696,-0.07200669116809251,0.580337932719629,-0.5590902199548283
0.748113434632133,0.42820191767307675,-0.7453155181626576,-0.6595133442746488,0.037565211912882486,-0.2735041963032268,0.12283046663524483,0.5362505878176017,-0.24413930723538094
0.07242801981452292,-1.461140912350131,-0.006766603728981139,0.13053368687759007,-0.33471513268019415,1.6365764271693366,-2.7687086300324726,-0.6474023481662451,-0.26459115925123394
1.5584379773301176,0.13199401607857772,-0.958002985797796,-0.2016645112899467,-0.16642643945643645,-0.4834514812762761,-0.5264567273889131,0.06352840558710501,-0.20589744565664145
0.13619655012746945,-0.7350496783208543,1.0979848484609207,-0.5494112781871406,-0.3722191627901464,0.2260577954052468,0.16407210601359598,-0.31560909500048717,-0.7114218213064291
0.569556910319916,0.6850161250079202,-0.09169434885453849,-1.2402902453850209,0.12373608051792907,0.26174247318029786,-0.8124319332932872,0.10560369283042843,0.5709463924668378
-0.188041271981631,2.6848820688383617,0.041638211178695254,-0.9266108347480113,-1.5250469825111281,0.41101135918192694,-0.0745255933106592,-0.10242236518531189,0.325154378639443
-0.5531931653243685,-0.486536731052088,0.5118433853930071,-0.46910203125089267,-0.15203006380224188,1.5966565474902448,-2.097274115607849,0.9658980980894997,1.5625706217507318
0.10602147409845385,0.7737876295869986,-0.3160988354729214,-0.11788565375923926,1.2534191194174995,0.0022582038513661103,0.47845792011818367,-0.5928781516898088,1.1884184352776572
-3.45570174392396,0.7002226119958644,0.7387810342237044,0.16390348349679712,1.9203593710878615,-1.1564162755060983,0.5296993472665881,1.438625139366765,0.7082279077561933
0.2686737754674862,-0.6099230917731775,-0.6136368409923172,-0.48363404937468646,-1.4798523755500719,-0.5524049034787627,-0.22790443964104076,-1.0834896183848732,-0.6875625897679383
-0.04701681269494734,-1.2417622646632813,0.17724965245517946,-0.3337465786638705,-0.6813645309268125,0.17911972665051662,1.7260698635562137,0.004775918077128086,0.28803880891382405
1.784030665070068,-0.34057525510100356,0.2569958160672675,0.0210298769061049,-1.8447311725593658,-0.16743611324061658,-2.8903472965154076,0.5325778636480575,0.13235183412495943
-0.7087102881970301,0.12980135189217112,-0.8761059443474836,-0.8557077527579006,-1.772700793386388,0.0455195956686628,0.22916260536507738,-0.0779755907324729,-3.6210348085717476
-0.11570748586243859,-0.7101371658634943,1.3040693579488023,0.9899005422449363,-0.614592773683903,-0.2738358785985659,-1.195701910595083,2.6514458591167824,-2.2549198566336965
2.510981096188838,-1.2678249052795736,0.757622126183384,-0.6201024940450539,-1.3061519161890538,-0.424746845143913,0.6686845511085127,-0.7206323519191244,0.7552599716286648
-0.7905859025458717,0.8797590497085751,0.2286417221244959,0.3764084536596986,0.6041963146013822,0.49876518403783293,0.3158569796653772,-0.4552200066163262,0.2253949339431304
0.6094562923758735,-1.2103963578635386,0.6491652322928867,0.8147075919329988,0.46163465308214946,0.6835528674462164,0.6924675295365934,-0.34405264254735823,0.017045211934818623
0.14904814454946091,0.025716837074000763,-0.21813565700221582,0.16622394126203718,-0.19988412789437587,-0.20579999501272356,-0.23056689328748645,-1.1322203202433079,0.4569347308019486
0.20206507687643013,-1.256516818814876,-0.6771011806107801,-0.5672467780310375,0.6871717535024378,-0.7118280775376686,0.5959164418964158,0.4742981251755224,-0.5199766500093232
-0.17876425204179616,0.5595335622992579,-0.3956254699337754,0.7850050921045103,0.4699612963803621,-1.7007420183757236,0.33705456695961594,-0.31000206144843695,0.27409734578573813
0.3679524389040866,-0.8075242883007849,-1.0024872405418648,-1.0315225840534512,-0.4299039913855775,-1.9688769560028216,-1.386602893707468,0.4298165182312228,-2.41268442972553
2.2654788129566548,2.144610387567698,0.45750435054044913,-0.8785117633141529,0.41149105264520974,0.2706600150405826,0.3486045171972862,0.44774045235337967,0.12559405275555693
0.324272542354235,0.5358312326618598,-0.2084473624841893,2.0116075256012773,0.5728630058609329,0.04047845616813677,1.953429928139047,-0.8718519232848722,-0.0947718478510409
0.19320812373777965,2.0624040815696385,0.3681219141881767,-0.10317287465879182,-0.8677159935546772,-0.03949046218101849,0.14516769378789185,-0.3710236161405244,-0.15869997547901857
-0.44739126922488365,0.4475961785994404,0.5373802932390009,-0.29737335075893634,0.2940755351610129,-0.23829617991655286,0.7774556547561818,0.43739074969407826,0.14412121522264498
0.20235345181472894,-0.11047935633433278,0.27203138222947326,0.5037638624669466,0.08085605970326414,0.07252614637390947,0.49635688630096797,0.307355844029743,1.386891736934072
-2.1917557845097133,-1.4294759034869886,0.2842570460483951,-0.4137605441176977,-2.3401997566846524,-0.013437494842829925,-3.1110824328228106,0.1872323587522405,0.49376984255982953
-1.7674461334789542,-1.5150378628175394,0.2944923371066438,-0.46355191401999835,-0.16870884700596628,0.40633893848679437,0.05138451872812877,0.4529968963248349,-0.5669324699198984
-0.6700668243332544,0.3291857180695372,0.7838846892070385,-2.341171805599,1.9877267540317258,1.066185713402805,0.07896455467894078,-1.1913867994439549,0.8824424666546907
0.15571365359325798,-0.5925341641343119,0.8629083625575142,0.02681310929374925,-1.4291191425688368,-0.06072318754079445,2.329975827933163,1.6764312691676333,0.02866558639357094
-0.4196625243711772,0.6507138465667303,0.7462246793825275,3.401131574843691,0.09420820735430253,0.3402807963408513,0.12307737686336355,-0.41312463248259734,-3.0195839081194085
-1.0693024039556238,-1.326019571568696,-0.28413702663449286,-0.897897199006354,-0.2192679739549917,0.647262811754104,0.23158761056291607,-0.6342024288821139,2.620321176409676
0.6086205627552246,-1.3645890200606818,0.3323429105065758,0.8033343993522996,0.3042491379959279,1.1902056417986648,-0.6412461021043621,1.4250731157311485,-0.7826108884879653
-1.4685661487687955,-2.637297954725783,0.4157027266447044,0.8024865664849599,-1.2375687364385386,0.3579840233254999,-0.8113779414102138,-1.4078599842175847,-0.45196703141788497
-0.5083444406015449,-0.012854235471529033,-0.3037788813130416,-0.1838559788288236,-0.43222243369099944,-0.005711177776825877,-0.16521833931978316,-0.8908520067002359,-0.12571645012018426
-0.13477610155859782,-2.4509478333878723,0.03157912761862871,1.598378959369441,0.06084038838607929,-0.8606443863907755,0.46779413900407124,-0.02384287169866048,-0.1007487509485299
-0.41620850781665547,-1.1563188903036397,0.542879328757271,-0.3764389536680912,0.5107044195301291,0.017687673943604914,-1.5390118148106726,1.182057664768363,0.05263768163005541
0.4670781083855749,0.8983351610426524,0.12584298894294613,1.0222884135536086,0.40591533025382404,-0.20978154788156086,0.1959825971216027,0.3222134766922577,-1.452412103975355
1.9388116080390019,-1.325005907808233,0.32249844152047474,-0.07129742352928774,0.1266557278462085,0.18937761177093734,0.07089509133725591,0.35184016479003327,-0.2520809604977558
1.4947969000496364,-0.8518173142007363,1.4306146943933027,-1.5088561242884324,-0.7117442188467832,1.4034902962218179,0.32905623601610057,-0.2169247303802458,-0.22273675256528772
0.1668543699534602,1.1841419044995722,2.0487645874194595,-0.961958623799774,-0.10573212854617156,-0.04108323729693133,-0.11192063746602801,-0.9519325256164655,0.1362016954394104
-0.1112861944428089,-0.527374466628854,-1.1097908472701021,-0.7408452993767326,-0.8118178229804422,0.0989259373991805,-0.09169725476599952,1.1845252053971669,-0.22711025612607685
-1.8087695260388168,0.05079786186157127,-0.18784928297081077,-0.10665200816510038,-0.9272334917829239,0.1494652783529813,0.7107954560437084,0.7475058755492742,-0.61904364866941
0.03532419440132496,-0.31175540881516123,-0.5470444283085127,0.0046861284423388595,-0.8187784423266392,-0.4558150711006149,-0.23378488171804618,0.7132886167211724,0.3740287544005804
0.9783693400442877,-1.2636764838308885,-0.3840605661160364,-0.9403534452482492,-1.0023557617975116,0.316898897260989,0.31395599915871997,0.20646046248962271,-1.4066359698795416
-1.4929464918635797,0.5731701516034131,-0.08805086459338429,1.4731601664291751,2.8673058703999033,1.2488440768121318,0.5252546686721673,-0.38518460892061807,0.8752574358174542
1.1778797093184683,0.6059296384648206,-0.6168153502693217,0.7791741930840949,0.39024007707544695,-0.8282995961323744,0.019881654011653878,0.9526956681329267,1.0198680943792737
-0.6881484291970468,1.6044743294938095,-1.0086728740337814,-1.3844265561202604,0.026575219416409165,-0.8502700563293285,0.4725837493943209,0.16629653969078673,1.3503968440637202
-0.1712418927165346,-0.5817803470492046,0.12086040619907165,-4.463711795122106,-1.1560416869364722,1.645295317091019,-1.5417635716125722,0.09791130181114116,-2.0787413871016147
0.19077115121992774,0.7304311666196343,-1.7349479127300569,1.5266675865252135,-0.32981059198222,-0.03207202705741931,0.12040494160978342,0.12021401758886026,0.23596457673576846
-0.5940094702614637,0.44232893865690087,-0.16932948277853918,2.0447598290992213,-0.3498395129310336,-0.8497736348310609,-0.5910439775192273,-0.5057499200829405,0.8566789194595076
-0.17451215659530397,-0.21399232117857,-1.4285963887230706,0.32987487547662414,1.9545797914394245,-3.0988121309477714,0.7463451603072494,-0.012336641096827016,-0.581381686248988
0.2340386261570493,-1.0967924142265912,0.72273901344504,0.5336102380336426,1.5130224205860843,0.5326920151418397,1.2987721692845822,-1.352497029016312,-0.08518072436785326
0.2681957915104506,-0.9199464485249469,0.5343955497760061,-1.776151369457536,-0.41853695067873614,-1.0539814241166006,0.20705605414486328,-0.10607421510439823,-0.43671529692469724
0.8508977405777763,0.49348579256742314,-0.3862063717251124,-0.9616873447750074,0.13798017180458444,-0.0720189514018785,0.6042019228969208,-1.9930189819625388,0.5909546877609224
-0.01549431492700948,0.28206928886160626,0.4060050984274857,-0.16118809642937418,-0.20142185657222378,0.2515342923039358,-0.009511728817236368,-0.4630865020492025,-0.18089111301811708
-0.5841988131692166,-0.1362311498838008,-0.20118579097642966,-1.389682864080596,-0.3666171642951886,-0.9048792984802141,0.055695641407533,2.705441104110386,-0.0457903431768538
1.3890537237181124,-0.45023937884902965,-0.9155104253492607,-0.34794475547382103,-0.33297561920981306,-0.5062365464033074,-0.8391561017047878,1.6057713807755798,-0.683799444944733
0.3038638951425304,-0.42100856883307275,-1.3660614162207045,0.07638307265949315,-0.08350959553914535,0.029520096363430712,0.9608346217152386,-0.048956459571090995,2.496501476730104
-0.10533405130495463,0.9139878553870023,-1.1873982217673014,0.029390311279116597,1.0497884553067134,-1.3574715954571204,-0.38787150024362105,0.64833947813798,1.358211821395671
-0.15636163406745204,-1.006494564781855,-0.27930292127813194,0.08388571459299825,-1.2720156498004545,2.297709687903131,-2.505780490826857,-6.904242731335038,1.1131878435412146
-0.3486948334912424,0.9602522038365524,0.04230847613476269,-0.11187691137016127,-0.39221041747346114,0.10446912393638072,0.039192032515150875,-0.8178136997038338,0.24859814233457228
1.6503360773485252,-0.8929921450206986,-1.3141233715801688,-0.39132425008590976,0.9856003446368625,-0.0015125046399458743,-1.4405259524774243,-0.8557270212405532,-0.2642846847122224
0.3459133372269773,-0.3710783114584688,-0.0886651236984272,-0.0022250990998783464,0.11095297403770073,2.480058337183316,0.18376536997721482,-2.0265231909838155,0.10543798322862645
1.0808537021868674,-0.623818611680282,-0.049747239489863454,-0.5474494519669174,0.4012486723208747,1.7665790067133107,1.3377792667155473,0.39148881516362233,0.09851281357472604
-1.1639507354420187,0.9998882899831301,-1.6340038985303513,-0.08076385127914548,0.23454500879577472,0.1339735842423988,0.6112799980654441,-0.015862731613679494,-0.5671431460517335
0.8541238669909892,-0.18147600749526469,0.11052281690942871,1.3393969551056741,-1.1347348189375794,-0.4747065152860194,0.22111463908377896,0.243910896934094,-0.15890979111240267
-0.45611343430030094,-1.2056113739849172,-0.11450869849622886,-0.1607125400664449,0.132349807663051,0.7974845560997158,0.6559250255126835,2.1842004563291613,-0.06346865927300836
-0.3323991116244625,1.0154603713564365,0.31008236123923677,0.33489102638970464,-1.8678263050124602,0.23392395485640755,-0.0388943012925638,0.13782511988595694,-0.04680467516344256
-0.24119188328423358,-0.2808944546798202,0.5367314026505231,-0.08193160014485779,-1.2968134144050762,-0.36020953815884443,-0.7886062698609918,1.0998025919430803,-0.20749939987419438
-0.23348142841255856,0.9293800965411192,-0.9018562085781946,-0.8131493786885531,1.8151366857608313,-1.5989991552185183,0.19204947198539682,-0.5376744986236377,0.8149783082227068
0.7631857882826371,0.6267485929296821,0.1349878519475531,-0.6442669817072179,-0.16688241050818145,1.1618682873912995,-0.7761118007528996,0.36019381152308977,0.5511736846280921
0.06636936914436625,0.5167451863235782,0.41279322900421384,0.10131924879279748,0.41259197200028574,-1.0906708817516524,-0.708658972542115,-0.07355668587841338,0.20679991877566878
-1.4126673107278698,0.14883058942479807,-2.6376573480925143,0.9376962612632918,-0.2127038945966207,0.6268913359257614,-0.16140434861118155,-1.1054737805488166,1.8111581120337212
2.216351858856522,0.34970993414326074,-2.0367013765617163,-0.5920313873448906,-0.3143977235325712,0.08803684194534628,1.1473823777286771,0.03032371388324305,0.6297784141332065
-0.03689906879302577,-0.09986000092921933,-0.16369076551840991,-0.11868294764380848,0.6924083707596526,0.3615718425685245,-0.6200379116501634,-0.0477763857949022,-0.330113365873269
2.2689558444426603,0.07139842700110387,-0.007334512738188232,0.5079555405107087,-1.6235435140842933,-1.6812249426573886,-0.20478485007233466,0.13351204841558575,-0.07759734537655855
-0.19310545879103969,-1.0211350173201394,1.1271619908056163,-0.22279278967080232,-0.6013983639340633,-0.1878951535224112,-0.4947049086114143,0.5178011336848471,0.2557816951697285
-0.14466611061645646,-0.5582908207675997,0.7036153149722711,-0.8979170805055955,0.45687738838709885,0.01078907325099427,-0.5887661522325489,-1.3861873080797469,2.7831317963147253
-0.5679712904824156,-0.13843903990910605,-0.029871702070948202,-0.2368796055338192,0.4696942505922134,-0.31135911729782173,0.7219600278236183,-1.1520363164872014,0.4380685858766096
1.857920178771983,0.8942014044088114,1.2726694092205784,-0.30402324348694676,-0.1703078082736903,-0.4313580745503406,-1.1528193608263835,-2.5772973716301966,0.695501335404669
0.11888654801449622,-2.250777805521819,-0.21211261811437282,0.9686860079809636,0.7344388742480684,0.4189097376144614,0.503841966038729,0.36784773485824557,1.800316507439071
0.21926168323705372,-0.45787206618262255,1.8249889188729087,0.045910533676567424,0.3588084878558322,-0.05416349910196782,-0.8985096760066801,-0.6715537941596973,0.4544054160468728
-0.5944217661088005,-0.36686494368010975,0.20818345055332807,-3.042928895646759,-0.5227979365147094,-1.4107052009897285,0.5882923748772908,0.2814588381535322,-1.1945425114200203
-0.0670399461174841,-0.011754054563129815,-1.5175269680989463,0.5965560899047816,-0.29598880565342306,0.6355677658823757,-1.2282167694415957,-0.18820606880396412,0.589323236949088
0.2521150477893244,-0.8041052791631376,-0.4392206380524588,0.14160164174339562,-2.1304423767812404,-0.6241778301733786,0.438461370552228,0.3724128775198166,-0.24997096953550701
0.40810181436172416,-1.4501579526235315,-0.2643700123772357,-0.5429630463248228,-0.6451908335387974,0.39197641491811985,1.337034790024534,-0.4663911588196947,0.02008574597788099
-0.04564233062991397,-0.7413160922564929,1.9365219910222935,1.3508625040935045,-0.05855755343959466,0.33638549847866184,2.7300768498326167,1.870726041751384,1.4318557103246452
0.32044405712766727,-0.29516884873894716,-0.11546087506104458,-0.8569660294604492,-1.54101338065099,-0.5213273593501139,-0.021302526974836963,-0.7928284020253186,0.37949751420900035
0.10999832144227585,-0.06362365330097021,1.3151444618132924,0.9552239099034816,-0.6780054410742002,1.4825645266678922,-0.1724318615979735,-0.8170389778483873,0.09936170065469692
0.6156157188435746,0.2306056497785315,-1.8315966447004304,1.8687495599400679,-0.2648259496027334,0.8187040867840067,0.6791340338170091,-0.21737860587660254,0.15753693333661442
-0.4010288637857441,-2.0498291211278743,-1.062147803730042,-0.28347774727887215,-0.33431292661985085,3.328831175216053,-1.5775530734023124,0.21765541399936045,-0.09828011842121191
-0.08390505000239498,1.9576781370613865,1.193948335821978,0.30194701475559604,-0.16068929467435875,-1.2583890626849663,0.7402932099618329,0.5770932115708176,-2.7065193667823406
0.3889357016184774,0.7453236855469336,-0.5049038245228726,-1.10801571635503,2.0739958217130345,0.5132090518669072,-2.465326370032486,-0.8539348957905836,0.04673289607636429
0.860034314497551,-1.6117998091707442,-0.11379448213954058,-0.15118501271273727,-0.921435894395828,0.6904533483874995,0.30534711094441863,-0.6518796860333302,-1.4747606260002568
-0.25906614678060635,-1.2969489260420395,-0.6550476079001656,0.9527698097241188,0.20310352601326345,1.7495284853982054,0.1620611671225869,0.3090202602409721,-0.16616958565311737
-1.4526287449684483,1.149743789442994,-0.45010982917380377,0.13956603981720872,0.10645110580861886,-2.3034976590346834,0.15792430405458138,-0.33233005961351014,-0.36139234024792954
-0.3239977255760719,0.42974392882967316,-1.3576680379868886,-0.7530332067024994,0.03697773345575913,0.4968373933762171,1.6836019333919126,-0.30756222349765866,-0.9125278859079495
2.901654630161897,-0.5972666901406891,-2.1306374016036878,2.024119289089989,-3.4737373653699355,-2.2789384838055446,2.215173559769802,0.48039254446713986,0.8999956413397115
-2.3396198252147142,-0.13093791711559805,0.06728053871946384,-0.4765183663407532,-0.3166786073169351,0.9539030827949389,-3.469672784428643,-4.148990718600723,-0.15148635780571015
-0.3888287192615149,-2.0435348765539714,-0.35066412764529953,0.10873126661326822,0.10727430998767491,-0.015393811208274955,0.01367885341344445,0.1686570356446539,-0.6525440229373056
0.516566022917734,-0.04002099190424641,0.7106223451187851,0.09171631462698461,0.8349501586005308,1.199274506082827,0.4936192430411923,2.6250037060454856,-0.5386484875492655
1.0793157186275772,0.2688871094615545,0.08896403859030162,0.14930778613498397,1.9534805299312987,0.18396281845831694,0.29580517377022264,1.0956451806962706,-0.9276650544792989
-0.14917150973763657,0.09418559321827247,0.34999714299571183,-1.5096142255278062,0.43150727190148713,-0.41955083840114493,1.6884058926710837,-0.11082108113211882,1.7908236151085695
0.360230583539545,2.4521512334999422,0.2743492623066577,-1.871848913658626,1.5931216161579675,-2.6619974616243107,-1.2642301732781727,-0.32490129287587444,3.2165138697545226
0.2891725867410975,0.6253346192805688,1.331349504122225,-0.2508855876979276,-0.12825260101327765,-1.258800270450961,0.6380229171594982,0.9571771060124811,1.9963889400717518
-0.3355652254202512,-0.6831955761808293,0.7566300228789078,1.2670939899053182,0.3854801702851355,-2.0150924710672458,-0.03960687794404486,-0.5315504373805838,-0.10613453390759958
0.24516960585679032,1.0600284354456493,-1.907586566480554,0.09752251683298499,0.6484906241124546,1.2016688500031776,-0.3359308705235954,0.08050430909426869,-0.06951424788511522
0.19721862951490668,0.9487116196683096,-0.5110035474976016,0.13345394439194835,0.5597288226101498,-0.5608586706538717,0.586544977128957,-0.199383866888462,-0.22366322843792938
0.3577976210363663,0.8223509106863774,-0.7839913791542872,-0.4592294963076879,0.16113057777731438,0.5133657593736811,0.3407648658118011,-0.5701598106895095,-0.42156062244349723
0.7526490803369099,-0.08153596705255625,1.3991678460392374,0.7443799700102439,-0.12905406969549466,-0.48572671869433476,-2.9929112316795403,-0.555261216050401,-1.7990132582297467
-0.5630738161405965,0.649399319369204,-1.352591874344834,-0.07836897600659125,0.3873941583559723,1.4245553149201418,0.8997118113902127,0.02141518869881513,-2.8909825137543037
-0.07720144681717554,0.4576724363409383,0.24228917333694888,-0.24671669646925895,-0.6730107101722408,3.825841449356557,0.3552933155527128,0.2433675550109515,-1.2660646238824513
4.00163201165166,-0.42075431644290695,0.31269922922534177,0.16442625787721032,0.6771117178029616,0.7990484250998782,-1.2466281284911178,0.6044048345040666,0.763510824720343
1.0140997049006752,2.099933342692797,-0.8060996571544142,1.4273663017355518,-1.2046943109589545,0.032282737053080844,2.3019048711972485,-1.213818271861653,-0.27600963885307267
-0.641024955103157,0.3407925367298195,-0.06314367572044277,-1.1480331426808064,1.3539690181638553,0.1276664599355503,0.7783868599145102,0.6410963873378303,1.0598179607265519
1.9841802409097464,1.1165285016799165,0.04059401096334727,0.6665654252028291,0.02021120610791995,0.7852223118985648,0.050346874013326944,-0.027285587195364443,-0.9142612871775172
-0.06452447674079746,-0.2527038096895514,-0.5732954055989687,0.6735899749880305,0.3115402428832848,-0.6727668674709981,0.20548778621434374,0.13493294193116126,-0.711974560847007
-0.9216219173591501,0.449533262397172,2.484212241591939,0.1399536467073937,-1.2435824495426273,1.0322686141540445,-0.3619834673932655,0.1550474337660301,-0.23583524429821895
0.38136504912668606,0.05307383777489173,0.8126057769013993,0.002709834397342859,0.049831131228958415,0.694040373240618,0.19738654095406666,-0.19823470018687847,-0.567756802987162
-0.6658842606098812,-0.5799753168222218,0.12914187281233466,0.8838058274875285,-0.23354962922563596,-0.1310128808730055,0.8355422205849876,0.37042276424653847,1.3388971011809139
-0.5561400096419522,-2.0635209820696114,-0.24315000543137524,-1.253726261938235,0.2643234928044725,0.17211594925241602,0.3214656220141868,0.8580000693309052,0.9134315675122304
-0.001589622326878583,-0.7649840420849897,-0.5293157793525669,2.3160015245787604,-0.02982091361686855,1.9190824256747,0.16327748282808996,1.9891444642501652,-0.18110996532847587
-0.14858900663252453,-0.1204702700230886,-1.4670850595969438,-0.1843499213242408,0.1719872195870338,-0.5408381261606513,0.29237533371987984,0.6609459433783683,-0.9948784936795665
1.3743349513519487,-1.0149098768887004,0.996883709266176,-0.3665832949793587,-0.05013081987868209,-0.081396358112203,-1.4383201097906677,-1.0592362545179537,-0.08937511053349541
0.5683306829877768,-0.31236095000318137,-0.9235759600473106,-0.10246296923058108,1.1809659439462208,1.05624920485683,1.3831275622405503,-0.9088058769895503,-0.0068971737834765704
0.05024835247526639,-0.05279517656169922,-0.49334045614464705,0.5494102477973601,0.052963409899049775,1.726767365481691,0.616746565700747,-0.2439954106628687,-0.49088659209607705
-0.06337731442487242,-0.02572479779176888,0.2673722446991043,-0.2829983659118449,-2.283352967641224,1.586099840512907,5.6267251194571255,0.576598406382485,-1.2742823647329136
-1.1858052987388492,1.7284412487434255,0.5433621897959209,0.07635038392677002,1.4765056602612205,-1.2156782760302178,-0.1477344028784788,1.5218925737347708,-0.002192975764057689
0.08323520477363909,1.4365377752253914,1.2972398958158438,0.07532423862877896,-0.2244141900549412,-0.09440014358618445,0.053918139887445,0.7962485065484303,0.12855162979673496
-0.540328275292342,0.27223584298977144,-0.595353606887132,0.47572233583215606,-0.109874310958756,0.34883897107565687,0.30826996924545713,-1.264380736657513,0.16704727250114587
0.0784205778896716,0.09693296501974565,0.8290938132561249,0.3209985759181525,-0.4043113338752356,0.8443983461890218,-0.6583329986416993,0.33670728628120866,0.17384121360664612
0.1334419458247359,-2.1448839329255556,0.4018914828275697,-0.06436974833162135,1.2240714637078833,1.2576890355829597,-1.3254565780798313,-1.3547018839092004,-0.17529173650382962
0.2160589807292973,0.367888310225226,0.6063300406973735,0.2263440990784786,0.3891977856342657,0.046581866968779785,1.758892703755024,1.2787002993409813,-0.05036386107101475
-0.4282246109388165,-0.40300597158032114,-0.413236713109262,3.876862641281518,-0.15554802270157944,0.44823862181777707,0.557973021630945,0.25889984204874983,0.3657536936978456
-0.9916482795269655,-3.1365159052321125,-1.1453350846742094,1.5803347563262364,0.4477224279837447,0.08197195413106025,0.7436406273379176,0.37320083173259055,0.22743814749858116
-0.19034860711140159,0.5368428959728755,0.17508567504114603,-1.0327551769701224,2.132108819853032,0.5650691301908537,1.0089823258573274,0.5211406679901748,-2.094022300437073
-0.21543657346223435,0.3531568950781289,0.4019416405403551,0.30581645162126225,-0.1462300038604282,-0.3154663687866724,1.510499957846562,-0.058717830130183175,1.33067143830064
1.0293735862012598,2.105978341232088,0.5423798255358342,0.9417440222438958,-1.1357372939511725,0.3865773100868031,0.1525209113335346,0.43106450350946807,0.45702224204567105
0.24286238294179327,0.06473841818128317,0.3567932329380904,-0.7697752679277253,-0.8917725448694144,0.8071976256012424,0.6135051042069725,-0.47944882586556264,1.1859547670447277
0.29957584276909915,-0.5844557977474815,0.3047843408478803,0.5300520609663131,-1.1039417344243558,-0.4450200951443036,0.6066596036580781,0.36685380667423156,-0.058924774232814926
-0.8518149256189306,1.7096909056273846,0.16456620465108468,0.19173673602229385,0.740781240806021,0.02428021677841085,-0.061312630101932934,0.7847930871201036,0.3857493252945837
-0.5127101101759372,-0.26863600236420343,0.9096598380050991,-1.0147581781255075,1.643651003942252,0.0772637650594303,-1.909731983376935,0.7301987217622256,-0.2750004732810343
1.263938920998501,-0.48588953126869877,0.03446175676306657,0.07879117785644597,-0.13448262471318312,-0.6904424834685696,0.23195555968310455,-0.07270474110482078,0.1969769861860901
-1.1027999074356634,0.14197785077899572,0.8446959300098239,-1.1477178256070881,-0.20946391721210642,-0.4736053446758166,-0.991186971651332,-0.7101743064044157,-1.0654052340380298
2.286244025597703,0.3924589579651908,0.07998084902288825,-0.7175694471633686,-0.35183180283238746,0.40519113554477676,0.9174263483159703,-0.07609435041591962,-0.4418251854218595
-0.3133834901990468,0.28731099730933085,-3.165291929176695,1.1175744258429563,-0.5341795496004493,-0.8706840457292463,2.0351569407115364,1.4432589171719672,-0.15607304360941573
1.9104236378608432,0.018594001931511134,-1.202809970337829,0.5148750373951254,-0.6024614202746651,-0.4172362962905609,0.7617523425139286,-0.17065730760903847,0.7533093618274012
0.9674722069713564,0.8616017866155913,0.24646762693395224,-0.15653927625520997,0.33519134282496166,-0.6117608612024019,-1.5506026578115815,-0.2591247748618997,-1.0417848372124903
-0.8997521700845488,0.15832495067488878,-0.6279244112122339,-0.20150630277594067,-1.6764133183900982,-0.7288959697615319,-0.4288011699210513,0.18801185805809062,0.405950903118921
-0.14727930780049464,0.519431278775378,-2.2463653003041,0.7482714007449496,-0.11477098247795578,-0.36316963353131076,0.8494756103648956,2.205402455044346,-0.023929095765481908
-0.13424286675461441,-0.2543981157771525,0.8089371676702624,0.46507675914145624,-0.7587763108514708,1.381800913185803,2.2337959911092056,-0.3822819692710787,0.7327848892559582
1.4067057940714758,-0.2265161370899067,-0.1707902265008295,-0.08890061060068727,0.4774925784538951,0.4831558494059877,-0.7688522586976658,0.01716369060626527,-0.08562851251831077
-1.0523085616145034,-0.027948883724975254,-2.945755867925226,-0.31494594428380895,0.5307865068375385,0.5168918731547901,-0.7860447216085137,0.7453554390181336,0.05570533522344995
0.8954730046828664,-0.32366437445279184,-0.5650626338653664,0.45420278348756726,0.6521476033197185,-0.802910205538184,-2.0599003372185845,0.44076915862141886,0.4430586292951731
0.7959683946553566,-0.0080781758664494,0.11206076766178301,0.5775511602101885,0.01259244941640863,-1.1815989009962586,-0.7718035447412881,-1.5138044210956507,0.15888381351543737
-1.4425164492049807,0.4607029061659162,0.03725757166897309,-5.07243393863644,-1.7285069259847612,0.5324282612384372,-0.09623365355129314,1.1863468358480134,-0.23226906433979194
0.6487010744888537,3.2287911357191224,0.5190508356029742,0.4534636799749219,-0.04600702997098682,0.5255558643557494,-0.10887990026500159,-0.20078620218541018,0.4398324654546099
-0.1632125358274141,0.22845825056912603,-1.6651039865586346,-1.1588561278346325,-0.24397342293424473,0.572143209210254,-1.622375811043926,-1.2420383188533224,0.3560095113236182
-0.26523141024808133,-0.18135445097761826,-0.5751843788389774,-0.3486594074135934,1.120796190203322,0.091131595790069,0.0755202705421811,0.5222081880498975,-1.0982402750607099
-1.0479675165641282,-1.0751923748605847,0.8999252412396647,0.21202933096340923,-0.9379996859268903,0.2605289561928685,1.040796842590447,-0.05894512167368735,-0.40856745832465774
-0.1375193022505382,-1.6772045875941899,-0.7729481099558058,1.0808345986653989,-0.572922078170429,0.1306515088733482,-0.8966882502629338,-0.23465086763104664,-0.6528607985280628
-0.18232542554218073,0.6777481320760802,-1.8889961825693475,-0.30691928099936777,-0.10775244110917723,-0.2152017339829177,3.186647118198127,1.639854459099785,0.7357254314835286
4.600258614054045,0.029810047488518322,0.10408538375609235,-0.13628123381960794,-0.06873236006149612,-0.20159930870914705,1.605726932867512,3.0748965754855693,0.09900727034669715
0.10257962642277046,-0.8117418866132652,-0.41411097045255735,-1.3374783175130665,0.04991326793787632,-0.37834117178415033,-1.4794706313388049,2.300766062410928,-0.25820919871312775
0.053850721182682706,-1.449526419229269,0.2865957614990287,-0.2228238836678802,0.7018381813592305,0.6015926959087339,-0.1363765827129137,0.3826776141849679,-0.5405988545730465
0.3034934530322739,0.2850158695714898,0.02414106004038296,0.44507029989942865,1.4641923308238312,0.17464979210436166,0.9034408079058819,-0.6424934914059784,-0.08835026959381471
-1.0441041935349422,0.20346081280357867,-1.471345812256707,-0.6697449697032932,0.014338656691916427,0.5090778867879184,1.355997342044237,0.4675853170734206,-0.686854328734603
1.1686377528367553,-1.4458535975746154,-0.04429315679288905,-0.24486450313550237,-0.13862396931476048,-1.4241334128061662,-0.5133588087213038,0.6069929829281476,-0.48225088143868855
0.3748261896255301,-0.5042349965468571,-0.25252783893525893,0.15865606567895182,0.23301585207211414,1.0129616730675437,-1.455682676700555,-0.1555149395006257,-1.718230540546813
0.7185644990422981,-0.05383204546201531,0.025309845548704017,0.7577360021580708,0.1094325029728685,-0.7004168654722711,-0.5099893601209532,-0.6829166322200049,-0.016704726488499445
0.29385207747557907,0.3764776752111484,-0.09734810247641502,-0.3761628506482033,0.2928683701053045,0.36041392665397576,-0.9832500791592774,-0.3558517161478654,0.8141801667789494
0.07556678001272751,-0.2872323003279866,0.13226213788763516,-1.0467398201098554,-0.06610826791694131,-0.5058169634515759,0.4575582445382449,-0.4394739737293114,0.20668169683994214
-0.42031282251380475,1.7277773151986457,-0.5749920172113578,-1.1788040967539186,-0.6507916213382572,-1.0744833063279615,0.9246972535928399,3.087121338674397,0.10867863036277696
-1.198461410798303,0.17646759490647038,-0.08513587474358703,0.35924245306120306,-0.009759725535239898,-2.0750412065861563,-1.4285970848432301,0.3958598963943805,0.15448622873631404
-1.8603470018976844,-1.1128254449359731,-0.6921749405446915,-2.16958979120035,1.3056562141598793,0.012207894346927109,2.0386016798961037,0.5295886141817784,0.6713749848511186
0.8643827678548233,-1.1033244321562612,0.09275682928334186,0.546559470477317,-0.5788698526808995,1.1913903484598678,-0.5722060530771941,0.7289918213238781,1.6892756664910356
1.0503425853796822,0.8253494101790922,-1.180324641973081,-0.3866331373945985,-0.05894746508061325,0.5336655052938397,-0.10645767210023092,1.0762131444058978,-1.4169158374287336
0.7038863161484117,0.7246039831912033,-1.710339379431414,1.215731185195991,0.37789836487036615,-0.20494937115236336,0.018245862004007643,0.7159076966687143,-0.23160988293522786
0.429436349471921,1.254811614025361,0.053500217028587836,0.2730745412817886,0.18229131164978102,0.0543851373757531,-4.027698673449604,-1.4882836436171776,-1.66887095627187
0.3630938136616192,1.1078552039614933,-0.04917486269396252,-0.871039466211472,-0.04214477201278837,-0.5173834957264402,-0.14638834656410185,-0.00824575199115038,-0.44157584545194906
-1.3490381744471278,-0.07342314257301256,0.33455708352577135,0.3821365574736838,-0.015643031536404072,-0.5940954722228415,-1.1845379498520847,1.131403839691653,2.162786173304455
-0.9854278457686797,1.842853449210427,1.2684171452957969,-0.49469913006941485,2.426489987586461,-1.059408657691098,0.6669998380531011,-2.1000949442944368,-0.16490956883846813
0.15112669280615684,-0.3850399249942788,-0.31743812752386846,-0.10443499441005041,-0.7233411965044309,-0.11270759141319599,-0.8674437700631195,-1.7606295793141125,0.2663336580362108
-0.5837826041589397,-1.1219165065088554,-0.5757041896513383,-0.5551949696952093,0.5177364345386692,-0.23498005291647936,-1.6348998063261098,-0.5631437604999653,-0.29842143985957625
1.5982211434140916,0.27124872111339154,1.0128069470930183,0.1678355900899307,0.5171166782683926,-0.7950434836988247,-0.29904890725414074,0.4070150878806257,0.5017186930757099
-0.28903390031541526,-0.16161710048476946,-0.8316549758858245,-0.2593709230715765,-0.32917385390205484,2.0913432578190956,-0.048705181860955835,-2.3741092232072436,-0.009235621546235978
-0.04803223608470465,-1.3502711998063435,-0.44724096631786914,0.27525052401153205,0.9728518066039813,0.3395487407454975,-0.11717475134032684,0.00888374876904777,-0.33034919539349133
-0.17891463956494408,0.009547042267106324,0.46704709848574105,-1.6404147950376282,-0.3136372364192249,0.7572170691342792,0.2826466678825042,0.04834694392477846,0.9992453442057123
-0.8566749949945853,0.3185250856530348,0.12790634647560958,0.2499675152395144,-1.434123945369659,0.7544441051025115,-0.39408245252456536,0.01750451363312934,0.2575812326985521
0.6125152718318402,1.7718724282028002,-2.5763748968954325,1.6716069640834128,-0.9255030898435334,0.42891499813240375,0.19766885023833566,-1.3476137198619056,0.4541114113748101
1.2924227017074232,0.26594585547537564,-0.06174023958475162,-0.22040048896954484,0.04963380543760807,-0.28581205230467455,-0.22179466557612645,0.8580761919569239,1.8185669883409956
0.061377861717601255,0.6241290500208397,0.19211477699049215,-0.35050040356103235,-0.02656994005538431,-0.39633219885727694,0.9341599583179359,-0.9225862217280645,-1.295070933541281
1.258987970804265,-0.24509173172212448,-0.700723763030096,1.7847789988990315,-0.5944005188689951,2.068801499881245,-1.050764870592947,-0.7495008424932363,-0.06409540546802785
0.7621474354017683,-0.06597781947680505,-0.7144874383418027,-0.059667261567009626,-0.21704701544282898,-0.2821697653443341,0.07836803862682662,-0.8770709973436845,-0.5251208200898678
0.9542320521365075,0.2209144280239614,-0.7826548839549156,-2.3056110239785284,0.11442932884853015,-0.2811131764575986,-0.5770573157125075,0.48545012672633076,-0.8029054368268796
1.0811851230846667,2.494264382749147,-0.2568262465285576,-0.5417782825618371,-1.315960882345459,1.5199264125326106,0.058686277403586055,-0.9362153992612571,0.2108499326262594
-0.5212486602055864,0.6076244524785774,0.02817137314406538,-0.1076931057106514,1.815226164273373,0.011879841636153488,4.044717685131233,0.35042632400886686,0.7647605199121813
0.0609974108791365,-0.38396767842255686,0.06921050020931392,0.6177959399523291,-0.9969433936465878,-0.1280310245251723,0.39127044979433956,0.9619306779733753,-0.9953787595124277
0.08212166112209296,-0.2554150450190606,-0.597372913776555,0.11252806375474361,0.11937386451800551,0.2253276300160074,-1.578236958912871,-0.9581793999053422,-0.18899175802402252
-0.290545284954226,1.0908466685728502,0.8838789793350831,1.2800315278819825,-0.09215520272019768,-0.3492246647751309,0.058302698011307434,-0.6092832228081007,0.9886158236188065
0.46388416923344333,0.12029028769000669,2.537765759466812,-0.7887498210163786,0.5778565439798368,-0.9453437805887582,0.5826399995605668,-0.880556990030182,0.10607377558197523
1.996213536421045,-0.533163435342597,0.17220300527703325,0.023361942457700555,0.7818245008994521,-0.0764942373663833,0.4446142721422734,2.6471792576680397,-0.2874467186214275
0.5922072293172498,-0.09741482409572799,0.6548639515459326,-0.47588159128277596,-0.8468708747541766,-0.2908960743409459,-0.14271518698913407,0.4237001530036529,0.07774308128917044
0.7128108216164064,0.5614066569883347,-0.18977965934769941,-0.13361242362792097,-0.37716736441960624,0.2551786199802461,-1.2298956651101198,0.8439041554593437,1.3152602124072699
-0.4355692182007918,0.23865702293420046,-0.5871125010064637,-0.06522834904778496,-0.08014491217864851,-1.3292831882703797,0.13611395566821255,0.37681142858867267,-1.3197200125739181
-0.6210402143801683,-0.66283692519802,-0.21697794695671282,0.6672626893510024,0.18984489754682093,-3.242934758060752,0.02414057304610587,1.2958983485254074,0.46454613789899163
-0.32226517863430065,-0.7375884510564958,0.09330435896968348,0.25871954097210764,0.45264989826073493,-0.6607112479363724,-1.0883606784070543,0.6844770671957247,-0.3333074391650789
1.0063495054927494,0.06010144822128132,-0.13943057165236952,-0.8441312418163607,1.2415631557803675,0.4341723653573422,0.5827584104016234,0.15263777760022443,2.079868455087112
-0.1374416899260874,0.5376818783749445,-0.7436421960635378,-0.018903541034475686,0.5960456438205575,0.47756848638244165,0.30454137970008693,-0.4325490618793563,-0.20805808122807126
-0.17114365877694224,0.13055839170258324,0.8601748543541031,-0.19487425861446117,-0.868058433977049,0.39649212752606927,0.1908705972157843,0.11857939184542475,0.031097626790932375
0.10224610143068621,-0.013780103549191042,-0.009733069760049179,1.123276925173674,2.712453145487557,0.06447885224616173,0.036541245067930744,0.11899981569060054,0.4945424045797019
-0.21575792002826477,-0.5405947189059336,1.384580515135127,-0.6066211078542316,0.7964328018524821,2.312415641627958,1.2923711289357502,-0.16227052268204797,-0.1469293222094498
-0.9407972460101721,1.3668959277649213,-0.8686114602475566,-0.9760354446809896,0.6291338760255434,1.3448863915584173,0.24451497901551544,0.6338354102794074,-0.9669766710663412
-0.1656130350597888,0.37442706266152753,0.11053238010095764,0.4465205690071503,1.0607342478718143,-0.2277890453357479,0.6071322726364426,0.12648986896793102,0.02911794694752943
0.6108046866306318,-0.739452516870166,0.017981064002264128,-0.10471417987327727,0.6085379312570882,-0.7130395210472468,-1.1998264594896928,-2.295304525746891,-2.2852758711109082
0.07442058762777261,0.22995797041716903,-0.17184908291845724,-1.3125083230351349,1.020799550641699,0.39449169956848057,-0.34670468463832105,-0.0028407864054259308,0.08423719501185974
0.45559438667669155,-2.957332783367301,0.00898757305877499,0.35392617706473206,2.0124652412080204,1.0876748250185093,-0.16085951827267203,-0.0633316724145585,-0.5474536112235192
-0.6726401518510928,-0.7828967689992093,-0.2748252644940866,-1.8904633124169927,0.19869034023766094,-0.04735978476004469,-0.2752409366995493,0.030230017774116165,-0.19112334155931304
0.2904587548720108,-0.4361460760280602,0.005354177582233361,-0.8663872728252688,0.6207066852319229,1.5760765968433463,-0.0041400886121895535,-0.333581350539418,1.3043919580848224
-0.49626534471171935,-1.5419688305879073,0.23774411302878512,-0.6414929519545501,0.24342753172381346,0.2555296200948603,-0.29064708856662713,0.47517108160332144,0.34379842379217007
-1.1171962622711615,0.7204371549776297,3.0519400557148177,0.5241946823367362,0.590857660746255,-1.3312978856650206,0.7815766132834422,-0.30843015783860755,0.11541926813406991
-1.5975343924530614,0.45916243193293116,-1.1560640583595085,0.5110062254898174,-0.85365490927651,-0.5008669448984944,1.773340547625971,-0.916305248091588,-0.7678864867585122
0.9644023504276276,-0.5946363281047286,-1.7749252815601946,-0.20045619442442003,0.14264716158092727,0.07057047922702878,-0.048274862096126275,-1.0927081619250913,-0.6555582980180563
1.1630341146309335,0.3627329185004182,0.1655921800725242,0.19337730726578947,0.03446343310527828,0.414344630672485,-0.023709856666709158,-0.8848523530989872,-0.10511349519138387
-1.8014446300880944,-0.20435177396359203,0.9436860115416393,0.6999819596802879,-0.061661756532494956,0.18725277064875892,0.0999895316254626,2.6297685721662356,0.2525502092932659
-1.411218734590804,-0.5583644833887836,1.3228209365614405,-2.7239045542967113,0.046436831667842,-1.19511667671338,0.07469134623581465,0.18274128144910778,-0.057461011238461916
1.063880912557242,1.2212262002702774,0.7532953990400426,0.7450495700357174,0.013296342614140337,0.9975661552128562,-0.0772283034798064,-0.5925277994159808,1.7653186216447099
0.45464052641415575,1.9924136442631808,-0.6275367759527244,0.8285727440967628,0.5037872431315947,0.011238821676617265,1.0355109448177013,1.1077778498935167,0.6426938188248135
-0.3173662238498617,0.9079310300711319,-1.1265472403935526,1.1011846851005809,-0.24650820575832175,0.4610444031052019,-1.0541273398073467,0.11844787823306607,-0.14005173582566624
-0.12483607949044197,1.3102816567542426,0.4250796191466245,-0.6388939536277284,-0.05110861979132284,0.24835728907476065,0.9794335353536902,1.2456955571894825,0.4081812407390402
0.09532537425384352,0.7968582886405848,-0.13985020307108192,0.27325236375646755,-0.0902240955807169,-0.938596539984423,-0.05586383711245797,2.9899411204663657,0.8804014089115725
0.661849855293418,0.3888046737004063,-2.381423970479023,0.026955001881732128,0.48044671820669443,-0.3361601909130547,0.6463793009805345,-0.3532219951465256,-0.3379678087541977
0.8153585851553597,0.3195801667050234,-1.6402394552300115,-1.3000073008798179,-0.4890848770535195,-1.803193136939472,0.9903633871547142,0.7234848042455903,0.022818769842901272
-0.11606892960445456,0.23559314891789182,1.734329684925104,-0.23019246493404924,0.8289049448587377,-1.1358649335425073,0.21448134219625237,2.052157391358064,-0.43019359992113876
0.8344634849610709,0.3455011598690038,-0.010660233046842283,1.2060840963947925,1.1595051390282283,-0.26612441095139,-0.24322105880552647,0.15621736456730295,0.6531708371503887
1.4103787676493844,-0.6975542938939524,1.6630737120104386,0.8860914382971394,-0.4058504854784698,-0.17606922319561755,-0.15551903769130407,-0.06731029456550955,-0.008219237036619241
-0.10742920832108149,-1.5699073188727182,-0.1031572280252261,1.14700234243474,1.3195630823763775,-1.0682605582527227,0.033253823278622203,0.17921431224063622,2.034262589496414
-0.24318525907124391,0.8328260336382051,0.3210856240046501,0.5434061341358523,2.450917354394989,-0.12890787142691873,-2.8081303688857155,-1.3173219593820389,-0.41440658268663816
0.49174798125224467,1.5609547349069255,0.11030046809107731,-0.07797062967645278,-0.179009611875718,0.2937243681813851,-0.6368929719723817,0.9462477698775817,-0.14856704128378087
-0.21268653104332358,0.9650126077632055,1.7891923112061838,1.0836435828236402,-0.3761827057374226,-1.3788635342393378,-0.5571551920179871,0.21413813620688227,-0.5985483765778811
1.3574719706349934,1.6615636182052402,0.18615805854788073,0.5415219541812442,0.07759519936032806,-0.4297642368626637,0.7962009936445171,-0.9618902001211018,-3.122292813756579
-0.9265919843234334,0.9331760528193483,-0.2297334353858311,-1.411291674410738,0.8412292986744805,-0.3857673989685955,0.5526240006356568,-0.7064375534025121,2.01350608127384
-0.10386282764414126,0.08116112253396651,-0.12516119468952755,-0.11565511996667338,0.033477389877056125,-0.185724842764317,-2.112615908359426,1.9811494139440842,-0.17112621448551693
-1.2240876427675254,0.11971912888460644,-0.1952983158997228,-0.18446713782466942,-1.1932799177025541,-0.06031849373672153,0.59409936902745,0.577800503096665,-0.18658417593707818
-0.6564605322970095,0.6641513025262084,0.17213364204800588,0.26273938238847744,-1.5186218020329083,-0.4798384539274506,0.36689468757096616,-1.3402373381343584,0.20915995771707527
-1.0906128620757423,0.2563468112137208,0.3060651759462476,-0.9041628429736691,0.5335071738287976,-0.04326594473498416,-1.0825826447293896,0.6537363635391045,-0.24096918701405223
-0.4098770082844892,0.07723210875973999,0.10973253194142493,0.4775568124336924,-0.2169150281390954,1.5738073939290933,0.14385758358528664,1.1508298775338546,0.018372058830215244
3.2126449625482465,0.22629679156378094,0.17419740527140432,-0.11871075472614587,-0.5562795125091108,1.2593591851795825,-0.08495204004137198,-1.2336320293431149,-0.30255066878357517
0.5898298223346679,0.3184852574285166,-1.174350481236143,0.6099848444324248,0.3481582209956885,0.6106688681115109,-0.2646462171744564,-1.277630811927044,-0.1270551369882038
-0.15353912979971196,1.0988557867967284,2.313154381432113,0.4299749143803623,-0.1603746313467218,-1.2724980836443485,-0.018417076356648604,0.2917104352195666,1.0600647308037467
-0.2930415818161283,-2.2258735923292923,0.0668851013066686,0.8060033956203602,-0.22004084293228462,0.6806464317779353,0.5637749507799069,1.5883409177117642,1.7533589479119684
-0.8113823492718867,-1.1966559055438986,0.4174520785245614,0.04908827009223985,1.2884434509826272,-0.011567627778864307,-0.35597655910941606,-1.0612805400875618,-0.5745989363918922
-0.5088337893115801,0.08656322000072668,0.026793261721511356,0.522902543950831,0.9225911357138344,-1.0681871764936766,0.7244832381433228,0.19267191271347944,0.09941840184627218
3.0055786978869383,0.3628481867709915,-0.34511440001533383,0.4566785460219525,0.05631510929250763,0.07681092443949787,-0.6475581120839803,-2.831841526833273,0.0383148954970143
1.2633086671752978,0.40298431696424825,0.26904645323605153,-0.7384412417055539,-0.4982378005781315,0.029943083511716765,1.6714607199437785,0.9599826425289578,-0.1666217528355152
-0.07460626575650346,0.08687829349928478,-1.3554515815472585,0.6090942166055185,0.6447734324653276,-0.08332874031367152,-0.08325659782790137,0.15932249713850918,0.10174476919773233
0.07986222725503342,-0.40819302876040003,-0.19100144453193088,0.3845947014153291,0.19427499215944202,-0.17156741949177745,1.0450441400883195,0.6384139978185799,0.8269600606088904
-1.952579715144053,-0.3225024012760332,-0.8611977137268165,-2.0795378827898308,2.808007008190368,0.5176675807392679,0.7706131800921233,0.4393173878612755,0.8104498943579886
-1.3480956239449082,0.2606452147026584,0.4736257379001414,-0.25816527234155695,-0.35918203962128276,1.2648067294166936,-0.8447374419393952,-0.07900088038285123,-1.0629452837439042
-2.3573335272916918,-0.2848576642770756,0.317073102051882,-4.376660725523406,0.448926350164375,-0.3058666044184855,0.5013346470406739,0.12575633695274255,2.5112244506590824
-0.17777432389822304,0.33339443873456537,0.44250305715629545,-0.4925574061256863,-0.5138169527570292,0.14334207265013066,-0.8184934847655276,1.0414728468771641,-1.1284365114301624
-0.5287433539811268,-0.29738083602215193,1.6356754413043773,-1.694482074346046,1.3054764513113855,-0.3837547046562724,1.0606483895816712,-1.1074896515305404,0.6868150736518304
-0.054840935321997165,0.09933762762638484,-0.3749130483292377,0.25473578363588056,-0.34981281584804497,-0.17948758009363175,-0.4977335354241692,-0.616355758366927,0.0021345032604113763
-0.38390949196934315,-0.1167342520051618,1.6106327871042383,-0.15935155892423977,0.397257507101515,1.7759366635897882,-0.7672624211320493,0.21130862668752345,-0.9562505059342452
0.3016658908359882,-0.02072492660963344,1.295073978684018,-3.2128165850679045,0.5757059786964773,-0.19451449503461157,-0.31024982381977684,-0.47679531928054364,0.7300948626636581
-0.18154783416168216,0.499248586068884,1.0475156502688132,0.17362406335414352,0.3502465742999398,1.7822271540284431,-0.6654647530241946,0.08439656675601301,0.43494806242016865
0.5260222711500004,1.3318075257107782,0.510991382650985,0.8433701830525483,0.9819077230176113,0.07503878087009248,0.14826816768702417,-0.9329134138412923,1.2352477007918126
-0.04379861034387612,-0.8213657590212543,0.3577844163385294,-0.9731171213155433,0.11972527368513983,0.2767091363348751,-0.09706946290769825,2.3496845014812764,-0.37452393827746117
0.8070493062783324,2.9307308715876057,1.1059864657439016,0.09418687594381542,0.26904904123366485,-1.1234694260600069,-0.27548270590029206,1.7057907074892862,-1.4019865381461414
-1.394778683652789,0.9665458111724364,-0.1240084071178392,-0.42579508668714966,-1.3193034102933066,1.899096478338132,2.222048354660671,-0.26405500804850945,-0.24021836871349764
0.7393162113499184,-0.2521162236917972,0.004476427265873516,-0.3351677195175268,-0.18329520053855083,0.7741228133308089,0.5075841789636785,0.4641618859395291,0.2074593924472946
0.11217854269045271,3.734790800735715,0.28572517947652354,-0.27739501799791083,-2.4117565920901662,0.04838861566203693,1.2010513491001387,-0.8750157206533459,0.5347421839687917
0.7079371667760019,0.42167483241889764,-0.9769791955773877,-1.3227977293382613,0.00431062655940036,-0.1404473877361451,-1.157766439836214,0.7298861172108455,2.1400407314973693
0.08048562555090984,0.3315604716019173,-0.2213080045425108,-0.16449335872770066,-0.33144281095046013,0.8675504928759008,0.20554331778304832,-0.024664221229872177,0.27838617828507606
1.340868477616249,-1.4293793761325992,0.44647829868034594,-1.6365153757591164,-0.14850368888459378,-0.3759315335257601,-0.555691777165187,-0.14929954760648384,-0.5507582190418651
-0.29562048979884165,-0.026253876985768927,-0.8370708018277605,0.2727891261581644,-0.0427869781925332,0.03023167047289122,2.2276124200225706,-0.6191683784192509,-0.1567211955164041
-0.12262240023176561,0.1171696114984844,-0.05956231575680312,0.2665779607686177,0.7893271837545882,-1.4996352796843586,-0.6354745959323784,-0.08399199226498334,0.5300559264410494
-0.8978272827241747,-0.2794781314902884,0.6147333302287281,-0.26800268017983353,0.3174678579831122,-0.11134666053612954,0.27268455334692937,0.9277317760667813,-0.9626804259199585
-0.6661011552332777,-0.427404841353684,2.044613246899629,0.4761900534012284,-0.14592781655487747,-1.0762316538611039,0.06917758123859917,-0.7719729752299592,0.3929302916257876
-0.7929293893593679,-1.0856372761381023,-0.3470745472272639,-1.7635525301963793,1.0500980991078195,0.8023346882497401,0.3174514368830802,-0.3361969544604871,-0.17168549095340674
0.3076717869689971,-0.19607326393321134,0.32517867362610814,0.017913664415823885,0.7722313274245498,-0.5033309374836349,-1.5728623274056894,-0.023419249136300207,0.7406646591868634
0.5985354508572636,1.3499768881877197,-0.04203903488386717,1.1540628534555712,-1.2126577228101922,0.056905411404348814,-0.1046975026672274,1.4100430865924956,0.10332259765930804
0.6628563281766773,0.23117256273851128,1.6406045804346026,-1.2094904269379336,-0.3798127686706892,0.45966656717761295,1.013072014275508,-0.4260749776587058,0.6854421411300742
0.2720122723968773,-0.8113321974404475,0.04314624123579529,-2.1525004275273965,0.5416834743151814,-0.2866104133387499,-1.3651560836300156,0.5179063081537952,0.43919869582316473
1.0206758358110413,0.19645737704316574,-0.8173374443329223,0.2911616932625242,1.7331140818145436,0.13401041500475602,-0.3767575749275167,-0.9185463832618574,-0.32951754126102617
-0.8579294203499258,-0.28773405276900466,-0.4556463825339673,0.6639115273782806,-0.46903427874164333,-0.9577972217829513,0.01865591401067879,-0.49655104934466815,1.3997639746102055
1.0479980221876504,0.49074272394698304,0.45139554283597877,0.25078988499804344,0.7632941002421006,-0.13340721087874036,0.11171075801154304,-0.445261869637658,-0.06354611554399026
0.8322604445571992,-0.00017729164398383855,-0.6984742356220511,0.21016293252715276,1.9519099412853078,-0.24154118873095148,-0.4141958544666643,-1.5236808203678287,0.034820967847851624
0.11564723444650812,0.12270793222552784,-0.21586118251526476,0.40745537564096235,-0.11427126537158841,1.6305870158942295,-0.12453101250961178,0.7893478306748609,-0.6031635333041108
0.09878679583039116,0.3497081940057502,-0.49737930738550606,-0.1338212020450876,0.18968231610826747,-0.002623570536663584,-0.04137522008727397,-0.11496847343072811,-0.5930708102629111
-0.7197845330050076,-0.032588540903806425,0.3305923613637386,-0.5124938548696666,0.860798924205448,0.4358654066311955,0.44427122242090106,0.3630968020013068,-0.5441026355455824
-1.4192448651815561,0.9778341945657393,-0.37085044993742683,0.03724502661589796,2.1664692607592477,0.14114447634295266,0.06796379044143848,-0.12872693095421853,-0.552823590040538
-0.335218065666362,0.3088598584367792,0.2463218486186702,0.7270909878693129,-0.08018510848591506,-1.873996972528546,0.11934829049661805,-1.0441724571387332,2.2366204148747006
-0.055065408098650494,0.19002887132929824,-0.7611773087527774,0.900089070355446,-1.8849114515876986,0.017624494004428892,-1.900034808148682,-0.002381071553327347,-0.5979190259405683
0.631618158088696,-0.45322024471779115,2.2643893842236276,1.7115101028236117,0.23182527646382592,-1.208307116798654,-1.086478731444235,0.1485091788828943,2.4545565722470952
0.07039292808872132,-0.20578044768402143,0.49204864966425926,-0.3292205055473853,1.063969536064487,0.05016741230019339,-0.049565606549218065,0.19391148854415322,3.544221721030274
0.07087378736581912,-0.3497293315304869,0.885519412761912,-1.1590735298602795,0.377889046668429,-0.13956453213289827,-1.6354760253246874,1.0134786667328624,0.0830005700719147
0.1928232180752468,-0.2768686730523477,-0.06922216949159454,0.963879321032666,-1.0985624931349889,1.0728708920218386,0.1941409089935295,-0.33847038949811314,-0.5000023617760171
0.20773740213819963,0.6263795013280081,1.5326455584056402,-0.3977998211362805,2.0700915847032837,0.32624153491023944,-2.009092349250008,1.480713490204572,0.6714598724202769
1.1037783071385066,0.3332012145703104,0.8725346466549417,-0.015214552583226027,1.1984661273618054,-1.1752639704309664,0.5629053652583035,-0.19807615902759906,0.050609744126679915
0.33846662145832435,-0.16814225058188784,-1.755631020976158,2.002180942254364,0.6604627669419232,0.17316215260875603,-1.630808704737895,0.03881048584458737,0.2440642753162308
0.8031648763589959,1.2951325887910714,0.22312421163913923,-0.59170187753384,1.6120736415046923,2.6608816400637934,-0.21173658065096132,-0.28387662974050903,-0.08790610382364453
-0.535645906805791,-1.2066359314297668,-0.043233873284873575,0.05944814592725693,-0.21091504694767174,0.5493335253913506,-0.9209040473608243,1.1776491585059448,0.7335908022742672
-0.8667317104263846,-0.2550497725123308,-0.5777652598492907,-1.4552314044033525,-0.9536661708682757,-0.5899242983521079,0.7832827579857853,-0.25914490793417866,-1.6146029182781767
-0.25200077255466186,0.11207466748966043,0.6127985530593397,0.9990326955887395,-0.6939001422746894,0.031130398232246205,-0.4953308619443652,2.1736821925668757,1.3284480880984209
-0.09240707301150769,0.4964027510843399,-0.10523572931392056,1.0211818638342969,-0.7367866759750764,0.2899058219053667,-3.6400048994322485,-0.9247217625113027,-0.8399096955042937
0.18930887125016727,-0.5053241371679186,-0.05649675292634312,0.37007574898790735,-0.7154156725418972,-0.16477639885483017,0.7353818111781559,-0.15069518837863485,-0.4592610896175074
-1.048571887987312,-0.8280956335658353,1.4209903153302519,2.6778098279479243,-0.07368637869493234,-0.566142868434946,-3.639184642560904,-1.210101092377147,-0.9088898526916691
-0.40975134613640607,-1.9144437921366042,1.7053992109870613,-0.830146784323593,0.7800548517196906,-0.3126909142491822,-0.29828699982377027,0.7844991130132852,0.011240148704012777
0.8360858538611755,1.378380304384681,-0.1486885018913369,1.2023948603927008,-1.295002805039533,-0.29340720342129156,-0.06311322560017309,-0.013134437536680622,-0.7675770999679051
0.8212007005298144,1.69231275542927,0.1162191260035081,0.7313392069558193,0.30555047951139724,-0.11602133916105015,-1.7743749345845268,-0.42311259104482607,0.7062448516717499
0.258338127641685,-2.0851385089942807,-0.29472615033029265,-0.2579619568265019,2.212660196333809,0.6523343213546905,0.7916396293381107,-0.7287366406760677,-0.4429917647368819
0.4862675750592956,-0.5448717103784154,-0.3700173398725058,-0.5953064736591356,0.6615719792467282,0.8522801526998844,1.1142925761683289,0.1734407753336721,0.21812572449990908
-0.07791161005361764,-0.3735220097937575,-0.030296170139729205,-0.03227089634445184,-0.11157584295522573,-0.8951269637249232,-0.05408871788714183,0.19587686084619907,-0.6557371618205461
-0.21692236712382149,1.3280718154632631,1.1745451887313925,-0.11075423516592674,-0.16636016737753348,0.3810758033757345,0.5769320179199388,0.024539422282901447,-0.5483930488868731
-0.4038885813903234,1.7500937845268776,0.3426481006271668,0.6963433077003462,-2.044471492432818,-0.2915620196399892,0.16061363599369888,1.0888138713302178,0.27669611051914217
0.10713434435733278,2.705839672848661,3.374041940277266,-1.4803696161131135,-0.9754410722543796,0.5692322828659608,0.6648171829335973,0.14863346061106011,-0.39610658473453675
0.7374464394223608,-0.004431879355212311,-1.7752440987927967,0.7009114326120907,-0.6189649305214183,-0.3192846584751128,-0.18920672358678567,-0.060239433432044576,-1.2482045691737031
-1.9139269929218807,0.1890410808929121,-1.0324614519496222,-0.47230424178653674,2.007144165637246,0.15771120271704578,0.14937104475348909,-0.4123825620093037,-0.13890380964013513
0.9576325442366562,-0.1519878841647627,-0.43882235684548515,0.21626679775613847,-0.619934160438047,-0.490959909761046,-0.5206604642985672,-0.851852312035244,-0.298465182929811
-1.2274692983969877,-0.026061520941354697,0.7293908407606203,-0.06625066499340643,0.17155342304504334,0.13954613740124697,0.6183940012986835,-0.46579148490703426,0.7724347620767656
-0.19131478762234944,-0.143994166362116,0.32394875606949186,0.8393932288603465,-0.5387578216034383,1.036767847981923,-0.29583237885396113,0.31838000847484715,-0.5904948017729204
-0.09062187873605372,0.6044560707014154,-2.7267318426424216,-0.09969456384512693,-0.1707157721592934,0.7144125876689142,0.18616852478657284,-0.7796740375645719,-0.060964431556567694
-0.14432325038347227,0.21689121250294327,0.9678954006687438,-0.1938820733070803,-1.7236265028262565,-0.561061066904764,1.3996374585382279,-0.04544099754282072,-1.4689541956446468
1.0511342584190162,0.7614386393472375,1.0556611031123941,0.8124902421441901,2.1325899832466124,0.5580970098402942,-0.35791124139043357,0.1200480227884726,0.12618478365069835
0.5726115703282421,1.6225418346778917,-2.9210560922058124,-0.07682059716243782,-0.12497659762391819,-0.7486089268444521,-1.25930879602714,0.8532479464345957,-0.2501342461999424
0.5842714441343333,-0.18600770764459362,0.921879936498891,0.5668646762447299,-0.07816039868628986,0.39676867141914884,-0.3041395560113681,0.8115784771387229,0.07674707870189429
-0.6816064965803502,1.494783716163343,0.5153879493252872,-1.6274130243765126,-0.16541279210282878,-0.007517068514093955,-0.23360068316226856,-0.1049099501296548,0.018349880630987477
-0.31346367991677904,-0.7834595681191006,0.24102423644177093,0.1853945738017427,1.0465510908150601,0.8696617531371535,0.5905627184498443,1.5587758368336082,-0.08996304598151297
0.40904187995035485,-1.3241858222104337,-1.6082850737143244,0.7568422535394235,0.6539870702945982,1.0605439389593332,-1.1731992243757419,-0.8065216693067921,-1.15525698479981
-0.036642116781658,1.4098317067216963,0.10470533346569906,0.6096981092339837,0.021996924529918797,-0.44370926193535826,-0.036243885879862846,0.2727418105538171,-0.6774628947841311
-0.3582837001598534,1.3057461408653037,-0.7000768161010217,0.1873814914913942,0.6876958617484817,0.06370740517734282,0.979256160878249,-0.47337144918083884,-0.9793578298325677
0.5791824142441843,-1.3352255905925066,0.04356517773620333,0.37922668011833244,1.7088667938626814,-1.2152190404249865,1.1908344216154771,0.17063110126450118,0.5130854105294863
0.2461725139286556,-3.783397540719993,0.9267120183236282,-0.34491945082472447,0.29024249401485114,-0.3423489610227709,-0.19621418790428316,1.2118103728238176,0.01321600428184431
0.5545358161642133,0.524264120272884,-0.27016760257696265,-0.8205172087359988,-0.6357501034056988,-1.2531807379973459,0.34422335434808626,0.57220506964334,0.03703276713903495
1.838403737956794,0.08141534363730026,-1.4794149037794155,-2.7964910554960847,1.3750982528561448,-1.3811177541419963,0.008085253880386589,-0.1825991044798264,-0.5828003361664751
-2.3662621289612327,-0.6829949566105178,0.25388894604915263,-0.7023953010127123,0.5035094877866314,0.9744514568748105,0.9439691034610062,-0.6109813439340261,-0.004638814295802538
0.4225632360798238,-0.47945313710367626,0.12798516378175043,0.06270146283705127,0.27939598254598336,-0.7767644697293203,1.741770727497611,0.4910422364904544,0.5085993300592082
-0.11686710883280951,-0.6965529146042,-1.7408912924980016,1.8110874196491968,0.07365175610807065,-0.13748593139122892,0.6376629588016788,-0.39376576437512517,0.5697037044495427
-1.8596847548433013,0.035043335961217774,2.8921917209584382,0.6712092422921841,-1.2730001354032918,0.315485632536026,0.7937227166073665,-0.042906029533578145,-0.0020516830394061475
-0.36534241738334955,0.0340799148605344,-0.2782288417469092,-1.6355211587777345,-0.30194789262481436,-1.0320349145739531,-0.07250809491107019,-0.28578379809749205,-0.9448079280193749
-0.4460953210056296,-0.4007911052445061,-0.398995052803471,-1.0730543445959284,0.4092649647418348,0.35804576912451147,0.5932537233820905,-0.06936414987374698,-0.2726510106956498
-0.7352283866427837,-1.1773516045138936,-1.7057144872052499,1.973964754407233,0.003831680727704146,3.6292397998609673,-0.027835824563000044,0.043035013851682784,-1.1208320149368487
-0.273188656361792,-0.7679394657413473,-1.7432256124347538,0.40826081654214397,0.01040795111862641,0.8694797162092548,1.3773185955550793,0.24504999785809564,2.609866883910288
1.9959859698991964,-0.14276326796368602,-1.5929557947399486,0.04401611851350153,0.9609092358104852,0.5816469145666076,-0.46271058947219806,-0.14843879031308996,-0.4480360137346524
1.2243439829709046,-0.7108602438917516,-0.17076195766755584,1.3280678566414519,0.9976116540419911,-0.2637860247353576,-0.5865400698036167,-0.8300288348224318,-0.7090142164580084
1.2486230305646975,-0.12404771555152927,0.6047695001515563,-0.28295518072498643,0.48767932864771363,0.9748958283319166,1.3262971472971061,0.07642997618558355,0.11244224184606294
0.5207336240326321,-1.1897860980062325,0.21474911232245372,0.3308143577396144,1.8661477800444746,-0.5297415742499054,0.32874740053087464,0.16944088811908442,1.1914666727126133
-0.09604572709965362,0.17346477676464891,-0.9655242558420923,-1.2386932934029005,-0.6268939613793477,1.329547497770023,-0.2687525486153099,-0.4267544854273004,1.3196711439338735
0.5569563329975983,-0.8698336733545703,-0.9276405698428289,0.09985505047709553,-0.31707963159977887,1.3700904376918248,0.9556822896016305,1.5822235492827004,-0.9016504054010464
-0.17214355152043578,0.16653827729269657,-0.0742468340499133,-1.0103739643282184,-1.0889455227105675,-0.15188965669773963,-0.2169249959318029,-0.3382358485765685,-0.6525376965691637
-1.5808364515450886,2.1131710640569383,-1.051224301709191,0.6204548188346842,-2.8924444790877604,-1.939254320282601,0.30717554810676906,1.3120751254355625,-0.38304302703011006
1.0895467017097724,-0.18032219101871763,0.49611301811511493,-0.4025858934746953,-1.6562479927704112,-0.19489465669965989,-0.6430097312238995,0.242149495676806,-0.38891802675696274
-0.08807116398791826,0.07145740933759467,0.8402108162277409,-2.2059935955608627,0.12572445816573516,1.2811398738537225,2.4285139746582227,-1.1192625536844467,-0.7605430720585615
-0.21286697325704904,-0.7623716958844431,0.3138910165998088,-0.5566615532797808,-0.9339601234302013,-3.4565081816530743,0.09013988945471524,-0.6203771725984054,0.7044107672602745
-1.3010856063868628,0.7245072511932441,0.29065644426287346,-2.1902194243454276,0.25995523804705417,0.22868019428458217,0.38721332041517564,-2.1157619669030505,0.3132216451599914
-0.7835859187527757,0.2090912888034072,-0.19425235784337103,-0.020066644984038824,-0.10187228601293583,-0.525776199029303,-0.31262755783128066,0.550280534689224,-1.1702700118386882
0.07754064159847904,1.1605411718232423,-1.3488608679425378,-0.2260686678338241,0.17460792408164702,-0.19669795036725532,1.1407289815514812,1.1614174013180123,0.04819880997184112
1.1274413693121657,1.3201709545401468,1.2587051183060733,-1.8103693096457194,-1.6975001894767483,1.2105132142594548,-1.4335394571701685,1.4718800302595698,1.1377446274486318
0.3058490665352681,0.2496955372426471,1.1596088163650011,1.273759686575943,-0.07391812863574455,0.26987863406558416,-0.35765072509177376,-1.6217317347751095,-0.254640336151303
-0.8863152367810689,2.4683665439662326,-1.9892200528543782,-0.3346177936298463,-0.5067958471988816,-0.6820757939277456,0.24068591867794267,-0.1384256372698642,0.09375826045505799
0.7855271126570087,0.35170826377139885,1.400281653709022,0.08811691027297201,-0.13382744552873282,-0.5537383693233076,0.033669295783731915,1.172359718280574,-1.222911231269261
0.20560864928187098,-0.6081908027698879,-2.363010214728057,-0.8944098347539714,-1.2760960965030264,-0.5073148469454105,0.1070386968603258,-0.21533169820039852,0.12864610835758356
0.16991034721996312,2.0474533095377763,-1.4928262486092028,0.31664091784915477,-0.6105191823686902,-0.26626300805453673,-0.6274355456042593,-0.42616403357163624,0.8040064459845202
0.6991261575519003,0.8382801805531421,-0.3745907999024455,-0.0044402339657276585,-1.1754437524405612,-0.3798424318301184,-0.28491982344513517,0.8525012792900247,-1.117381647555804
0.404335193331077,0.08484545677377767,0.4381455448101458,0.4823548251064902,-1.8765992623241068,-1.2962533273628156,0.006603273530747833,1.122419421229694,-0.11813857854533819
-0.5541883296425412,-0.11922502627871476,0.48414140388070487,1.3790627451925828,2.048578523376908,-1.351022851038972,-0.6109136787281291,2.555928806019349,0.2751155613987396
-0.5362569087277171,-1.9017618277287387,-0.4011345851352585,3.9759189044329983,-0.7121859468194116,0.5104523216664032,-0.45144238881069787,0.0906364770963538,0.4412699872617914
0.15285688084634427,1.6381307683203843,0.9092350420225639,-0.04505106666243839,0.2183875072902751,-1.3118043592237985,-0.09733454374054414,-0.31626813642190243,-2.034822485097542
-0.46397588625807923,-0.33583489348050966,-1.123180601727339,-0.08900047595222979,-0.29755035115696266,-0.7871228506428491,0.02531183527530901,1.0445895031015462,-0.09524937087211603
-0.6656367966003468,1.8994374278621504,1.1517872772610476,0.04005522050033832,0.40505683639167056,-1.5062504541814443,-0.28935105939882055,-0.5988934183936845,-0.3661399717096387
-0.3876146613900733,-1.061722968336738,-0.26533505323029927,1.8513828427410213,-0.1654642789536611,0.39868599448680053,-0.11519559419137988,1.2645818223283343,0.1144757019069255
-1.265993121208809,0.39024414605198543,-0.4958217763720517,-0.20634422745074543,0.4904178561048632,-0.1563176595363443,-0.7646314879545214,-1.3240126903920713,-0.016498591988260723
-0.1457878570857139,-1.5536786773203708,-0.1505427759179884,-0.1717353410390575,0.03947153912029706,0.5349513351593064,0.5684874995058582,-0.21052488888026388,0.05909741013738446
1.3908342953041977,-0.9760232716861763,0.3943234456671005,-0.0246467965906815,-0.6084363286857766,0.042062211013835296,-0.11620313472740124,0.2558900254964693,0.8355904394162298
0.90554968590307,0.8165678565803072,-1.713492387738857,-0.9229666219757979,-0.772796136374493,-0.7301665825288535,0.03987419532690983,-1.198532101380117,-1.2767681344219168
0.021878377629837572,-0.05202395086196877,-2.8350975857666,-0.04259233613227208,0.09253961312319738,-3.4379628703008067,-0.4787111818176711,-1.2852495364661853,-0.8617046889405439
0.4792530671473967,-0.5300719595013684,1.2840411673270506,-0.7162144171371876,0.7741154524556999,0.6147504470853998,0.541947862522354,-0.3004890198891845,0.6546993841733507
0.3585605451165324,0.18613723370382784,0.5267776095799291,-0.7711269707088891,-0.23070209318867216,0.4689276336818619,-0.822830772948812,-0.40042419218698533,-0.6488211318167348
0.002623019924622083,0.11221949989066941,-0.1641662898354279,1.8747819272099522,-0.6494410931545905,0.49185354430444517,-2.327900398464237,0.2590007779859007,-0.6814494079114071
-0.03140100838010883,0.6440331157757958,0.0056537780864325425,0.24471973101732838,0.04304545835948056,0.4842431935484816,-1.892108066412481,-0.9923004272168721,0.6160786076750088
-1.933915971863898,-0.640460832779055,1.2147966620931205,0.005887566696227128,0.45127222647316506,-0.38823562356077906,-0.9954692148970058,-0.16307169097361807,1.8560747159103428
1.4963304585462536,0.7488069325631043,0.05136134339379011,0.3248684582959854,-0.5287566923169579,1.6665021643803417,1.091151622570479,0.3841956500773122,-1.871650592664494
3.1543060517487116,0.6915779800358883,-0.06370805432910615,-0.05769660808506637,0.4180142731605068,0.026795864553222172,0.970870967957737,-1.1392700663197357,-2.474122727752297
0.6068858790482728,1.9969795557588295,-0.07620476321869768,-0.3453952984256902,-0.4789660769142357,0.3636947763857069,0.10761252605972428,-0.46172215288165563,-0.12082939114446288
-0.0072450181772681504,-1.460861542529106,0.5429463650257847,-0.7724169466511713,-0.8338621203492049,-1.5148335175050147,-0.47788617500588904,0.9118585824731702,0.6476720176240152
1.7814818905159557,0.23829101353994436,-0.22350948506484286,-1.0341825416099526,-1.4126571975298325,-0.9514788816004516,-2.523703522840401,0.10200583418090468,0.04492268646053367
-0.4613899277072499,0.3869209217453653,0.32820982666501486,-0.02294431747529724,-0.022116813982196015,-0.9240917726972319,1.0266971708587889,-0.2328031280051136,1.1866581207623568
-0.33191695631096807,0.043753021394075,-0.2862714242549462,1.2584477519686768,0.09324484707755834,0.7058755334806743,-0.03237027470922274,-0.7450663725802019,0.011039782381901305
-0.7468538068064029,0.795261203563098,-0.04888843926908456,-1.2521277820325232,-0.24177945619172822,-1.46856296194466,-0.7309774198431936,0.9328739948919617,0.19538065100652427
-0.2689094866437751,0.15800686297196895,0.511551779355469,-0.012448911048561837,-0.0667954118393749,0.4223734776727137,0.6747276925412224,-0.04822281712519286,-1.2715929995279867
-2.1401372867445136,1.3698616129019765,0.03725247448270938,-0.007173067628664291,-0.24047333709496238,-0.46777080275181887,-0.08580570776316399,-0.48700976909266025,0.42367594693752636
0.133553633212476,0.6028642218371204,-1.6205030339617068,-1.5694430743254075,-0.7860203020339551,-0.07365687856174805,0.46226541676479443,-0.5275394805034926,-0.18634536719615746
-0.1799312576292258,-0.1672095275548114,-0.2868576829388184,0.5173839518680897,2.042031803449634,0.0058039257828010156,-0.1239065292532425,0.5625913087667016,-0.46766189605317054
-0.31652570563158705,-0.6461431770899191,-0.19574251171013826,0.8702846856436929,-0.614032291655205,0.7305049761571515,-0.05266014706546125,-1.6907800415950627,0.6318236283974552
0.3434727024222604,0.5262216398144648,0.04497298846333625,0.8560265887236466,0.3797079052530254,-1.4752522253722793,-1.7727408266814746,0.7637036912197014,1.2310724570245766
1.102024914027972,-0.36569312278761645,0.5560320250051298,-0.892967915301551,0.22449120360615807,0.6254653113906634,0.025854945568749916,-0.4820741424396948,-1.4346754791383185
0.2070581237523931,0.044535539808431314,0.26301551399030604,0.30626717782666124,-0.058718029877380895,0.07991917594930528,2.8549067380393303,-0.048779847786723896,-0.40507984429511484
1.4835331258054514,0.08696085101311875,-2.2936474228645842,2.6136129143903952,0.0527152269418735,-0.08094396204044013,0.5984248988879368,1.2890990611735988,1.1137360716428906
1.6667515158970594,0.6622931047499317,0.3381593066602351,0.9744808511178142,1.8490594168239092,0.08018814623534928,1.951507680408124,0.6109431739651227,-0.024940427263127913
0.4077300237422993,-0.00974089187352346,0.01489360631020683,0.3743338504959664,1.335631240509183,-0.3119182870068598,0.16857810141787313,-0.39084784562668035,-2.6116107990058484
2.9371293648163004,0.34379109550247006,0.07766349023679751,0.04028906603871919,0.7531731692008541,-1.0366267553902115,1.0196741019374724,1.0589043457764824,-0.39184607502467794
1.5941152563464283,0.16865797085522305,1.9196850462793587,1.0629113522755904,0.47866462730160064,0.937261137215922,-0.23798666450197373,0.5273949336261048,0.053487769009794225
0.12523972727942476,-0.06784327525371574,0.11317646067791336,-1.1658282899467767,-1.5135656002399174,0.6984620039337371,0.8553583543960365,0.7940887541398597,-0.017404146330214466
-1.7660380540494875,-0.08542674813054207,-0.007149006530492918,0.9879213184395673,-0.07525640623811117,-0.1031332315505339,-0.11832050905280626,0.676029388122581,-0.7776056781011625
1.0237664237452582,-0.8433917467379387,-0.6880470324776385,-0.609881684964242,-0.3644683554351864,-0.5545576530068125,1.0037044514366802,-0.0963424700815484,1.3656559123216367
-1.137760618899935,-0.37664684136113386,-0.00789904876418656,-0.449318232400675,0.5599648156144383,-0.49581608178100217,0.38181204579803885,-1.0085414044825023,0.5062540985412807
0.3921555475158728,2.8134527591344574,-0.8800609253746343,-0.5700223537924216,0.1370531348904149,0.3830204222718437,-0.7701155544933943,-0.7374515030254677,-0.07158098243606979
0.3385325913581579,-0.09455080568179546,3.7842530401271905,0.4292725969228697,-0.024084483795213885,0.9151595057304986,0.45433650672920534,-0.3930602750349237,-0.5076915689142338
-0.9626451005070995,-0.2146358786542918,-1.6101360704703058,0.2714248280502585,-1.9243709253024386,-0.35426768716699697,0.5233907512772387,0.8312321505596653,0.8661488130863785
-0.21080636082333776,0.500847521421533,-0.20272538234854107,0.724943639964608,-0.9898813729617875,-0.5067580696269496,0.04338948448907377,-0.37054583543123837,1.2216917646789396
-0.9715461658305335,0.6435581341664403,0.1289627530676061,0.8015408440920931,0.09572538340289356,-0.286781180114995,0.17483087239446404,0.8507391104748621,-1.3017035690700298
-3.7507728931075137,-1.180652138992082,0.6192167360592427,-0.07186280941699548,-0.5837392443612949,0.6418488549049213,0.8066510486938563,-0.4682161415845348,1.9601959122601569
0.9950798644201461,0.30046510160140494,-0.053462652334623974,0.14244038433258147,-0.19053097447682873,0.24782412906312098,-0.30990657203920174,-0.907198288312196,0.8982486740934075
0.5089482859335712,-0.3661263686904392,2.5712763278523805,0.09911824378951051,4.258245551589311,0.04615359202293457,-2.305298323392105,0.4501545356041019,-0.06491840831683407
1.3147966227250738,-0.7816376746820947,-2.1912508518796003,1.3364278533513096,1.0292610751373341,-0.51875458988375,-1.6513856878682434,-0.034374408562803695,-0.33208615162593724
-0.17842512151377923,1.6214942314616954,-0.4262688853968644,-0.06167909323707311,0.00799123130230028,0.08784303532664045,-0.09431376928911027,-0.572988748565792,0.24283552552634427
-0.14845113934067372,-0.43905850638882754,1.4462095592613,0.3406237063482314,0.3834962393729283,-0.4688460305894373,0.24560676202743278,-1.1199398227760187,-0.674416721300629
-0.06547604475936551,-5.054016930748447,-0.25228540225880086,-0.83587710805431,0.48764838070893274,0.35495515209533735,0.035758495189342036,2.1242230655597965,0.6767573220390863
0.31466323254660916,0.28199243937877366,-0.7571461006250368,-1.5965936887968093,-0.6220113953457029,-0.20849862944695652,1.2197682855102665,0.9954426589900296,0.26247542441482474
2.6103813011680086,-0.26373414942785417,-0.08820144787807735,0.300105147967378,-0.6731889853933506,-0.08648969580222637,0.07578106887957053,0.6393813696758897,-0.9713408521885722
0.051963796259376964,-0.0568164877052418,0.4120834370060468,0.08653193739835884,-0.19202638231525843,-0.13986041675012695,-0.3440645162437791,-0.4848117395363761,-1.2663125825959132
-0.3642418477814803,1.2016248068173887,0.13156741701117863,0.12663511669866112,0.9400996543749363,1.708568636935366,-0.2581355165043668,0.03271242623733577,0.19776724377816046
0.6911415645009061,0.07673431471978846,-0.15621664441509012,0.4575370509007781,-1.1413424663966694,-0.7033237986120316,-0.3643126770328757,0.2822880862368721,0.41320730792534205
-1.0289000548748404,-0.6139722080874311,-0.06023059495374144,-0.6040279035925569,-0.4554961457366485,0.09286157048686486,-2.0421954902987616,-0.21115064106572692,0.033289270538347404
0.013439065963651926,0.2709416912750908,1.4181514539817066,4.28593698589737,-0.8617543477002411,-1.8910869896559168,-0.9584564981312432,-0.1588106670168381,0.3323786591495407
1.5165092912608422,-0.7776426110565234,-0.5586431617634269,0.2172184583941372,-0.7101957640355561,0.05462245700970742,0.8092266894540595,0.0857881043877146,-0.1608928395659126
-0.0011982638316001635,-0.46456342942519036,0.07910570488194832,0.4582788640830656,0.1633453731900993,1.6901916389735594,1.7664356279518587,0.9128399465476559,-0.7952524882120714
2.051146349210314,1.288613509792898,-0.6601445687692773,-0.7471589833822788,-0.5301297686162354,0.20843267083744063,-0.9659829095279167,0.5790920852994039,0.38784722775417085
-0.4175277546783866,0.8388809020687763,-1.2116558725450153,0.9779964313970794,-0.09312808881900998,-0.5211820396029292,0.1911962417183961,-0.17030376092616256,2.052345428731258
0.2540908424273259,0.3383343355769916,0.4073335081760195,-2.728452166506611,-0.16106465350449628,-0.3683556074735556,0.6687470867950697,-0.6073135593386083,-1.0140089766023461
-0.11958757809728715,0.49272110592138707,-0.17080075506450135,0.1397407749458673,0.014442982207212712,0.010404416862055666,-0.8467450334973012,-0.006276752761098865,1.375909430166784
0.32350659272218985,-0.4741208395041602,0.4101438717653357,0.014799473046761942,0.16771711308035378,0.4159910355919303,-0.020391684062725585,-0.5172173628284991,2.971899035102075
-0.18488145377325335,0.809775463722199,2.963280979294708,0.37015385113019045,0.024139252427134647,-0.5502383413089388,0.5958554073890422,0.1675781997443851,2.623812539126937
0.019150245637055134,-0.05677487520923911,-1.0865745427138227,-0.612255210730083,0.568554574352452,-0.03786278550273053,0.7124288603371114,0.997843533430456,-1.1216005557818962
-0.3111366795399112,0.9566891591976163,-0.8721810397728558,0.5033208652688231,-0.7689556206713462,-0.05149229486660254,-0.029436229594829402,-1.0861851175589188,-0.3232513077743631
0.6597729379082492,-0.7310121673850334,1.0101550051158916,-0.023123385448880165,-0.7067171014395242,-0.03458156202788284,-0.006573520513967013,-0.6756969943671643,-0.8907552132593367
2.401115242654842,-0.04680874690137665,-0.0617506763172293,-0.5398840866943164,-1.3433460445674419,-0.5945381731720297,1.221213451656502,0.1669216680539943,0.003058080002613352
-1.0726145515385275,0.15847528791139975,-0.9210340092271206,-0.3170410506143862,0.3053618209318686,1.9310776890811812,0.05431034960482446,-1.0992231373559866,0.041756576059340716
-1.0609169696155154,-0.8142945866345483,0.2518146410183202,0.8634418954892598,-1.8168161117573947,-0.28136737818781676,1.0976782795581177,0.8176188052283891,-1.0281625627431465
0.16544397333008662,-0.27123520821545233,-1.37862913261723,-0.29769959269328666,-0.4518850654069621,0.8062937253212062,-0.025544122672059896,0.6035142881935229,1.6239947684540539
-0.31619304103478457,-1.2609637036729318,-0.64467119500076,-0.7661513676800734,-0.11216785501931412,0.6304221927934602,0.8178138788010334,-0.4471202024649872,0.23546529399437802
0.1808283865465149,1.0533914556494712,-0.021087472300643166,-0.2619371437563099,-0.0741395303146211,-0.5459851785164032,-0.17234499807843118,-1.3061274715499325,0.03427940650884777
-0.003165373718339685,-1.3405318697686734,1.7712045145747335,0.06417231347049276,0.00417615240176021,-0.323298878133246,0.40038799903851247,-1.370757130744895,0.146088417483833
-0.7794960019856361,1.200680183234731,-0.9419472315967422,-0.4956842240100142,-0.2610685687361402,0.02146077695945053,2.030085550600968,-0.654847320269706,0.01541824289417306
-0.21282860574373116,0.5195570953393339,-2.0565897034250233,0.1633787607936919,0.7704632543548834,0.20462648013765167,0.2935681932487054,-0.4755889178922376,-0.45839382059476425
0.30714944956709905,-0.8732766260998891,2.3369237535320493,-0.9340343262797033,-1.051310458907852,3.0709763047666665,-0.7078407589969673,0.01947438008637916,2.346883340164654
-0.1477694844001111,-0.1477304800849497,0.09024735115730761,-0.5225585775055366,0.40836792720284704,-0.19025794415613975,-1.5427023177570154,-1.6338464381647846,1.0345103665900939
0.45788349185700894,-0.06077634080041661,-0.039690894619424405,0.0350239349587484,0.43443537978376684,1.6286585475425979,-0.15483349522053444,0.8905019002999717,-0.40933995201490786
-0.7999309532250838,-0.22605252152425195,0.8149446691937514,-0.6469285586809199,-0.13500829384856192,-3.3124935864875815,1.0053230515035034,0.33521671988741575,0.9172563955593362
-0.15798578501930388,0.18011350188811714,-0.1485173456145787,-1.7901625275011808,-0.1169503334075073,-0.3586821950443155,0.7489521500199152,0.880213726013791,-1.2067362677041165
-0.3916598534109324,0.16096759479232345,0.8889075001910076,-0.3498602701184994,2.9736997435300982,2.5450052717033502,0.5252208516774259,-1.3417014967684977,1.07764904805817
-3.8816829974647633,0.6501995500218252,-0.3920227079811191,-0.9676991444437879,0.020712301313799454,-4.677336838551552,0.055007808490754186,-0.6777009303126156,0.5317764060266832
-0.7670221776049306,0.0845417535209176,0.08286771610655604,-0.19240342264616575,0.6270557862103245,-0.10276485560663162,0.3636006365715426,2.895522623143911,1.6471446689149551
0.21313610675358946,-0.11254441195308382,-0.3711225879269221,1.444169023014595,-0.9127794022389718,0.6627648456019902,0.6493890763844558,0.8892523062960355,0.8029574843792444
1.0260467395480455,0.07878981572346201,0.5741492711884153,0.5544804099151076,-1.8024888569877773,-0.7174406641537009,0.569706320157583,-0.37749889283503707,-0.061427323495755894
1.2381980949947613,-0.6133491771916094,-0.0010803017016785515,0.26251069686617784,1.0484210901381226,-0.0446625797995048,1.4710609755526043,1.698987571559715,-1.403113975337247
3.080317792212706,-0.4638154699801626,0.1564163071946118,-0.33293987319389007,-0.046471251541141206,0.5764211719085364,-0.019667281849304243,-1.495331877520872,2.373457596239733
0.7019614409257494,0.2020958869343172,0.21471977252861882,0.021454428238296137,0.2880184821387258,0.26937544237267214,0.1807776325678269,0.14072607500724277,0.898307135636757
0.33562385387807603,-0.2452492192929638,-1.416433029316917,0.768523668318272,2.3277067590899496,-0.2799439139000294,-0.591360447164502,-0.288446038462284,0.33849024169951103
0.32691009614323924,-0.24232130855624218,1.4873716277314155,-0.4088142101769855,-0.12268396555271173,0.054324152147113856,0.32027297653150844,-1.7347098744276443,-0.14934049955978468
0.12460386100281592,-0.980783666945844,0.17441674405068358,0.08864328158882392,0.417330019640374,0.026416176428391194,0.4573026732864025,-0.12460135431948033,0.6761357299808626
-0.5124803885407069,2.483557477308586,0.6139744883318593,-0.275167143540606,-0.01984964598970953,-0.3202576812535943,-0.5064947661012021,-1.398166653031401,0.03537782222255745
-0.927963391595286,0.578691839037438,-1.051692524871497,0.9520145550360197,-0.5401877121598357,-1.1344890769432383,0.8477333041910028,-0.5342974508683737,-0.6646036684980899
-0.6131010364409264,0.02846100299478109,-1.5077495267076524,0.2011902013826095,0.6127466601738141,-0.43932810019071417,-0.1754369632188899,0.6480586106234432,-0.8774942159324525
2.452937569468555,-1.1626642052348324,-0.045655934963201944,-1.030008635811978,-0.1607332597321648,0.13315468638153055,0.34176717185860245,1.817179183299563,0.7517302170871917
-0.3324680009163471,-0.10535266249995011,0.05022935840227031,-0.0665036952227696,0.43059758794827735,-0.1293121976118787,0.4250737090338906,-0.07475937983898363,-0.023786965212499664
0.10616404179715934,-0.05385485789102146,0.08003627753683028,1.3663588443192494,-1.011219829796509,-1.222106958955006,0.46035120287297193,-0.3030404902467673,-0.47901447737391123
0.5273176293213611,1.6090357353963167,-0.2644395378202851,-0.2223534140608346,1.648541982729532,0.569950115925449,0.9071652915236662,0.6950325566120543,-2.096886624690836
0.36485998996504787,0.06429925291542804,-1.1182205345868697,1.4654074096416736,0.1729197314651821,-1.376777087466835,-0.9523439569546055,-0.7403980647082943,1.3826740452501558
0.42727887918975277,2.019024571437112,1.3493341943991173,1.3752416310445352,0.40306245058907886,-0.7077467129361179,0.7739176880269469,3.637559179592892,-0.0435802398097566
-0.2795540977446551,-1.6331874158701996,-0.01669707221482489,0.2460829893196086,-1.2669948020248791,0.054120818125228336,0.04053054303974151,0.585098095890845,-0.13320134749885237
-0.9090168482387876,-0.7565908912596754,0.13598551006558832,-0.05347489221172869,0.07397876155584501,-0.4081853712272799,0.5899610938424307,-0.05301841058022373,-0.7771834682123809
0.36041134728323354,2.928861482117797,0.4686478352176711,-0.23523801391340257,-0.09502021054205843,0.6576824529676616,0.06352176911641114,0.2442621644805365,-1.7553674103596588
-0.23545135758222555,0.43681111176856147,0.36144422780309904,-0.1754536871890447,0.4889313321693632,-0.3948935706562845,0.2074476422133237,-1.147070880640474,0.31567619224917615
2.3055578751920836,1.850283422969098,0.669905073642196,1.5041580546975268,-2.936404531341728,-0.4636953302931162,-0.8472949565755503,-1.0481838646702653,0.5770382797201766
-0.5656482152568773,0.3376946850065987,-0.6660303547094216,0.0068925212790420035,-1.0804502803712177,0.30023518341927163,0.13019793455244702,0.9340716552070637,0.017616188724000396
-0.6155837988665157,-0.51580390039937,-0.11936959867581697,1.3871282531086224,0.3362667911844495,-0.7775983501466115,0.24172205194850432,0.1328974279820672,-0.6166048276621786
-0.21227802724543457,1.1621170800539384,-0.32829784515056004,-0.25081884270248966,-0.08302746997938901,1.099628219696417,-0.16139715515237987,1.314583384278482,0.1325450137367742
-0.23250069812079707,-0.5031650849707816,1.095556409472188,-0.19642559665343753,-0.1653735110409674,1.9157444625838052,0.6323904981836111,-1.123382545182467,-0.8254794608752173
-0.17828637835082609,0.3863674387463964,-0.12130326213684044,-0.8416536354610128,-1.8096637649739327,-0.0711374666678855,0.10181700762906042,-0.2593936845142394,0.5389777544947374
-0.9593619622186226,0.4979179366764994,-0.15830365368824773,-0.4227182556567581,0.583201688848627,0.07761347794244162,-0.09939616882775039,0.10813812108937436,-1.2448240253060865
-0.36263774440494245,-1.1559053771879708,0.33160721702174056,0.8649569183250595,-0.09111314998637568,-0.8689049196785851,-3.648162893178903,-0.39734650591376985,-0.2694308470915224
1.350348584358068,0.5737370980545358,0.25421164335382584,0.6520174210816914,-0.8910886814819722,0.3587063013175778,0.16682352355928634,-0.21757269401695994,-1.900111151441646
0.30388439541860557,0.25457796584186715,-0.02796267946907085,-0.1446214718426817,-1.2024633624729926,0.8220984658102743,-0.5663244444028208,0.5136859628720473,-0.4540984677614995
-0.27128704953936966,-0.01363250218634197,-0.37429633211041774,-0.25506582830426083,0.19841748802637307,0.6709575542323407,-1.1067099516341845,-0.03994900131816593,1.7769017067767217
-2.2313103017776945,0.4395450035946119,-1.6417700412174305,-0.3818240992106166,1.4151163416565347,0.18065210231246095,0.18873352736309382,-2.0348958997466493,-0.07310822070227303
-0.3226615918420426,-0.059002953618868134,-0.10358020158508822,-0.8262673868966606,0.27255956725422004,-1.8016074368506045,-0.11393290290146388,-1.1910659640902348,0.7875634529397587
-0.34891852477914,0.26727155499438493,0.15882591909451146,-0.6030177614081974,0.11523306725301416,-0.7347305743002811,-0.15036224695099418,-0.051109615690969654,-0.1324981466224655
-1.262458399448095,0.2348111377431508,-0.9717379038646563,1.4980007747504167,0.6267161233097212,-0.85497057724076,2.195082708453584,-0.049080504420125,-0.9850593348105071
-1.0463882685949508,-0.004593486059201074,-0.4320166754798955,-0.13986349092974593,0.7692181362771562,-0.10017797654285658,0.15278044509519997,-0.5148913972395522,0.6449866753009269
-0.5408794631155065,-0.5130266519015773,-0.5182770411572328,-0.41648218784547525,0.021899053520922206,0.4707379314882481,3.943927087324539,0.4079271274090705,0.36442136835380357
0.6595718434997533,1.5739048226568957,0.7947676121799258,0.5942312991882786,-0.35184901299001003,-3.178900782559586,-0.43558506676297043,-0.5393611490370015,0.7359218201960466
-1.2158479294673603,0.6342090269542437,1.5948844158342883,-0.48229101691572723,-0.05162871748496533,2.200066608577842,-0.6014225236708204,3.4006391855661677,-0.805124150555108
1.052692370205841,2.6681410840183495,0.16809873759918492,0.593600554609195,-1.8144268061419013,0.3700279420314665,-0.6705402331750115,-1.0784186544837022,2.6940779587978834
-0.004419130520977952,-1.5826762193670671,-2.255133877586572,2.47335338648528,-1.0806879910822944,-0.33513097147967413,-0.3574072691680617,-0.5543484944455296,0.8933904499661567
0.7378278177590318,-0.021208373535853704,-0.24302681302562928,-0.5134312495063612,0.03206554066858584,-0.022543490039665087,1.549508390625632,0.13886232611430924,0.9424181857436689
1.3881858845790356,2.4869658342290917,-0.472957228513799,-0.09650791165030057,0.8937006510192975,-0.22155094717405763,-0.5023287279491822,0.002533424435249704,0.20850417027858015
0.439090231158678,-1.3892896175793605,-0.31884905209795583,0.14081374187270718,-0.06955107224528001,-0.1695119544103164,-0.4161162007295031,-0.8203488541940155,-0.9933074158641552
-0.024353599701369893,-0.11961621211292112,-0.4584065692595156,-0.49018046570811585,0.07299082496836908,1.6994848124649946,-1.983599826152035,2.7062798366865852,1.0176279601925144
1.7393493928920334,1.5329477110012157,0.5375472274909221,-0.20507299328668016,-0.399820592121804,-2.1696726222954985,0.5753103283657446,0.058171215023698125,0.955158871889145
1.3898238777265355,1.1600461668791557,-0.6702461282980021,0.3221680482943417,-0.4058262826927303,0.28319762766249523,0.42026584736213896,-2.165831098670779,-0.2674107355341668
-0.1923366315624891,-2.668001532167126,0.4489165467023818,3.0765148647087797,0.04023357766970593,-0.7412577302496173,-2.8794530191537375,0.2757527278141792,1.4252262592332565
-0.27935181157569966,-0.4427767415843917,0.2100890353133237,-1.141094409473653,0.44400113971898986,-0.4697748956766918,0.29779353664638886,0.6438366760806313,0.030140521340711875
-1.6668349472359292,-0.7649070867465995,-1.0427985616506916,0.5042814909393455,0.32005991939249306,0.6771626159607492,0.33694660907866275,-0.8217314860954358,0.3986507735772997
0.7504235133211538,-0.6062262330236367,-0.4007591273188802,-0.7831721970752357,0.25476373387976264,-0.1190266960727593,-1.073682269804783,-0.8887194697922539,-1.479159335488526
0.294840180505878,0.1423703317789986,-1.835248671803812,-0.38771817826021754,0.571561004075111,-0.7789221195484942,0.01121140442344804,-1.9224824786169736,-0.30239975153119997
-0.1523504082710456,-0.8377534988817193,0.5484482774296137,0.8830685632731053,-0.37114072144530413,-0.10572569426462816,-0.09043621322264353,0.14508728020013467,-0.908096147048622
0.32374122019208607,-0.288037578202939,-0.13641609780244343,-1.9112835839258266,1.3211566720191512,-0.8337592058318064,-0.8338744910729916,-0.5755364163332725,-0.3686505738035578
-0.5008174984811987,-0.3050951417022866,-0.32413007096224145,-0.09981761170775537,-0.6744827667466735,0.08982933844169849,0.12505291028767243,-0.5103914095114866,-1.3420500064463265
0.07906432508526984,0.8761806877774624,0.4574354057446398,-1.191045766504468,-0.2696094125079341,-1.24422719117816,-0.4136236811071864,-0.4219322060472384,0.9468859299131185
0.9439711611312922,-0.26398317061857285,0.636950765697483,0.08829384625662014,1.528584669488345,0.44749124853021677,0.2681858007121109,-2.1171245705929853,0.33311671265428905
0.04457018242202014,-0.010440022300694478,0.4150780431956443,0.32554139265175486,-0.9975153515092368,-0.10694358207080812,-0.8468666658148692,0.052848940977667944,2.5309488635650736
1.9860976421495782,-0.18131435821027028,0.48139460920692106,0.5085483643214018,0.05549328843890569,0.30456119484105465,-0.05017784643805622,0.398805864662105,-0.2578172141784792
0.42302476781873055,-0.45914462167311837,0.14768624884482584,-0.9485503122239084,0.2750210548608869,-1.5282080676976904,-0.001544780141618119,-0.9510575992436509,-0.3580025326146233
1.9832925066928042,0.2081069856347952,1.4905913287122294,0.1661306477781693,-0.5197886240781466,-0.7240068875450058,1.088183908727022,1.5202394410670514,1.0106285609235028
0.10740721689064708,0.9406223023357299,-0.14176906527374158,1.5527817201495844,-0.8043356136319708,-0.4253471612224755,1.4436886286840895,-0.2211039366106371,-0.37632081339150514
0.09543442562691909,0.7821705277476501,0.03880736284220383,-0.35111712693862973,-0.49290113009777187,-0.9179241518036694,-0.028323567884806118,0.8953304468433161,5.845112788259148
-0.040929131964646634,0.4018738526495185,2.9830439393128114,-0.02843638875920581,0.9431167528289739,0.12772824734026894,1.1562928773557182,-0.7340366626738202,-1.3706364275026859
0.06028511034930051,0.057881538564613484,-1.0770330002516035,-0.6376667812353812,0.4707883091573283,-0.2654891591078755,1.31284408087975,0.35271114125665837,1.4526278403672943
1.0297182958054314,-2.8772377212801574,0.321442215572634,-0.14463166385297463,-0.025278841092874607,0.3243417262790016,-0.21035568025081355,1.916046594040368,0.19930614208009748
0.5805250147693662,0.3941447664227103,-0.05479428655796626,-0.08303623094307176,-0.7538364619366089,-0.451908292815076,0.41465928817128656,2.014703764976581,0.06711177955964723
0.7857658537781335,-0.8151464006487522,-0.002524718755252394,0.21490380399429931,-0.14526208184335207,-0.13623509490380598,-0.07879418328022204,0.3072825815384176,-1.6873144311610553
-0.20694498737306463,-1.7714755100409167,-0.18128318708690333,0.08735774661161337,-0.09268504488510061,-0.8446969115908751,1.4043353991956873,0.0779564743709879,-0.3807484429156662
0.35239154858086585,0.391395234282656,1.957589917570268,-0.24020733172680928,-1.0764977964351896,-0.06730010127604648,0.14334074184034995,-0.2868570960212671,1.2268486939264085
1.0358485809756524,-1.148756399763336,2.06700557014409,-1.3630376582894828,-0.21654598714480486,0.1698705064289551,0.5450128834622244,0.6380385362570229,0.08843359977540739
-0.4592373890680684,-1.6207893946611307,-0.2984993971082935,0.18022381242955574,0.5953598242836063,-0.5039285881001253,0.12443296524171615,0.4704063546183045,0.11689128059628369
1.7886984862651132,0.9373961092055728,0.5004451205779052,0.12117924748233848,-0.08013021240288459,0.8342478491185885,0.8188392516328246,0.6382047266527198,-0.5083908324002946
0.9838400613109831,1.227715265684185,-1.7686130969374463,0.3846311781441009,-1.1936846721756744,0.2071275498333177,0.18386386450719894,-0.8115812009465637,0.4634096294805303
1.0083837230559256,-0.08159938194451877,-0.9695036044709543,0.6907627312451544,0.7860275575889123,-0.3722705696415505,2.2793233227384615,-0.9645909079220948,-0.005162429390176279
-1.4312346195921823,-0.6816184023035213,-1.7199974981228219,-0.29283431215436173,-2.250000604830365,0.5886647482884817,0.28456942359425863,1.1769795297623995,1.6129416815171165
0.2765542144750754,0.2731471837517568,-1.6104946304611099,0.4130911772344814,-1.8323669126916295,-0.8825890776329268,-0.6066799136560703,0.14010302196803787,-1.8488194190850213
-0.6414174054003,-1.0521053663753575,0.2457351367308564,-0.21235039950980183,0.5881755130288217,1.333381863190778,0.511993604362745,-0.5628122574496421,-1.4961042404656375
0.4584825501710954,-0.8378034287881969,-1.2592705193357623,-0.07184733533786236,0.10419445053525858,0.5246756877214638,0.49921974586931794,-0.9355149936223164,0.0652817815731431
0.24273697546092796,0.2082084092496184,-0.9149686481875499,1.0433099206321128,-0.5188504570542024,-1.299612993384154,-0.8202771661302768,-0.1121345299506116,-0.5225117418285659
-0.37647790996051156,1.5173103222923745,2.5281409437004587,0.20064872386364285,0.8961971369485133,0.2530040107317581,-0.6290113631884344,-0.13161337054425387,-2.6929218794699046
0.6217428388307432,0.01870732267484064,-1.9880213428024704,-0.8818118215793542,0.09694211488580141,2.395481979531384,1.5109681178799634,1.0452343162270143,0.33215271747276015
0.24644495000418756,-0.14888786932207035,-0.6925433914659316,-0.021632184368283725,-0.33561873329813297,1.593932132604282,0.010679115121335608,-0.8842107052131661,-0.28254978426067584
1.9497337824532104,-0.8839344762860422,0.4990760807265834,-0.47443731570704617,-1.3018575389747076,-2.222980320594173,1.0323200494400553,-0.19159201657772335,-0.06959824549906776
3.213766947455214,1.138450205908433,1.662529071195487,-0.28883253290375194,1.1154510650483098,0.6107488344699695,-0.33704941728075893,-0.33165393063873555,-0.9953292615888035
-0.37305109308158474,-0.06041470027756262,-0.22350222857913796,-1.4266939086632822,0.02510958388429664,0.7325963856050964,-0.42713916550607345,0.37341544054372433,-0.03328012043841671
-0.8600797437651467,-0.3419729693033143,1.7672366769628443,0.9938420771296912,-2.156937720232228,0.3838871280696697,-1.413022382646734,-1.377652306662085,0.20128516555740136
-1.248431211594021,-0.11708346531108496,-0.09611749837274133,0.9648372772536487,0.5865882553370617,-0.4599062507405825,-0.1756308948841832,-0.18134747123621955,1.2557881085458398
-0.1254519850460005,0.1216621069190342,1.4491394847152785,-0.10390093075073975,0.8429438629027424,0.0050608364634299055,0.45646963643126187,3.482448898511878,0.04994092490159744
0.5528914062039184,-1.8481149094118081,0.31564070681551765,-0.2181187127751061,0.42087303785964886,-0.3304694069043406,1.5794341087261061,-3.5396403457455503,0.765207399330516
-0.5181962264512207,-1.1594531071361482,0.008583106447774446,1.8869418630942847,0.2686691551034049,0.012180624619413917,0.9022125306005271,0.9181519021095044,0.6429663640438272
0.33302376794837,-1.213145214273261,-0.525623390682549,0.5365963083483257,0.6468381561151881,-0.21097310045386353,0.1475429472912078,1.931606300907937,0.35571169027147914
-1.013557378935088,0.3945191683548865,-0.22946277230904857,0.7032892796794498,0.45015467071241283,0.22920465356995967,1.2122189677500563,-3.030616977788109,0.6215755465977638
0.3148882197917669,-0.34788192822174124,1.0713834275179062,-2.148760411388561,-2.4623725264279774,-0.5404778182423641,-0.018424172248437294,-0.07722197969170358,-1.919866546811786
-0.08384684768631895,1.9290584589181077,0.0729780682612242,-0.31877699241772345,-0.48675140224713076,-0.4775215763247469,0.15226177688363207,0.25604731837239686,-0.7982426646162896
0.34445220888882594,1.4290135949039666,1.6709981238254275,-1.3674246057839325,0.26570559443682157,-0.4565431469841668,-0.05083999989201029,1.1202320370106256,-1.577709216838715
-0.739809728896812,-0.7806299816610756,-0.08442965879878592,-0.03633215399888159,-0.26588203901376295,0.6585170745723982,0.039815031040689355,-0.4064031525243641,2.7776374265961423
-3.0581243999319203,0.6217909045974803,0.003204847672576167,-0.19001246162391933,0.5211411228599451,0.7075458042915191,-0.15325873968897483,-0.15313475300182072,0.8344042013718758
-0.9248226909687537,-0.051156306068387676,0.13774805068034873,0.07280902940053653,-0.3700125279210318,-0.2624574428041355,-0.3763110840898734,-1.3520159057259664,-0.6563969353792143
0.0678423176330055,-0.6563416859989208,-1.8795989798356745,0.34573623084758176,-0.054310321234378386,-0.1413783023955969,0.2436304554029883,1.021703623771059,-0.14415948867560022
0.17702063681595356,-0.8634766874861451,0.22578787966263808,-0.29505455033903666,-0.271623086716387,0.32882522586490553,0.09238630676973135,-0.1715305585249178,0.28059611106438426
-1.8460534214449866,-1.5226169994456586,-0.12798694199922517,-0.6121228486574906,0.8671031060265577,0.6639586583707314,-0.391917613445619,1.1827369502201217,0.3414141183192414
2.3371765704397505,-0.10144727242614444,0.2290288164401623,0.4280162731708022,0.6865998887015775,0.021135892954524418,-0.04843910106485221,-0.0556831881214344,0.7168737273521123
0.2909273720149562,-1.3691855930051373,-0.3789952098828424,1.1458146615771163,-0.8514516499878003,-1.1932223884909645,0.12891859987893695,-0.2829916347249056,-0.7795494249614437
0.009368236280237932,0.24692710420680272,1.5949361840558478,0.10013518009197321,-0.5054388001657023,1.0643931557953354,0.012780069167573769,-0.6399998206986448,-0.0020227071127502006
-1.543696521606366,-0.6464287410278498,-0.33038164693804434,-0.22455951653765346,-0.12081507892557522,-0.399382697148274,0.32788849769560635,-1.240221448516965,-0.14373292048362962
-2.5859663256316856,-0.06253578732455815,-1.6578812499310382,-0.535633916159521,-0.48813604898425256,0.37848103340907246,0.037897263693983545,-0.3400568076865584,0.7601133044460079
0.07826681413986163,0.32450540125656757,-0.33141268753422487,-0.5604499168732218,-0.2918467626167669,0.5211185095994794,-0.48682381706851996,0.46758066566691053,0.7115794629381987
0.34646809390720495,1.5992083595884865,-1.5881706148387889,1.4174035318718752,-0.853389119483032,-0.7806904159096489,-0.1846797683563285,0.8136101546146954,0.9056690983601818
0.21637606166711149,1.0526232214665459,-0.261515799333139,0.5914949102645033,1.063829939513016,0.7424272692280564,-0.3648967645555217,-2.365958666375062,-0.020567556016394213
0.5783755743773171,-0.08319594103466034,0.860405838916537,-1.4080327456115345,0.8854583743573876,0.5292711485774475,-1.4980444162505093,-0.3567762293860594,-0.5859652090169406
0.15486287390034362,0.34693292939440684,-0.0026410235874528855,-0.1880873156271593,0.7518659968083429,0.34160775078649036,-0.6569209545156446,1.6604955160559876,1.4785108217493674
0.9563014859404357,-0.5093949804994105,-1.0556471700615333,1.434457341576663,-0.575337444859674,-0.17232970789200003,0.1052327935646347,-3.4722401738706568,-0.6719844914808589
0.08654457769250472,1.103991863055557,-0.027331054062983026,-1.0629689342844781,-0.04605495850790484,-0.8312504999867555,-0.3315620476906349,-0.004744174404017653,-0.5466295336210663
1.3625552260873888,0.39332480942571174,-0.08446489245262513,-0.18902584576518017,0.5339308110374242,3.4659760216599196,-0.25641277807097757,-0.2004967079198846,-0.10025144232027747
-1.945916724437817,4.475854816386017,0.047691354669597855,-0.33289513085828865,-0.9251869445389042,0.18685773748116677,0.9464084132883958,0.9195458737987174,0.3553994718905848
-0.158713819463247,1.9069272531265424,-0.5729581427921882,-1.351319034801417,0.6293682580373181,0.16035399273751058,0.03082601095212113,0.7547675386935078,-0.46578843494194216
0.21199782113649504,-2.2263948347185116,0.2982674477283391,-0.002431103117413804,-0.3991320586262932,-0.4290981164333144,2.2893532509329257,-0.40206595104557324,-3.5236070698457387
1.94543394849146,-0.033669854266887955,-0.32187152383607387,-1.3813869833184944,0.18769632124947616,0.5361113621908278,-1.3659618934956244,0.24489114051941405,0.06035470293802276
0.721744755144165,0.6296805465234834,1.4344271158424111,0.47515536892137206,0.12841641209240898,0.7221993566443661,0.7774026248875205,0.5626402212331555,0.0334659643896351
0.5236271082233879,-0.5463710085930691,2.268239701839389,-0.01938754605044737,0.09002068852399654,-0.09635726636139534,1.7011122613061616,-0.5931203059013744,-0.8667634564377034
0.522513617711878,-1.1778533091857522,-0.15711718911762118,0.032106832332648355,-0.23361742283496778,-1.9329649236051927,0.26055637845862495,-0.07064713581270839,0.5140812915718791
0.3992166441967854,0.1101863327295368,0.9849179451534832,0.7826441608979888,-0.781103062208763,0.8586375711593309,0.20395799117132432,-0.24202815970058747,-0.6859316631034004
-1.058547377094888,-0.5711009393338994,-0.4725504033893304,-1.1071699860060196,-0.2782210268516442,1.115062436345515,0.6134675895285688,-0.422562318412151,-1.0190399210480845
-0.03248551927210016,1.9628488523400167,-0.7219277606941611,-0.15704195550561809,-0.05266356725885587,0.013582408948368586,-0.3977551039392947,-2.3286208325624633,0.5092258768650887
-0.13263205595037317,-1.5875769855339386,2.1833126251855894,0.7210017746199056,-0.6307480304973471,-1.4136244695626168,-1.3110344575415736,1.3925821929678883,0.5502176990950393
0.08746891617780628,0.1418103955874329,0.3427162298603184,-0.5046800286398907,2.943363751618286,2.3207567900157833,-0.47871080936790783,0.835167210186998,1.064620616588711
0.8121947764303553,0.5528481018394779,-0.3088114121139512,0.014986908849186244,0.5890566222257808,-0.02289866599092985,-0.6287352206632002,-0.18283332371590527,-0.429882861280519
0.8493794529140366,-0.6791212814531173,2.5850323642309783,1.0545284158677384,0.0547259159958026,0.16954661337302598,-0.004058835357762009,0.01763644751976578,0.027685732971397814
0.7025726168782853,0.2486357316702752,-0.024797306916723764,0.18612934860681854,1.863824612916211,2.382316306043283,0.9784411325939806,0.09335976770544899,-1.2912278070354402
-0.6861023571261625,-0.3009252992780089,-0.09122031667548425,1.1845134732560807,-0.17679492172889189,0.3314948593183822,-0.5006037316930858,0.46334049260088206,-0.07797495960237134
0.42008302064401465,0.72642650505233,-0.3401501457148684,-2.54651180822359,1.3085204815738862,-0.2424904060708675,0.8396027934839191,-0.8449678214094719,0.38359408462980893
-0.22091419264100257,0.1328060423736565,-0.21838236180001186,-0.491004376719244,-0.4992788181080839,0.06966995810305558,0.052166986769659585,-0.13902723466425831,-0.3631546655937729
0.11607412237807277,0.2164326073897672,1.6415660946704813,0.4815066011166775,0.08978582275244236,-1.4761637426449197,0.040356434540645185,0.275420290621608,1.89945733056644
0.17340786433705527,-0.14666348547265468,-0.8289385969744065,1.3423836558504738,-1.0255055750149427,-0.18307769319666134,1.5946186554849304,0.8456262575190036,0.22138906958209387
1.2180543035254452,-0.12895532912871782,-0.012904329828867845,1.003768818476725,0.1974329980139671,-0.3041309010015959,1.1806200608357402,-0.04458462227321179,-0.09233334734454869
1.4989581752866596,0.1168217060591234,1.8698710190295225,-0.5849068354845993,-2.011629604916048,0.2778653667031541,0.03919099246966016,0.48199916830729395,0.5614354388394212
-0.05473300201041314,0.20453459961756626,-0.29914577330119946,0.8335141929317919,0.057299021759610234,0.22204767022870722,1.1695088717860358,-0.6513452163531606,-0.03552145730365431
-1.6992901265442482,-0.4561361756019354,-0.4900590312716764,-0.9424742787159962,-0.3301404240545281,-0.4867779718684929,0.7077783368746051,2.9911223547514205,-0.18745777756184254
2.224918391355897,1.0163542619644634,0.43634119442877217,1.3906525798243417,-0.6921378334211921,-0.29512940873465265,1.3919551918219548,0.05856839507900161,-0.6011998378785072
-0.3669171631199983,-1.1190469422847016,0.4140498270899649,0.08065338930646195,-0.9154707306701773,-0.5225991312344199,0.6248752199503814,-0.2269301457052909,-0.5538720248076657
1.1684886631528348,-0.43457544874622894,0.3645062142382038,-1.4582392999055453,0.049002387584976576,0.3626526658081918,-0.3084829803369271,0.6544230144539774,-3.4406414987858485
0.16139217465440053,-3.0654241269211235,-0.07856307419638013,0.3924718640735693,0.07948086674446687,-0.4070743890797259,-2.6881678093619428,0.6396478777808864,0.6359115216146415
2.0953303681613367,-0.33443682879297587,1.7345363717813633,-0.39193951601161886,-0.5601200529659153,-0.5162541358077454,-0.027510470309916806,0.1749166637433177,-0.043843504134108174
-0.27166236636976854,-1.0274175501793068,-0.8656543795501919,1.590904829880652,-0.02983728781258759,-0.22135030669898878,-0.16617604170885036,0.1983213848415949,0.07117368393706772
-0.09849426903857063,-0.29625184421073175,0.7211890616110875,-0.8787737387036424,-1.0753174710056128,-0.08676335630833222,-0.32141925804941807,-2.481732910165503,-2.0496675348109847
-0.3423646210752894,-0.2142802718049848,0.024070442124706538,0.9238614866070892,-0.694937548983279,1.5050306778080986,0.5866257908248913,0.43906013425178425,-0.19873378900126953
0.2927107039672974,-0.5867881104667695,0.461030410296731,0.7090225395619459,1.3617007816026847,2.0193746918917856,-1.0431495529832362,0.2749098530253983,-0.09053764097991841
-0.6317623308335439,-0.9419657396894087,1.1522340206475015,1.6081414551549404,0.6165979531014059,-0.5990542729818016,-1.5898288578532682,0.09786887637730238,0.48880927098772653
1.3040698065616596,-0.37443355701822567,-0.07363223172766052,-1.4842581005105988,-0.7640746365868931,0.32525359215917504,0.08969016881880369,-0.22596776819228398,-3.165661051379123
-1.597190922826348,-0.5104019204165384,0.5553635684243674,-1.9408356269709373,-0.055968485439958075,0.6766633705033204,0.33264719720159647,-2.790835153421762,0.1772793429031907
0.24834971715773405,1.3770260358148343,-0.05180385325388009,-0.021881867695864556,0.32382628478580305,0.26469589144938266,0.5562478751744221,-0.7016519320150818,2.7816040851588815
0.021796296498126675,-0.5436381564627024,0.890766946245916,-0.8586320358099782,-0.12080751376702761,-0.415652062387293,-0.11721723065118946,-2.035605928857038,-1.8416999060105974
0.2921164846654122,0.043619569177927656,-0.34403477423772016,-1.7975462131251831,0.6855792540852564,0.9494129964705722,0.16715366517024824,-0.2062853261941586,0.8377201309026224
-0.847385477198534,-0.04864648947604409,-1.948286414664687,0.2854688298792086,0.6071714702975672,0.21439165790467624,-0.16529984417515725,-0.13732161326179518,-0.6529997971860897
0.3285123019935839,-1.9366908888381507,0.037998263966340026,0.01155137899980745,-0.30349054993639385,-0.22135485663306234,0.3818183742040674,-1.8400282309134564,-0.6515742734147297
0.16307127821257156,-0.41712831171553094,1.3968727639245757,0.5029942822424639,0.5356964208082199,0.04090133528201408,-0.5692411556012528,1.3290979924156088,1.0920493943334342
0.01395925543881855,-0.9442611369580058,-1.9565342539059956,0.378830686514082,0.3543307310108127,-1.5300784785850796,-0.06322108457868747,0.010442454299909813,-0.4313806365258653
0.879494940422655,-0.049823990605903326,-0.014672101074870806,0.8990245534323346,2.017076857732136,0.016448987507619424,0.07305209103459104,-1.352194360746022,0.8687511116744596
-0.05065238598879709,0.6297331310444998,-0.6368231987866553,-1.1734223356597442,-0.9655877406278661,2.113707950284603,1.0896623996200037,0.00743859323269826,1.220453019958636
0.29582418215591405,-0.4257838900802968,0.6571251693687932,0.39472550553952396,-0.5490650886303028,0.8868537482525436,0.005405210295624128,-0.8208078410230163,-0.7698085489635265
2.4303695115941713,0.4630277553651615,-0.6422946903601289,-0.5850168149178733,1.0970781089408532,-0.582842017420485,-0.7673692272557361,-0.8048693644733877,-0.1773634311277021
0.16818036691955532,-1.1848383409835872,0.5377185500446964,-0.602346440997827,-1.0167808142319559,0.12857880632872978,-0.30333837953209386,-0.08744400886768894,1.1960325479441252
1.0365930698537051,-0.8713461215921766,0.03929078514690081,-0.045103378789235704,-0.29597766366515466,-2.639223067172453,0.19717962158333188,-0.5683030152517502,0.11265638731024766
-0.3334442186882176,-0.6815473283608116,0.4088108510830209,0.13435109999392075,0.13046645377377544,0.781472929225869,0.006427689656180972,0.6229632515436319,-0.3745904796140419
-0.7113546034153693,0.22602836768918744,-0.7749280385662661,0.559357200980281,0.7955650561277016,-0.7779782533129218,-0.009509273994199152,-1.583007946371346,2.276686263930457
-0.022860120262247687,0.5111693683811801,1.1535015365504446,-1.8904764206565345,0.22222109339841511,0.1438505962739891,-0.6641846348545544,-2.012755447098171,-0.10626470785846916
0.25452326508035167,0.35692870354542705,-0.12575638073652032,-0.25495684083249437,1.2352372212659835,2.064238395943698,0.24929658799271098,-1.3899736031414538,1.2376470736718865
-0.20907496650775442,-0.20938013349934112,1.0381087187103197,-0.5266089977535986,-0.10715722835989659,-0.600033492822602,0.09464859542402349,-4.678198389104208,0.14493450287268872
0.9318642802034341,-0.1990500874583194,0.6145461557184737,0.2243608522829729,0.6850961507578215,0.015540833505624923,-2.2166475082921395,0.2857288489488419,-2.262550326490697
0.999958002767656,0.44114733140851353,-0.924232348759535,-0.9890744613879663,-1.0795238906596174,-0.056251694808134176,0.4956294165094429,0.4587361838118257,-0.05106549790035481
1.940195965968102,0.46561195319065457,-0.3003968158845205,-0.18343968074945888,1.2923797505629402,-0.2630254280168044,-0.6831278637657132,-0.9941869636278442,-0.0854516929683149
1.5019102311389927,0.1044269385323216,1.899748012227592,0.30823011594582583,-0.5620485658782854,0.2985597870431508,-0.8159102216735864,0.12860444004217797,2.532251749574667
-0.32931431240096304,0.6118003384619017,0.667973900056906,-1.0487076997681273,-0.9307113214035594,-1.0184656753427987,-1.1437016711646908,-0.25077493625960817,0.4459366254536915
0.7312019085120434,0.8665014913207212,0.13060593575845866,-0.7830474966692964,0.48136722047885616,0.3526132193531344,-0.8989657682255593,-0.8000498474533742,-1.1101985776429055
-0.47227712702449703,0.42320590277083786,1.2313046785163082,0.5014552517689576,-0.2839700054294906,-0.13947111886556188,-1.0684176784183994,0.37800159210374207,0.4712412281954746
-0.16746930576414068,-0.441737758551487,1.3898534687193345,0.2666713502167305,-0.6420029618293667,0.9754028059932313,0.4011643301326529,-0.7936005072441668,-0.5109338886501468
0.8734874758329211,4.715698257324192,1.1986475697971486,-0.44357549201151697,-0.8076445823432954,-0.1875798208041944,-0.04636968313243168,-1.3070638175714597,-0.7960550749358685
-1.0988689645250218,-0.8214771970425949,-1.5563398062851452,-1.384564062420968,-0.028870533958271802,-0.6077635060636013,1.9778975702917811,1.0171334935558365,-0.13980176083851079
0.9389207616412464,0.10741412292806019,0.1252742293226241,0.09361001572495509,0.6702479456583978,1.2248214847152872,0.49103612735120855,0.4796259339451133,0.8147392632832205
1.2018467244723947,-0.36169714351527665,0.9094180761092092,-0.6730872465216685,0.13277639516152334,-0.8605354249312781,-0.29710036922464816,0.8603967946689073,1.7997843056712337
1.2996844974667099,-0.7180582400658312,0.582442611027838,0.37610697339092364,2.093183740666104,0.5185565911236427,0.5771048745524837,0.13647747509584968,0.25373656980607856
-0.36537016464422245,-1.273890879448077,-0.00043183256959074067,0.7454190168279705,-0.7453832036220767,-0.5488720970124952,-0.24839424300755725,-2.528535373450348,1.681792901505437
-0.7478284197580162,-0.30279570459376104,0.04351733083952865,0.1405964781082429,0.6701558877404331,-0.2044093221532296,0.13933082768394658,2.4665061292641233,2.747609138883074
-2.6794137961544138,0.1422422284568153,-0.450620473415304,0.5048221210631794,-0.9937221919885046,-0.06571521336802041,-0.2144684819493693,1.0532918822977673,0.8889051213751463
0.05596117623543681,1.007298494039346,-0.5024957799937154,1.0300879411525903,-0.561392824687383,-0.003585263774124852,-0.31627848195045644,0.37328062610675494,-0.11331550276036031
0.6810232333891981,-0.16604264512324407,2.5599285464348855,0.10006339395329483,0.47326037695010464,-0.48637654123577556,1.9914782096571824,0.1653252810966712,0.5533180896353012
-0.014858665240088722,-0.44236780278944476,-0.4240038820686114,-0.7459961065390601,-0.6521061585948059,-0.8474271288766722,0.4446795754551007,0.22505044661527396,-0.43032502841926507
0.8815840568819712,0.20615437888876603,-0.6910395165093888,0.5761204808226349,-1.1413705839095614,-1.5174706607740682,0.036673545112699754,-3.265080867208032,-0.08757742321309994
0.4621034358835245,-0.043875575521880435,0.290019055317641,0.20954821444344446,-1.429492754871427,1.2221484860801781,0.5333852048478187,-1.2991195826588253,0.1840608174916943
-0.11800251936577803,-0.6299110227428489,-0.7343305900219449,0.14337629645698022,-1.3153059631080426,-0.29649783953194775,-0.07905571379060848,0.5053265685982324,0.004721632106460505
1.2488889887887107,-0.5120026758951726,-0.40325394891959065,0.03044439352787319,-1.527987488058329,0.9782342347290696,-0.14566764979164143,0.006025061851797521,-1.8017917487297517
0.6209052050523153,0.7201292205029736,1.8702605625142468,-1.5262318953067173,0.7795525607529347,-0.9060181962178555,1.688626371060345,1.068538998573057,-0.709813725989099
0.9715529571212125,0.6692149484237928,0.7075205556026817,0.24516364587440131,0.06633942090780605,-0.24592427219697494,-1.2705698324621797,-0.5125419247156282,-1.4382973789021205
-0.13374472975112353,1.0002135801015515,-1.4867153580089127,-2.257232295323431,-1.2255626847603343,1.0449433775364254,0.02834251433858526,0.5194646205771061,-0.5698970282740757
0.12554459542287758,-1.3859547447072182,-0.2919533636765589,2.034218288128493,0.2129860051764973,0.6349372350972573,-1.2951895705185137,0.05631918006344981,-1.3632694569485178
-0.8793876109325177,0.4804725388107274,0.950131787776271,1.1876847926096552,0.278664249931085,-0.1889368516730885,1.504398046615343,-0.9593126609108148,-0.28072655928167367
-0.008652167973141564,-0.03377622839153975,0.6930446405589207,-0.37959602806313997,-0.9444002730471699,-0.02904719124395172,-0.6663890396128286,0.46106746304461776,0.6627029298787813
1.2473770365629466,0.8207068536705253,0.07635040471535762,0.7894970601434566,-1.1772650934938336,-0.021562402159353285,-0.1990508234414285,0.304564397978403,0.3959126422908968
0.4156654381964252,0.8415132489205546,0.05911104495247544,0.15874353223259705,-0.4983971822119836,0.4148275137745205,0.0703659604829629,3.0788112082837724,0.2816626567010473
-0.1328251010811781,-0.302088927845289,-0.42754037961694485,0.20767003991009694,1.2564348982718432,-1.0996943306133005,-1.5192187756914302,-0.7287985440173341,-0.20900074655570697
-0.27963110642670025,-0.2770603882972359,-0.5651819652269503,0.3532043443144535,-0.2919441592976923,0.36433494936113126,0.040665310113929126,0.627756928649843,0.34644919713023836
0.15972579519818803,1.375601394275645,-0.2510849885448018,-0.05688833093469373,-0.5596603994157664,-1.510445118106411,-0.3284260056574122,0.9551823471221947,1.3382930158843234
0.18666737243973627,0.7345072741163778,1.1311946058044413,0.29350089498047716,2.959704895565434,-0.7698339473462397,-0.030731069853402092,-0.022382276103730676,0.775764500473509
0.890169353373068,-1.0908738913173759,3.338175440477327,-0.38431495328633974,0.159863604372911,0.6645973156997033,0.8293833786131993,0.6353722072567685,0.4142405593631951
-1.4496080580474415,3.126244451140387,1.2518706349330104,0.6263846177993638,-0.7995596973643516,0.6198732692455636,2.943988481992724,0.40367217660235094,-0.19048191167491327
-0.519416482294372,-0.37670997038004206,0.4116344025282877,-0.01642165551295999,-0.16570913908592458,-0.26448431558919944,0.26829141878151136,-0.24248026067438055,-0.09714003180845202
-0.27371006818205845,-0.24715704210716202,-0.22070894582655246,-0.5555514316466834,-0.12053083561538502,0.336717955153211,-0.32889091705154233,0.09928491076649722,-1.3068074863973917
-0.3245851165127027,-1.2919945267861723,-0.9394146526869027,0.8563750203904373,-0.044168803073918184,1.3360959278222055,-0.6359753139941743,0.04299364892271687,0.3119776619087636
-0.20387233087661444,-0.03882520412594058,-0.5042115926493652,1.0690263081375073,-0.0986837630650586,0.10817733484052644,-0.5376901574116427,-0.19161541707769328,0.3580510886151737
-0.6820888090534171,-0.9789738933512593,0.7891992933125208,0.9884809154922716,-0.5945961292214363,-0.45595402684216985,0.6274984202117826,0.7605768202012884,-0.9869803557910816
-0.46316402671773566,1.0202576847474316,0.27576620391327716,-0.7078592532186242,-0.0334467285858751,-0.4423893364574854,0.3844211890208316,-0.5757868674670668,0.29785409730378565
0.011233129875175977,1.8533043964763543,0.243443777664337,3.5529283155564744,-0.06382404193736177,-1.2870197426629104,0.3081020271107742,-0.4544476818651022,0.09655627741473498
-0.4931249225251051,-0.39858883846319204,-1.5013143914284977,-0.7998530963301613,-1.2779121662415573,-0.3416860888163707,-0.7351514091069608,-0.0648690082510409,0.08980841997243205
0.3552757895646884,-0.2624211957511741,-1.5170163720211107,-0.2503436214409601,-0.7834562547612817,0.4076934195734189,-0.8093188428179732,-0.7926320494714167,-0.858914797140978
-0.4432514466628616,-1.012474534658594,-0.14608534849926688,0.18330261016699692,-0.8413158643329779,-0.029541598260995915,-0.9235247707907638,-1.1084093562558666,-0.48959595383109
-0.39934827900981495,-1.3012934456118197,-1.4820795917634597,-0.1066859958600478,0.536471153852144,0.02991765666938439,-3.8162252998625155,0.0742756036862363,0.46869770166487956
-0.08984301291880356,0.36012627991227913,-0.20061925197549998,0.957493224906814,-1.1682779328645754,0.9986565855624999,0.7509655249777761,-0.3608366283466063,0.08610024785525586
0.6123981691707675,-1.2490692402118944,-1.7814114126278207,2.291393510924631,-0.3580966769767635,0.958542301256636,-0.1992327117413794,-0.10432336054730042,0.3043902997356548
-1.814576884641751,-0.6655355890673907,-0.5289779490542195,-2.241938698439981,-0.4905803894119856,-0.973972674292201,-0.30228061627497976,-1.4767022552069324,-1.7702991292133352
0.49065161426482107,3.3462194895428814,1.1448130458021526,0.898648966292932,-0.11651340776465077,-0.1619713990591281,0.30067873976910775,-2.104400084963207,-0.4424145340691643
-2.2125417096933315,-1.8166024591679584,0.5693004373365368,1.5450505679092847,1.302984270449777,-0.16403693965596855,0.9142867482710264,0.14477321971817547,0.760151594820717
-1.1279056752044554,0.3781901179462566,0.9728433454652472,0.11668855637562837,0.7011111537193562,0.8133136015230428,0.9911383344371586,0.5431039162410028,1.0178794810108707
0.27306101859774207,0.8143768004226902,-0.2437499056709778,-0.8610003179260843,-0.6451998905078151,-0.2411672478064525,-0.3779849149087052,-0.7888820939510119,-0.06563133593034241
0.5813067379287282,0.166940448325174,-0.13829007831915385,-2.8864943372757756,2.0795165224211662,0.06463379323114106,0.1258367458017053,0.9161104947698456,-0.829268255739641
0.041582196158534146,-0.7708799565397688,0.5128282299564153,0.56148731216976,-2.415470302880055,-0.08315362442748123,-1.1255706434599464,-0.9479446543198372,0.9124280010868938
0.2648918916814463,0.13394520550347733,-0.8970046422067599,2.5819463573219847,-0.5727577202969821,0.4694639956728653,-1.0941777751343271,-2.2056329098778003,0.46972318408551844
-0.0006297350701730577,0.41421894931002795,0.6880643375764754,0.1766704561186959,0.1903001935772362,-0.552684108127448,-0.30661600763923286,0.0068923171279821,1.3208386405931989
-1.75670145819095,-0.8576976944618133,-0.06650501819372229,-0.3331148476098105,-1.5173186282782052,-3.5591830769537927,-0.12993020602794442,-4.568746499731501,0.7378319888876113
0.07533139895619853,-1.233790950310125,0.6085053932526056,-0.6689080049225404,0.021482130170684597,1.4282410229009614,-0.3179793304738979,0.3956556121825094,2.6347665180764483
0.6016784041793668,0.6735871394543804,0.22038514170773726,0.07009124668288087,-0.5238176657407614,-0.2535001298667528,0.16450671788049848,1.1265390923870562,-1.1312497108469313
-0.25821721116379004,-0.21905769924948088,-0.13526669445568082,-1.6897502996574167,-1.0815533975124887,0.21870861597154453,0.4474490047772305,0.4177776019168353,0.17307582729906942
-0.5606888661036078,0.20816078392908222,-1.4191492569242354,0.042405776117137556,-2.3976610037080888,0.04539183549532386,-0.2834026740919464,-0.7840941941579626,-3.6466287056737485
0.7654492765234643,0.055068936923061425,-0.49931669807882023,-1.502493902937419,-0.08679994289492084,-0.394303168767525,-1.0817889796771025,-0.8460551521563868,0.26224249987914716
0.2624668837017148,-2.100424795430831,-0.4929567907809937,-0.8148725964514358,-0.00917801422853516,1.1324137506265648,-0.15213369252976136,-0.42753791073003505,0.029764923279009384
1.6156098992879249,-0.42545976830647353,-0.12356689286757169,-0.04036381003125296,1.2773681351902544,0.5128479345062958,-0.10801265362990721,-0.3458797981405914,0.15809585537986398
-0.3105580096083474,0.029123891164804364,0.03976802246297682,0.4514605354282174,-0.18463623105819904,0.4893755667358496,0.513483023337786,-1.4536952338897957,-0.9686525994879457
0.8363035832429262,1.042009503652503,-0.14055391888880997,0.13051706878874283,0.9457723209852735,2.024332119845656,-0.6839191459284327,0.9608814964417023,0.24362292335966876
-0.38403357049293513,0.2437863384846941,0.6590278174205407,-0.8184704198520016,-0.15934754119326314,-0.2561805423222404,-3.113164377256585,-1.3045545641389098,0.42306102353698505
0.12585328653443778,0.29313613297597996,-0.9373543299383569,-0.3400645837938547,1.1740065801986277,0.8213746664623922,-0.1385044131338058,0.5427395941149622,-0.9428509815214962
0.3417088435769431,0.46593736109909045,0.21476877992206836,0.2306091810055975,0.7409070242276763,1.0106665705279503,-0.05865566000967939,-0.3067946731782235,-1.9314221272213716
-0.3469537913374611,0.4709956640451121,0.12938338591660434,0.13659180282400085,0.09005252890406287,0.5480766781250915,-0.8895882673520873,0.2555194552505073,-0.028004045079145532
0.12760456575884443,-0.12951061402268818,0.6207905869721648,-0.30534883227711396,-0.04697366263728382,-1.3782071355671084,0.5367013562127082,1.131414138877505,1.3330213757106641
0.3069410401248522,0.9355722053746511,1.5378765930741474,-0.4578600227481542,-0.7539161659904795,-0.9189026879873518,-0.4242441552596376,1.5945838837000348,-1.0411263628824412
2.7157687450411743,0.6579110954104628,-0.04115394579882061,0.8641150175804316,-1.9520280866722077,1.5397402084162406,0.41750739020407507,0.627896365131533,-0.40080741452589086
-0.8625760592568188,-0.3875324794496171,-3.6202871625384687,-0.7320736483547332,2.495214610066019,-1.2737633121458114,-0.23421703482615178,-1.4411778430318463,-0.1998810743922506
1.7563224893226734,0.8757897071810815,0.4784769449986525,-0.8145244664212651,0.6358495747937306,0.24965413140149867,0.2915616861362645,-0.22462105540492583,1.3260282497843319
0.04460846637387049,-1.4909965471103095,-0.7338109229164319,1.9363184817067514,1.168064784194464,-0.04667642372855005,1.5662021271406597,1.558722523717976,0.5818237427998435
0.9641937731830353,-1.8029862312178742,-1.4260270948506983,-0.6786299556075753,-0.5256313787309448,-0.08945225855830843,0.7822429610714564,-0.6585223111449071,-0.20986314676968734
-0.03552395747245421,-0.850794474446698,-0.5001101517597233,-0.02989289215527558,-0.7334997103190664,1.448311468566014,-0.6427102947471997,1.4084407709137523,0.8778634260398978
0.09030017028327737,4.257540085251407,-0.05776910176102814,1.5999407340969103,-0.14286022590448597,-0.8447562433712885,-0.809314872437637,-2.3101723645572325,0.6804600036013889
0.028353714376637182,-1.3592158123672597,-1.1301435780795883,-0.5036923335049439,-0.30963614932231226,-0.03238580134031242,-0.5109269651791826,0.4786958022685626,0.2566545935995246
-0.48147435646932213,0.42931784263107664,2.954392287114092,2.728018101457241,-1.384014898632962,0.2972096243478726,0.2994412550640732,0.20700101301175194,0.3677477142891497
-0.36072939229365936,-0.8131559720916247,-0.9424833135081704,-1.5112963464619527,-0.39622836643974635,-1.2515511461663813,-0.3200582547926659,1.0328645330056838,0.036477277637461496
1.1905092444011407,0.21458001214211872,-0.6711217069959187,-0.15452794086914617,-0.12770309538729424,-1.2513165158927608,0.5002857469337639,-0.4013498736361012,0.24228071824297492
-0.32885297615039055,0.16181306772766,1.41433060893985,0.21470524541981392,-0.06788612141309049,3.6868196997585656,-0.2238952061057137,-0.840580627784036,1.2884805539070154
0.5966184033109057,-0.618875527832011,1.1202523624386265,0.9238135221944058,0.7504939054724514,-1.1488663071713605,-2.3500574694035037,0.8285354729687043,-0.33736670798976326
-2.1795333196454654,0.014731106103273578,-0.9147668737051476,-0.20352357389768067,1.6625401472580226,2.4508152680199227,-0.019491476788282176,1.9331149604783027,2.2364925425433806
-0.02510169683977849,-0.8280687298353577,2.043050037560906,0.6583859980636442,-0.07530441049854844,0.7487196068505152,0.5625831032322316,0.87646492528483,-0.12420412777696276
1.0179987587986634,1.236097580782067,-0.7213420616970415,0.43780981340473296,0.3623768597657452,-1.1579754606524886,0.06328088933831678,1.0887858769551437,-0.1835436373202734
0.7340568817200842,-2.322403773941951,3.001041229733732,-0.5599186857737044,-0.35462212685594857,-2.07442341194814,-0.07204590106583314,-0.2240081608511158,-0.04167309924501848
0.4182061571819355,0.49120159464650004,-0.5910292663172799,1.0520394090263168,1.8864930599563465,0.20583252112474254,-0.27051782491086734,-0.9412735976465074,0.8835097377159317
0.34993149720208555,-0.59979459817671,0.8515827093136216,0.11184721471232656,-0.3411748800755855,-0.39652122697829506,1.4598355226981876,-0.44297103010609146,-1.0991103680763286
0.7744191358289819,-0.19888602613256193,-0.09767930288459867,-0.13341116664854488,0.2042876092253621,0.47605068077966894,0.01935667323846404,-1.3520741927475919,-0.10185816669599194
-1.9131302859217572,-0.01317532533159185,1.3848601600945356,-0.23811732600356933,0.3733287572444213,-0.5114220282978953,-0.15828329479347142,-0.9447967828914109,-0.5715708655923479
0.09298259497626142,-0.4165661450295148,0.011927386597496512,-1.460789430165833,0.14792851523130568,-0.29776184941596473,0.07552148605209315,0.3130639516844096,0.11296732840860986
0.5080985643268013,-1.7535766612000767,-0.16110912396771637,0.38888591943237466,1.5896503686977506,-1.4339168737613415,-0.22421317009360445,0.1886797262629637,-0.816232704023021
0.3559382525904314,-0.3137139526877709,0.6299059647536362,0.8451316101586562,0.10064455020593258,-0.9812625232990422,0.7432616719849063,1.2136946447387424,-0.5844078042783168
-0.12367051217122153,-0.02377081403042686,-0.07401753351573163,-0.25647694808981936,-0.35364369736953866,1.2408782623607018,-1.6752394070796615,0.005717855333787849,-0.5382077016742054
0.17892687410540756,-0.4865710004478452,0.9609239835738492,0.4089459800643598,-1.915977002766128,-1.4209986663925818,-0.5584497612015479,-0.31042231648495594,1.4521844506011783
0.8926025837756555,-2.0503061013732293,0.0019364609217748419,0.36355800794496757,-0.7443801790488972,-0.10753552575097178,0.44258302273133404,0.15129340204351355,-0.4427733813306009
0.520324337067334,-1.0753738956297414,-1.9139827437452714,1.4678611628122358,-2.0177127338699283,-1.4287795039765487,-0.1540182969131705,-0.250502265869592,0.025942021783171728
0.8756474766661301,0.5506165680452861,-0.8860120471262256,0.46051679466360573,-2.3991076468375163,-0.7007898076806025,1.0191347601959853,-0.9980059302551703,0.9956528628022219
0.6733456475291385,2.1600710099929836,2.117637298236558,0.48680122645269763,0.1139008287966372,0.6049486370380919,1.01337007189247,-0.38681378498831825,-0.9891777586516497
0.0066094802154396245,0.48878391685066164,-0.41820440051384666,-1.6876627434914324,1.0749807715376472,-0.33309242422456237,0.31096899297981695,0.05428642381452324,-0.7304261276038473
-1.0519055703371545,1.2621550419299983,0.6471702686666572,0.43278953113401025,-1.1905603041850121,-0.942687370256783,-0.45671650711022527,-0.5004554908908039,2.3931317384592656
0.32255349249914284,-0.16257341585111576,-0.9430227732528872,0.7444442840041925,-0.383370669401445,0.5857497704169019,0.24614856824614756,1.0381750475527347,0.5199792934539786
-0.09751955720663084,-0.5462821712240833,0.27228814159120934,0.19073845338855192,0.4499382956496121,-1.470510367162372,-0.3185323722495103,3.0574135525779282,-0.8977333070911565
-0.33581743448370055,-0.6744985591438557,0.5918352823144445,0.004228234496210952,0.08718632913030941,-1.32316876783156,0.11161310051290778,-1.3568365555830917,-0.877946236452974
0.6114927352066654,0.4795887296632243,0.006593830634292824,1.8198013607282637,0.9643815148045691,0.6842540971190966,-1.3530820263464558,1.4988597033093478,0.36822336777703657
0.5890726507232751,-1.42182902614945,0.06807643764645599,-1.2112576523228198,0.12472328918091051,-0.6602945153621438,-0.31870983539799397,0.4252829625732567,3.2390659771093078
-0.1578285059341767,0.43902947665840786,-0.22752231890823207,2.459534464188246,0.8904833989148754,-0.00032457045309381067,0.8624476176028503,0.7496338734507677,-1.1175095295608923
0.08645652168522072,-2.482224287401319,-0.020737920370670907,-0.45536137993052184,-2.421819561012561,-1.4863669101808208,-0.5391649592370199,0.4727499232929793,-0.06672983062332026
0.45157809234159374,0.28277637522960203,0.2551090361958114,-0.23088023713141748,0.008039891584197411,-2.262361870525782,0.711972175753934,1.4980541640681961,-0.32893198382939576
0.14755098997338037,1.1439472320157955,0.547575644369705,0.11657880886037217,0.6978604000126785,0.24376798594253515,-0.3482869749289946,-0.4350583105031486,0.6095141449401448
-0.5408974563730536,-0.4229399102650883,-0.7398150328104421,0.40462630683135026,-0.17310335728318765,0.30383069820878206,1.4428735358012343,-1.3612144215167548,-0.017397182929778137
1.3391768750216755,0.11244066628956384,-0.32305205701514567,0.23217430254023397,-0.8692274428161304,-0.4943991020080324,-2.4422051946103287,-0.1309337842459712,-1.3430290305028796
-0.7014335416245547,0.35730146799215196,0.623434583569838,0.23965383660385292,-1.1655181357229456,0.6907225781028435,-0.39742631546125284,-2.238382717894843,0.3961753390132926
0.7233090658798771,-0.19900462899471924,0.38532770560155877,-1.1389812593591062,0.9729202220131259,0.6811003082443045,0.5047018881676906,-0.054886879327881666,-0.03374204184714511
-1.5088497851892615,0.6249939324455251,-0.2374322992821284,-0.19126706602705373,-0.49053772259205247,0.36375260235230594,0.7735064909647393,-2.064616949351683,-1.2029481438245841
-1.3389438732343593,0.004278474530485185,-0.05634414526359537,-0.6401085071912623,0.11116473360180922,-0.29700351523858026,-0.33143786215900284,0.29361775580417293,0.8722189432554789
0.1439931684406459,-2.4850670462853643,0.39326315948822105,0.17915209273466837,0.2712275691801804,-0.43362568762514986,0.9958928088522583,0.35640009694429403,-0.24495814237081634
0.19147236070853116,-0.0019245532849923512,0.10705098197826418,0.8140037353459625,-0.23656636459958486,-1.0172176182538468,0.4032786540128807,-0.34956742635538446,-0.03808454161119524
-0.02541396271082572,-1.227896490116338,-0.9728385891981257,-0.29981466310508575,0.10666360701233175,0.20875830225556766,1.4568578247615762,0.13268737418101445,0.7045237845788508
-0.9603695164931233,0.4290023713876319,0.4972860434353508,-0.06968400814441165,-0.37502180137786956,-0.6334565101406605,-0.18545362092828382,1.5854410879997027,-0.9075727908495949
-0.31066291513452965,0.2525391057062457,-1.7606305669754974,-0.7012045584289135,1.600577805906141,1.0689642959420333,0.011281788800499829,-0.8321345473617028,1.479588100832573
-0.791827071695729,0.5871839717457149,-0.09598303596776261,-0.014328532894431445,0.0811224332559215,-2.219984269666745,-1.4588725480533602,1.4188884882867907,-0.14767373333598208
0.07380170267992912,1.9373449682451582,-5.147017662390041,1.4496279267804324,0.07505275384034586,-0.049227933294316704,-0.2286650641340754,-0.45498828757273474,-0.23808822417613798
0.9515418336501893,0.24270682408316208,1.592677264495819,0.5166594468618185,0.07512086409872966,0.8952090151895907,-1.5567252741207656,-0.05548712456957158,-0.23088804410797634
-0.5172148516269707,0.02371238318165249,1.001122969018525,-0.43820620780671615,0.7502692897101731,-0.6749126899456126,-0.750115801409361,0.8333527731130118,-1.1102557232774797
-1.3726202806291168,-0.41546122932928814,-0.7015583702810306,-0.0016603316667348998,-0.4179610729752693,0.19659809371116937,0.9284812573014011,0.6092654758420527,0.30812117820542095
0.17754563303845983,-0.007873298601321587,0.3081830236179076,0.09789600315996297,0.4685202860670611,0.2223409954721345,0.24083362658743462,-2.561974793626072,0.7136621540458935
0.1786031679068388,0.1270824132728173,0.7604974825015376,-0.20373042419835644,-0.0193927933593807,1.3165300758743876,-1.560372009720137,0.007302069316629404,1.2465154084235537
0.7533115593217411,-1.426341430060186,0.43467278909835994,-0.14348140330383438,-0.06753654438880284,-0.27504552733660215,-0.31547830995652726,0.42277079357090014,0.895989284563979
0.6819644467443876,0.9713512332156877,0.6779540418317155,-0.4312776497735099,-0.27412730366511745,0.01636045913789425,0.5183291864865548,0.20851132705791756,0.265489934769857
0.434705112516834,0.4438726935332201,-0.6822874767357416,-1.195684324405695,-0.17849839381452068,-0.09173660632725665,-0.09555221040907293,0.8892505463549376,2.4619387923315457
-0.10734735478214216,0.2482685727199635,-0.7515602199445687,-0.4393763159781943,0.041347661632229395,-0.4249220664229594,-0.10389635821275424,2.4711923660679602,-1.3394840292282415
0.7092676250684015,-0.1721582955651188,-0.0075794396789734065,-0.8795385107176473,1.4746724083297358,-0.2762158473950866,0.19599638160960567,0.5818491643358343,-0.8863747647197853
-1.402726360656108,-0.12766482769862786,-0.27545476287299736,-0.15370983709296612,1.0004669151497365,1.2881688428660834,-0.7961799997910625,0.14351167136143633,0.40381308473785754
-0.6137879184111728,0.18968150624344107,1.2355642094303534,-1.7932556683854874,0.0713114684843242,0.031164462311142175,-0.11995148679554143,-0.13758264731188105,0.02802510032657672
-0.31393302349584384,0.1881943386679493,0.5172267257729715,-1.1298862340711084,-0.015710715366484367,-0.5145814697526323,-1.0012271634051797,-0.18684926496081683,-0.41152720649221325
-0.009477949376188868,-0.05960111263054874,-2.213333065587545,0.25086179920854723,0.12744301282638215,1.1581938008441608,0.6990134441635373,1.132068285388717,0.9017781174084044
-1.3821336024103084,1.172839501802841,-0.06750385328101866,-0.8640653493383627,0.7283438666881668,-1.4150594023624168,-0.0678886038095876,-0.35324592551400297,0.6334076756933791
-0.3222139754412144,-2.301658915154631,-0.674200781002784,-1.8729020492875081,0.27533926036261314,-1.252109990591101,0.8439827856333624,-0.8095561106244038,-0.43970110859423733
-0.013238425982773047,0.12812118716233029,-0.6960515766648097,-1.1805759880669506,2.087250417181926,-0.024774863075064456,0.6152531786130685,0.2792498906143607,0.631491170412099
0.2221607100362772,-0.28293826121806126,0.2534173623458148,1.4315294873948063,-0.6487842823762179,-1.2443344207744418,0.051681666977291284,-0.31006197163784105,-0.34399463845673567
-0.5473399612300797,-0.7813437191680451,0.42195303616692875,-0.4195343918543065,-0.4433761018001443,0.8441242690374047,0.2899195716038967,-0.5594679845998918,-2.0554615294584284
0.00907740688356455,3.9785643250638576,-0.28296299153339277,-0.29911420884308093,0.6663205373856935,-0.1396825877149191,1.0793694186003153,0.5858209627676366,-0.2427365694702898
-0.5303230962546444,0.8379547320005879,-0.17023639932895168,-0.6335279617173146,-0.9030994163979583,0.532530953457702,-0.685622862977029,-2.2897249991703323,1.2178170612476993
-1.1932558002482632,-0.300741865886595,-0.8613746102107773,1.2449434842001759,-0.1354841222956192,0.02672404633881674,-0.10950141367656814,-2.359813095091306,-0.9006244153313678
0.5638155318518462,-0.5313547882767101,0.13954055368597737,-1.2199821790805203,-0.05339614364621119,-0.039168122148245006,0.2887031747396383,1.176480552155714,0.007218014511213882
0.05653821203403864,-0.1792367501080735,-0.09172424008275774,0.10122214120044415,-0.32632978727193845,-0.12411712353304477,-0.17401763696356357,0.35212256833283434,0.5313603574007868
0.23616608261326785,-0.5942530746910427,-2.4217987483174097,-3.5994252966005966,2.639004316845692,0.2041452304662845,0.12476781267759056,0.6612513971410279,-0.4099196877250412
-2.9204046977565286,-0.9639562090152336,-0.81623252271885,0.20242948967414162,-0.1935955148754637,-0.14021841074611582,-1.495289291012916,-0.45105145641826516,0.22598474071206798
-0.6072308794528555,-0.21704090040434923,1.9643682267279747,-1.9812733187270928,0.35462614486313454,-0.07604001994044797,0.265514722120778,0.3179958917397799,-0.7580091227622208
0.6621592642568446,-0.48159381902344,-0.7043855292648276,-0.35562564051227397,-1.103786541113398,1.2364408166264613,0.7867256295925463,-1.8705432654066712,0.5660280401667453
2.0788043804673912,0.05894855954722656,-0.05807577316704878,-1.3307689457534475,-1.3542514156938257,-1.781960005921795,0.04129785853888461,0.07191370706140668,-0.9155808398890026
1.2646456586017862,0.015366647589858687,-1.3548662478376028,0.8802057463236501,-0.06734048742872319,0.10749871088144644,0.18335321436675645,0.6209195865044959,2.16720884006251
0.12770279432583556,0.21473239525680574,0.7475919029620186,-1.4777569415679304,0.12492896871485011,0.9702665299942175,-0.2616029850709888,-2.0119185296979167,-0.22740858662002475
-0.34035588892837804,-0.28849764722121635,1.1844473187590174,0.9995047942875008,-1.631402465852266,-1.5135798591840282,0.2535351185414107,-0.8062422545511525,1.1446271047350027
-0.40876295641421473,0.24342384542313458,1.531685331242592,0.44376135586708665,1.0768484616294367,0.8723249214870361,-1.1821565806064376,-0.4451663508498304,0.02726026385359337
-0.11538076860653972,0.24677804467573553,-1.5282178978289225,-0.1709477934015874,-0.2869418678754399,-1.2949294919536447,0.5064013088082171,-1.0462989905357152,1.711358354058773
-1.504212814122716,0.12961349141091985,-0.6257034674914234,2.252974607086245,-0.35274497346936956,-0.8376405485579058,-1.7269986793793721,1.9486784247809763,-0.819405281291861
-1.7405877331837758,0.3915904512227348,-1.9051514110066186,-1.2551616914768717,-1.63599828089163,-0.39229180540172753,-1.3380999871645918,-1.6975582042968054,0.23246262361569814
0.044045288895500086,-0.1860900890117021,0.5732268558457173,-0.6159923138228016,0.21472948899492356,0.03981600211142345,1.046579235592622,0.19244592185046377,0.27977338969341836
0.6575922077100603,-1.2169675114938703,0.06900880755177785,0.07286887578047917,-0.32356747714021894,0.007231126201230314,0.10640799554972225,1.042467189573822,0.5857756797509932
-1.457253112801749,0.8445762122791508,0.7666008793198503,-0.7663753048373799,-0.1773984842384062,0.025002246128195647,0.5251164973923031,-0.9460832670185751,-0.20220134765779757
1.2016339312551307,0.8611787542599195,-0.46160968392877083,-1.2487940764425158,-0.5757861940918668,-1.340559031663347,-0.3041637263317028,-0.18488792358999,0.3284440989659789
0.18753116772247796,0.4939348465941012,0.5995107288644775,-0.29473650186144196,0.04957662364616174,0.13128766109330667,0.4571621080550066,-0.3137654263421715,-0.0848873426686857
0.35900026285615033,0.4257049149760081,1.3174832151176317,3.7373977508382428,0.1636556589751736,0.06725283878308615,-2.175487285136589,-0.6669509930940836,0.8752129576816777
0.15879806274650682,-0.3613462188141907,-0.23696881416172053,-1.0238098561810827,1.6028905389731756,-0.5696264868885932,0.7771213508957199,0.575640196307639,0.27506276777555905
-0.7089525170773335,2.3218022806103225,0.47758539828870544,1.1685751125408081,0.6809506767852191,0.6705992506979718,-0.5636095987030186,1.0405297680347811,0.4441434123821882
-0.30351161730005416,0.3127625898337774,-0.7409390987887567,2.1910968218906923,0.44563710454406885,-0.09099054257648856,-1.8782918014856556,-0.4196404786438416,0.1728081907827159
0.3699179881751328,0.4170723011941597,0.33429119302416865,-1.0056401809454434,0.26883521664531235,1.4291924639952172,1.0075254066297519,0.5208302202326127,1.7358761329915489
-0.4449104648747069,0.09574792937115728,-0.5147500594352225,1.606251679401828,0.9412963455441563,-0.7764313509150492,-0.0009258913160965823,-1.12976277264867,1.166573737716573
-0.25585962553436176,-1.4035677496252654,0.07946916806719401,0.21816871384260744,-0.18736815803401055,-0.1927973044104824,-0.0003596207138184255,0.09883091104049169,-0.4858533459064951
1.0368617695793105,-0.6326549897685747,-1.1507885485223055,0.2096170945912711,1.340538066881463,0.9780465444092554,1.3968197346272182,-0.2389531390412143,0.333595860937327
0.07955283669813654,0.02455443156975779,-0.519738152032212,0.0911385872708246,0.181961833264879,1.04024001679932,-0.8502495937123711,-0.24330777297577616,-0.49930857303054627
-1.4122194735412055,-0.3056288795661209,-0.5930083406559896,0.13054378385340767,-1.0278856352572392,0.3239473467786182,0.7763138831967437,-0.8575959589946636,-0.6207371227906394
0.40413516022287854,0.2836513101616106,0.6195046091295927,-0.46274409427051955,3.4591168048822465,-0.05850911947544466,-0.27052390591972597,-0.2636080949130905,-2.3680252320950874
-0.6341149884893211,0.8892403846264934,0.49465887334157077,0.5013472894955294,-2.5495600760821233,0.08685773686585534,-0.5562828385660127,-3.015980509212631,-0.08490782393177396
-0.08793974946115855,1.8623286967456258,0.5902266182687641,0.569194631920357,0.36030490214309324,-0.505170706831543,0.030997775962746707,-0.03594416811778875,-0.4144460418002989
0.9307642888213973,-2.9826217158327597,-0.19005455028938575,-0.07582990932684881,0.661579484069922,-0.7215924083320873,-0.5993155851943132,-1.104194823259301,-0.43078028978023014
0.6338266992930198,0.7770744836127483,1.9770863426137397,0.2206972843328865,-0.2865400733655347,-0.9449899274627428,0.8599390888365696,-1.311008417580172,-0.03698063668436543
-0.472728343517247,-0.22046233776974164,0.8017169613258411,-0.22066110078291745,-0.7541585510176553,-0.8096405832454847,0.37913436908513526,0.4838654963130259,0.5652189271913606
-1.379356144743711,0.527430777096647,0.1386003545261066,0.1857157742213618,-1.2488338291541552,-0.028100161183429888,0.08428158265565094,-0.7718527253507724,-0.36014039664265357
0.3903123951676748,-0.5855210647922813,0.9126186031138824,0.9305242680022701,0.2902849877924411,-0.20256087436881148,-0.28672044423844484,-0.47192417957201493,-0.22315751589831462
-0.21314744718954148,0.44977857645791447,0.3026144226974853,-0.8598857827215708,-0.7195816385051169,-2.09981558196983,-0.98387808516044,0.22267900405175933,-0.5682963163048339
-1.8821949106546427,0.1981469847990573,-0.6359250565812438,0.029038640984361253,0.12046579035991702,0.4540495248165427,-0.22363668311849486,-0.7027528358166075,-0.10668697210393993
1.0158595058573627,-1.810760673230959,-1.3629182187286302,-0.4231954140374927,-0.2621142178508045,-0.041901594377556424,-0.5524053445581159,-0.6762773146339152,0.564397730202779
0.6304243632150678,-0.029373911757378728,-0.11628666476108844,-0.8734527503160766,1.3179638487210235,-0.5897757848150037,0.44860733793726776,-1.5488902130105349,-1.1461429269676207
-1.7064070656701842,-1.3502652291309576,-0.39983852024183253,0.15188609213992071,-0.32684833419523396,-0.15826764315298986,0.6486178961197936,1.4422780442076792,0.4348682659438283
0.4809845594536911,0.22124696822968176,-0.16825051757705975,-0.6046972888785414,-0.18800806310013454,-0.2728608139871563,0.6761529879772467,0.9038052692947215,-0.6278337138150024
0.9559124601816898,-0.35517601521284736,0.07558966975239546,-0.5125773877238579,0.8103168022222146,-0.12103919333255062,0.48407050422313347,1.2332357261507272,-0.8716397369889619
0.13344045458499873,-0.529251815423587,0.20321215797084563,-0.3109498373462061,0.329274945086386,-1.01978243245039,-0.14434605585892724,-0.08714490980191884,-2.1162821923307034
-0.5466979996561036,0.8493055481594719,0.06999918342351558,0.056540424515134254,-1.4229588471212566,-0.39131042950804135,-3.0547550082313037,-0.0858842077237505,0.11176545187244294
-0.04827124586556857,0.48276438128140053,0.1904949549717725,0.43826449777808907,-0.02008470368753035,1.2161170853615244,-0.5602462307172359,-3.1915888706120588,0.7839182816834429
-0.10850253633081262,-0.13530413418362555,-1.1173749595042541,0.47651438155765274,1.252284572212844,-0.4876768860718473,0.13641582332204036,0.02867143307080918,-0.44495367359572685
-1.3196125755514938,-1.0810537124642727,0.7430017812837185,0.42274006385435237,0.6634837537683361,-0.7884240126687151,-0.3547139554294715,-0.48670928544894954,-0.24020400731959363
-1.701692241918866,-0.050546885548625714,-1.4933241700264,0.8630072381098624,-3.1896778882243084,-2.153948606852033,-2.3122387717706907,0.6559113082794831,-0.8998911728585476
-0.9829586087282055,2.540058571097699,-0.16353549991442973,-1.9948346807467632,-0.8267089505078775,0.0024626885110699418,-0.5143269574864366,-0.058662904035519166,-0.07841627054701529
-0.005141743808705473,3.3682066062507032,0.008308236261305937,0.7808466633126308,-0.8236457105345386,0.06635523999697146,0.6619447927894021,-0.37427396833459875,0.23657420998923934
0.3839565731739512,0.19417117957291555,0.2875113127127896,0.7322941007778845,0.0059641173416376736,0.6170019459042666,-0.26025964847492783,-0.5101709074254328,0.2393256546730047
0.10533965537932577,-0.2647490131996125,-0.512647594698168,-0.2594803371807994,-0.31893269306247535,1.3885973773164846,-0.3345768509664964,0.16068266417731947,-0.018105471450933858
-0.3543706249205918,-0.4323779877898109,1.2016702012643554,0.3320788735614042,0.8583701865826141,-1.197068173444493,0.1545678828798443,-0.2974719085193784,-1.1531958902933082
-2.8749356560718957,0.5452951366824947,1.158202589049983,0.6004627303028446,0.29415101943496685,-0.87326456509237,-1.7341131576916868,-0.3541489350289699,-0.08472615687403194
-0.7881011662515436,1.173464679670786,-0.33566696484352965,-0.31289369226649844,0.33691124081200907,0.03217943497236963,0.3770063194119337,-0.10505868544708596,-1.4032645185097765
1.590427693154534,-0.30627605394788865,0.11910617320876925,-1.1892674749642997,0.965355236773222,0.04471224103132736,0.4508850748741457,1.6648921663557417,1.0742932402531267
0.3677900616381905,1.5627677495613463,1.9507011630234066,1.2245351734058383,-0.1318698346649671,-0.9166097727460986,1.6591270516588181,0.11542237183251641,0.2249912142507944
0.23857357216077218,0.06194614737871115,0.3745749751080751,-0.8595692451267976,-0.4033430577297465,0.4863070237700724,0.5921908058407345,0.39279640254057474,-2.058833622886736
-1.923237444266892,-0.3496395938738915,-5.65450428063575,-0.7779242688323539,0.25118725060197694,-1.3324120795385777,-0.25123912873081744,0.5856885472478537,0.2941037944514103
1.4830968129419388,0.30902589855182944,0.5507979073161958,-0.9885107879284681,-3.0089182450363796,1.6416031790396526,0.3723908329288805,0.8659277038226421,0.008761851558515901
0.1481693901565822,1.2587526240465348,-0.48968756526398227,0.4421581873063415,0.012156684248527753,-1.1379227851409037,-0.14374692832811228,0.8602443120966131,-1.1776660373548116
0.8332795754002388,-0.24942597616054846,-0.09107392587927148,-0.1324312407287482,-0.6125965799508816,1.428930631504,0.4910825461757063,0.8231799361116521,0.6933333475249092
-0.6463355173393113,-1.5140671846965998,0.38226569065733357,-0.3100228788963503,-0.027557012783346557,-0.36439350790638586,0.04605830985549613,-0.48100188479990497,0.11570740984689896
0.09987737779295473,-0.3207056717836806,0.14775938310293768,1.2548129252719893,-0.09917819605290928,0.3041937414563193,0.1616829220565995,-0.2594329794671911,0.28842595427288886
-0.5713781334813656,-0.6436373829306098,-0.011564691296668057,-0.802284667563536,-0.1322053798963775,-1.6345511692188626,4.888503877023061,-0.688090138575514,-1.4030179083405063
0.5349073889652703,0.5238474218679836,0.24945319412479539,-1.089937277764281,-3.9933736911307722,0.9268167749475509,0.2805386813509861,-1.2915303582156796,0.3282962333336444
0.3097676304254223,0.5046938457186948,0.6097173429417719,0.03683085397741246,2.0542003858169773,-0.3258583289639635,0.20326744243516778,0.03943425258012122,-1.7104223973922257
1.2720945786875573,0.2558844520602216,-1.0669857104274951,-0.18510694313817389,-1.7283051189303569,-0.6662043112375574,0.64548856190618,0.4250481689074093,1.691246028800967
0.061365964576769745,0.5948644717394914,0.061869456814736046,-0.2967210956546229,1.4221942025074241,0.21525563001683595,1.2696157209095817,1.5455229057315991,-0.6941385304892368
1.0886810230144752,0.07132377627627069,-0.6640395146300362,-1.5017054385031194,0.010767832874843076,-0.24153233407193408,-0.12066445489786615,-0.1745862019882795,0.07655022051293853
-0.6142894376169957,-0.5459811146815156,0.02105997874352439,-0.4852250134862403,0.09203382845945048,0.3097894681043595,1.0855685963598394,0.24066197409292797,1.9403889969783874
1.0307846218346395,-1.3518888479128637,0.3732020816757429,0.9706306578786728,1.7132416474046863,-0.12574120240155176,-0.03979200710883584,0.09631528359135984,0.04303408615795856
-2.0758077762949236,-0.056529980003995665,2.1153351012662873,-1.768499945609126,0.033622263652867614,0.5581223149613012,0.008452394527979846,0.18385562946736228,-0.6556584344444049
0.6708755301324026,-0.6370555335195616,0.03667116676587124,-0.13435589520329705,-0.6885685831918935,-0.5702564726934809,-0.43257021160085307,0.16165944117037936,0.25001618512474044
-0.805931656737152,-0.00524911146300892,0.09610715973354543,-0.7661956128516313,0.01733912559934691,-0.9914381777409801,1.0489869843753594,0.6527371269100689,0.06877783087546241
2.179408394648735,0.8432292152802876,-0.08688534319632953,-0.13025427137247567,-0.04063958369073096,-0.5150313297388673,0.9162949935066382,-0.06384027149383907,0.3819136708666764
-0.5299610830337826,0.46805490561970875,-0.058777126169981674,1.5617951362232865,-0.1586202196149973,-0.8370336741601972,0.23183168322535566,-0.9012844375070984,-0.2412562554619782
-1.6428344015624068,-2.4438949513456283,-0.8882296518933834,0.525690668054901,-0.7221010784196493,4.67918851585647,-0.4249063629615984,0.26870176137939167,-0.2702232701117179
0.33307177192731857,-1.1574218351766548,0.06581067936748661,-0.9827961608646734,-0.03474185960042239,-0.2740939551299832,2.0479247850258044,-1.373938538110207,0.2262942590813925
0.30185295368123294,0.08421225577126314,0.790941670371329,-0.35369906945613655,2.5801484434584236,0.36448214455128086,0.14174976888151433,0.08497450557930836,0.3034460344033858
-0.21757522073947774,-0.12486722820377108,-0.09810943771487349,-0.5234921684025771,0.15827950230115248,0.30395631850775706,-0.17102853765717446,-1.5221031766407316,0.567379106485752
-0.39316431550401854,0.18567000720361324,-0.0748622036884933,-0.1522637109381091,1.033813118272931,0.36054478706836784,1.7062518979235797,-0.7337929293147833,-0.037865580127438514
-0.04904758988189936,-0.356888508759956,-0.6661938118097755,0.791416191384685,1.719511274275587,0.7335325439075857,0.33535291060023326,-0.6033752569079812,0.3904361246158412
0.6389496649629047,0.6579845962449394,0.5620532034602427,-1.562720628772748,0.25503290311142635,0.1516913502414597,-0.485379005154416,-0.5833669321402707,0.5912377537105415
-0.07950014196263407,-0.3777572489336582,0.09440654363413148,-2.1733365390304202,-0.7023561806029243,-0.8596467526424767,0.18782714281873714,0.5842913368282462,-1.0305981225776706
-0.4420338277884086,1.5137066457369905,0.11001256365965374,0.8091997200993939,-0.43475980560367883,0.1502329633991876,-0.3019899745893923,0.8090505429938312,-0.3146035247910171
1.1206523618426754,0.5796413609562306,0.1494160909110854,-0.6626161553620151,-0.827424742803743,0.2964653956331744,0.11560824020873459,1.5782426683488993,0.5051071269374443
-0.2919949834534522,-1.3422175266666259,-0.2751719215966732,-0.18927457577837678,1.287117344139355,-0.014196249696682225,0.12063091253339474,0.2839981967427195,0.2527612115430879
-0.4937746477568507,0.4990710174473002,-1.6983859488980664,0.43489853486127833,0.1231966726630634,-0.3568794162267717,-0.316824079676656,0.4359187315322821,-0.6109030262968088
-0.2748549514532145,0.2951727513323312,-0.8645879429822362,-0.13153416255442257,-0.56838631261369,-0.7109940323943524,-0.6483959558054603,-0.2553082566447602,1.5389934983746871
0.14172832398625504,-1.745802577825162,0.21694026290480967,1.0424540616627576,-1.5902577310453525,0.12614586424411,-2.104839223805192,-1.535908314211059,-0.22232477183708796
-0.17392906453068108,1.215817364056787,0.27297193120726054,-1.6025364661476373,1.418597751294088,-0.6609500887750175,0.06569597865406823,-0.013025440739124977,-0.45522688890241303
0.10727879193812273,-0.17950893049219357,-0.4146983127061169,0.4491142922426239,3.1262133861432444,0.09623477667554445,-0.711795575817318,-0.5151644131915573,-0.22712225565592142
-1.765123262383105,2.9423968272925833,1.0366943411811524,-0.30597300886508005,-0.010716721759073186,0.5805688709142302,1.2239556518535493,0.2622616351180592,2.4980672095137937
-2.717575936394052,0.04734688118462296,1.7991451005761407,0.7994649464330332,0.02701404286014787,0.7907913059112163,-1.553338675627629,-0.14368496671566594,-0.6971696884107128
-0.05094869669153858,0.0874616189150334,-0.2584642722470966,-0.10221911532353273,1.2156241242782138,0.11723771556696135,2.9793758028195896,0.10244112582428373,-0.16569948219829522
-0.872126468553664,-0.05241942855693603,-1.2084452584935912,0.7936404195694797,-0.5343744418280817,0.4640278594865785,0.29563175577253276,1.0762382013051666,1.3610286756778618
0.5347903223565166,-0.24985368701891297,-0.8577004356917265,-0.10717670587526622,-0.6242651447165611,1.0470173281702881,0.3148411145001996,1.0977638506203324,-1.8610663477615346
-1.3044729788488476,-0.024488837662553494,0.2469425528072807,-0.1454545172414072,0.7242441174824127,0.17457761587832932,1.765814597926909,1.4457488935866438,-0.8388984539308351
-0.9651929722470161,-0.06098645884547018,0.22452216098929453,0.3108622497738387,-0.38429116800984364,0.33596374655723515,-0.3226294157660693,-0.8153166644678617,-0.6595044390135487
0.13696952415560054,0.6261309491507343,-0.18221607755979527,1.0545231656511844,0.35749336692196326,1.9581723698004223,0.758914100190983,0.09208274118525983,0.7560798096712389
-0.39328978651596475,0.3733556915518333,-2.6798984471343825,0.7589363051725712,0.9150664672097274,0.22304206474133673,0.013210590015604817,-0.11514587465822342,0.333890556655084
-0.5968478674991515,1.1605071954874233,0.3192076427953144,0.9470467934190581,1.5420597543844612,1.3451600267857224,0.795110358412672,0.7356577526088196,-0.41268792936621
1.3284220006713665,1.1725527891155039,2.0231402985483307,-0.08145431574477231,1.3875081906022215,0.0855230153087518,-0.050437565279428144,-0.35626230989408164,-1.7531009937918218
0.663033476054407,0.04359938349933826,2.007038939409343,0.8521190422908421,0.4367500406332299,-0.16102582712529717,-0.23196502962842055,-0.4272487470902764,0.25994331299752543
1.6743688209616214,0.15841047906193437,1.599419203791405,-0.2171606657977868,-0.28989785851695454,1.646041000192982,-0.35340763118862367,-1.1606547582597153,1.2573913922027997
-0.03332058177929068,-0.12553328336866507,-1.2779998053264194,-0.7651470435829294,-1.529044804619917,0.038942209870179496,-0.41723384579470824,-0.43369460468575755,-0.36947632532054825
-0.3888764468942096,-1.7006140741836868,-0.022896345492441666,0.6196389784960572,0.00456271291988657,-1.195628487710299,0.6462651995435795,0.004871699397773767,-0.08170321017096757
5.281127557356256,-0.24894468688184251,-0.49088393590366514,0.3689419090891426,0.7983434239779927,-1.03794200869095,0.2501920336566706,-0.588840511054577,-1.2203674913053324
-0.9679044237894155,0.5439933946631551,-0.15377833506542365,-0.6646882462127346,0.5607256300534719,0.6418668460430531,2.110779879905324,-0.26860209487724634,-1.2627114632058576
1.1513953973772357,0.34386381671846433,0.17171712035701706,-0.1116155484745707,0.8787211899863336,0.015526722345428715,0.7040695252490559,-0.030505857614907202,-1.0120695271683502
1.4152717930642853,0.2872182201011461,0.16180095984276038,1.6560102058726582,-0.518096382692146,-0.6883527477426563,-0.77425867612812,-0.22519724336989896,-1.2078988380931832
0.48944372810711995,0.3553743850673101,1.9626067797122602,0.36070055893315356,-0.6638764800968687,0.23502975832418418,1.7304733777139947,-1.1335737909577202,0.5713412654942971
0.0990406370908327,-1.8925151447516284,-0.7545108284221171,-0.5074381909996913,-1.1602043375829922,-0.24526428677664838,1.085761944238507,-0.9231334282140363,0.07523774667843446
0.348084057714257,1.0957996526102503,0.18692967654565942,0.18481025926254271,-1.0497498063981348,-1.5117620646912295,0.6104897183881568,0.49211076025578876,-0.41838462323000253
0.024751776687666194,0.03600408048714124,-1.458761342625185,0.055081149837954195,-0.24149193471887384,0.7759075661814075,-0.5742530108911523,0.2181950157128829,0.731810060364538
0.1696634371196243,0.8220718657863639,0.38788140277789224,0.6833661642910637,-0.7626806524769629,-0.10022637307899233,0.6148896318497579,-0.23350515140164607,0.27290258394267586
1.9924505010317193,-0.49760142144242003,-1.2986771354431619,-0.8526186009955317,-0.9083886970049392,1.4579191128022828,0.33431712105650707,-0.18543700690363432,-0.4513062518655846
0.47740960820396716,1.0423508212144077,-1.1743993223202278,-2.2868938057132815,-0.27797868851042423,-1.7054716726158248,-2.0193107396945056,0.172483080500707,0.13279725113308158
0.3052086509155749,-0.6604088801134569,-0.9403866405824095,-2.0904372094019683,1.020440698420306,0.11967984287190782,-0.1684599619749672,1.0077843733748029,1.6046067669008734
-2.57585544411182,-0.6571028600974074,-0.5652249890010068,-2.8521479069009397,1.4315431147453719,-0.7518160737335767,-0.040066587259424045,0.5011561596565874,0.16337726358329957
1.1195450818640593,0.16136765341574008,-0.37965157358143165,-0.3689086658073327,0.007808270456259224,-0.09431630738852831,1.3312211926841804,-1.1483437744929714,0.05002743721156976
-0.12929982570153015,-0.9165176088732345,-0.005114187985695787,0.7016095379726578,0.13627285909431652,1.2947518783463756,0.15009487054757265,0.07963376352181924,-0.4450732066559341
1.7150750582220047,-0.31035764861764165,1.118235947740639,0.7815633994568127,-0.17759796941670675,-0.23249671677844738,-0.23932234807942088,-0.0347285976742839,-0.5373057237653096
0.5749746383704266,4.33458553779333,-0.6530453526194688,-1.8420712691285615,0.6612054885443438,1.1354572849742213,-1.7651325795111776,-0.047311103308801485,0.42736122322790626
1.6211279873891968,0.09439343756191512,0.19890083236887104,-2.0292035787324174,-0.32160251505944565,-2.2563605153482076,0.12922305967034056,-0.4509249625228012,1.80682903618667
0.8889045753568622,0.39199670598198827,0.5753817331624704,0.19338835362838833,0.3059708498770622,1.1338663145736405,-0.052310451532184415,-0.24056170360302292,-1.2186937009174412
0.49027864527070925,0.19318924881207683,2.078133878636032,1.8618261926121082,-0.40853874027474085,0.006807140115037088,0.46991762502779433,-0.8050491664514016,-0.7988812041752316
-0.19978664819920938,0.18173988759311424,0.3197947132574021,0.14764034710296586,0.6765586787510433,-1.0803941936508916,0.024919426121675158,2.039149867394556,-0.12042772311623749
0.27812454539062487,-0.22652520079164973,-0.010102131385926172,1.6556951564067308,0.17304427067451858,-0.7462931925619435,-1.8706868616943222,1.4484658264270958,-0.5112542724684861
-0.4209822724327646,-0.24932305238945046,-1.3126307439848168,-2.1873451753823723,-0.7706251015745387,-0.8091788878996002,0.09183458854331102,-0.15529760827275316,-0.6888669693488209
0.3529462307824321,-0.05710189022269087,-0.7106255423613747,-0.35137853454317214,-0.27611492398011483,1.7437755516866225,0.09651344272663553,0.36246431009546753,0.5418669066151378
0.8557250019296422,0.40172346355239347,-0.5332824442988748,-0.06712706324812222,0.0205680828639024,-0.7981626439150302,-0.5904468389955116,-1.3280057129125495,-1.445366233063643
-0.35361722637767656,0.45029783242470833,-1.7263318730853388,-0.9258778591260193,0.18383521832062852,-0.22252251721782712,1.0105694139355588,-0.027282128353102758,0.818238801654304
-0.4648532210855385,0.9484978914630972,0.42292371270089285,-0.2053588311614629,-1.1652641971317064,-2.5078413081245743,0.019331345484471855,0.9937607266968562,-0.17454306447316537
-0.3219860926095951,-0.30763412499463977,1.1509630504172508,1.651196320459623,-0.1405038585728455,-0.7990607426374166,-0.9991091715795133,-0.9292602408981864,0.3703977747835885
0.576280188062814,1.1437484160046731,0.947162838039675,-0.30332569042358115,0.025546557413404444,0.2560904336320147,0.35992756336799897,0.03674236016325481,0.4241040798399437
-1.695065386327143,1.3220801728397626,-0.11654353980817993,0.0831213739284651,0.3293999272079386,0.4259395025558202,3.0575318286123534,1.1875508949881313,1.0096162629235013
-0.0024037670541140112,0.1798774478459684,-0.46980380553210394,-0.21342858831171557,-2.932345711723328,0.12474442299287733,-0.3479023683340089,-0.7442943348174943,-2.032942650343929
-0.6641921760442434,0.07450462938688983,-0.12177770071852694,0.2758431459068642,0.3424850588710045,0.1078551712020376,0.660152665754381,1.0079062223612913,0.9844658551943893
0.2877750329426431,-0.6840529668924284,-0.3632642156851101,0.42170116689613213,0.36287435835154447,-0.08787612054721926,0.05110200388196701,-0.3621859796366615,0.5453689002977806
-1.208607419166814,0.058434381933466124,-0.29811188454197757,2.5563728049607035,0.43628824938902,0.22721859997159685,-0.5050019257294481,0.5888039271202897,-0.748938672655817
0.8006520512503563,0.8933257201631445,0.6415253503114364,-1.4343192627830808,0.30530358929855655,-0.11918557740608274,0.5613064939500044,-0.247939615732646,1.0481711210203941
-1.2160938738582043,0.5387649315095382,-0.1992360546701283,-1.8349958274744813,-0.3185730957357155,0.30347971117029177,-0.232699780654294,-3.654446413919545,-0.021933665333427405
0.018405240047445048,-1.0575457251599558,0.6753189732713408,-0.36461587802348483,0.21129240824272813,0.3982732579595073,0.43879675520196093,0.8239929707263539,-0.3872901931024483
1.2139579226046076,-1.8723701556713588,-0.253522998456346,2.1822917942376177,0.5707430965281982,0.1001768887673482,0.22059154693439267,0.05220098660986827,-0.17451216807831477
0.4592901536485719,0.23594689354357792,1.711823892103029,-3.250156859081118,0.18481204328378897,2.9570378965121917,-0.150470129625575,0.9671998955595061,1.0090288394735982
-1.2289868266635513,0.06970452596194424,3.7755647423247076,0.4912538557748652,0.8241450828094924,1.2870012926846461,-0.25193143316809,-0.467820742444645,0.005478331500728268
-0.37426091166011066,0.00923139258572004,-0.4252476130287252,-0.8605835336559208,-1.17859642792437,-0.2149732724123713,-0.3475229642602492,0.7948288553442027,2.6235595283787094
-0.012140325474620305,3.220217629252159,-1.0663075656885725,-0.1402301830729982,0.16167592873051526,-0.2503603580957571,0.45442329531374037,-0.3394596664650536,0.06429145584993176
-0.2893566095012946,0.5038729417339955,-0.06810181833316124,0.31138840700722487,-0.18151917153083666,-2.053366615526489,2.879062141539678,-0.09131007359049415,0.1655651296255199
0.026761775152675027,0.26471997570840144,1.673986217626211,0.28160942229323255,-0.9141495930579249,-0.9579668049610411,-0.35395607434935134,0.2698255015256012,1.5604137565650638
-1.829450618840148,1.055844899381044,-0.5630637810516206,-0.8031405173659321,-0.15193915065908256,0.3539406691159493,-0.48147374901641266,0.586535639554385,1.4409857434179802
0.13154997652922437,-0.6164822598543073,-0.26395113190613206,-1.678368677772718,0.1795080689261647,-0.10114599480627467,-0.14339773318543947,-0.035285692352951405,0.43289584047139046
0.8310069749785548,-0.2597828713075929,0.10520366462907603,-1.635224019537522,0.05426157533128093,-0.573593826082396,-0.46645343091497726,0.14507705518281686,-0.3240150405458919
0.19585918455218565,-0.9071867331088601,2.9980883756710783,-0.4615227201768971,0.14717592907522362,0.8971093195888777,0.7364379348223309,-0.5605267075529284,-1.1534689422246178
-0.38399794413275096,-0.27920999286861886,-0.8279583212610058,3.0715251162808075,-0.6471243977711869,-0.06164402186717221,-0.2403946407186034,0.23945159433271976,0.2398878599121488
0.22204258398370377,-1.140881735887985,-0.3469936799291528,0.9540219393089419,-0.5168566532379052,0.10471003019321032,-1.6284952277287077,0.33819836260767655,-0.1858533403196582
0.33296210765977224,-0.3845419818826522,0.9712730614640155,0.01659350348837269,0.08315470750777633,-1.345422453360803,0.35492670965770956,2.406802177360572,0.6209720966062983
1.1472144057325875,-0.02262795026218335,1.5913155497747262,-0.3026998213062348,-2.9822719486058418,1.2692021311396517,-0.25377271898511,1.6232656383666226,0.581090281375141
0.012078211319956822,0.48113034451363457,0.0012228457282305333,-0.07959218364962989,-0.20787233246996384,-0.12408098314316365,-0.5287442734758298,1.1202644186082253,-0.04636202258189669
-1.8518467487820025,-2.9115306895775017,-1.8429067066551765,1.4132826444103692,1.990257152907948,0.5329420394048795,0.33117779670107483,-0.041642014005880114,0.40449420290396865
-0.31490568387329665,0.17553280688547543,0.016763011607287676,-0.3674788837463076,0.15587441868395752,-0.02221570297369963,0.23310743948597426,-0.7839079420048898,0.4060718684676423
0.9968462759705843,0.12891247504723963,-0.04223069211916673,0.002073151196545523,1.1652830829389769,1.7011395377812204,0.9808675590445273,0.10453878353956877,0.1935722793658019
-0.019112645804850337,-0.6955965524891768,-2.2197777624711366,1.3656256335333659,0.15234683601291615,-0.08808165101683459,-0.23458019863646046,-2.6204525606248117,0.15427850232810242
-0.23256089297271645,-0.10935108588438147,-0.16228949006988705,1.787448822110358,-1.306450614391909,-0.328442633071092,1.0990035699197787,0.03437658095780723,-0.607318811119802
-0.16182417898052615,-0.9785354501704007,0.07691388976677424,-0.265113605236824,0.04559384500596898,1.1809688746012816,-0.29380496289039343,1.0368701205600663,-0.435782875054435
-0.2563916743109353,0.5034723996307732,0.04827935881665799,1.3438423687264747,0.39616211107326466,0.17951511315702437,-1.5887930292728574,0.13999559278463228,-0.25919925232723506
-0.2536602716574317,0.10736911077303006,0.01391427917434643,-0.2543613463248293,0.5292665139771904,-0.02800998618653326,1.6806983135492135,0.47269551639316026,0.766382602746944
-0.0771492790440229,0.4282687009620668,-0.5700545007134652,0.22275281966491292,0.8351946197794685,-0.24058286890188374,0.8956519992891128,-0.7271153102580874,0.07294232165771317
-1.1250669178339814,0.5861245914301981,0.3473190799329281,-0.5487029073594955,0.16338926014190433,0.801764351208873,-1.4370921107641532,0.38809039347766067,-0.4917271508466293
0.5881698616055149,0.3329775314609878,0.3462943822528106,-3.0930565364012574,-0.11756084252165379,0.1456637441490844,-0.09511244958109252,0.21969070027976392,0.3145459667713651
-0.18586070444667424,0.34573433894877587,-0.9554002197933348,0.16275447454823216,-1.470756127215292,-0.3529232444388196,0.48239360229232037,1.0147494593531603,0.8301306478677519
1.8768704796939415,2.235570930332101,0.8729551754836409,0.08590633833374736,0.9609075587094947,0.5968899200444099,0.7256531711462653,-2.2442003679128852,0.516595596918743
0.6842136820600138,-0.3911856347102501,0.13890051712699913,-0.875187715691936,1.56393525430026,-0.12962246785047907,0.09387027471613184,-2.0593480684582093,-0.5895245158872291
-0.1682554188607178,-0.1866988833842787,0.33918923070943796,-0.19591342229892275,0.7867562696027204,2.3269703231577505,-0.5916500159768369,-0.1750254428363149,0.021789221140780593
-0.22485904873953994,-1.00655915768117,0.21789479856866975,2.8788555981544404,0.04803545528825325,0.011078762125816082,0.141991022800543,0.6508142866451377,-0.17158979499872534
0.6059466332745845,-0.9368103281354722,-0.3547852762779019,-0.010129099223222335,-0.5169004720461373,0.13322336700783097,0.092344307395746,-0.5113715279121499,0.12935120761120117
0.06096172171341534,0.36422942237104516,1.5095436990781528,-0.9036848483801407,0.07798510114612568,-0.4974714035912092,-0.2874304156535558,0.38400390666507833,-0.037798522325029275
-0.02246536088546019,-3.1872198072565197,0.007716322434477195,-1.3671149466273667,-0.7769944750041095,0.011549648528403374,-0.8215982198320118,2.5723699233954878,-0.09154389451935262
0.19008176331934187,-0.2638193364530298,-0.5349025649768081,0.908114410622016,-0.5970699286726023,-0.2722218743002369,1.8617210807744948,0.34381646132255106,-0.03673834040472216
-0.01700182847057442,3.2731026766816904,-0.8593461891904,-0.6318536232232973,-2.681274980462005,0.5854027289050162,2.3179748992189593,2.7900672322961673,0.0358826243437776
1.1066011733248875,-0.2064442535294419,-5.244470455299221,0.8417196783189895,-0.0820277256568693,0.4921180184931216,1.9447663570096516,0.34481534766703525,-0.2330220385023445
-2.601688850317656,-1.3451016596410323,-0.04262625379462603,-0.8571158745752391,0.744252999907231,-0.29746487049658543,-0.38759916640241593,1.4485394149146902,-1.080912127549702
-0.3684485754939658,0.0697960483170467,0.09888105274966803,-0.1335685951735912,0.34388834382912276,0.11220624097823428,-0.4375422927862887,0.3773134550837013,0.04870750443359239
-0.07716884022778547,-0.010523743452610802,-0.5372829617497575,0.4434235339514927,-0.5572549698020325,-0.8864663374373044,0.040625924100364655,0.3332277458176849,-0.06239244885157545
-0.7421378182035082,0.16930627457524178,-2.8441382781249334,-1.0511224716819527,0.012552053245989812,0.19591823358781293,0.6207629248241366,0.4784972605870295,-0.8177918414443148
0.3805194212068148,0.021226367149255944,1.7791445812388575,-0.4480441643480038,1.4704340404305452,0.7467452313361282,0.7813253533621926,-0.6435847727163878,-0.1747656819241041
-0.7392653255529756,0.06817366231703803,-0.3321170108269727,-0.2527957311005571,0.6293165704724805,0.5513892619314038,-1.8150972087638677,0.5713946769459776,0.004267946760467528
0.45211247028759854,-2.774329407653312,-0.31215599373968245,-1.0262834541799395,-0.8328516348960449,0.4984794025365912,-0.2545819905969348,0.3043831239433573,-0.24079945303918013
1.322771342496919,-0.4886832402655623,2.227000994983966,-0.08601928183296466,-0.5506221805158265,2.118011850210365,-1.1671897876142534,0.5109049964898817,0.5995883665616946
-0.23923222656090506,0.6675948173391602,-1.192948697501728,-0.7892683135801789,0.13222176267325336,-0.3917554238267146,1.1235492880950817,1.061527644447055,-0.34345208631380564
-0.2538837206035352,-0.3762267056330414,-0.03421541993861278,-0.27157486454702306,-1.1110185611435526,-1.8615167537083497,-0.31116491730308415,0.8357825547594466,-0.7179614992247519
2.0850956987293348,-1.7536493105223079,0.5010314071680213,-1.9210143434501576,-0.026227349691544093,-0.3210611243781651,0.4073042248190318,0.6702614190475847,-0.8538672507816373
-2.4895532428592424,0.09435839402490223,-0.05315047791839894,-0.007832351541943115,-1.3648666255638027,-0.3358333490480497,2.0979777673887687,-0.3598293083972913,1.5054798054787892
-3.6311098799602477,0.7773788545610126,-0.45389933991226317,-0.2780397791835127,-0.6017303335623782,-0.028846673738243463,-0.29424279297506484,0.9615257141083287,-1.2705778263488252
-0.6300052579180908,-2.075108474941788,-1.1005107644163445,0.16941935782207898,-0.20183117578777635,-0.39327428430765043,-0.46100634885567077,0.46931418856682044,-0.3737628969890928
-0.2800600211665044,-1.5824023337300046,-0.19225766326231442,0.0950675914266186,0.4957063603541603,0.6856284425936879,0.5546680009548742,-0.1456519994148005,-0.2898111500529667
0.44233600891563696,0.1359826859617396,0.09308088207665158,-1.0136625287958685,0.19538797480792044,-0.6016405675772378,-0.749069265867597,-0.3636908401592253,2.069973972105883
0.35666385765940245,-0.21774494297988942,-0.6503187109060582,0.5640766944148267,-0.21027436595163346,0.8712738136355055,-0.05518894324704943,1.9440602590629894,-0.5204444708000213
0.5673079883607226,0.42053895899999016,-0.09601846141571024,-1.3684538187858442,-0.028441346139694814,-0.06547705765027177,-0.2844991768609026,0.870236168233661,-0.4657447077928315
-0.34010902578434427,-0.13229745916348828,-0.6015692032028922,0.3562304312595102,0.37577734292819903,0.07301388363761019,0.1455917948664675,0.9641114067814269,0.19845955419355993
-0.3027900183441726,-1.2662478036205602,1.544409127394866,-0.1239140001542066,0.3878486356515982,0.8316311558483229,-0.16981533096482995,0.006366502404057242,0.0005481534647631698
-1.1496661303369997,-1.0445501852399663,-0.15049993459525957,0.007753509175799749,1.6820505438266535,1.112073255620259,1.2666181934044216,0.7880416061621675,-0.6800347872300466
-0.05487779093855053,0.19911964529530474,-0.042871421395314024,-0.5493187584152595,-0.13658946393175098,0.47684180897197664,-0.3224186764204966,-3.802615729599638,-0.05819627038821681
-0.5449609830907249,-0.11607316815296374,0.30725358333425995,0.04207286083472437,0.1684537962365106,0.8928908149019495,-3.038747668709121,-1.2505319536660686,0.05748817948167803
1.4721602889461198,-0.2801663119138507,-1.8692042033727732,0.05663237552573028,-1.6341869531811462,-0.05845663118999628,0.8078560304939668,-2.730259689356049,-0.13051529953089783
0.1947903048955585,0.15788867776883972,0.9388049933152787,0.21821226941844543,-0.28626627763466017,-1.4252947894880332,0.2665246218389323,1.4004665632939073,0.9928371853768558
0.45008590297673373,-0.1686420504598667,0.23306501052907538,1.3423498712862625,-0.3752517697528927,0.17074795524812666,0.8381369719875919,1.1514171336457562,0.5738435524559922
3.6250371012743954,0.3691622836157165,0.32931073770935554,0.5980890401270512,0.5616520670977361,-3.436106408167435,-0.6090532502711188,1.5691266661329693,0.5424188060491973
-0.006016054610867327,1.4887716564656603,0.2752157684574528,0.5923621023664205,0.8537469537829281,-0.7644022309285976,-0.09451354816735918,-0.5088854989342011,0.02758867449215778
-0.11511954171525925,-0.7901404972186483,-1.2148253030486253,-0.2902752758287792,-0.9467979447437744,-0.30197146606407577,0.4855216101974615,0.35787017864046133,0.43194334741313634
0.5399150060099179,0.8645909617340405,0.8109969963764011,-1.0521511741430387,-0.2745292853632465,2.449109711929441,-0.043059951111816486,0.8948923485584258,-2.047656197754611
1.2762568069466707,0.18812585011140065,0.6584847761968048,0.6284135216420513,0.904303461262208,0.9582378638793134,2.2121122861206692,-0.9927373484175662,-1.662543772357607
-0.5715133729493844,0.7178790820691593,-0.4821661105350424,-0.5148442163937175,0.47973048448106553,-0.6533488555843024,0.8360228519030094,-0.8558939610950895,0.2116917082370044
0.1702481563292735,-0.28026852956071024,-2.028841723216413,-0.9538112663907571,-0.34027695093382254,-0.23583947595660615,-3.055256669767462,2.348377320779547,0.25291864305886347
1.3616215930576547,-1.2174070978041032,-0.23057421778490642,0.36605701262301615,-0.16786114664046184,-1.3618864334863074,-1.200539150963133,-3.3036618573088132,0.5770742946620583
-1.2767618500153979,0.7178974014614328,-0.118345349015459,-0.1705022135863292,0.46090293838171914,0.4292570659287323,-0.38090931543904233,0.30205868201073716,0.9209446827674049
-1.2442505416837601,-0.8423265685066686,-0.04451850248328008,-0.5690887166901151,0.003810263709930789,0.2685983603112292,-0.3350244095811184,1.7133777736922613,0.6301566048485422
0.061040010924128675,0.09915663929738876,-2.6782494310203804,-0.03141251542613752,-0.22245492057296756,-0.1023691979663674,1.0096258226289896,-0.8366735358923925,0.04418335701428605
-0.03965080313167556,-0.2687840123718786,-1.462507528239242,1.2655789288521437,-1.4960956812657473,0.2020304481194398,0.4899019073301292,-1.2658275915897372,1.8317396365069591
-0.27508435052247826,0.9402846892176868,-0.24743944726113917,-0.2986449378357664,1.8668330697587359,-0.7858032854822045,-0.01774544508795886,0.14567191067889376,-0.49935116474272984
2.345883409800062,-0.022825706154641728,0.0740703469566412,0.1278014592267576,-0.10816667660536244,-0.023623569811017858,0.011500570896482461,-0.8555387491179014,-0.15422721427021302
0.1854780577310403,1.1678760215849893,-0.5782339104770015,0.4821952374196962,1.0667891409071906,1.1466260684983363,0.5241908994007903,0.5000250453288076,1.1334289114078175
-0.031629710995391816,0.8634680601073339,-0.9165159708610412,-0.26716094490400066,2.581924251382403,0.19881965332494372,-2.005088370862326,1.979661491308704,-0.4920714675512767
-1.7334867822399533,0.2903468310308574,-0.9863592947154736,-0.8166724858653732,-0.12436251631626448,-0.4190420114558245,0.37689701659460384,-0.8113815636418772,-0.5861933862360964
1.4809907236768638,-1.0465010317814936,-0.7040552967950959,0.3554652925725171,1.383462124748255,1.294648877334655,0.023433561069267788,-0.15395110520034067,0.007797675413948498
-0.6564136670857837,0.8727244198584665,-1.261075531395567,-0.6869607833080967,0.1613930984988711,1.3277112809134126,0.20586623977430424,-0.5967868191612569,-0.7020615206586721
-0.2537351723871309,-0.16539946948732756,0.5565466168971276,0.363431799005093,0.912108181046191,-0.036907496158573604,-2.45029429774211,0.08149645760085919,-0.6539057842517546
0.3338646091045387,0.7906484761722793,0.2846565955732384,0.00478048438411332,0.40865988618921023,0.3173760293785434,2.1052232032761484,0.2194263494732015,-0.8535764298290567
0.307045488272044,-0.8982703656656662,0.30177005871457036,0.7689391848568891,-1.046338314993994,0.18717593366443397,-0.9258346055241878,0.6604572377772377,0.21991833169300523
-0.2704896189418867,2.114929030162197,0.20673449857154175,0.23869158380619543,-0.02487288200933987,0.3298121239194912,0.023432379933474676,0.26174674883653937,-0.5505239208443815
0.4687715395845622,0.015617025282512874,0.6501055865597594,0.014410922381463312,0.08805789775757554,0.2732596054004865,-3.2874825169330286,1.3316033389321786,0.28068645944974574
0.33587130323202774,-0.22882508491392664,0.5956993077248874,-1.068837204149911,-1.4784342353379833,-0.623391421253721,-0.11956477392075801,-0.4887899372111115,-0.6927048192863087
1.0954334086224302,-0.1327683729385689,0.36961931552616073,0.177786294662688,-0.7944810456063351,0.2855669737779946,0.2740296453158207,-0.8485408295613864,2.269372561573954
1.864383049604475,0.2381327039957847,0.4462657214930966,0.5423874651783761,1.946188653284687,1.5756174153106333,-0.4941925533847215,0.12633040172296214,-0.2486895414012726
0.46558998823999975,0.08640889995713864,0.14739850501550367,0.9349151015249051,0.13804770118359302,-1.0232310483499416,-0.5269414608745994,0.5815044421560153,0.2576724746831861
0.6463350451638016,2.2373704620525823,-0.9888243288563783,-1.2206506869020926,1.8346289391069408,0.09821917258387268,0.18108349108665725,0.030919865620364577,0.42132236176143106
-0.9330360947018305,-0.25792865655655844,0.9453865311648468,1.7635125932266777,-0.4602280810940374,0.7113805569133411,0.08972508202898397,3.2377828581494685,0.28200060433244184
-1.6380221644149005,-0.225801331993002,1.3747610486516315,0.001363784724855184,0.2534220425279875,0.7630514236073738,0.7319872627475874,-0.9978440519038421,-1.2364191153981905
0.22895817709192892,0.7977427817611943,-1.5084650892038018,-0.05812315754051674,-2.7375478900626717,-2.0979007772644107,-0.15024119361614635,1.1541493271041277,-0.7453282136935167
-0.6408057249570285,0.3618991611639737,-0.48949292849214443,0.6862449777637102,0.6147678351494911,1.416775030967977,-0.20408358127978332,0.04946676296070242,-0.927918068565856
-0.33983677324578304,-0.48433765919267835,0.24544349301855495,0.8575055478298271,0.5292936482482956,-0.6451324835646072,0.30485819735148195,-0.34480004287774796,0.20680604913420003
-0.04268865607539057,0.1731689075372277,-0.9381316016670578,-2.4065990712129843,0.8456905088434629,-1.2586790059711122,0.0033939802003319897,-0.6636739164734774,-0.23074693665291982
0.17791723466863332,-0.7797251162957707,-0.10454920983794883,-0.4334526613655812,0.7413765692308301,-0.009227524261920451,-2.5629945879325997,0.2310163116795729,-0.04477859663113854
0.5500699061705956,-0.27165045788071496,0.14551322344466136,0.5397068279542494,-1.0528549327930534,-0.7269869764943248,0.3421877677160878,-0.5214644673185079,0.6169973463254184
-3.058582686353315,0.7468933889122878,-0.22153358626037606,0.02059066499026822,1.001523417652496,0.33433778855507573,1.3061836421341708,1.3267240482790401,2.6249374484311425
-1.7698710101107755,-0.08332614651467947,1.0807783236169508,-0.3712277932460193,0.021876630118071966,2.3727596208409296,-0.20841355557786845,-0.054357326226532526,0.7836390165387744
0.01602691985202331,-0.2989568518964126,-2.2910961306954873,-0.21227476493588127,0.38890854103862693,0.0337348381663021,-0.35646068511114665,0.625357291815862,-0.8140082771446928
-0.26846883005780686,-1.105896322588227,-0.38609379224979246,-0.48398559000087704,0.3415583402618641,0.012227229888171402,-0.09065948670639537,0.5993293316930373,-0.31184074609005513
-0.3474181321700561,-0.3017368933839216,0.4475862938196118,-0.3591466201812201,0.6618169110930899,0.11345868207740975,-0.789477140031364,0.8970303772620941,0.290947107217607
0.052914282437387834,2.8977770303038954,1.4706490110262445,0.12267640977310171,-1.125805976635547,-0.005394355604449825,0.07354903699742944,-0.4402180506681657,-0.10998267933944547
0.046037155152835144,0.027888917594139927,0.3188817637679874,0.08360440190820165,1.634307581515488,-0.6702217988618963,0.49589787758442033,-2.926569832946898,-0.2585204825723119
-0.0871238541169394,-2.3442529610541625,0.3527646728979517,-1.4582399959906873,-1.4171561483009087,-0.04896437033625144,-0.3607671977982265,0.25984166013782006,-0.7169475514378104
-0.43517120777324086,2.2732935557461906,-2.024936502949768,-1.1286490781079028,0.5113143132515928,0.06508675036486798,0.8164226195412404,1.773428427544195,-1.3166606966021175
0.5389145487442143,0.9263619812664527,-0.2863612666942106,-1.7464831824375358,0.25359903426557034,-0.7654606395710054,1.195827659199223,-0.7129713788397718,1.2315212143898895
2.206663306533864,1.759076459853823,0.3444130494969045,-0.2941964955081494,0.035300659557688574,-0.6769523259558607,-0.02190186137678829,2.3738068002154464,1.7701366585065699
1.3114228035323072,-0.039983506835788225,1.0381381535419376,0.36529006977571077,-2.5210872760184633,-0.07965190232432652,0.20804970221798014,-0.1866699094555236,0.8111297596450283
0.012400161555371698,0.03832959423430385,0.13335826756603011,-0.5123293123633963,-0.9107767628387193,0.16470980691469736,3.8652745997868783,-0.2967271141186421,0.9348355613041256
-0.6082449467222663,0.4688738464032644,-0.5333037940793912,-0.8730479192981568,-0.31539981849529986,0.18393615615070233,-0.8528113480569279,0.49456986681751874,0.5519262143837118
-0.3546634525667077,1.9345755281867336,0.4783736166817975,-0.8292938416048835,0.24464903115511988,-0.12484484655818893,-2.1974773486226358,-0.6813583858319281,-0.083100604244777
0.2885300569818537,3.152090346796712,0.9912367716064411,-0.27416152720382764,1.1167385070651468,2.6522330069475957,-0.340970967001082,-2.375629319783483,2.325603577258943
0.4967037346813894,-0.46504614123405336,-0.21882815496847458,0.05086106260843017,0.37113342258923687,0.01874441169785557,-0.38251224522307015,-1.391607730876508,-0.37119391992376327
0.07152550028669277,-0.637472565916951,0.26096711350906565,-0.35978401072884114,0.11244884686820973,0.1940943934809332,0.3973117765571668,0.17926623551043835,-1.266013432018026
-0.2678260294499892,0.5638107145321817,0.47737937161904304,1.764042148404506,0.6577784137663996,-0.29941257197853516,0.19329789283328666,-0.1387952983403424,1.385902074940749
-0.14466512176688298,-1.5419111008158344,-0.20327762370392136,0.7570359106521791,-0.845449923024311,0.01414659679618463,-3.518589128364893,-0.8277836419639818,0.19302023053968506
0.45303099511274,-1.109292119751879,-0.7483094495592898,-1.0406191952896393,0.2009329591449881,1.0800999723315357,-0.1716421842545764,-1.4311183803905996,0.01418536663010862
-1.1790059051134592,-2.0640221874880664,0.19343654293466778,0.15871734160654663,-1.6610085569686364,-0.7525159987486703,0.09295677904164405,2.053542125576318,1.4112038460101368
2.667282797519119,-0.029929995918810258,-0.1789162167503937,-0.42560329047703,0.007943076906381089,0.06478386751950692,-0.6374402383601059,1.8436087014017957,-1.4024566584636455
-1.4819391826138733,-0.06413745398855575,-0.5702232176586154,-0.21211855054067408,1.8053224732202653,-0.884904369781334,-0.07346803267811682,0.5025940743464391,0.13390530756501873
0.2414309443459058,-0.02414631281248422,0.2548891506540574,0.9232359752529968,0.07615577176598004,0.7808009426503854,-0.07106675811399243,1.1648002397584367,-0.09068899959357121
0.17259101761008055,0.6270316055722035,0.28647737475498253,-0.2301855696359718,-0.1277824873943916,1.396638177242754,-1.1070604651000189,1.5330102919008666,0.1557346110368025
0.010641093529454975,1.4738730240953821,0.15853947462307014,-2.5962686107170905,-0.06043820234009919,0.5385585147807623,-0.21210860939567974,-0.29590194583370905,0.5889057349114127
-0.6813521900819959,0.3950901773666627,0.24971140842984352,-1.3738727418159402,1.0523193418279446,0.7469370764901057,2.4002971482297375,0.3350344119966099,0.16106403816957426
0.2708907616812133,1.5380395627510413,-1.7959441578401132,-0.4649089976728157,-1.1872448667591342,-1.2333645763813301,-0.7608500305721932,0.2856860099316684,0.14897739486489264
-0.3836007114450583,0.6226330231269815,0.5448346907512909,-0.7030264643565121,0.162608484991636,0.12263109576006999,-2.190523154259958,2.2156316433316308,-0.019193236917282527
-0.2837700050318684,-0.1559169263540975,3.2018241360506066,-0.8988088441712475,-0.6918152535857202,4.869514274655194,0.568941189302913,1.626371624621948,0.05815753507455522
-0.1133209998241724,1.3494858142113264,-0.11682084216642769,-0.7552741337024886,-0.2844999369456736,-2.027499136715274,-0.12165200239599663,-1.515992565142719,-0.10758669747040953
-0.08553139862864206,-1.1961312262294679,0.5051122855614277,-0.014430571223814618,0.44681553617456676,0.7365444667542794,0.295109554375268,0.9797208721501994,-0.4238427206720612
-1.2401457089030135,-0.03654075173753584,1.1247444901485637,0.38638794670203314,0.8905422168718015,-0.3711620306156348,-0.574068103942638,0.441482192272078,0.9164434685760605
1.663953734550587,1.5311005891923124,-0.2103600169603835,-0.014454899966911097,0.7514788547805558,-3.7613058647600393,-0.5188728046554251,-1.4651634974054424,-1.0172262525884943
-0.757496774795017,-0.6354018745437805,0.7461277404755849,-0.6179220960511838,-0.077308246530744,0.5780471720881736,0.04177378377782736,-1.74452454375401,-0.02597051417196729
-0.9748768741984829,1.9226012911364427,-0.3866903746062001,-0.2883840684308881,-0.4168290913119013,-0.5924019450765711,-0.06180097724703911,-1.2560328381920884,-3.02974200254243
-1.2428157286291774,-0.20321564893881536,-0.1938189165237678,0.42009177275530935,0.06541050452741638,-0.8581315271569196,0.959141407862162,-0.008336756972615385,0.0072773066564207345
0.25742898898593364,-2.3952329900743887,-0.5508262688954217,-0.9895234638535506,-0.3647701023982208,-0.17119938993239073,-0.7643907703119658,0.782464506546489,0.1721510402691998
-1.0285335488047667,-1.4930398262786824,1.1294529376371185,0.4316760879096113,-0.2344117934667327,-0.08983845074350297,-2.048494595697188,-0.44459811647741193,-0.14793279836091947
-0.7457122494775649,-0.6503019737010484,-0.8154564179800091,2.9888396728349584,-0.8739954384823024,0.6376402844728901,-1.328118689465059,0.4371389891979887,-0.3912546992678761
-0.2475822704348085,0.6752629874149279,1.2228139958892932,-0.0885615510255575,0.9912889419040894,0.9282198874008432,3.902832831010212,-0.7090845077998481,-0.607223982276818
2.3053084885180883,0.7274446973182911,1.1856328493634007,-0.5600504132071494,-1.2294668909175688,0.47254140235359043,-0.7543757277426407,-0.4039490592441975,0.8265833079323492
1.8519362873063083,0.6563281740212222,1.2345627899444518,1.0240761822771602,0.47632177819412547,-0.37796559402244106,-1.3596567061393048,-2.21290943455139,0.32164514810653005
-0.3530409500646005,-0.6470012986972569,-0.4553163986928182,-1.534285885470725,0.11839800485825656,-0.6521546602724069,-0.1292398402800629,1.5823066431924329,-3.8541413133068554
0.05533844428823614,-0.3650078168490441,-0.3914047389151917,-0.8390214374725287,-1.2410575778321429,-0.6661625552019049,-0.6593973770147336,0.07894896221704337,0.2774428354527305
1.3971230148955445,-0.18846606839974325,-1.128765087755834,-3.2689722641680503,-0.3744031791052474,0.7110394837213296,1.1447563970259058,-0.3283370356104179,0.44063902790956344
-0.19396275931034931,-0.08946651877539862,-0.19575066087923107,-0.7844904002170819,-0.21378974428371308,-1.9984857290266054,0.5766586960887148,-1.2795603609008674,-2.5164681165920624
-1.1923971100293176,0.0802823496747762,0.9729077633348792,-0.47362423461304815,1.1298298298709288,-0.17331530223471286,0.47995304201688693,-0.28495348962257927,1.1698374386261374
0.055864585063230415,1.1727666680514528,0.9571484054311279,0.3151751498370048,-0.6531762700583376,-0.8000093639851001,-0.22308094876146886,-0.3460675014795757,0.3572753013118055
0.6525443291960336,-0.9533807815117249,-2.195984204282906,-1.8433272620202295,1.1354653407618485,-0.6674139436074691,-0.0665810620618495,-1.3837245785806775,-0.9457049425241792
0.6724566007477838,0.7090275055764301,-0.8504277424489217,-0.14351107343337446,0.7050130061136881,0.7012163101422587,-0.8955892842008439,-1.9075397479110734,1.3139948873968088
0.2587588802669509,0.7738940241794214,-2.9235342588269577,-0.9442579687645771,2.9631715817949607,-0.28495146687563,-0.5591524924975538,-0.8981717243822492,-0.25210466659070274
-0.10838169149787731,-0.7306599028077662,0.8711302022952055,0.6605283312627342,-0.5864545164150434,0.4541698859558726,0.04973597559629955,0.6825704179720131,0.4727147410670168
-0.10184674878624153,0.5355596120429809,2.4320257664401668,0.04665908423609004,0.9569465687891011,0.3330015224550843,-0.4941647304216675,0.2972807527211755,-2.50268975664777
1.0286853741192254,1.5564354043144533,-0.8818685229332602,0.8412059327508002,1.6889463206503572,-0.11237464898822773,-0.2588617110271605,0.3991030372781396,-0.18357123081678864
-0.023193152581159775,0.26660777813621817,-0.0295363114959931,-0.34334244535888725,1.1555393804698602,-0.5166142706881497,-0.9477103647706582,0.0648446120545723,0.7219638860661074
0.5842184779809957,-1.756621154082473,0.46347154965877335,1.2537667542716413,0.4264857190317836,0.14686786101231686,-0.04512417003489553,-0.08003711191628265,0.3099920654636332
-1.4852513476342444,0.16283595305075177,-0.9821682217135599,0.2975990264095765,-0.26796349100017175,-0.7085488699635116,1.0021082923765874,0.5933782775357539,-0.4502711399444804
2.205002610413487,-2.7376551943847143,0.6090272174153664,0.07515353236456301,0.2765287109515743,0.22166327434240923,-0.179479795133367,0.12327272385763566,-0.07344330181845683
0.3567127734816306,-0.060682792069980125,-1.7213492246671611,0.2516587146918593,-0.5937848073975032,-3.122857392924537,-0.13849289688552166,0.4932731386747703,-1.2451093017176065
-1.7942238110025497,0.18135423053527833,1.7540935791780377,-0.22924946473395974,0.2559850065652718,2.2060632093388266,0.3320760797165356,-0.03214486099582191,0.2351369173881134
0.2956096133904715,-0.42513650771827655,-0.58798926085026,1.3318795382979893,0.17598709626781672,-0.274925881801827,-0.6486130724529665,0.3874822042245345,-0.06716703408849507
0.7942932757118168,-0.42671797292019875,-0.24875810459747738,-1.6342736830981877,0.1475209498238666,-0.7510858600290298,0.003899288761106469,-1.0579390321088493,0.8481201808260491
-0.7722305479229938,-2.2683315373668367,0.41507668304583367,-0.9952978974111928,-0.2889582253918785,-1.035144026376728,0.09408922938862806,-2.6169682291607606,0.2014655385351642
-0.9123172023537185,-0.10685617004042616,-0.2676294919604531,0.3764355173528531,0.17572146192266205,-0.6441131209822766,-0.968379574399971,0.5939913827348042,0.29929376561810417
-0.19961523732160869,-1.0020119071932763,0.8746104282737392,-1.02923099037439,1.588247739072407,0.16057538884959588,0.11476628552533935,-0.0422843670837264,-0.17648348043708756
-0.6995465066320704,-4.988582127554193,-0.7554330038981808,1.2038240750581417,-0.35285306168435326,-2.3892107774652493,1.0462066995553503,-0.7865121397658976,-0.3567201294974051
-1.637240860158371,-0.8687627615633173,-0.16735180106947384,0.8247974458701057,-1.1757379887136812,-0.3554565352389149,-0.43420886515468377,-0.3041510178056243,-1.0167866653341007
-2.6799027431069713,0.025956437388271057,0.13699031777435175,-2.0744335242253245,0.5741078147876145,-1.236659614629225,-0.029585292400260112,0.025404057611862256,-0.19689915192323576
0.16681356153352497,-1.300017092843063,0.1772611418460701,0.0118634130363843,-1.7446017339875752,0.21378724408249253,1.5153210473887715,-0.18450030941245169,-0.393747479536258
0.7874261177180424,-0.483243894801307,-0.44557245027032943,0.38928618765284406,0.10171984680588635,0.07512325473131058,-0.4082348386189796,0.14274174119118038,-0.11740431409246527
-0.4189386243437616,0.7539487902141013,-0.7104271863290675,-0.015039199690992494,-0.5549417610844329,-0.18313481786823163,-0.2606727980304074,-0.9476384816894345,-0.0715765207158669
0.3684007890379749,-2.0452386629641697,-0.5269246728046717,0.19367725927536925,-0.5516625551032817,1.6139413922765768,5.937967710473634,-0.7129467049904794,1.0948760599516458
-0.17662040530998457,0.1301264739701297,-1.6170209495885397,-2.0011210551074443,-0.805876389869009,1.6389019500952509,-0.02042933665618602,-0.5694409659600604,-0.3026938658879667
-0.4519604468497013,-0.22984453036957755,-0.35881390887264775,-0.20338719529474097,4.965500125522558,-0.6684994308456906,-0.16125442050369396,-0.26682553301459444,-0.07748180688273441
-0.47206828940763823,-0.6028780441784257,0.10218392419775951,1.8188573869697773,0.24618871983638793,1.2338881413021308,-0.027462283724574557,-0.19050781480971538,0.8039066631770933
0.05914627630590632,0.7627306779129773,0.2874018748598245,-1.3008940902772639,0.09259199291242809,-0.1542124412180295,1.728083060362293,0.14272009753631004,0.3184150710220457
1.0662020208135947,1.0520618734522869,-0.23278993959111932,-0.05089130534240334,-0.7152204320055451,-0.0634679429440901,-0.22066271064586973,0.6594153743768021,-0.04292111242004271
0.31747134811685745,0.07958896714779717,-1.2531389447457744,0.014860436796286186,0.14194436739072552,0.4307057780540425,-0.45456979102200457,-0.09572098347679396,-0.004264376700551137
-0.6211340248647358,0.5438914617261895,0.002882094379620506,-0.8992546213857096,1.0567961910890524,0.2207508323455577,-1.066374003149576,0.02316011439732814,-0.039653018365007286
-2.371247553340734,0.7844227796695336,-0.4698211004631297,1.527626600236118,0.3827244042173905,-1.2961181604916885,0.325281035904598,0.5642109027509811,0.7167692388445931
1.0133117665267257,0.986248102159193,0.5707171577227264,-0.2375237716864355,-0.37498601067371123,0.09268689000468706,-0.34165329867259214,3.164621662363611,0.43632590696166257
-0.9963847066305631,-2.4859368160404567,-0.1778135502255929,-0.7964106715875432,2.0126556762029617,-0.1615369183428165,0.5379271253073967,-0.5229832594732611,0.4560297942762934
0.12488125557536064,-0.20667251135658118,0.41484890038398353,-0.195742810811149,0.18168115618896846,-2.387026545116187,0.1501759546567317,-1.821498882013107,-0.0709257143546373
-0.10692896671341971,-1.3964788471511234,2.725705895287163,-0.40111404348322266,0.5495008898875993,0.7575287657545132,-0.04234822050129013,1.3515070690787765,-4.11916441291209
0.09416008766380805,-0.34451658576192357,0.6849146409556836,0.31965776893510833,0.8830995422791582,-0.24337638933642372,-1.8597462911112839,-0.5992676873196412,-0.1270880381439474
-0.9182826787853736,0.3068808945526837,-1.5773042436276528,0.7612033100279747,-0.1654948043188531,0.25279195210982264,-1.5842475906935538,1.1961676602383895,-0.38219666177538847
-0.6517063233786745,0.8964186991643294,1.0325939796534351,1.0438361538901741,-0.33932389768482263,0.08084295784090495,-0.08507886074153533,-0.25677191185776493,1.26723683324624
0.8040085635738392,-1.4520703636014747,0.8432528118225374,-0.8825649526645946,-0.3659927453666385,0.212615819133091,-0.7206281627950343,0.31325974095076425,-1.940974861939315
0.02716481005045936,-0.23082730671710425,0.13708061561838455,-0.19893664700144997,-2.265946894792261,-0.4783741371997584,0.07505808052273498,-2.657570363346542,0.8731813179286431
-0.34762053096772066,0.9490321919415758,0.3901462809169632,-1.521784501688797,-0.9117146080321361,0.18387983489440135,0.5387223025852884,-0.17844436801103217,-0.31957950509513794
0.12856612886432284,0.6715178813046974,1.9486289802663808,0.34806700603157986,-1.176848925410147,0.08106237000175001,-0.963313429341581,0.42224188615764985,-0.4310928903736037
-0.08500600032071567,1.4336995349001886,-1.0220053687272521,-0.08303461980940245,1.9255881790999132,0.2364933646838927,-0.3058624999768452,-0.3186726252117127,0.6069973651620022
-0.35419627461470404,-0.2078884860959631,-0.9380249101703474,-1.5415612109033636,-0.4052416876004117,-0.5053196271074271,0.9497843574312547,1.0280958098231605,-3.127030178562327
-0.5545767502480816,-0.2449587098201866,-2.141626471779645,-0.010337408216903215,1.2911265832820367,1.2896182369652123,-1.301847429070653,0.3602013839615827,0.2538813751906948
-0.4353088429676554,-1.6361404190866489,0.40661840064960103,-0.7456760292434833,0.855445460351714,0.09957497257797628,0.5436183567891736,0.07597517023509509,0.06484586375700797
0.6297999343713776,-1.6191733059814286,2.433337110484468,1.0232846115319147,0.068849089203659,1.4883781877994406,0.3531969463711052,-0.2430523698320614,-1.1123522318339882
1.9259880368642397,0.8799320939762294,1.1106790343969493,0.6248011325530054,-1.5417005033472333,1.7093470935965613,1.1751248630793634,0.16576125839435304,0.1979298234626744
0.029563034833120824,-2.175690572837688,-0.6360592897176089,0.036276043331461186,1.2799536061506411,0.23575926777360712,0.37035175269435494,-1.0681727935718066,1.569393608192314
-0.4595207486630628,0.06708612027452106,3.173050327034176,-0.014669917288170515,0.15838708929711703,0.2983676982328397,-0.15017641705306695,0.15800551497047297,-0.017612986459573515
-0.2780721565115722,-0.04205035348495741,-0.5543384458966922,-0.055250208176757326,0.6279169718572862,0.4018950727115184,-0.09159962001905032,0.04637550692318002,-0.0286009586135733
0.27975043746801476,0.5884948747048675,-0.33083308011250906,1.6244531701475293,-0.3477306293117957,1.7208578708941438,-0.7383178150225311,0.4662300131797634,-0.8271867385413276
0.1923551301143231,-0.474957218664703,0.13550239439855621,-0.3174839974897196,-0.06485432297875432,-0.4647895364091504,-0.20098239566228587,-1.4145908905931275,-0.8756079825958157
1.5657328947163256,-1.2329863721746528,-0.40085429681120893,-0.19298236894363924,0.296626215615738,-0.3883455284802258,-0.9738043134038439,-0.5179481249146615,0.04017614162679017
1.8766593729217684,-1.945174345933023,-0.7450784408632808,0.31340261384922796,-0.04508277658220002,-0.02885804038768532,-1.1760038274835236,0.19758332707561177,0.13738567418908582
1.48935723334613,0.3997673278488641,-0.4713269507413648,-0.1262921011381726,0.9019966553517295,1.7556378675949946,0.16934996264394309,0.15443001557314764,0.3551750452837621
0.14951397224283614,-1.2205930610323823,0.12134202102504724,0.3216390586104673,-0.2776879010443953,-0.2848203012960513,-0.036724872161087455,-0.12711357003975202,0.27902481357981357
-0.7465894649114143,4.263724731355926,-0.8183008958640137,1.159560810091943,0.572519628055938,0.743662025431504,0.145019696802489,-0.8277205828419337,-0.017769056411039732
-0.4990354696032586,0.5959511306260573,0.4968990383278692,-0.17256049715121885,0.3935735623120443,-0.557466016958415,2.595637718671454,-0.8879820078634315,-0.04924862750589298
-1.204837733098973,0.9875995555063735,1.1064628896146789,0.24423282170738314,0.8253372968086631,0.8087517535182558,0.4647097801961386,-0.09408626760056399,-1.7702399164844465
1.3831263330948984,-0.30287056686675495,1.5515739774619945,-0.07595794768034227,0.1743975766878816,-0.7459155462912995,-0.06757581805841281,0.12613240653225238,-1.2976521544050406
0.1227712498400847,0.7958720025664835,-3.0116117766922974,-0.48295782215004623,-0.460276782697258,-0.4537181083402055,0.10561841904818024,0.2673532579616367,-0.11410340296476996
-0.4400877254981084,0.09799504124978,2.338773347987145,-1.1205673450836156,-0.5901953109144259,-0.00045094604864943683,0.991826923820027,-0.08158574147672314,-1.484551714882362
-0.6943881585658409,-0.5691177874714137,-0.9249479984791897,1.2805014609826042,-2.147385999540019,-0.6946911572227626,2.0492108908820827,0.06323453650589003,-0.5332393486726317
-2.4258734231325807,1.1277122266012924,-2.0934833141272526,2.1303848511455743,-0.3260220966569908,-0.977667287073724,-1.8174199655797736,-0.1830410426030934,0.36854945383129206
-0.08389250450033538,0.35387044945871693,1.5982024249619537,0.3803998676308235,0.8581661015004757,-0.3672404568228334,0.4163128877034145,0.36205775348412894,0.5111482240491602
1.2957497961062523,-0.7075527253696299,-0.38502881670739714,0.5303658820714866,0.37764117134354575,1.296338965573909,0.9993559189650794,-1.0013992765971182,0.3989195098210957
-0.02106864957440558,0.7227650982798878,0.015806416415420833,0.47439421931833986,0.7358708202336214,-0.03909822975900574,-1.1950127411957852,-0.30625644886405967,0.9839394323499274
0.5803617338969939,-0.03697038751005598,-0.449877545124163,0.061500051829612525,-0.12704685768837692,-0.7781597452201287,-0.38401537330405827,-0.2912760171037636,-0.6279321329066918
0.07430218792021821,0.5315099701891194,-0.23757597133401315,0.35927264947470994,-0.49206728291259444,0.08253953907216896,-0.1198696477002654,0.9284630991008239,-1.7583390755365642
-0.7096129757427244,0.8048319561272972,-0.4223387517222157,-0.3146289014961483,-1.4187959329079152,0.5989175457930103,-1.3192209301267481,-0.647865459821146,-0.5818350036763684
0.23857332642032275,1.2905482850521877,0.2638582960172278,3.8083864634401543,-0.04751611149347611,0.8355080004898138,-0.3793166534345593,-0.6287402521730289,1.7735020140436433
0.19464277091547916,2.3866219346318336,0.11724912300709804,0.5353270386765342,-0.18403677037528024,0.2774566878436878,-1.23811194823743,-1.0575894996812916,0.13773450087605604
-0.3695938803067848,0.012593639351003267,1.1612671231765945,1.0971249995795698,-2.7877175255858786,0.23794111819584854,-0.3266865185583942,0.6702184255080484,0.20758982239973447
0.29085337216896295,1.4235185499911724,-0.18230187914640578,-0.32756838218200357,0.3935208950007047,0.5319218721391966,0.5947931620476302,-0.11367959938689164,2.4377883871104546
2.0447419719477775,-0.02285299978841116,0.1732792981146422,-3.086574117983859,0.2768081705335251,-1.721356860637762,1.0337572532039867,0.15814382193648716,-0.4511446487483334
0.8028648628133398,0.40913395326508906,0.4954343174720163,-0.8167492593621213,0.12758157365469028,-0.08129892299831389,-0.04383465897902971,-0.1520600687705794,0.28346215323084567
-0.06754676037000282,-0.19525176030235009,-0.11276051278404545,0.05253139470030801,-0.756480928472914,0.8842120003472375,-0.7827535547632072,0.5486176831128706,0.9393138760907179
-1.4095657702101259,-0.50058233482838,0.15804362314926274,-0.3399287641446436,-0.2756282053598073,0.4536176709657539,0.3388220869714093,0.3237190637319867,1.7761895817436888
0.06881712306198327,-0.6832376110465344,-1.2275066841908358,-0.6492488939984077,-1.1556238241421815,0.040543298842848186,0.38080461844698366,-1.7925830812009864,-0.5651150966670015
0.022961890774833144,-0.179704522700766,0.696551633816355,-2.9804810680884954,-1.0449079767567064,0.3364850191880925,-1.4097626578730644,0.2071140153904983,-0.7104780823956572
0.7115534117887903,-0.6490034781260536,-0.13543070597821252,0.4982218707535412,1.093166924742859,-1.10997344299342,-0.8476339789010414,0.3479556259455176,-0.18229877793591115
-0.09784401987096995,-0.008029258135702098,-1.2201487703030474,-1.1889270451292466,0.25505396506828903,-1.5068843569473651,-1.5056558550442691,0.02195422274036146,0.8894156676930218
0.5422361499089747,0.4776405926350775,0.6343645000111044,0.4134941947562508,1.3162099289141664,0.08953446298334485,1.793924673898824,-0.538977537070136,0.04891901516476703
-0.9294695305982732,-0.47873317800081855,-1.4546320753354454,0.031051753078494494,-2.517641879914909,-2.0671812144335626,0.7417113458938238,1.1598710832149226,-1.3542776744285137
-0.22613423078753933,0.12760411612885778,2.9058709527537876,-0.09381564193834546,-0.9569909809070793,0.36797810540115955,0.403922161275071,1.1666011972159125,-0.016811108391752674
-0.4765960657094213,-2.378675768624152,-0.29579436974034257,-0.6042275179061363,-0.6771347344571969,0.4878822190164841,1.1131591604986175,-1.1365979212643067,-0.19547736993764794
0.11782609572851069,0.19161739104534975,0.3375989454232075,-0.6668149159769876,-0.31649092523752015,-1.1652399823617714,1.1642144165329547,0.13719710997333895,0.0031178075183323135
-0.03912360178858875,-0.21654248668874554,0.5164489724907335,-0.4134671269802023,-0.6237384953447136,1.2884686907363256,-1.0265186090340932,0.2005742246367628,-0.08043497673805997
0.06536623392576303,-0.11860553694717303,0.23276198205084955,0.14489772239727458,-0.6119490211369804,1.321349170334265,0.19272488442949437,1.240213191254652,0.5789340069499118
-0.37792410936083143,-0.3818955174291661,0.4445679879520918,-1.419827826227971,-0.3328080517201883,-0.0923643893231757,0.9344716859676288,-1.2000828121392533,0.44430881103367
-0.019671001022875525,0.23596350707958133,0.33816355743667587,-0.3371577485386194,0.18041888989146437,0.40548791174336407,-0.9383198927333497,-0.47447621297525966,-0.6851581824649389
0.8081746740485907,0.4734871907368216,-0.03534424074834251,-0.9269370662908119,-0.18703131417204522,0.6844394544920706,0.015176411642288059,-0.3848406176358035,-0.2758865604556628
2.7568187404914073,-0.3136995036253168,-0.13746406034044112,-0.29533894673723327,0.24948913011624183,0.843277573840884,0.6853763383597322,-0.30659054325784574,-1.5692767386356303
-0.43850419705578003,-0.17988498405754122,-0.32229976471382504,-0.05331983995359483,-0.7613683177749228,0.15582539506452664,-0.12426534346181593,0.011840517736406575,-0.012732719129072432
0.1316709978705932,0.03679479089140184,0.6428374882431309,0.10983987233272514,-0.04644145567149574,-0.9836849990387713,0.781092216099814,0.03937437122570727,-0.6280568268354962
0.30788028480589924,-1.674413996804856,2.691289147210935,0.07526477404710188,-1.8925026128857037,-1.5101549823567424,0.6317828755745609,-0.9249883954030313,-0.14301702745258305
-0.3014606049998296,0.7429825438825095,2.1066120870392027,0.14402874078927846,-0.7972828674214462,-0.40118025378594857,1.0633879874142342,-0.013471445296565174,0.9628092184586833
-0.2641963126791953,-0.9232259891383514,-0.1922436009972696,0.5712296681361927,-0.41800956727236926,0.5003161171980072,-0.09358271477386959,-1.5401345691881774,-0.3485054040697366
0.5672128817564251,-0.07615236969467724,-0.8679614870283513,0.1821859972625117,-0.22825011895591446,-0.4396752315841128,-0.7741299935384384,3.0803457725914623,-1.8951019174270243
-0.695379240426086,-0.7566113026099065,0.2637932485233428,-1.8609071165062472,0.040448293905033086,1.8986432217729774,0.9684921560401628,-0.22175533431100203,-1.0678804973262253
0.5684587744327367,-0.04018758935308704,-0.024703474042549873,-1.5032341079799694,-0.1769953091013868,1.6032880234098088,0.6631667784074918,0.19176494639334124,0.9636122694077899
-1.283396202418208,1.0954434580711836,0.03155092579106088,0.9892800588030501,0.5643851325778652,-0.04089714829776765,-0.9533963015393262,0.7932033291022884,-0.217698494401217
0.10310315490273986,-0.6212652685966686,-0.35855928057496017,0.7981255576968105,1.123777834683657,-0.11746087451234265,1.8852272048949534,0.286112170283122,-0.7902402853650877
-0.9497366150763754,-0.053514515277593815,0.27240439472259725,-1.2295292635255686,0.041812365896809194,-0.08637827041231541,0.9759040124435847,-0.051224038940295855,3.3944513644031464
-0.4801411940148697,-0.3106719481685521,-0.5463037813340343,0.11266200231363359,-0.48550755364427906,1.6672065941024217,0.19994456451196846,-2.182652845231442,2.084073764598238
-0.44272967935248253,-0.30240943034847706,-0.02152490669131462,0.3626901451836845,0.9381080656327855,3.865417566893166,-0.20231311815437414,0.02196635192699247,0.0655932137789782
1.8811500671943067,-2.9112419987806435,0.08892480530062086,0.28492679272629945,-2.3301371264795243,0.42767058319756707,0.5496693493775272,-0.21275927429125588,0.6649637390624892
0.7573860478036893,-0.8919395891264454,-0.4077184237854557,-0.08963287039881869,0.15239601587953872,-0.6565444457510717,0.224795807791663,1.0527860041525354,0.37554256706920297
0.25113321837119185,-0.08874508376266926,1.5885443652430669,0.12248481467391698,-1.8257441236804413,1.2915424993108156,-0.14091655233641548,0.10621516571473781,0.06166804487465139
-0.45131682036614323,-0.1988823028361388,-0.412545775679663,-1.9883705113692172,0.18927061198382641,-0.76383805845714,0.6399550163794726,0.22228186881890416,0.04487624511137887
2.2680027790430017,-0.15039232489379853,0.25407856734688244,-3.2811547388398403,-1.031924820292283,-2.3746729033384737,-1.4495163791939896,-0.40887995188473114,-0.07114040578778894
-0.4576635032289711,-2.2398557939822754,0.21027350587896287,0.40529355349371626,-0.033594013501602515,-1.3526431410116013,0.18338360914089252,-1.4421630777501626,0.12682108390122843
-0.3134926191518674,-0.5509054629560683,0.19625922258647474,0.6208696318362761,0.14358213300768136,0.8008647379631347,-0.08397999069956402,3.1377254640623122,-0.40249609933310676
0.5385899073340683,1.5529735125248867,-0.012670951921191529,0.3555581136227677,0.08241657655949369,1.560866623507436,0.9672304331278471,-0.35832597574207925,-3.4287516995769525
0.6079676126273658,-1.008953629953819,0.6871391500043602,-0.12394205546037276,0.3255393021412955,-0.3462119607546972,-5.347263998745561,-0.00356811840321997,0.002872094543656164
0.26757642390205577,-0.30533385679006286,0.12177303372354963,-0.7242390310274037,-0.000434739834796042,0.266341796136262,-1.0306247400121158,0.05371583865673513,-1.1411616030940004
0.5199082939353123,0.8588120112544942,-0.7113990923368948,-0.6558438899732558,0.19205194519757768,-0.04365098120029004,1.1261678049550197,0.05623262776213361,0.9108338392866744
-0.36461972982426705,0.7982703529227564,0.02935364389525447,-0.5200070050922864,0.4254922590828871,1.2033313059487805,1.2758388210687748,-1.9415845740183348,-0.6688323547925114
-0.2149002639647411,0.4429268143786201,0.0691043220578151,-0.4872112310026138,0.3730069557577017,-0.22668024528120662,1.7190574501156684,0.49122383527335406,-0.8140855275560047
0.15599266759408514,0.08897586944722874,-0.8991841487860468,1.4881468009999879,-2.1876693475622138,0.8336625150563807,-0.9279972254532846,2.7200681071225943,-2.435358299466259
-0.5465669037548233,-1.3302145839938921,1.1763478865594814,-0.007103736339409178,0.1674624200684696,-0.05630169763506996,-1.8212064370353278,-0.10771526803499049,1.56882411918054
-0.8280578105435602,-0.025695660839287215,-0.509678073081496,-0.2697904165511017,0.17258738191612966,-0.4579670270002481,0.6437324297905799,-2.570997811214777,0.8209765861527706
-0.5294901225184143,-0.3489442653194406,-1.455642989412826,-0.2508166497011024,2.1399161395784825,-1.8597200630854633,0.21927517367272314,0.1468018378536641,-0.5736768262218127
1.2765007491043192,-1.5959485079263784,0.8847328476338454,-0.7237763662831642,0.8662252174110183,-0.04715735821912324,-0.009543837888805173,1.1366626737590908,0.25495424181795856
1.190574924454521,-0.3949047198341217,-0.693476513336622,-1.5287484120919976,-0.7036200911737541,0.7625797300168864,0.6586284230307213,0.0126674593371082,-0.2908018067972302
0.14576263143649038,1.2906000375492124,-0.06600161610551522,-0.6747576421512755,-1.3021221101398595,-0.42840148440336284,2.6214252313885305,-0.7434517082739022,1.5504862063768856
-1.297675403646694,0.00231747976299284,-0.1907857155349517,0.41515271525269404,0.3589157160594037,0.15158065761298212,-0.05640317304779,0.7713093940898161,-0.8229179806670552
-0.07692513701790626,-0.325482179515717,0.17585439633668498,0.6142564535060663,-0.9635550060541348,0.507885080897177,-0.45447489123032936,1.6352736536761021,-0.2114969666572016
0.22820786163500567,0.2852517375084892,0.5735037258977773,-0.5579300173967612,-0.8488947895957919,-0.1418556957550304,0.7222553294916959,0.3872457073351353,-0.6111863134232418
2.3486505894335123,0.08622118090984827,-0.0693972771889246,-0.5416873151948353,-0.9690595036732453,1.1815413893237778,1.7330825133209218,0.6368070776106582,-0.07462913722401986
-0.31307344244373353,2.136753336836878,0.23926219368319007,0.7465321675724362,-0.25711503298994004,-0.560193535911624,0.8736657520035456,0.944830859661321,0.11041333803981941
1.2014758971762214,-0.19697881724814426,0.6816681808845493,0.8491340230147436,0.19975231236653404,0.12606960380740878,-0.20264960676554564,3.0812494699882658,0.44396366121332187
1.615744832210843,-0.48081759606479835,-0.47394718920745665,-0.1271136313524347,0.0980473975909098,-0.8715622765509944,0.4918919996945435,0.22046901075430894,0.9500009667893277
0.7013845028948803,1.595640754228803,0.261965651138096,-0.25936755253953075,0.8354327977165031,-0.025907063775396293,1.0471279675172291,-0.5522736670595955,-0.9997642005762609
-0.29205048687950275,-0.2368781083307605,2.952567306219226,-0.4174314568328731,-0.3090998912626604,-1.0086150582527016,-1.764884018974846,0.3805732800529263,-0.00948424659851973
-2.441497750751062,2.5515487181443994,0.22076541323827856,-0.20457136208861698,-0.8129536653442768,0.05438014815396805,1.0113599813893936,0.4238678562620989,-0.18913572610779755
-0.9475627052702583,3.164001389812279,1.5645542728477022,-0.14909392226705168,-0.766685897953301,0.729828363181052,0.07672669851941397,-0.05308751127218967,0.18155683719092805
0.7446969190806673,-1.014352669491238,-0.6540662154814698,0.00746697451288368,-0.4817435538038579,0.9674329835161924,-0.30953684705082146,-1.7370405897995742,-0.40858083157040803
-0.2875385248846483,0.34580512833729343,-0.7147503091588412,1.3472636568063192,0.27002707120818087,0.33665716398133205,0.994159820498604,0.02262551783375118,-2.452715189203639
-0.3446036335219546,0.08613947890710669,-0.06477313840418289,1.5942831895659975,0.21269440310474003,-1.687845407535993,-0.826320552196277,0.3410132046041445,1.675997469885441
-1.2976571895500835,0.13913601355277724,0.5103588714194198,-0.2974875315798183,-0.7569784741632767,-0.8447544517148449,-0.3780411198385805,0.36426791517867624,0.40926476432969455
-0.3981766831706132,0.6459308499157951,-0.14552538604112425,1.2957421180605744,-0.11736092722937902,-0.7737565802719398,-0.1782611508169115,-0.5617893227337066,1.5069476623639344
-0.2730385303759524,0.5649119021648126,-0.6934499444822217,-7.062996115756625,-1.0506540442364205,0.8391773346842881,-0.651435701036373,0.3111695928637126,-0.3615955527786158
-1.0607664589410655,-0.8604029749843823,-1.1961807760588907,0.06242168849217414,-1.0300143492388263,-0.5467439915271566,0.31190345750646,-0.68071542479421,-0.7415711232250475
-0.09359242647208854,0.3005788804799895,-0.04557918043454285,0.01941042317024311,-0.5056160664045144,0.04402010137269392,2.6680947455550714,-0.040929379192927794,1.0192028818651644
-0.10266364583118721,0.7458982029101076,0.15222591162498664,0.7565762142748276,1.1148606563002819,0.012489715230382375,-1.5728779750002855,0.22360988659146525,-0.00241978461514334
-0.009554359138966973,0.2396851914251417,0.48931022513293687,-0.3881621674780453,0.022001409835839904,-0.0872606054053829,0.12171395249097515,1.1458467210763634,-0.7481133626834386
0.1025427241455174,-0.27176246082324335,-1.012629723404955,-0.4665156081340274,-1.5150281326160835,-1.017900204887269,0.4043478274917382,-0.5554498589893648,-0.491656538797344
0.271493807599769,0.011773705899075237,-1.5231720692870263,0.5333324895821209,0.504037286934833,-1.2263944787112842,-0.034223680865639955,-0.14666804825631352,0.45727667023093044
0.5151929562723531,0.49238924856819216,-0.9954111448559042,0.40505804926544153,1.3311200534092336,-0.4808692897890672,-0.4706318712188567,0.8772575381168068,0.06158656489823873
-0.2758819376860681,0.043484900747295004,-0.5848391034213936,-0.2831164901496679,-0.9722729225042303,0.42361374396487894,0.24750917001076755,1.5175110331166533,0.0925102913686038
-0.18078435930662526,1.6505712347308203,1.3189619236600734,-0.6987791929494519,0.762828015679049,-2.160200775071693,0.31014023812252395,0.12290713029753961,0.0736881149396096
0.37954105792674947,0.3423324870935331,0.5510597699399034,2.9861948159397094,0.20695463715250928,-0.024651428239413204,0.03199847060625786,-0.3768858692737023,1.466867443873875
-0.012386729483999465,1.394834550361597,-0.1803179769605283,1.7334695249004883,-0.03834691969596548,-0.7415545682990123,0.19091814968380222,-0.5853691126244039,-0.5158041748673771
-0.07235843254897097,0.30633572409734655,0.10536305877830454,0.926726838396971,0.9543713501232557,-2.679775091214989,-0.06363614571304078,0.17871742125021986,0.08155968763311024
2.9949408490408516,0.17488045316986897,-2.464187372012149,1.507535795028436,-0.535226592390576,-0.15779461608165316,-0.9768910950715186,-0.21514923672989697,1.6548771032332734
-1.5106433854502077,0.741106393494049,1.9060386140771366,-0.20837253582093346,0.25288249934395296,0.45752605436151766,-4.50431489290089,0.05218253199417062,1.4658310004287796
0.9445890474602671,-0.26187411481784656,-0.5974598886348658,-0.1086690081852489,-0.71048006037409,0.6725777228759211,-0.006674581719809899,1.2893420366913682,-0.5535420532124876
2.1508089386916365,-0.12151667574072031,-0.01533713924470771,1.311554076874666,4.1069235428618365,0.7164539223549627,0.21140463981192276,0.1986313447791875,-0.4382641959155194
-0.41882373672760237,1.809559541226628,1.0274842236029846,-0.8146748935483855,-0.48924261223418253,3.3641335446299645,-0.22493565858257986,-1.680031254451428,-0.37458949865074465
-0.7954349781225717,-0.3061724123772977,1.6413135286915843,-0.28055025918303217,1.8491161413910895,-0.12950948318674196,0.306842548707273,-0.568389653418854,-1.414331127733379
-0.298207207761982,0.5870949183042572,1.1032846942528776,-1.5981425089721433,-0.5805633328319849,0.3843308475895862,-0.9125728763164934,1.254508302431537,0.11489204268759487
0.9230758899980979,2.0342228511281744,-1.4494604835608849,0.005027241325198255,0.31850411963893654,-0.6360595483895883,1.0152748715803293,0.036625586929833955,-0.13066334005097113
1.1229933046755591,0.5390492813869713,0.14782460229172503,0.04497683912296782,-0.09939651715155856,0.22544779190387676,0.28716910051876365,-0.7174551034355572,0.7505503441227357
1.0529502096714445,1.0837193597705106,-2.4250586818062945,0.4196932980138228,2.924318990832281,-1.5240235829307989,0.5116972069972451,0.03136173884143613,-0.12038299505433007
-1.4695560104616552,-1.5109649742927223,-0.7745636428207702,0.13738924343075537,-0.5541296348667043,-0.514991181938244,0.29621365890490337,0.18982330549792092,-0.26591429375621833
0.8448283501557742,-0.48155732325094763,1.2852456648100938,-0.12129817371969866,-1.1154939403621607,-0.27821680891643263,-0.015168612015512778,1.8323922356896525,0.11792633384490367
1.1220994427918827,-1.506847699997412,0.5278118416987219,0.8651878437371832,-0.35219238078359444,-0.19360993125548273,0.56660854370877,0.12059733657658352,2.271021366684842
-0.7347725705447422,-1.5280700975980896,0.22995818908492424,-0.10194239790047288,0.6938625635205303,-0.10432711273565996,-0.4765283929678749,0.14113036763975131,0.642194686077314
-0.12307955714492165,0.24019739579500804,-0.0377814884002398,0.1558447201499553,0.34411565443668923,-0.3785292220318179,-0.0010391001703156865,-0.4180084868831878,0.619127928329267
1.584933464938827,-1.6800372503291554,-0.7405616648497003,0.006717253266599765,-0.6112443038625899,0.9160474526062551,1.9075738650091516,0.21149924436148,-0.5141077816062972
-0.7691814794405205,-0.5365007489901229,1.1171990816495732,0.02424287631526364,-0.27391316158408213,0.3372406527213871,-0.02705831535496062,-0.7929952317283041,-0.35902485956323693
-1.2430278358755653,-0.09387014544924766,-0.10435940835798425,1.1950444414259573,0.4114863765950073,0.21011280185289433,-0.3542741934527361,-0.1904346644967763,0.5614080848234715
0.5413178407120927,-0.4260823554649821,-0.4117439235588801,-0.21082599628129928,-2.1490433009364693,-0.6568897502116289,1.2395076837572674,-0.12408935519900423,0.7619302692174217
-1.4574411597865005,-0.3190011229997293,-0.05339207046397834,-0.10649662271490387,0.6975391236060542,-0.17926354461144384,-0.4449263672750746,-0.048563663797360435,-1.2611066554668693
-0.7613776553371404,-1.5734295465137287,0.3001313732732325,-0.11914290587894125,-2.0503536162760643,0.25183442710995796,0.537849064260118,-0.5776235799834276,0.23829118067745203
-0.13587604868400127,0.20407493067628027,-1.5391563252440197,-1.0375941289543775,-0.5155330445134397,1.622899422335122,-1.0260230305017066,-1.1774983883033492,0.06047976327328956
-0.5518049713565311,1.1847480684023963,-0.9506456495581116,1.1460744918358006,-1.156742205473675,-0.1698009632579639,1.1074227488325326,0.4203141940712254,-0.5186324502138517
1.2263159938742954,0.8054078787680578,-0.6215340232731965,-1.871685893902496,-0.1732919248576666,1.3181250463924692,-3.417371615008586,-1.4591187647733486,-0.5971282303472369
0.1587735785733473,-0.46253733697895344,-0.9955473902863223,0.1506026419424502,0.3954890997221221,-0.6446995720295771,0.45694280112960917,-0.18434026009740306,-0.22027282956705058
0.5784081448897288,-0.6325482575031037,1.5226734056089573,-0.6833767191839861,0.06764694324041914,-0.20134209971755712,-1.655838461376786,-0.12273600558107191,-0.34141990597268024
-2.2248382462721006,1.765455784933078,-0.528493364407665,-1.6125642887122666,-0.36974941002189293,0.4918933947131972,-2.195327254794059,0.5623033503117383,0.390357169470633
0.7318550616568031,-0.3440452564567539,0.9815740864452046,0.3887036487730737,0.10784765140174939,-0.03922537586025523,-0.8156876698479921,-0.19607613732495113,0.3417594730184242
0.7848689610285825,-1.0621031422978293,-0.24088105055141099,1.4426622443861132,-0.44144815298890294,-0.20341486478860665,0.006047382566601719,0.5153156683161118,0.16058393957811012
-1.7741424606680056,1.1004566464450258,1.238896035827997,-0.31848424241239104,1.3915542808549484,-0.580031518789157,-0.10141712338530037,-0.4505736201659383,-0.20869415815465894
0.12440446010450955,1.3441016439440978,-1.3060125848051949,0.23952945581097282,-1.167102630064979,-0.6512503850831884,0.5174437476480447,-0.5813352842434946,0.3021133655021862
0.0675608610266437,-0.8586984296907343,-1.2187754606060375,0.4839531797525109,-0.25847685290729505,-0.21825157408894008,-1.3362431608205718,0.14503771976923724,0.6334645057321259
-0.6010834185731758,0.6573468461220504,1.0334255172087063,-1.1640849418758055,1.3645361669510572,0.37847138467965313,-1.3374643801385668,0.3192297424634459,-2.20990568832536
-0.32339308677966244,0.015408394785352966,-0.5518545721840348,-1.4690396700433788,1.0630927752955859,-0.17390383164718234,2.991095379294804,-0.5515600427653025,-0.5754969379843716
1.2929455983382883,0.8758866834279281,0.5102498921118929,-0.6821863553762975,0.05247375817464721,0.35887164360634893,0.959508360948729,0.3850340911537016,-0.4905031196711176
-1.3760797868481949,-0.8110412581794071,-0.0691290104425189,1.2195225633185116,-0.033995967648532376,-2.098839670599324,-0.36897998380989433,0.5986572556743346,-1.536156970919801
-0.3612099662543615,-1.119031201884046,-0.24092048293909923,-0.24573188824487327,-0.32155110216419297,1.064577104713921,0.11045966987254947,0.05448790595364764,-0.7216964742755659
-1.2224569263470946,-0.583191648972573,-1.1447697034303748,-0.47086908808277683,-0.1677340118186062,-0.4109177166280782,0.11730525925490023,0.19525554975818427,0.3683930539298877
-0.8028454517773879,0.36483627584544737,-1.1848709437114837,1.3178877490007506,0.08142256458450878,-0.13257187479505397,1.0179513246183292,-0.7404654864861594,0.03845340726759812
0.35424995830710837,1.1598095844784428,-0.9467722586038682,1.223148909307417,0.34906893364352004,-0.21551674799390366,-0.11888950034799782,0.062285804261152766,1.5043952621330672
0.1783148303800265,0.31670670509869187,0.6959005978732925,-0.11915895733142,0.37046531385970194,-0.39825255873852516,-0.2879055232969977,2.5488915482568717,-1.3407370206773677
0.062880363055327,0.14998219092907175,-1.3115875214745025,0.4582320366951345,0.4710260032644553,-1.0080452254718046,-0.273687291115663,-0.035841379629313073,1.778403603337267
0.39743607207900633,0.9699477709957008,0.6918160607249996,-0.542236073863713,0.6513347360581978,-0.7522379552101917,-2.8864814428556826,-0.1253732657791834,0.0926639656887376
1.2595284633160466,0.8888753128405021,-0.08677216097156466,-0.5454545801918245,-0.48559228134678006,0.254637806302876,-0.4470899681863614,-0.6489738998588591,0.37039702503496885
2.1693146040122944,0.5890469529806988,1.4877745604981618,1.3286104325307708,-0.8846358359864386,0.5548847684626974,-1.0397784636124523,0.6623634042059778,0.8315011794600631
0.07505669391247,1.0325763493240363,0.058909889642785034,-0.7510949279400637,-1.6212479081999027,-0.4878854101626623,0.7765378358192375,-0.39965927480459457,0.4489453791528027
2.4140639344654953,-0.1260784221713108,-1.4931198328455246,-0.24342074813026238,0.9172023325759978,-0.406599865253965,0.13009278186058226,-0.8726689226237854,1.8553025887560555
-0.01472951559269624,0.05308624625940515,-0.15397889667822284,0.6825855732259446,-1.4786926363795085,-0.1934374786920957,0.0607071822194572,-0.6463433730315222,-2.1497021117590362
-1.4178778708533577,1.1280871615546362,1.4284324733365605,0.957869825347041,-0.10902816077903957,-0.8617171597616438,-0.8086253739266037,-0.13041870583162063,0.022757796977271153
-0.22745662989820445,-1.1782516083332335,0.7245689404976924,0.03932099299251379,-0.7123848462733119,1.4335385365182491,-0.4234679317934344,-0.0018083760730959674,-3.469496839110049
-0.43079960338154555,0.38829054792073225,1.403152852616511,-1.4671531616134164,-0.13255950337734013,0.2898521583603604,-0.21143484577646135,0.2796896434684247,1.368708198828615
-0.28848800717722406,0.10003698752477286,0.13708574267402657,1.1393853674744485,-1.8112861880919902,-1.6063795953285591,-0.30903842626712136,0.7741071661683335,-1.2461257566065875
-0.6430457470018377,1.0673804710376702,-0.9372978303579987,0.35537711959017,1.137313475279533,1.005098834425744,0.29510171891887993,0.14848647816952443,-0.5109082029753405
0.12681785947376786,0.5045753653471017,0.5137170588433373,0.8728215300647791,-0.3812642751743066,0.12275615450668259,0.6251424012966033,0.6905444115087318,-0.9102087216859965
-0.03106408547333219,-0.3763862905472871,0.2893421093720494,0.448194288004491,-0.8662809797346159,0.9130054971734235,-0.08738002950387672,-1.8097947420617715,1.5086281166973698
0.5965025311768056,-0.13654471533330975,0.03991768744659638,-0.164868018271596,1.5815312515650866,-0.45781638397099206,-0.04292031297111179,0.5814937139004691,0.4630526352093422
0.5340456175849785,-1.729227360101957,0.9235817335797936,0.07635665939882183,-0.4848739617210864,-0.480711322314826,-0.1590434820284751,-0.7460514382530263,0.5867235468063898
-1.0023641067053473,-0.3351014017459614,0.16986346896081286,1.2160323220073483,-0.41393282299109463,-0.24532874389827514,-0.13832154142294295,0.4335534940308213,2.3484376166373186
-0.9464921663689096,-0.19260221471167166,-0.8588790262134942,1.4162888181176356,1.2652416733303844,-0.6417586390950152,-0.16300453667834222,0.21847575092935187,1.5508516074547634
-0.9332163563666125,0.6400305873764496,0.9645194295517888,-0.3133454713041912,0.7748070194988765,0.1294369925140982,-0.8835574527994827,0.014381462521394068,0.3050952306460935
-0.35078615256469714,0.29779365425878723,0.8038560856748844,-0.1593248878819506,-0.15186921436282136,-0.06858270796538923,3.041663915054396,-0.21351288508156516,0.22589218046885542
-0.5411867676314056,0.23673520426273603,0.025567699245227084,0.2038351338070111,-0.18656538439191292,-0.3020959265077236,-0.24274504222203006,0.17670971529228774,0.1557758373120043
0.9755879129712872,-0.1702860063536405,-2.0507625331618926,-0.1325140815036552,-0.05261388908742174,-1.296371018536672,-0.013733717531230349,0.051233195896689114,1.7733515384819816
-0.027046394942590504,1.464442335010993,-0.07542601673987517,-0.07188877269057792,0.5635485207960714,-1.218101113430945,1.9833766069838894,0.003965937763888867,-0.7788797592012042
1.4423802551697216,0.42405707124010333,1.1292636282032287,-0.8910070387487077,-0.12385167717015795,0.45433853388489903,0.9322143858013545,0.23053739591582473,-0.6779384791773329
-0.6963023070042389,0.24082131709694946,0.011713079803857466,-0.7365805959775744,-0.10693347317926502,0.327397014770064,1.238416007329022,-1.1793697654271824,-0.2938152047470193
2.047822476145196,0.05779552366981503,0.4018615454956793,0.18444822489933763,-1.239058995519963,1.1387262300028498,0.11439915698728977,-0.21747615325135436,-2.457707174463786
0.9887050729495364,1.1713190791433845,0.39201090659828863,0.2649360158058709,1.8875825571288771,0.08799012798622792,-0.1220524731844782,0.3398833146492434,1.954017433405867
-0.1854907790436398,0.2929358314575893,0.8384724203697732,-0.32782881105630524,-0.4875663001725626,1.3587669424707036,-0.2589618026120081,-0.3564544736064803,-0.609800137369261
-0.1499195182901366,-0.26671721680770244,1.3940084969842454,-0.015309973911999331,-0.17266724013461596,0.4099196047499372,1.9487363306581926,-0.310428210337219,-0.8648737859825733
0.5654659959238011,0.7199988472469803,-0.2334145111004792,0.10217967137708747,0.030365922873179654,0.6081573715770924,-0.3725355430814493,-0.8085272062723172,0.293532377368756
0.23867752264848552,-0.7914673204363089,0.9625540020646276,0.3160502816808108,0.41559248520857395,0.12703757745302285,0.5761730922753948,-0.6549541194298859,0.6896242220805167
-0.1800852624439277,0.5243666689315284,1.1963178072371605,0.778623882174527,-1.3296885861279,-1.2847301398746283,0.33659229662014956,-1.8946545329707332,-0.001982698634636069
-0.09228768019356819,-0.7434180774462318,0.013878363933175117,0.3896453965641263,-0.3801467288830393,1.4695476702781824,-0.13454356289156638,-0.1290465385502027,0.7712306150096211
-1.086018630212044,-0.134525370649756,-1.9322171345314565,0.24565430408441166,-0.44509943177124806,0.4206887664642934,0.3094866671477105,-1.51988894444128,0.3371979324394199
0.19329427791742004,0.5579168734353037,-0.5590980330887445,0.944420120653036,-1.7930200125231803,0.5244025231301417,-1.8741343458678548,-0.9720821590557043,-0.968856859183988
-0.10494349721601465,-1.0712079331535604,0.6104233702693027,1.3580887458030246,-0.5420146534712678,0.2912060871653346,3.9559427806134173,-1.1038600591816345,-0.2791460073504104
-1.9240144301503008,-1.1083623544350028,0.9869562306307831,0.2902725309916403,-0.8618158396174992,0.8534733604551147,1.2773991669438272,-0.4966010570063197,0.39271369764119474
-0.9194566795546366,-0.398300411127783,0.3736663773393256,-2.2712592002706713,-1.6405266845676187,1.3568939326330935,-0.7770097928768903,0.22279434124169525,0.22370211713738064
-0.00770083142124946,-1.030773914058111,-0.21059482706067656,0.6048004996576876,-0.20715035780439,-2.0742045784232825,-2.2876519238883577,0.21274618041415613,0.10075394079545047
-0.08249340293264729,0.07579568480832766,-0.0679573001079667,-0.6254311077138937,0.6907474785122295,-0.777176302106995,0.40125004329962916,-0.24122673781953535,-0.7781485968299163
0.4430028082099366,0.3568072620516854,1.9204927894683965,-1.334160141299167,0.05054074780079838,-0.5438665757607646,0.6105387460722894,-0.8627003458450024,1.0757669059438548
0.5220911893476251,-0.9570431849137647,0.0946773479249087,0.08811651164928593,0.6131395397717812,-0.026333060098994568,0.5047131267814509,-0.360635846288373,0.6382142160929785
-1.9009332953908715,-1.5145633596441668,0.45325250610968904,0.6124932292570783,-0.6358142984681527,0.44114681673888934,1.0133019209343626,1.254780778728273,0.5133737775851812
0.11711445772259534,0.9278337948319081,0.9770737491300279,-0.45866935479683113,-0.3333913721959464,-0.00045213293348699007,0.4453853120030121,0.3295946575424065,-0.3730336399250179
-1.2670217416798184,-0.6284250465558133,0.305323895633436,0.8526895487703661,-0.9938736265730985,-0.48757682231749183,-0.5387936022413009,0.036969344092905546,0.6871555107829285
0.16646983099116022,-0.23171458298452077,0.5661935916816467,-0.17679538782443086,-0.4272672816598994,-0.5698989133142706,0.1040711899554456,-3.7188258484652765,-0.2035084490584109
-0.8082044065566152,-0.371776089963657,0.2868660294542823,0.28450297281599835,-0.1596817326585267,0.8356488139094507,-0.4727526334478284,-0.7881782774723859,-0.3405768683203111
-1.4836196838283209,-0.13185159037662664,0.5228750153102968,0.5224444478216008,0.22463178988702404,0.6047063998483039,0.8968135916606098,0.19137317065507647,-1.7317554954832455
-0.392606293001605,0.45361645432510217,-0.8496540391925316,-0.028231329477936416,0.21440820004139413,0.06629558081648969,-0.483311861825708,-1.4740546488564437,-1.7499344453177694
0.22836252793067305,0.4809308735591929,0.0917923493567889,1.8045670628672066,-1.8045998038634912,-0.6643537100991402,1.1386273120668395,6.002198718069721,-1.955560857475358
2.2021353594767947,-0.022092088062266438,3.067851720657775,-0.8828231584243791,-1.0142906577012227,0.7445379640180848,-1.2245929239604363,-0.1274525650707806,-2.4156027569399967
-0.05475824431736253,-1.1139750354949698,-1.2441507995740595,-0.0735932381939316,1.7598685207850642,-0.010562919197474875,0.3089941776828852,-2.6695919319593204,0.14428557778396306
0.6050661287940599,-0.2039710423456691,0.1929709167030511,-0.9009209383405663,-0.027912255836022692,1.2499958880874011,-0.20306917536507657,0.2719435307300529,-1.2532928514716641
-0.15279279654029485,0.3805872784956234,-0.9091408351217998,0.15276837167796326,0.19558196595185492,-0.5795321605802005,-1.7102011349593906,0.12707509898767486,-0.04239346393522442
-0.042302853454016284,-0.32916792410862233,-0.019799223697646123,0.42165983941337415,0.24400539510392238,0.5941722131156866,0.42436636301300235,0.2823041285385689,0.2133009635447594
-0.21378361652746375,-0.654358394997759,-0.3243982997818304,-0.275010941722867,-0.23944026545968136,0.813259987518753,1.1768184379317466,-0.30142348459323587,0.02745886968489036
0.5677551867410253,-0.08692235273567603,0.583643466228904,-1.4043641220861662,0.096816515374396,0.48593363586811766,1.881421000962906,0.1676345693834661,-1.3685029077492477
1.390488737777568,0.27578344678676514,1.434915408754543,-0.8528458411746912,2.7464167950732374,0.6739311713107901,-0.6234411885128861,0.1953372456504598,-0.16204791631486598
-0.4062606508107222,1.8088746383656311,0.2550275171365342,-0.6570485781932378,-1.0418445385495723,-0.20237716087315935,0.23847039177829618,-0.20133339145455245,0.3775388202767092
-1.667616035346631,0.1802698636524197,0.5628257284264886,-0.9619278374999644,-0.09072724658517152,-0.3413409785317946,0.600607569371075,-1.1377724933140314,0.21377488437278416
0.06388061984819286,-0.16368645523351208,0.10313273039684778,-1.0347464622107205,0.30201123798563384,-0.05903960922199392,-0.8832643585808428,-1.3802249753518812,0.35035401499936686
-0.365199621173477,-1.3703476257059146,1.3547644487596677,-0.4873641191504456,0.0903475518398107,2.2298333931104812,-0.14550138584017375,-2.1819327218678626,0.5621556532261305
0.5848696861724239,-0.260695590302154,-0.73654051625948,0.6273674046365257,0.33107988508313696,-0.12843428970080603,-0.08117789773866634,0.271009191423743,1.9997551680887944
-0.13047045470191093,2.6099660696438796,-1.2439328375100605,-1.839330436269749,0.30677466183509255,-0.23186597763011307,0.866738593156652,0.39849632343361757,0.11635780384510308
-0.12004459808791443,0.4326169832592463,-0.26731091570810184,1.1654356007053528,-0.6583980990123645,-0.12532912707460997,0.19609673247060264,-0.2569073226538128,0.39901904888121953
-0.42191286298587855,0.39972231289881366,0.03373850256711237,0.10265026457216334,-0.6108571872623006,0.8408819870513936,0.31294113232367826,0.8544281552899818,0.055344878430699185
0.12495417688503582,-0.8379318661055852,-0.37936255419954024,-0.0965302338631919,0.3077276857498024,-1.3808359418089335,0.730716835214247,-0.8401196346437444,0.4375905275103003
-0.8283956434761202,-2.2239657717830936,0.28300852215834266,1.9191486905618582,1.9760726681206382,-0.06175220868458045,-0.5211761266804823,-0.015148223249375838,-1.5551384877627006
1.6834082517498494,1.6938048556106085,0.14788553788837303,-2.42605164722004,1.5642419680975232,0.006484020818952775,-0.7104583679177235,-0.1815618466778675,-0.9315614427526785
0.7360134105572744,-0.37232960346000205,0.328121163729797,-0.13566932939100398,0.26466021488267644,-0.5170757741181992,-0.9432913488251539,-0.09155118867199849,-0.6899931182338523
0.2683544514881585,0.13657532454653795,-1.5325525739456574,0.6662903382544165,0.31845575043192054,-0.07363553415330412,1.5866433078945272,-0.31819548493915145,0.326323325541923
0.983766997784103,0.22591368461142702,-1.1602601078255215,0.006514475617486202,-1.068747351162131,1.9996640914452022,1.4151789109272503,-2.8058597746260903,-0.4404724220861745
-0.26325129180487306,-0.06053990171498534,1.0836874077631766,1.578443670851978,0.08259102912743373,0.0882678699429963,-0.5699579011648298,0.49512498496029944,-0.598454448341965
0.11132391694233279,0.159469508203826,0.0020959350131889982,-1.0244879355175234,-0.7920977365116315,0.13095391662178663,0.20242609213653504,0.9224775500278827,-1.4790208409818475
0.5523984420051178,0.3097692792921454,-0.110336578760364,-1.083789391950462,-1.6685488524133048,-0.3799440388657803,1.1464539718108835,-1.2280746417900992,-0.2601971758494898
0.7814948977994006,0.7264155239610737,-0.7518847436741359,0.2747282515799804,1.8112005964563938,0.6258697809242475,-0.49561065496392076,0.6461913920018904,-0.09963236063524325
1.251799279543131,0.14109018691909067,-2.3764915809687843,-1.1901707855630934,-0.18917039709143346,-0.42372433791001063,0.87024669883439,0.4792951606751978,0.786657124105492
-0.8090088866943526,1.3973524073333012,0.41928217019788144,0.3080499861778551,0.15800177246484734,2.3731974976324914,2.876309249360096,0.4944204314622486,-0.3836316542603008
-0.07752433826449777,1.6643416026086915,-0.7736992443012658,0.5670554137277796,0.8236752981235698,3.4817000249801446,-1.2021418371634056,0.17547549221650702,-0.01796752437445074
-0.04029493540157378,-0.1528764735502748,-0.5876375520021518,-0.21959039531574026,0.41708822164852255,-0.037968178187120505,0.7284363093426567,-0.3765435386309826,0.9426512873394315
-0.3298250451348235,0.0652012972571616,0.2809408430283468,-0.21574771878915192,0.22880365159686739,-0.8362719217430035,0.19920644517741917,0.5621113412624399,1.3134186989066166
-0.05277493499092892,-0.5115395853768886,-0.2688925081494271,0.6721364827952231,-0.24746391757021383,-0.7170462893317744,-0.23656754892124612,-0.3533462726518946,-0.10657051120938504
1.7972811613904323,-0.39993268713343794,0.8038189951212104,-0.1556950141048153,0.3537969801706467,0.7198574604849383,0.06260784146192064,0.2155667319482338,-1.714065101743772
1.3324183969858376,1.3179613582697545,-0.7958315958589878,-0.8297881321651348,0.6569559877798796,1.6045110919664838,0.48179334066865337,0.775863906324931,-0.14560141452092815
-0.2736515853832885,-0.5235024953284538,1.664961341831584,1.309489847163921,0.6490050682873089,0.08192011338432666,-0.591656213676247,-0.9180652425233645,-0.3082192460615979
0.8722125038536245,-2.352750284825821,-0.2140364595234742,-0.6970320702558608,0.6984061898418389,-0.37079497338739587,-0.5233498203706994,0.0801816780902436,0.2123383345935149
0.4807481575718806,-1.0718167390282891,-2.8894279746235565,0.41141768546191443,0.4063523277261207,-0.34797983238057717,0.1388946821865634,-0.18821047020937084,-0.10437450128606857
-0.09589485125359844,-0.0558022433931403,-0.858417318027812,0.2447732865281057,-0.10466928465239533,0.854519919129317,0.5446475702851885,0.45984877430443727,-2.2327388785519684
0.013055174922654102,1.6583945763781778,-0.8511680777751606,2.4472349622854535,-0.7128962502915723,0.21310241800198437,0.6849540204958409,0.866246972329524,0.01841608325309287
-0.312237200173311,0.8083989716869024,-0.7352586689224216,-0.29119653938213136,-0.8869268561396959,0.14922150601217446,0.21445945257760698,-0.6598753987638251,-0.21429416514077046
-0.43123452635778275,-0.6372773687930064,0.7423310104177651,0.5410022080867143,0.028448266690522066,-1.4404898513788058,0.023241916727296207,-0.08688972835939666,1.3813121927366754
0.8631734850738099,-0.14937147137401957,-1.834491626744848,-0.5279401728338965,0.11444180154582916,-1.4544783930360012,0.13856519857481034,-2.858081799549035,0.9355252824552122
-0.7301075026955025,0.819900382912564,0.2462911392709617,-0.3256811264819271,0.6215294382055422,2.0053506114490416,0.280062950588581,-1.0530094765083733,1.1242494759848256
-0.5010218905944913,0.0008839914854633085,0.8597604898588165,2.076589463187354,-0.38411115878997143,0.2694889823238856,0.08239955851728405,-0.47653138264446376,-1.8773176794181305
-0.1591497128589633,0.5171459368357789,-0.3654381894601622,1.2736294225366782,0.1761310723964185,0.20549609993237863,-1.2200922779651555,0.24945328740918085,-0.14279103683305674
0.0741102903951713,-0.413689024795887,0.006039047602424939,-1.9849949583109445,0.3427519448529497,-1.9941671398599465,-0.7589272440494322,0.04028699924542411,-0.18509771554944976
-0.045465058521952206,-0.7326752217022688,0.4638399382857861,0.5564921780794952,-1.7910944520749297,0.4726084292580786,0.6718201458911861,0.26392672856066,-0.48773547036688264
0.08087268878068521,0.68024167142625,0.9083897120006337,0.19889524416734164,0.07586636391781326,-0.9104469886521684,-2.151200052967371,-0.18739914521768875,-0.01919243453411936
0.5373452932241859,-0.4485118860599016,0.3864128566867167,1.1161467208189102,-0.2836204902650606,0.409810496942201,-0.07557977890328973,-0.8927517565254683,-1.482826182418659
0.17400605482617548,-0.3376068749434076,-1.0606079356819005,-0.024198816777558373,0.593651694511036,-1.3201243105856704,-0.3155528842804823,-0.7372707742315225,0.7636050243960911
3.073664346287304,0.5191346615514102,1.1926345830337444,-0.19818707950880085,0.5059837971440105,0.88297422465272,-0.2851647786663819,0.3086980251471242,1.107217474337698
-0.6109180806819285,-0.3482266809863033,0.36235057922358066,2.6020755252025984,0.020112206495796873,0.09947966200200527,1.6632780569463765,-0.9215954617725317,-1.1387961498559893
0.2043174819152823,-1.737130197890588,-1.0477514305140343,-0.0770410084402884,-1.27292857523586,3.3426590986148783,0.04397864003510323,-0.07315622119463304,0.2089011882562777
0.2986664500515195,0.7231021379962721,-0.24409102508254368,-0.3428376608316,0.10952419468717287,-1.125679432101093,-0.37823046782605324,-3.346739271865911,0.45619738212646954
-1.336702627216871,0.8540393753999505,0.8119963092698013,-0.628255519841791,0.45364175501156473,0.6561017517801084,-0.44465119690564725,0.5480543702699903,-0.16403933629772904
-0.9905991939117569,-1.8227386205811646,1.5132757667885857,-0.0874038541382327,-1.7083161018664044,-1.0168820251463073,-0.23909603014954106,1.3569739437333062,-0.08097297926657658
-0.3329737123557692,-0.3936497789391097,0.5487377092531638,0.5205259647648286,-0.48227711512824223,0.07329874619937082,0.2415626295189262,0.19457108605454013,-0.4865552317931665
0.006886162519437041,0.6658098578631839,1.9889720071505117,-0.5170499753138733,-3.192258898738354,-1.1334733774223038,-0.4812208212811529,0.7938488283878443,-0.7193426882189757
2.597389508434419,-0.7119240932817168,2.1373853309874398,-0.34969145837043913,2.7895524971838723,0.01697539949360319,-0.36827874907057506,-0.43987833355353867,0.2723522278865653
0.2291412522289357,0.37524193047719473,0.9711991629817792,0.3620105840427839,-0.9246741206057876,0.577060752861935,0.512458427845877,-1.1761832875536946,-0.45461197521229946
0.12242963680621122,-0.9367875208929887,-0.9980700464402776,0.27972124155045075,-0.10176430666693043,-0.0365262586778823,0.15630552689260058,0.6294942373930748,-1.3303589512016099
1.5582818792772901,1.9445020191601412,0.809143730774309,0.2859072567768089,-2.9444381377966686,3.6822469969176908,-0.21167546363213294,0.06042161011878881,-1.4335696049076276
-0.5095862962998275,0.3011112193582928,-0.28339334330205557,0.4093558906696504,-0.4946621690416303,0.6306750597677492,1.1168979624222737,-0.1378323685392693,0.7727110151772824
2.392061114318702,-0.432201241178323,0.13427457601254497,1.11369671504236,0.6048271169426874,-1.2632740537379148,-0.855328904736781,0.10135954013232053,-0.8956229811545123
1.3917517960674903,0.218812715646745,-0.5564048496274743,2.5503326440479004,-0.07621771945757377,0.3665247414722166,-1.3610617683470883,1.026264833621508,-0.01914472430667875
0.2975394231922818,-0.12134386916949712,0.1582799978320685,-0.3653900797434154,1.6189742151427113,-0.4024805554885076,1.13300583787594,0.7511542582532397,-1.2040536875376273
-0.7129180917036398,-0.9157090887472875,-0.2507795807783372,-0.16027918447210904,-1.5367892609521563,-0.3678826916304416,-0.0721113320933873,-1.0668260655318555,-0.9536478584444223
0.3995467718724907,1.0731572501834958,0.6206064031671703,0.46408270439829324,-0.902262013654745,0.6761535366382095,-3.7316950878034802,1.082058108308967,0.056172460135796416
1.279708971132013,6.858811964432656,0.20943835001976832,1.8649077476650457,1.1262050039053557,-0.026084486022279883,1.8341171843046231,0.1514387547137688,-1.2037212821446386
-2.262846427830827,0.012795466419459828,0.20874814759161148,0.5290574357218075,0.6907335220529235,0.37896511835917435,-0.6506103582699356,0.5888563913999479,0.3462522802498432
-1.2188136889988932,-0.42494618349830837,-1.8583413317646131,0.8329650321171777,-0.6378413260759777,0.14673100850184184,0.7744095354882407,0.9899588964127453,2.3403742321707166
0.16527720762165454,-0.3865847942485549,-0.7952207027984792,1.0133011258928035,0.35101014430091193,-0.1908278102727959,0.12669486294464247,0.2785150084233157,-3.663386704514841
0.714098827302971,0.00473408911495303,-0.16688015315590016,1.0403589362908519,1.6086826738422253,-0.005114455904096768,0.48138420877188176,-0.14592186420430672,0.3473763743830733
1.0290076671679074,0.5679535152740128,1.7306437597136812,-0.2330030183548321,-0.27055490775863905,0.13390716446193165,0.8614981033465643,0.052693605658052686,-0.012484059933798392
0.21981495836206613,0.03337057801006223,-0.5459822816209626,0.7681976193668534,-0.22279469894302217,-1.2076021449775733,-0.2476426515801898,0.46109881417212556,0.10077925929401957
-0.9734046293514772,-0.6942950745865201,-0.4150609683750452,-0.8515349332922433,0.3088226459886349,0.47093968271951836,-0.4859162735192232,0.2031470885592922,-0.6272600941847455
-0.23116639857170296,0.31541589682846777,-1.3774641664372802,0.3372246792873279,1.7041863882819712,-0.7682242212221309,-0.38659096194727266,-0.09153390581519852,0.8392715601290818
0.8247666647799152,0.6481388268810961,1.031274310240955,0.2983033611479952,-0.5120534442670377,-1.9059429085705057,0.22693014702336545,-0.18532369595867884,-0.9685918439576702
-0.05198390621667807,1.8577162152137519,0.4933828060671238,0.2010131411099244,-2.7394178804367115,0.06373113100463686,-0.042208092760150605,-0.22372190204903217,-0.2799615109633682
3.082922792869939,-0.701828698123376,1.0859564846013154,-0.44982386187048284,0.04064050364101085,1.0791682530266027,-0.5696187974315027,3.1879184162871916,-0.3811750381500524
-0.20771068221200487,-0.40144525986363105,-0.12012560563414568,-0.10928454399419808,-0.11059424256094882,-0.1354599957141549,1.687964447657915,-0.29895157645429615,0.9886615900979421
0.28735234917964264,-0.5624114856255001,-0.21594823404097788,1.9002564964645192,0.0607291554532497,1.487874849973223,-0.6658348632851127,3.493622182933168,0.7075615318725428
-1.2374130233838874,0.03661565643271695,-0.7060128368152326,1.7479187577363104,-0.1281102583424873,0.34071793203456674,-0.7085179146669007,0.3925410967153433,-1.1729563180759939
0.37006416214728083,-1.44341262634575,0.09643048015414901,-0.3962606657840142,-0.17511839425874207,-1.007262834709903,-0.21687239580831635,0.48961989122957655,1.0551029191961598
-0.012427525556156421,-0.3068587394262142,-0.22027335119126892,2.320981416434322,-0.30525902630546253,-0.34630940803167376,-0.16808931345335387,-0.5508022843380173,-4.168084734620644
0.792268659192373,-1.739596574870752,-0.18643799476095718,-0.10547137554524104,-0.25473692140842225,-0.7236891968902406,-0.1556163691827466,-0.3153242569833633,-0.738804491594456
1.2519268534768189,1.1249661036425245,-0.058968266861700265,2.2419928266397213,-0.4363261174755565,0.11588498536772458,0.5169575118579842,-1.5505838081986367,-0.8657864796400314
-1.3722935374514236,-0.029025207559274378,2.0585209853885225,-0.046980404751879444,0.05107711117256828,-0.04454746563146277,-0.028537265111737768,-0.9870711874965654,-2.7270375283206834
-0.4646242605300434,0.5661762790369388,0.3205369038387331,-0.8865078104651826,0.4307693354463914,0.5015826112722316,-0.8581917730540861,-0.6599445703250925,0.5041028312534819
-0.10971440598115499,0.5945286502460679,-0.2962859211974267,1.170463317194249,-0.4295592553804895,0.16536886585076466,2.6799300976944456,-0.5230946209398992,0.02434703608958602
2.1956045497519576,-0.06751794441182059,-0.21710265313398458,-0.059081332681531026,0.003552489892240255,0.2879926930787325,0.6864037014475406,-0.9601446514480986,-1.3750976018882177
-1.598196377095291,-0.08100672669971534,1.2649729258751274,-0.042583971984379666,0.340573102391977,-0.07225367925401521,0.6349370924346779,0.11552959436197037,0.06417637841469212
-0.17505663542974034,1.314989973477328,0.1387460957403229,1.4936425331256682,-1.2711386330976284,-0.8147215902174666,-0.128486055569905,0.47676159022051057,0.1451606651046371
-0.01847628141659585,1.2433635934657294,-0.10184953709749976,-0.3942157144697149,1.3615953711030646,-0.28594634250526446,-1.269844361817312,0.05398453953185029,-0.3612384621504544
0.9238464173710274,4.021913133295325,-0.2636310646192817,0.0719300503981282,0.34452526519421317,-0.4215206024010803,1.1068204265868515,-0.03309448089247398,0.18733085890187778
0.4557799449692338,-1.5347288625957924,1.4646761162157202,0.6033382323508372,0.0788026241930248,1.9422894987576358,0.087496411494096,-0.23548362763185168,0.025896281033837495
0.18097173783391785,-0.12954976121155576,0.10140648830454688,0.6281089199579022,-0.3086336736356011,1.276273507664549,-0.07650264176719264,-2.3529312447660033,0.3050730232124871
0.2082409909204307,-1.5298476835377537,0.22254517362392448,0.6437969538288045,-0.8857457097583281,-2.8166076361298935,0.6969388838886884,-1.2835037164912442,-0.26930898683771665
-0.5834337076550027,0.05832960365240777,0.31233111611468267,2.131799859551761,-0.3787952272536918,0.19295200468699303,-0.24669383402740225,0.612364559582179,-0.024202050805635866
0.08949704186743943,0.29068975508877604,-0.11811128834481553,-0.19915168942245684,-0.48012486402396004,0.796196451502037,-0.0629038559905093,-0.3355527667303922,1.1666117544799814
1.171301035552966,0.5313876588161326,-0.8308272638539258,0.17669968305444478,1.7646238954320794,-0.09571896085205767,0.2668718091265729,0.4159819709963718,-0.005835718323468012
0.4458073117586577,0.6638085855017111,0.4088884732473551,-1.2883035702081747,-0.8762883155563972,1.2365976041528963,-0.3493204140134532,-0.09817767086200613,-0.5112642090293865
0.737522021114402,-0.7721779605171264,0.7168225416725156,-0.5546348625147205,0.8335264856160978,-0.40477647276614037,0.5942440737189584,-0.5625544117546584,0.8416567813319462
1.6921155829088166,-0.9401714483712938,-0.4476496369748216,-4.328223839828595,0.32509954383931744,-1.9331706584892168,-0.8832543925841985,0.13654768488024563,-0.2399266402794407
-0.09417364931863356,0.3699334293822226,-0.03506554321427925,1.118442082441632,-0.12850484844526006,1.9268354659192706,-0.5224674278590874,0.18080186169484758,-0.17010018720166895
-0.08255428575349769,0.8065936717399425,-0.7562643159731314,0.29336511063143045,1.2512817744598759,0.9252449333587114,-0.5189584306387551,-0.8291798649201501,0.618207997085645
1.1909774751706277,0.09965443904432583,-0.21092127310537434,1.2396856276855994,0.956626102169412,0.27962232869381115,1.6291531176586487,0.8258276557388723,1.2266016932221542
0.4196046047437789,0.7619546056370321,0.016215596906052374,-3.0589708586761937,0.04621369329435966,1.5523640674536754,0.06426259034953505,-2.5999461693823145,-0.9452073305963473
-0.563767045118539,-0.2682849223575418,-0.8848624545328128,-0.5486132887453564,1.005161704327162,0.020248524187298375,0.9376422836466567,-0.42785970626765624,-0.8970093852597613
-2.1320063493274195,-0.13351671010019492,0.9374069968460154,-0.2545997765242304,-0.6868872711558902,0.2047314200148055,0.12591103516277094,-0.25472803474554867,-0.3571286570382274
-0.2751613072732707,0.017177008299968002,1.8736017324409613,-0.25161557406589874,-0.1054324401428237,0.26045691066039406,-1.3444802025959806,-1.0116002894861027,-0.2823280152206
-0.0011432920763774848,-0.21130009121626367,0.26844637478928185,-0.571327917246715,-0.7408537342449517,-0.05302814710849712,-1.0497977747661102,-2.4772198067721765,-0.4150746379945577
-0.8425593970706895,-0.4915937513436378,-0.3870492902670469,1.258209174523244,0.2494790361956961,0.3495375186622035,0.5743245091655319,-1.1501715647321613,-1.3405770031776922
0.3760231065396216,3.6319494857055457,-0.19188549044525927,0.5228667268839327,0.17981809622204498,-0.7068213001868145,0.805766014729859,-0.7106855089271432,0.07879249898764715
-0.6502035902961593,0.10714417136080959,0.031793469550865185,-4.531276439520607,1.0080954188599944,-1.0394413654660877,2.1906456404167747,1.004469067148739,0.28509074472361723
0.4347589442362201,0.5315970627336206,-1.0525125149250425,-0.2559163248935641,-0.00858215124916971,-0.4487516462074153,1.2716733756509824,0.184629603670586,0.28719223866384314
0.5053077473046379,0.07456561316273688,1.4665858721795688,0.2918780146721998,-0.12197827350729154,-0.2456732449608546,-0.44778872841194706,-2.2636541231743,0.17398491093468665
-0.06031667558343365,-0.3907044904508252,-0.3016936102371495,-0.008068354058269648,-0.7278959618212799,-0.11140233766175371,0.3230828578541028,0.5012608249918576,0.5126344822055952
-0.1546216410550991,0.1838974869308826,3.3370454906256826,1.0743403131144698,0.1707227780180217,-0.19158748120119212,0.6414479121964242,0.260464553331726,0.019848237595300064
0.7821906610751612,0.6413029176196136,-1.4419589384130638,0.6315834035507474,-1.7208150639289017,-0.32694665887542773,-1.339338273063886,-0.3414498802482725,-1.4017977997578566
-0.24548451506466903,-0.2673043203343559,0.12756342417161856,-1.1252490139732758,0.5342314379294811,1.5160857219588606,1.3693381304936063,0.32101103576355516,1.0805473745624918
-1.2171970744553613,-0.1059043159432508,0.9508980414103052,1.6103203334787284,-2.4474294227724385,0.5853073281606065,-0.6338691830795052,1.128968459127742,0.23669057153666054
1.319705051495645,-1.4872688225962218,0.10730369503040219,0.0311527607870869,0.37874609879316895,0.19461309355272305,-0.4834305948059031,0.2786173930791672,-0.2036763425013602
-0.37951763058629256,-1.7219310992489585,0.2233694360979765,0.017585648770066548,-0.6743912001236203,0.14757210305523402,0.3680048413441452,0.1320837641416754,-0.006910905861049297
-1.1314712046427808,-0.5555858607582915,-0.8778478883515572,-0.08745909058861247,2.3076608703475925,0.0019731735437246594,-0.19093287817543583,-0.5061036453128662,1.5002616521025205
0.3336617259906986,-3.554220205087916,-1.1743595741404158,2.9112076407279766,-0.4999397290756079,-1.7302914365845186,0.1548657666919231,-0.48803023259253747,0.685312560490266
0.33688346598053387,-1.812775781939834,0.6076419374063555,-0.019354237735027813,-0.22910812353022633,-1.4670892784079281,-0.28343341218868945,0.2755657358884604,-0.29501980535499184
0.36738464220061906,-0.34475059505770955,-1.6772242797932129,3.1832343056648313,-0.5935281764857882,0.057281392540793424,0.7635651537326567,-0.15025146310451362,0.22143245338015488
1.2499307498138486,0.21002295430561183,-0.14342262403442688,0.49773357627276155,0.7534236778024301,-0.160421612109556,1.3811636964428895,-0.5876913626293193,0.37311312387674966
-1.4100084864055569,-0.6237248958442456,-0.28936572463716576,-0.6682936651294127,-0.2178856302592286,-0.8856144394333209,0.2386627761048404,-0.2407504835330269,-0.2286297314795894
1.609672182239693,-1.3754433088025677,0.009995944598388786,-1.1770115560177996,2.588379389665709,-0.3448095568979732,-0.2694043241197498,0.0451650769371659,0.6465846598870951
-2.4681246150770666,1.6233784308538923,-0.09785143023495785,0.6997106972915693,-2.3337730746071212,0.3346812934852245,-0.03660591150395404,0.20205129058441287,-0.12372835105463628
0.18086182006574886,0.6365486591252405,0.7446236659521961,-0.8525027030489897,-0.4923712423066332,0.5133341119586854,0.07442436097985124,0.387567288675528,0.18217798896029333
0.12226762740787048,1.184416506888356,-1.4317466563307468,0.28343796064532883,0.7566295029351907,-0.028629498590892984,-0.5349967785572997,-0.8808532437225234,-0.729204086748552
-1.430934745513058,0.6516817349017764,0.09631425147236815,-0.27492137360377866,1.6213876490413115,-0.8177207078837411,0.929797184182893,-0.4436667184222178,-0.39695713433641805
-0.15300059590321688,0.10012454788470794,0.020207792982310426,-1.3536452524421925,0.0486785062325298,2.7275388478965166,0.20394821404595412,-0.6936800329467878,-0.33306465302493476
0.2416814295480432,-0.09045016498424313,-0.6024879973012545,0.45712736202773613,-0.261355800139251,0.05399229635367995,-0.45369572768659033,-7.012795536375034,4.391062735999596
-0.6747042081959327,0.551038285797194,0.5968951935060983,0.04619431049849485,1.057154542623244,-1.0265413482635246,-0.0853384776009123,0.24908266102927093,1.1142291219795535
-0.05114236145530076,0.32176245064457154,-0.23565025255924676,-0.4662065291599597,0.658085279486301,1.0276944227297036,-0.18052114264532915,-0.4200201063445971,0.6814406978124188
-1.1575594247626169,-0.9519207107464737,-0.14603946957685263,0.6175659594930146,-0.031210271567461638,-1.7986134590568892,-1.720418365862861,0.5083842278190058,0.19270970679406393
0.13003637540606025,-0.2870972557368496,0.2279397797272163,-0.003401586527842591,0.5647191847046671,2.0849905041166337,-0.34695564659281264,-0.5580676445940684,-2.1016411575559824
0.9526309431441323,0.9807803189659985,-0.3355684697462941,0.23000244580408194,3.0681033802570394,0.20016730790592624,0.10136850806843496,2.0062977236871995,1.0137323703653485
-0.09802706674399542,0.014887507332244572,-2.4378121364306327,0.2595793475853963,0.010736410600680115,0.26077252895608344,0.045909420730484415,-0.46337949456654204,-2.2399316642775196
-0.6018125334136234,-0.21114313211683838,-1.4422756955836615,-3.208822481886975,-1.9039374474234805,0.025729894299358586,-0.1821120237543156,0.4812241884863527,-1.7489021004402396
0.410763920076865,-1.4686659635073096,0.02545978597754446,2.352251401097147,0.7342962700583529,-2.01947568265529,-1.161030422720329,1.4739030166486229,1.0568003549419442
-0.78966386747819,0.16123930376741308,-0.6858928091212448,-0.7699580028933045,-0.4033633673456584,-1.1049041177860024,-0.36368514196096685,0.14984596111701912,-0.23360228298155683
-2.3908722764889996,0.6977908484293435,0.8300883758897678,0.1755007695131269,0.31902780718959795,2.1904894164141218,-0.45329176394718484,-0.1806251577935546,-3.562210174011973
0.11384187669880345,-0.043089549673561336,0.48000568466073185,-0.05618508094712179,-0.07603314123087404,0.5118007621133551,-0.10617480169189922,-0.07761306643461448,-0.21149011671420181
0.47727197783992115,0.7690580749339375,0.611291236802642,-0.2980458471354606,0.6231769025895073,-0.2548743754341998,-0.536862535643322,-1.7777613176874347,0.9262705722717075
-1.7977647122704774,2.836724319648875,-3.936382179535115,-0.8864987010049922,-1.5727633123326532,-0.2138772207690568,-0.08665975321457908,0.1910281228861005,0.19867481911964932
0.2840412632607506,1.2015597555716475,-0.16527849700243646,2.6783326474994276,-2.125300510784205,-0.35981326258357116,2.3451103729488425,-1.1798475328908755,-0.16783058151834485
0.20623040220863365,0.6494922452640918,-2.0777366570248263,0.05864941058082041,-0.726545808843142,0.20922339955755476,-1.0221360385063725,-0.2173535514184962,-0.11353995535556123
0.890790531492218,0.1818672998990728,-0.25038276151010447,-2.0191095725649175,0.5983532172614412,-0.4308050396530455,-0.5259317477260145,-2.6441735349343563,-0.6046433398059353
6.1903740980085065,0.0017530175627509712,-0.8468727223033524,0.3997634090367016,0.535332303212638,1.3557573014586168,2.258992054199095,-0.6117015297948896,0.2206365708346245
-0.41019815389563485,0.5601618177334073,-0.30912000619771335,0.2756914700537403,0.30881347386006563,-0.23515426118540458,0.04788305855696369,-1.1858261200432076,0.46178991023830174
-0.7774741558533554,-0.6336737213262873,-2.8108875925796175,0.8741164089369186,-0.7493952329753445,-0.11661483910734875,-0.2918688533982487,2.3293143476740052,0.4573787273510678
-0.5936644132761828,0.008535802209584189,-0.14376478871997267,0.1295305612513678,-0.04298413024444867,0.37563998988789044,-0.6980563866900092,-2.0390903889996155,0.23339540716271734
0.1037369542797916,-0.2581612931071854,-0.8585423975813942,-0.3429054982340023,-0.5748079413779569,-0.1376726396620449,0.3293366438592879,-0.35616306270989273,3.146880173533427
0.29639625744899123,-0.42783154778819366,-1.963296250222337,0.004337764307076188,0.04909996085974707,-3.6656657974485722,-1.5869881460215958,-0.11053693368573594,-5.204911834541529
1.1915356697541706,-0.9950996774909422,-0.37255043105046426,-1.0348984530907732,-0.49257101946101683,0.20288244653961732,-0.36536522293800566,0.24161236334523084,-1.4781392463439902
-3.188347447445726,1.2484388519387393,-1.0448415870902577,0.7132573091449581,0.06914627190063984,-0.6555759059959856,-0.26428198059042385,0.22185205605924127,0.3802247365909959
-0.34753754622668215,-0.23890028145850375,-2.263668399307965,0.6075624493242492,0.15192059544928485,0.5727938141090714,0.9355560708884726,1.0582384316419833,-0.2229866135043773
0.48831808524378784,-0.1378323553501603,-0.12747998638312738,-0.8004768214934916,-0.6867003125947978,0.2604455369913112,-0.9209770107392842,0.3584744054728164,0.05573280167727592
-0.23695213793156386,0.014898454600867306,0.2582217601641747,1.7826699760126976,-0.23299250156668855,1.8087691514271103,0.715218750505616,-1.5859264092613983,-0.7621242644982908
-0.5263552300154533,0.5153467268141754,-2.540180273571347,-0.11027019880577014,-0.43529040403825,-0.9777061333668482,0.5251940251369807,2.795217381224498,-0.5178124871674968
-0.709182324335762,-2.985374615128452,0.6986224592483755,-0.19859104126431287,-0.9432626078625225,-1.416328206089445,-0.6507650013950618,1.45039050091954,-0.2000660977984564
0.36092087319243615,-0.8704755088109675,0.1338770778898983,-1.1541184518061398,0.002832907911171902,-0.175840198366878,-1.3973110851034192,-0.2851359449236454,-0.9478014209713734
0.7478710387020815,-0.1830594912642316,0.10755384692613577,0.13243056583289275,1.1336644727753338,0.3206022943794218,-0.9902067164656984,1.5239586070175095,-0.5728875882146793
-0.6479900204480299,-0.019974788619952284,-0.666507630632811,2.6634138076038667,-0.32405179376909865,-0.21436627867059738,-1.2169381554758607,-0.17318305986305527,-1.3763772224823478
-0.728418736188643,-0.15068438428693223,0.2046646623029442,-0.7777172706176176,-0.8770600090421228,-1.0261969346663613,0.02169203211251186,-0.17019793642424613,0.3126700638583858
0.025514000697190384,-0.7750554935464502,0.3069208919617125,0.4421180492154054,0.21078707279964015,-0.7757357116478796,1.625718220080171,-0.23833948330084023,-0.11634963985790256
0.4507212351632907,-2.4708218630596357,-0.02462782094669576,-1.560858223322964,0.2663080146927372,2.1149368159095214,-0.17925016352460443,-0.2480207588876218,0.5707148792400076
0.18185402224682223,0.2390825084488742,-0.9853962749843576,1.1595712813070838,-0.678569955404733,1.6978088491635097,0.38053945436379677,0.6584364390472186,0.3563538685479141
0.22457402414023164,-1.1076148253363678,1.2338445519309325,-0.5668938079802942,0.6086156826009115,0.7571430374801137,0.08257474906902776,-0.29020646435691744,1.2890563739545602
0.06424345369776573,0.9046931711542022,-0.1032941464587544,0.154615200458276,0.09321984376094244,0.20023893382412955,0.30591343474736776,0.558144973691138,-0.6550213742659575
-0.4199886780470248,-0.16872567156406149,-0.3443211179734066,-0.9752998576253765,-0.9818730472504777,-0.8064120642557194,1.0015907304949516,0.3757476209588873,0.3580250581796757
0.0598006315590418,0.15285575341065596,-0.5527051548505904,0.9215091646113265,0.031415412620447655,4.196314106835964,1.3702991967238378,0.6283245591728134,0.4850973150365916
0.11903769347004593,0.6704485616922543,0.04254538608651888,-0.6200914580468537,0.4908467213631713,-0.3200924384112611,0.3539493864071654,0.03126914846287566,-0.06656880402899504
0.06388351784396754,2.9620503886433855,-1.3177692102202851,1.347835764921619,-0.8613750618761126,-0.12950045004406893,-0.6123534174783143,1.010227623021624,2.1098886646883406
-0.4191186281536616,-0.22012528372993526,-1.0141431147400577,-1.3175648702807534,-0.22692269934063913,0.2764985958202773,-1.2391758239742003,-0.17487767260615927,0.08346103100110756
-1.5620746909656262,0.14969713769769238,0.012654088628734211,0.031021833430725294,-0.7357413624567425,1.1441830302986835,0.8918923043797021,-0.6387249326896328,0.18230118805723922
0.09449161116970087,-0.47974950008915135,-0.7889679514824027,1.6255025299811088,-1.855300523560535,0.9724208406827551,-0.9251796020432771,-0.41369930040699066,0.3717902700843153
0.3632164692134674,0.193146700437277,-0.19641822888716817,-1.9449402903050517,-1.3087160845429207,-0.15581137551170687,0.28565044093528086,-0.07252608488690043,-0.2692442036382638
0.6621676686286592,-0.10629472131523876,-3.017003278429262,0.3797315057314721,-0.8616878859477409,0.27593453227983694,-0.5818885779974066,2.6108673391656816,-1.0943832001982676
-0.15448753946268198,-1.7788905731001154,-0.4420233936624577,-1.3603067312800805,-1.3267045751474713,-0.3719980826729158,-0.7432841543238249,-0.640242342457474,-1.0258286915477413
0.802889718390092,-0.6228024124930435,-0.2309413077292465,0.7121257673324486,-0.42467594283263,0.002311928592271804,2.9552666861887107,0.11738422171155756,-0.2363297840879352
-0.21257730737928912,1.0581530576121025,-0.569002954019321,0.3486670501104104,-0.13930759441263588,-1.1774796496048892,-1.8569832018773815,-0.572142950054209,0.3540310119013383
-0.5804722677318109,0.6108119699793723,0.47503829490564675,-1.34636637572548,1.2860292305891856,1.8347912384457357,0.061713232163174245,0.4567599958156666,-2.0961002311451993
-0.2485887162580054,-0.5993484864701103,1.0461925599793214,-0.5240592948730977,0.1426086714932538,-3.551699505254051,1.6023779169613257,-0.13289549942125845,-0.0608567021175925
0.17569436614858921,0.14138157946956975,-0.19086495258506075,0.1817470314707763,-2.1664936175226495,-0.22026517744537016,-0.03617565120108268,-0.7380480698442963,1.1715625519975388
-0.38022916450139593,0.08278960524516908,0.7433682638400746,-0.1534657534080657,-0.4003219254612656,0.9740125699955816,-0.4179184611165996,-0.496850778408832,-0.4657959559739135
0.750561455115986,0.055464579983718294,0.8499387213356675,0.7236173837263441,0.08331619454343514,1.8063599354710707,0.5027163092605165,1.483830737151497,1.064325844782992
-0.020280009715847556,0.062379574714448834,-0.2920688006127103,-0.006411120992544926,0.4965978054408377,1.1519245366200677,1.099044144465563,0.1304481265787379,0.8454827724068209
-1.5046593829494546,-0.10434339087909471,0.8977312150867601,0.09919212268805877,-0.09387719738827228,-0.041966535031007446,0.34189546821142386,-0.025011184100611202,0.29090499691778543
-0.3931111897842112,-0.03550662171134688,0.6579964000549426,0.4389553443468831,-0.19178392136153957,1.4886814400724908,0.6120287863387515,-1.00797484764174,-0.9648151023737578
-0.6685008524036904,-0.21710566231955536,0.5386511693678799,-0.08249877698156481,0.2154711806880887,1.2966430987182351,2.4834063753099582,2.022050373335179,-0.6829424193885338
-0.3543585045837513,-1.6165968436195368,0.6923178446417071,0.5027764280813792,-1.2994161181383186,0.31846925205497745,0.1571611424633762,0.04902026404086474,-0.8239112189159875
0.2300684586695726,1.2346163687806924,-0.4665180553400134,0.4693655978264137,-0.007305302675552766,-1.0068795157038963,0.35680752487426204,0.2683934075326353,-0.611985706426015
-0.22878868339157923,-0.20642372502603218,3.2949040148963316,0.0385519508716653,-0.12711711264794062,0.18181480163232297,0.35320121041003233,-0.6070790200938043,0.14904809125650978
0.0028223446241967876,-0.9634872253897806,0.9817627746829026,-0.6362654967471125,0.35320860117739755,1.353539311856683,-1.7512708869298386,0.6322077609480804,0.086598238416954
-1.5761217869559068,1.8647682721921766,-2.717287174456041,-0.0767902743801998,0.33905743988739767,-0.31082252165062424,1.22014603178368,-1.7661060375120814,0.9098402442970744
0.8977022107469371,-0.4569577634074374,-0.10625368344900508,-0.1511954939173669,-0.5973791989706871,0.12145923799149035,-0.7628662074189911,-0.09138696407000022,0.16403864972497775
0.45474082700833957,-0.5581691137682016,-0.2657072145596602,0.5615723363509293,-0.219748295754465,1.8369413791081781,-0.153704386682119,-0.6851307682526667,0.7419251234271483
-1.138044137298666,-1.9788226744876074,0.6919203911387148,2.629382388455596,0.9268899196512428,0.34466073540600195,0.8501907396502705,0.9573206232724926,-0.5700145710810606
0.19501504188496463,-0.9014337254840319,0.9430135289265769,0.20080193556586037,-0.0917801062641521,0.7380563593828529,-1.149476138606181,0.20316425186265968,0.4487888719439863
0.5435777769073791,0.9846168616547721,1.2381362689192539,0.19307832692112412,-0.2655619731100972,-2.0220677481960836,-0.3855976406987602,0.4090934380477839,-0.5437931483682965
0.03520108814695924,1.036382605958938,-0.18793132366346885,1.1574229907560953,2.372763169396676,0.6732333566842768,0.1457090646313275,-1.5414890651363162,-0.3181845708448092
0.18716396497536367,-1.2211016582712002,-0.9970823113156415,-0.9933095700569613,-0.2809602302752034,0.002238917898272629,0.4589071109461268,0.04154504556364381,-0.06997575266339333
1.1444282702007427,2.0451299250397814,0.1568383573608437,0.7552231305292639,1.4615273316158557,-0.331579984766592,0.8244142746504345,-0.6980394103261895,0.891120146106523
0.7081506869144788,-1.0399337756503235,-0.7021604157141419,0.32629377134609605,0.08877895600714132,1.2492067620040923,1.2379473269675403,0.29837264818615006,-1.193561325205915
0.22122684933236114,-1.1538393025948663,1.0740416534002872,0.1473158087335908,0.6375087698958891,-0.23421621055301065,1.4376454272135772,0.02129697704049008,-0.6506480914861563
-0.009339241421958376,-0.020869091036764247,-0.27037849020553467,0.004870518951554544,0.06816290433659841,-0.17968860442370943,-0.3589800170292019,-0.13740020640114578,-0.04144582407665795
-0.3403640420797391,-1.2753252798616388,1.208489958620476,-0.3265951965737975,0.6935866471827867,0.12945247799576004,-1.0412204329073156,0.06895186873780233,0.3715063866019346
0.0991315606552356,-0.34337496875071727,0.7079735345074231,-0.36079485067100847,1.0030303321211775,-0.0759543456727042,0.4730599965076243,4.019769212011131,-0.9124226953629849
-0.2535347279989249,-0.14591640432131128,0.47366876469642727,1.1068698809159065,0.41047256389828024,2.3429258903490218,-0.33896361115305595,0.5392863802103406,0.1251232607881857
-0.1788851987152368,-0.4705913538555108,0.15494319131527906,-0.041588638596215734,-0.940576738108351,-0.5645459966156363,0.41888332022572733,0.0702429868314264,0.010045200329448353
-1.1315937079111282,-0.3225295379607566,0.90707963082343,-0.6639738039769014,-0.4248005512345843,-1.1471560185682328,-0.09717546351337733,-0.5126166674252879,0.214348596486828
-0.037533061828170636,-0.19231307674271467,0.041620222422682006,-1.0329197255477933,-0.0042587011078260815,0.5265971999390066,-1.6947151588399936,0.7731677546463286,-0.0499525476068204
0.20372082333739355,0.8993996197542443,-0.5249726567730941,-0.04746623455836324,0.011684946870297802,-0.13412252595582275,0.29179907644938924,2.335004965063584,2.7650865375222877
0.017241904264193735,-1.2198332810215926,-0.24827411322901885,0.5245192265749075,-1.6737896152198102,0.05883956018298538,-2.421271473788305,0.33625751866119175,-0.05780197477513855
0.7184720196845675,-0.3047541342614582,-0.22817304783921294,2.360343500552621,-2.0921863433591597,-0.4659643610305222,-0.26080184432170456,-0.8291299757943339,-1.2473249231847616
-0.5534120997778723,1.0879091923107362,0.630226365279925,0.32348124313364834,-0.6137468648322182,-1.7172314754318714,-0.0869954980792085,-0.09552278075726166,-0.5578714027414681
0.001650710434796046,0.5821979336774215,2.9688757474870475,0.0353330701460706,0.15410622092307127,0.5603323012702087,-0.15088609335041755,-0.6505511703525625,3.0491567162247715
-0.2729961511710131,-0.924432175063587,-0.26947214683180093,0.8449433103636441,0.4471340497489724,-1.028055805322187,0.4180899751206797,-0.3948121070840871,1.3761224677407884
-0.12313020396920146,1.367388043517319,1.3354782345772398,-0.031075547038327208,0.06613792144729577,0.5070951109035214,0.8967617896492069,-0.1542680191446517,0.07256716178399576
-0.1440460738443011,0.6300749379560722,0.0015968589019156397,0.1587157035311297,0.4874107620692103,-0.2469151310489984,0.3991035650302691,-1.485502669236314,0.0848595564537244
-0.20250997289950678,-0.27837541140634886,1.6035584965890184,-3.4390869798140575,-0.1745565520751403,0.18747862126571374,0.7688759995467479,-1.1350704247943963,-0.02594294883411171
-0.8909839797204929,-0.4917972224845778,0.05464014046145012,0.11802140472899583,-1.2943583112733295,-1.5211166444910889,-0.32333516862454403,1.0016300252055996,-0.3974772274188111
0.7901656936766384,-0.6372074166626238,0.08222809619718437,1.8509845861101324,0.5917055981017617,-2.7964624868398857,0.32589938448131395,0.5260319909713598,-0.05668337580427101
0.2514664372921569,0.05840073127896175,-0.11615293115475092,0.2680229312329172,1.3570735557442444,-0.5241254317469836,1.9160351922077306,0.3490532368224872,1.0016624490578088
2.5946611768804506,0.2359759847254707,0.27754487544385287,-1.1134266334005347,2.079026588641857,0.10471011937213759,-0.2074251853548877,4.221915740939247,-1.371790413465435
-1.0628714743006422,-1.0858606562198156,-0.29185034622564776,-0.35373147921905446,-0.03274878990570049,0.5470995595430967,0.9910295089907142,-0.07294177434772983,1.049982026895318
-0.4204370358686052,1.3956008868896292,-0.017119512455817554,-1.2707467668507253,0.1970548732139976,1.0325061021166566,-0.10508222240914208,-1.3476697446571628,0.4581860276237974
-0.40219922276327075,-0.5078206930631373,-0.1695957197835652,0.5565389434059029,0.2474910544972693,0.36204609590659464,-0.7405195429681107,0.10210640762266728,-0.25057129552789087
-0.5343158408881316,0.23024302247279096,0.2891305739138207,0.16942825590984698,-0.14135241181194538,-0.5883777743541079,0.48732931790522915,-0.3757802208059206,0.2952751606978497
0.3303786662746552,0.40949250085061484,-0.6730295661953507,2.6550448678978897,0.423103910881319,-0.8913828464434975,-0.43306015342533494,-0.08762125278056429,-1.2569599843667516
-0.3658140096245712,0.15662261507582229,-0.2555847870889642,0.6308103820589283,-0.2896214577098208,0.5161815006363678,0.6907319988930979,-0.8735436322066555,-0.5808431602487908
0.08621667058562212,1.3185916251578997,0.12718601496020687,-0.31208101722229054,0.6182518286134352,1.5481337051230972,1.4130864811209942,-1.7643529881565987,1.3902808262679351
0.24775995813144092,0.7403763639656593,-0.15638264050867642,-0.5928172534347179,0.16108557387843597,0.5967896525631234,0.3697445583837005,-0.19700178220113265,-1.172416120031664
-0.372078231943504,0.29803251355659,-1.0651052652097703,-1.5693408374281408,-0.7110949067060776,0.5939155379979842,1.6129980819889715,0.48168682832778625,0.09262361124566397
0.38240459308551744,-0.25271343245594413,0.028891948941866905,-1.9857782634071897,-1.8358813978533872,1.4486888593771448,0.10028032033010924,-0.7565033426133512,-0.3824640966405887
0.11845564967975568,0.9900983045950777,-0.27247188881825846,1.0744376261953519,0.39139170102096266,-0.040540074588756934,0.28643461664588166,-0.18575260946520877,-0.48000777924487326
-0.3263286938248689,0.3579511096707568,-0.0804927135885216,-0.03330322610688724,-0.2936537714101015,-0.5642657554504802,0.42538956455900817,0.49276463660379866,-0.19998930159048142
-0.7890181131835039,0.8074479571828329,-1.060342095420513,0.1414204245115476,0.5152246691043847,1.1017548407644728,-0.42090124320057637,-0.6160937241883379,0.15505199221586358
0.1957897024625731,-0.03680173301211929,-0.67319941082949,-0.29282477912105115,-0.04560508323919046,0.7227752233128746,1.5206756898793496,1.0863148408923142,-0.6578587336500892
-0.23893068836449724,-0.19768251249971683,-0.3866118976537062,-0.7707155205270103,0.6898604978216473,-1.4470993922431017,-1.7030111957984155,-0.9650005533114252,0.30828755529847424
0.2148182806205887,1.794989616842238,-1.4235957865905848,0.13142684734361557,-0.22252398639575277,1.0418546636403654,0.24303593615581284,-0.4131744883991213,0.5550325164012728
-0.49537019774604596,-0.5879702893471175,0.8579098903501751,-0.8848020098808789,0.410464337491371,0.6333417646303897,0.723420144119514,2.4022750298325013,0.39387335883484015
0.1972768564726123,-0.322551404590324,0.7114138767120494,0.2691584284368218,0.4119977978827064,0.10743973776326969,-1.1607697269739548,2.085701714969332,0.4523520421394025
-0.3427403811957986,-0.5406030111729053,1.1892220815573655,1.1949274492826973,0.7032121456674604,0.12565445517426954,-0.26169172062615215,-0.9917216847141014,0.2857359558924942
0.7577233561576876,-0.2745916862286587,-0.2205778761772949,-0.5168010151276221,-1.1128018268833766,1.1271798886307764,0.1073599509153191,-1.6119732646614071,0.6661894161406523
2.4313200319582324,0.07868400730594453,0.8067445402706717,-0.7509024907036822,0.21880129831527295,-0.30404198921747444,-0.49532392834256533,0.9563585041904508,0.42498399600171677
-0.6715403801697105,-0.2514474193805853,-0.7251123865235745,0.13957225070869939,1.941182050265173,0.11399439492379775,0.2682230286440084,-0.9758983429285345,-1.2343623187666233
0.08484869627927458,-0.3979295305667091,-0.44996039917849917,-0.24369293017307472,0.8096902890812655,0.46865066721907866,-0.041242123645704384,0.17852234134901307,-0.18707788703719447
0.47858992862031874,0.5409094188236601,-0.124890504373432,0.5962942118981214,-0.78496810844433,0.47694594203206,-1.078185645140761,0.9786602622572139,0.8392039454442883
-1.5327079785924655,1.0306859629880167,-2.340246135140395,-0.22278874193369355,-0.6569629434149082,0.47842703498397615,-1.1051534115896045,-0.39922359886923153,0.18512554977766865
-0.10064476064705616,0.5560405219961025,0.5959216353790361,0.14479524889568915,1.3583624599224822,0.7638089970803724,-0.36987280406951584,0.3276401555656424,-0.5486762428241377
0.21840804791368038,0.3171466753062222,-0.2673041950331615,-0.30861437599212754,-0.8826941864887623,1.3696344884882181,-0.09040226747943383,0.9892193267363295,-0.5031520625678664
-0.024470571862221232,0.7316902753063855,0.47032696582790856,-1.8188626695695616,-1.4144805603363302,-0.6155075783928691,0.8022708770403509,-0.9014793505476318,0.06675842326271575
-1.1486047569560167,-4.451467278737168,0.3480951609017837,-0.430354901263751,-0.4840896692937173,-0.12625230259899634,1.7507263893884935,0.3970834134029834,0.2480509420969467
-0.6604515227481895,0.5992239841580853,-1.0278337886366322,2.429892805328274,0.3149427803097475,0.48481861631544376,-0.23655668628335075,-0.7569633137705327,-0.3836068977702579
0.13310864435064498,-0.13123522784288358,-0.40307989085662416,-1.3145227235017092,0.34823952503103783,-0.35617994045268664,1.4627612226502769,-0.1905581447002105,-0.9792266539128333
0.9106881377176904,-1.1851903206041734,0.7066137031860912,0.8407252024673858,-0.6048781832227555,0.3748051428470946,0.5433254354206051,1.0334929284666556,-0.7874238238405483
1.1401721182224103,-0.0030063697152886105,-0.29312989217998586,0.21183048510044353,1.0468059424261849,0.08892531934775905,-0.2955466589638656,-0.13112706864263693,0.10601070125722784
-1.0239986358695787,0.0782308348376293,-0.3964874114387894,-0.023149350253796414,0.9530525843884643,0.36844570365468376,0.40789319769948756,-0.008953098639157931,-0.24616680035803265
0.27302737056373283,-1.2842477454824186,-0.2325620277687088,0.08159549363752287,-1.0488569692586098,0.02539015299108384,0.45872324761743866,0.12941583810806964,-0.8046954526901681
0.45289866160221387,0.334921770351673,-1.772957993288067,-0.10234255493300262,0.46413694904869857,-1.169185070615137,-0.7605813387670483,-1.5929432664365188,0.4574122731755906
-1.846396679973607,-0.23619178493427373,0.33797313387179867,-0.20929481178522552,0.24775079794894328,0.252981207819233,2.2490997727217446,0.6527313082135113,3.310749651895362
0.2108150981310918,-1.7557244710963367,0.1318675501383126,-1.2281643630940948,0.3368306340958993,-0.267600181690642,0.8062288223480799,0.515473247491461,-0.09146661535460704
0.1650355737289818,-0.14509558522142074,-1.0458182601460237,0.6652306481104159,-0.4697537953550527,0.47749409675665155,1.9948832872675586,-2.274951121457786,0.2024923353691582
2.2116190364095667,-2.0050886397744847,-0.7744772753832333,-0.7019263025611368,1.297138003724897,-6.105446434716315,-1.5732018844258218,-0.6183035179942648,-0.01475492437278481
-1.055442007071072,-0.22492182829349056,-1.7761793743387724,0.08673918765146829,-3.28313140212583,-0.2070727247788184,0.3750352376051121,-0.5015189952456673,0.23900727017846682
2.098392242198016,1.550789770378892,0.3553450862994008,-0.10136185740797082,-0.3356145170910323,-0.18044351437407818,-0.11226244274399994,-0.6054786147349489,-1.2255828259472563
-0.03867533894276725,-1.1960011908079062,-0.8817926829868791,-1.8681684770396714,1.598273918280795,-0.19682611040703787,0.8167421778194424,0.530946466859158,-0.35166007540716465
-1.1036976413624784,-0.049268647810395035,-0.4521276398383774,-1.0241883602882054,0.026084843906141495,0.210916493432944,-3.6893652537558057,0.48384762158082756,-0.3878266952048005
-0.779480218255253,0.8439787981280692,1.846815823987076,0.698974520403677,-0.725542855338813,-2.1329724272423456,-0.1691478056612434,6.1133729739053475,-0.5938009769192507
-2.044163112541994,0.6109402885022546,-0.37700584050051344,0.09298301869150064,0.46579853245380504,0.5449888779097437,-1.3228472901945099,0.6091531454076554,2.8440230636245447
1.0106133665495494,-0.44944287596694477,-1.1706700378835178,0.05968729800318741,0.9832704002076831,-1.078827922090811,1.016612300827241,1.9747773558418191,0.7095548041439996
-0.2269831485161987,-0.06947038230610963,-0.06602650880001952,0.0006005314409487267,1.3599720816001228,-0.7019787447605945,-0.898632231940489,0.07205264226542873,-0.4065575260236855
-0.27127032082398816,5.217878744197279,-0.13507553067047268,-1.2173055053326483,-0.49406961371114244,-0.3690087796670972,1.4556039160459668,0.9862206391898433,0.3216552571777215
-0.205591634566225,1.3673492126584297,-0.2455926010550722,3.220624963931102,-0.04452731042233939,0.3647948407715618,0.8870858052429363,0.5584926814491696,0.52150002472785
-0.23736499303658826,0.13868315789950036,-0.09623643529682675,0.30463890153061984,-0.331830839026347,0.4558850634528673,1.7137020609408555,-0.03846347273253779,-0.2238232611614492
4.442833093211777,0.19135596706291436,-0.7844455102762105,-2.07601199174347,0.017760822685392707,1.1412077365816928,0.9981258638575513,-0.32869842337199057,0.8498875925445045
0.6972793470967749,-3.6201272799216055,0.3833543457569205,1.3328106596568516,-0.045818892437752494,-0.8227725646924448,-0.16362583624523158,0.08357765477389448,1.6974219805376007
0.21115738320123875,0.3955802273095702,-0.6507421436402547,-0.19654307134174395,0.6718881719769496,-0.0798375324888105,-0.2085094204710528,-0.36355407578389815,0.6058313062367531
0.02813404325818504,-2.3548365960520607,-0.14418722720415844,-0.4750906830326053,1.6186412559550076,0.12529322259632672,1.7016011367092396,-0.12492906822462953,-0.5143629434781184
0.0010273720184578081,0.6803635839989673,1.2589078888726055,0.5686886628747182,1.3457061174499987,-0.06711391203711152,-0.028801363818631555,-0.34930845374279357,0.2527601591001782
-0.044373215531129696,-0.2774195558305624,-0.09090987825503236,0.08038109207332052,-1.0151514949877132,-0.4790607488854799,-1.9297224482340045,-0.04039770875925727,-0.30717477057691417
1.2722747726036445,0.7160933230124471,-0.382536733723732,-0.13664160850967608,0.13687792831599516,-0.2304969114526887,0.3600202241433353,0.8219930962118916,-0.02360635158148739
-0.792933342621329,-1.163883309926411,-1.7499681027272065,0.6756424270212376,0.06803394022796136,-0.06265722086692531,-0.277418923663778,-0.09893637447567093,-0.7077342440377107
-0.3145706423737996,1.951515577289763,0.6457614304588954,-0.14771274033880685,0.21660190390699507,-0.29505240673013367,-0.8342607745035346,0.5753108012857353,-0.39504310656167896
1.223523204077552,1.124613997145085,0.11027635918130547,0.94107940351808,-0.5071827427957171,0.2643012749660679,0.24899081686655655,0.729841948940803,-0.35504019557144456
-0.13306696792699862,-0.25116784022971456,0.5934704666788657,2.229033313000147,-1.7001557526661186,-1.1538105025035934,0.5219567813949709,0.12049462424198125,-0.17406583015687546
-0.3271837957979253,2.9947761640023605,0.058274950433515965,0.484332609691481,-0.1372007972738598,0.7900567938172953,-0.415518893927423,-0.32498087695056493,-0.06470544771800707
-0.16891572718111955,-0.2470441826598838,0.8843315992739537,-0.3214542534377987,0.023295626938564396,1.712665398262388,-5.097771709626809,1.1849185969319929,0.4705032251032646
-2.1879542285116518,0.1723074755170109,-0.4579716143456658,0.7869925803397019,-1.477893352878518,0.002118460456704639,-0.11694718127591724,-1.344831067650943,0.5025295486537509
-1.0647436904508114,2.2817088352187196,1.9797391546140382,1.051902941540752,-0.0016629750410950882,-1.137818092108075,0.4302082605331393,0.4544020032776692,-0.09260167727250843
-0.8663922185580588,-0.08326642825780639,-1.3035716957407113,1.8101235741471944,-0.035243383043209585,-0.457431245009425,0.5602816546312389,0.06815860553822987,0.9064840697536893
0.021539311326855853,0.011724063832658503,3.3217502325085677,-1.2318966339182174,-1.3166307964206718,-0.42897184806111494,-0.12042441440437382,-0.17512455627410473,-0.06961572207520358
1.0349974072671901,1.2035422754739782,-0.5100249534817617,0.9407352111719631,1.3128401662193339,-0.24480654816516897,0.27814992595302823,-0.8809310484242421,0.8590445540063658
0.47737103747058673,0.5802519956276246,-0.026731811311013542,-0.4329304649736782,-0.09070621385827218,-0.3285636752540482,0.10313301549552852,-0.413704834215924,0.3338987441542923
-0.12425816990815663,0.543431177211676,0.4286273513237376,0.20346039367131413,0.10758908692237301,0.13642416105568547,-1.1029677351781941,-1.4544320648509323,0.002442820277165341
-1.0036569251220513,1.0906881360813079,-0.22191115296957103,-2.4355652574710214,-0.2568337004731956,-2.1251404053183727,0.7634573628645597,-0.31559156252825954,-2.103565509823922
0.6379325458898408,0.9700375325862803,0.4072217868916949,0.08957528161543736,-0.06063157386294283,0.2699305531962117,0.335111997888824,-0.31789886666859557,0.2864258024207931
-1.1638075265982504,2.1080779962795186,-0.0467843743534713,0.08899499421244407,1.1698551993630593,0.8751343240606464,-1.7114618167348385,-1.120381464119393,1.2182721787831559
0.3464209324524519,-1.2550866153690716,2.0431807032648543,0.2298534000639318,-0.2906656513445003,0.14625579845854442,-0.4203489102675962,-0.3736823960704975,-0.916093114472506
1.0796068784355572,-0.02852039014623422,0.04838592283620112,-0.44557217049731696,0.9779268605021995,3.9007331110281434,0.3774997528924232,-1.096349829532218,-2.708082562580344
-1.5640879970435244,1.288117557292359,1.1520450154751818,-0.8002257004687151,-0.42983624850482555,-0.6041718968765935,0.09888728117519391,-0.05677460838866644,-0.21447466875850552
-1.1128888307446887,0.580870545125245,-0.028042457259819135,-0.17068744235948327,-1.4000119491730494,-0.17974467875611563,1.1896583061181938,-0.5020481404106645,0.7538583992295396
-0.5227425554639236,0.061941172134849225,-0.6905187647110387,0.15890113763881336,0.6490254999662176,0.7637921409694347,0.4176560216730932,0.0552409055706474,-0.5502834888924629
0.1770587052087718,-0.9537548865784119,0.0830977996054486,0.6128482572086706,-0.47990518201467763,0.6939935482531386,0.4384968852742828,-0.4258181820919077,0.6929598669268812
-0.9719491399195722,0.3923880974847205,0.36186758609693265,0.7537036196689488,1.2652039398496908,-0.4779545817023716,-0.6411615471210732,0.5651634375797583,-0.38637213089085953
-0.27960271178763296,2.938587171092987,-2.4450695555710444,-0.6088648362971153,-0.8862413123280515,0.5387168633252858,0.07091495282854081,1.77367013432352,0.2583479798402471
-0.11901360618206504,0.012632946452147435,-0.25036975460871913,0.600892865659206,-1.0809489929156937,-1.62217950022207,-1.2270929394643377,-1.1764852357652424,-0.601801017309863
-1.6354509995452573,0.2456480095645856,-0.14509493039194724,-0.5977305175759517,1.6751053348334102,-1.3149203193042132,1.0677240202340863,-0.5374941670863999,-0.49681634806483105
-1.8619166858013143,0.5724387338819786,-0.20811413122116074,-0.05873303731461159,0.3011144604456815,1.3510142588830076,0.655473631429082,-0.31839901052927216,-0.2765078959125696
1.311824635577224,0.29658693258294544,1.485100297628439,-0.191912284284535,-1.8480522333021066,-0.3274317065239809,3.4703399402853483,0.00859148397343002,0.04839692746564874
-0.0795228024896236,-0.8773132574663526,0.6298065711640785,0.3527898071742574,-0.4805941547440431,1.0953534535339955,0.13584694553647947,-0.4168808411487553,-0.30356852670188655
-0.5901996147521249,-0.4675056471999819,-4.6604398629419315,1.1825432184112696,0.444590393202283,0.17710197879860426,0.057419260989326516,0.3114786664303605,-1.4773713294523647
1.9651636934713776,-0.2581381615502815,-0.3132812753008771,0.19157611007098868,0.7669176149599028,-0.45402691581021465,1.4469627829954776,0.7381264700234675,0.49843553384215455
-0.3511198996353043,-0.3159116136170911,0.10466648938523754,-2.5141503498207407,-0.4381006120797661,0.8201514233234014,-1.1292692898441299,-0.6358636016429065,0.2829838833445512
2.2863404231903566,1.067215226080593,-0.2329552833680589,-0.6112326396245368,0.5960453136828948,3.3947408564162256,0.6154200384587094,-0.8666251826482723,0.2167470634307049
-1.924224125077382,0.7947167374179406,-0.2966755454534618,1.2027790019487574,0.7474426033340762,-0.5938062726927326,4.170774988533654,1.3699269656465198,-0.48799796271735024
-0.2700245263321783,-0.6462671077883582,-0.4855780380219649,-0.22314192545397,-0.2748412978782477,-1.5262556714976838,-0.18248165380684925,-0.26663613015792187,0.06288969353495973
-2.3249821276641485,-0.7254630042589898,0.5816826841211059,0.28758162026630957,2.775834085656164,-0.48507749204602596,0.24035568124605527,-0.026287041699301652,-0.265989598108184
-0.5629489320162148,0.34058649596193286,0.2821731050650616,1.033939740948529,-0.3040108995546501,1.5310754625329597,-0.4354586259102447,-1.2931823768682433,1.4132693740744924
-0.07489079935939777,1.813839138086232,-0.09823821110811495,-0.9133358861611758,0.1990145765306002,0.9638744811874616,-1.9181243348980541,0.26953156838946213,0.8351948661380588
1.0074881829359927,0.22190745473936963,0.2864704629579363,0.21062912009719398,1.2396762841549198,0.005708783800876374,-0.6190353010997405,-0.3280075414063169,0.29173882234700416
1.180485760316628,0.19876061117774657,0.6807307580806995,0.4089732601049103,2.153301857502616,-1.6565921388651146,0.0986399432584564,-0.18080118426534003,0.7262408606121992
-0.5598437486348702,0.4634463717019875,-0.06732551918967648,0.6596684726664515,0.523287798065773,-0.13354425126255468,-0.2977180049151173,0.1397840470633139,0.9246495118851438
-0.3060009888371817,-0.9592079562262299,0.22453806758324846,0.45722850980183655,1.0043458667988634,0.9220797216810133,-0.5477037258184773,0.31708462714155644,-0.3805510797241605
-0.33089047917974407,-0.08372772607222326,-0.14987656190854098,-1.6345949771071928,0.8192985612253167,-2.524294424758092,-0.40561847915225135,-0.400554945059708,-3.9132879413371255
0.8611085973867464,2.385232565727311,-0.00655452227678265,0.3275927246086319,-0.8166090667498211,-0.04269846423160089,-0.45150201661521594,-0.32120421967232893,-0.6442339013780651
-1.069676739215594,-0.2831073025728623,0.4254902368004444,-0.07663934171143325,-0.5621084440931431,-0.996636855293028,-2.0923243553490036,-0.3139493032393874,1.2145803691882602
0.027450666537905212,-1.349172375575313,-0.34994225907904697,-1.206273299347069,-0.6958196596877559,0.17872642489728488,-1.4776275369302259,-0.029173507742424273,-0.22260076209300053
-0.3242985666984937,-0.48309394632453,-0.4385629925801291,0.3132852525885731,-0.1968422457871843,-0.014327176098586579,-2.203989100388445,0.04038667928524632,0.40374223783393137
0.32065189278484113,-0.48358065314891785,-1.0919445987833132,0.11642972504028283,-1.1060758393203567,-1.8568244405410435,-0.12870202184806845,0.007235816514030725,-0.5695895301130034
-1.3272070617517686,0.589343488730276,-0.5877629388216097,-0.09774831390236106,-2.157313673482923,-0.2975363145162221,-0.9385392152214559,1.3437792761044964,-0.08148671565339144
-1.9505297817473461,-1.285037424107763,0.07936301269007266,-1.580642962397229,-1.2786779483793667,-0.03845943481545851,-2.1494108586522795,-0.8432770177620945,0.6879084996482129
-0.13591228654118953,1.528583017227057,-1.8837354147737169,-0.5480390040946633,-0.5361461418485594,-0.33029275338128833,-1.442245046726003,-3.8844326565079883,0.5869912841405397
-0.2832764598756455,-0.15995473086559872,-0.5121824654361742,0.21801986628512504,-0.17943245932958424,-0.6804706081373286,1.3149081618997536,-0.3165380584488678,0.7291932179046281
-0.2214677361304269,0.36265954651015403,-0.3481421506411775,-0.19456509885176754,-0.3978469303166184,-1.1766700409739728,-0.1897631972668809,-1.0406908057597815,0.34271604761286234
-0.08041077441433979,0.7645438625785385,-0.5554369626163252,1.3809323899615127,1.1660576145042805,-0.027502992644936185,0.006418147476725757,-0.7000543914649632,-0.11707753711318787
1.0764438559754483,-1.2452777476407992,-0.5723817290984216,-0.054267587577470966,1.072463358222895,0.10853057143036246,0.031276932946298554,-0.4843748859231247,0.7717560852048301
-0.6343759153330588,0.5491926676100833,-0.375003406603706,1.0834173876382827,0.4449195274903391,1.242014688334059,0.22707836399237138,1.1870798339222979,0.10586942394458196
-0.17090744525487228,-0.12854411413590294,0.8449047629938181,0.017113556539666626,-0.9554194716645835,1.8892523933777101,-1.2442504398347087,2.4127407939453245,-0.12617581357659702
0.5551849565052696,0.6284438801888236,0.7895222651247505,-0.6147280823804228,0.9828463682463683,-1.046325102588446,0.1527926427370923,1.635461576651686,0.7916338473569541
0.2863625728414297,-0.15467563623886646,0.10531361052416656,-1.4810985617502035,-0.16707410830130362,-0.22220304686527442,-0.8674742245798557,0.01592711545296312,0.7914457855567851
-1.981012847577622,-4.22981187221154,-0.15097702474536198,0.41484876215729094,-2.132466232667982,-1.6987563918589046,0.6057699895070839,-0.37412088922245146,-0.34291668260852665
-0.8954769195054267,-0.29458936453027296,0.22168047296575,0.6750293640443451,-1.0344620486188292,0.7305483574339582,1.2579199734194224,0.4970847548094625,0.38356077045256687
-0.32525989399514976,0.10508675854775038,0.44636439975594794,0.14280975756892214,0.08807956413918012,-1.5496687298254501,4.924270283880887,-0.11901847162694415,-1.1055982722362343
0.3471962186700268,0.7314670065192165,-0.5086521498522958,1.1587221619790216,-0.832094591583544,-1.9640021697770642,-0.8148369513564829,-1.1113456080052289,-0.018312524244830444
1.9461080557033243,0.1201102116023031,-0.9685406057295435,-0.5323371450600036,-0.6213795530248968,0.006028751447156633,1.3505230528670134,-1.843268678049317,-0.4232649290145636
1.083704205332221,-0.5489228520260974,-0.135781581586616,0.11252791333422349,-0.8279672506866762,-2.28710664074108,-0.09252258789767172,-0.39240402492291676,1.332577858153023
0.44353784167969634,0.8503901430675082,-0.4985525958657344,0.0011078832518716783,-0.31813841996824005,2.10739147787435,-0.5142763005597902,1.2514264004128295,-0.6617203152686878
1.695673716971532,-0.4748837369230427,0.431981915421243,-1.4061814566132496,-0.2444310103286905,0.01680673222644621,0.5932630479631475,0.21435754215922312,1.2878969214474967
0.20864293515027452,0.4633543207999038,-0.42183475101211343,-0.31601003754114676,-0.3373095029350423,1.077218807963191,-0.1311297319561438,0.5568471166307591,-0.16223972469411294
0.5773705399857972,-0.6994628824936673,-0.4646784190983922,-0.06311391164406717,0.060472688795405495,0.4395057410459373,-0.1960750820395063,-0.5115201310548795,-0.12517555464481941
-0.5154479852270432,0.20626947618314126,-1.026282008936767,-0.6881425684895334,-0.21271862214387943,-0.6352931067919529,-0.06320958886795193,-0.5575862315178522,-0.3113632091836834
-0.8239579986875296,0.9295970323604658,0.7055889860842474,-1.155093635226497,-0.5499813620770184,0.7666191028308116,-1.5654232703763626,-0.257418364950981,0.20563556642578992
1.1389738694758391,0.1777844365937431,0.43362818685329413,0.6404066383510334,-0.7638848413739162,1.4386962995703216,-0.5936683051278718,0.2180615062117213,-0.6823021052189081
-0.039443291102076124,-1.4691678959251142,1.7302271987760343,-0.6410303174089964,0.024749460851445984,-1.2995495719744552,1.3650032712266902,-0.3708462413936107,0.053358625191051015
-0.08658643128936355,-0.3893057093186856,0.4821322463612928,2.8072214371899347,-0.30517861696817755,-0.8303139158356877,0.816191794340368,-2.5254446930793786,0.05385594954434996
0.24025072095104172,2.153372542264005,0.3139284015388724,0.6664363578846443,1.5855447648680918,0.6810157445120391,-1.9927421732938777,-0.15705177877074938,-0.38552258573053283
1.0564942557973658,-0.20000579445880096,0.4634799948608542,0.06656605312401939,-0.49253870287213636,0.81450898164697,0.260301736878206,-0.16304249537081464,-0.08373579427952987
1.9546760665620493,-0.7829805387965554,-0.11164368665270777,0.03520066396666123,-1.7435277588642546,-0.02116679748488063,0.4037637621644292,-1.6080896265684246,-0.7730081630356771
0.6581748914077242,0.1663137105262626,0.5435919745736677,-0.23449514534326965,-0.036321736042119294,0.6414481852462603,-0.8795468262854894,1.1403306814619765,-0.6962159170222614
0.7461354019180549,-0.5152228735155516,-0.35749601711588513,-0.5176629215432395,-0.9234940713802283,-0.36906135534176404,0.815104572504061,0.937614000583812,0.6555232547416043
0.9101399667447895,-0.5104539751648732,1.5838051592885476,0.24896368370642893,0.23285352155133676,1.0999034818414846,0.5515231404978459,-0.09075285043824143,0.34489157455035346
0.36715517054653984,-1.1170730034132208,0.8661087437306177,-0.17204098494877634,-0.0026033782356986146,0.12416716713931895,2.395476598628897,1.2282988301956284,0.6855950739023798
-1.542498610148273,-0.25939907592089984,0.9171524188589081,-0.16932175231068183,1.1732527727665136,0.9137957040534908,-0.6533264309911776,-0.5245590167682652,-0.10721754933786362
-0.023236369889070387,0.6438588839503717,0.044054839414076605,0.04209253714398573,0.18876731376793202,-0.3010260693446004,-0.5653183189926734,-1.9738514002031429,0.7365297501293219
0.7950517160425243,1.9335153493632782,-0.3919604876954664,-1.1395581735113616,0.6403280987323287,-0.8575914921077049,-0.9858009492710719,-0.10099098035764113,0.9014106297829019
-0.7666000600836462,0.021709008671246484,0.018316881888905446,-0.3891197291076421,-1.078609611549934,0.5963410903360403,-0.23594417621286834,-0.0009927551738288156,-1.169640436641828
-0.8939886382584591,0.865877694962319,-0.11654968178734312,-0.6823456724895401,-0.5626319978298413,0.9137879708253625,-0.1564034362958347,-0.10842009368577435,-0.9496157654274994
-0.08239122687143875,1.4547842770913642,-0.48688556684342726,-0.6265644218286602,-0.23568665359972613,-0.1445983911673874,-0.36839014124513636,1.1556393763277781,0.9678325264555895
0.07188568639544582,1.1034674021340412,-0.14418366027934004,-0.1740844688523923,-0.16181614848568232,-0.5772014748127913,-0.021106499369016984,-0.2586435731092123,2.371325891458864
0.7231383096897761,1.3527313955702922,0.12457881996943301,1.81956421490078,0.8263050049400552,-0.23273921034215975,1.073026330779284,-0.2062268532216912,-0.5911989265663359
-1.5388521278154212,-1.123443140086863,-0.3499179855416261,-0.09050719703379297,0.5308007443629785,-0.47594656439572036,1.6856979964453938,-0.2783545020066206,1.471399326627697
0.2870523324318217,-0.679204329232258,0.9483207815989516,-1.447330626235213,0.15866748568668218,0.9393671507214764,-0.7406155858313611,-0.6886233608094775,1.1072439216192758
0.006074634260516137,-1.7724469533579876,0.1453236337512052,-2.277827704490626,-0.1708873093814287,0.41760062369336975,-0.38100878421626094,0.09754803311465562,0.4382777204268831
0.732652394281474,-0.9239912452936637,-1.2696962805886656,0.23246464245273696,0.09806515277943259,-0.37631096279114423,2.232028022174408,0.31811701948108845,-1.4444031502759087
-0.3207401112025654,-0.14660939472360532,-0.8437094834699076,1.1871597210066367,0.33214633100780694,-0.21718884360335955,0.10869957685741106,-0.08623250830820423,2.6638754004682785
-0.6300119812949314,0.45693462771208093,-0.5706301872109063,-0.1799539394472973,0.11943514579079574,0.5896971187634662,-1.7766645664822387,-0.41619066463097515,0.18461126584242837
-1.573087693710856,2.95407237926176,0.6495044052290467,-0.038653371898438545,1.065330353546281,-0.25106671698185584,-0.018682043713179247,-0.7451272324272841,-0.9813126689332357
-0.4937791332606407,0.35643588625401923,-1.2203078922133546,0.05391284233681207,-2.9610380758202055,-0.28168118369823775,-0.06664399128697754,-2.2046478893892605,0.057058501973770576
0.19730783666412652,0.1247577178457003,-0.07891106500948275,-0.5756767464903376,-0.44000816351129945,0.43537077013995645,-0.7185283389776199,-0.2814891882352091,0.1944684861777269
0.8545572873696013,0.5710374640367183,-0.4514628317976463,0.5707247423508623,2.0884166765290177,-3.499435360289979,0.2651354235158197,-0.10716444947816098,0.13774685514058502
0.3821471054938445,-0.3723394617660271,-0.988328032860753,0.47735369682264134,-1.0815575051221138,-1.0254558634995485,-0.04158398967359909,1.3935934937867813,-0.10604565550416285
0.06747825353106401,0.9054728335029791,0.14730846832237696,-0.04052275602126516,0.8027209258830122,0.6214025319860192,-1.245615397023395,0.08174467188498016,-0.1605317252806011
-1.7147667948591323,0.9426359450471986,-0.26615694267132434,0.34880447307868173,-0.35396461576595833,1.1450856029768612,1.096181474118245,0.2166429375544996,0.13397256859495357
-1.5593119914863833,1.1374641202908957,-1.454458143962855,-0.1600710679199453,0.31120723100960396,-0.33731379340136075,1.1060266874043352,0.04606994686894819,-0.9921234333783618
0.7193310875470663,-1.1112933790009105,-1.571959304255088,-0.5779840761903617,1.2079417492023923,1.0619717275502798,-0.22786086294505475,0.12460411736733469,-0.0796483745242078
-2.0172579663421515,0.4555689370569412,-1.815205983393226,-0.4058346518801581,-0.24698642576810856,0.9025036856972485,0.5967267876352226,-2.8803205723653855,0.21014692916553482
-0.25051148858621086,0.9375754788897144,-0.33843825718221593,-1.6884458704383696,-1.2263984144321651,1.2911758712569206,-0.5979018621767271,-0.6714611900747169,0.190206989888915
0.32911797197859627,0.5957961526910349,-0.04023129757730507,-0.5023754245558563,-0.490648511911104,-0.18026847432623436,-2.844224314238777,0.22346472943459342,0.5155208543666087
-2.4848271438509597,-0.06044738375778908,0.007679240700367572,-0.4537606888685863,0.6563743388472896,3.319358279549335,0.0257141806781305,-0.6776357186027783,0.359250132997511
-0.5201063885544747,0.18131925062026835,-2.334090539596278,0.19484431866733398,0.8133896952979975,1.7210469772155363,-0.23846443663227548,-0.35662612624087,0.3280179705758007
0.23729991192707367,-0.5561616702793276,0.06609775096804288,-0.0724603130393354,-0.017042357207299918,0.04302542292859747,-0.19040627579074146,0.7844852854559087,0.030021435235930354
0.7244323470008094,-0.6084180808489257,0.9542299770057151,0.6400642674729786,1.1535833145598033,-0.08336884158229917,0.6783454442293311,-0.842082572373605,-0.45092119563190575
-0.1982465147686704,0.20024501226600158,-0.07292694912359436,0.3197467561531109,0.6897348711292107,0.34181396974470696,0.11287436494768653,0.09631271970842464,-0.32809072271271617
0.25429896262476,-0.033593680188546374,1.2461209044564074,1.1057084658636231,1.6080109294942986,0.0885920350261934,0.08592931113647637,2.7690281758734514,0.04944190739071827
1.9288544825665654,0.07642593710009633,2.1014917562626136,0.34405041099105776,-0.15947990878805168,1.4390714644221618,-0.4721589327680493,0.9241796024134662,0.7127012353292481
0.0700041150550974,0.20565242596591485,1.956143160166194,-0.2449670259157889,-0.5246870371439779,-0.2169068958842207,-0.40084217649851983,-0.04448834710394538,1.5160614183221366
0.9440929068383098,0.3003403182455037,1.4880537397327793,1.5078265792577619,-0.689861002834667,0.3973086214787897,1.0617785491514646,-1.0433375294996858,-0.36786545498915224
-0.8775550097240316,-0.42224762122884996,1.416829005705749,2.489509105588886,-0.37360891215616243,-0.005480180726300692,-0.8493696193252662,0.03681770463035449,0.9917157967883387
-0.4261854041165868,-0.9723731149123112,0.20204138899336468,-0.40615970019892766,1.9968473254162733,0.21521526803966323,0.01050351027588863,-1.0994290457820632,0.8923726299467546
-0.35605392342737935,0.31873812278541197,-0.5279339968204356,-0.54510181079553,1.0986553773415046,0.09279908919927893,0.7628203087050617,0.4187751142389549,0.2369602850573708
0.09764908502264255,-0.02776042768674326,0.15550329162212354,0.1997780352698028,0.580508922766765,0.14030930794310814,-0.007577200953928795,-0.14065552352390043,-0.38883655681603957
0.18408206463426294,0.02059988093073867,-1.0927222252810902,-0.0771448292205077,0.13065395952785533,1.8163798548159171,-0.16384327211532942,0.5185799977389215,0.70496831241559
-0.08035804467406789,-1.5759920243845287,0.27237261722739886,0.06710883564973366,1.8540316008651792,0.3394324023530859,1.5231644097816337,0.3878550007438958,0.6249570061620197
0.5478386859683683,1.279156050706874,-0.73893948991261,-1.0498826045704603,0.33391341960422355,0.44897102579804493,0.08295238376284794,-1.8568604888883917,-1.8136263391224954
0.1457388937929944,-0.2271089062021031,2.212468379184768,0.562687532935633,-0.3205977029736615,-0.39261829165435563,-2.4341503226095713,-4.0957657240727245,0.3151062494599725
2.0897692607731613,0.14479561472240712,-0.22530797688668225,0.02778008051979675,-3.4837939893957905,-0.2799784096871072,-0.5741585737572262,-0.6030005117197969,0.020686240624813158
0.619798270284854,0.16421838629059804,1.2108835776404983,-0.38111298902871227,2.643172003027135,0.7919193825239178,0.08149302590727872,0.16837940911774288,-1.1840905541813889
-0.16520125758147522,0.27013366156757973,-0.8067792285673947,0.24864586095850236,-0.4562432770121587,1.136416477270352,-1.2010274861654509,-0.04377259510741943,-0.3895472953169695
0.6122202960617877,-1.4026592622056335,-1.7452857650051206,-0.04366305683893572,0.0247507594911637,-0.33736188400944783,-0.47120658809823696,0.7193100924556977,0.6816586456796094
-0.9224501011664189,3.974773045324,0.523160710090077,0.2716513204324195,-1.0716972056349732,0.3305431298332232,-0.5136190852792248,-1.0475837960172985,-0.059274061758222696
-0.4790823112810161,0.12738488390971164,0.666177222062997,0.41431559558472736,0.6262514427799154,0.10087084686615219,2.088981574040886,0.2551932832193919,-0.7423965808307991
-1.999023313500106,0.7238183485624768,-0.6789532513316486,0.2718946540456615,0.45712157942367604,-0.30636373719934235,0.759627819450391,-0.18843931283918464,0.7810102830026087
-2.4180855217314328,0.4679676807433147,-1.5273417944277854,-0.19120971745741386,-0.27953418531230595,0.7300755818163724,0.7420404783821601,0.2797687802414388,0.2592146470419654
0.27753611594164196,-1.5461359371622168,0.13611095347534577,1.2720899254798872,0.564819677633423,-0.39897003384661783,1.2305103821307068,0.8899287322835718,-1.0167242013039304
-1.0364995450665897,2.8366696446300823,-0.05160410169507397,0.02142243101560095,-0.3791625379793254,0.31075203391249473,0.5694616499313593,0.5280283503656558,0.4293434282012903
1.0845782801424013,0.8017728150655213,0.09140628829502628,-0.009606310050080101,1.1223544865084367,0.2137472483042807,-0.2208483724737132,-2.7761712476224187,0.30303386674306904
-0.43375294429580674,-0.42105324412712075,-0.12874923872215815,-0.6341415181653408,-0.9342170994934881,-0.04995838272720165,0.14576476466973223,-1.914385580197203,0.09928453909545255
-0.6927825724142551,-0.6388432129194977,-0.06439908137398238,1.2438351794888396,-1.1304693118105587,-0.978785427385869,0.7109255441930111,0.0791181112920547,-0.7828447301246808
0.255313768286933,0.27017190271858865,-3.801775375058499,0.3223162973151248,-0.5349064869106043,0.6983092926383341,-0.1610864315405491,-0.19430153259760818,1.4644725786478994
-0.3324419315403999,-0.38422816273618443,-0.7595370767060738,-0.9249025714548439,-1.0666089481516126,-0.3415494885322768,0.40093798719497564,-1.0477099633933324,-0.15355799810592224
0.48919895338467523,-0.08202944959811016,-0.5951539675824711,0.7065205370670694,-1.208312694637022,0.27668287735270136,-1.0833469065672272,0.6507361011159966,0.24719539895790427
1.8823280958471593,0.013264937331441845,-0.8726561528598622,-0.054204654854562204,0.18548241906905244,-0.16257954560029825,1.6572074167416035,-1.0090979678037468,0.20473075983487854
0.7691996719693636,0.11177200471374447,1.2277040464745874,0.10386029142349172,1.0739817069937827,-0.2923595469111818,-0.1732821029256754,-0.2296908262579034,0.5490592505101104
-1.1288184814708244,0.31289287239785063,0.5826254354205219,-0.31130714161593637,-0.17575252689914173,1.0251466200462371,0.8456727157960734,0.6146763181505023,-0.05662372032161868
-0.4154126996537938,-0.031870171875208485,-0.1567525442260212,-0.8969615822573694,0.32397970260264425,-0.4038411356991194,-0.34063511554287373,0.49943402672911186,-0.11426556076413161
-0.30180259706392354,-0.24942346658889122,-0.43995447489596523,0.23384540572711232,0.11291099558953868,-0.6574271578890305,0.06671949065909988,-0.4082937196165101,0.971331547948774
-0.8963248033319929,-0.8615739074618158,-1.3696969144968907,-3.6141461021307224,-0.33829196889153773,2.590092611942871,-0.6090069944763935,-0.0013589416440495234,-0.38646836873895357
0.09609365858517883,-1.7232862953916581,1.5914124210750626,0.4305966464106218,-0.49870024243405264,0.031926529028003844,0.15410071755683138,-1.7265257121020234,-1.3709443753853097
-0.37450004914744167,0.6555486741122996,2.196990918426744,-0.07832986501103124,0.098325066304577,1.712118243013109,-0.47716852471160603,0.052999848270293096,0.1860649834904993
0.4704082374191006,0.39371952837169955,-1.1820884596474361,-0.7129503473651119,-0.23679704395376183,-0.731480096281889,-1.675589645384519,-0.2237938739419164,-0.08756033829002584
-2.3266212108629154,-0.8024376698198316,0.1448805802352395,0.7651757295005586,1.2107308486227442,-1.951794085270823,-1.6806708137174262,-0.777841459749177,-0.5186012244226577
0.030838444828734834,-0.021593195160837592,-0.7927736707753927,-1.1184099272041248,-1.7659504253291967,0.4792224208845007,0.8770134095545608,0.4412847488619563,1.0733531802527279
0.34194442774176764,-0.08631584783626992,-0.23692438542862673,-1.189244213319196,-0.8478330252188276,-0.46748650491492577,0.21962571354141128,0.09157885714053814,-0.3133427044049232
2.145978655715859,-0.7217313164861145,-0.7069005471844505,-0.08490864410005142,1.54967170167247,-0.3024474233130397,0.28051930865004543,-0.4259942900738149,0.0037839364174073174
-0.24975678581327718,-0.305894854159584,0.17657074886842797,1.6606655272938409,0.9029078174087053,-0.10854377375914515,0.26964235947484255,-0.29988643271177545,-0.2753081677564459
0.11517988943386952,-0.09541714874971902,0.011754699664883407,1.8351137654067107,0.2949765853869545,0.37738711510117323,-0.5689999883388828,0.6132244986555234,-0.2966576875584371
-0.5397841350845157,-1.053520239791965,0.04570274222781241,0.2013983576954176,-0.426416832882165,0.21710744834357135,2.0733310981010056,1.3370358019989994,-0.014504499497867777
0.4974438313828876,-0.11977167784640493,-0.4426187515836937,-0.19223724971018943,-1.7781566062989327,-0.09253629258550503,0.8115172437874854,-0.2133832876331376,-0.2227299135787823
-0.05051138450394229,1.0721656219550673,2.3233139866124124,0.6617197336156445,-1.9446182830046441,0.14771396446772936,0.48550927577172354,-1.590906758305156,-0.10500116861983116
-2.726630740656641,0.8653292682602155,0.8408226243423792,-0.1620586606585594,-0.9481714920668212,-1.1810144853620457,-1.239050198628791,-1.0544623385503031,1.3928676974985539
-1.0217084329534456,0.822707209775689,-0.2635137908295498,0.9660412041799582,-0.3600126016784667,-0.02497504064169549,-0.6571495461579963,2.0523527404043227,1.8086909932686006
-0.10332208391114793,0.7667631289293799,0.2230856024355302,0.30005206984585614,-0.2063598758831736,-0.059122282962681315,-0.5171823912737621,0.4901801262112438,0.21369672197724446
0.15985582361893072,-0.21063250634464908,-0.6063914352310844,0.16456266950524584,0.5046900440606632,0.8783246250762824,-2.377831334910535,0.7832104568966747,2.2173365046392512
-1.1250032114034663,-0.16830295113891897,0.2484588763992432,0.0494244760986275,1.2441559894876475,0.5606747200209216,0.570331233172128,-0.5146487917034885,-0.04366836196598865
1.0491492741623696,-0.7202749295746569,-0.8246647801838872,-0.6312202913272887,0.22541877880411545,1.3884620497318934,0.951450292964833,0.6731340743365585,0.9104824178093153
0.012850640110147284,-0.7277658854874347,0.12906671590907953,-1.4171642896912224,0.47838518882550063,-0.5336697832849732,0.5009826674398833,0.5243898702875561,-0.18079432488978045
-0.08106397581402777,-2.0315504827922704,0.19850999950504966,0.40565037954801975,0.12164493504739511,0.014012858764689648,1.6637338732178542,1.0817726034701927,-0.607159231793383
1.8817723956752928,0.19794209399625437,-0.4074300574816248,0.14690314548771347,0.504843898955604,2.134974636441616,0.586612338223943,-0.13875749382673816,0.3240617895086545
0.4882176012366267,0.4463787989300283,-0.5967175373947881,0.24797933753306403,0.539078528081904,1.3556867675198814,0.36500049226925635,1.0385196124294127,0.790365995494729
-0.11626183228390528,0.05009053696785708,-0.46564806897362565,1.3555371703140815,1.557751006594538,0.009730523607208691,-0.20904514367323832,-0.15962858502120125,0.26485023935493524
-0.679251248139334,-0.20807066098381818,-0.626134288604384,-1.0307467125799434,0.40429207229944414,-0.26725169813271205,1.7879183426910707,0.03508186799395607,0.18250772734375675
0.7460712523370449,0.05467381225304216,0.04133423968118056,1.2517148831013847,-0.6647485315728414,0.754718168054604,-1.2684010044495329,2.6646466487229934,0.03940706742401359
-1.5264594284037547,0.9538600931051096,-0.3602633160171687,-0.3038719735271795,-0.2046069710248777,0.09067915684904002,-0.5884266042652807,0.962853984575494,-0.07965964724905478
0.1034924652825805,1.0013501655516537,-0.9831406734194943,0.6108894493839082,-2.869403517831986,-0.19758777692424948,1.1079063990817684,-0.09914851190968081,-0.09753592031995387
-1.2114278860033418,-0.5438588529262037,0.4898569451984804,0.6500377567989599,-0.06216813712502732,0.12351992421149424,-1.1090053235278263,0.1442758831850619,0.3284501658856069
-0.7853784268441665,-0.22480207897398827,-0.14448511705939387,-0.16361545610521203,0.5605550079633957,0.8017153909555961,-0.41925520219305984,1.474471229640667,0.370875806157869
1.195738065674984,-0.24930905852412588,1.6175706858896404,1.0584394013336238,3.2476040693180335,1.0277337258665096,1.82124128527331,0.5699334431490688,0.48660023812441827
0.07120326960233699,-0.23542475228144144,0.18687096248620402,-1.9304193990704106,0.03179165399704826,1.727061090045439,1.0929842241290888,-0.2993830139759838,1.3738368028285262
0.21821359511442795,0.5826314017326136,1.1210461958259108,-0.8464088357685472,0.2951950141242539,0.6374685318275972,0.09642852953969831,-0.30493616037753213,-1.7081204505553458
0.09024603189884094,-0.40158759766891405,1.8423971090698466,0.3629892317575021,0.17559262239886408,-1.2784170462213749,-0.11311876321450491,1.067742434655724,-0.4129714494783481
0.8902230059928887,-0.4701360757978415,0.3465039498431076,0.2299291568082103,0.004329739771877228,0.18909743585296904,-0.7559146983169113,0.8768722526322219,-1.1108573601118825
0.7726655671109312,-0.3159505388265737,-0.09017634926286204,1.058104498885134,-0.31248773397528984,0.1567235379263979,1.0572277040031541,0.9378400329753016,1.5386463794674934
0.02781075217919265,-0.9495330922197943,0.1987122067914632,-0.29427727866588443,0.06831249602321851,-0.04472084015254734,1.1573960825713192,-0.2044623220995161,0.40966205088579594
-0.6399218524063037,1.9742731640047166,0.05017051143087675,1.2703089916901238,-0.5510280359408481,0.8106618595356453,0.9161721593166714,1.7480038799029056,-1.6895189471966114
-0.8510548404623355,0.9139548573360721,0.20767218325163528,-1.9550912093857673,-1.1842852956344112,0.802538606649627,0.11046237902939894,0.024759810069185036,0.0813358938485937
0.43887770518346925,0.0792492660021619,0.7994927253394395,-0.8980132653489095,0.4610741912033855,1.6860877120040985,0.42035459539984,-0.5393245674339217,1.5459573712511556
-0.5547665076057174,-0.5732682043827908,1.3161479675775904,0.11561037140096247,-0.10727245345878889,0.2304218693173535,-0.8844367932334165,-0.3235431290520891,0.2365509525802467
-0.04667094713316464,0.41975067055865295,-0.2416669798114863,-1.5722986121157796,0.540445383518969,0.13721842488789207,-0.11703307276053894,0.022643884095858477,0.36071048822254836
-1.4400946311238372,0.042587478317410964,-1.7987499478692512,0.17206193836847697,0.35197315603136997,-1.1430319845000896,0.6054862310422668,0.4316484536164721,-1.7090091952059023
-1.1937395719114752,0.1752646398241993,-3.8635194211345856,0.4371096543485101,-0.6702735279090603,-0.3155371634846606,1.6002183518616098,-0.07649459867561184,0.12381111593456112
0.20868066522462825,-0.017667635525778207,0.7191934677695613,-0.0904147513164903,0.09752160747203695,0.17837098897777476,0.5208546788051502,0.3671689106250409,1.2284219132111243
0.4896776538948698,0.759124456078814,-0.03247711830025749,-0.5122457992984873,-2.9852379507495166,-2.195551787833941,-0.7172798317490121,0.9811954052989205,1.2161531917325323
-0.02789944078755808,2.8178039816032348,-0.21081954441938286,-0.7994117919396159,0.06168379248682205,-1.0735759494194432,0.21511598643268398,-0.984254150627876,-0.1446234215964192
-0.9657332870400928,1.05535200828714,0.6825086804069475,-0.43496770834671955,-0.16361020895332215,-0.2733682872655512,1.2640423338974118,-0.09894417664566134,-1.9936129790099442
0.06151576451042442,0.1633798535111367,0.9030087185485862,-1.44176160727546,-2.9511818003888126,0.7519188289119857,0.3300366362226811,-0.28429601923418096,0.3842549413627878
0.8492462740389011,-1.581222848817064,-0.16742102304811254,-0.38643235742034004,-0.6417745611282055,-0.23435807894701677,-1.5239204497010055,0.9574248927065271,-0.8592318661428476
0.3169200058127582,-0.5493566293512021,0.06356176876282284,0.4548124770064591,0.6048790400228661,0.428943503982227,1.312750896860438,0.7133335060429501,1.6941444872472895
-0.38790454591838813,0.9224412021303937,-1.9554331276563222,-0.44130285090686683,-0.019739278512430212,0.0919062056478992,0.7494607743786417,1.7796600582045645,-1.1231329525939107
-0.10323897429154506,0.8632280418912329,-1.7511874860403336,-0.7052206506528279,-1.5088188559364681,0.28401382624807153,0.1993837096410039,-0.21935960427862328,1.423717168928449
1.6154971229832185,-0.10631081411082137,0.7018600146028585,-1.0443225638126876,1.6803972737940505,0.589270743051868,0.05797062273286546,-0.3625895583461516,-1.6835552905931648
0.05337140636869224,2.4202943717859355,-0.6634702235152199,-1.4383753397325367,0.5687166313637816,0.7403458785222433,-0.2227236293555504,0.9548249953008364,-0.12678697058501917
0.07932455738751441,-0.25997672471696714,0.4514512852126589,1.3817274727739945,1.0524082986782555,-0.23971155488247753,-0.23088450449322243,-0.6976063459531169,-1.6782079138452763
0.3799920834033657,0.5657909430709129,-0.5900915819099528,0.43753628389134863,-0.20032701675036627,0.08157220717200521,-0.10172135204748034,-0.5217592825627106,0.5605929391628289
0.5901626451775519,2.523910269177939,1.471895762929176,0.23460414830095866,-0.19431587071863246,0.48422524545896195,0.8518750650649138,1.0295421859784506,1.6900798459234811
0.355667804249032,0.6295909678274748,-0.21067408599896495,0.15897990859868394,0.7018054297736647,-0.01204867620342427,0.3172451352106064,-0.27976484457861733,1.8933366779162295
-0.46233158559135157,-0.190912202907316,3.59386057716594,-0.24075943972127667,0.6349671520659917,-0.14472717882735775,-0.8955447387072194,0.7417813334870148,-0.35610654620976495
0.7832381814461642,0.4494037060777309,0.10975568695601158,0.08018291644641437,0.49736145637293827,1.1285675631980596,0.6080540537577196,1.3874466215373609,0.6360241946422166
-1.1986358557512062,0.18664203849040384,-1.148282815924771,-0.07692984332589187,0.01080594723328253,-0.1069755432352009,1.2771528313244724,2.0673164734631344,0.4962703299722159
0.8254276176786157,-1.4254032104434868,-0.41991127827194735,-0.19497915677238561,-0.018420643011113937,-0.20064621289630513,-0.16662516447831285,-0.12655010425980662,0.8354677416815173
-0.5376629948715251,1.113643610017677,-0.18789279505678633,1.5635010199173092,1.6779506419657213,0.5028244155372487,0.6772065423814794,0.8544337431282544,1.5218426046496405
-0.7701644589507666,-1.077023055859817,-1.9186570460872885,3.5839453688997835,0.07642216055947246,-0.13125440494645726,-0.27652120236991984,-0.02345026524171302,0.5808673546608233
-0.02318883085950615,-0.29938999614544815,-0.33274253945057775,-0.8987139504832002,-0.03386003315920454,0.31906946759003624,-0.507828120330908,0.0929626305334043,0.4638055709934406
-0.037730693923413446,1.1339203997459935,0.3038581714143596,0.34528908791738483,0.38333767976316585,-1.5016035160339471,0.23792349785851077,-0.0992909473746856,1.3538937309610402
-0.14422079546517844,-0.20837373370951784,0.8747192715774885,0.23019191180707638,-2.337977147280855,0.018181872579611055,-0.11179693852939819,0.3638661482676613,0.47367858972727955
-1.7410843029901286,0.5213393092999308,0.5146046941019914,0.40541637992566093,0.06672030378074938,0.6208733092045954,0.27764444634500274,-1.2336044889438984,-0.1820585350982437
-0.7385077037959767,-1.3527862724907596,0.2291980294739683,0.45693402861707083,4.310682547833476,-1.0642026732426995,0.27032122606632963,-0.21989968951160999,-0.09811257440824357
0.1666114246883303,0.24096460914444026,0.05084963801929811,0.660139309459344,0.6350760993527144,0.4305970227614271,0.19024610551024018,1.9113574484492526,-0.2557973484412162
0.3250044325314016,0.7177100254326492,0.48372164092022735,-0.15340579256793715,-0.1910464758451632,-1.842308775121316,-0.18090481198177502,0.8770936492367989,-1.2248584701927128
0.5573282666515891,0.3610609500949686,2.388847039349654,0.12560977913038546,0.9365344452976128,0.9952097736221441,-0.7626325296504103,0.16818029068154808,0.038603691149806885
-1.6624297294650818,-0.24596603258539393,-0.24567711661482694,0.3785854023302286,0.3339330067802352,-0.9060006699236214,-0.6946047616268319,-0.2073348839289033,-0.5617248980655635
2.1200450212323085,-0.005384204150069577,0.5282924842943397,0.46665749572650117,-1.1904810443049945,-0.3347818076172532,0.5824710871436863,-1.8659064036780912,-0.19229062243729544
-0.058746463163930764,-0.024068560340779355,-0.25835872243754743,-0.9109987955239112,0.3391542954612099,-0.015299763516199357,0.3366124776104234,0.5053098204596362,0.8882610101592905
-0.5660551583180055,0.5007824523831695,0.7643349761740429,0.6465906432684454,-0.7333309443751378,0.1940438563577971,-0.033732577081461136,0.6787331855130093,-0.9898521894492183
-1.3999562697551298,-0.5068345705020906,0.5939836595644182,-2.22665984749572,-0.3657181554953007,-0.03191846870636711,2.144516909882332,0.41995368566892033,-1.2595473971894824
-0.9937795406592688,1.148870664624759,0.7054294187207478,-0.03631192102383526,2.3963658034703488,0.29903971842095384,-0.5792063891797313,-0.3402809452257041,1.6238891128877884
-0.10072311017075503,0.6927536312912421,0.7586346279595266,0.5140099683984211,0.40909287707117264,2.583857727545077,0.10695863745316071,-0.9672363472772554,-2.0944359383429365
0.0968918686249339,1.1668902417112947,0.06761603788500808,-0.675021478724364,-1.4521833673108748,-0.47454052093478255,-0.3554592350862292,0.3205413956974734,-0.9714546481556872
-1.0789478231802572,-0.3555371588014228,0.717839058407493,-1.7718066998601048,-0.6965191712644335,-2.487939476705267,0.06023178753435732,1.2002603373725975,-0.37157983556675145
-0.7303475089728715,0.46647916479894547,0.47883531702414045,-1.319045326309573,-1.2463827546275486,-0.9969733360142086,-0.3435039741776988,-0.24758383783216964,-1.0413506165517135
-0.4203203174085669,0.5658024358705345,-0.5281639251718977,3.32847302380437,-0.37778468644352176,-0.012749999625620859,0.013464351755875677,-0.4983067404493565,-0.4398215779777867
-1.3421870475212536,0.4075419558656676,-0.6020421071333659,-0.28743309698240155,0.6565248537057121,0.06539231910298278,0.5678707409845397,1.230709760194576,-0.6497590719089182
-1.7742450651265778,1.1436574423913217,0.5480374715790953,-0.9091299735542725,-0.8103165551349298,0.14451087592137205,0.20425770085889866,1.1296072874088243,1.8824371469772618
-0.6021431824816096,-0.37891637287170954,-0.8659478180176333,0.23437004683016988,0.2024877501565542,-0.44722234720294196,0.5046707799449938,2.0760542715265644,-0.2991916505065878
2.0436201516001598,0.05365048660760546,0.2652020825094377,0.08549998302471826,0.26031530674615017,-0.3306102326853801,1.2696505204226436,0.231990239278317,1.1426055807778404
-0.6093522684452405,-0.5775416738539045,0.7291487987877501,-0.39986761292070694,2.510184812277972,-0.19409143555404046,0.37311350925644177,0.653874722726333,0.3391003434705295
-0.5986251286834626,0.10746054801441866,0.4843468940237355,0.17031674665593916,-0.02774393654937348,-1.2736637707346985,-0.2663013478836719,0.875058255724573,-0.3086767087521908
-1.0928875031798522,1.1502164930371483,-0.2152944442001916,0.15740384283505326,1.0297642680319723,-0.26140870365166974,0.5205076574056128,-1.0499672846556087,0.12256040566787028
0.38632209621374247,-0.02463547896346164,0.15742002970714244,0.07917824037349165,0.6959964394680211,-1.1157070932092419,0.13407730903101564,0.7744837940885209,-0.18931100655912442
0.13108586252756627,-0.11771388354101901,1.9858699717497046,-0.29198872480761107,0.07013193572197259,0.7461356630001049,-1.4571738241200516,1.8764917089459727,0.16003937666638765
-0.08414162432011903,-0.37739273905227627,0.31415766827042585,-0.21501466439799746,-0.1766864109069905,-0.0013835992518230998,-0.9728196779530184,-0.3546997720468866,0.49727840559520275
0.37390235582799447,0.17959445527440196,0.7594971647777436,-0.3373980741641328,-1.5756035579515995,0.14192390643984965,-0.0603255893108134,-0.10760376610733556,-0.5699966866663679
0.579267231630227,0.9912666840176433,0.1272555051300038,-0.7189894554016293,0.3465772950784802,0.21160551430479735,-0.36455657682429293,0.9117535984603812,-0.4619627334828336
0.3838310471358601,0.19459054551629837,-0.27171288112585185,1.1851756715651605,0.04697475174783139,-0.0878682545668428,-1.3088820109115682,-0.04790132218892859,-0.10912407659144385
0.9134377608147359,0.06465180879800705,1.4720828298633515,3.086897643715594,0.7751918496720326,-0.14827964838233076,0.28540218157193487,0.4546002552766452,-0.04796190788860452
-1.0180898535425342,0.4030643394755927,-0.5557286305431772,0.017517379927261968,-0.7875506510935665,0.21291049348831392,0.1666435563827637,-0.8166656769416127,0.09814217768790061
1.219445134611251,0.40833483779738455,-1.4981300388903245,1.2580151109878366,-0.11133697350952025,0.46352461383005744,-0.05005179955097913,-2.6024306116188516,0.10278903961784434
-0.059338421823072376,-0.363942177733937,2.9295136062023457,-0.4016432310748435,-0.2011330047358815,-0.26060352836787254,-0.7250997858932012,-0.012612521507275935,0.4090539540471394
0.7557056553671238,-1.5428453548439842,0.6377274667049405,-0.820697491243931,0.9002000522828101,-0.8905461739345352,-1.0752338037306588,-0.2884515940865156,0.3887016352693983
-0.4275171019240047,-0.49381621458425895,0.16246148529486226,-0.2638298341890879,-0.689206139873901,1.2114514110145467,0.5961088355371525,-0.8775232282552032,0.9639806979925414
4.567045108771375,0.5754314242514886,2.05780419041536,-0.7306400394244807,1.526207037610201,-0.22749472387481914,-1.7588549226295258,-0.37592138702488237,-1.1896063811837276
-0.1335960133828473,0.0817431420016092,1.801279648097701,0.08584132280286336,0.4787479210402938,0.20530676597157163,1.0385580031167394,0.07253371675661144,-0.34128205136843714
0.19364308025038632,0.3142354872740039,-3.3115652577478936,-2.4909374311784793,-0.8222230214923621,1.010193335346963,2.2083743692676308,0.7021829307103042,-1.3267944627927428
-0.19209937736307764,1.3739127998995555,2.2250393569154276,-0.8112230326553597,-1.0509646840926468,-2.6828493606014163,-0.2257720823389064,-0.861821912539087,-0.12616957126203668
0.8236146306864763,0.37608578921242375,-0.3179122430210532,-0.7972478037380735,0.4575763377524971,0.8226300994035168,-0.629964656800609,-0.5377201715018582,-0.6729335545164519
-1.2123837081307012,-0.04118686676593519,-0.90725596149239,-0.14768861609070677,0.32601484971478845,-0.034175908647831994,-0.2233645390752614,0.9130809502210585,-0.7671079296627064
2.424561937997997,-0.03762662134018775,0.41284030656163306,-0.3488791721506703,0.970642139486235,0.04652249902535695,-1.6234464112895817,1.1126997984823928,-0.7373776300682596
0.9129584912063287,1.594288937848599,-0.5765466628398134,-1.2631832061224704,-0.09690816935875426,-0.2942192860144275,-1.8052063043132034,-0.1773131670731544,-0.6838368144835582
-0.08432762122537704,0.1805270946978907,-0.18850191594695892,-0.03156939212609126,-0.17698214157297676,0.514028067820936,0.501219004104491,1.1417373953237144,-0.4931678862954539
1.2364937457890046,0.07806343989721831,-1.0219480371834666,0.3903065931862866,-1.1721006904021807,0.19864977372608303,0.3067572512504452,-1.3667181985447694,-0.08658019141780618
-0.3865215048019184,2.2849575859578097,-1.2109519760586778,0.3465237559439436,0.07229368075869999,-0.3188596798522397,-1.4447214137802122,0.2656601226320032,0.7789510665827829
-0.4663227512828484,-2.072104998475509,-1.1139286857928936,-0.42146003989139696,0.15892229071230154,0.46152514623585794,0.1968596337074058,0.6915775455686206,1.5796601485267403
-0.9410536724322232,-0.037086585232253465,-0.6226643925739638,0.0530580647954294,0.40974058831874294,-0.03712753274965383,0.7547788313718791,0.5029485179397404,0.10436292736489666
2.1642276071955258,-0.1379965199421025,0.39018420146446015,0.4244678445869733,-0.6022641226441342,-0.5246641293179803,0.28187826093120827,-0.9094823229143952,1.060902046536283
0.09038486295618633,0.4632325300013393,0.2210198813084205,1.4195643394203574,-0.25101057525539655,0.20672153744904875,-0.05975413833468757,-1.7644385434194871,-1.9262563892647397
-2.096498868679699,-0.3400599184537538,3.409416604324024,0.5143365184687496,-0.15887561089644076,0.387514066937136,0.24216615708787173,0.3384953999388545,0.08559384695398212
-0.4618243673944588,-0.44205589661581124,-0.4206979546927221,-0.29803178922938117,-0.5642218650870258,2.91076379593383,2.0147467807390202,-0.6115929547571933,-0.7299386961193514
0.37013145933480196,1.4353239698648552,3.109624222201022,0.07277955781408121,1.1063119376283534,0.8751387305437797,-0.6314810877567438,2.118897377305079,1.535201048388794
-0.7207749179909861,-2.3045599342163796,0.6429850487455333,-0.723723736706516,-0.7776343253174531,0.3998180634510973,0.17999006700138048,-0.9055571156784034,-0.19633523026012487
0.21669878169929724,0.30868813544474283,-0.08730601370082618,-0.3101923858791818,0.2831768047919971,-0.6182814868844947,0.2841655247150477,1.9497779987870976,1.62153348604179
0.2599861304701728,0.7458547844035203,0.21112629279459796,1.2589389046957835,-1.480336218395283,2.3014638017983176,-0.09290495043546415,-0.4429663619244141,-0.20225165075879317
0.8722539444118629,-2.198875945289083,0.08407855677097663,-0.21840407001451365,1.9331710096156338,0.2051103046975435,-0.6003276686330968,-0.39785689232849525,0.9827915345693695
-0.11323817626994978,1.270959461041057,0.5464858920013214,-0.10727991064650012,0.01193592939369951,1.5844471370550632,1.4787167517083244,0.5122953531116439,-0.8055741789937517
-0.5436890424872283,0.2882906780104743,0.12095246180628698,-0.11533934936960821,0.09967825363433229,0.24135490039199695,-0.6504565501852485,-0.35930681812817566,0.2578570228811536
0.10792328610933236,-1.198241802162962,3.272844784085646,-1.3583195557413,0.5690299084530088,-0.8754035315541163,-0.12731516343257504,-0.5854781767985773,-0.08286559903208437
-0.7394143457375119,-0.15866522140472128,0.03232260502683532,0.07454579788246242,-0.6735554930689709,0.20753588176841836,-0.2328617000753497,1.3113741686199494,-0.0845119584040497
0.8178559836829815,0.686633912883709,0.6727183066118679,-0.33161101397001896,0.37189464821058416,0.026709315534732363,-0.5507341266677721,-0.9527056050673953,2.3242952633704124
-0.4746779574228866,-0.3535726499394619,-0.6649890650994702,-0.01200593732002266,1.226010541564019,1.2462129744314505,0.7478622191313351,0.5132991315002274,0.1980603618685701
0.2550045337609609,-2.0865379383166913,0.842198810806213,-0.14159049805906662,0.7582345997700225,-0.6284032821500868,0.3553964733307049,0.7125216217468203,-0.5849802706192304
0.04598190187545349,-0.09891870739865717,-0.02590277019049092,-0.11645741325193815,-0.36082533632707586,-0.6450730588021496,-0.44874993220210563,-0.3396485893320359,-0.23033798851211204
0.3301700832050648,-2.884642684775478,1.410138647405224,2.282395340574097,-0.2197468518124537,-0.49413361249756804,-1.4390301631639042,0.012684006935516984,0.22067126886333369
-0.16378191336422238,0.32249785841267187,0.5058155486641674,-0.042432555685019795,-0.26084826918014,-1.030198673846235,-3.819710050033987,-0.1390326756637654,-1.0136340494162421
-0.3774520799558742,0.6114368972444979,-0.8483954117941194,-1.195199037638991,0.05095942293899389,-1.2165168394461674,-3.964701043841679,0.7849586334912494,0.3977582553087233
-0.40361097424025677,-1.2334261887462423,-1.1290303912707245,-0.08891262694726562,2.028967305027449,-0.3051208481287246,1.2871317044687511,0.35197140933393706,0.35046892144995456
0.6069547925675974,-0.3413765461549666,0.7995232731608631,-0.38889181637576375,0.11501233193328424,-0.1892691712077879,1.5026896056657366,-1.0753769755385518,-0.030174863656080148
-0.2195133175307128,-0.32506215370947383,-0.3071898496789778,-0.4736558587500388,-0.29065343465872184,0.6146694577683357,0.3865888553199112,0.0725898152346475,1.0633879648604103
-2.0248260032908934,1.0122310745067773,-1.6711459622300084,0.05463880243039534,0.34678683077931377,-3.819001872449862,0.11718356274066234,0.2092871101904305,0.13600602134966477
-0.0863863893788513,-0.38016162879634746,-0.671883898491229,0.5447988923850348,0.6692226459202963,0.46245802442546025,0.9993932525235694,-0.7922964528898296,-0.4324595534957051
0.5794863930111759,1.2786342252230714,0.46004671475196535,-0.9498086137822694,0.7385514711735591,-0.0757929595415566,1.1813786522715712,0.024782814756005266,-0.16060066034417717
1.068984353289673,0.46808314380988714,0.5410033088368527,0.36207499364630297,0.5498595257380215,1.67446725884951,-0.9992908282687091,-0.1831168266806817,-1.2138760289708272
-0.08949050081204604,-0.435202819349305,2.3758452414265396,1.134156565822282,0.03188831806875625,1.2836385669576431,0.3449623123536431,-1.3499106671802366,1.682373316065224
-0.5580166121252865,1.3987158176324674,-0.843003756755148,0.0046470703436581814,0.16532419727174405,-1.6451891079945828,0.4284172284091071,-0.8956279204449378,0.348837344807432
-0.9925158888830234,-0.1867482368047135,-0.9709816081029983,0.5753649344370954,-0.08228672008824749,-0.32614530167402306,-0.2721834932740279,1.5764297201267397,0.613808949592841
0.03377871803599665,0.9002063592766499,-0.38007105834355404,1.4784277541681696,4.116699254956625,-0.45374696122409536,-2.701641889430478,0.19380139139816485,0.10623718883406799
-0.3623769755802458,0.31797481578151054,0.021095058712765343,0.11238811734266121,-1.5275180530537824,0.21179759605294382,0.1267809649069333,-0.045452145090177205,1.0159198846925614
-0.12079696123561903,0.4172452248354235,-1.4727309043009316,-0.6294325872830313,-0.09953096979922296,0.6416715108406967,2.093503817777004,0.21002761991923602,-1.4215882804754374
-0.04460784455659068,0.10518499922514875,0.08407878448508804,0.2779150459859416,-0.029142692212354798,-0.9420344294586948,-0.034259699465204005,-0.14124595690755043,-0.7418469973503087
0.37559937310626695,-0.162474438250621,0.8975897258774554,0.07840173159625739,0.5230860986189932,0.7163259730107696,-0.20173488075740229,-0.511256586111198,1.1332032432293495
-0.6066233976479902,0.2878376409428137,0.7273903402159321,-0.4982501128067246,-0.9474662167171956,0.19415404761721322,-0.48347822674275326,-0.5008128027589642,-0.33744715782036494
-0.04946859753696787,-2.5913467161032884,0.11363420022835583,0.8665154893369231,-0.5102155254828463,0.3443224657242565,-0.6162698427753404,1.1080276725668337,0.6287631362754351
0.6276691348197275,-2.482180947390891,-0.09511146479337228,1.0654549506803723,0.2128505159703728,0.10124737095175373,1.006186203860623,-0.2795013225747757,0.013109702362936614
0.8529064604941388,-1.0953770580158737,-1.251262138423145,2.874460485110268,-0.5342557445666198,0.17375443504897467,0.38721040202175294,0.7183653246353133,-0.5894284199756379
0.519323148020856,1.0547620041260823,0.6410473909480799,-0.0969397917652769,-0.4876121303877438,0.21833283399728665,0.6887708274566031,-0.6032068932219389,-1.3808309094085396
-0.47482862129298375,-0.2870076703651091,0.6360119649090179,-0.5622491534420662,0.09087579543001129,-1.0762944585207832,-1.1025030399586602,0.2017372730272077,-0.525206096238277
-0.23918738064616465,0.31388013698925327,-0.05539800679167219,0.4484252975937157,0.14947778982586218,1.2986182205450314,-1.3578023543904367,0.34708348620316964,0.25008340928432254
-0.4717757663309588,1.2562193969340785,-0.0714261967167141,0.7423600780542011,-2.0024239844599,0.26790841943745997,0.9218163418944337,-0.4349185158487539,0.7886766363347925
-1.6125869496925647,1.0279813852567041,-1.473362490530805,2.497257917490801,0.4379732239005491,-0.08678046465811277,-1.1720913738496819,-0.48934184715327683,-0.10970941871366297
0.24377562167013886,-0.006875926014552193,-0.2199090964822821,0.4383567293893075,-0.5156853544428733,1.5253167352260764,-2.021075397027549,1.2074228112542302,0.12077051343603776
0.09772135807212932,0.0025214204720356683,0.26983249606064386,-0.04628164776315816,0.39254850327791707,-0.5460094826911175,-0.34887232806959945,-1.8347696569806573,0.14254649576323614
0.1761717965126905,-0.16543186816460173,1.5614372659974933,-0.9346149534759276,0.6839679333457419,0.8040726323681525,-0.24259682029799187,0.030166602137172104,0.9819813114792573
-1.0334487931334957,-1.0246075996069126,0.027459478536862373,1.0725156014443433,0.09062457684201367,0.9408555812723908,-2.1814928833479765,-0.5359265286169657,-0.07336449661200967
0.5410306569835335,0.5191679970333483,-1.084587273065985,-1.5629956920001753,-0.746796879989009,-2.4268478876530395,0.950368348467095,0.3673961748377502,-1.116569223645852
1.8571989865524263,0.6417694172423394,-3.2529751715003634,-0.175114360497609,-0.09943563875404263,1.0636652735769483,-0.7804474713514081,-1.7896995384759355,-1.536982024826675
1.3376618601415378,-0.9988257498248737,-0.08007764961143755,0.8897291965793721,0.013066917871203251,-0.17199424262579033,0.2258911891407534,1.3612136947002034,1.983695873613726
0.982258800394413,1.8023558048625559,-0.35846432852323884,0.4548632183855268,-0.96239119957464,0.6729602445419101,0.09292368956642252,1.0315011890982602,-3.2983714689694326
-0.9529915926286231,0.6154139943907035,-0.6617255381874946,-0.3236664499786508,-0.6766879966902114,-0.45340597705380264,-1.6072610278995725,0.019427304548698853,1.4015940716180637
-0.2637816557649013,-0.9493097294568575,1.4216763048277736,0.8790276497275147,-0.7382136419393942,0.332191579449815,0.33682000103447146,0.36201845591001824,0.7425439837604902
0.7012153595804322,0.06120193265638261,-0.5728807716695036,-0.40036024316993707,-0.42524956776221584,-0.7634323343336772,-0.19969120965056794,0.6696741376777481,2.5336865878902395
-0.31886371263467667,-1.1631365842203107,0.05275499596051672,0.9302198282029337,-0.6342604996622272,0.19023189168045454,-0.726760109912272,0.15359302163473634,1.7056105123928063
0.44964952360187765,1.7048491066751081,0.4138408278758876,-2.1085084640846614,-0.6301185659865176,-0.6164295471574762,0.5244704531175464,-0.31742272986832887,-1.0054461340689305
-0.011640220389788293,-0.5321449981265102,-0.15162667943090968,0.5815204303629071,1.0094611193358969,0.6016996789648247,1.0513518013069179,-0.5329777469451299,2.6514262802546193
-0.7395251912116901,-0.07835190265686484,-0.1283827123142822,-0.06642027033237913,-0.056277530876098936,0.08139226112224304,-0.024800517917964025,-0.8418826543694431,0.3478135586956147
-1.5145031355703362,-0.3341414741986919,1.1544392339929492,-0.8330836903010344,-0.7501738618118091,0.39362700906683684,0.905802178518077,1.02801359770929,-0.011457042078121763
-3.9941941940015737,2.044164473621528,-0.8211004553994671,1.622586140998878,-2.011724212458514,-0.9508113798730528,-0.46033343342929955,1.0932212002675459,-0.755995816965442
-0.6888296605089914,-0.06364406338175704,0.665870110261392,-0.1672676210846827,0.06572340887685947,0.31741285143622183,-0.14296616930404257,0.30033919335040676,0.8884930166177681
-0.5774580246638708,0.04031692427154236,-0.3627193358665113,-0.4481373691655311,1.6119509651466926,-2.7634640429003263,0.01486830300910726,-1.0596992488243466,3.182117817782255
-0.1930723812839389,-0.158580834101365,-0.7365449534973145,0.259411091717161,-0.2453772003471485,1.9595354549782207,-0.5258154408611598,-0.30178017396173834,0.007114635688716705
0.3977542719662886,-0.6339127794431308,-0.33084251386015673,-0.036087415728769445,-2.088326009844394,1.0450721016277162,-0.01659598441495315,-0.13673520653442994,-1.033242638935777
0.6008405897734557,-0.2161893509692464,-0.01614918710941897,0.8442822458299991,1.3152770515621415,-0.31743940044405217,-0.5057692145456839,-0.07017170170070783,0.2629071867702321
1.8757274214880273,-1.0798500636669728,-0.1437366866360944,-0.3278856523717812,0.1312868454533938,-0.6329224764605952,0.4802328908310165,0.3570721927695469,0.15507858509252234
0.5613866815498824,-0.6451742310574046,0.22993294338305278,-0.3437088835787532,-0.24041937298933966,1.305199611562383,-0.12106652433529203,-0.13943635636051577,0.4967622070261994
0.7392902357116491,1.6495959184087896,-0.37162105454197275,-0.6538216030680224,-0.0015321589859055833,0.21877081228704534,0.9235820769918337,-0.16400272100006727,0.431295851760997
-1.5166271328212633,-0.3469889043003145,-1.1868831055354434,-0.47317905088725853,-1.5467192375942167,-0.17896747504104113,-1.0002059383109654,-0.8881071641600246,0.04662035643974134
-1.2280800283702569,-0.5499717637902397,-1.0240566886922042,-0.009330654992044616,0.47449454638044025,-0.5568291164577692,1.5743493354889984,0.19415872728751327,1.1014230170222863
-0.2769977650248908,-0.24691056492988903,-2.606269296321087,0.7479576923235334,-0.612438105495802,0.8438963630821325,-0.7050992532484476,-2.9786809296722767,2.428510785877506
1.2720117928719679,-1.006160171581896,0.7348096837791886,-0.3235533146821209,0.2554443569697073,-0.8039599024253031,-0.11710932272372736,-1.5312582972683155,0.6197231140397411
1.9037210293937064,-0.48341324725474805,-0.4267025052965312,-0.13481047426110984,-0.7396092744258101,-0.36682252874994165,-0.6657308824119439,-0.26972240753843935,-1.9364990448534132
2.5512199447101267,-0.5898490037684996,-0.30714781557455617,-0.44822422740032697,0.8566516961322403,0.4522527726726206,-0.0409016773047228,0.18527830262757722,-0.018845424110427236
-1.715794394999582,0.15860428377328237,-2.3666046142909165,0.5747768915877787,-1.1089258590518944,0.2636837293691717,0.13483413045729647,0.34345665825340704,0.7119574141342287
0.06233510980950331,0.10429368577658606,-0.13048287847902895,-2.0279591930487726,-1.3154612789289626,-0.0672845307536037,1.3059771631798303,0.0943275983616901,-1.4914432253005325
0.0710612756919801,-0.3607177460915287,1.2683618462602877,-1.1213259383775038,0.0009280292955555069,-0.4435887822455337,0.509699697853166,-0.5283511515714948,-1.240485392059005
-2.5910521096358803,-0.7058400194050234,-0.5791917889245681,-0.7014847254752481,1.589217148732364,0.6495708984762462,0.8870822110618904,0.4986009331250494,0.584731259110271
-0.7164430188914379,-5.317052213799334,0.765428805486306,-0.3021820581226186,-1.4532510160108036,-0.14343755740235337,0.41444055626426385,0.6709052802051204,-0.4142089440574466
0.08065149184400741,0.5170305236120649,1.2063889406351802,-1.0181161222216988,-0.634588957743016,1.4950136329624706,0.029367170685056395,0.04216954898081731,-2.668032597844728
-1.4785990952100214,0.9955169374432515,-0.047152268486778885,-0.6136284334035109,-0.7087989599691041,-0.30814456204281976,-1.019333523471204,1.1660635524902365,-0.5848448289906709
1.478195637218326,-0.6494617450216923,-0.34655139601646784,-0.773649082683038,-0.6737812459008155,0.17092021389484297,0.779901820862603,1.1292913428638924,-2.007588762058862
-0.23297511131542448,-2.5444110731156693,0.29703393417546026,-0.337771182655541,-0.613320146320628,1.1853920858787914,0.5736640905754827,0.19615934738284416,-0.8093541904533051
-0.1709612637514661,0.4377553223698977,-1.1647884822192294,0.9718941895036368,-2.9203295153285276,-0.24244191129396542,-0.06308418072336718,0.6659563543448254,0.3956553543661563
0.06710723066043692,0.8458783824468558,-1.2307750740763959,1.614348930863967,-0.010649155324103168,-1.0213464091485496,0.06557039640875943,0.9337250324957547,0.20787256947266794
-0.6270983210207605,0.48329600905747305,-0.028044934318101657,0.560191600006282,1.2967673261130233,0.9943801830249182,-0.4714969739795514,1.4131489084041247,-0.6590860396072575
0.20645596656039378,0.3972919532509843,-0.24491034657315638,-0.43488108602444914,-0.2008618042004132,-0.9251909250604308,1.0732653857340726,0.3276171019517458,-1.3184538986107854
0.3595880941516455,-0.06456258999888709,0.4583249830620262,-0.28898957227235156,2.3539733302920998,-0.8475850348305832,0.13737736964628858,-0.009649818837962147,0.450550356088358
0.05325790672317734,-0.8376645272773431,-2.169950299143405,2.3331539098234986,0.36726607986023724,0.28434909764899285,0.22729760157211182,-0.4344284791737975,-0.45338606906895806
0.5082719734012681,-0.7250157741250747,0.26474515582567343,-1.9145046666362058,0.6649644363715123,0.06004702196320764,-0.320999328534758,0.07827321233764027,0.6811104679913044
-0.023655891363375744,0.7567689621539185,-2.293724658374492,0.09713985750424113,0.32653473130377736,-0.033426241595473465,-0.34393316043785727,-0.6946898281408959,-1.201371677227509
-0.5322914018682663,-0.00024843701544736117,-0.28568533192886286,1.0527385473023507,0.8215483045488147,-1.3275651347656874,0.2648945475470485,0.5639573366250713,0.31352445753884595
-1.2979944561020547,-0.1682906485813635,0.6061149238431834,-0.15523369087218017,0.30773128180717063,-0.546288169334375,-0.09049208721939893,2.153978521588485,-0.18071261492044485
-0.01685939684019388,-1.678832617418295,-0.48442166510056933,-0.2858898195728935,0.8448796890325402,-0.47222697354261367,1.105020765574008,-2.648543969752903,-1.28802305018407
1.1206616262887676,0.7518298854814108,-0.08044951563919345,0.6140042557677796,-0.26849680578615576,0.23816329313378082,1.0056575759762598,0.23853438999771617,0.12449996147416954
1.648781202016763,0.4247598077192033,-0.031660692514243034,0.7615236124241784,0.08011279194241001,-0.8309968576803318,0.02391875299860609,2.3097367037359104,-0.009648849272469534
0.015836914921530245,-0.20650496192296405,-0.46391434923667657,-0.0011272621590946502,0.09786003802223911,1.0815135507203046,0.8861774235990482,0.16115965615688474,0.47894147604858545
-0.6154377418323954,-0.011048304279133383,0.30647040058120295,-0.5679397462186206,1.0433470881722775,0.5920664002514682,2.0690362051717344,0.4426874998583888,0.7820991502654591
-0.11937202120304849,0.6089947525806849,0.11514270301034134,2.0460971207360634,-0.5765254012804565,0.3029357072870451,1.514641315634405,1.476343794515248,-2.8302643628287747
-0.09592845837863712,-0.4413389403661867,-1.7326366710345007,-0.6765193999213447,0.8504242100412991,-0.30885427763840034,-2.1390477895661557,-0.5257008151324023,0.25712264336376034
-0.5439764712881338,-0.560883690015276,-0.8018591764530745,-0.46649687294601766,0.7486536712965315,-0.4368708063105192,0.35449438524461124,0.16766194443466673,-2.111804060226397
1.3177080296591275,0.3876177963151854,-0.09653753360595353,0.14380364188554304,-0.3024635733922794,1.2657060904684572,4.257659203815305,0.47004867450489285,0.028573454742654908
-0.3504806766610364,-0.3763064533208454,-0.04622741817476975,0.3302311763420522,0.24166726932694532,-0.011275693066438058,0.4815279651941771,-0.2216687108015428,0.1705667325520868
0.5702567224284325,0.0038942841642833855,0.43471499915470396,-0.5083839917699297,0.33532477069272687,-0.024494755435640878,0.13552691084431157,0.17153608943209964,-0.5868680317545633
-0.10334907418430457,-0.9880733474249828,-1.170949194928611,-0.2717162577049302,-0.32898906452275983,-0.1686477778057031,-0.7644008098482702,0.2063824660549153,0.9090464775743207
0.03986318543758281,-0.0877456060400625,1.5930940093727084,-2.019398222733453,0.1667316117235244,0.3668918669284839,-0.8679327921171696,-0.3737257819217777,-0.30779142380895597
-0.31418124570413647,-0.1170177330905163,-0.4948504476681471,-0.3249553523906086,-1.5378256036185465,-1.866067114722283,-0.06721064234241392,0.49961056864854875,0.43361047049845763
0.5090882937665281,-0.9731884729958142,1.0384726843251006,1.466447099368386,0.4639445491051745,-0.1509060281444953,2.1272912202766943,-0.27670097862475485,0.23335902988521334
1.1191878760409,1.0081905898058565,-0.6441549939024311,-0.48682255777682415,1.2827152303623517,-0.2609963431480547,0.5733794900299105,1.4716277281842807,0.45237455863519976
-1.6559313659782149,1.2448940868912752,-0.7991330661833375,-0.2564845064826195,-0.43403957501611623,-1.2827256060574097,-1.4333455864184785,0.2768587418452199,-0.41917990698587787
-0.5613012134725316,-0.507748120280019,-0.6533338650699461,0.04073540879293806,1.7483795745515833,0.22287243075743335,1.137154577057485,-0.3893620150800057,-0.01826253499363732
0.16749382457950807,0.0212256378417718,-0.2346057485142464,-0.08873161258732042,-0.5224403041245494,2.1065072439053356,-0.7041571449697691,-0.5438671333692676,0.9734703113566339
-0.19953620474326533,1.0147515629350095,-1.260008140877347,-0.20670945035076027,0.26207940738172003,1.306452971849091,0.10611155353007994,-0.5397021013401494,1.1367969350846867
0.32014319678967046,0.07907560423279246,0.22194942915879357,-0.5988739927830434,0.9517719144845032,0.6937957200865673,0.018189082372599898,1.067587873450144,0.07221886236017162
0.037569690390539104,0.09594157116862045,0.918398060226028,-0.7572212903948843,-0.5540226032699461,-0.9551895228480475,-0.6471224888445838,0.5987768993632785,1.2416799121123034
-1.723353707771924,4.204112658872199,-0.7241485846847044,-1.6057392143542044,1.7130478871639236,-0.9088577133508136,-1.636907650803664,-2.0231934006592462,0.3577815642490947
-0.14175088505950179,-0.14833944050179887,-0.46852101171623567,-0.13322624465707025,-0.17009613924416092,-0.8579033292685406,-0.44444677337489635,0.07090593398017506,-0.04881863293261306
-0.3245792544501937,-0.3678609189863992,0.012273774772308864,0.7246364058234803,-0.7856525662802596,0.11591715573177644,-0.021756608855025974,0.6850877563971356,0.9642722675378728
0.6401110441910283,1.0132004688344785,-0.614856994191441,0.5028219566079534,1.6361433247659658,0.3243691467228384,-0.980484780138241,0.5776087285826388,-1.6956282020442413
-0.16952157369570897,-0.3757704303559106,0.4435726632304126,-0.912392649057597,1.0458430038624025,0.30494828391302076,-1.1526816994445377,0.20431306423307563,-0.7140448671317874
-0.4221939445998119,-0.06486397776130264,-0.41621795409618956,0.390229503719713,-0.14445167610084106,-0.9447801407454435,0.25462792355941705,-0.7540068746484369,-1.551980568131988
0.003088859586929127,0.5470589267024814,0.04455150820530725,-0.35602072644169175,-0.49469506204288155,-0.07138851564289414,0.7808146476446179,-0.796842622475522,0.17840284648688545
0.5698669631169946,-0.7518817401376511,-1.0366947001038607,0.008493855088810126,0.12019874124144521,1.1672058852714642,-0.8157595893650506,0.40699452601070424,0.8409829343258911
0.32634927864276153,-0.1414593288182138,2.2659196624948286,-0.30380171237983816,1.699302935903099,-1.215801054558477,0.3451411111910307,-1.9427476792101863,-3.978995452471857
-0.5303399650856857,0.027898121316330363,-0.9783973563124694,1.1571870175272179,-0.08467828909963536,-0.5115589487197978,-0.027883390884270793,-0.551834487837485,-0.32015988547037505
-1.3895478857735577,-1.5689962723748616,0.38518751674571405,-4.205016389370228,-0.6762072481815933,-0.32213615347900365,-0.1200843268150884,0.15523039566979716,-0.2896749571060367
-0.29817638150143844,0.432238238995053,0.14148044881307925,0.29117226383980777,1.2183635921423688,-0.15875464372179712,0.333359564932384,0.2832845552854976,0.4813839920160453
-0.48544594379538925,1.5101753220484415,-0.2982096462697903,0.4344069376986147,0.6712524171361703,-0.022130288091021466,-0.6053409099485111,0.3547824775745925,1.397031540457779
0.9194316020084976,0.35986173199315163,-0.08661710806276329,3.340074997454422,0.003854921076085754,-0.039513302116599,2.1235827111317094,0.5567695193729789,-0.037237641432861804
-1.4099212153924123,0.5729591620498595,0.041258675427681704,0.3646205973308488,-0.11308208117615252,0.7938509435994978,0.07091238288836119,-0.7944546115510843,-0.011380310140252528
0.4332991888556983,0.04080037583759436,-1.4229470255181231,0.34795900662522417,-0.2029408885652038,0.12300008873955129,-1.187042585066849,-0.5404274904112907,-0.6592015008233587
0.83643802694692,-0.3625256366425368,-0.3135570649142448,0.2101301810074425,-0.3437690773030168,0.22395819239751716,-1.1605150424118515,0.8444101864611903,-0.20420963812101944
-0.048317768529002623,0.37592063021157224,0.10757643973757833,-1.0278998245113302,0.3010437201966291,0.5552920245797064,-0.018129106390531346,-0.8486826842524147,0.020375615595218145
-0.7984177724878435,-0.34556961603072556,-1.4093450229768645,-2.276812642777838,1.7129568472141021,0.4723669955808377,-0.7527169758320287,-0.06036691498240508,-0.37407758512105665
-1.2813232062873634,-0.543202077243924,1.5512731760187999,0.13605663659938896,0.752986122970787,-1.3763039889027073,-4.789594866811972,-1.2126016612027033,0.26748914835102244
-2.276680049228836,-1.2255653167079823,0.6869935529054364,-0.013542286158369134,-0.29653301723392056,0.5377464300624158,-0.14387170549586392,2.137225662362151,2.2854937916787947
0.07491446924879115,0.5766392912712412,-1.4781526215262972,-2.1333486472552634,1.5371641373318885,-0.3429067266656835,0.43812214986885706,0.47008041430722086,0.2552093533739941
0.37507791214224523,0.16419569254885344,-0.25339550667722144,3.4625300116858595,0.17584426686291138,0.21217309803727066,4.255079327180869,-0.49131732573355363,0.4013839634347153
0.05737892202147996,-0.4333863057429397,-0.4028290240867395,-0.29232597339133737,0.01770297270560351,0.7957273400432385,-0.3961629271427103,0.5224548412412322,1.2649256605344783
0.20063819033377572,-1.046403364042811,0.11855593029563023,-0.7187988036725798,-0.27592891301158073,-0.5864238431029218,0.030786267229510455,0.7244328526419684,-0.612479217115743
0.4102525154302356,-0.10306202946066943,-0.5801316042891845,-0.5959009393344485,1.0664338127773123,-0.5137095411542423,-1.0462487851681188,1.2739140232727062,-0.9903936089260141
-0.5701815620895989,-1.215104436343155,-0.7039208131438898,2.360818315766519,-1.7394389458323114,0.641835345603905,-1.3661425417825916,-2.784994632048746,-0.619811288667994
-0.4436893853591299,0.08113865723456594,-0.26065579035245573,0.42042813732950624,0.7720482916813786,-0.001954075246102032,-0.34283191327721085,0.35131038397013076,0.1492459486935537
2.570622291891421,-1.0890152731175469,-1.7214670020727443,-0.8882303852549562,-0.531208869813516,0.05451588831521944,2.416835058290693,-4.278386019516258,-0.9082295123601587
-1.4073759483770125,0.11439039662296603,0.9802231157947021,0.9541181301233014,0.3925250151665943,2.1334501751275856,-1.1112163172220402,3.039927766835615,-0.24796628134371615
-0.47504999969924017,0.7304993976979544,1.1472188700239359,-0.29004351936881617,0.4564335310169677,0.9852645843542623,-0.5044724377643001,0.28159311965426753,0.132562320589888
1.5085671326260102,1.27090737071601,-0.38843070367029997,-0.8094745132292307,-0.6599588095673626,0.20671237903595732,0.18829126223233475,0.19179187781226298,1.3015956443221857
-0.1357198263703119,-1.6044749859124767,-0.6897860322851086,0.09906987619371066,-0.12464128055790066,0.04111754620764161,-0.08899776394388104,1.4565866404664083,-0.16000191153402746
0.030542632060753524,0.7138517747500699,-0.32839646187776395,-0.26766260677941944,0.43257821473251545,-0.22662961379134808,0.5703612948573991,1.2629246298471586,0.3363723355948185
0.08547369669207129,0.13407643337717895,0.7095629910114977,-0.07512558056396659,0.39517638167548325,-1.4392669231886175,-0.23971798184199097,0.8194392684486418,-2.0022705572751693
-0.16488914029096247,0.8073051211525325,-3.318028677853184,-0.20148599617079718,-1.5937999389849107,-0.2059477794736966,0.19369917878475892,-0.5132592424416381,0.2913529294357446
-0.2501161693745418,-1.6720872028396825,0.16999737696805017,-0.49311409012770874,-0.5965039064354999,-1.0696371065938952,0.5962038910865616,-1.2700435733032858,-4.075089094466169
-0.001331857780565411,-0.9842482010238688,0.259793164198694,-1.0458874484321483,-0.24770899236919353,0.7937518560468995,-0.15026681876788378,1.8217896908915647,-0.3619228161779506
0.5338777459720071,-1.3943633967680469,0.3382063106325779,0.8053964945840174,-0.3990569279017539,2.1474819403958922,-0.1290859988547198,0.671916335154941,-0.17689455288157196
0.40038202517206417,-0.0434070761904926,-1.9389604085191006,1.3449521105708162,0.7188009594863176,-0.7412686453925051,0.1967166505537376,-0.6625447260074278,0.9983190688247159
-1.8954613893522885,-0.05719240562368296,-1.0276773271173212,2.358975179001931,3.5537679598106022,-0.06942916023111603,0.594076142321919,0.16319384024000105,0.670783589331659
-0.4353967237406549,-2.3534312841324683,-1.1812070806566541,-0.12179615076534077,-0.5053524175579558,2.1957127991359067,0.1523986016990655,0.5078663328909208,0.05517894010239908
0.05643724958673941,0.012733713424115072,-0.9122645153262217,1.2003246330989803,-1.9621319074534862,-0.750268744014694,0.055121202073195014,-2.24906045307004,0.424369455940384
-3.0267797864570825,-0.4573805911419379,0.44045333864773245,0.24203809914050595,-0.28510549652076095,0.6181632293151667,-0.9061325810602704,-1.4602145505304056,1.5888613462697014
1.982197523423567,-0.682507357704145,4.6913128531404755,-0.05605757216766137,-2.80881781732226,-1.8161644020432048,-0.08832094104445479,-0.9917599703775888,0.9326755196481424
-0.9576274261245771,-0.11526484970991695,-0.05803036289224639,1.3688844914267813,-0.23948037788462362,0.6327913221421377,0.066349694395848,-0.5344102157419534,-0.4436736829233775
0.2721579436353677,-0.44302093880986815,-0.9542601976605113,0.9928687993209662,0.08475111896544214,0.20802434883357054,-0.4192388579409029,0.5313342409936221,0.021436708103010217
0.223916331050333,-0.7740207675102347,-1.9110630271398379,0.426798405873061,-1.2459669315535968,1.4242606894947671,-0.0028846299789541323,1.75739168969069,-1.1750899676195388
-0.49705005186750906,1.1095553943960976,0.07111213824525307,-0.7037827430350392,-0.09745848428795875,-1.2867865744526379,0.018989591616754075,0.013739815411405561,0.3973868699314663
-0.04617857498257197,0.050812572195706486,1.6090143770222927,-2.6257152366594676,-0.17142309386747623,0.40781671733064634,0.24444873094286404,-0.22380742652023386,-1.4326981774237193
-0.4072920274752668,0.40849833441731703,0.9967810090811541,-1.3825311970068122,-0.17119036310855246,0.7621013645381357,0.6103435122783881,0.23862139424116624,-0.03740690579623554
-1.2266375317510168,-0.6131510266634452,0.4134353907513074,-0.17308581596404268,0.042850401283535004,0.10916539216563688,0.26127116608637396,1.6206944624067117,0.21078725495767936
-0.1477334807808022,-0.5770367689019941,-0.3856107940984974,0.17790079023988864,-0.18873953363555826,0.6862839742390725,0.5132866791444439,-0.3761380457863212,0.15177247477894748
-0.4064240500023838,-1.4421745459827768,0.06983594781520064,-0.570489142778873,0.7476393291892265,-1.6875875591675202,-1.3778347881654684,0.03490632398066242,-2.274094717090102
0.36196224522649073,-0.03237133710105505,-0.5738204991636243,1.83126159283248,0.44147175764138347,-0.19384692328088193,-0.17471656674405917,-0.7673928435826265,-0.5447441119971048
0.14638944156554443,-0.5522302877620114,0.5973707698397897,-0.7753669824939065,-0.8460081353949254,-0.18391436459875346,-1.0380244974074888,-1.0956031025762665,-0.08778164572604763
-2.0846186869568095,-1.0713459814495179,0.5869835842773501,1.539654413784695,0.3477454605134381,0.361150669577349,-0.16383510937743131,0.38760054256744214,-0.20104017776654304
0.06199133271264817,0.003926798446775752,0.7888647835184524,-0.27546400276721117,-0.6424532684926382,-0.31342872018982926,-0.27800875400531805,0.8749250358345293,-0.32293070091530035
-0.37746919954131003,0.7745660247789296,-0.03804244784095791,0.0736331935893146,-0.9532588922953673,0.300640893489407,-0.34980209786375127,0.8417460758814713,-2.1205676571983747
-0.3744579304661151,-0.057311704961718946,2.175929788718275,0.32652056061667095,0.21490236663972967,-2.3714934303406356,-1.7088353507181746,-0.6028419159013009,-0.28127594275631684
-0.15574343383014996,0.6498540463014,-0.09050967648723966,-1.1282054849432808,-0.28553600556490344,0.9228366897467771,-0.02740179730794644,-1.016882701708263,1.0720805732443575
1.182723397796963,-0.2430897927749349,-0.870788985587241,0.8825973913488432,-0.47800903352824287,-0.2741407032293903,-1.5239729544042933,0.11782698900682753,1.1312938277637925
1.7284914370833089,-0.10800276854243769,-0.23581135278027782,0.25935787813990746,1.3473655572761094,1.500012046642033,0.3825718266306799,0.24432111176846244,0.44404194077700265
-0.1895208586503977,-0.2677308459290006,0.05556401327330058,0.15521118916681248,-0.30157618393868635,0.5808603844272668,-0.5125080684831,0.48650524468736117,0.29129797897932186
0.46558651961310576,-0.18405649269917781,-0.05364443772097511,0.35469651112948786,1.3397212301523125,0.602367020557902,2.2459029590717847,0.5295469650482579,0.11474857695515922
0.7707119488802887,0.05650403623671666,0.27566813391637557,1.0782884029205249,-0.22259859144675184,-0.6001987184166833,0.3316279095907268,-0.8462100483960158,-1.9012446477315275
1.427877306009945,0.3696656278382827,0.04632544356918999,-0.8418345326984064,0.09188306056961335,0.5064362924932317,-0.4807837283503544,-0.8137738420324476,1.6038275199603143
-0.23940892071204287,-1.1485858635163844,0.08458555928987367,0.18670846363484228,-0.4233735762943862,0.5394815571487763,1.125404197642255,-0.616439222159443,-0.3166929184780162
-0.6159371391931523,1.0004161465455954,0.012828372176858071,0.9057156767859453,0.7901477307656071,-0.28215897380959265,0.14537612059979693,0.02818320409256045,0.22525717748530952
0.07128113818073971,3.394961917886477,-0.633983987479196,-0.37576467075683784,-0.7064244177780449,0.37430723832584,-0.6286081953376897,1.0188677798744983,0.9112974996522721
0.013929599189242031,1.3034146865114193,0.7353236355450582,-0.011619515755504857,0.25665855677778954,0.6631112155706075,-0.3825099724460006,-0.3631758703550452,1.4921258277277905
0.42988569807495686,-0.37571561084610555,-0.22895344758271474,-0.6090150326338247,-0.06639810960095258,-0.3662378689235026,-1.1280035794060397,-2.0581986039946436,-2.4829695822215707
-0.011801421696347012,0.22733345097076244,-0.04806768285296121,0.09039659732703613,-0.6439893156657558,2.0428907244866057,0.13922067323903453,-0.9032158335847498,0.06810285389705938
0.16333681884567716,-1.554808689490974,-1.4815079114696499,-0.4296690588041176,-0.27724111373666105,0.24368545500215055,1.1514202088724212,0.014828855213311743,0.35572274889593486
-0.5853416920476183,2.0701004790021225,-2.028979298969183,-1.1195260505864415,-0.9072336977659241,-0.4042979758888464,0.2584978573647127,0.809138110734459,-0.4395352814354403
0.17133208416911636,-0.8170063808307628,0.8322667619487251,-0.05741655862729488,0.38184722836408463,0.16796956840735733,-1.7463157561411915,-0.7259859863254584,-0.2318207823339586
-0.12865351910782763,-1.0707314185797534,-0.09794051649122418,0.5057522477450309,-0.7753555759517581,-0.3591386277594675,-0.5736771323538479,-1.2630403912770134,0.027220540981175396
-0.1285749769445486,-0.216707868299732,-0.6232634138521139,-0.9986571710025706,-1.60129561368537,0.6986446493742241,-0.09748522703521291,-0.18000869779699166,0.7750579253029064
-0.417670966814745,-0.7243304656265611,-0.48421901707124665,-1.4329875605301243,-0.705486751720012,2.0408061158112916,1.6414460881828599,0.4559053634156894,2.4656400951429185
-0.14390125706416204,-1.1693769493544806,-0.05201958092620337,0.777780310266616,0.05725464001024971,1.3799800911286086,0.38582351746353216,0.20033888226385055,-0.08769562912543144
-0.708209036826049,0.015999019327947502,-0.223410180795125,-0.5006964657884674,0.5942221521427093,-0.9788435208695143,0.09980966350607562,0.01797325347324189,-0.226101757189889
4.945874062642908,0.050535751598315894,-2.025931805259847,0.9856967703142657,-0.9590661700274549,-0.6813667016779239,-0.6786353370349696,0.7083904114936883,-2.9681463720336043
0.3286340494327356,-0.9423242505868605,-0.880782403199188,-0.6751973098274854,-1.9492725057174756,0.5343089215908665,-0.7322137981318041,1.0241922534403551,-0.4084077401674627
0.0014028463376461163,0.6755441858069896,-0.17560224446453254,-0.7187696914876553,-0.34990870201665136,0.5307120591244906,0.16349216131115688,0.1272296741191098,-0.44682469269184233
0.035899229684147764,1.358015076117976,-0.07652539778893412,0.29740070527465773,0.7184786155841315,-3.036209821058814,1.0175506798257585,0.9992619715316874,-0.16359928718119351
-0.3358840223844344,-0.19040230037890485,0.608352136857293,-3.3792955845993853,0.6066849102696084,1.6180566007109136,-2.5958345925775896,0.12079009353174905,2.616637509100259
0.017538246794260175,0.11277075565222348,0.27698461645918837,-1.2168990547024,-1.21435818314031,0.15553088418776115,0.3312939386944003,0.04235490777852881,0.2581696461517765
-0.3046947488803588,1.9617182461173985,0.13710454573756578,0.25598588452733856,0.2576058001205475,1.2035515811621014,1.3267354907485562,-0.09484002176998353,-1.5702403552162607
0.031241686053292035,-0.3992640962088827,0.011365376761049255,1.4383107029949571,-2.9794031789079467,-0.6599664204481192,-0.8271457920446845,-0.5370853019613375,-0.4997380882224772
0.9221278601349634,0.10753764606996073,0.3660322049859449,0.16311278217270278,0.9159361731358137,0.25952789326250564,-0.46574817276963326,0.3691549875191163,-1.1126398666956163
0.6634012118844628,0.9486888616881666,0.28836327077400303,-3.0654127214464446,-0.6260673810100554,-1.5397386906789416,-0.3585902748331601,0.30440198776364763,-0.13366856431822116
-2.126560992544069,-1.128490821015377,0.5220379722623769,-1.5451776797154582,-1.3897489150957407,-0.1664052503742747,-0.2258031553199937,1.189105838176399,2.076870623640199
-1.1602047373320112,-0.37910270154008,1.4596186652724992,-0.4753579999788408,0.26609922219717125,0.2743171081289001,-0.10425982097987739,-0.5023885626864993,-0.24015167924267533
0.08821695246666748,0.9703944443056947,0.003862740750523398,1.4133069531483553,-0.18823414086838186,-1.3277667640509836,-0.9064748257081592,0.5510844607074307,0.04424884275222226
0.16194936336179686,-4.187759170672781,-0.4135678417272084,0.3110059919041879,-0.7798564434353268,-0.9308738839111625,1.4685666023101391,1.5656874758322668,0.4225608441766687
0.09933857657828246,-2.35725654557352,-1.3687496582169474,0.8714647178291803,-0.5438416235007807,-0.2331598855752596,-0.5086797735794523,0.14352194218078246,-0.03551694943357123
1.4313077976376507,0.43900652815060986,0.992584690663692,0.13933014278074576,0.16755116432122333,0.16035603087489808,-1.5458456301928218,0.3302865519696186,-0.8869380661325896
-0.3866052840117158,-2.460219421889996,0.6676943828221247,0.2723135605636357,0.8428511244950984,0.2937215927569565,0.2723395439718153,0.10437132137969132,-1.1264938355986116
0.23429269898480176,0.36420425441722387,-0.4737207902166232,0.2772908785647213,0.5640468434675375,0.5749782304385429,-0.48854816961235803,0.6888082418012105,-0.49117208637033877
-1.0316301624269175,-0.6638623614555687,-0.7933137177532169,-2.490237340894666,-0.4418092948061763,0.1480434899383834,-0.086396621817237,0.29634901375304623,0.047683592933133484
-0.12054106432183603,0.6898284385220568,-0.3860263854028257,-0.4040267516665343,0.0309284297123884,-1.487310929128709,-0.16349616879586337,-0.06942609799962142,-0.08113575464328247
1.8539542056800924,1.0101757091274564,0.3134075826750392,0.06067521290687678,-0.2935005510557196,0.3441351536926932,0.5603108766342489,1.8127466532467456,1.1334492796212103
0.0805584815692737,0.8804272872530137,-0.7237335702131641,-0.07650255800219954,1.0713502640488322,-1.3585818760224917,0.9265985192198711,-0.030347492633399576,-1.1241792545592397
0.183282602726569,1.4571301633285827,-0.6044640580627103,-2.594328626697917,0.5729657834031318,0.08337225343726759,-1.159213179963569,-0.48983108541991,0.12746866906300355
-0.2668323442257984,0.06830788445840952,-0.09254533102916751,-0.8921206221739724,-0.15695788841589292,2.4333641383830935,-1.0673441160060633,-0.8054866451435695,-1.1700249681474122
-0.4666069049108819,-0.17811906853540244,0.5011027650510583,-1.2324945842362607,-0.8944249233447747,-0.3457244524004203,-0.23569818532396655,1.4961528489327924,-0.35938155503567815
0.4527355714118414,0.7717145895640126,0.2828664640180632,0.5105546657663032,1.4579041408299263,-0.2614771095007785,0.5167710224697899,-0.29148572990014,-0.21841921765587663
1.3268193345572035,0.07384573659237216,0.5603845742322247,-0.8144978809089971,0.021062828606758822,0.28040756455447624,-1.2692290462682232,0.12517748421554034,1.5348593512124598
-0.42306812751357714,0.3373868975503716,0.24536479646929962,0.28691700543701915,0.13925899995293106,-0.48226367861302777,1.0969836307043406,0.183123771199998,-0.11077407934794205
-0.0859214335875652,0.46405632039852773,0.512819584963725,-0.09310629730255648,2.1588908068193975,-0.26696360685335113,-1.8628500523893154,-1.1896413190597277,-1.239108063712273
0.02678085925075222,-0.32842788820220503,-0.044311568316832424,0.7930344866265215,1.1315840144104823,0.35365650590038494,0.022225865515904324,-1.9147908651372012,-0.30609026676489326
-0.28445726369942886,1.7185361838161495,-0.33995205897122327,0.4517576013313656,-0.4611406627677911,1.1476767617303325,0.22618294819122725,-0.1730491603645593,1.3021127860415571
0.45644999734162006,2.5455605393205203,-0.18711429184250397,2.188606621025159,0.7807473183046492,-0.1498205980965948,-0.018122811587520445,0.3526411413868443,-0.06726175754510538
1.0779176902141148,0.5187829413009328,-1.2065515400098763,-0.2793648442198265,1.3727617994115489,-0.12900697345482168,0.003970670357018439,-0.14642742654148763,0.23724730059415505
0.0394599262963988,-0.09748911336104821,0.1823947773674326,1.0632726174558775,0.39079640208578376,0.4924216531853412,1.18771944596106,0.19052912133304664,-0.4683818096388801
-0.008315042845319337,0.4558258892106073,0.5659613842759429,0.2261085675953657,0.9898262256539777,1.030231942602643,-0.9856060135417954,0.7959749619624674,0.46653468306691664
-0.2403236699845701,0.17531849337807287,-0.5451808944600803,0.18429601617550465,0.31952378525121095,-0.23583301435340367,-1.7161032655818724,-0.3019882066122361,-0.7664840643165631
0.17278556385568955,0.4185845416335807,-1.6282015253872317,-0.5157684994801803,-2.1264318000276443,-0.31476328667121933,-0.46042249917543404,0.09085941423548355,0.0013910485843370195
0.029707700572196013,0.02136233235223604,-0.9663898975402554,1.114003947081357,1.1159709126000754,-0.688577991934468,0.2554155898921513,-0.0827759287976099,0.12035655604509539
-0.5620755572611419,0.6837914508139946,-3.1261556713325938,1.6052332079673013,-1.4977610171333704,0.9737895613444157,-0.16746000512993772,0.6366070840969231,-0.12573233954669005
0.1847904610874288,-0.019390664196406324,-0.2107898439246104,-0.8389246077923888,0.03896495930008125,1.7873406527081055,-0.16536666299509306,-1.021626887524106,-0.27140448162269576
1.1057691813644193,0.01797464336871653,-0.43775045853418587,1.6913173133376709,1.589880867377004,-0.33617341747375945,-0.6517224391369313,0.05525195958073126,-0.3361201238769328
0.32341571510531164,0.5222491300172831,-0.6029810747522634,0.4006931774639327,-0.40614219577453237,-0.2681612935094769,-0.6057801242377772,0.006121230568884253,-1.072309425056775
-1.028059552666598,0.16525419945718958,0.5294942672718822,0.37800254479784373,0.8245714725776901,0.9979449978248675,-1.5629408099438549,-0.5056161947221336,-0.1501534803340186
-0.31724740350660063,-0.0028837281254560023,-0.575127418579179,-1.935915208629896,0.0027388408633333677,-0.3698440570127748,-0.20581634494558593,0.9383099179700622,-0.14216921583803685
0.41325739817396256,1.2557719424445875,-2.345762200018309,1.4516140060189215,0.6060850106915006,0.19587953229936686,-0.05765134289369605,-1.5794751648279912,0.02524246379991669
-0.12255244080110152,-4.852268379668567,-0.02675611836424643,0.07101066534763395,-1.2609280320578118,0.5184030817157399,-0.1743307913174454,-0.3246539131804432,0.17964754573514924
-0.7921346762198342,3.060727454007785,0.5773491888233846,0.7046870423192295,-0.15229906020853964,0.23136817331040097,0.2588839699738916,-0.020984346018770555,1.3066486151433931
-0.6232412383745745,-1.2369071381243415,0.479411376757714,0.2100585886036624,-0.3460218226441703,-1.5244274020075261,-0.2486557179239039,-1.1103292562317648,0.17390579900197375
-0.0036040736949553343,1.1864023427142234,1.0040153595015164,0.09367136097857344,-0.0837508606394839,-2.7564039999233696,0.7980532059432864,-0.8042224297128014,-0.6014981818837433
-0.1570737773344352,-1.5468761324222002,-0.09432678990731218,-0.52955878719893,-0.9270793167491591,-0.16187649491345635,0.7975726623665977,0.06239512051074984,-0.8628089668655177
0.36399861010545687,-0.03508086419332417,-0.8437862587887587,0.24374945769173095,-1.40660616000889,0.320008334393843,-1.3413131168902002,0.16846734978687158,2.0361623445231243
-2.0545966108014957,1.9362745066373013,0.9423598370535842,-0.14865035087455672,-0.48110058467339945,-0.19254524628529815,-2.556306815554938,0.29183520202195384,-2.382542891343625
-1.785914466316124,0.7305789444556297,-0.2389903931766828,0.1774937174555484,-0.16226783819278082,1.2848977737080243,1.4118030955669998,0.36525113309088336,-2.046789761085412
1.0783106695647127,-0.427321946549024,-0.003713839847469665,0.05287756689696526,-1.4666197583348834,-2.2040773417653923,0.4610986872026369,0.19495881096587692,1.4487338723104937
-1.5860186208693159,-1.3710634708401643,0.8863767655528181,-0.05079396073100534,0.9685574982680624,-1.3083730435777399,0.7433319950103939,1.1360837368555774,-1.1975945374768888
0.18705605299399206,0.3871146126711289,0.8873627749773045,0.11872998083031125,0.9586256760657292,-1.071038375575077,-0.621812710361596,0.4413571743375811,0.7044085195561692
-0.05891876481143468,0.8617329342559986,0.1219353833473957,-0.16340781916324199,0.4618584156321111,-0.043552622993052785,-0.5948877261817616,-0.1803159028735885,1.2186749452691823
-1.4708775505524394,0.3444107467684494,-0.6465726407604621,1.4153247874581327,-0.136960577488329,-0.1635905024263196,0.03028221954978838,0.35437928096738447,-1.4486595668147437
0.07776579634174265,0.9440382559226954,0.14346483467894267,0.5071111302305982,-2.094062911252349,-1.3114597363782827,-0.9227461463982913,-0.6784001395646998,0.34517695216760047
0.7991089381713189,-0.5644880493031385,-0.39591291627895797,-0.06706015512872615,0.8128095420953865,1.6392613795286577,0.8262176313050371,-0.07477113993074185,0.5124598386006768
2.745261608544397,-0.5799216513222355,1.3110701650318672,0.08750818394173286,-0.4011450309031993,-0.24376296105326384,1.0113042807239307,0.566327697454193,0.804092573963639
0.3979492386219227,-0.37412367313332373,-1.2590572890580882,1.2130244675026547,0.24228588218676414,0.8373396467208174,-0.053686042109422016,-0.5277202078820227,0.34312735316031767
0.33998614509000835,-0.7546424193409108,-1.439545491394457,-0.17412120006260537,0.9801716426518008,0.3964256296103849,0.12174273368652852,0.38269559548122545,1.7490055507071487
0.04000716419967022,0.21671241545979691,0.2239975403103732,-1.409540107243426,0.4736293831617573,-0.21640743622495148,-0.3029664354645391,-0.8136310217958045,1.1203345215446547
1.2929297217934435,2.2572895666033648,1.2628201951017701,-0.9123660118682114,0.13938369075441662,0.1769521965133618,1.0671400261642128,0.2979246912332535,-0.4493381062036877
-0.1727304844639978,-0.9778144255675731,-0.1703642585753848,0.23866727403832283,-0.036285169380899145,-0.06679893546371928,-0.2641859057644236,-0.3540037350678457,-0.28623128746916987
1.4561994534298939,0.025123455818862616,0.6823998387908151,0.6663059514665436,-0.9996380175530066,-0.9473281586824819,-2.016095015472758,1.3100894153766702,-1.15355853423035
0.9475565012504298,0.06997323681329524,-0.389715385977048,0.048996579725937954,0.8557445092609002,-0.2435597008325386,0.36781789583359464,1.5975615180652933,-0.39509665840030905
0.0749442419367952,-0.7579328478169037,-0.9114269918506125,-0.174483066505365,-0.006085126782136765,0.20351752696685763,0.640753421648279,0.07857917241104427,0.33041173701904086
0.6922279927189161,2.1026986848245577,-1.4959183046134037,0.9506230556792572,-0.6926090613441109,-0.12715660999203673,0.43209799279854655,-0.026551266355902752,-1.848323022193677
0.08498410487321051,-0.9203803290205878,0.10354280758141528,0.04808409236542988,0.5031118493600557,0.08388378234042881,1.201665681175405,-0.0743063278026752,-0.462466511977528
-1.2054619193930498,-0.2932845028792842,-0.24485572774647266,-1.3335075788978275,-0.10037909210467577,-0.20428217686684583,0.7161075774516947,-0.04860968732338228,0.8710969711629576
0.13691845091958754,0.03727773312079391,-0.9370181520501024,-0.9700104686308509,-0.548665094684487,-0.7776998431881018,1.0283392986703754,-0.6828289481271734,-0.29607528082523393
1.1191961316099603,-0.1347879954876411,-0.5188902943971077,0.3265419761401774,1.3675175191959312,-0.591672312791402,-0.3725898502785381,-2.0412494376911132,0.15565009585304754
-0.2982848521994188,-0.5242930489548985,0.1415029018066368,3.1641034434154705,-0.2504737623164907,-0.5720704817561476,-0.338897909369084,-0.3286192127485773,0.08382135425985006
0.3974863117644342,1.174399827383856,0.029917167829460745,0.5647066470169279,-1.715733926764047,0.7278056843261156,-0.4087484042789556,-0.30468100171823764,-1.4845062030533445
-0.17094674927739656,0.44793077139120524,-0.873586845913281,-1.2796710521276,-0.018331421170881823,-0.4391689960831511,-0.037673578764359325,0.03290731720826145,-0.6495588682562858
-0.15235669903355073,0.41369483734274004,-0.0023464958262576453,3.5244867617591074,-0.30675786247963505,-0.629176752383626,-0.1188689529369001,0.6651886160783915,3.490071511310393
-1.61893971597068,-0.5228057659516506,1.9958983442561633,1.6069588069419145,0.28467789555479966,-0.22309050205622297,-1.013956402523172,-0.4669114194409668,-0.2627592238108498
-0.5868830307752434,0.2901338323381926,2.223785108180201,0.01464646330771492,-1.504351218289109,0.6781272431594537,-0.08289779719279682,0.08502657984774041,-0.7864650246477375
2.1620279201460537,-1.7268663034055565,1.719661830007418,-0.7132997014527691,0.23957725687073822,-0.9596651128257753,0.9790387262327918,0.5041507311796384,-0.49051530040273894
1.9352743134960038,0.6278618977504449,-0.23513999204169167,1.5067972526190574,1.2714435347660884,0.5745223294852758,-0.3684083242381872,0.5834325274846417,-0.09689243539895512
0.5103542751164148,0.03218344575876432,0.06616253984519936,1.026734519091987,-0.6116311368039403,-0.17035535420395886,-0.0924579416203147,1.3369567473032526,-0.47481919762352487
0.8339619263148694,-0.5471570035379857,0.4390437004259521,0.00770212485584271,-1.3466400991138259,2.1697581390444722,-0.18556979257946007,0.853816952673574,0.5770504343289926
1.6736299843761784,0.5766770002433736,-1.8238685029086157,-0.1737474104307809,0.5861933627439505,-0.600773045586697,1.0317552594432762,-0.05166047258376501,-2.8549539226805365
-0.024878832029219013,1.2109481025805304,-0.9437616319950647,-0.2525369614531995,-0.5973546063062732,0.6400199788185438,-1.1562694942621126,0.746977866466821,-2.1464933625586724
-0.03755491789776346,-0.7513480592755393,-0.694974415537988,-0.713400660804486,0.4220637890165437,-0.09849181001919283,0.3215897330075851,-0.3238743984029427,0.1568349388073692
0.38177537833429187,-0.04402482496365219,0.4403396442372054,-1.5103594607409943,-0.613029081830089,0.4278090363750711,-0.05979915698737266,-0.003858353327324318,-0.056387340458326524
1.2448258223864006,0.08600419049462735,-1.1077931420131375,-0.28699352661175237,-0.8547790609883876,0.04972104992803762,-0.9626725842591007,-0.12544577184876954,0.2492707440555763
-0.3045570990077756,0.3851149713234439,-4.673385206847092e-05,-0.9096719973609316,-0.26731971243836944,0.309741976353807,0.8755362126255919,0.23281289971584082,-0.3836403074083078
-0.29409460717882346,-0.08524791369158527,1.8183148331103118,-0.608616781361895,1.0685975292283,-0.1980954582462059,-0.7531173607907327,0.225451964944236,-0.5364836087586278
-0.3702332215715007,-3.066886997208924,-1.1966963624166231,-2.636340141509509,-0.23664039981669438,-0.1088870905083316,0.0743972988388217,-0.088336458111663,-0.0917079619678196
0.2348177072303208,0.36596264536362944,0.11157277332554388,0.12994405042074528,0.10033467193560201,2.022742656707356,0.5375711617288388,-0.14864566866500234,0.10850413578155017
0.09060842533565094,2.698773546816066,0.21908206049799622,-0.16571342680387566,-0.013785073898103298,-0.7534751316590397,-1.570791593305024,0.2901448397269135,0.5924999992724794
0.05347056889775649,0.743550785764707,-0.3169120750034273,3.86882314954392,-0.03915809222381982,0.18952072321308397,-0.02847854123815695,0.1347292773166331,-0.5415671554384762
-0.9855075021490349,-1.5818888515946563,0.10803731390830985,-1.2078265350963513,0.20042152016655373,0.8881031903220138,-0.7201806009172783,-1.7912090400638676,-0.7596157861967358
-0.23807874541161061,0.7070554403762793,-0.4466615576902694,0.32956098971840336,-0.3810866656056152,-0.4300481418747387,1.249890882638841,-0.2776831580513031,0.22779250579385235
0.0454694111288982,-1.0980984108611882,-0.32632002468717797,-0.20343903963456844,-0.061250597720422614,0.2207058354239689,-0.4738866317440144,0.07134187139022088,0.5141712224183915
-0.9392756256705865,0.15758147388326196,0.7282999298401761,2.5731771918291653,1.9150738680056314,-0.9668210670703896,-0.2991199316368435,0.06970471418566736,0.49652897519959033
-0.9768587547219352,-0.3598489633667671,2.5598746942726267,-0.1141179675362119,0.9116734494647608,0.9206571061271372,-1.1502148483812007,-0.7139395587529938,-0.4429331465622096
0.08521860957679495,-0.7714583954451307,0.30901544444001056,0.4136509546785962,-0.2045558473521129,1.4584275060399405,-1.18465547730648,-0.833937416104007,-0.498913053450052
4.130672453223494,0.5199309128587513,0.5411567251530943,0.9357829639648253,-0.14288457393192944,-0.05991894565304005,-0.311170150788808,-0.5089115715443073,0.6804674055002483
-0.058555235233572075,0.24954025410874386,1.1169306854139291,-0.7518419567082075,-3.1123470334270324,-0.47087926284586135,-0.1019680243489361,0.269991195164279,0.05315276660957577
0.052969985667062534,-1.4744209386465144,-0.17580742627326132,2.003819120449266,1.9928753384795757,0.40004189399531953,-0.4361322136170738,-1.374666992144556,0.3197428282729013
0.29499668754588676,0.7089517417650162,-0.9993715512788026,-0.17442363955684856,-2.655728119536259,0.14051492305505436,-0.96030646532572,-0.06684894342423754,-0.12299102339815185
-2.544094639810879,-0.10727577482065997,-0.29302246061285,-2.2368639149830547,-1.020183851536734,1.3840529785493627,-0.9919999339593711,0.15255346962849398,-0.07702708132555988
0.3175962295507335,0.07651393297970274,0.19251611048896397,0.6543434549190181,0.42921295534057247,-0.07216137739987503,0.02645426510821977,-0.5298918866997705,-1.2303911267258365
0.7109563515625218,0.02693502214238084,0.30513919783394056,-0.17387138399862515,-0.5052136866099435,0.3049571422372585,-0.23566272077664518,-0.37575696707311557,0.03876078270138767
-2.6722123571195255,0.9168529033192729,0.30325480567930674,0.01610593963787444,0.5747978900416032,1.7978284010165513,2.38612697007878,0.8838319749244146,-0.5803120412544713
0.812457354782322,1.9936290657089644,-0.2932354579491804,-0.7688501226955887,1.0703777379116204,-0.39170719448192154,-0.41037091450347113,4.821622270144478,-0.770178384772719
0.33000936424488814,-0.5708157011805091,0.7493732158714886,1.2695491041954003,-0.16882050438314228,0.4948075397293174,0.19999365381063475,2.3099094663608555,-0.7440968712033772
-1.382900015676986,-2.131484581299358,-0.6341809456557035,0.26422292781824486,-1.7541284685414702,0.6387136859119521,-0.34244393173281834,-0.20289008854329535,-0.9595656403895063
0.21841557700123154,1.1050448536050226,-0.31512550990035,-1.1343364423836937,-2.6283360327225247,0.05081287079379779,-0.28203869322476277,-0.12369598258400386,2.134053940229599
2.1014142211757956,0.379768934394201,0.807908170853986,-0.12701500202855445,-0.25738857107691854,0.5998906545653033,0.8555750814592585,0.5081900522256254,-0.3119650573392005
-0.30865880194451634,-0.039743918505670904,-1.2427424137101692,-2.884647638432798,-3.2788761889879807,1.8418970071710281,-0.07171040665394367,-0.4383600118252837,-0.675736548316147
0.3820685086818,0.5931653769760785,-0.7554897100894621,-0.5245767480112656,-0.09423915721764375,-0.34452474874469535,-1.141706626699198,1.4192022628403154,-0.22871023724100306
0.5677379964223618,-2.5809007319177493,0.8980148112887649,0.44039214364957363,-0.1362258370155808,0.11283111453178199,0.030686967719088083,0.25410696002465105,-1.4838095912394038
0.2685733938726928,0.0217778230590691,-0.5819330323901744,-0.12630360169240254,0.2617996150066677,-0.5543744053848,0.5239373904360467,0.10147921027871792,0.5688519795278504
0.21566744587379588,-0.3318740487573213,1.5839877173542045,0.4234618545801341,0.737056965512473,1.0253616326527704,0.2761680329567597,0.040923699072576716,0.003432088883667565
-1.5485801318192838,-0.9973584359383204,0.1805710889825725,-0.05846728745015955,0.2783301756942459,0.035164561671833225,0.196213908353822,0.4678920417888775,0.7167286991778498
1.1985964932595392,-0.21716113346919488,0.3882135538441312,-0.4544569828162367,0.9889759583942362,1.6296600565392345,2.3070465637342576,-1.6250155667523705,-0.09202424608599874
-1.4675092067087545,1.2899036909971366,-0.5671585304578918,0.1474914931700685,0.38865151945457804,-0.4322021324350671,-1.1178788353950093,-0.2943968529766636,-0.22956693236580913
0.10916554760831154,0.8594290692428559,-0.05618622448232378,0.827716595860154,-0.5037704120260447,-0.08254512755389004,0.7349465339570156,0.14493889588645306,0.2852317578188891
0.6022117125997356,0.710215391226231,-0.443473186675466,0.5878175776910717,0.5331179923465418,0.9882946052873874,-0.08677324913382706,1.3258131601703196,0.10275691958603711
0.5142092828818604,-0.6099946807199351,4.922207690975807,0.31299459776170657,0.1826729971744575,-1.6159115893849025,0.6949078228148778,0.0046414494927614815,-1.4005038038202642
0.059526736419847126,2.356675669893869,-0.7039387836981948,-0.09803394153871639,0.8162577389654669,-1.9484361445515557,0.18514411477779058,-0.026924538122636368,0.2098212119264347
-0.05474649846553084,0.3419727979968947,0.2573300224460206,-0.7409893822521625,-0.2807522138415162,-0.20655579934577148,-1.5925919195015283,1.4065507133712867,0.3236965036405749
1.6905860170747773,0.07279830394859065,0.030509351934284088,0.051552718160867754,-0.6502182595190944,0.32693145471526924,-0.0808144934555638,-0.3090553039344586,-0.28269178078303536
0.14127492333616085,-1.0103904143401028,-2.2221829851185677,0.6598962570118003,0.04100013695454606,0.1428238701511344,0.2640254390745572,-0.4328459598126699,-0.00013156392774237784
-0.6198842545120041,1.2510945955027104,0.036803666318011775,-0.06732827014107462,2.6139970972514917,-1.7088714853643183,-0.6186124783545216,1.7062103818806649,-0.23754598765704663
2.0385909742357096,-0.20811238934902157,-0.5616485598394849,-0.4303725709521201,0.3513900008614244,0.9924998555958188,-1.1213570461786735,-0.4032672285201152,-0.3541022653257641
-2.397023790103153,-2.1143895277393456,0.7020913220871481,-0.1013239571098859,0.19404576183950098,1.1530339282226623,0.8710457357448367,-0.52261007579348,0.3401061311187715
-0.9764232865157008,-1.9826095214538733,0.6221804316950656,-0.529698435658719,0.38161135214303693,-1.4569310783987244,-1.926382751118325,0.15358963292644595,1.1311015936094868
0.14804464743344506,1.0310374267332014,-0.2286686489995705,0.1599635964960912,0.33496993573221345,-0.5511714715081225,0.10216805561173349,-1.76242447947321,0.45193651619195535
3.622800430345991,-0.5891935909057676,1.5726651130806792,-0.0510263339005046,-0.12570937159235535,0.34174400934314386,-0.7569411854731041,0.02101816894979122,-0.6904504040094736
1.3673802627138498,0.12392839715085609,0.13230989971622917,0.8679481111450184,-0.08419183192430442,0.00784412931500965,0.8164131663672011,-1.0732289085614288,-0.6341722859799381
-2.504136140819231,0.5753887886754347,0.869059810258446,0.018500278976857028,-0.08325818140695035,-0.09676165837191317,-0.7046848081948847,1.3874582007629284,-0.5151719810390633
-0.8106774579728728,1.3205274148979953,-1.1669476706718667,0.043082543463994136,1.13725340050777,-0.5246680565659911,0.2334862501559506,0.7537131995509998,-0.14191501375754073
0.10073704170215311,-1.4930631348915624,0.6775303505075068,-0.7097431547030032,-0.200911975350524,-0.17373398898982778,-0.7302247980704643,-0.4051293301441286,-0.5904575598445444
0.2138059989391531,0.6697634109374708,1.7017441856606446,-1.7233980436276937,-0.008829775114129745,-0.02828608009393892,2.2585274013987604,-0.7542472755749062,1.2172334542878591
0.007630629488439811,0.022298222441727935,-0.13239629603084588,0.5637685550469015,-0.33070036787488305,2.4611590340471223,-0.5620899929000865,0.39463158592388936,-1.3149305338067214
0.22189444084602786,0.0725187542424224,0.27729143566368675,2.658901323755962,2.835025293845679,0.5359604348339049,-0.00498382088356543,-0.3109105379289443,1.5904454005726416
0.006041364674067687,-0.9723228526784138,0.13380716988602506,-0.8980157023589518,-0.2823949702803898,1.5761177745765351,-0.09496339561905068,-0.4574776884834694,0.9429465602712874
1.5426991756439543,-0.2753003839613812,0.41819868648674186,-2.3096375059696186,-4.320231997662321,-0.29178674190272325,0.06664163630287881,0.1076877542003264,-0.07495291583435938
0.7667661206713892,-1.3987431678506768,-0.15614501752113222,0.9001713933223737,0.0907709205184119,-0.07113085657556935,-0.27807216387095673,-0.2293820061694785,-0.7577122892918209
1.8532206604895012,-0.9022403924865159,-0.8537485862269016,-0.5795283360351041,0.1885441821905109,1.5682440753744995,1.3959837416161518,-0.47477693652503195,-0.12009711624480116
-0.23032436610157653,0.9198762312863125,-1.3351644216222491,-0.12012816711907923,0.8853841521382882,-0.206635972316798,-0.7064775114540882,-1.401519268325062,-0.06775603011208539
-0.04516861118621018,0.23331293059026065,0.7447907626197541,-1.7340654863694156,-2.0348987868783706,-0.12608478165079062,2.53250578984326,0.43474817224680323,-0.18850287953144357
1.5493456811554842,-0.10321753036455303,0.2927605904584675,2.374556027463817,-0.5058311031947649,-0.05129778359788452,-0.23257265911326666,-3.2011940020765977,1.0672877011474966
-1.330910828760795,0.36310962752293063,0.353683366165679,-1.0921398125268518,0.2652630782053222,0.482017041455143,-1.4145886146352802,0.09073128564663098,0.22177247914565107
-0.02718685569094414,0.8948833817946232,-0.481440662845749,0.016298275964546395,-0.7220580943174375,-0.9559366106828172,0.5640599707825545,-0.15154704402536237,0.13725640948077417
0.36554810876300753,-0.7583407572019267,-0.00953263898590238,0.027484116607672103,-0.7106766586551068,-0.6363081308073417,0.30490962036432323,-1.3872130011167667,0.12118910223444009
-1.117291907661095,0.6367383308955701,-0.5186887691545984,0.08891746094068502,-0.0684670904850803,1.333438508972471,0.07586351237577897,-0.32087874752442297,0.25703771283203614
-3.7069551985500735,-0.008011725048845814,0.07135017848825755,2.232676501143619,0.939494621497712,0.02059085947695435,-0.02105281850122522,0.27706727959461186,-0.797950770595226
1.3656466431416743,-0.8073709947806812,-0.07586423325620234,-0.7949350531821227,-0.42934008709500887,1.5297621160213275,-0.4700011311484541,0.27189791040109174,2.093916485515005
-2.157016010930717,0.5690439021993126,-0.07689773315455097,1.864478946697906,0.2751792336674097,-0.03972260314461753,-0.00991604293873741,-0.10182848234376189,-0.7748116988931223
-0.12079006881415394,1.853161881581638,0.08376474527743366,-1.209689017123146,-0.9607151915781497,-0.7553073634464508,-0.3620776232479517,-0.5318739075918316,-0.9301798115521672
0.09652368369769476,0.21533401939409338,0.15223936440475186,-0.9333358652610401,0.06306329948643134,1.7153383262883581,-0.7879615252157647,-0.2583395813504233,-0.11688484376547874
-0.790032805466377,0.8973198090390957,-0.1907599679933282,1.5417572166734002,0.70446227443605,1.5348483044446273,-1.0963800446742622,1.9354201223384555,1.0868978951746822
0.18001855265217429,-0.036798877859267075,-0.3168565185770157,-0.8876210135740209,0.6392674281053379,-0.806413738269139,-1.9371401662889938,-0.7434447903222684,0.36653812998168445
-0.06915807350801136,-0.17996104751526731,0.747621678402854,0.1454621291583867,1.1714552408373666,-0.7617508459935649,0.9494772553056233,2.1731956318216397,-0.43766676191060006
0.6074206664176335,0.04288417416251694,0.2621001350717324,0.4019352073910272,0.307113095700492,0.3567234412097596,-0.0633845613183776,-0.2650479463978651,-3.1610588663442694
-2.0322923350085604,1.2456718998970655,0.8830389479548837,0.43616797713203614,0.798034910629723,1.7046245302561678,0.24423364111228948,0.10489330182412487,0.5331147989869779
-1.3268885844135425,0.1643747733332872,0.4031896403418672,1.0027386906865567,0.3320216789856855,0.3652452437845964,-0.15953332543783053,0.9352693975956681,-2.681782370683071
-0.0233864054848999,0.9204222981272804,-0.5278497085566076,-0.02756218748697367,0.1327476114709663,-0.951370566306785,0.7488286122211613,-0.10167078089451353,-0.0016482217600184165
-0.28660719571489357,0.24324902092528913,-0.09657141407702324,-0.7424244226750368,-3.6898418085363365,0.15578888058917756,0.0678938029021219,0.9674467025107779,-2.2599143133474073
0.015081516555590473,0.008343363626097847,-0.5449959700941163,-0.8092351538924819,-0.08753052140404535,0.04853318687037573,-0.5113134084628769,-2.573329421632372,2.09173676068547
-1.0645158691175187,2.514991420108167,-0.744717553640104,-0.39432158969811965,-0.5323158975442627,-0.6007418256337047,0.0068703052250221166,0.45132418570480465,1.148903542982253
-0.07476063205698295,0.4673851276600918,-0.26045263682021774,0.2337439142579195,0.4314737310098637,-0.7229782191636115,-1.6492844807673435,0.38353353908680143,3.0294059566519578
1.400713436781276,0.9888195364232192,0.43173139370116054,0.1012757933292577,-0.35245334058541744,0.48755550197522507,0.054390574004624714,-0.1433913346495096,0.9489025781415799
-0.06691268011106634,1.3839780556537513,-2.5008656974316033,-0.12114361539591523,2.549770824844631,0.6325508945622009,-1.1840800383101129,-2.0097166769408354,1.8615586841285459
0.05971919116120045,-0.8807442019851139,0.07584014455320164,0.37841451057480363,1.7606171320247865,-0.2298228222422962,-0.07280512385006656,-0.7608223183558529,-0.5430966372526819
0.07451599464847375,0.1505436763539929,-1.553696751497972,1.5183479942077043,-1.158270896365583,0.472976021140258,1.4520886223605338,-0.6762944544258741,0.4923101382801668
0.846945431970126,0.4170193446750186,0.23006813288962563,0.0967427412906952,-0.05978981734831359,4.4281152424511205,0.24122015902408284,0.7814750116333771,0.049989491652776503
-0.632853133014506,-2.019279032388952,1.5732219900800453,-0.3124888216833189,-0.003963921104079307,-1.9902673765941872,0.28096388740258194,-1.0935531918744401,0.2773442438025169
-1.6380471672156485,-0.5603054295127433,-0.6869966019676113,-0.42798853656995856,-0.8332244535233894,1.8825293699031758,-3.138482411554687,-0.04069010826450342,0.7444229114998729
0.2753951523929692,0.19674272914248267,0.9011343724200888,0.007283041773979088,1.8792176684341608,1.317750154266907,0.40818035802408686,0.39779464523517766,2.5554366972324987
-0.36413137327352146,-0.057439717696132646,-1.0947464231997257,0.015507075640825038,-2.6055455513063985,0.8709450167896938,1.3286210363766087,-0.2467727227355543,-0.4243207100374117
0.020867849821721088,1.198607881669958,1.193329894059685,0.8767096439112756,1.598859964451219,-1.2958228689556548,-0.42456627896577276,0.1555530173294052,0.514952372393212
-0.2963366764470738,-0.6654595860308292,0.07834803197813467,-0.2959919481523222,-0.2675381871132496,-0.08574321706962941,0.13598474049422046,-0.21049139359843452,0.036865251204875
-0.289350059613661,-0.9603260298205472,-0.7870370050599668,0.12108372633788936,0.29926091348308137,-0.8289775650464605,0.17078957502866526,-0.4097619684256912,-0.4717257558584453
-0.025261488374041983,-0.235660148044404,0.12322480972831087,-0.3539125814765094,0.6586917225249374,-0.09268454070101195,0.781700633814164,3.876912036361335,0.4891342937729564
0.4400607537806597,-1.6097308048952432,-0.38081282410647144,-2.8878909043664107,-3.140556861194423,-2.07929994692343,0.18846103772899517,0.49529831092728166,0.7947247159737091
-2.6041418435448733,0.03447144046946636,0.2967981855809048,2.7066715043340626,1.1158581817087871,-0.02382271808594603,-1.183002169283207,0.07132948129757011,0.6000171814033081
-0.7604494375589702,0.27487807227663863,-1.381573161386875,0.05425984408437023,-0.5657712854109604,-0.06608344819657032,-1.1323877385989092,-1.943342900117397,0.16902487490412055
-0.05589537556038485,-0.14682465446671283,1.1011928632049737,-0.8375466155164036,-0.45458251807277433,0.5023852949029004,-0.32752018641302566,-0.5495470622795046,-0.23714817492314327
-2.5323364748321135,-0.32819734032351194,-0.12842595075079896,-0.7667559272049207,0.020968142800314366,0.2689897639124777,2.021351407908941,-0.9452723239491673,-0.2134500272671841
-0.6708456757131377,0.5064524785266905,0.3868441648724512,-0.9464727144966135,-0.05729442243857587,-1.0324557162706565,-0.35098614655688115,0.09833858964622418,1.1805239909789746
-1.3564816625480565,-0.553967481033862,-1.226148003769019,1.6326850827881605,-0.07238597482667974,0.3168335822739362,-0.017607387600112136,1.3441738952512612,4.386893962056972
0.29056596180338445,0.7865920691804438,0.1098938897012699,0.1466938864785896,0.2718203502860286,-0.03350410134928182,-0.8338882872419029,0.8528801152218454,0.5598823596170307
-0.9059519050074853,-0.11760363869406136,1.9768671439261465,-0.9322575491616563,-0.023675779115539936,-0.0009455639449083358,2.0180117364894095,1.063880488966033,0.2715701714360634
0.0443899583811028,0.15343917550509054,-0.8360056021960313,0.06754644811483998,-0.7729058954915973,0.9376551984389894,-3.4946490333439706,-0.4190572357296734,-1.275000342354585
0.24807714719208548,0.9563521927618199,-0.7889765144075728,0.3573048579344159,-0.0662009769877664,0.3144827586404533,-0.33655393449857673,-1.4807993188748614,-0.35537222732685986
0.03134129187452267,0.2564918801107252,1.030132047422377,1.7236234145952467,0.3986615907046467,1.0358624679498136,-2.7449736989441735,-0.486488314429586,-0.4283646721504841
-1.7685516464229016,1.9918435317831522,0.33033058402640814,-0.2868033039608381,0.02669095572107841,-0.3536196597563666,-0.4996897454020754,-1.546628144339895,0.250416752298927
0.8923658418916967,-1.040226877131216,-0.021725686049636192,1.4328495597449022,0.0637553240089675,0.4437293407428142,-1.2677421900486305,-2.875030101007995,-1.0059904916297182
-2.0583499346597423,0.4245443614712818,0.03858408454437633,-0.08457025755037671,-1.7332797848494474,-0.31169582032362675,0.12958429658523526,0.015255310714068453,-0.1876376348881647
0.3469322173791694,-0.060528535142109895,1.4116551881850217,1.559165988228209,0.31583092651058325,-0.4913315850050051,1.383243125173159,-1.3529910528227136,0.2571250519144057
0.8781741675009902,-0.4931428305276559,-0.7116572443288107,0.5406697632710907,-2.1754815810484196,-0.6830177922200849,-0.27806793576112376,-0.0020488912662019517,0.7030203119860995
-3.9376935743840185,-0.3900591714837758,-0.8270424946766614,1.4951275240057984,0.5178407022890288,-0.02357035543538107,0.006927059151527719,0.2797846676613535,0.45770127278047323
-0.7245694440269734,-0.49822001096448404,0.23359960791977877,-0.85274016369579,-2.6240685804179473,0.2654308948437301,0.1414309485187939,0.9779912701776368,-0.05152143415669138
0.5775965060358698,0.49754700887494724,0.14634100776239442,1.3882911062074916,0.3718891599026263,0.25245361752858925,-0.0417906726537377,1.6289908207254085,-1.0712463996173847
-0.9804141280081636,1.5203754996351937,-0.2710647921444642,1.110254703043915,0.6801247585762547,-0.8495880083589901,0.6312676224222751,-1.1133502304288856,0.6353335908053206
0.1308565924812758,-0.20036302190537653,1.4883380158013275,0.10837465501444395,-0.15989333229369715,0.10156583312646855,-0.1971018682676774,1.739038837174132,-0.12850941979409278
-0.4305276395913402,0.6077702760209197,-3.5914052156516942,3.6428627998667005,0.42838902515469796,0.3286662375699966,-0.32326370837555923,-1.3944130287758576,-2.1462429750384686
0.4554648699311904,0.19275535981058103,-0.7765530446445825,-0.9492511609105158,-0.8036989238516482,-0.011066583411763328,-0.6698579909154135,0.38235602166923777,0.08970975628414504
0.5222393267070614,-1.0571840853214698,-0.27530936196395095,0.054344864672955816,-0.6458075893825593,-0.27990076351423293,0.5273195191713383,-0.006553614091660744,-0.4856776888559954
0.15472851442017238,1.1639347523279775,0.10992212201438922,-0.4059120350602942,0.1967342581962622,0.6959477012386748,-3.1529921916535666,1.0392277259219647,0.02609266517263477
1.006337813439754,-1.3834849776344307,-0.18915091085889263,-0.8996391993420544,-0.8974240956250341,0.5523224554535832,0.7355607928205609,0.05744138937286113,0.10866265049483499
0.019779142664995922,-1.233604411296687,-0.09871423043221118,-0.07327587476790358,-1.718508312356686,-0.811042889824674,0.3994446756350956,-0.058385841113593885,0.10065065990126575
-1.7136205500004613,-0.017564221940905927,-0.45844313791060687,-0.24235375803264822,1.5932008000197222,1.1907969355630255,0.1953317830289164,0.8187122813567662,0.08934821686507684
-0.10693041814564061,0.6882703606320247,-0.773538009063496,-0.018281270360142807,0.07551588238807706,0.03874766294389155,-0.13628105101291593,-0.06797391152412645,-1.732288105301006
1.4064444372614686,0.35455372430035037,-0.6841580111553566,0.03677401501842105,-0.14773264612793385,1.21468664648331,0.21622089656466106,-1.1282488954985275,0.26074005889337226
0.06039092605716573,0.9487022158258984,1.955866610612563,-0.6321501770693096,0.22556286594855174,0.1751553075122268,-0.26823985910247217,1.3147814786894354,0.23904561481985104
0.006763309868947872,-0.2075626721884798,-0.0914046526189553,0.39208840359735553,-0.20393884862413406,-0.28976580015054254,0.0015564973683939757,-0.9993184717005774,0.3573269732098356
-0.630127390385198,-0.6091472788885074,0.0722246895223115,0.1373688273728456,0.4132850838138648,-2.291515672873297,-0.042289250608185405,0.267115088912883,-0.4744867229511118
2.6319059477171636,-0.4643322553331857,0.25943893066288276,-0.8986442398089016,0.12717373485096758,1.531563195251614,1.888675575357515,1.7951678892970544,1.7184897347005783
0.4607461396764951,0.22377341894718655,-0.14090936292332332,-0.5243536388591256,-0.42910634380798085,0.2768372949199935,0.21077859871033125,0.010851196153638823,-0.8138819528076016
-1.7946715762042165,1.581619188858224,-0.4774899045330761,0.13483481755303608,-0.17302343125619957,-0.5355535893639515,0.333923040662432,0.2537892534576963,0.8674859060956813
0.4327843455939878,-0.02328905527149191,0.4605233775557374,-0.8661671606617469,0.10976072111327442,0.5690640441997024,0.3786115094014098,-0.01615474144538375,-0.2302043385535624
-1.8187142850845972,0.5528948036172535,0.1702315477621193,-0.0489301584260201,-0.021376167110012643,-0.7435467980933638,-1.2741419490799177,-1.7889347847341255,-1.6959703263910377
-0.2955607857507949,-2.202608558415078,0.07740666215496482,0.9165030846890299,0.43132053830922723,1.4072930899572818,1.86932955585399,-0.8170773190659744,-0.3292534007188473
0.04845165585131359,-0.8669266915475524,-1.3697323566809494,0.20424242152553812,-0.09099422711053946,-0.2882164140283002,0.26173951251993455,0.07020763495679201,0.1574213137978908
-0.10606409697558582,-0.08311024813684144,2.859996113913143,0.08444402437786883,-0.12985080577921324,2.064980656734653,1.0835678535599196,-2.1260988086540045,-1.1063150184633608
0.7694633483826284,0.7056273228490437,-0.09386491785459634,-2.1754087834444364,0.3925235778932237,-0.830966254296815,-1.0596817760507748,-0.9497100311389367,1.5848594510887761
-1.5417066367895889,-0.2568360314829624,-0.11764819911999791,0.1974179017146163,2.0794551103397874,-0.7896114324469108,0.523040366615103,0.010057178911268045,0.4691082162300388
-1.0366395790941665,-0.02607180348740302,0.16737627503412472,0.08923882872190007,1.5748293274501068,0.10097330862582489,-1.2767849140215202,0.08716142829956623,-0.833535046375529
2.02419038137055,-0.05501715048789851,-0.6462796317421627,1.3376060854297733,2.410781612485691,0.2156668194266919,-1.8324336776963275,-0.5123812761227797,-0.45835069241859944
-1.549864977005705,2.308207831887005,0.8697604638524078,0.3765046634184516,-0.30407833180177635,-0.17150526083042583,-0.9698476704914133,0.010542163464795687,0.17213712074463206
0.6559156834864689,0.04125360085638361,0.19026562384640616,0.35566996687361935,-1.0050796001304474,0.24534734563155644,0.06695825637441148,0.5746879958235466,-0.08040860843388938
0.4356286173311431,-0.6831638230687077,-0.38857865990718726,-0.12208365993559599,-0.06621006466907213,1.9966399441281992,0.11829244702188703,-0.5785412927969533,0.3704340316967728
0.4014155688892445,-0.30477696133639837,-0.015138332731163294,-0.6528261974120353,1.2966816743150262,-0.3720627730461444,-0.39839880840243463,2.424740249848719,0.07145273142397407
-1.3353408506060085,1.1993929102483154,-0.10544321364948486,-1.3785047243173325,0.3434483947348286,-2.4627756073405553,0.8742977960349129,0.33641058745165764,-0.24195165362532497
-0.8199341120263605,0.4953618569524655,-0.0702276035024783,0.31115157784875885,0.0742326769881127,-0.27642808903334426,-0.8976063353007635,-0.05376869479300856,-0.006957225086044367
0.015081040235101408,1.4806391615200125,-0.31605306322026977,0.3962125430481331,-0.6164856764894716,2.3096129099460296,2.043139948932395,0.4363650209246933,0.3934509496808765
2.2924125015612447,-0.4035953972929705,-0.2565105968743588,1.3196189318554425,-0.483075086931671,-0.020173200820624557,-0.9943719880482699,0.015417781255148442,-0.8393547230528853
-1.006343362979304,-0.12093196632115934,0.001174932821701629,0.020015243410961253,0.9302291082443659,0.7262905688683775,-1.6089452484322366,-0.5985971122079276,0.43077349190694186
-0.06194147575028603,0.24403114349788566,-0.05287849822244124,-2.806668559617943,-0.136767250420708,1.4848079217456998,0.015476490842377491,-0.6882123074339435,0.28597489596481435
0.36531474190604946,-0.19906841768874425,-0.44453046016818676,0.0676901336555883,1.212245733665782,1.1447422934629803,2.074284907257099,-1.0196448219212828,0.07678704053002028
-2.4910377633370295,0.33707884781511593,-0.6946910645519766,1.430305953376115,1.0631721740359152,0.7630620179119201,-0.28146361281521914,-0.0819499034993447,-0.2592943663419424
-0.34099884993173163,0.760399342107725,-0.8413253771721031,-0.44212738043391303,-1.1629670461826733,-0.15575146200771972,-0.20252044029243432,0.18832658327194018,0.5233673670205639
-0.0683087961439033,0.27588974022087653,-0.6155747628588298,0.07690912982907636,-0.2132480796786056,-1.4948954527394562,-1.1394622365651021,-0.894172923143211,0.4663578357405776
-1.7208912533905574,4.846449514081726,-1.0012789097968764,-0.6378908699173604,1.0194866408552072,-0.19914568536253419,-0.5082836815021111,0.7033838784347582,-0.12828220064595616
0.17541028358284697,-1.6693550914776465,-0.5344879683957906,0.28067943270712836,-0.9207769315109312,0.15481095199147923,0.522933814902461,-0.36263614669678546,-0.49130323884049804
0.6967298761046608,1.5128671149436788,0.7480091851440192,-0.7121384562897035,-0.32838053657683874,0.11924878048052472,-0.1206623051957805,0.08959922593446765,-0.6917083353031722
0.05963444484925829,1.9553094289709532,-0.80861814878405,-0.5429079770163523,-1.2683727668540576,-0.03338236244102971,-0.03341783391979418,0.08062204974826583,0.4680832373073423
-0.5543227111072045,0.25457090935247473,-1.918998267783397,-0.32807821688055877,2.5209172163144555,-0.15119568733834177,-0.3509762041102729,-1.3875355229499298,-0.2290305816563929
0.28418469164004384,-0.5826269030111566,-0.7805527816349315,-0.30886388233608353,-2.387441344273508,-0.03825282620056606,-0.5435907599345081,-0.12432361478430544,-0.10124446727783282
-0.2325067447461611,-1.9622851233813445,-0.6314477619548609,0.4859655576691291,-0.687095704350217,-0.013921651721602733,-0.05590321793697688,-0.9618259208823599,-0.7656583024026189
-0.2774022669503271,1.1927312386768607,0.47653859039781726,-0.2851604857259878,-0.19293527568354718,0.15870481874512024,-0.14698023269812263,-0.756635034068573,-0.737039267000851
0.5062255746550428,-0.08786022559366338,-1.346591035360637,-0.6527583206451956,1.096004017043555,0.37258606947330025,1.542994749804957,0.8503692253138779,-0.3408353608946055
2.0473693878068495,-0.8971898446009795,-0.15385717132899138,0.11090027096055949,0.7430444263787539,0.2922873374202761,-0.2558514878859439,0.1461678075815415,-0.1636193014507867
0.3259575024017479,-0.7804194820755165,-0.5202466027182359,-2.0491060787081823,0.012003673635628128,-0.43941813416359693,0.9164566314589346,-0.5027561864383928,-0.09910428020263573
0.1425080061974672,0.2394787583037817,-0.43490759417743263,-0.2075318567837641,0.20603487467456572,0.4317045802445109,0.6095632250862394,-0.7720931625893134,1.8471503087923684
0.23541815530565932,-0.44047934812998607,-0.47746519026146284,-0.023321511081367735,-0.37463499045756676,-1.920509941131004,0.042138711601679604,-2.162867195883142,-0.01182178026342492
-0.4733925828549314,-0.04106957828323412,-0.453535821902682,1.0904575090072348,-0.7365243805776626,-0.6114753189186938,-0.3870060393423959,0.8738714349182408,-0.25333063272927037
1.1417689375743136,-0.11684751443575862,-0.39304057836010164,0.25218171052388516,-1.2081312825537276,0.9980061910715783,-0.596364117416847,0.1675341904270453,2.63846313649977
0.337646560265188,0.14418966732735022,3.4167308338147184,-0.3995901164348912,0.6381770038119892,1.7442610566304428,0.025965577300030625,1.6189527752419088,-0.3689368236806025
-1.9458128769256837,0.5089892624139265,-0.005664990411698276,0.17955942596324115,1.8285322158748982,1.2908505430273352,-0.5103200741489365,-0.42441650269642683,-1.2954333952467496
-0.568722960087592,0.8649577041075005,-0.5166821430563107,0.008196612050624148,-1.504745801372959,-0.9304298990146503,0.8370868855980181,1.6945922291446824,-1.6307759782991367
-1.1927533433335837,0.04088277105127756,-0.008136793657150965,-0.8946454229618249,1.1985942519971144,-0.10601892524727843,-0.06307359235829534,0.048102531258996,2.03371237599428
-0.49892297225622306,-0.7687914691778662,-0.6576106557194312,-0.19538387241929608,-0.018778497272632845,1.3948699267243172,-0.6175367267339525,-0.5136398668235087,0.6165763771627512
-0.32120371265125713,-0.19779756939579507,1.071052823404589,-0.183322577332277,-2.573425819027937,-0.5161087143534542,-0.1803682064162123,-1.4258046653039633,0.1591085175918714
0.5388036278322511,0.1649147446450629,-0.22788938736510758,-0.07935322424834454,-0.11630994922504496,-0.5706046428807139,0.3497283937944115,0.011999240331384409,0.6931868942394388
0.8321747146441636,1.7063361790512954,0.029505315965540853,-5.962133640708259e-06,0.783445529354272,0.7321350235043018,0.7656386379893986,1.477019733052316,0.6885910780779918
0.1574810858102452,-1.4525281306622537,-0.02740190275696225,0.017716626279817092,0.9374694395774321,0.7007155847807598,0.34098596260918085,0.3326076244272953,0.1309552010843225
-0.02499051599819356,0.30080936336224423,-2.32787076920225,0.5448994875042211,0.5775365954613128,-1.43039972673231,-0.3223489731354581,0.29543231039226675,0.3535180835192857
0.5139926345335316,0.83137651763756,-0.4656239209957231,0.382955776030529,0.0967373839945122,0.31189640072718783,1.4600270994016256,0.0862622105823587,-2.4283438877000556
0.7880017656930297,1.6768240304251312,1.3276797590460547,-0.41547125709422866,1.6182221246172135,0.320412380139732,-0.5765050668808686,-1.1402696704755986,-0.20615873128955436
0.7482761735484371,-0.7577589699508472,3.1365559103833753,0.0018762637031647948,-0.02095203483909128,-0.2513245445815458,0.9322137518536455,-0.3843915281125341,-0.030862580590460584
0.0067903287336161895,-0.7222661174039536,-0.5046988778748827,0.11057908026719152,-0.02767208037392356,-0.079803886881476,0.41293543250707554,-1.0086353347656003,-0.2497241411067837
0.08238888009605945,-0.830183374291369,-3.1427845558782095,1.2515154954909213,0.06492744876668767,-0.3908838814512205,0.7845928048190057,-1.6577507637605138,-0.26735567440159963
0.23525610534375171,-1.6215446752125835,-2.5469508381412553,-0.29605262927971215,-0.03313149079279743,-0.45557731294372106,0.8130988774993536,1.5937912379307109,-1.2823344244558168
-1.2805610648283525,0.1051132086115769,-0.16116897376224196,-0.003802774620049387,-1.0037232357842356,-0.01060354361445515,0.8964287958009162,0.9078261300504145,-2.7307782818511663
0.4540858127404681,-0.728877070962402,0.35974544643451245,0.5758625023774175,-0.6195368883697283,0.11588462685748481,0.11969115282721586,1.8689300230831767,0.5461391166681588
0.9953769343409503,-1.931429077842063,-0.2331244145405342,-0.27925660949978115,-0.2188431396000006,-0.7367335155697076,-0.3885160062256819,-0.12960872677117796,2.68035560706736
-0.1451202234050398,-1.1744764393505132,-1.3564611310901542,0.38917610514440637,-1.374594941113151,0.12398249124214425,-0.4552241205139122,-0.4321359634924835,-1.2123507205671433
-0.16672083311658037,0.26551053208618336,0.36782082272363625,-0.32052665901108024,0.24042594951857738,1.4641353276823383,1.0551519891199082,1.5067093788068373,1.7174114317691522
0.47515769416039105,-3.5186643695794135,-0.7009213693352717,0.14788617243922222,0.11900375321223142,-0.614781504414871,0.46324087319963714,-0.05325947110214713,0.2974117452289033
0.8657055908056015,-0.6085360742766772,0.10970028415292231,-0.0961236638179568,-0.24278862623566339,-0.06450079326317025,-0.8118032390713733,-0.01102571807449322,-2.4711205236966145
-0.2054008753436247,0.903554045232329,0.48036044843805026,-0.3133204843625203,0.2842507678944654,-0.5128532953751184,-3.1466310853286816,-1.8598415879560148,-0.3443317472589799
1.2383434107241411,1.1043400337034377,-0.13405913249323365,-0.2975608358138961,0.7428201509993485,-0.6761180525548228,0.2753603457053777,-1.6237981410256646,-1.1952276114316434
-0.2864649619057811,-0.08587387195449896,0.6135523988717257,1.8514284812234252,0.4583422973860657,0.08740074686452796,0.014221422452298436,0.5735678256808894,-0.12797564086801927
0.4588229518244194,0.8251900579566525,1.3739469276779253,0.05751789090642437,-0.48931017789128645,-1.0908622644982517,-0.302723062338501,-0.7577788763801754,-0.18424588620060417
-0.4211596095580632,-0.7937452245854709,0.024563865668825322,-1.729034202013444,0.016219020739669004,-0.23432559861888952,-0.990409393952055,0.3598167670761929,-0.96210658378608
-0.326501690301288,-0.5143080407670324,-0.8176142552949397,0.3858673051262788,1.07881292182344,0.43635005848418373,-1.8657731559065163,-0.6712631233784672,-1.0111329503461777
0.277432183733978,0.28820580395117024,1.4251832358659104,0.19365418666064785,-0.05093389223156056,2.937019441178169,1.3509365479911712,1.551131177291929,-0.22940118469629975
-0.2196232147824436,0.7261430930025603,0.16600693378475873,0.8850998022278891,1.5706316983391062,0.5138301393343379,0.11188430717427886,-1.1597051192661727,0.9721233577723453
0.10680163654533971,-2.896646862177119,0.11080027070419764,-0.41738734652930554,-1.8480844971623371,0.2510542263317976,1.3801768838604023,1.0497362056551298,1.100611522337032
0.2727429062635307,1.16246796674602,0.36222481734688317,0.44741564405259193,0.4204698625750528,0.11596781361342212,-0.4175162174548327,0.10580279684281299,0.1590958715367456
0.3373212242811993,-0.20705919236355472,-0.3719701632130376,0.6415656083851798,1.0190486505158243,0.08898050832187517,-1.6616415677198968,-1.465048757054019,-0.11879248497358813
0.24065159246125167,0.13532245906729257,0.6497252093649729,0.30269566971529765,0.3691592951913832,0.3287012360583025,0.9723055266535842,0.0063383065486315145,0.22347283699306325
0.17323297498304477,0.2668600004435885,0.42581035579944715,-3.10112799084547,-0.11243408005023041,0.12337197165576361,-0.48661409741891476,0.31578182344430966,0.25814239680178125
-0.524647453958512,0.270603570637692,0.39099599509675304,0.4211426043343635,-0.26348256371069034,-0.580451526418083,-0.437789859581806,-0.20785939930928965,0.7491711328014782
-0.04441717137601124,-0.23288138722704974,0.47411001972787964,-2.338076197268436,-0.5356177837204328,-0.8631151759350097,-0.2972384682406478,0.3568708264776435,-0.6530605286265178
0.2631547047599937,-0.8903243387239259,1.3028494498963692,0.930026597752102,0.3867634925408495,-0.3886321856276707,0.14930803564662362,-0.20948183147606037,0.21345669720364335
0.04742515027875816,-0.9693210663153816,-0.9482096215120854,-0.30524417485624245,-0.1463811531949168,0.38877508689238927,1.707941291522337,1.4118295735488728,-0.9973155102920649
0.696407910022575,0.39840317181874124,-0.22811131312124502,-0.1811551470902707,1.0122873393355665,0.6898484513947442,-0.6732672274247473,-0.4622690729683274,-0.10720064150981766
0.7092482517369832,1.4250561998385338,-0.2313089614876803,0.04670757702147535,0.2566806296560722,0.8517234111829377,0.7503041627099557,0.05702826878043502,-0.12290106457824201
-0.5810976893978999,0.4594981457416834,-0.5755062061758552,-0.07420320907338777,-2.999232742288841,1.373869808690032,-1.7652179459172332,-2.03455418238037,-1.8062991189932125
0.07833980537383746,0.8705345510299961,0.45839336767738625,-3.458162208706637,0.14198498488362069,-0.08084572160105118,-0.377140529885754,-0.6233238283285573,0.22162929866733888
0.9656414725860244,0.050335455597190354,0.6952450671292744,-0.9820424823510822,-0.2527317723840579,0.4907245841829755,0.7914717868011651,-0.5956718924193951,-0.2820540876481332
1.0995014634880553,0.46510279665267196,-0.08153029429030967,0.08748505621976008,-0.1077587178750225,-0.8141517240176928,-0.2326541182378529,-0.14102342594238085,0.03766087025340292
0.4680040288334856,3.2017437388909493,0.3474594186851787,0.17758188085922977,0.025536726927420393,0.07500005789501796,0.7079357235833598,-0.0843735674779151,0.184293215293085
1.131909901623539,0.08190887176807264,0.25278152963829564,-0.6108681367545433,1.2264841524609076,-0.4044085078516512,-3.1462501112633308,0.27931796926419467,0.8597855618691824
0.23907229341997682,0.9919326031278449,-0.18348229752260525,1.3565645842706624,1.2047243915158983,-0.06408792011209852,-1.853825659316436,1.5307174989527088,1.7452352478782784
-0.4268040541174211,1.103054714000647,0.7765168272652534,2.1608935712035953,-1.148158407547655,-1.3461896352698812,0.5992185276395816,0.7834647818288457,-0.5318170118097478
0.17606047936131197,-0.4849562291432037,0.25467655522110544,0.08726061531677977,-0.7399160778453786,-0.4114388286038144,-0.8891985817045873,0.7538427763201978,-0.04659584959534521
0.9278423453266488,0.5083348880732163,1.096799437587881,0.32141610577298046,-0.848508297689574,0.6050139691351025,0.5237864225412978,-0.11121070956066655,-0.04024491514705203
0.0857020378750546,-0.539615877407775,0.23405948062394877,0.14470730609019636,0.6001783770580782,0.5066584377925635,0.07983497072357391,0.7231542419558041,-0.3253873078528287
1.0322820176715135,0.36008487248439786,0.10154417346339908,1.7604871410994043,-0.8228992272916688,0.16080502511304537,0.02720666197151706,0.4449196968398847,0.14350473100957697
-2.666864998733945,-0.9447396747191136,1.522177017388813,0.9012416131294112,-0.23752301943575815,0.45888940326926725,1.4977772751943224,0.02799456473444134,0.6277221664317604
-0.8581966104064269,1.3230992362129372,-0.6689532492481063,-1.0799141946023119,0.39686340660722375,-0.7149316744090951,-0.041275586954209895,-0.4926897296408459,-0.037105582828235686
-1.506304992793316,0.2434073699115299,0.15876351645525455,0.02511725414155247,0.583114636637818,1.467861648101555,0.1870760741377436,0.4518182070481411,0.39911678754917057
0.20746190440352222,-1.0658670414561495,-3.012491809242847,0.2384975953143978,0.745151742015812,0.6456337328287778,-0.43768290710604124,-0.34507916297276514,0.22780804041722655
0.36086455172241755,-0.14946622778905178,0.43295008432675636,0.22041365843883265,-0.1736136378617595,0.4545239025903396,0.4192569464909143,0.15632364767207943,1.1090209573246548
0.06633848395567167,-0.3157987012232814,-1.6169152096340316,0.16485327177548378,-0.8543883258913175,0.08239146321214028,0.18508005234899405,0.2851880729199018,0.12479880666034955
0.9269582677088464,0.46498416505780693,1.237809852184056,-0.07795812256754533,0.05851387375614766,0.2756412550596808,1.4429776498768399,-0.045472633923467065,2.2415417798308908
2.2523944797942175,-0.7269680239360509,1.0073873315435489,0.34379940275843907,-1.457334946779145,-2.165484261993615,0.6862301674399608,-0.3775587047456727,-0.148485851699447
-1.4066641127711885,-0.4148648653135482,0.7847466863691012,0.29011706113631297,-0.3161995763779218,0.06924234310922558,1.9957788506098566,0.5682242071283523,0.004746173769096133
1.2526589367211072,-1.0409442818309467,-1.4178142809678531,-0.0045572270201817665,0.6301138062232086,0.15795993969451566,0.19312106759496872,-0.5210018815131673,0.5677191705510615
0.09843834064900912,0.5613349833185163,1.2963025276044327,0.19279067637738084,-0.6885638691661579,0.02369635628193993,0.6114391604223163,0.17391177126235874,-0.13143116470549276
0.8602808884849306,-0.47576719648846233,-0.4598303355972463,0.9437274672067698,0.7591088007501177,-0.41489567238234615,0.11747155667920468,0.256467452512591,0.6773388805131582
-0.2724091860490371,0.293617815665989,1.2449586580623877,0.2524675892999644,-0.49211183885012055,0.03543215632400233,-0.14101320492008326,-0.33837326763836095,-0.4182344103685794
0.7041129957283824,0.5922189450622968,0.7206590238948214,-0.7839771790207343,-1.086068143218068,0.1062070677793909,-0.9370522969001435,-0.6586862201003292,0.46729901609634583
-0.6276588675544263,0.5500833923784484,0.025267556841875812,0.9952602921467705,-0.03844427490536108,0.7819399348241972,-0.017123959090089437,0.3400675054276462,-0.09481397814135507
0.036359357008673994,0.21419123694794512,0.10363166513736813,-0.2841836342110418,1.1730334916569698,0.42486427301003915,-0.39191513784897897,0.3766077616530812,-0.5266417567417858
2.1525732109274527,-0.1520581403174352,2.044747891006564,0.23332774520054594,0.6385136078642601,-0.01601867373643864,-0.32929455847361666,0.2358397781254532,0.5054841667761858
1.0883856890145716,-0.2138424526139491,-1.9540160231312291,-2.0760404714340086,-0.7740644387976906,-0.27479761623706567,0.2281126701650023,-0.3807071937588494,0.311474162876745
0.39443404121706505,-0.39850581419756825,-0.7633350690330413,0.3762868260380542,-0.4928236147353656,-1.894814856475685,0.12588739644784142,0.16252329347827763,0.20621211617390942
0.14510820181003145,0.48326267528841194,-4.529762215344512,0.29336644856620986,1.8577698560435727,0.30954761071121584,0.09217890503108929,-0.2582270056144946,0.11797626691897596
-0.18342138438847022,-0.6643700129638336,-1.1464775797493536,-1.7867932089724579,0.32718468602936324,0.9556286625098072,-0.10998288631649171,0.0655824576705992,-0.17470935214435468
-0.3117120870970388,1.2223019205937846,0.45205951643424236,0.5065466710090764,-0.30033029030981667,0.14852241286438478,2.5517516059303333,-1.2429964424539746,-0.7183052561256689
1.3828999968445694,1.5804593541352279,1.580423339354361,0.18056325641603382,0.7225198120424526,-0.01976611878716444,0.2559861416490843,0.3462256803493559,0.14017841874625236
-0.30228802438652613,-0.9751770234879291,-0.607321870755586,-0.299225928586763,-1.0070895697773994,-0.6582616651850355,0.3756402762150084,1.1455689083790281,0.5268695649754869
-0.4589990077774943,0.7094758505258735,0.6762876130923023,-0.12318925729930831,0.05069762426706116,1.7701146895489808,-1.0304538914314003,-0.27519969895290475,0.633498966297961
-0.3738497474429902,-0.9416842395647064,-0.25283051501849263,-0.3936568619468754,0.6520566805927944,0.8084248279354712,-0.27107403980922024,0.5042121731349621,-0.2017331035947287
0.15276452428497456,-2.4531050482942613,-0.8443618008939898,0.41678352393213847,0.009611839492442147,-0.5318967933313653,0.960364527045472,0.5252601607998193,-0.9305588891112787
0.15378773062581988,-0.21640834972927678,0.8888890127598132,-0.24123221281384838,0.9963760030293638,0.4209525007488414,-0.34302078136912373,2.1702718135056918,-0.5394476452608088
-1.402936220986145,0.8383033707216155,-0.2872778117197398,-0.6440748274375079,0.08145789637818356,-0.5594058476284961,0.32483411705589565,-1.8295365125982597,2.0327557589916045
0.2566670674646172,-0.858256813283428,0.6666661483771298,0.5250898838919997,1.2761168062536823,-0.04275377000123737,0.0729467343562359,-0.23532049463559715,-0.7990394769051286
-0.3098331620143821,0.04685672106018911,0.33971765128914067,0.2608021112113261,1.7200371633680476,-0.05911786979836973,-0.5801863858958716,0.7159342819746013,-0.6675526073430934
1.9875634476497048,0.38597374175051524,0.1774445772263141,0.7413939619487493,-0.3920075301458464,0.4237646859673419,-1.0159823672793784,-0.02027618274626281,1.5890761429721096
0.21747943456133428,-0.3995389810139394,-0.6474520724284775,-0.6562227411466817,0.16447404446829605,-0.02884509597787289,-0.6090984155786815,-0.03316061838362162,0.6573345665566411
1.0004947823855228,1.2847851076933612,0.4776441902295947,-0.06861579063885745,0.3241345386683223,0.5922282197441225,-0.30077822291597084,1.1463922774873614,0.06747695397150406
-0.07079977556183818,-0.2669420891668162,-1.5219636122214972,0.32542126809197924,-0.42117272091731317,-0.5789649990524902,-0.5957196382777127,-0.11116383033148113,0.15067965379044257
-3.6134346145970437,-0.5371942661890253,0.18873688142600098,1.1841605643217066,0.7429998356981264,-0.10970084811937945,1.0164877732770796,-2.9252785874787217,1.214331107656289
0.6744796987524139,0.3564583271113706,0.04426990655400797,-0.30749682946578916,1.0520390132501278,-0.05171234202697879,-0.7317600384046109,0.4530775056551353,0.32025384737600165
0.3722589014569693,0.5206440398199642,-1.187710893795186,0.6702582697009156,1.8284864322595957,-0.23756632867946303,-0.49980381691853104,0.5557763844747906,-0.764691451004286
-0.22268302365611742,0.7046131104299362,0.06072309102884784,1.9407743747462147,0.9229208725665666,0.14383940820170432,0.5829750683025797,1.47816488089052,-0.700738654802555
0.6282172860731148,0.2568883683062274,-2.2793935509706005,0.12277078499155565,0.0965219853477124,-0.9578273695381009,-0.4605530132751016,-0.7167951277055774,-0.07305565568787509
0.9678809323461763,-0.32687788610483387,0.6525007056182333,-0.21673834671247952,-0.4256252029572528,-2.677416729887245,-0.3702479407419907,0.09142016483122148,0.22479152285338952
-0.5937762231016357,-0.12748112905960945,-0.26532867723451253,-1.2506446177038657,-0.51152102697509,-2.259556526650067,-0.1526067206040345,-0.06749910931805274,-0.31622500207408927
0.2027918231079115,0.08689711129641359,-2.4065273578334545,-0.06835417731149125,-0.1384228448250605,0.37133159024128337,0.6203595418816821,1.3418565122647492,0.30780614669687
-0.30659506973955697,1.0340408275522484,1.2533101598777348,-2.2020479357138574,-0.44377073901986874,1.6419133475221626,-2.4698879602783315,-3.5554903584590103,0.4175762396722992
-0.21811005518551516,0.366427792750591,-0.12120532885918808,0.4605880627335081,-0.022980281904490057,-0.028461016020187226,-0.3639917152079454,-1.4613896203321828,1.123364027030693
-0.2468532543054008,0.3079990423445568,-1.2532072143740636,1.128388760734725,3.049968207788539,1.113225432017148,-1.7070456590974015,-0.18338624121948963,-0.13981135195394936
-0.9331429649326553,-1.110298819567819,-0.9832382388824032,-0.8913085247530164,-0.15403112528808713,-1.915427242432578,-0.02201063996325428,-0.5928359693882771,-0.1875420106027143
-0.03512306286288613,0.9848133556760451,0.05069340264357397,-5.707207147970344,0.10615258206627357,0.04511202880902098,0.6755175070841442,1.2258481327938437,0.7472993348084039
1.3064659301462622,1.3230372997990762,0.6504925813056233,-0.7822480659224562,0.5833739141377479,-0.08856922037532002,2.6196252480908804,0.8309196189542459,-0.53810256359891
0.2521016014250008,0.18936972556956758,-0.3575444205090111,0.03903752980945467,-1.1759701487529677,0.44052226961077673,-0.6806699436565135,-1.0880300545056514,-5.366326594832064
1.698667352305828,0.12990920078191115,-0.5143014214785212,-0.12206965481498427,-1.6794998396878718,0.7460665718227437,-0.42645653074823714,-0.5218792773714627,0.6971850837359667
1.3537237939899882,-1.2221801504346776,0.48538020454030617,-0.07169306850672158,-0.09861904222769527,0.1694569306606068,0.2918796628289336,0.2885036949543836,-0.22781862524034124
-0.27099045444950326,-1.1174189022606844,0.12265562800755514,-2.3462397795804923,0.1290581565310463,0.5898776793979975,0.7326521296797476,-0.9104379477203594,-0.0682558120650008
1.3411500257410696,-0.037832465640821565,-0.04238223185537945,0.1879990771105769,2.642385345994293,0.7719794783382226,2.038485542546175,-2.288765052472814,1.1304420030731122
0.4909770928240907,-0.1830209506612574,0.6488580103991386,0.5728266262283398,-1.1410704582497635,0.19211697597653954,0.9883581188544565,-0.333585912098178,-1.0561503398796301
0.13638047059111105,-1.3363779636350135,0.32275327843115803,-0.7840091881440944,2.480968127306796,-1.8848149083957229,1.2768693412222258,-0.5374409986106421,1.4928381095158128
-0.07916382929282,0.3300951518310137,-1.2776292466753938,0.08388356882928458,-1.3573011726111384,1.3065839803340953,1.510827282406689,-0.2727533773450392,0.14585412773942336
-1.2946798577811358,-0.7138179112514855,0.8000504187128102,0.395475271279972,-0.18550056742486887,-2.0213279292908486,-0.42371783231638216,-0.24009754394699598,3.0277257017709744
-0.31297172874753554,1.5842132921807266,-0.5987271859163191,-0.6157166013006767,0.7824262515199096,-0.19328544280549798,-0.15771178706662878,-0.2224391644079458,-0.12326106873260749
0.1509078278858288,-0.08415601830734361,0.3086864539507665,-0.1142183332329703,-0.31471157138791583,-0.4688621928580855,0.16751102127487855,0.2630968350459664,0.48545510277725784
-1.0608517927214396,0.08578554980462091,-0.31612062905642274,-1.4698467870978356,1.2216869631142908,-0.2969580826517615,0.061722257147591816,-0.06099289548610178,-0.20457015881562537
-0.19807795696647845,2.566353403888005,0.39076246110310725,0.031804145736424316,0.28615405264434557,0.974857580012118,-0.2278251843797627,-1.0103336042979458,0.2284596570991262
-0.40085000766250156,-0.7913440770313624,0.4877113724432867,-1.279732006913212,-0.9065290672611958,0.31531239911943104,-0.29280766269921993,0.3939373641651081,0.1199688040862248
0.40961954292390246,0.02055683367488417,0.1543094232893181,-0.10456348167209638,1.0982930504289268,1.1708841870366145,-0.3428004223164359,-2.1570597378019314,-0.425253073658105
-0.04680425532402079,0.019160674845533333,0.5571149128521374,0.47682378545921883,-1.2432951710068278,1.5122729448464223,-0.01884506223647249,0.27567327753638576,-2.0133195271075004
1.2514066648261808,0.8489398593522153,-2.627410185666913,0.12947044026594834,0.1520214108341428,-0.8712220770766524,-0.1651383924062828,1.0213714589968963,-0.7865807466157243
-0.19019978461278492,-0.5190625574793465,-0.18322539816497488,0.12752802424741713,0.24928809986024342,0.5824402740210489,-0.005929083452488262,-0.8298269211376165,-0.04898302028557382
0.3570946869547901,1.259995460937807,-1.613957190001861,-0.4569155738046298,-0.12367605992352101,0.7522782543944305,-0.7495313802416801,3.0375087812017476,0.46472597960891665
-1.2298359562777519,-1.0643446881094984,-0.8689513158221474,0.9168427648331878,-0.5790444638647492,-0.1293378919811747,0.17731198503910922,0.6576330445725831,0.7962048635116024
-0.07845692594297066,-0.4083071872475983,1.4095185930843832,0.8503722925399034,-0.6537166997334801,1.6222245360071494,0.8024892460463814,0.6343911551440253,1.01081052331132
-0.03010554759365115,-0.31112528709318293,-2.524057485729318,-1.3057313611421617,-0.7695158780933268,0.3735515396992822,0.1673586800185797,-2.191049945240127,-1.5438279650535953
0.7616836192867162,-0.7079733448588308,0.8243667247009704,0.770297983106191,-1.6500957790173378,-0.7060440081751256,-0.2833369704671441,0.2746383415955613,-0.41716811250836444
-0.32842280966516035,0.4216655307164375,-0.9644755991168044,0.02704773842668468,-0.014509283390502625,-0.6178027143570857,-0.3981828820088756,0.6711110732384926,-0.4523366180350036
-1.4303042033322142,-0.32300048240779583,0.13491861833398555,0.3071810019170205,-1.4971857257616603,-0.4434129440498453,-0.6073419279688628,0.16552582240643618,-0.09052699361434705
0.4088028696047026,0.516408046180866,-2.6648579065028217,-0.6056569874755262,-0.054192054990264395,-0.1531747649824634,-0.5030373410211048,1.3268939161944486,-4.940644030105188
-0.6602998072815586,1.2037265632432117,0.5129192040386789,-2.5953384801981385,0.17268665976807573,-0.04882245190149801,-0.19905452291622655,0.6300158018367512,-0.7887220283010263
0.19346997321571532,0.6857293389380564,0.5376065304934675,-2.387546390307597,0.03698244829542691,-0.41775784454826276,-0.7281706399293263,-0.04102116523611791,3.010503948825859
-2.5005109640674643,-0.4145608188793576,-0.7616223367465381,0.0713267780955771,-0.007182166731021609,0.36599797209452184,0.0036351695625027112,0.688547284564491,-0.46568052476189203
-1.9016931509117814,0.024946713346966576,0.14879085176335743,0.881558001309154,-0.0006414499743049016,-0.5938131695377179,0.05875592137736506,-0.7856310783088416,0.28917160974964723
-0.4452723482791062,0.6151781851473025,0.6637128377476216,0.1263499754789646,1.489904925085013,-0.20397931628749846,-0.3365398404186089,-2.883499239053038,0.24779167705752514
-1.1777945955673308,-1.2481859983319836,-1.3451936960938808,-0.3205225894230133,0.29341742437006885,0.6620335870831273,0.0027527143292718696,0.9228319273453521,0.1302715797015428
-0.2406744663801953,0.6158895206090566,-0.3255492739726421,0.46972017622469053,1.307018724300128,0.15489203977431665,0.10766333748825099,-0.2103728489021802,0.4555190993340689
-2.1657538487093406,-0.2427757894101314,1.0884499512589467,-2.802247106249283,2.0124635528746015,0.15408771758841697,-0.759287308193405,0.35760368228506884,0.9607886160382552
-0.8853657719666782,-0.11797869295878792,-0.6896915020254036,-0.8741421545226996,0.05903666484573174,0.2531836376289862,-0.8579780180281812,0.7374845062409365,-0.5281439857868032
2.2038341471217504,-0.011145944006439234,0.5409939094494903,-0.3277678854335097,-0.27173398413340655,0.34401629685582474,-0.1201478454657537,-0.5416938580972611,-0.21789486736164024
-1.4282448317224448,0.4123155932766859,-1.431641713198505,2.0012821539657675,-0.31437686990416136,-0.6924571208909293,0.16042052622481534,0.9369666867126982,0.1946729554833244
0.9927127499752155,0.8363449327658531,-0.2412051585165483,0.4036383809796251,-0.6371740188623021,-0.3170106092981483,-0.04920449843454735,0.6163783481023766,1.6083412441557556
-2.751040112862095,-1.1089794774101918,0.3537128223068109,-0.04978322066436989,0.20410187504578817,0.3745179822127359,-1.1805717511897802,1.846327203200641,0.410356885428556
-1.1342851312683928,-0.020162068266314743,0.8507452039525171,0.04507405114874745,-3.3945408499151415,0.9774358398398882,0.15764172379421904,0.581440165643523,-1.1677724794035145
-0.9371216166114159,2.1371721052166457,-0.9636185987774538,-1.0402192762430353,-0.676389408906493,0.5836292554225394,-0.3566242470711897,-0.4583744029369909,-0.5184903657827042
-0.5868122051360318,1.706545358805402,-0.1175543503559556,0.13509072880225262,0.03176643319350263,0.5073951761593447,-0.9275468785323142,1.0527936583290185,0.031070265128283134
-2.130357602628289,-0.4006043967092685,-0.4892181161231794,-0.1827450002535613,1.7040746652850998,-1.6471912163504077,-1.283399309917648,3.4337687610017356,0.12987353328096793
-0.014195045341140609,0.31408197055356823,0.5981897512285101,-0.9450449250789434,-0.19814837549581388,-0.22763519507365051,2.0822884330198645,0.11171289948643309,-0.34666612169049826
0.04743947958736956,-0.6049474059622469,-1.5917627750322245,-0.20067208722548677,0.4126958224943625,0.30379624574241887,-0.3492792695304475,-0.1593814685074104,0.22623363984526784
-0.7152985274836582,0.07844705450276215,-0.43053665268997154,0.4116086296738821,-0.45576418005807695,-0.25835294558482763,0.5394232761236696,0.9201366738713783,-0.28131263749540547
0.35774374571062983,-0.7694578081833612,0.4663238342089812,-0.459734721784786,1.3812346753675468,-0.9975897969510656,0.483855878101342,0.49725668020543323,0.3546038726263158
-0.49726114158425555,0.32622781663193257,2.8672535526204666,-0.31892042890857714,0.4532375535786725,1.1277508103312095,-0.10159024721505747,0.02206560977323407,-0.5889154690714031
-0.18021121333135698,0.016328390476154638,0.8305338466661898,0.1991408843463339,-0.459405605032174,1.1873561550833445,-1.062031262044649,-0.5822406084764502,1.3783976854465494
-0.43437085201837017,-0.07463396891009468,0.22931492773878823,1.2137455346567356,-0.20641968301443897,-0.7656150626735908,-0.6514649977814863,2.475615640685952,0.20747415306125003
0.0475732213932086,0.4073064602126664,0.3172669541177818,-0.6697579238241193,-0.10044339361180474,-0.6930837978695294,0.6185730447502978,-0.07247740434460814,-0.8981676248508303
0.20159057594716454,0.25829289877418327,2.352273351870962,0.2661647009495852,-0.7040585142375931,2.014206793405328,-1.9900387432430664,-0.936601990341545,-0.31427776790250306
-0.053022388724960214,0.22067973869686022,-1.346851928775161,-0.8849555836514876,1.7212697443401488,0.14846704033642621,3.0563182311303625,-0.4699278553055497,-2.081860954190448
0.41287657063038874,-0.09750432702230079,0.18030488742009837,-1.1351755131583328,-0.6943373564647732,-0.41815949726873197,-0.9025651918306175,-1.064891344086855,1.1397221942061804
-2.015391304435199,3.5477196735418195,0.5104473313203993,0.4720619465683944,1.3138381320548578,1.998297952436924,0.737801282560035,-0.24583588377375135,-0.4480936762488319
-0.1690379109144373,0.11895268109789243,-0.5932828783635709,-1.4408675178120995,0.5388250970924676,0.48439673579271636,-0.35329124509142273,1.9104052278322503,0.07769139544207297
0.18145369334360018,1.1550107438675563,-0.22174414779975538,0.23526563173065515,-0.965618032279157,0.6241400104098913,0.010552487768137036,0.9472198639030293,0.9848759890001892
0.6608407590365281,-0.721353223552646,1.1739235421096998,-1.4377243153422137,0.6039474970370856,-0.838959435475747,0.20975586898735282,-0.5211879697821459,0.4309124073008722
0.192217108460849,-0.5356457067641213,0.636109852363572,0.38631607556175146,-0.433683585138754,0.19906666326693145,0.052385022851803534,-1.289809039181767,0.3404383783687931
-0.9505275031770185,0.5542320108503731,-0.15695446393794543,-0.44364170278244297,2.0342461265996024,-0.5562528972986649,-0.16160316197761668,0.7784887225847312,-1.1210390879756793
-0.009119656011722464,0.3572380602240164,1.0507738540934326,-0.34381828091941663,0.928206021009359,0.20159244431334253,-0.024299939719878667,-0.8626221741719657,-0.13962115091399674
0.9070091386009804,-0.8415901577659013,1.4441462095685043,-0.018102730874826747,0.05547081258135129,0.006509476599315285,1.5363786231566607,0.13379146342417955,0.7832594856852946
-0.17238748387265965,0.5934454847424083,-1.0620966224384805,-1.2372918371673938,-0.12985739537277266,-0.10790679299840548,-0.7668777419059849,0.5699240800970257,-0.8546425307326802
-0.1389504713849044,-1.7334551008703585,-0.2240749338570828,0.5131478950033027,-1.0218262760065084,-0.22005258821769594,-2.1530865798158523,-1.8621128281078256,0.24127497235080328
-1.3528556619594516,-0.4317019889103039,-3.0912694976768575,-0.03058354790080972,1.407218812281184,-0.6737597046903995,-0.2973810412290899,0.31031529865582086,0.8733990592453013
-0.5140139501161918,0.7216720084441018,-0.2361207883231656,0.019381295338231058,-0.20745970669090982,0.2839277691048453,-0.2927519943960737,0.1678165010474339,-0.29974178810849383
-0.059761215483980175,-0.20139784916963419,0.12414927415725426,-0.8516535976625017,0.9930518783779759,-0.3016472616222726,0.3944900820740833,-0.7060979348328696,-0.17115496948284706
1.2018101438875366,-0.068059508063833,1.41413080160881,-0.1584772808889248,-0.396181141107386,0.05020507025451775,0.4895493252951442,-0.4538611446523669,1.698054225033836
-1.2303138595888077,-2.6670627347042926,-0.19208354657228857,1.0143242908455485,0.1071216446759364,0.18304524357758029,0.8236361691099183,0.25222464106821185,0.10133297284699361
0.8267526140698702,-0.7766935997298089,0.03841508577942926,-2.0993886281750043,-1.161095402267612,0.20152360900566815,-0.5285304014871968,0.20840683349946507,-0.6943755955613218
1.6061530561654906,-1.1944742887915152,-0.1485573047324443,0.40744232913158546,-0.537603459815995,-0.6202429154718402,-0.901076720899991,-0.07289667214007424,-0.05474126909358516
-0.5426976788197228,-0.0668924510925121,0.03579791234901996,0.46643816522732856,-0.6426635565389395,0.11125660170612788,-1.6411742097211295,-1.4258565431030086,-0.40857862500432957
-1.240930911512232,-0.5770005736209984,0.38320068983285366,-0.33076007113499684,-0.06473308499412878,-0.14338943420777814,-0.4957414385153674,-1.5734004258007133,1.5490170632756004
0.16799455421436316,-0.5043150394625233,0.3834248532589996,-0.04190547583956498,0.5907801284395794,-0.7574427155625493,1.3079355268148452,-0.16833751439934935,-2.085991041139781
0.0072912095869440965,1.619570557917404,-0.47248886065256035,0.9703018748858232,-0.9168503436545314,-0.9469085246564719,0.3598191733427041,-2.219771190191548,-0.1730123279133487
-0.7121620041479986,0.15472468637040657,-0.16464902901339115,-2.4713122534762615,0.0655999185214141,-0.5442183896261772,0.04979112740570138,0.5537662464591525,0.2003430547265922
1.4127351099886292,0.06430252966793416,-0.5727353262847807,0.9028354110548804,0.04705630431038246,-0.15385631617200407,-0.7613482212911264,-0.6370085057785312,0.0027807103910896555
-1.1592667275456519,-1.4086504025328774,-0.048579858105073905,-0.05133157812063355,0.37541776297264406,-0.22100498290879908,0.2903257871156952,-0.8253192217210625,0.36591196291824885
-0.292220726859892,0.7094560455342975,0.16607610067492207,0.9891744715919797,0.22673934866069198,0.026908509965192243,0.29152739244444975,0.18257322300937032,0.006371730162772538
-2.467174460787243,0.09804511701577902,-0.09981472916999033,-0.9883148988356898,-1.0229515516982506,-0.48608616952461237,-1.5653948700532894,-0.0046992761465853945,-0.1304080161795561
0.07647057430384391,-0.1819611256161382,0.7284986361250051,-0.5074721421388737,-0.468046164306453,0.1006289323870333,0.2648510439179021,0.04481362587974725,1.0547198028746554
-0.5510057009251292,0.5472769384555376,-0.6224802843687851,0.6086339206836692,-0.7238258900448584,0.8595592900421432,0.3974358669363484,-0.40435877059081143,-0.009634726171566663
0.10722161614174482,-0.14211820712132753,-0.14339787260063944,0.19742183467612479,-0.16962320194101715,-0.5186269413259521,1.303178301183172,1.203306822268364,-1.7438191406750674
-0.4962269550926198,0.9815875658849122,-0.04668667546365641,-2.3473426420899504,0.9485970902446162,-0.31416705006758316,1.7901855438910035,0.16905676610053186,0.19388677605924742
0.3209077567799398,-0.03379204731784389,0.16572837200941964,0.5779811638390641,2.0562472664352702,-0.2795273293935814,5.177876210658294,1.0944296924442827,-0.6837143448027406
0.0708202384396265,-1.0146076201005827,-0.006844752706875507,0.838539045462005,1.0459393359557583,-0.19535475268777874,-0.06986177870814896,0.3099442924933622,-2.3196863044283
0.3402142950870405,-1.3846697810100947,-0.6773341321010914,-1.45010250885149,-0.25096823604572555,-0.2826077935903191,-2.134887838127295,-0.12584644380575968,1.598891969319681
1.7675586558542873,0.2282146821549867,-1.644796115684555,0.30591685983481015,-2.195651999991298,-0.36208342800329146,-1.0632943311277205,0.35415943782017484,-0.6362367956211961
-0.11452436440479187,0.6330409906169574,1.011043273525848,0.16972831823214318,-0.5619475582545372,-0.01576674353229935,1.8676609370131727,-4.013354301061949,-0.08640072766429435
0.8325873503508395,0.04669728251880794,-0.13703846701369157,1.1154583260011217,-1.2379337069065972,0.5576038238770419,0.31347525845413643,-0.11019984367412733,-2.7542356350856005
-0.9889068982568352,-0.2397137355285313,0.4468572344547356,0.3528199665694172,0.008216586540473327,-1.7957192120203005,0.17449364347347113,0.5738833390083087,-0.027886865739827026
-0.4403048871430953,0.30856631436312926,3.5008070612900357,-0.2990121950738389,-0.2666456480003648,0.39994984583541376,-0.35126906510466366,0.012007127856725149,0.015785443997370297
2.2104149190616154,0.17136020152933934,-0.35275329020461926,0.11706235340956653,0.7626586469953109,-0.2625709937136742,-0.1280286988094507,0.6884424684717111,0.36667997886083054
-0.19659034797121222,0.28773935369005704,1.8672943532171293,0.8940338855311061,-0.16282443055942003,1.6811148769376338,-0.3681118902164435,1.8593450804667235,-0.6137826427226261
-1.0734991975881163,-0.2556160963743454,0.4925520357489345,-1.1204058477849668,-0.15263232158964563,-0.6213265342343022,-0.7207812266412532,0.6715964447499427,-0.15237959873044524
0.7115830387649271,-0.8627701255335911,0.07562744219224227,-0.8133200362114056,-0.3730697504021622,1.0258612828844365,-0.7141312369389577,0.40182430817754683,-0.3659011515875008
0.6702283652290472,-1.6691226265918844,1.4538650863613813,-0.39885977219401747,0.9506630932631915,0.960217877583212,1.4997255138649088,0.864574541003834,-0.12564228625316098
0.4958843087288745,0.41518337265227323,0.9573579439350945,0.32355095996459077,0.6161767634085789,1.649728215389007,-0.33048184181609036,-0.5439522992945106,0.11468325421808864
-0.10322133881078842,-0.0752876382478198,-1.4218439072030105,-0.15831424220750243,-0.5331396643926494,-0.5519741002275056,-0.018097617170694105,0.5474254481415882,-0.20402172701153976
-1.315498510558203,-0.41048715973182903,0.7901199924919448,-1.2902447408326145,0.610602918599005,-0.426569951860425,0.7138087352472937,-0.6822798438843644,-1.104519618601341
0.6470313228100872,-0.18989189048491997,0.3424189325076533,0.3197631438848802,0.8205180449677746,-0.006694328105049524,-0.35098744897071543,0.9485212289241236,-0.4648537285580541
0.1071931478952666,0.11131250246733754,1.5023928786520644,0.7741244919758256,1.007510253976354,-0.18142122095003083,-0.18813288114491142,-0.6602493252426951,0.6828246390649817
-0.2517561383913973,0.4221819086226005,-0.6484678725489287,-0.9985140676553497,-0.09234559531676817,-0.08720789623238971,0.22040914456530394,-0.19351275332798556,-0.6133388430056149
0.5003951374779726,-2.4562771130141137,1.5805054644891732,0.45717935587103187,0.94897286128982,0.6195313313843566,-0.1418586995749992,0.5836099616465259,0.9252670731808476
-0.7551107480873999,-0.02012735474518728,-0.2082987049335882,0.5878583312030445,1.4904147759764306,1.471010021281916,0.39710596482845967,0.9023355786332883,1.1681489548425872
-3.7442219685401974,0.5402019719090626,0.432170828043417,0.029077967896687557,0.16145820928795646,0.30522750444602476,-0.8569247010392159,-1.6456975327484376,0.8930493067614178
0.25051146467024304,-0.5255052796555033,-1.2542294597960695,0.30056573254313956,0.8099664909867806,1.1721783858607004,-0.03586969882853359,-3.0928170324203608,-3.7795091809171644
0.36512567008467506,-0.24656041975521542,-0.37046381384936244,0.22850983909678052,0.07249503189029925,1.5659051603411185,-0.7406585295335589,0.1604260209123357,1.011820121327283
-0.5502553666817761,0.6537680097767594,0.05330196953818649,-2.1280205843217344,0.39659565739837316,0.03721843239989513,0.2945081927342493,1.4373403214870657,-0.020946969452079973
2.012198267421089,-1.6161562226890167,0.14283279070100827,-0.557865535942236,0.5923962018532354,0.1650126299962556,0.1823594703421362,-1.0716910449988042,-0.5937496510293048
-0.13217343859744363,-0.502191611966478,-0.03796239290131898,-0.10944270784074424,1.4866124747650233,0.6792887222340047,-0.18744893719344768,-0.019864650188806936,-0.09731432308105595
-0.10837186028274819,-0.18009389169212744,-0.3837459058945298,-1.4833388998944945,-1.3640898794674523,-1.1059145110481063,0.221113341941971,-1.3026190777390945,0.5275939886490555
0.21467880367916847,0.8411706169698024,-0.9035911243275826,-0.5092933977898499,-0.03990276664645976,-1.04096941770865,1.2133017809400597,-1.5038975236614596,-1.2142064546364812
-0.7243298968352444,-1.0016036033214868,-0.7669206556525161,-0.03502908252971502,-0.3877279957889748,0.424459156312858,0.8059461689694838,0.30202375013129396,0.41080369350740525
0.4537668284743051,0.09731037110749542,-0.8182455980363949,0.8507008450376793,-0.7643145716951483,0.8895530692745219,-1.2540071254212704,0.24184468043011692,-0.3826398544579418
-1.1485048059773666,0.4124284739269138,0.09548742778587399,-0.14833615499892244,-0.2256111738247035,1.5305813081695645,-1.068754820814302,-1.3187861251679867,-0.05505832990276017
-1.4695348592240403,-0.08777348173809442,1.0035679196487242,0.7108987667844522,-0.759802496930093,0.6712628587935111,0.5073296092841955,0.23070837880883985,-2.0520602772546623
0.3758209693603741,-0.4154351807126371,-1.801178669426983,-0.2933415906440719,0.6112102733554479,-0.2502043388089255,-0.5810990737674011,2.0152378228708114,0.8588973506004458
-0.3062682479007487,-0.5865554174147728,-0.24102575972303406,0.7935896889087122,0.3253812607469592,1.451227275198774,0.5091134310909096,-1.2488686774185445,0.20270784398080563
-0.32941126281885075,2.1105533464021495,0.0326282847655165,1.4576554443594327,0.2612868142191625,-0.2700760249752456,1.063698973412243,1.5566419620753815,0.3824173341655877
-1.6147719042335384,-0.5251782422440517,0.5428425370087282,-0.3367245832371723,-0.14310211183044044,0.6026497615206641,4.191777897834978,0.8604682702882908,-0.5436578302918664
-0.419681229764081,1.5671609296407971,-0.2435680276387685,0.26748691524293544,-0.5205360944679523,-1.8116908559806983,-0.2853211979672752,-0.2848120022295157,0.12359971512358771
0.0743358152658283,-0.9416057802243005,-0.8830558412001285,-4.08119995703378,-0.012401680348020727,-0.06249997737872334,0.2997288393011518,-1.076864054897397,-0.4563106833917872
0.09237410257634977,-0.36995074340368617,0.23028153148313163,2.066763364765021,0.2203578579130544,0.0712770751288788,0.9888541321514602,0.48961736646591747,-0.05450849667655162
-0.34691553373577133,-0.27363411676760685,0.24208051119180257,-1.3526127543150779,-1.760085668683497,-1.259443358482134,-0.23265302883259192,-1.0859912674187473,0.44267478026351265
1.0553052018322018,0.8979573240198697,1.584480752851666,-0.39275645945328763,-0.011620390330779114,-0.5128320220619592,0.5514532091584177,-0.08575749406789065,-0.6913799334606917
-0.41433980761933076,-0.8070025501445381,-0.20377245789642598,3.0654188292567404,0.47466283190208586,1.0201338737218215,0.5586467403628841,-0.08866788040934877,-1.1802516238960932
-0.3828662150265248,1.0545697292898404,3.459869213708282,0.12922561020738174,1.8789977053773415,1.3256670077494763,0.728271097735198,-0.6957434771199993,-2.0429262996025765
0.3001671791794791,-0.24521488813227213,0.8198015678993827,-0.21528761042644828,0.28082819073339643,-1.2668096437326186,-0.2970310387410043,1.5316834775393442,0.7833721862576215
-2.9880147799081693,0.5969146015748954,-0.289413547643243,-0.11654609306613743,-1.163766347639838,-0.19685768067788606,0.7964823249853696,-0.07395096088764477,0.3025129781878275
-0.6850078309064398,0.9017505459339914,0.7595723106257336,-0.09596456042444483,-0.9338315112845632,-0.31548477289921684,1.2801429385667658,2.1104939789655615,-0.052842646772323115
0.1657913270291226,-0.05839535906005583,0.38653619180184845,0.55243377865116,-0.8636586293398667,0.7723188528139169,-0.18088516129869286,0.9231072813651579,-0.10170046003878414
0.8469288555034199,0.937236384011728,-0.24830080500955232,0.586364535818098,-0.03584923609889962,-0.18984231822313688,-0.07709907276492653,0.027424732538766115,-0.7695544914400697
0.36623242030107206,-0.12263701646554981,0.4063826158974062,0.8207031173735585,-1.1553661097857812,-0.118746866626232,0.047726680410778995,0.5702277101620983,0.6302938964591411
-0.08748276555640297,0.17341587527330574,-0.36983302133649326,0.2871278955366826,0.6836368387324789,-1.9522118278453573,0.21308511035593786,-0.8061835178695427,0.4551939869810091
-0.8986072004685938,0.803285942699792,-1.5778220619711223,-0.136553256906173,1.0930916159335584,-1.3793743500228473,-0.29904890716777116,2.290619804533239,-0.0782882181122755
1.4856357192158793,0.22343623497198112,0.6018117239343246,-0.8134869581720332,1.4666059162237184,0.4996973144139405,1.5162195155767093,-0.1994676686901646,-0.5056611821145068
0.12752154119436235,0.1536555496549669,0.036896048583208295,-0.9887936568410742,-0.5060872975854761,0.11445280176773293,1.289142937008372,0.09535640582898403,0.3712606696314185
-0.14951757833002594,-0.5357203175973323,-1.0734692530366974,-0.7519336344548433,-0.7238894090679896,0.965469126526784,1.0736652881725912,0.028736188149590773,0.18811473548414176
0.12786680431516367,1.0553254596328738,-1.8713990196032404,-0.04186538741962062,0.483283048311054,0.3769353079614607,-0.15961428356546764,-0.16022658778642088,-0.5910002968679511
-0.2961868364790498,0.7074371079173885,0.7633298245930026,0.36944721343456227,-0.4687896053420599,-1.7205573919030808,-0.15296864825647216,0.14574369794045994,1.1316562482599948
1.8672878249520037,-2.380826781507,0.08825496408801876,0.2110182171186662,-0.29986209150398396,0.021390507996494706,1.4085951471595621,1.1368999762413516,0.33551845028006017
-0.9577474055005304,-0.5849714306269873,0.2159220818257331,0.040670640536989676,-0.900163645441493,0.03573602272669227,0.09061367560567413,-0.4253629608523877,-0.1541024341422603
0.5948453751674225,-0.06359712907981323,1.235681418313568,0.6951914760386572,0.058074468856233616,2.6367714884698055,1.4321524800212888,-1.3517249028970089,-0.005732051646807003
-1.8969959788476922,0.3165506681317302,0.11299491656010491,3.1483009160549846,-0.29723915354758434,1.0197653876290074,-1.022841360815073,0.5725208131920501,0.49513471767364897
1.2365729445489482,0.31128187471888596,0.03443084783366302,-0.13441596708174874,-0.7923289349106407,-0.05953527086959338,-0.24934277503545715,0.004523160606237744,0.5373519401386865
0.2168366599550237,-0.10759712232870985,0.5537463282411459,0.2810552833222803,1.2453383469872632,0.12048140621465749,-0.47602054022638546,1.6875529795249269,-0.29740851781730654
2.037246018982635,0.6484189823626142,0.4536344034703967,0.008811615533395923,-0.37976906136526845,-0.2227822630750516,-0.8576927536276924,0.48244307876442394,1.1141337922121026
0.3349434149959236,-0.24208546946826304,0.1016735656505933,-1.610601664739725,-0.5045264794795498,0.4849839667110216,0.8090535327893729,1.302303336492346,-2.317950179990422
-0.4107728283580022,-0.023750384751141666,0.05403467810887173,0.2701517035223055,0.21991740145306665,0.294880486593264,-0.7652251926828372,-0.41844056388574763,1.286556915118905
-0.013784959916474878,0.028546501414380008,-0.4847007633048646,0.12913242786640086,-0.09088951156863198,-1.3369212438722,0.14927199415911724,-0.6974229579320338,0.1405139262787291
-0.29333115281110433,-0.6032759593195699,0.13423175134738594,-0.26701638764339275,-0.013431096703540708,0.1684136280282537,-0.35778232367163815,1.6483970034864555,-0.7459528152153502
-0.9673340522933415,1.7802672929339036,0.1878632320828393,1.1258629656711954,-0.08892311082804462,-0.7196432731595889,0.1450418135645697,0.8663213056892418,-0.31230289628457086
-0.17950772112792365,-0.1810588913299202,0.9696165735683757,-0.010815255467291078,0.4952749912492034,-0.15886511928510416,1.1786508145393788,0.5739458155038127,0.12986146404988697
0.962268373326882,0.11352463595400801,-0.17663627255552808,0.25754784907467954,0.1467048007043369,-0.020501557410377753,0.41107358726134746,-0.2672747382664756,1.2124917010806393
-0.5066859656417728,-0.32112166858823976,0.829208618842259,-1.340433628482944,-0.6270844122156893,-0.1695702867523549,-0.7571822430464162,-0.2692955126472259,0.8704079442994456
-0.29430613693670893,2.085138774158771,1.1306397072928271,1.0896031419724073,-0.20005745510876127,0.4718783324661569,1.085717920956984,-0.4590054993715666,-2.395360975925444
-0.3053071150649161,0.07569348446903294,-0.21464764097296826,0.35239443140349286,-1.2140588194045439,-0.8477297390087297,-0.38913029222400763,-0.2613942655572764,-0.4789844525946307
0.44990044487412306,1.8080652435747084,-1.3346791652267571,0.8509132875467625,1.561655121354456,0.2351129514497742,0.7926571578935152,-1.7134359714955874,1.4433602315777494
-3.4036001592564724,0.228404711394089,-0.6312047888006722,0.398077153020314,-0.5728488033495128,0.05889811657418632,-0.08446818692038709,-0.26526151965414096,-0.016676288293719557
0.8832699718165871,-0.18906940305973716,0.7792083098528507,-0.6574680545486287,-0.34386454007013156,-0.35740951163238793,-0.6462180413745705,-0.787438209460879,-2.188203241382354
-0.0898143247238222,1.5923021075020636,-1.4524148139954445,-0.7696562630936277,-0.5767747745627457,0.3054878581782181,0.030035770687774497,0.27564577488261144,-0.1014547981100483
-0.03953960015539398,-0.1856235882096007,0.11505004695140428,-0.6004806081273617,1.572419129085284,1.1281483118585842,2.3179673212253085,-2.1204776939270538,3.858897078431433
-2.43111516645831,0.027155885842302725,0.33218938324429936,1.3470068703003735,-1.7490097740332207,0.6659080589416264,-0.3667998444579062,2.1616665654556053,1.3732863762232816
-0.21838437948436693,0.6761167090197908,0.7090665359447661,-2.2184068784952173,-0.3060778145916812,0.2509021395446212,1.648060189900474,0.5739295579271143,-0.570757207866549
-2.3908840234417035,0.2719604180548417,-0.6169566577397358,0.2394456565037202,0.1869203755642929,1.719298374464349,-0.2610980488098586,-0.390451220545765,0.18601451391414156
0.051354467309870255,-1.8471129699264481,-0.8003552952131371,-1.0342907744107588,0.4202785095828881,-0.24349272956084156,0.9635893905935481,0.06948271181757182,0.21070162598114583
-0.18427688277836268,-3.3138364834331746,-1.2100363854707255,0.9029274569976189,-1.8040324479325158,0.27397760972766355,1.042098475731521,0.49772912179400974,-0.05536677497955538
0.11734846628315743,0.2695098083702182,0.6316030221493036,0.16499026995962718,0.20192408706958156,0.9199865187669731,-0.584034595265149,-1.2116682816990865,-1.040975572928664
-0.1633169636007348,0.5242001768405978,-0.22441449392356713,0.3024682699566609,0.2825866093524568,-0.433455951630327,2.4518820710130425,0.018509049973993476,-1.0920156483563856
-0.067192118766542,1.1585103164064303,-2.9731961620325666,0.3197876646902635,0.11117353088199676,-0.390927469414752,-0.3789373163879386,0.010224545415146568,0.5383738496299282
0.5165030494304744,-0.7050553295759193,0.3120637979501635,-0.2164452896284292,-0.3245039249247115,-1.8370712035295218,0.684200330858108,1.1353988310461511,0.7428229803522564
0.3604858255571417,0.5697496094933028,-0.3692104287998661,-0.5720918838938898,1.1172556470429322,-1.606592463420743,0.8225873623102241,0.5407130713268846,-0.8370923212862186
0.8000577800504245,-0.3279179013512358,-0.0038689922426354854,0.7565217959870405,-0.18648358803962212,-0.5923665479213968,-0.16215031135057634,-0.12175514314714236,0.17929502117442367
0.29533626281855674,1.21561190647222,-1.420506890286496,-0.07466892514413419,-0.6767296689116346,1.948168661829293,-0.10257084165980065,0.7069085682446828,0.019052362386438575
-2.619022077978142,0.85767402712311,-0.19988857631117327,-3.3486449658136146,-0.19408670541642667,0.2260651517066976,-1.1585788008358986,-0.5991018691075416,-0.9090550745951551
-0.053539807355517756,-0.19336303035560282,0.30835146778476075,0.006614731534120635,-2.2817385633472638,0.12458505181696668,0.8076567829608841,-1.4060930604644746,0.1904042518681771
-0.8362669081799335,-2.946977249955304,1.2488720368042028,0.9330325914757938,-0.394444582830882,-0.11355027687697263,-0.3604459695076791,-0.10534406965906773,-0.03155145314010165
0.13797710208712302,-2.217983297199533,0.366147035199748,-0.39021841407594254,-0.3344059329723386,-0.38540187668990833,-0.3224353022388124,0.13931307015709332,0.0036547762472279853
-0.2889437962819104,-0.34156929844747536,-0.06423267041181041,1.6247966266745355,1.5528096448423006,-0.6290096411841053,-2.396883035723568,0.26864086819934657,-0.48386968190549356
0.3956403069965981,0.021489714287112095,0.2573936837858794,-0.03300959214984303,0.30115817778161397,-0.7072936476752877,0.39545525073658355,-0.0014363270415569823,-0.3468493497462806
0.9687593436838515,0.33543985564259987,0.1023902654103576,-1.5775355633361614,0.90031668577942,-0.2363288205606246,-0.35862380523402265,0.060961819001273586,-0.19196935185533096
-0.8306482387771295,-0.3197671251507863,0.42895068393628466,-0.735554869480182,-0.20975257821256357,0.22424766449451533,1.8221013250272615,0.26622373142190325,0.2297498718489496
-0.02228508834874667,0.18873753308222851,0.38303093931309834,0.3447957236757989,0.4263432188686612,-0.1920727702427182,0.23296244434000107,-0.706735327730345,-1.1943405136741305
0.6875312015910287,-0.7474171854180891,1.3894117409273419,-0.7044062423606597,-1.3114094076946425,0.5932322952821439,0.7539132769646227,0.6238462728582376,-1.0095201752354612
0.580348895484453,-0.5053205444045826,-0.5035077370161499,0.2308855024509408,0.16181580630384418,-0.3486305678623242,-2.1585881350859792,0.16236202402526845,0.32552838353035174
0.05327922158545279,-0.3991378391912297,0.5903910703567135,-0.4808115275414313,-0.5290248588076896,-0.021205052691030027,1.376077087863539,0.9499962904834994,-0.44029992225959386
-2.027005979790256,-0.18777712464396365,0.09307620593848497,0.5182372240731682,0.5879712045474574,0.023156502206073584,0.024700425356160363,0.27505516539654334,-3.7009939972347365
0.13010615423833538,0.7118948026487404,1.4959263969991965,0.8666096731172583,-0.6926233702640966,-0.48603359009969116,0.3641949078676796,0.8605483958056774,-0.9073847612617787
0.5144047769852054,0.19896705714744173,0.47295046357522286,1.2376059130533523,0.18137035992782535,-0.5130767092012701,-2.378027703800796,0.05729376992301356,-0.5762479053545799
0.5027032621870932,-1.3833916514503868,0.06903155355360942,1.8101620224100476,-0.1817301352085964,-0.35903916400241703,-0.49466307094210293,0.7474551792108307,-0.39337971145015355
0.4291716389567938,0.5022256952156494,0.8053459014596925,0.3467895605085186,-0.8980490797219327,1.0465578806830695,-0.28353255897998925,0.1640929031112756,1.096906387296313
0.26246997462294797,-1.2606457327519975,-0.8707525729941831,0.7929490907352765,2.2131227759474084,-0.17765698763311635,0.9584688323998946,1.1255094658701814,0.16892539858182506
1.2773339832894812,-3.140372286907843,-0.8489178618078945,-0.30866889018029403,1.24679115062269,0.8451308297428912,0.01949306132554626,-0.28931413088067426,2.8924505506157487
-0.037299433500870116,1.189159914129749,1.9931438890772728,-2.055091253690249,-0.9234651833854255,-0.24726188279273778,-0.045430262000519,0.2009139194243969,3.1441572630426395
1.6918427062577055,-0.5864021352996295,0.6187470314318095,0.42953912502556885,0.5029567301088185,0.8240885209894739,1.7913463367627118,-0.4241880723363298,0.9024510035481608
-4.548081192318064,-0.18588763065936972,0.23576012711413902,0.0954509576673483,-0.138107857701306,-0.9460616642128029,-0.2756017045473652,-2.3448908359457254,-0.1398507881327202
-0.9736789484639775,0.5761928129471395,-1.1840198465591607,0.34134270343678147,3.4546333051569307,0.41104328640003857,-0.37086343706469366,-0.10278265424943761,-0.12502067620469642
-2.4012600243650786,0.42811262343725226,-0.9796698225277829,-0.13490720715986929,0.7430960109259748,-0.1482255289846064,0.01866455227033549,0.4681612081987589,0.6110667112016255
1.5739584515528011,0.16653357244127412,-1.0581592169540994,-0.662911245682039,0.03490561614129421,0.6035378519343547,-0.29473671321646316,-0.8031801698307607,0.03568305663001668
-2.308545154903241,-0.3865526087747212,1.9298134204348358,0.9659361586427347,-0.5675651009123827,-0.7035127818982932,3.034881450148105,-0.8873570317367193,0.4637080315277631
-0.25679392044339605,0.1612109967033584,-0.0538258769371141,0.02018075151485638,-0.46623496291282873,0.30584204580022545,1.9906977206560736,1.2121219815476647,0.40478289282898827
0.1594639108477926,-0.8137686943201993,2.12666589056777,-0.46191130553622267,0.1663044085293693,0.24667992175828585,-0.16036711954616226,1.498979424515847,-0.8565198358166454
0.6264351682366063,-0.0045521610076547465,-0.02606593910049593,-0.16978766386326272,0.8434490453935767,1.162662049688481,0.005839683692243081,-0.6103423608622083,0.9491899180207545
0.019400749045845735,0.41405600285602495,0.39862937010005506,0.6129456021857168,0.028764162174999736,-0.7437135989070984,0.5041473212868491,0.7661823194510806,-0.1804747290377419
-0.722925506083325,0.8034001251610242,0.8177589243293225,-1.826394378134611,1.2587038629449325,-0.19282919652433664,0.5843387408685315,-0.4674883223970155,0.29062908230045514
-1.508343461839794,0.046644137306663475,-0.09880069024393476,-0.005567376754898216,-0.9869137122336724,-0.1113742792732282,0.47066790542969245,-0.6106188118480494,-1.2332028403764654
2.537328724658138,-0.3647109320662866,-0.23368669243698711,0.37432972500249667,0.46862967368806624,1.8045270908761388,2.138001632695396,2.775133442678403,0.042007275334894636
2.4047035444999847,-0.19230842052386743,-0.5903647399550911,0.4747825439834075,-1.4171167294005032,0.9492527250434701,-2.5396010259578463,-0.12233032874958019,0.11816311861177152
2.370470271861931,-1.4575211443068754,-1.3332263082778704,-0.826881853910587,0.27355443844548366,0.36371055469251407,0.15249181956231997,-0.6446627184536244,-0.05699885877132225
-0.3315457436216709,0.6204425050519317,1.947279202075198,-0.7904312864729947,0.05542729913792793,-0.28097873792267647,-0.6763299345849266,-0.5977404231807085,0.10374700501890437
-0.25419982977929606,0.36228999078375385,0.20897659968526183,-0.3303563391208503,-0.11663422856010201,2.242739218792153,1.5447594872790213,-0.08490979759596706,-0.25990632280283993
-0.3437687171691298,1.7122169924422899,-0.7720273344090823,0.4579144319250513,-0.8455754970167929,-0.28480436447770585,1.677031759742261,-0.6783362957607777,0.3169363517007882
-0.2645758168998007,-0.3764838989750229,1.0172201132174388,0.20357854851036705,-0.3473837776557714,-0.5619961678824084,0.9379255047260744,0.06935723001055442,0.7379957748875503
0.06610677569655755,-1.7921579049529337,-0.09554614536030594,0.7052783530930248,-0.22057134096768904,-0.5960608328291367,0.1362578872750133,1.8242763986216328,-1.2795238747597903
0.1434997893681308,-1.9923209771172146,-1.3539179303437077,-0.3990664317992434,0.3294748926208564,-1.1143088379143642,0.4656904520810118,0.38012836077276957,3.597778149479767
0.44000145311652983,0.05499683692868093,1.3985939611659086,-0.4417173387469899,-0.22907806366078406,0.6721973645043332,-0.4759854453760051,0.015483706863950153,-0.44739205361020296
-1.5693785249375924,-0.20160002896697643,-0.03672127069785859,-0.4563655380046445,0.640094842801521,1.1996251248991883,0.15466028182488537,-0.01810716981641306,-1.8452382497940112
-0.15834246594915954,-0.021676346176984593,0.02289864827158581,0.2880296986469309,0.9418507044528015,-0.23346848556588018,0.19485449580669553,0.3106085569500142,0.3374255856947452
-0.49818362858153964,-1.252220284528511,-1.2900272401952413,-0.7423403607385283,0.5619897433444973,-0.6216734546127526,0.6224542582353493,1.547323375593806,-0.9905138796055742
0.2132046106878046,1.2460525518834653,-0.39711234127375805,-0.09283687060426657,-1.1206560965429784,0.38064593891941934,-0.7614644709287088,0.09669512745404667,0.31662062517486383
0.946894395634109,-0.030652281068386633,0.46128304134644854,2.0620124567256757,0.25143839201873064,-0.11504804606990719,-1.034372963780727,0.39005798926614793,-0.1847266509523735
1.033758307779681,-1.7401516496873664,2.450755701222026,-0.6633785075640721,0.7125292126429116,-1.6920475402374549,-1.0539824691666355,-0.16667621099295446,-0.08379954230020649
-0.5900549420902391,0.03223870600987532,0.1012612522507202,-1.027350423320128,0.15892709732587434,-1.1580244471312746,-1.404566132108219,0.7074319675223977,0.07610443829444356
0.018633696493348097,0.22593463625832103,0.09582070441812417,-0.12502361780738086,-0.6262285967964014,-0.11004273082502891,-0.17297207047408283,0.016608404108570084,1.5194977953061026
0.7043578915335068,-0.20852603442270956,-1.5978566198753654,1.689037818968323,-2.9019249736205985,0.16637203752733573,0.09346948647300729,-0.6864367358630957,-1.673715964698706
0.4283670513051535,0.33385000247345153,0.644048812591344,-0.8354733625796255,-0.5570798804687845,1.1221124337075685,1.4921144745640884,0.19971864559475874,0.08124611352524522
0.6218946071013631,0.07848643359705758,0.05227892326067598,-0.1627159388503337,1.3240360178769492,0.22260618107341748,0.06354318905211295,-0.6509598060918654,-0.5324727883355763
0.226547183109541,-0.5289929065295373,0.880329149669605,-0.5225033958054759,-0.6076473223504556,1.209741780356105,0.5931366931315626,-0.15952477955579225,2.2668145095000813
1.2319749690306545,0.32299326864418587,1.8560952790365122,0.6034007302080101,-1.6248307160283082,-0.5761792290322855,0.12985682710443391,-2.6830043692241796,0.07018378065894948
1.9959084645182783,-0.19006590206725243,-0.25085091085479744,-0.00573756785947315,-0.11981165340417399,1.0290070839304215,-0.01717310427483539,0.2783721807735267,1.1515210913874456
-0.2726358891412005,-0.5397196151328666,0.11730296690874124,-0.017051146296400616,0.017827327771883464,-0.305339768490725,-0.6054528563069715,-0.6078353772809227,1.0710642634542502
0.2701985263088536,-0.2669308777140946,0.14058152801460488,-0.5321012437576464,0.20036560123363156,0.08815080730309961,0.04039905802799477,-1.9884118224172702,-1.8092082518486587
1.7347800262605788,0.1809439766484966,0.22157234632977577,-0.46253689886696175,-0.0570155062929268,-0.1417110144291182,1.744734981412417,-1.0317726592339103,0.3593581779161616
0.9896046759877255,0.08006872478990991,0.2948061586870632,-0.4382091594461178,0.388658225458241,0.32297895496594115,0.3472765787537929,1.0172506191592783,-2.692469820898872
0.7453961566239821,0.14851334963455237,1.057491543551506,0.5988422617158441,0.7158155691595585,0.7652195791368392,-0.49965190550910105,-0.7115413749542367,-1.2196511319439405
-0.3724284216913722,0.09094624715656918,-0.6492975077103739,-0.39131588949773377,0.07214883403644251,-1.5177033185697386,-1.058362684291387,0.5959502800032895,-0.07630440442434015
1.3105207738057607,0.6177050395656678,-0.09048090438709319,-0.04837580726550128,-0.5431118687668555,-0.756505253126747,0.04006682075847124,0.4366781897596128,0.35702564847668056
-0.04886306749739255,-0.8793929314382296,0.12167367359741882,-0.8700040819591082,1.9106603012619716,-0.15917110039373925,-0.16024520000203268,-0.2948083641271719,0.2654422949864986
0.010166437549188341,-2.0559908292447457,-3.020125315625547,1.2327863642015524,-0.9468253997222643,-0.8103895005999502,1.7398943546744359,0.6187890723901159,0.5746167479934623
-1.4719827651714767,0.2558882265140898,1.3076511907978075,0.9150506321621836,1.084036102544429,1.4445957157435576,-1.2070923821010873,-0.9439952146246925,0.6583687369907595
0.04187120477762849,1.5598101025026192,0.11628523224641507,0.0233195287365227,-1.1111535389760265,0.22378870289336097,1.0935406709100204,0.942698207626286,-0.4653774333397396
0.3523442555098426,-0.16747873724356202,-4.433898414053615,-0.9531508704941084,-0.3357934976277461,1.5193908731176915,-0.42233997329999157,1.2820004610157292,-0.4349371492296302
-1.202853223522163,-0.42837584350203456,4.3532862169913225,-1.3514737845198515,1.4209250208945625,0.3134715510398214,-1.171129828918158,0.11884917671396877,-0.5943156449109854
1.2100077678817238,0.36153848970536817,-3.791707766065244,0.7169239514843299,-1.3193029112770847,-0.8407924516127826,-2.0828370837267034,1.1011297026411297,-0.06971804862134359
-0.26467573530583016,0.17949115219194248,0.34959960768054854,1.3921511391722974,-0.9188024557839256,-1.61927931217891,0.245138151254171,1.7719347744055223,-0.7451587577125187
1.2198256588636238,1.013423015783095,-0.3308767373705856,0.006801458731923645,2.6794991779669117,1.7865601755368978,-0.7549390250160277,0.36979412528273686,0.3340908152456133
-0.7294551901706409,0.5021466670144037,-1.194305207236966,-2.613715040262731,0.07464017565884384,0.23136088788038725,0.13198207964579659,0.35306763724281,1.9345003203073257
0.020455470373873772,-0.2274198674836199,0.1433490794094847,-0.09084035880142421,0.2220120539903934,-0.21658508623809028,-0.375731432825834,1.0516037510420684,0.0013895808480974014
-0.6278413310423285,-0.23174033952590642,0.3652401156084059,0.49317281291905063,-1.1733934470782434,-0.4208696326886674,4.182164535082596,-0.6425109527792457,-0.31730158894275085
-1.34269280321952,-0.11231414265486528,1.689191557153364,0.4562231656641997,0.11917224462610569,1.0691225039231742,0.12089087566434988,0.4167283406112191,-0.696729238656525
-2.0933522320911235,0.4073869588783673,-0.1760917914473759,-0.2995714983106774,1.154883309827254,0.5648534137781097,0.547388201115318,-3.8362430223842456,0.6548984423775842
-0.04373861667592626,-0.43041284819434905,-0.15707752740765524,-2.461552000534333,-0.6571803148514584,0.6699144339108898,0.16760106282319423,0.060838340001195985,-0.32854484738570244
0.12916855931019805,1.6652140283192496,0.23065129723432018,-0.27871787040961493,-0.5779644474944681,0.30876967174215914,-0.34061681645998115,-0.7018712325884329,3.3149379684950326
0.26313389918081087,0.513437495064613,0.005079624683940818,-0.3184888249248068,-1.221976131943575,-0.03209779026741562,-0.36172700258617624,-1.18019403178003,0.7595150811209861
-0.9570453494148027,-2.1276756380007353,0.6098812835576513,0.02171180595328692,0.2218675953411147,0.5824031226898836,-0.11364545568953774,1.03060376983244,0.7891634328460401
-0.20264285211892616,0.16506821296155738,-0.09906819500396657,0.047133768819996806,-1.3610498882330055,0.013529811852619639,-1.2306025178130682,0.612101717603059,0.07798985341621999
-0.3685674177196031,0.5041439170931522,0.5630731150851197,1.0175013025271684,0.10449273777523374,1.0977051988174307,1.399003351477973,0.059209384815497965,0.43466053140843847
0.12088763943657396,0.5192657405955129,-1.0584253542070612,1.0822751240502464,0.49689216921720847,-1.4072922024668486,0.5406378492751971,-0.015812238461064696,1.081565405031467
-0.5487216040998665,-1.5227412706259031,-1.909925847091525,-0.8365348195729676,-0.06930549287096795,0.8649408237510074,-2.0521769752448966,-0.6675874931944655,-0.28248107488451196
0.0025570530681716976,-0.35379394460400715,0.31375203173567984,-0.10205564883613803,0.5501388542979366,2.072633905076225,-1.0226294710251942,-0.568819959335617,-0.14589444910735866
0.5418275611179143,0.8634930972034591,0.3555401347841779,-0.10848532264915056,-0.5773767373010075,-0.09338144568626139,2.3877725249380264,0.9339148035688375,-0.41878159971153006
2.2622988348018227,-0.6774789426825838,0.4554651450876774,0.18468153617641453,0.07863513238968338,0.3731266919446111,-0.10024699080968359,-2.0173963867446014,-1.8441650810361423
0.07336304177706313,-0.49807394861839444,1.5085511331973211,2.5704589329013214,0.25543269506861754,-0.1581929618680022,-0.4540975465049202,-0.502771634348481,-0.4673094980224401
-0.7155771116055278,-0.295785589284659,0.3399378990165447,-2.5940219692939874,0.4099085401754811,-0.9425279019502791,1.9742558879536352,0.9775398294031165,-0.03672575933861263
-0.9121210177914264,0.12284036353004173,-2.5109077610395576,0.2594694907777681,1.069034808845549,0.09647953803626387,-0.4541167424171416,0.46187889881687877,-3.1336501656796663
1.135118784728403,1.7339807391065336,0.185742397659104,0.3841427668676416,-1.9874686008493652,0.44572693663038165,-0.05857029600771159,1.4975480236977203,-0.11076234623317004
2.0900705478978288,0.8286365922660215,0.7893659600162045,0.08079119757103521,0.26247598047495063,-0.3858587708653875,2.020537557563846,-0.07052795883601541,-0.7268581339159454
-1.3093217260840408,-0.7039386632014278,-0.17588502722202456,0.2226653690050232,-0.37391816980346965,0.6891011885727628,-0.6675997262648549,-0.31074026043679076,-0.17911515827456834
-0.7539594534758001,-1.9113518365576445,-0.3044679461435302,0.017702592291805434,-2.0627855744841157,0.08221068574692528,-1.5978878674824222,1.7296655377690335,0.6191276800094909
-0.057908743235463064,0.2658090538487024,-1.2302572996186265,0.6169692086197386,0.42722406205113195,-4.5448871428237805,-0.5502260647968786,-1.1354126452781952,1.328358345335023
-0.6422232173707956,-0.35755519561654503,1.366289499351847,-1.6437163628313276,3.264281252481665,1.3983064817386255,-0.5456029949986673,0.8809132006595793,0.1631442055867944
-0.2962277907497021,0.7768043793414694,0.0573795489763126,-0.6445333990515425,-0.6863920227226704,-0.47981260786365426,0.8102289949122307,-0.2818110409230939,0.6937667646715321
-0.209640998976944,-1.523919636565916,-2.8234155839363417,0.3191236251021324,0.6751335381682453,-0.0269540192595452,-0.22932132494732976,1.9631586214507515,-0.06709622758619298
0.2072137403089747,1.8381042768925748,-0.8134022038716423,-0.3593103906516289,2.061638466362647,1.0709947743222374,-0.7730940206936701,-0.7062669437777318,-0.017708367449906358
-0.3183650190274185,-0.5655616388029026,-0.6453628890146366,0.9409372996041014,0.3109961214574798,1.333807126700923,-1.012030199474498,0.11013754333938153,-1.874491064362827
0.9182205431510129,1.387355277040929,-1.7839283761363716,1.7904224712954435,-0.3171404293024472,-5.790635026547147e-05,0.5196802750371202,0.6646500973007726,1.0249033782404486
-0.8443129694354484,-0.6924465963780617,2.985102687738599,0.40505052916588064,-0.634301503260398,0.27599106116880695,0.22305474626452965,-0.3853737020863866,-1.4883371331955826
-0.3690515670685751,-0.0023456328909189205,1.5607712815067092,-0.6294952350965937,-0.030400392482288742,-0.7595686505311974,0.1130079592664098,-0.31962396463253334,0.15513836068678857
-0.4812368630183945,0.1102936060787817,0.15761953924100197,-1.8093785881076478,-0.34807789053707955,-0.2740525397644336,0.05937573349740353,-1.835460113036015,0.22640095159656273
0.28754257501155084,0.10995685062972922,0.08967724714101594,-0.4078885328084917,1.258544006853047,-0.009630774470421205,0.20419638815878105,-2.244428127521357,-0.44307176016769395
-1.3074818796521646,2.530654224184232,0.7399152062473602,1.074890649531874,-0.6494235623674846,0.5454932647888793,-0.5091019097844898,0.8987928456512013,1.0155289261589167
0.6038962368279598,1.006356389188161,0.2551111342562038,-1.860026488729632,-0.20763446138633515,1.996087514430219,-1.1143152838078798,-0.6360078681992148,-1.174638683756569
-0.26919114173837244,0.5122514259778669,-2.2751057499144522,-0.885017257943082,0.2874993122965551,-0.12315727636170729,-0.008305839043791079,-0.4781752807748045,0.8118302992125986
-1.4645345988294276,0.9961660302510886,-0.37959620423371965,-0.5729945232430217,-0.6458952867265014,2.55934748063703,-0.18429052342405206,-0.6578826491896455,-0.08897956524976156
1.8405288021397386,0.5421521695331055,-0.5291407455829954,1.6911127674140662,-1.2470556214903865,-0.11448545586910183,-0.11350227515837866,1.2125907787982488,0.632727151240102
0.3161022135714623,4.028868594101251,-0.3795139643114539,0.06071272028201705,0.23928407605372293,0.158255581975812,-0.27377012195954137,-0.2009056302849209,-0.05518975069752689
3.1971084403512244,-0.3623199871344337,-0.8981169442773593,0.533979893444832,-0.4200358989536611,2.966733137546851,-0.32577991723287475,-0.19714255313567997,-0.9477291738062943
-1.5187813379473407,-0.44126740406988463,-0.4713206897353238,-1.5819611725002811,-0.24152843529690865,-0.4564580810780348,-0.03571707203221028,-0.9512809514101022,-0.18388631410866077
0.02961162678214464,-0.106883574090954,0.5040131322050051,0.11481767248223866,0.7458261216737595,-0.07988179202060038,-0.8944288028712684,-0.6901064419711536,0.13450240769767302
-1.20296813914334,-0.21001869605062745,-0.13657301103252156,-1.3696181555295575,-0.907093085837203,0.25135809768229217,0.19967004974314076,-1.7716273747986169,0.05780415859339174
-2.1116766912440457,0.9243069154801442,1.0118378831060817,-1.0871007549688554,0.1583798678493413,-0.10898568686307003,1.8013974637993617,-0.3771576173611702,-0.7828560948222959
-0.8281816954181715,-1.1725884317300594,2.2768673978072607,0.8609952432068535,0.124401261736807,0.07298562811319045,-0.4242748741947991,0.43698771545533194,-0.7303451401584831
-0.1250695298631766,0.9884799945055914,0.27394577500774964,0.3445817279088928,-0.7070730083463124,2.3795762723326597,-0.08599352815582834,-1.1340359607140094,0.21833150010387076
0.043262918811941754,-0.6862375348934984,0.5017536014737614,-0.2389470431061817,0.4917327110455886,-0.09606178966679794,0.6842984756801178,-0.9056998776750732,-0.4054229142106229
-0.19860697331459554,0.8887948294553583,0.525373747327821,0.555196526256988,-0.12642235395925003,1.0228042713121874,-0.1836321254757134,0.08284632065212685,0.43433136644589626
0.6350150580526698,-0.35525054935546757,-0.028413152128449113,0.5782991631047405,-2.3413190269918434,0.13595830036013748,-1.2564079113807367,-1.3420128576924453,0.0058652412697816035
