0,1,2,3,4,5
-0.007150731434689717,-1.3526696939837564,-0.0018837660600465411,0.0007684044136448721,0.0007796110289240225,-0.020052157519146102
0.0033933458059621376,1.4501312459796916,0.0014502041428251762,-0.0008949796955833034,-0.0001596395585755107,0.01788483776699009
1.4954480086179356,0.0014289331998169497,0.019308276160086416,0.030872117022209943,0.002086410570082381,-0.01981756483537328
-0.0029385056152279303,-0.0024637856959609985,0.0014586787197998058,0.03141818154873395,0.5039436208903761,-1.3469544323168756
-1.0453379159334688,-0.02323228571379565,-0.00474199169629598,0.0035191819557581494,2.5113885936795617,-0.0788733110918376
-0.0035257785295711172,-5.101004600373924,-0.0038452725412273852,-0.001657247721750063,-0.00023748162156710646,-0.0030164434499530823
0.34476000395897666,0.010000132751203135,0.5204987642984701,0.0050804003982088675,-0.0009127857354212377,0.009291969562320566
-0.0038172272525874525,-0.0025889893688756053,-1.0876112964221123,-0.006386269504233252,0.0011600893073892965,-0.002263685591366695
0.0021716327950887515,0.003935121353182004,-0.0015360123699140337,-0.04775016451538722,-0.7719426123255948,1.3653874813612907
-0.05218549307956199,-3.1520900655880535,0.0034967514696923807,0.016056480195270756,0.013037402328164381,-0.9611247843701736
-0.003978802465256798,-0.0035641292295632426,-0.0005409598152341134,2.0845377540926404,0.14889543325774,-0.03244966899760604
0.0007324665969451405,-0.00037005562536680803,-0.003050864482159514,-2.34781615547687,-0.014585746390078683,0.006752523116771561
2.660532577223663,0.002666009370357949,-0.0031418565381838128,-0.009421129223271839,-1.1348007571864709,0.03583010728392999
-2.4676478646955298,-3.156949236605667,-0.0016774825068888138,0.0006044511295953195,0.0005593118043597553,-0.018052408840449563
0.9745878219297427,0.12735100481941208,2.19621876165478,-0.005510924681298213,-0.004742220811097428,0.04624986883935733
-0.002014449224928076,-0.001210846559916547,0.0025401068794581438,0.02073679749532091,0.21365320207828326,-1.902337570539988
-0.0033916014275755905,-0.0031595003493552556,0.0012190659484649577,0.018892359995734867,0.873730254286135,-2.761171772110808
-0.051377194408756766,-0.020217912154126105,-0.0033623567944600762,-0.0008486697681631604,0.0012583019706135681,-0.029075864997479137
-0.2837580933521529,-0.0290708528441698,-1.6355603946652906,0.0025700774525361236,0.006752287606997966,-0.02890890362035021
0.0018256742693840144,0.0022509073984237566,-0.003366824161511602,-1.0253988021136007,-0.030510159954874563,2.9588324902453955
-0.0009204135177672706,-0.037153954042675456,-1.1724278250851534,-0.005250594232928285,-0.0016709971819170407,-0.004143062715821162
-0.0002704939908984072,2.9853130263588845,0.016306357077902855,0.009935296454021431,0.004366617186027468,-0.008648911985334615
-0.00022781470877862025,5.919979545010567e-05,0.002241107983545605,0.023186361945881542,0.9330866383458135,-0.012288853663206076
0.00013365272900660628,3.7676041207450934,1.28744199904051,0.014067674659716145,0.0035621704953791335,-0.004045074606014665
0.9007357547586005,0.03403489261274955,1.9416844973610736,-0.002755789448316559,-0.003931134201971063,0.04531498745811863
-6.236859399179497e-05,0.002026098130089393,0.009550429729889688,0.71946845227823,0.028848871761100698,-0.00757681035992165
-0.0017808940222577164,-0.007393492660899252,2.357741290635841,0.053297569381342225,0.003046506778417244,-0.017650997669350507
-0.06518639554479766,-3.194501664782273,0.003417551873652131,0.014483405588342269,0.012046689357497422,-0.6496165531222791
0.30585273612347735,0.01614501157957478,1.5237835571820706,-0.0007773906211905879,-0.006969162081737114,0.021139469824962946
0.015320021019801948,0.017120791616440107,0.004090151032886543,0.0010805365456426214,-1.9109826111158164,0.13337828977438276
-0.0036391655468776306,-0.004750159374563106,2.2268719617508674,0.07211661020903692,0.009452243783791989,-0.01968166295982223
-1.4725904981065392,0.004226828535448281,0.0003594946489141977,0.0015980091057844897,0.8013979787314665,-0.007032932634448402
-0.8872558924643246,-0.0017800156649674561,-1.8987880381768059,-0.007500044471773826,0.01065665044300655,-0.007271208171019741
0.17817377534625495,0.01716845153337111,0.005168925283045345,0.0017353204745560735,-1.5223290747608185,0.10370903213194615
0.002380498815834963,0.0021712626027487313,-0.00016150130315635905,-2.4925402731321293,-0.03031766354991617,0.01752674659642022
-0.0024365943349498533,-0.03348206320777437,-4.1276586470550685,0.0045500132935346604,0.000630321133508699,-0.015284826363495013
2.0440328251086076e-05,-0.004163762318710643,-0.005467541891657185,-2.5556393401913358,-0.8189455852832263,0.0005740199883453867
0.004447566806214392,0.01209972479611468,0.1181503114678637,5.359453756758873,-0.00034663522362563426,0.016751262485063617
0.0002708536666356543,0.0024099856257998723,-1.4167963274150865,-0.020835515671687538,-0.0020095830008702823,0.007764579104682938
-0.0029076028137015528,5.041327936822866,-0.0027310019254539026,-0.0028705536509629793,0.0003673477929859191,0.0063644398541713165
0.000876924371980233,0.007240653907146387,0.008503908206393065,0.015109246618112485,0.006089458847671475,-0.0019545823276523083
-0.00048420856084846757,-0.0011411646065497415,-0.013783403725230698,-0.34631944044188884,-0.00841552707171928,0.010538970087373482
2.273310010117299,0.0017483033758389844,0.6240886222627483,0.06071012632179856,0.0040576339278811805,-0.01823260483520761
0.0014395899235231347,0.001324331136787708,-0.0016001895675516334,-0.034734140172180517,-0.5638416382257277,0.03310041093349146
0.00010233396098306008,-0.001675856202838305,1.323107792661971,1.2631828404286942,0.002175773150222178,-0.00932536950783823
0.0018831355663982488,-0.001761148192567348,-0.002327739859307231,-0.009264832896791194,-0.013385005384900811,5.473973631683458
0.0010087339554909244,-0.0015623093824200392,-0.0023240095673564966,-0.012981300908874407,-0.30342889302818626,0.010107243788425323
0.018768417526138267,0.0041486613620824,0.0004002173806313496,-0.0014289183013417766,-0.0030605390681130735,4.731986275688251
-0.004598886581758394,11.448520776452295,0.003986944127349215,0.004669360187798316,0.005236717438678653,-0.015665382272610495
-0.0022079119692667544,0.0001625705611343033,1.3433130449287276,0.023212128704444307,0.012046104383914156,-0.010726783279442742
3.1601389850529538,0.039071626895018446,0.5246229585924833,0.0250370152263638,0.011624696064759021,-0.0005427750338922177
0.0009191278278165259,-0.0008499404818843159,-0.0033792585489457495,-1.7233059557494412,-0.02762345147658209,0.008145444511516418
0.07391989135088652,0.008306746460516165,2.2670079313778455,-0.0011717637809882664,-0.018153635786478283,0.018379247797723687
2.541495569482252,0.026000469964702125,0.0010721135245028682,-0.01231685456163889,-3.7053890100401095,0.06239917765290981
0.006760297757709288,4.187359379103991,0.016144849108932786,0.006553677127764633,0.0005627073761221155,-0.0014243421744418033
0.0003543986467294714,-0.00031790955438403337,-0.004777359780672598,-1.800837850941461,-0.011404857630114073,0.0073361257809429585
-0.004309872413430019,-0.02467199150005439,-0.6301819917809013,-6.775396296229625,-0.0007664390640773776,-0.017918672027403132
-4.390064137065819,-0.005376920309548082,-0.053370498907160016,-0.25776798387480726,-0.00903204139616694,0.07447118117671181
1.3820846720606432,0.061902790298061165,1.1529917966265337,0.0046963140065785225,0.001446132644000304,0.02956783074354169
0.0008444957795597672,0.006139590804528472,-0.0032006833360631263,-1.2700249580824725,-0.005241942021128543,2.8399271527080003
-2.873229753278439e-05,-0.0019439227999388138,0.003157933076119005,1.2900142123225533,0.002598261079259169,-0.012916543564155706
-0.000307504578297757,0.001448352391137886,-1.8419979131341657,-2.738414560917274,-0.0023093790676034552,0.008572862457269128
2.1864781922833787,1.7630763113524837,1.3077791864040604,0.013014419649936548,0.0034428717300213213,0.02250945735889376
2.13069802513,0.005123285887099302,0.0005567156197116563,-0.00034223835419563975,-0.0017776874393291286,9.200002937928453
-0.0005529547109095507,-0.003813119569752242,0.0018688700485652195,1.8203732231899736,0.003079761823491354,-0.016417884276310864
0.0017248465832858154,0.0022573746843219562,0.007286453214453981,5.04061123975979,-0.0008535686147196044,0.003491368640631265
2.7435551697033852e-05,-0.002553688976666825,-0.0039037166609113007,-0.0348261943987751,-0.5005901545596017,0.006714566235468088
-0.005664474834181111,-0.9777474400607229,-0.0042199982214953975,-0.0012514767167855021,-0.00022350901666671783,-0.012040878596588218
0.008456701316392933,0.013662062996277638,1.558786864905969,-0.0004755522134390622,-0.002734488114360825,0.013335646567838425
0.4270014667429621,0.0038776403744613082,0.0004074235479231208,-0.0021003874253124758,-0.0036039553587496787,0.03396366295530687
0.011383492440610644,1.6716892153700578,0.0011067981514551496,-0.0014045724659661188,-0.0017159310838671434,0.02168961448455973
0.003358997886330112,6.475451728996191,0.004803072785791622,0.003067564123581272,0.000269545337034576,-0.00033477542593476906
-0.047929071300242376,-0.0806958593301621,-0.013826415743044064,-0.020352952499690186,-0.007524001251479284,-21.013462500342715
-0.8837849107001936,-2.001585864244033,-6.085703989505821,0.023055770859766955,0.017611622622418888,-0.3106890171651271
-0.001494829700675162,6.739575473048132,0.0016742601965948824,0.0021282538449423766,0.0015177509504097346,-0.0043289517443370895
-0.0038202289419038,-2.1888284933175512,-2.3622309360699894,-0.04156799319966087,-3.760238258168029,-0.008981779206727991
-0.08769341387941343,-0.005499106538263965,-0.0029789400330244575,0.0023842563074147893,1.6059026722821383,-9.411569942026858
0.0019892598153785426,0.008123380022414209,0.7754287032131333,3.1000597390542577,0.002366711693784442,0.004278133572153023
1.414348719593135,2.6120969576684976,0.0008367719984180787,-0.002104884007174627,-0.001657197221326456,0.025854073828487534
0.013483819424927958,0.6189322239297866,0.002431006074308021,6.470515276860243e-05,-0.001069341920361698,0.025134013483690845
0.0011501821447436457,0.00021029882185821764,-0.0015011168939508377,-0.006327009825275265,-0.0048303205993517895,0.012596569387105017
0.0005431100491427343,-3.4015062540343344,0.02733292791608556,0.022774243922235562,0.0027372779737829802,-0.03561650073183911
1.2575286288722212,0.0060737713354773425,0.12757711791547158,0.023623734750156805,0.003163200594443284,-0.009452134409218521
-0.004524143636542504,-0.002253578942368909,0.0014075981327782909,0.014224733445267122,0.06418471603613413,-0.8371064671081768
-0.0010137508735306826,-0.003193914666884949,-0.0031779463729190247,-0.012453460028822704,-0.007753789547893193,6.747249452211785
-0.0027517265440166203,-1.2106622721996092,-3.7398682983517966,0.005749657697229349,-2.7559302225839404,-0.02767977153648432
-0.017702069770352866,-0.007098624641333567,-0.0007813095187744524,0.0004752028436836458,0.0014711941336563433,-4.654042674025417
0.007570721808996955,2.5538321152946524,-0.0010368697922208958,-0.009223051993656223,-0.0046130751521138505,4.002780237382378
0.3824871659167608,0.007670222321397945,0.0018132332297173767,-0.004278549113192365,-0.8936325618047969,0.19351404377774228
0.001124867590885259,0.01027386475488612,3.8616585992878,7.451883386153803,0.0018048830741937336,0.0024160623439319073
0.00040484786172598235,0.005493437383180961,0.0037615964923751683,0.006187229861149403,0.005042214858095269,-0.0011135853837785307
-0.002786956918933482,-1.3404031306613804,-0.614795715432629,-0.00888502415120368,-0.0012989545174982532,-0.003246025536145912
-0.0008387734660508841,0.005039568257654497,-0.7017625932155314,-0.13656916603719,-0.001391586973999953,0.01226239721050448
0.003194715131710269,-1.561590086052267,-0.003924430475179575,-0.005410399540654153,-0.012556296749873751,0.005875492728837927
0.0006177373734895621,-0.043218691127013424,-3.414247505065222,-0.003111209397987702,-0.0025439692235223973,-0.0034492071473490177
-0.0032122865321859064,-0.02422644574925809,4.113319271721209,0.021220951712609903,0.0043907361996241385,-0.02792865712657352
-2.0631283984319135,-0.01685640206624974,-0.7649247792503493,-0.017529749547511048,-0.004707685492474419,-0.002923014942707136
-1.905144593141309,-0.004561759200107326,3.9598841586093196e-05,0.0014107796287021173,0.0013258803548541627,-0.01790912904364006
0.0004455555604605949,0.0019319566987773314,1.6781945595653773,0.007128885003779478,0.001062226303975183,-0.0019079913738869695
0.002773651920380149,-0.003816290219599311,-0.0015401559259474278,-0.0047930414249080806,-0.005569415615641601,19.716319088809684
0.26958744949594654,0.0013078028689559413,2.90508856298057,-0.0038854689075129567,-0.0594694138650327,0.014801599885091374
0.0005993434878600263,0.019023151490701683,0.8363827571827618,0.7966598797959143,0.7974143118159261,0.0014470211522665324
-0.0004040728222828279,-2.9926022774686603,5.051355297568051,0.04086035157163903,0.0007784898991610609,-0.01516556722374036
0.002878774143953145,0.0011900957431463248,-1.5550312782648101,-0.04403772270867157,-0.0133099643244754,0.014172295438354859
0.008308994341631692,0.5703761426699372,1.558061041669064,-0.0022567598044144904,-0.0016006263368903884,0.026661872835476434
0.0007158033855579564,5.651289819959077,0.0639140571152646,0.03626386652504443,1.1280430755441242,-0.013907452930350006
0.0005951237747717249,0.003638482545857557,0.00016440481100222614,-0.0008639538223716906,-0.00016213950255743894,0.006967875991017078
-1.5469348818295274,-0.01389890927257513,-1.2693144550152575,-0.010473109183174678,4.971933488610576e-05,-0.009755928896020533
0.0019133456945862,0.012055229207604493,0.1280913184467613,2.130643316938471,0.0072560970245394985,0.006314010275075246
-0.2648914177679153,-3.3695536244115694,-1.4499870031524928,-0.0035833828417892732,0.004894385261127608,-0.02686454658753401
0.006749948416338525,0.02904505638893755,0.0023262822060736393,0.002705040595074682,0.002309408022872765,6.913506862842221
-0.0009781743100303,-0.12451498605626224,-1.3572933907223055,-0.0034408660532650737,-0.0017073487733847562,-0.006290485531008333
1.1526427996416344,3.2903490140582328,-0.0018475599417180967,-0.006090640485625215,-0.004994519039319275,0.06702651237925694
-0.0040649485900443455,-0.005072414423556601,0.0005670924425435694,1.0540259948858948,0.4167950004662743,-0.11953774067218764
-0.0026652622003125494,-0.011078276625613403,-0.35962154683988534,-2.9914329554879906,-0.0019143181102813907,-0.00815626312328463
-0.004366581562710516,-0.02740787307164501,-4.524351367793595,0.005484356480611963,0.0021203500332069728,-0.019781347209610917
-0.0014055839198117148,-0.005898459693499704,0.0011694500877405187,1.4533965185448938,1.8117838320355093,-0.04303071826699337
0.3648502583676705,4.275978353967428,0.013871851245380436,0.013817095931278223,-5.648459333252179,0.8795389216706724
-0.0014756148187427516,-0.6474083656706836,-0.16234375288585004,-0.008527220171228301,-0.004977148684973934,-0.0017655506859483097
0.008161810105291375,0.4921830207584461,1.953502626012507,0.0014207825983472144,3.2197683863805087,0.02765512101698131
-0.5758821623131143,-0.010340013348531133,-0.0007524234161907562,0.0010729827503742225,0.0021073961032613353,-0.031222067704130343
2.2366707424431946,0.0795122481245001,1.36222089080281,0.01180602512683021,0.003368186727792307,0.022923035955080107
0.0049179270272582815,0.1712887634755822,-5.708660858550821,-0.6365725214460394,-0.005361372903211296,0.09231785156635126
0.0037159092171524604,-2.064003981891908,-1.1165424904345,-0.030280489736196792,-0.08571753929264204,0.01067380496218985
-0.07838758192075987,-0.014471850472775927,-0.0042680568202633565,-0.0009601010554674064,1.2853901337655855,-0.1782231615090173
0.0016939042189386088,0.008222562353839884,0.031990116629601884,2.5470778801328944,0.004769846679695111,0.00550689986335615
0.6462855221102185,0.7699882104521758,0.18976564900123777,0.00814141093147621,0.0018484303746963387,0.008299708460701424
0.014010390951006955,0.017254584393253048,2.2573808302214893,-0.005173274337304246,-0.004766023824149064,0.02327357914203268
-0.00841348754737069,-0.005898378378742905,-0.0010691273768927538,0.0010992568924182518,0.002764984154614504,-0.025435585673172872
-0.00016078746267277283,-0.0012676812261104918,0.001585303845260202,0.022604360332254964,1.7486096829710083,-0.01479684495487131
-0.0010017928092622697,-0.00293266382204678,-0.0016607302948064115,-0.004934560058792508,-0.0030783540329355624,16.284252618484082
4.979129088644729e-05,-0.023824481612132464,-1.920263298745624,-9.406983851363833,-0.09234459364873401,-0.012097198289419908
0.5159720413459848,0.2696536345859723,0.005074188748782252,0.0022584811695752632,0.00018534018796515243,0.01690483121946139
0.5866576916990514,0.009305508100111373,0.0034647361258627134,0.0007537286801072018,-1.290016742992204,0.03419835999424925
0.005558029210965821,0.022524104971758524,0.008678164080858678,0.005609916667941864,0.0008278929562694691,0.008749431413193103
-0.0003472789688283366,0.0013813040722164913,-0.0045032563017069135,-1.6576332354889685,-0.0023043217398620707,0.008462440986210424
0.040528892615646066,0.710640594790414,0.005028738916137336,0.0012796658535479239,-0.0006636144144468279,0.0191530976244488
-0.004576613010300438,-3.0929355635632945,0.006233930841576689,0.021499544653794694,0.008424508421087551,-2.0158416527575405
0.00035265321776204936,1.7052842235804209,-0.0014016002932402544,-4.216879821344556,0.00029728863318757143,0.07392677951330617
0.004860625261463033,0.00045529545262321607,0.0001613047511954177,-0.001888289936905483,-0.00612157427211352,0.010909398889244965
0.5817604933216951,3.3206498288759083,0.002721219678429381,0.0004277563584818671,-0.0015148300226609003,0.012730562895404057
-0.0025162284485278994,-0.3776180822033576,-2.8406314721985715,0.002678452776237905,0.0003913003694974794,-0.01875302823074443
0.0004421421109372768,0.005511232381443202,-3.463058042367534,-0.00857829352286521,-0.0010421946417239723,0.00829223412394595
0.0006377040931731032,-0.0011655839643017767,-0.0019414688811850208,-0.006704829641778284,-0.0045365446063931085,0.007983958479706968
-0.7230349054151082,-0.003934653946700785,-0.00042824463747677226,0.0035759584815019223,0.0024639182383645597,-4.647233275801252
1.3696670157570752,-0.019167534504940364,-0.0007268693730414901,-0.002106033215555088,-0.5951738270388727,0.0041050061488137335
0.2176081733062771,0.01272340613925126,0.0014737938041168774,-0.0007638904972488078,-0.002227448936989983,0.04489247797188067
-0.001954676363367438,-0.003226865393494653,-0.00035264334625690025,0.006387881736633794,1.8358962988154033,-0.022775266918866152
0.000993934426165985,0.0036158024587093955,0.004103505383241546,0.018659455808790346,1.095423164123085,0.000695094654632418
-3.536973167041365e-05,0.005022509711708613,-1.1566564554982346,-0.024074696968116455,-0.0017077288666807941,0.010950538855667016
-0.010883193393858237,0.013544250825540755,0.004277841098114838,0.01686466864681372,0.03099239968218212,-20.32468507365551
0.005695997929122016,0.6356365832844306,0.08003564073954539,0.007118490923584023,0.0015048079305969243,0.005417212213770353
0.00025295864802902916,0.003434777029935366,0.0022859802261736067,0.010835476271020064,1.0652420278461634,1.34626762649942e-05
0.006971935094247256,2.7362262761815894,1.0152707202596687,0.005600790964173097,-0.00020050032504723988,0.009563677154572847
1.0364198160166238,0.00531811018177425,0.0011979816339348782,-8.938347485605829e-06,-0.0009181581302902912,0.014088995649401803
-9.810355428503926e-05,-0.0006850845917580344,-0.0003498905204559048,-0.0006773935974673921,-0.00033280769760212696,8.81501194118202e-05
-1.0836570100367042,-4.262852445271287,0.0036152584899549964,0.010411891940336537,0.009025514896495331,-0.07230114531442278
-0.0038537052195514554,4.669067694267841,0.6298910784291304,0.032079731302592174,0.029016359370998855,-0.023063644321763555
0.0016438260137396348,2.85004687112855,0.00781823843793421,0.004950996465677617,0.0015513977707815282,-0.001970929394651183
-0.00021318666470672258,2.075624786912021,1.4473802621232057,0.015752677293023154,0.0036427281600111797,-0.0009334044826444926
0.0004992041885828469,0.012073914060574564,-2.579573797979508,-2.056030513150951,-0.0019672122625771777,0.020129226899120122
-0.0013604149752395457,-1.106689971831956,-0.00011219814239599751,0.0018346358866854259,0.0002658069383128587,-0.01766425413499406
0.001651939279952989,-0.03977917529582694,-1.820311789371936,-0.0059002710633033195,-0.010041962603613255,0.0002118962708159422
0.007780758396489461,0.8888584446554869,0.008802948310846744,0.002862385342536935,0.0005339680865565245,0.009403646630395258
0.23204674690519472,0.003631031967861196,0.00020886496033692794,-0.002751988134674781,-0.008604214939453507,0.03732733833779313
-0.0024271322064714777,-0.5139970089801043,-0.4088328840950745,-0.007817623158238647,-0.002042154208750653,-0.0045743748980398135
0.0018353989747557776,0.011076679223955823,0.25792476005219866,0.03073522577400925,0.6161652031813162,0.0029124866185049475
0.0026647249968344533,2.3350242102705763,-0.0009243672104148211,-0.0037196617886384783,-0.0013113925686981049,0.02199947642625283
-0.007136066026040456,-0.0077776126903009845,2.574778554690198,0.0636509932406516,0.08990604430377816,-0.029436794235930035
0.005094307643547996,0.002974771122981345,0.017246824224775525,4.893163588824419,-0.006181991447071605,0.007516398283544043
0.17005452512192992,0.03643598842555165,1.71791305061774,-0.004458815949243605,-0.006950436117665748,0.03182160386734656
-0.007437621031691762,-0.01340482144920048,-0.00315771700533795,0.0036713786113907187,3.809520628368035,-0.2023563409193625
0.0001859651774175466,-0.008246902955885971,-0.0032696510703831574,-0.010113642192830216,-0.330301309023635,0.0005932384370750162
-0.0031454367582792143,-0.00500618427929929,-1.1014365729688786,-0.004525158343016242,0.0005092771866269144,-0.0036547974992129223
0.0015001602526102205,0.0003596096185495175,-0.0022538365786970048,-0.5560352370129779,-0.3297149312291457,0.02178235545689836
0.00022695032736895298,-0.005887204010881778,-0.6261133128401843,-0.43488048485992525,-0.3300487184926942,0.004683053133612766
-0.0186196510314994,-3.148892783390262,-3.119436882088785,0.006808856029429378,0.004592380738236319,-0.06949251823209568
-0.4145200014559855,-0.05490536325922693,-0.09481320091650101,-0.007880176556064933,-0.0011448754243144508,-0.007388465547933459
2.475727046404231,0.033853278245785406,0.5541209330516206,0.027148778333676155,0.007587687595737437,0.00017834524064314072
-2.216448620532208,-0.002378452970978463,0.0017235624932097206,0.005098997415880296,1.1851752794726047,-0.026921855341591416
-0.002666990904186456,0.0017539557845010975,0.006905503466616156,2.311132960886563,0.02102605387415707,-9.96153667382951
0.17455887739252887,7.4529652180876225,-0.006474337346314414,-0.016071414440905388,-0.030679798238909768,0.17732597455506993
0.002472635161403353,-1.3745324816626192,-0.0030753979110582936,-0.0036840948719179473,-0.008413767262541725,0.0029283876586178245
-0.29173294985343373,-0.030585868247248307,-0.9518742131214004,0.0006422440904550256,0.002371823555199123,-0.02913734638899477
-0.8196985927640998,-0.005265204108204535,-0.002536374396263367,-0.0027578424307446586,0.00012245979925884498,-12.302122778851015
-0.005713938455205131,-0.0005310066498814516,0.0005043971299427803,0.004410627237965749,0.03242607451723327,-0.01920766459178043
-1.3508635282469472,-0.009752433967328588,-0.0015125306232892759,-0.0006215778005822631,0.00035569832557549023,-0.014196355964118751
-2.1835844400678277,-0.002778859910186183,-4.3629423550606804e-05,0.008520298611861599,1.9318145072795445,-0.02784778582082259
-0.0012769560760492102,-0.005107490302723054,-0.002055008567644883,-0.002147227494497564,-0.0010153857688226127,-0.003961514718859155
0.0022015936506310113,0.042458696057817234,1.3095859250035007,0.03170234985284681,1.765174899390876,0.007228519705186842
-0.0009765637321420505,7.5530938796719544,-0.0005796985828117594,-0.0005684658140431981,0.0003079774680268379,0.0023701326754687335
-0.020848981343880333,-0.8108806206535971,-0.0026617801806475988,0.0003685701446349693,0.001007795479195374,-0.03283636590712331
-0.17939732951848233,-0.006459237050047793,-0.0050384500286168935,-0.003786089470841067,1.1934878942141733,-0.027774616714487818
0.0011610737077708366,0.001520127313026504,-0.000759852031061263,-0.018176632742196275,-1.27710635529702,0.022449264563468407
0.00499707928419722,-6.812157980592125,-0.015119405017406454,-0.030710135856739706,-0.6168170845451411,0.025190916289172527
0.013513066621630475,0.08795011088675392,0.9797435316609283,0.0002873340888566653,-0.001995530502562964,0.01916062182580945
0.00021574340934914547,0.010108957455880386,0.6297312014528494,0.020331390100958947,0.0045750182017297875,-0.0020964663250440563
0.0007941387494684662,0.0022355917430318187,0.006903442591484205,2.110209952277378,1.3823837846882674,-0.001525509774842268
-0.005528776861977861,-4.2770238785862045,-0.03864075608430301,-0.0466161802534133,-2.680525221904992,0.0044075932244704435
-0.00027185328903467365,-0.01149762902246726,-2.0391680657702764,-4.967922321349352,-0.006770272012969715,-0.001593630287643949
0.47167745552188994,0.006567146752419342,-9.468939392793185e-05,-0.0035737086297332834,-0.004441708326412635,0.0968912815687207
0.0048908438958278535,0.0153533882266445,-3.8733155222920614,-0.031207123729178554,-0.00824304555055757,0.03367972110477113
0.0006472980435427581,0.0014213778464964959,-0.001077436314059682,-2.935855451854872,-0.0033638104760232842,0.008593977287614633
-0.014241752172478953,-0.2119043761553414,-2.243790159368064,0.006374355898472489,0.004079135505014868,-0.033951081654730146
0.00014977879545965655,0.007838118052108782,0.7367120255397602,0.014992005413628794,0.003958657512146634,-0.002301082747458274
0.021479225416804637,0.008390363903545944,0.002622373395579357,0.003429069779048722,0.001474910950900056,12.936349948005438
-0.0004847472090987759,0.010608895705175658,0.4858248741749478,0.028687138590273963,0.02779626023501166,-0.0043888449562768045
0.0034666596686360983,1.4983008774386404,0.00461067290123528,0.002033129444062169,0.0006242914225802169,0.006323543583718987
0.0058691222539932406,0.015421282482965037,0.0017979405643074944,-0.0063318322307182595,-3.667697391983065,1.5731032571115495
-0.0048392228566395,0.0008613440525541381,0.0011201812906822192,0.00550449278187402,0.006411698073986814,-6.934372599733459
0.000825514386676942,-1.7758159390841408,-0.004383265539350863,-0.002750723670236238,-0.8418857013219033,-0.006164121245696531
-0.0036706512184187428,-0.011411025583630906,-0.0037690222327806584,-0.002729596546528995,-0.00048499867295350276,-0.009142215286936194
-0.0002574814101917428,-0.00321416260422126,-0.0029705843122515897,-0.0060407088115319455,-0.003706367816441956,0.002899076634671274
-1.0429506397416208,-0.10803725761128047,-1.6737677665227482,0.0006106548202245432,0.00226379437394632,-0.04271345301204288
-0.00039458648045560265,0.003944859173656974,1.927832464653324,0.023863447716177877,1.4835263284845008,-0.0033432349332227287
0.000553523835499288,0.0005355788194807559,1.1940365599324676,1.2342385070058048,0.0014825973390696625,-0.005793290147970506
-0.5836604562446913,-0.004090025732449277,0.0010192098691682895,0.006381003833406685,0.00839746719297224,-0.5614625016123714
0.0003084925805569034,-0.8682243173146134,-0.017497153264261045,-4.193309721393012,-0.05701720656562316,-0.0084296721881418
-0.0019221526660682963,-0.015838908066255413,-0.8573049270245585,-0.003762533031402733,-0.0011762842018963257,-0.0053540571660233875
0.0002527022861105991,0.0012860407173551128,0.0019248768369338777,0.017604444709876127,1.6675992216206637,-0.004195921988757748
1.332746612367696,-0.0006444008288210555,-0.0005935318632270042,-0.0033678814373835526,-0.7911484778620835,0.016231103669148234
0.0006516032515816593,0.0014220909231591012,0.00012249728573820914,-0.0005796437467336508,-0.0004759877419693519,0.004118837510815801
0.002129926699207459,0.0023302971304817732,-0.001496223816949395,-1.3365779690278403,-0.048211344265005736,0.02673436454876091
-0.30512640801006036,-3.208043027205293,0.0002923902551939215,0.003335714334008956,0.004510200838258437,-0.03343359033026788
0.0003966228949023187,-0.00014653215559453476,-0.002826608685211331,-0.017632325965963074,-0.004502701362208535,0.015520308127660337
-0.0009070806537754877,-0.0061852286293653785,-0.31359062007943267,-0.07143989202845587,-0.004425080513114934,0.00315499695719338
-0.003957237834995492,2.841862786978817,-0.0019358569481711663,-0.009222368268652303,0.005409398485828998,13.478963465200525
-0.0008563376911028204,0.0016134505561933889,-0.0008003710584362012,-0.0090493028514535,3.4830266564036223,0.006605258888713772
-0.00019111617435056596,-0.00024468222667031227,0.0031485082342053924,2.5538101216214493,0.004311218828681302,-0.006051930419512401
-0.0020595798958648573,-0.024569380809761142,-0.009785613010983827,-0.016183038509924953,-0.7756403974227425,-0.009412585791792934
0.0015096325084955114,0.01564415017546896,0.031126936573243863,3.0002138893476564,0.011962948192888637,0.008087999544796776
-0.010426887871143153,0.00167389013275792,0.00045423779520477586,0.0030328500087023745,0.004998696102452682,-14.183413832785416
0.0003511049067862305,-3.738250808699373,-0.019346774421842423,-0.009873469443984963,-0.004664175650574022,0.011168423112419376
-7.495610096699967e-05,0.0045028757367843175,-0.0042085858491379136,-0.02327021432628107,-1.8068616284286505,9.310722257177325
5.114115538937087e-05,0.002212271834128107,0.005090348799970198,0.01745125189015797,0.007611825455686192,-0.008941612615716832
-0.6395134263387745,-2.6739542235990146,-1.096803016890413,-0.0047137556953800175,0.0016585016750312745,-0.026278412878824764
-0.008115887268749726,-0.003485769242992532,-0.00015485346162764262,0.0023611446531056645,0.0019616691582127095,-4.069952426481894
-0.0006430113500943607,4.2834714281275515e-05,0.0005402631407495271,0.003585444290901685,1.6041250099832596,-0.004788787090650309
0.0032481871089761827,0.956299756829676,0.028403260116685557,0.006500668108999146,0.0022667648727791984,0.0028944585324733353
0.009872444603634761,1.2456105265679376,0.41077100837606184,0.005387970205034013,0.0004348939499328258,0.00843262029450323
0.005414613952284875,0.007991015937494223,0.0042038331690985855,0.007179444248975875,-4.913207596422679,0.0235436039241817
0.007795194124506331,-0.007809616907978878,2.354852397944096,0.0044073548922347605,-0.010593125489042813,-0.00013103436173073774
-0.0012305101735579605,0.006511929869236278,0.7305925027353,0.028615419738655043,0.027697531460651813,-0.0062682614482542105
-1.902679262323855,0.0037263895720239244,0.004623787210166082,0.010665632451654219,0.014061802138183357,-0.06604157648639303
0.015287745774297097,0.6598715382745661,0.005733927913598348,0.00184662813548446,-0.00025043041118467393,0.014794233184514012
-0.0010786751978999153,-0.0019041743714649996,0.002650149497970534,1.1034609412398713,0.010617745315336368,-0.020504056283515162
0.7847409004764203,0.0008792897845202033,-0.0026641298861751986,-0.014437539579130514,-0.06207230288163371,0.4441095291931313
-0.047979462662638084,0.0014776590624956398,0.0013317587532506703,0.007748797464704858,0.05239143715742431,-8.166185421249128
0.0003070069253293554,0.002784618689044052,0.006783308435413103,1.693446801671813,0.005914220563381731,-0.002305301107504775
-3.610404368212158,-0.006972512323179917,0.006769412055151081,5.880501812613392,0.49607392060267025,-0.3497000277720641
-0.0016518887006248678,-0.0012901828815442412,0.0007564088105455058,5.1527873276585865,1.0951573458188293,-0.00946756710906349
0.0012171385612222549,-0.00306401815111664,-0.6583276051023048,-0.12481173004000429,-0.027023972139827795,0.008843809014458956
-0.06020377866617523,-0.009695314544123057,-0.0032088443643550073,-0.00010689529182301982,0.9346588891435268,-0.09348844706458845
-0.009582932522736735,-0.016017317550244832,-0.0032056542723360674,0.00469613029396132,3.297712259331398,-0.7761574579000472
0.016374335698652532,0.7262853690950067,0.0006500353159723481,-0.0033997136397183616,-0.0023206493550494856,0.568158043263969
0.0016075917073441394,-0.0023519449092859867,2.7645671237173834,0.004305618749845114,-0.0008743823624370191,-0.0015581609139285087
-0.00687737798171623,-0.0019912202849633343,0.0006918037408453889,0.004991077751177633,0.0065483160755672384,-2.943110762320745
-0.000899118928540834,0.004339940744231757,1.123470288107986,0.017102823929746477,0.005388660608252195,-0.005330235336916439
-0.0007313915415859636,-0.007723015002526295,-0.04822587236490228,-1.3539836310597466,-0.2763981408820467,-0.00032361543133374235
-0.008290552777333558,-0.007181938708556471,3.4247183224695985,0.04580772423139279,0.07584098530293505,-0.03093038117989503
-0.0005831801965907941,-0.0044704655832447085,-0.01745315107552369,-0.2201692296079506,-0.011868763183131237,0.005212151699479831
-0.005776988938800659,-2.8928135119595684,0.0001561282083142948,0.006100841064695828,0.0038827950912916354,-7.188817146017767
0.003926582359481462,0.06775756559506955,0.013302090001584188,0.012312854972295895,1.283746297817044,0.020899365031124224
-0.0003379358682956823,0.004451022493244952,0.003049023170774076,0.00835173226244113,0.007956890796306924,-0.004378413858926049
-0.06560911182137583,-0.012624611419634751,-1.7459253300080444,0.003749560907218369,0.008558845971984834,-0.02178471109335532
2.685382035765674,-0.0007278427939008765,9.427333190735866e-05,-0.0006563111862447329,-0.0012036703362826894,0.006647330779350702
-0.0019247964610306682,0.0038036769987937805,0.001454329056401043,0.004224631758846099,0.08212832012525208,-0.004939811371808066
-0.15858291412966358,-0.004856008150787283,-0.0004542534640943493,0.002653078900689501,0.006788780321713126,-0.04392917547270083
-2.252319060771184e-05,-0.00470912805896814,-0.6587427298779786,-0.03030398712310685,-0.0045270057779617885,0.004298216894537819
0.00032100956796259246,-0.0005843715220560217,0.6884367884805104,0.0494615862295516,0.002690767671527067,-0.008193447369663398
1.5993431572232326,0.011911833104590366,-0.00023428653571201788,-0.007545662902320699,-1.45880883503894,0.08040823554794485
-2.4449072502407194,0.007285365540147929,-0.00015066101447340727,-0.0005751543344831231,0.0016285376647281096,0.009637061883478015
-1.1831205135410503,-3.5281085865580373,-0.08844469806850504,-0.012591452730305583,-0.003611492065742932,0.0038171391079157013
-0.0008772891852241913,-0.012213944669273964,-1.8752809609653611,-0.004051903672708787,-0.000776457225178437,-0.0028922031452510814
-0.004488429840026727,-5.556001326065535,-0.08510762239057285,-0.3064534469038991,-2.113585256824781,0.014557020142935223
0.017601075095974663,2.646171665815084,0.0655353440638555,0.008400528117348049,0.0007490743526813983,0.0013356384136089805
-0.004828388770899729,-0.3974398630747586,-0.002078125924751492,-0.0003132169526659824,-0.0009967207743502519,-3.2403510622169915
-0.0033266606452009187,-1.1631184391007758,-0.005773508829091109,-0.004703923700113438,-2.5403810345354554,-0.020043322166833244
-0.2250030838988489,-5.937573768571686,-0.8475392063052948,-0.006703144591464677,0.0022934557783787124,-0.013364953694142867
0.02165569274439677,0.019078788888004003,0.003182136296367328,0.005067537916277522,0.001949657780657206,10.037425353063924
-0.007123516968037873,-5.800526100942545,-0.001968834994804591,-8.142083491567004e-05,0.0010923086627221113,-0.00806959466734486
-0.006890611764625478,-0.005013288582962374,-3.054945142250336,0.004258480524388097,0.0035994940513341986,-0.01313803327375243
0.06491832242692153,1.580544201527133,0.0015257763955817735,-0.0008407889018493611,-0.001636206305676735,4.262451933093368
1.3885034756022894,0.0015662146363378576,-0.0019950358150359446,-0.005978144413073828,-0.005460964104942373,0.07268357475487369
-0.028073926705656036,-0.040266850793418706,-0.0030885473231282014,-0.0005625840889305046,0.001123788413295024,-0.03897101866845945
-2.2011653343062028,-0.009383098116967635,-0.788039335299497,-0.03506126623716416,-0.003837136075378802,0.00420020654767006
0.008811250974899038,4.578224117013471,0.5668617543656731,0.008671788183849047,0.0003609842828291445,0.0019148518988018615
1.4795521177337763,0.002909883328077934,0.0050462786335147836,0.006002360957584732,0.0007166918156517852,-0.0032022134891309534
0.8887747791685761,0.006797670553332374,-0.0003999306441339306,-0.0031758333990600613,-0.0031393096926290638,0.06328768782846472
-1.00141865362013,-0.0009486961753820858,-0.009076844707947224,-0.00950447591565126,-0.0006889017168015731,0.00653693467672771
-0.2947604313380955,-0.009527407325809227,-0.0008666693717411696,0.0014233218594046654,0.0031215916131981146,-0.04392372238503867
0.0005312844705772677,-2.209559827734969,-0.002291236512529995,-0.001766379183619049,-1.9770939514629082,-0.012870835957817767
0.006062223052496315,3.815412224087696,-0.000550998048053284,-0.002798125166151834,-0.002078124691642502,0.017937611772499362
-1.2145992733948001,-0.0009113287896536616,-1.3834844675278282,-0.013866847855253828,0.004065311645040076,-0.0007022484173477422
0.4076171772319231,9.421369449214732,-0.00915480284276456,-0.02808748312301973,-0.10783262222548455,0.4451846121782683
-0.014205986775777907,-9.879855429445836,-0.004722442783498026,-0.0017338671755708218,0.0012358415987487326,-0.005694831499393205
-0.0007256380895213122,-0.0015816888994773632,0.0020343310845895163,0.08289693229188899,0.8945958744136586,-0.03323742212187837
-0.8011761816146504,-0.010540388937146514,-0.0014673897011852676,0.009178975166568307,1.1992193004081364,-0.15875125469739892
-0.0015533372157752537,-0.0029584603862680033,-0.004373828235226374,-0.03324893388742577,-0.007451560498292337,4.996174343314994
-0.0014828841245490914,-0.005945613164041053,-0.0029014655012653532,-0.00318905479001893,-0.0014462662287256017,-0.0035703794617587873
-0.0017472055911662335,-0.004488765608113158,-0.21107909849916753,-0.04021794419082469,-0.0028497598129289775,0.0024194093014306356
-1.4165154145675778,-2.6314631645207753,-0.003514573671489854,-0.0011979275452051984,0.00022084908877414744,-0.012130143246553704
-0.0006966571134680022,-0.008682690336967098,-0.2988735952995896,-0.0396907795724068,-0.006524375687363209,0.002578899608951671
-0.0017841276807457063,-0.004065111207677774,2.637013587605116,2.7914278590840844,0.006945198331029411,-0.02109556067648652
-0.0016263574838073557,0.0028551360628638624,0.0012179951780087927,0.004550489245034839,0.28567504324768583,-0.004598794428618368
-0.0004551623044807432,-0.012753828763234129,-0.0022660666158393124,-0.003260711711124617,-0.8598085686509068,-0.010200756120756192
0.0001139479866067323,-0.0013084208334236804,-0.6978074400985179,-0.027803762233452656,-0.004464532984888257,0.006235100429289529
0.005021498800341322,0.0017217275828362187,-3.010931201948761,-0.06177149285929007,-0.675984921202051,0.015893979385868735
0.0034950907996070465,0.005637328026675167,-0.0005410330204966163,-1.3803234150478028,-0.11601535607643679,0.08336281813722587
-0.003385895943657362,-0.002914921671162458,-0.6124796150328244,-0.008235211901194337,-9.009419096154543e-05,-0.0012518776094006473
2.8744628506907044,0.025106921069336468,0.9569788553075635,0.01565458573045886,0.008145115387401935,0.008612260380524872
0.00581897345373588,-8.121956053158419,-0.009676774297700733,-0.017607305297045017,-0.7309668738517979,0.035186928023970165
0.002535505071324823,0.0073083754724628715,1.1131319195121208,0.079537948587028,2.076478177766566,-9.63527208458631e-05
0.006548941497365227,0.024119368063784268,0.24414576779394873,0.00747459493728133,0.0005983530415791367,0.007148057486017984
0.0001847579187207002,-0.003942027322147748,-0.844453266371069,-0.02019814428392154,-0.0040647090023972765,0.004399731816697441
-0.00252245847602914,0.0006072007457132785,1.2607448971170578,0.06532594679328413,0.016079800818849826,-0.013085875249015276
-0.0020721070902496863,-4.3850257868127684e-05,0.001295328815429847,5.021705131953606,0.08684937110779706,-0.007689279679118768
1.1122277509304164,0.006287247425919603,0.0024204507710744658,0.002910373389126003,-0.00045617879454208643,13.068313671808696
-0.00206405964926402,8.490179083888094,2.796970906637194,0.020875447659501223,1.9864495803197757,-0.009668856059948494
-1.6633986933111562,0.0027723378540975905,0.002706461959233726,0.006303449108489826,0.0076777871293602406,-0.031450100902326666
-0.0015072414512143917,-0.007223842376844702,-2.2717326838999483,-7.0013409146862315,-0.0032173051749544344,-0.0018588914031088533
0.008922699211006635,2.059233348511561,0.0037370523083132615,0.0017134245532285375,0.0017531831919383734,9.891192757458358
1.102503433350409,0.03777068144542862,0.0008895231965839324,-0.0009684200054887277,-0.0008109338078302001,0.037889571218658796
-0.00400197364022474,-0.008019110697065027,-0.034515379794872764,-1.1228358846823845,-1.9759600200856158,-0.007358711901358964
0.6070526294188141,0.024269238644448125,0.0006228733988143149,-0.0020401236601573724,-0.001850768422722512,0.13367847239673977
0.0004640904017755472,-0.031267421206342905,1.5104417554707217,1.5945445823339437,0.0007840798985932672,-0.01817950073112588
-0.01948466758745246,-0.004237539276671573,-0.001515733155686384,-0.001368425797540367,0.00019170560265945394,-11.027144767405815
0.0008534286096523469,-3.4208473119590614,-0.1167533686959644,-0.02888528606946862,-0.006945569859066445,0.01634313060139883
-0.0030916174998869422,-3.1038623501446163,-0.1031315240399587,-0.03816207998579768,-1.7057864403921583,0.0018598294245320897
-0.0006937242973290186,-0.006339852402609336,-0.004850425341485752,-0.009654182392760639,-0.00442734485475974,0.0015035249151180252
-2.7424710787159884e-05,-0.005421264955938608,-0.009192270364204266,-2.2987354712390653,-0.5938755950854566,0.0004967055977666349
-0.0009347403681402569,-0.0018169423123116815,1.3678125799746532,0.01664699700342187,0.0037884081972975395,-0.009086561842260664
0.036446660552638954,0.0017785369021797346,2.8039134450956666,-0.0036449000682145516,-0.026129758492665783,0.012021398085615517
-0.009337979230735191,-0.006428401560138238,-0.002243237151593958,9.886936594206974e-05,1.0700503281918283,-0.039473025758552036
0.006837107264637387,0.008520193293801546,2.265791500112832,-0.0017791597449289542,-0.0033516741154199247,0.011926416322284104
-0.0002626514949499656,0.014678680989024409,0.8297491549427904,1.1297853185329778,0.012630618282166902,-0.0009788542145258666
-0.01465478778558616,-0.008714746315255888,-1.5300625479304586,0.0014959858070014292,0.004192818273493225,-0.014842322266335417
-0.45713293548515355,-0.0147932992862787,-0.22784369897477294,-0.009760974733714132,-0.0007139205723047242,-0.00518193826713852
4.8330011949214144,-1.637417797931382,0.05283844481935268,1.6835515900945999,0.004167288220193798,-0.3858482050670613
0.0033977572036545077,-2.412634569400965,-3.993297234748627,-0.011365810809137344,-0.00888764626502402,0.0026627335783955264
0.042015024096551015,0.03292070302503022,1.074971822882641,-0.0009927002039532631,-0.003628627012559124,0.022633492872928495
-0.0030197061021343535,-0.006383089222540522,-0.00847833923268606,-0.0474247228518051,-0.631127114844088,11.015624392696154
0.021890303811274076,-0.00019847445737595712,-0.0009236328896879656,-0.004592703641794298,-0.021825236672053522,6.814556425416878
-0.0010274882831040916,-3.616183227902459,-0.8420390924412116,-0.012191774982628745,-0.0028963178800502174,0.0038011571156594537
0.010164362917742212,0.014476017745791346,0.0019703255068026105,0.0016571683959185392,0.0012992130344446403,7.034936648465277
1.0671405324355845,0.07399678753410119,0.003184742992298405,0.0013810342511120497,0.0005613643150189038,0.022206730293540644
1.7419788567330745,0.1194670897874221,1.00859347511196,0.008534996700453407,0.0031933609896402366,0.02015804685218614
-0.00020944688641061837,-1.0187907970268788,-2.2631165360956063,-0.004471638761604613,-0.002507050121809455,-0.007095557071332845
-0.00031501656164787176,-0.0012157123721789776,0.0026535615247576354,2.224481996937638,0.0038869627126805533,-0.008430967482189931
-0.5645105222621791,-0.0003353863389783104,0.0014813509645548598,0.006667600684995158,0.03299155456565256,-0.04555871342321046
0.006294795842306562,-0.9467509411152959,-0.000954677584307107,-0.0013278832159988952,-0.01724634353153104,-0.00021655715673354198
0.10054554925374096,2.2616307421681965,1.1996792743651172,0.0011127527306078189,-0.003544887923943786,0.03744958208295179
0.006059188399145783,0.01851122276860073,0.013317391038803857,0.018674394426390517,2.5812994560657248,0.022857814673694632
-0.1746195298732296,-3.1074913638243435,-3.399412785076475,0.012120240169623764,0.011843180244360691,-0.11075974145587497
0.008871743614769612,0.06757187931856104,0.4186178217337169,0.004762362110950732,-0.00010232347795211281,0.011337420113004752
-0.03856590913627525,-0.0033317651624445604,-4.262096332765774,0.008994252595378449,0.02769583332716864,-0.018516843172278863
-0.0006268616678740464,-2.2379149789684076,-0.0011502143399512459,-0.00011542944263458546,-0.0006271548749392161,-0.00592909923623184
0.11024148497626785,0.009425584193069186,0.0024345216339277456,0.002567343053658062,1.1443307343816933e-05,6.852860736019876
-0.0021139492199985233,-0.0027734472463839532,3.836977018965351,1.0177680471715718,3.746342949159932,-0.017777064172295687
0.0026377199700072444,5.188766317621546,0.0037799917880908455,0.0027466407524584513,0.0002808322141543162,0.00019822068559188777
-0.00999715400526897,-0.00629525963773013,-0.0024746401618378037,-0.001038587418885982,1.0491050291475101,-0.03241719438258224
0.0004191864667550235,0.001048432225712613,0.0030735076945861703,0.026501066108092275,1.1209735310714801,-0.006299773529544084
-1.2211873927122916,-0.08612081991989286,-0.008852360446235072,-0.004893196286444828,-0.0019478272477105676,-0.008599918712091162
-0.0014889269969202176,-0.00029754210450542843,0.002777527766262709,0.02679408693486188,0.015016049517366509,-0.029941147811396215
-0.00022273687651025572,-7.738508009469684e-05,-1.868346691435109,-0.007317407968149725,-0.0012315267036317515,0.003088844263664991
-0.0013134240917272045,0.0009425583521369962,0.0027050245511798317,0.015630045487089954,0.014503220222478453,-3.4737992235008237
-0.00125641477663176,-0.0007014904782806342,0.00018045958538936857,0.009343795071178884,1.846328616510015,-0.012802650859848427
0.003408749433187814,0.011849747935814966,0.3301641670436077,0.010512294921148978,0.0011040140800902794,0.003230473150690536
0.003152213529696982,0.016074141978972004,0.014782347806163327,0.026134168702927105,1.126161558156976,0.010872651390448018
-1.5379853818038114,-0.8954153640563927,-0.0007815512935124488,0.001061718799000867,0.0008880910242238746,-0.02338773129136079
0.00738167324633359,0.9357092709855965,0.055204651574454255,0.01786813411644067,2.2288995541869823,0.016061738759612795
0.000142788985397654,6.474527594801572,0.0063325209451491294,0.005913653701579029,0.001982793143625018,-0.007706235429832176
0.003147653379391299,2.3763791022064646,0.001556818563294924,-8.538801367599658e-06,-0.00030642521044743707,0.008599222870775483
5.482851942346863e-05,-0.00752369694634493,-0.7963919317877128,-0.012868135536660073,-0.004753588304661232,0.0022075891378267594
0.004896358879266447,-0.0017577000384117495,0.0027624412267402243,0.005451595373260455,-0.001705476016766004,-0.002778895435536831
-0.0031374085455288065,-0.004559502974553872,1.756141196037951,0.0737511081852057,0.010366248523110497,-0.0178811483101449
0.011979939764414934,0.009385520367691049,0.0035960793742138954,0.001826746590058284,-1.5654994174018368,0.05540853415657687
2.478129406147686,-0.005164628071356938,1.3088858409604747,0.028424503556531366,0.001115199438958856,-0.01655348846166138
-0.0018524484025812143,0.0003002779926505961,0.0006202994613302206,0.002592373437225593,0.004659309817450385,-0.007489100663500136
9.945232680989521e-06,0.0034618170351680437,-0.003380083420225598,-1.0520695289413524,-0.00255310840997217,0.018809147417428375
-1.5584279487025463,-5.689409146975321,0.00808347890454468,0.01608093428052751,0.034694631574657235,-0.09934418281896518
0.0026808944207656273,-0.002916760227618051,-1.2152349248915508,-0.07348136892358853,-0.026690657407668673,0.011369987902918544
-7.229931128536396e-05,-3.6011025549570514,-0.04073500776912298,-0.015504057494934706,-0.004466037896596908,0.012258572559668515
0.021407157921525158,1.5066313384495968,-0.000309743843977438,-0.006151983585849098,-0.0034302371174416498,0.696867981732236
-0.8924519488272694,-8.046175813010077,-2.031689696909436,-0.006388437197573538,0.006487562007301934,-0.04284077762018823
-0.0042307125068127005,-0.5169930933366091,-3.469425472183976,0.007114235882909159,0.001543471774673567,-0.0283698192652527
0.0012605443153076562,0.016501352318624856,0.062476835213452805,0.026417759558887116,0.009623430873413101,-0.0004451124602803492
-0.0016256917708417301,-0.011140530428147777,-0.2544620825075933,-2.0151862607092483,-0.018581738377949974,-0.0052216008866051485
0.002916056461860845,0.032645360485763844,0.4503350028084512,0.0068677410793430045,0.0013173426959769763,0.005476506646858105
0.036363536324984735,3.5893353616833394,0.3314006514855522,0.007627440578229949,-7.527457189290869e-05,0.005932839449358185
-0.667629345445929,-0.005641071344565128,-2.0182999369226553,0.002263044891928079,0.007637439273741366,-0.020636166421905522
0.003668376842240263,-0.006195449462522056,-2.8805161185948736,-0.020732216692746164,-0.4129240359067063,0.006370079764026653
0.000472143901415674,-0.005111079581274107,-0.73562545526281,-0.026113373103073878,-0.006736299802399527,0.005192628816876564
3.1485469585377786,0.03284451831639237,1.621014124484064,0.006662846390066479,0.007349823623366187,0.025864967339615075
-0.0004004639963753349,-0.00645023375100655,-0.7049837775090346,-1.2435712401463785,-0.006676280902372422,0.001345654974662539
-0.001158067169750657,0.012280648036413105,1.317245973326274,0.014963515496390342,0.006091548556850064,-0.003764243221267871
-0.0014386907690108622,-0.14534041369292294,-1.7846519715419609,-0.0002976897758601993,-0.0009773849188088365,-0.011233518584003139
-0.0019468021174330516,-0.04223104899939248,-0.2332658868647971,-0.011524799471995875,-0.0038103278330780506,-0.0033413717996594243
1.0144051569192891,4.867971908911282,0.00019161670391291264,-0.0017781067883073445,-0.0034257243820054305,0.02030858752329512
1.0267207364500093,0.11060516783635213,2.302017215953203,-0.00477435420356187,-0.004726369437602318,0.05780267366970748
-0.05021547363257717,0.0011609683744513433,0.0001412262703369832,0.010521173293204233,0.9171167398785438,-8.952636968626654
1.247121695316769,-0.0014126034954860547,-0.001345473319703393,-0.0034359729759496907,-0.005355026731409483,0.018647953278812815
-0.009351074536170775,-0.021596516361650844,-0.002168345021136274,-0.002751620400881954,-0.0014510123325857174,-7.986169527390685
6.119341737088934e-05,-0.004913884902182655,-0.009283035975283682,-3.870088474386354,-0.026936717977008005,-0.000692998268009011
0.002925385336844425,0.005060437256966347,0.00035542284527237937,-0.011616385168006185,-1.3525814730950074,0.08033900818151102
-0.000493196375393612,-0.006263854595885237,1.3992053206525568,0.13417595773174174,0.002112160270604927,-0.014077959852482247
-0.0010291527153502625,-0.004896162098277149,-0.001045520877853117,-0.0005707411310542484,-0.00043237552467984545,-0.005918663438762305
-0.8533663950308648,-0.0006221454290506629,-0.0007509173829578975,0.0003950625728425434,0.0018248733073351479,-0.009707760645412913
-2.4865630017659393,-0.06109095482684316,-0.7070821027162569,-0.015676934684474342,-0.008541463964246095,-0.010520514825570648
-3.4020471322561265,-0.9631559802239199,0.0036313607764081116,0.010121107073551391,0.004980548946192719,-0.4340495798997619
0.0040969611544615005,-7.6736149946896015,-0.025981754127929788,-0.025280509262581574,-0.012319561855456166,0.03726570206226959
0.0011342893598570302,0.03283102170313094,0.41878956282147434,0.012377662315517582,0.004330742931924978,0.0020357188504893657
0.0010634226834160775,0.0422733529823925,0.5234659350327914,0.007400252867221423,0.003948488894670704,0.0031443238658869317
0.004501976264253155,0.0018797081741815883,-0.0008416850492550508,-0.0064713401064320384,-0.005125632801609621,2.8995626135925816
1.3390543401191437,-0.0031095619218869915,0.008036692337696948,0.008798106390573185,-2.137900895217538,-0.0006708461700223878
-0.000710428091880888,-0.017472164991757636,0.0002816059637169334,2.275737944873408,0.0003218077323434148,-0.03648623211718576
-0.0012306281541792977,-0.0016888167113175965,-0.00011639748739374338,0.004592740259614259,2.3464184136341295,-0.012304523241295023
0.006499540572067462,4.526554282374291,0.020195510247392214,0.012533735547525682,2.7854952908478645,0.005659362379754111
-0.00431870704292367,4.155919328994505,1.0657772668298187,0.04352483795823642,0.024239657767312354,-0.02415103587708345
0.0017379390127323171,-1.870874887311963,-0.004560063935743593,-0.0075770701233556365,-0.7788663714894938,0.0008336441450474789
-0.37442445996911244,-0.08454213641054917,-0.009007915507765557,-0.010326598470189442,-0.005019076639639172,-12.41463783071167
0.0015828168527250062,0.015831913138026944,0.010149129590323868,0.017211854459638153,0.5769006288930711,0.005672299499198206
0.000338996859303804,0.032637497302342985,0.23199389329038123,0.024133274623751425,0.0489374086280749,-0.0010511977277801667
0.015697268476494913,1.2577658047975842,0.00608362569560324,0.0073628459787555,0.0035748049521995007,12.148109008640246
-2.968304945182479,-0.03227674790520135,0.0004696975248973511,0.01558435456742402,3.904396578343333,-0.10813724224080845
-0.002174909977395419,4.494975858844667,0.006281310959931725,0.005263421803696711,0.004948518048712327,-0.008970523465552757
0.002293094569608668,5.56796784883342,-0.0023317351934726903,-0.004166464425008894,-0.0018633800697325292,0.016602047828939287
-2.3387700108268508,0.007795805927552535,-3.3059259044301434,-0.0409781819942836,0.02745544910500902,0.010354479984822307
1.8471071118501667,0.003086294766913595,0.010170182371244238,0.012406506735330001,0.0018703994301779592,-0.011838708299821699
-0.00190609126157943,-3.389414801296711,-1.4027905190261984,-0.007539073098085769,-0.0014968530061984034,-0.0032732211860779514
0.012441487078372348,0.05078502773341976,0.5731885425179171,0.02778949751552573,3.4558391514242826,0.021580682351832192
-0.37975074244197815,-0.08805453281475925,-0.00136501317346796,0.0013667677455162287,0.0011036621947272188,-0.8159620706525723
-0.0016279755667944953,-0.022344883284293043,-1.0991336047609912,-0.0038274660177930395,-0.0009327142885898689,-0.005144876350559978
2.359927957028646,0.02258072465063658,0.0455934589977988,0.01825536065828979,0.007022565824269026,-0.007345932440466996
0.004759864360152718,0.006197399080612885,0.0015547394374230185,-9.381509643190349e-05,-0.0010987252867663642,0.015443928198947462
-0.006004975360059123,-0.8297640796232163,0.00022451928014456134,0.004529758493238134,0.002494626479273728,-0.0825982973397279
0.010413825119875444,2.378671328055564,0.0006873467448736056,-0.004845775271130837,-0.0023253665158416287,5.421984529387386
-0.0005584481983751544,-0.0030721588607216747,-0.007023984299181069,-0.5057105813370899,-0.5835289837087922,0.0036934683867325437
0.0005976664544269281,0.002989833766727585,1.2977388655860067,0.009127794443925835,0.0012439767112450287,-0.0016773608915286332
-0.003912979921204516,-0.02019646666927218,-0.004405037499766054,-0.002764264776851296,-0.0007795729727347901,-0.011442486068411587
0.0008617332261550346,-0.00017534391419202084,-0.0014803473656151535,-0.012628657731525071,-0.7478553678743475,0.011692195830764314
0.00291484642156406,-0.02955848101371439,2.4847545159935134,2.668040689464423,-0.003100413792085366,-0.017320187688073738
-1.073562834672748,-0.03286097599612155,-0.0031604521031141086,0.009390846028398292,2.217625825715748,-1.7238169586179364
-0.004600409887850148,-5.5888869562716215,0.008284733099741861,0.018006300237910874,0.006316417323053733,-0.06527630402875584
0.0024104932800588347,0.0022937734082787717,0.7874127622777173,0.008152439526574524,0.0003267238802446961,0.0003913739974030564
-0.00028583670983259925,-0.00395605690952102,-0.00496610857653278,-0.012078318251099458,-0.006496403352842947,0.004625047267249706
-0.0011218567078179358,0.043840514063069845,2.023691366948917,0.006491141425055136,0.7933005666011569,0.004441949124349115
2.0490051703757266,0.00694896634397095,-0.0008689217430051123,-0.0031774739570497998,-0.0020393567376742264,0.037939295052773325
0.0005702336207103806,-8.310398878157023e-05,-0.0001738468267032127,-0.0009366104997410032,-0.0008927971277524415,0.002657903368701695
-0.0005285681604132221,0.0011719131256803883,0.002164340024913308,0.012142000893314665,0.6151767246002543,-0.008047015339848654
-0.0005292335101315649,-0.01011196485698582,-0.294825264702512,-0.08080022933547779,-0.25266560798124604,0.001832662603972148
0.0010304627012096522,0.0003769759358610847,-0.0018865185423094788,-2.5726462844539935,-0.9854611567604326,0.00925142345000729
-0.0007060280764318762,-0.01828711251155931,-0.5443367406261457,-0.019630135454869108,-0.5098982962143243,-0.0018661884637400095
0.21899673952844678,0.013709059221193034,1.5623277716475488,-0.004192756883900611,-0.005927036467712364,0.02927324972105192
-0.014363314099836122,-2.948906087710389,-0.8561302625359487,-0.005009088257285077,0.0006902131564166077,-0.013149738745555223
0.007254998098254039,0.033956307419256995,0.5640844282508513,0.01427844660330041,2.0797038956861704,0.017398926418897204
0.6689835137207064,0.0033847122923041408,-0.0012138397580774027,-0.005916613090971093,-0.008906852315397944,0.1023041529469284
0.0003749490120346639,0.011078277846824879,0.6431588149628574,0.013052669816438808,0.004264875133926509,-0.0009561609615238598
-0.0016860143482600666,-0.6427873579398873,-0.007075804991123612,-0.004655349729475807,-0.002446442893928115,-0.003700622410320601
0.00031353470646723895,1.0024073517132877,0.0017908094781990036,-0.002492338603800978,1.425464071476656,0.04179528467687349
0.6806609070140821,0.007434932219503225,-0.0008748579003041716,-0.005076462459662118,-0.006185996474033636,0.2425058254648827
0.001765743349147982,-0.03258678748744219,-2.0839492599432123,-0.009163618096079684,-0.5827915412560665,-0.0015713765775009132
-0.004534686877913035,-0.010608135948552512,3.6316723367711288,0.031092921789502626,0.008038475141980417,-0.025713220806543518
-0.006162360229433927,-0.9633530373477597,-1.2056266050575724,-0.00045573548450437984,0.0004949324947974215,-0.018708196195299218
-2.7972189790327158,-2.573938325244166,-0.0450019459160615,-0.01983583935241265,-0.007733144027933297,0.009247617324934954
0.00657263968757607,0.12050692558493419,0.0010721927878703538,-0.0020380911825660475,-0.0014716467274518575,0.17646838355263092
1.3942408110197773,0.25622948170840315,0.003068852607233913,0.001835863836206977,0.0006965881785621688,0.015184054210893486
-0.0005871379588278714,-7.638067682425692,0.00449994247860182,0.00552590479448517,0.0018182229687485373,-0.017271818602123484
-0.0038181087978522324,-0.01039866442436653,-1.4707907173639392,-0.001464463098795582,0.0009720618016485806,-0.008294765776657595
-1.8913438105035933e-05,0.002518531951817108,-0.0019588336523117043,-0.11158192218987972,-2.358430383054779,0.030926774114651612
-0.010478407427304513,4.531135744625976,0.005909010391936235,0.010724925074965794,0.29632558573561235,-0.019975043117755137
-0.0029011341152947465,-0.020117781935529065,-0.4800068823672377,-0.007141330480920263,-0.0011629609604840462,-0.0049571588259336935
-0.001380396455779813,-0.0027271885567804782,-9.93440633391227e-05,0.010612602830925022,2.655214792904381,-0.021186289793738627
-0.00735887693982528,-0.012108300861209757,-0.003398922353607288,3.0538483999369768,0.030047830643286668,-0.0962727133304383
0.0017539523047553837,-4.5816095938894925,0.05621232556378514,4.0012633728307705,0.0009881741837798259,-0.051407101000926714
-0.06491998032122853,-3.4739063658746505,-0.0012101749693661998,0.0052090951972658395,0.003247191747954764,-5.0118407506194735
0.015766063113453698,0.005582303681966546,0.0005348595648315057,-0.00521767480372126,-0.35338210370406903,0.18911371910184843
-0.18942119664794682,-2.9229094134553746,0.002617497916629241,0.01038820180059086,0.008998646769378334,-0.2510768350548821
-0.0014470097608848499,-0.012805082150898428,-2.0543377895561723,-0.002323616862992317,-0.0002439881667124886,-0.005190789926832362
-0.0004917003100035924,-0.07887814665120074,-1.3742552555655922,-0.005539199554659424,-0.002311711593240646,-0.004344752864795619
-6.860146765778679e-05,0.002749111126076814,0.005898073813552257,2.437843040569384,0.011468330725397179,-0.0020187803375757603
-7.616600006149304e-05,-3.2722132013188907,0.00034436402236967,0.0013416075246057216,-0.00010028222414742298,-0.007234739026382567
-0.009983808114546293,-0.003675969829544194,-0.000830486380524752,0.0013626025394614869,0.004258983254266916,-0.020781637907500178
0.07932054220420834,0.003931805112531078,-0.00019073471990475866,-0.0060362454287505715,-0.014260255837282555,0.9579002240399189
-0.003956854810338025,-0.018360321922995526,-0.0005644654778545415,0.0020935239964972423,0.000582180486680127,-1.8465986004073087
1.125421765584605,2.1468171759570867,0.1300791909702659,0.02131665348560735,0.0030169124051629276,-0.0030873482289618392
-0.0004625050329607739,0.02435541096182544,0.7609011930440864,0.04406735641737297,0.33813363350397313,-0.0012222509642890646
-0.0007792395935916065,0.047212839166625435,0.6373633362066633,0.021125373365774844,0.09184311296744767,-0.0021555496204048083
-0.0017469602474127254,0.005998887957011775,1.687502268146471,0.06472018057861417,0.7469754846617687,-0.005553602804634537
-0.000912720273070159,-0.00050282201839324,-0.7661783786157752,-1.3167154198998068,-0.0019901984887804106,0.004978827488827084
-0.006148684262536636,-0.00642432800685293,-0.8388901046708055,-0.6527366236094387,-3.134213680004716,-0.001764878661561331
0.0006350939617306564,0.018285483729683697,0.004724168636590284,0.0072567988543722015,0.42332504166799506,0.005004509758389484
-0.028905597971370565,-1.1310223917960462,-0.006990676326034471,-0.0016733019768735242,0.00033161482368637257,-0.01460946834685141
-1.6384798857189777,-0.0024032101853638512,-1.9828414643820271,-0.01037741327304098,0.0050590582375026364,-0.004231989423514604
0.6202494596987806,0.12984840198117814,0.012269709077980716,0.013940192343682434,0.006436655534025421,15.422205905297655
-0.5600581792111508,-0.029309205905944675,-1.7208898061502833,0.002260064910368842,0.005535602606731599,-0.03314003257678391
5.703318500781783e-05,0.1751802561960551,1.646376446287546,0.0038561567528154483,0.003527511460038655,0.005543595170703325
-0.004448839639259312,-0.3565177965239412,-1.7402396597004606,0.0005827703928480144,0.001193224049078833,-0.016219489214448733
-3.8170780023093434e-05,0.00396019038833353,0.003418727161645309,0.008555979585591008,0.39406037828834894,-0.002045374864394614
0.0073229966091839915,4.740730819842182,0.3424313478819619,0.00848983418233383,0.0010451701638421397,-0.0013649147064161427
-0.0021676125493807156,0.000847663099284035,-0.002218278044218631,-0.015406300791831917,3.1415477582664666,0.003527443062784852
0.648040365106762,0.0024466926690912974,-0.001193559583480303,-0.0053630701277888534,-0.01040323205558863,0.0766457690930297
-0.008700969828938442,-0.0040611111068940674,-2.664862081344884,0.0007718007856295228,0.005748433227150959,-0.009577155807819406
0.00646376202900546,-6.198325019960341,-0.004320880474567227,-0.005751817513953171,-0.007886846900830165,0.016595596883437286
0.0026277009846104545,3.2219071046267587,0.006219045889500939,0.0034997872953334286,0.0009259878057792749,0.00032685871708222625
0.1051894024479135,0.00592687895582329,3.526059708569613,-0.01097580764606576,-0.030511581322325468,0.026016159191604604
-0.0001718630370962879,0.004268003443761938,0.8646987266548002,0.015919185598063906,0.004020911497893532,-0.003988314132928012
0.004930863066991583,0.12729154998746217,3.9599186784601312,-0.009893150513068882,-0.0020707164327078294,0.03378449772642089
-0.001744838638455993,2.022008410255086,0.3194117654838236,0.03568094296993829,0.021786021761846443,-0.011423662155218457
-0.05458054377749702,-1.9809389503919606,-1.6071845183992395,-0.0016302387707490817,0.004895605623587814,-0.029000281543494516
0.00034054039427080824,-0.015512894391020366,-3.3577857194576404,-0.0034040575796271955,-0.0019040106325099008,-0.002055935061520367
0.007493449399295943,4.117169737314441,-3.8738479773630488,-0.08475470335153723,-1.700545766205497,0.0950558078245547
-1.4231889909069185e-06,0.004966963089050435,0.008261693065213897,0.042682300505130534,0.05445490178631066,-0.006818263937138781
0.47694999893566137,3.319988076388867,0.16640477117494074,0.011114855573152213,0.0007504037337136466,0.0016580597205564929
-0.0012947757458603402,-0.04567352975843377,1.962604477936662,0.20182274748523565,0.0022143742593277293,-0.030450352776191597
0.001846376264431523,-0.0023524650441410946,-3.382172084823286,-0.00896695972039424,-0.0037735251463699173,0.0062563968539596435
-0.018871156769254913,-11.282845138121779,0.0048250623447616305,0.015884582795547997,1.292176496348304,-0.38796467955978464
1.6666029720377857,0.006598152911323591,-0.002615058719372518,-0.018520180450136356,-0.9008371424873716,0.3398263002450759
0.002170475146551297,0.04443924745652351,0.3729767037003556,0.010266616548571025,0.0023944878393333214,0.0041986388533331205
-0.0031019501062860538,0.0008386861920942918,0.0022137796872485358,0.013433798448927822,0.024484058202832747,-3.1722623337341536
-2.2040301331788457,-0.01968667284099098,-0.001638349674259898,-0.00038293851508030587,-0.0002711519712645556,-0.014541245763305427
1.7281355780745413,-0.003654644717324122,-0.0003572967325695599,-0.0010266467696577338,-0.0023875930018213347,0.0045042646115767415
0.007031115487191088,1.4163180163231177,0.6959431035287192,0.004374449080495772,0.00019002982005124358,0.009620573592467367
-0.00515476866996057,-0.0022465081513429516,-0.0011277691459780491,-0.0006217760374457242,0.0029459257883642236,-0.007698197695877113
-0.0013376625666579323,-0.002621718251180939,-0.001917103192976936,-0.0052954630398004375,-0.003827973816113127,14.375205033176583
-1.901779781233288,-0.0028840668252831706,-0.8595053611994329,-0.021831837466301157,-0.0029402901324128167,0.005798625670800417
-0.000736868531699089,0.0039785823751060535,1.746072853757263,0.046003481013492165,1.2671238035541201,-0.004711085672194318
0.0043708178525060795,0.00216683701354751,-0.0005826576414967662,-0.005885365721085367,-0.008982086158903599,0.03173014920538088
-0.00048008910176045635,0.0009724052154021015,0.0017351444134204308,4.442707907493378,0.005359677249562202,-0.0029350099290735565
0.0007049688279894902,5.348364304186721,0.013277813657203364,0.026245454170120475,1.77464392521524,-0.011041529733280181
-0.00030293141805989084,-0.00859552784472401,-0.887825208327073,-0.009744396139846921,-0.003071480553739987,0.0008058375282057493
-0.002666485691361052,-0.05201893344464463,-0.31709140021014814,-0.008311968286502483,-0.0021990765395621874,-0.005203946293397051
-0.0003487603542105468,0.0001782071395210836,-0.0023711465659007926,-0.16022436628268233,-2.2164232322774735,0.012202871548183253
-0.8831693197191988,-0.0030750468962186107,-0.6788027552483942,-0.013550931173518771,0.0002732539391585385,-0.0003345215831485199
-0.0020833530523758147,-0.05272906225818458,-0.4483242457877803,-0.04192430535979158,-0.898374042455177,-0.006295791647065868
0.1739654297391132,0.11853995215209066,0.0018567100438613767,0.0003786444144559405,-0.0006101675399964122,2.208287878101871
-0.005512575485282717,6.441171938916325,3.8899806994775714,0.0320668525463379,1.2720357149635644,-0.009990375478078128
-0.06529184807855448,-0.01700290571315778,-0.00549250083875426,-0.012307092444834505,-0.0018806520773822846,-15.428277861180018
-0.015300951669409034,-0.021142960487518056,-2.435510266527148,0.005857097294256791,0.0053765845563851665,-0.025559688842633585
-0.010705712908157528,-9.128390978767088,0.004174155946822827,0.028746000390338367,0.04197756586636925,-6.749580307893211
0.001892675125771095,0.0031005517295084246,-0.00011533559168342629,-0.0031772127776736833,-0.0019009865023805852,0.017111812864471623
0.0006353453564891998,0.0032103525033886863,0.47361291630188773,0.7172905984654885,0.003863615866343932,-0.004239161220668286
0.0008756699465260625,-0.001362572338897247,-0.7362306812757726,-0.02992851435377733,-0.009587378378540762,0.008315423982042925
0.03636181221139301,0.002563102980252946,-0.0001371604403413093,-0.013598098082045651,-1.2553064996655956,7.818750479349303
-0.004559235868022274,-1.2121374000393736,-1.007754312005842,-0.00182821702185329,-0.00044091023666541186,-0.014663538404726777
-0.027504632631698608,-0.002793890037133099,-1.0250687227485058,-0.002137149692808496,0.005116456968931297,-0.008095056961866527
-0.00028008492008651533,-0.0008788784267311727,-0.0019527952133334085,-0.004403414672489572,-0.0018972940846950827,0.004382835922754577
0.519240481361261,2.6729905383038437,-0.0028528936839776883,-0.009350235840942845,-0.009572014662808017,0.1892470851763698
0.0008194560777197047,0.0020510129994280963,-2.626125749079412,-0.009793803009725044,-0.001952246508980141,0.006434833668862033
0.002961523533094625,0.0016755625884167305,0.0027750834641404043,-6.6508420721198105,-0.015614127118353216,0.012359527034812287
-0.0013358962681183555,-3.6726729165051797,-0.0283343758265998,-0.01102747952563557,-0.002868157475377532,0.0084532681205481
-0.003667291743889803,-0.05802404981002985,-0.9073505186212478,-0.0034230010398730165,8.533080867755341e-05,-0.009391963062133551
0.803604946494633,0.007537170455321727,0.0021241352134670874,0.0012357664385294306,-0.0006464330253623511,0.011270786650246813
-0.0049197075737369145,-0.034772118601612556,-0.6459227200980955,-9.86633583302433,-0.0378377842643481,-0.03389964067159701
-0.8961505108568075,-0.007988831484374815,-0.003742566182316515,-0.00242353622526318,-0.0001904348668592121,-0.008103271846554308
-0.0005612903113370494,-0.5078151653440901,-0.003176505392621757,-0.0021019869805538527,-0.0032023436291809394,-0.0057681970078191334
-1.546042836854116,-0.01408605731031642,0.001267056533031359,0.004862821590213003,0.002959120370291556,-0.17530041174624666
-0.004888560515874073,9.85759663625967,0.22695611568445528,1.6910688249830113,0.029804631103192113,-0.03809891212011651
0.9402083645375999,0.0013974017765597275,2.9247350478497194,0.0005594916648899995,-0.02090901504757411,0.013163098563523823
1.2366316827114436,4.389540571165055,0.0018907426159876725,-0.0007237165670274451,-0.0015874736183617887,0.016904508890892844
0.0022596698040847707,0.0012380711015405744,0.0006599655009890326,-0.0007979367240306054,-1.3135679873410704,0.009284554302435834
-0.0020280327177171153,-0.0009398870488170703,0.0015874083307309882,0.021199352566004644,0.3242348445557632,-0.031746349965046466
-0.0005197866804235508,0.00788688735555881,0.4548139243690749,0.04906621577132822,0.0301551464976472,-0.005661447756879795
0.0016944633789453083,0.008393514272406201,0.06242699379948108,1.5773406986344785,0.00411356601414886,0.0035226359158206325
1.3717445041883032,-0.005560874703878593,2.6490156736657315,0.006155150434381307,-0.017091857161855246,0.0008559590653096083
0.029407761247796343,6.9010689912532515,0.0004234041945097607,-0.0026207805497123204,-0.0032364644802014494,0.02216859386922082
0.0004197531614783037,0.004580171911870375,0.01857075345179553,0.2452133667278302,0.022118662865318675,-0.00574656995686204
0.0014305415623344095,-1.1449525760500456,0.0004186733369160167,0.011896846547480633,-1.5865533508711644,-0.0559849566739818
0.0007671658941017713,0.008715140564361037,0.002336686619223316,0.0035240730560813067,0.002086322370333316,0.00307402382787438
0.0034140932629602183,0.002579543100704053,-0.0008643388747192379,-0.014135552704876885,-0.33619090926130757,0.06854980930661328
0.5358745582183233,0.019349122926400196,0.004531335089863579,0.00771419875352998,0.0011934025645373991,11.969925655782763
-2.3277626796269724,0.0008702611358217046,0.0035472293619705202,0.009149621313221284,0.00603508859949335,-0.07074071513156832
-0.005933258804441663,-0.009163596101437445,-0.11065925900239737,-4.1925198733137234,0.003321503954942805,-0.012549244216562238
-0.014674754642640519,-5.674264334468767,0.0023018969412778546,0.006144685322148083,0.0049471213497449965,-0.037380419146196275
1.7119764414556013,0.020920549329979256,0.37938318924275605,0.017021053119224805,0.005216742076892507,-0.00033522483746320497
-0.002368500664787141,4.5661615507748,0.004288643573582029,0.004619103666446557,0.004146856636393575,-0.008441111822574496
0.005550986653287773,0.16476480445774827,0.059253552328066415,0.007606901732726589,0.0016889649127571533,0.0075099332721456705
-1.4308253455936644,-0.00830058361372691,-0.0012801400304082167,-0.0003257482408186088,0.0002605373276709025,-6.362834515125034
-7.309247565954438e-06,-0.0023886438873838996,-0.9890269443197477,-0.14108027211058172,-0.9057986290787969,0.00688218918581586
0.0009401583763065128,-6.0465959255369864e-05,-0.0015386695056179803,-0.005111097492138385,-0.004597935895628513,0.010106755753878914
-0.005253372313104613,-0.015218066861087235,2.805950707114091,0.07258793786875728,0.012466830824685058,-0.03547555233453956
0.0022810001255851135,0.0003141800210967749,-0.00030388604074198597,-0.0025943230964644314,-0.0037029303513590635,0.009590834359798982
0.00325530425411677,0.006384807427466166,-0.0013999827306798857,-0.012669244985866468,-2.0224243754301607,7.441892469185262
0.12172038546473636,2.470172447845837,0.04572089624784882,0.006242644177550487,2.3500224373696518e-05,0.007861973277198259
-0.0022420820039211462,-0.00827356729914198,-0.005430820894416107,-0.011382658268550824,-1.5513984506485694,-0.010550353224942077
0.0003639337791738319,0.003015178123676462,0.0009019296712255088,0.002231068128368041,3.4223475136018866,0.0057090314539113285
-0.0020027755794090316,-0.020834184468616276,-0.5301534115356907,-0.00933772752787983,-0.0016119193901913136,-0.0032219350386365492
-0.0011008799024693004,-1.095979625245956,-0.01596239582903712,-0.00883940424391741,-0.6928906226156512,-0.005053249023000106
0.004597247780570905,0.0103283945413324,0.5599952637139474,5.064043079061738,-0.0014809639223702306,0.011539217917090186
0.0007166615053148654,0.003164388084649708,0.0006743404434486622,-4.929919480515598,-0.0008711700182665517,0.009339029820144895
-0.0045952557542717765,-0.007844142896192563,-0.02431046795480296,-4.323321216293067,-3.25106780943703,-0.010134626048794504
-0.006079636895930869,-1.2904889373284747,-0.0014364724923266931,0.0010976856937661922,0.0008589760130543371,-0.02241365025577821
-0.016168285401556334,-3.8179453913371586,0.002137726985761687,0.013666626804637205,0.006804407590001123,-2.863568225420451
0.02862371199724878,0.02407565126149988,0.005657022924455532,0.01143867907341129,0.0033623063472896716,19.1549189255427
0.007328838171783248,0.010337730418724388,2.6894637640236514,-0.0037626291426865466,-0.0032779029751980023,0.015985806024043363
0.0020330948815319946,0.0040405311644634975,-1.3508599841386153,-0.08406108851249455,-0.0071308196710912364,0.017075565454443428
-2.8235537924563823,-0.15392602755652507,-1.5132020013639762,-0.0032622926268613406,-0.008376651509974941,-0.038984211919117495
2.368039293524469,8.468199879583251,0.49434308363342877,0.03198094109533289,0.005904289879567591,-0.02334730929386808
-0.0031669258172611816,-8.236215833540316,-0.018128085254712732,-0.007270096003351975,-0.0015290464480310535,0.007076406175962724
-0.00046853375903299285,-0.009437077470964079,-0.012955610217362981,-0.031556303881433205,-0.11496377414185618,0.0027595493379550065
2.6463666462099704,2.3526300525372696,1.551738813565752,0.007632025691988564,0.007837568782077043,0.05640534132809849
-0.0032656039084592425,8.641780973108187,3.369662060596706,0.021018095012651283,0.0059265259893449855,-0.0223072033617564
0.00035291482629063375,-0.005477622258328647,-0.8126884193915227,-0.027219145647470105,-0.0052325736638523645,0.0045039601696175
0.030667463458634504,1.8330258466212292,-0.000294873325348578,-0.00457941370523007,-0.0036947593266299732,0.06554076951861378
0.0006613112146887599,0.0014587637998578111,0.00446635900015349,0.013640515894774033,0.0030841724883128342,-0.007207828262983789
0.00019081807022057386,0.0013714243550491901,3.4722866517750295,0.0031376607025696,0.0009508079530603988,-0.0006202779362264807
0.010497269610607818,0.00740082435744778,0.0016577762314964905,0.0015221360065906244,0.0009146873285271681,9.66773119681745
0.00506489300565589,0.03009025940096549,0.4381351781013688,0.006805262374023877,0.00033294349093461245,0.007208349815543077
-0.0029769640408420315,-0.010732328638634197,-0.08607367827990209,-2.8179701891708073,-0.0007737856426141194,-0.00905404234769409
0.003050922439248398,5.575197582197578,0.06680981207523158,0.011095670086742199,0.002361641062103484,-0.00920021066448204
-0.0034245666164215184,-0.004711586644149085,1.9471588462558127,0.052185952566704163,0.010262724632876004,-0.01979518622587516
-0.002360651619113134,0.002717164535311317,0.0031187939922248135,0.01719974626073714,0.10430083633313963,-4.537608078964585
-0.001300880272323588,-0.0023408792719589993,0.001719243309907437,0.7112796582214553,1.1511821994372782,-0.0379716032148224
-1.3056556509708692,0.0022616000819108027,-2.13757397793864,-0.011335359473654105,0.01219591162005032,-0.0010320236453565945
0.0002893516761447194,-1.2029234100268333,-2.106367993844007,-0.005909633680562493,-0.0035799613696933987,-0.004521256924234579
0.0004999520049054525,0.011784541864419705,1.0897306723053715,0.07248426569516053,1.0687220595144868,-0.00028113232485608985
0.4858570648849465,5.175001364922542,0.006184049685941773,0.0012369385075797767,-0.0027814063153533963,11.696281447710255
0.0037200919925634464,0.0044272653046479446,0.0003483682764681425,-0.011991277720345847,-0.9859390441095544,0.08337286275159672
0.0014739791059899298,-1.9171181673588578,-1.7010236578775049,-0.02385523047390481,-0.006228135482637925,0.0034747965872470032
-0.00020009451116570826,0.005469749091699679,0.6451045476444692,0.02586842196379062,0.006097915148963243,-0.004628708391437413
-0.001785321630297219,-0.003064829401541771,-0.0008354962139056768,0.00040523040726255486,0.0004679932731255537,-0.008228755181751346
0.0030291863341451145,-6.565071249265071,-0.008728525298788769,-0.014404398840830723,-1.2007370963238315,0.018785483306631823
0.00040065276640616795,-0.0019792355625949734,-0.0037264496104588846,-2.4409315460282532,-0.010550299505978135,0.00327125333250948
0.0035685024795421827,0.010574021419115981,0.16437748346171865,3.6863734322261617,0.0002894740004380523,0.010915870166369655
1.2165925286001105,0.003307817136009163,-0.0017447462939383512,-0.011239103510124089,-0.6028456664620679,0.15423816335653073
0.0016227039349738857,0.0395790169698765,1.071356468028135,0.003222140572462097,0.0011671385653655435,0.00672168433095769
-0.001238119018054706,6.308681015773345,0.02170797075276747,0.06838907200295274,1.14346383981458,-0.02822036898629149
0.10250037136585624,0.009401488778824015,2.8852655793676356,-0.008397926160081892,-0.019830105400571677,0.026775775028051063
0.0069425300943039,0.0017811433347115213,0.03634752991682921,5.184101220167761,6.7305278791542476,0.0030810530415789072
0.005860451923644012,1.6991322951923937,0.010278704888187863,0.0037217748234324634,0.000790455618010881,0.0048563540863988605
0.003099178183324918,2.6053529942117444,0.004488772186188901,0.0029387635190658134,0.00044972809865721655,0.002498622837109929
0.005902545061062913,1.469791772634541,0.8805071125968065,0.006643375171455065,-0.0002923997866823556,0.008173419277078965
2.4270798808267875,0.002609278739638648,0.01644198324925959,0.04213215975757232,0.0031566415731919505,-0.0312432122628733
0.05669687427525166,2.286732376046793,0.002325771772440855,-0.0004614988171166984,-0.0012438188737615846,6.101413022483369
-0.0010324328452565106,-5.58590791779548,-0.005290577208588917,-0.0040307826237891906,-0.0013179191652094213,0.0037464368170049
-3.666434038820069,8.585474055745458,0.015521960134344748,0.0254970391065536,0.12362293167187083,-0.0424952726431924
0.00447360023291038,0.0028270272329088963,-0.0013366599861531353,-0.018814485083323396,-1.7169146400938478,7.306622226884066
-0.006429868952069366,-0.00474815248463073,0.00036231155493169666,0.01039299180854511,1.143795359108856,-3.602198305273685
-0.0021824062642813854,-0.0009271016013503997,-0.0008643450875275294,4.52530709969151,0.020966628705147695,-0.009594127836169891
0.008636488002777486,3.04182700034653,0.32191246054719314,0.05069252562071358,3.0254032976351533,0.0026907446802534873
-1.5767499530535953,-0.0018348029875458218,0.0006219583503300174,0.002428438591941453,0.0023834262393065794,-0.021824391347299632
-0.00395750969826202,-0.49118486846279724,-0.3187773278933907,-0.005112251970591902,-0.001661796235121624,-0.007426668024258076
-2.358571169899783,0.00478096537112666,-1.2762866188903381,-0.02723357720927666,-0.0010205383074556192,0.016333340135484764
0.005970748390103791,0.7592899157007382,0.07127914078452241,0.14239759074673186,2.015491102656269,0.013243452353454227
0.0028106381327819598,0.003986632345772974,0.0005929379371848004,-0.005974846102443185,-1.441917290793194,0.03083330624258908
-0.003550601917616969,-0.011010617811378895,-0.018187774656554745,-1.8927343756056487,-2.2230950130605858,-0.008653211533208499
0.012485054482141884,0.006864561194335056,-0.0007021513017097941,-2.0556259324424015,-0.6584877514924953,2.9363039400638558
0.01411371901035497,0.22043674956449583,1.406588473778598,-0.002745150647016345,-0.002629753550960839,0.028097560776723866
-0.010004408222571233,-0.00440589831533121,0.0004269355702687806,0.005269953782922819,0.011285621220439017,-0.9980769867542948
0.008356475703375013,0.012228473907590173,-9.751303907294673e-05,-3.356223891964336,-0.04196749718461143,3.362606077108835
-0.005801907976037664,-3.8159317370259993,-3.3541463521954196,0.0002254252244482391,0.0017093331310961595,-0.026553209836864156
-0.005682505903789203,-0.02343683107279318,-0.8989339122276128,-0.014669729031741296,-2.171469351857728,-0.01092375386753161
0.19615493568823059,0.004096487551197831,2.2513432552725607,-0.0046276775053535335,-0.016650958629070293,0.018081301992261004
-2.4693805642529525,-0.019330458210322192,0.0018217203443389558,0.005426536685991339,0.002759760630500967,-0.12900682994905832
-2.179774494454271,-0.6066408231664018,-0.0008275467677531311,0.0010588136838165039,0.000240239104715581,-0.03319058995837609
-0.0017859028558691115,-0.0028242777603392742,0.0008901534915617022,1.960377513441157,0.01125508627777714,-0.020674365065533534
0.0007987136164037377,-4.125803510230481,-0.0393606051435109,-0.026401272458567826,-0.7806177791484095,0.013774057967408326
-0.0003579061972957749,0.0009567921035528975,-0.005709295459680673,-0.30256177678800167,-0.0036570419063441015,0.019332082238669602
0.0003856693576712473,-3.4018008149045302,-0.04639694770969521,-0.016440141233028956,-0.005421951316578347,0.01228433248012184
-1.3796840938611654,-0.006472305137325321,-0.003746782466968075,-0.004103190253555423,-0.00038094801240887074,-0.0020426048398804186
-0.002314743453801665,-1.6703492671094902,-0.001336357315058583,0.00022444820563947282,6.91940387126967e-05,-0.00991820631488028
0.0023149038868767215,-2.9812206898827576,-0.0564474767058422,-0.031246572403561684,-0.27288964159566087,0.01496949771400144
-0.0018704217010634618,-0.0014546739607351183,-0.019063160421814374,-0.11932953684893553,-0.0026038247827083988,0.007596310734357628
-0.05859379432742079,-0.00745232061046705,-0.0025736103406561782,-0.0035257547359048473,-0.00014749747277700842,-9.9540071755656
-0.0006380668617432229,0.0013828116033671074,-0.0025279227400387128,-4.430538662387403,0.000920170750498783,0.0033065429812537614
-0.000344867530191529,-0.005622474433717272,-0.3741652757017795,-0.3110886410993354,-0.006701632497883665,0.004553876786084152
1.9215930522798814,-0.00695140508791805,9.513253368652569e-05,-0.002235717020260021,-1.3919702881972,0.00725372408796382
-0.0008130334795736347,-0.8415676215608143,0.003000417410391253,0.014570814369494185,0.0017100766619476885,-0.07974612933800931
-0.015094094833765465,-0.23398531901671152,-2.2189326340125897,0.00727879118375524,0.0040701062303023245,-0.04360513481226229
-0.0016382035893980392,0.009074171874931473,1.0754534760886116,0.015771602936822712,0.13382858901366906,-0.004431544974534608
0.0015789623214459009,0.010138648849285628,1.0715218523013128,2.978334695197537,0.0022208667332167887,0.0033788235813420053
-0.002856328622467144,0.003835615511766071,1.7709943326538338,0.050310949182876596,0.011252557847385453,-0.01083663355671963
0.0023650162055212573,0.01202588248826159,0.41094888849928957,3.3078426390514792,0.012137742991168701,0.008437130777645047
-0.9273704546693067,-0.011663979805343498,0.0003639769931769257,0.010020137096755817,0.8651960932482614,-1.9118608624995925
-0.0007394345219576997,0.0005857630395601022,-1.964955306430566,-0.006223401127398692,-0.00041287566921297767,0.002485161606295725
0.0006479346270573149,0.0008732690969168143,0.003502692542012484,0.15757437494109516,1.4262783921991329,-0.007493754527784974
0.0023107474525840806,0.0007874603944910291,-1.9830596955227635,-0.03250883877512312,-0.006312628666965166,0.011133468161001057
-0.0020105722652521397,-0.001531615229317702,-0.11552754296815874,-0.15623922580251523,-0.0024040695292809585,0.0060257234378663935
-0.00308123084897798,0.0007597867774460673,1.495530022346401,0.047318660694075865,0.02109720352091166,-0.012939195556872453
-0.0018791787811876098,-2.3831040925039493,0.0007930475596422785,0.00893960678547806,0.0004570748001489558,-4.99372051737485
-0.019135507404202758,-0.011244440334017888,-0.002746615625014961,0.003018986752887587,1.6975782639285284,-1.2463812919540205
-0.0003519202446806985,-0.0028780713504409114,-0.002395214587477189,-0.013377342250862095,-1.204294741830793,0.0009002836149838711
-0.0021001880310009794,-0.01056501168328201,-0.048724618248960405,-2.9360667463204013,-0.006052882275355161,-0.007673720374942513
1.8941241056983733,-0.0006805637544382311,-0.0002158273560178371,-0.001330741918670325,-0.0018003809131309804,0.009245328842759387
0.002870538759946588,0.026316191135183464,0.004754439601717508,-7.582943236722437,-0.0035722545851552515,0.04278997438159454
-0.009330124900081,1.9998672725861462,0.0028545158031992976,0.006070917667265554,0.1777898343205252,-0.009171490758324019
-0.0004980952271862697,-0.0002853457289240306,0.001858071281949807,0.031791710312754906,0.9563986716342631,-0.015892712330535408
-0.00036434805739215127,4.577437710176059,0.022460704470443196,0.040082601237133586,1.1236667007926802,-0.014660461161599164
0.0032025863571869496,-0.02194810369123697,-4.589847421439601,-0.0069468335028451955,-0.9894787745361111,-0.0016217764332515094
1.5200349457398274,0.002223616903664322,8.364628674777494e-05,-0.001230187791433765,-0.001551427702073222,0.015284506869071277
0.0010801456861383228,-0.0031095956993618685,-1.9858472514401482,-0.008298126690545582,-0.0037185690854714165,0.004438070508752058
-0.0015971807589836356,-0.015363762715381257,-0.016947849542571003,-9.290991330741555,-0.009388139461872818,-0.013884187331338255
-0.0016532119299699681,-0.0037900532277727545,-0.005226681598813805,-0.06307629752321614,-1.6099785068531274,-0.0012857369736443414
0.0016553218503291254,-3.414158886584408,-0.02386525654298497,-0.016592463017530562,-0.5212653962902409,0.012634231322455891
0.004335579835183986,-0.02539563740430717,-2.771399365234141,-0.009103331980199303,-0.1056050007557944,0.00441654071192776
-0.012249871925812268,-0.04191462101404123,-0.001671920861653491,0.001104881225330339,0.0015524184644474654,-0.09942704243993863
-0.0017135974765544394,-0.5819761811200106,-1.298552359796255,-0.0034182666703898162,-0.0011581713517210491,-0.008432710897545152
0.004414200463712169,-5.037357267772156,-0.14232432355363941,-0.09854647254086596,-0.03401733070233401,0.03854854790848494
2.018626039841772,0.004967924084178765,0.2924873996822975,0.07158337716361862,0.0047566004626899945,-0.015893424749950202
-0.0022068138731644944,-0.006648877823908313,-0.30993129290376165,-2.2125752341136105,-0.002168885484862976,-0.004060788058573881
-0.0029013576064380875,-5.295747975947384,0.008156918528333862,0.05178015705853023,0.006843015466301783,-3.672858769711816
0.0004101942276729992,-0.00020676842158880946,-0.0019232895393519818,-0.005865685433097591,-0.003609918517402792,0.008337525347085007
-0.00895278112621034,3.020482246017553,0.0010859718536544995,0.00256572248452204,0.7355556640987129,-0.0034745824145944737
-0.005410850795140295,-0.09769265788746925,-1.5778763996269918,0.0012596989187188545,0.0013957233319973564,-0.018173590812237475
-1.254319108697357,-0.0028552462007328493,-0.0008455048218893003,0.003401701659689997,1.2449138564840392,-0.024111472927293376
-0.0011915997850393198,0.005065097166252058,-0.006654784666419833,-0.3845768669921137,-1.608001052172098,4.943478575554508
-0.005609338551179745,-1.4212233288247618,-0.02066443360653213,-0.013273295506911864,-2.218675103699252,-0.014002033283293566
-2.714982272605659,0.011180831149895012,0.003952803095989497,0.007245839731813872,0.008230677916884914,-0.020543860251895973
-0.005173376709037028,-0.7536006203979292,-0.010722577743620853,-0.004344723396389401,-0.0009626030851880976,-0.0064411047628833516
-0.009833602369000223,8.608257582338005,0.020542673363393743,1.2038528006155804,0.10388301353551027,-0.06695645527938943
0.002228768058277223,0.005376298504684615,0.03721961636269394,2.427338838939953,0.0014186192340850054,0.0046372422119095764
-0.003951358207068764,-4.113335142208307,-0.4416104714208661,-0.0165702246229385,-0.001340045680958352,0.0044799414595393106
-0.0007416585420508795,0.004181101818867118,0.0037214961853873217,0.012178460135104685,0.0450979317054502,-0.00722344753674938
0.01167761368194517,0.014584029144114871,0.018429482898707526,0.06742988322782303,0.01982648456341371,-14.36647325339487
-0.004953405007201211,-0.02228925661931242,-0.01882942424728697,-0.01806519023176234,-1.5598318349837805,-0.019876617931881044
-0.0008729111748299622,-0.21097106997637985,0.0005126524284687489,2.0183251875020463,0.0005706882625084481,-0.06661468077637775
-0.0009378130818698895,-1.6106144164831364,-0.008255475441623746,-0.007727337051710706,-1.1469849191023405,-0.006553032474045553
-0.004413832903533256,-0.013847021216609717,-0.7759870352353353,-0.003950186597610136,0.00029119133178477614,-0.0069840584476494535
0.001703353691509096,0.0011209970052378608,-0.0021662211628137307,-3.1235454413003754,-0.25416694319289057,0.0119188160023097
0.002671796726950294,0.004415072964521841,0.12312933648230634,1.7638996819393467,0.0004945368280667628,0.00317833566854628
0.00038659277431294726,0.00786313144282178,0.6765342246980549,0.01155787373592354,0.00384054696952256,-0.001188009483106379
0.003693112060215581,0.01063470387557175,0.008588895263672014,0.03037910729557658,0.5049043505239159,-15.62912852445422
-0.0041956707368189,-12.572240257813627,0.009335098681433313,0.02819531808037984,1.3967560837901876,-0.30949978194941963
-1.0047071015810027,-0.017803731230719086,-0.7273064115985062,-0.009379100315745237,-0.0009299147036144617,-0.010456225927569326
0.10069447401361831,0.13718680694884045,0.00573888111048293,0.006738416082585567,0.0033889168090295817,8.373694244464355
0.0008490727705628201,0.13643076683320213,1.286440986424979,0.0029483318340834536,0.0023354048705346315,0.00700713595788327
3.2503631621551743,0.003918026049096697,-0.0034372609082449577,-0.007783927927963994,-0.004753537931209193,0.07745449259760895
0.9014811905866299,-0.0015576322024199237,-0.0017428406846319588,-0.005316097069704624,-0.19205299510641038,0.029797198992175367
-0.0025248393339788594,-0.0035091053632296115,-0.006758344270717604,-1.5618636534683774,-0.005106053383983837,11.951066772889298
0.04585847462684043,3.437989314139986,-4.3012277814591875e-05,-0.0032194637488957983,-0.003806945086230908,0.027637157726517675
0.2435555453255578,0.5195511990046453,0.003864551695210743,0.0006469684866556163,-0.0006290858652126861,0.029252734549975748
-2.926704614331993,-0.0003121906601275533,0.0003401302789431377,0.0011263092973722872,0.0015546582912421803,-0.008359358485187318
0.0025901939335024235,0.01971714732971008,0.008594083966339578,0.006412431881402682,0.0023481329384807998,0.005172590053541899
-0.00039025608006907194,6.524385595183544e-05,-2.01852153875184,-0.007570592288649647,-0.00084417053873997,0.0030756090173987647
0.1235724328845274,0.007411585423421289,0.009660309008974013,0.008098637051663263,-1.8357360528056812,0.026721590902502285
-0.004690531413292648,-0.22592881488646213,-1.1085466009414737,-0.0012036790402178976,0.0005820470706004175,-0.014296749908893056
-0.0015443161618810064,-0.004636108698719147,-0.003158857820279069,-0.0036622249223456707,-0.001350658071631843,-0.002114820024062309
0.0006398528674274456,-0.008158469783441619,-1.794213493390263,-3.3868255698111582,-0.0138938301972817,0.0015821882191492283
0.3329294192054466,0.012456207793395345,0.0017413326217850004,-0.0004697390912597111,-0.0015288481326633714,0.03598160310615897
-0.0014078892253737013,0.00472414063998787,0.002471318036297185,0.007965170099586095,0.012225731217664501,-10.789783690045313
0.9108352631263046,3.165681377761083,0.00025330637253535214,-0.0014957138024223327,-0.0031828808332567907,0.017530458996117326
-0.008089104429729523,-6.192224128803325,-0.0023574683546416326,-0.0007662257560642483,0.0012402827542078285,-0.0064945842111530094
0.001442461597613052,-0.08218020907486313,-0.9688195318334144,-0.019724495578852447,-0.19564751214569231,0.0018365434247407312
0.0059571840193582415,0.0029657887670359595,-3.5291616978809017,-2.3862063003320806,-0.03763697011613073,0.022651107965959247
-0.001230634402675544,0.03195588521423789,1.7275671220381732,0.006313681428794113,0.007474715458304361,0.00013580276187038706
0.32247493613288336,-0.0018491531503570247,-0.0007010772792664273,-0.014723135538410204,-0.618405699166896,9.5239124788001
-0.00031928258016795117,0.002989709676060201,0.009104771368356843,2.539854764532377,0.04058867657067206,-0.002858543223447703
0.0042975654598302535,0.48153595697632245,0.0031102904730632114,0.003626502109961103,0.003602777842880097,6.755233671773677
0.002877154598651621,0.007951457691096536,-0.0003802424290598235,-0.0346759378830071,-2.0695312282455998,1.6541182228960416
-0.000179659500056567,-5.006442401225004,-0.05818512932305352,-0.015971684219735688,-0.0043114609806152344,0.01553170553076294
-2.483785512494924,0.015297902742971672,-0.005598061836971253,-0.00968786290778123,2.4059771033638087,0.01210386675226438
0.005400532053646618,0.317769581869921,0.0016691327489940504,-0.0004601169431851246,0.00016690705822957567,2.3555870818725038
0.003165200054482913,0.0009633836511582661,0.5511496858148286,1.6827924143802826,-0.0011545785997517188,-0.0006956385762909335
0.0008560896179665121,0.0016582907169275102,-0.0023792695336854602,-1.7399937893965474,-0.976357926226408,0.015593123162851663
-0.003746938690115197,-3.8223146458654975,-0.00326696562586106,-0.0014400316054585388,-2.3008831148661757e-06,-0.0041676723789949854
0.0005453189763120203,-0.2648614833183034,3.6312284878224297,3.1173037434540376,-0.0003955551272321866,-0.031075661185875382
0.0024894386503666217,0.008051057265376192,0.0025298592562937663,0.0018890803380438978,0.00048673455205949426,0.007948506569769528
1.4463055731446957,0.0004131868652121754,0.004826564889615787,0.006207242195180051,0.0004541140985117691,-0.006510126731053542
0.02830305738739347,-0.00016627736683413885,0.0007313222617657345,0.0003803351063544,-0.0033225483039413944,20.863576383897648
0.005542362483294193,0.6670965924352441,0.02990895771890821,0.01341900417757469,1.648643417523466,0.02252583910784607
0.0012851786690271402,1.9855014554465173,0.00021830515098993124,-0.0011388813935721415,-0.00021366834385508517,0.010573459294808012
0.00272831164958786,0.005278669161735916,0.020206255066226864,1.1453712866816623,1.6550506130748446,0.0032491313133095195
0.0012119914275834712,-4.128431493738427e-05,-0.00268178738647612,-4.199653648627422,-0.7043954013702717,0.006924869388979793
0.0017586158161894724,0.9896217350158706,0.014379551708518483,0.005873114906608197,0.0030187459312186224,0.0016337527895147926
0.0007663978414371408,-0.000329894016630435,-0.0013623184682118139,-0.004860129520762623,-0.0033165784273387674,0.00812183022911297
0.006217666190633658,0.008288347913310743,-2.118519673271791,-0.14078987558943212,-0.127401710858922,0.03520794763706451
2.0318258907485993,0.0013415388118928958,-0.005046764743041533,-0.03625999094638799,-0.5280431551915901,0.14980304541586498
-0.00016182106045251055,-0.002521814873173739,1.817955240164025,1.3919794017517457,0.001989040766941572,-0.010540863251353401
0.0004973084192001452,0.0011375098941092052,-0.0013030036754778694,-0.006263932100172143,-0.0024643882420998173,4.736157822742802
-0.17520411257892196,-0.08398157915102729,-1.7695967362508556,0.00792907203122778,0.005837526887467267,-0.059282813538437354
0.6116298644957494,0.0016432201273962777,-0.00027993109068986537,-0.003249667432806135,-0.34067526476823456,0.032792133046711275
0.010573364658679368,0.005838044899148328,0.001202150930356975,-0.0010461119587913189,-0.002848660199445217,0.025557964318474707
0.011901120759424571,2.9947607346411225,0.001079593199139222,-0.001254926620800607,-0.0018949736238898672,0.015626285369757548
0.0007331864789389652,0.005872623475636207,0.008169538683646126,0.13928183447160017,0.46694908242815386,-0.0017812196932238296
-0.002798451020993951,-0.00594244173602204,-0.0018486586596298262,-0.0011068421676610765,0.0001930025656152092,-0.009149193548139038
0.08454663443419169,0.016907369244537437,2.7571301097463947,-0.011915282810666061,-0.01034052352753849,0.04591434616822264
-0.0016163543866440661,-0.006900923157089115,-0.5302819906719478,-2.2612629959171047,-0.004539393700090466,-0.0026897070848220517
0.0015375110081215088,0.044810325015995384,-0.0015248312442627254,-4.517805767133482,-7.162051558851079e-05,6.71341270950652
0.16697728949781743,0.021719956691829072,0.006081456493568439,0.0022007350222736505,-1.8676563067807326,0.1362590826286204
-4.823401446743666e-05,-0.0016885334494154136,0.0015991928780495213,4.091510105098709,0.0009867668159037086,-0.005890809401455158
0.00554402526340538,0.00620969577090808,-2.146187567332446,-0.07406288830578489,-0.037003037954738825,0.026262395377487466
-0.016709852906431864,-0.011746573880758525,-0.661930074984799,-0.0024429989255726307,0.001677554381471244,-0.01176868330529134
0.0004600075495675032,3.5410728350995693,0.013863836572508911,0.024219709040792237,1.4659549283682047,-0.004665832206375883
0.006263784134751478,0.36237030193913555,2.215575488017491,-0.003939866319255636,-0.0021473597875673444,0.02379705502556062
0.023763395483500704,0.0001214336499791302,-0.0008542261385671504,-0.010515238164287483,-0.8935785722366478,7.910396721850198
-0.0035069729226012607,-0.0007297755219520206,0.00018541711687205064,0.0039293107087338755,0.4037376985759522,-0.014851262640880273
0.0045388044843948944,3.7907802652323546,0.009712508646144207,0.004002773834911828,0.0008969142758293732,0.0007092660212939528
0.0011923468718429587,-0.04109839673806121,-1.5302937911147845,-0.011112984877297505,-0.007261154356601286,0.0007204905191803296
0.0009483134518495826,-0.10300001132719981,-1.4948004242575055,-0.00732173177584429,-0.008584132940850897,-0.001986482972767708
-0.002661457897535892,-0.00603428821582178,2.989096604457847,0.023206106729732723,0.004762927710421013,-0.015052291401486197
-5.687919451531826e-05,-0.0038726926759550615,-0.00818282078687408,-1.422561206279807,-0.016097870045786847,0.002535926606299907
-0.7457079995308372,-3.909055098774147,-0.0001739072775072364,0.002229789351816048,0.0033351904970629646,-0.025129164579982544
2.0924003552687496,0.023644353653713774,-0.00039852042384489747,-0.002677640271811476,-0.0013351717112706609,0.04712405507353784
0.0015809173908662834,0.0008802424107917318,-0.002890016445820626,-0.03097035940041195,-0.02039211019436983,0.03970943940177047
-0.7968004023374824,-0.047657707966233656,-0.21780583757306307,-0.008828355169246892,-0.0025429732427223956,-0.008288515085621173
-0.006797562846069154,-0.35223146927579757,-1.3303155252241103,0.0013980336889121425,0.0011866983181073331,-0.02149981654414939
0.00030460624568382497,0.007633936866601242,2.014123440952086,0.027324219687134832,1.9523213784174964,-0.0010389202651980012
-0.0014364175223060272,-0.00577957854219717,-0.0029576226547489426,8.90870519659281,0.0010113818402431138,-0.013315195459394108
0.00351615729886649,3.2459646016509773,0.33795495457119057,0.036248628858132625,1.7107370398783661,-0.001825855982898441
-2.491713993224577,-0.02517364727771567,-2.016269874717016,-0.002569719147739513,-0.0032676019667258983,-0.029496566937305513
-0.000285005562842213,0.0012439433813897234,1.337292825844692,0.012112529014574061,0.0026491808423599736,-0.004638586546461185
-0.0069150463856908,-9.243208804065432,0.011332875667093619,0.018379844473203816,0.010751559582123803,-0.08866145961258742
-0.001374499968335364,-0.013519366183482769,-0.0011053362207210263,0.00012512166943558784,-0.0004298818321660007,-0.01290314933376792
0.0031158674551860508,0.011101981937500078,0.09009782640513841,3.4096035218867247,0.0007901034658346004,0.01022299228478932
-0.8020776454264378,-0.023433791805251403,-0.002877407337788514,-0.0008822256637984612,-7.010417200367681e-05,-0.019853672366117146
-0.022365527000499527,-0.014720253617787522,-0.0016211536734488173,-0.0009998032847506645,3.911206578024323e-06,-4.638385241081861
-0.0007685637621421142,-0.0008947880069372687,-0.0004057834188622267,-0.00015112895628670617,0.00036410874966448064,-0.0023711466371360863
-0.0007727069812346805,0.0014962557677303534,0.0017160793593519186,5.03102651499082,0.008718774032979963,-0.00343944388052788
-0.02150518652540498,-0.00138868921521507,4.642353093307016e-05,0.0027225904738729305,0.008036537451926493,-6.3068219947156186
1.473503346745305,8.305145200163988,-0.010153641856301139,-0.018242942091311554,-0.44728458142006117,0.20435400048725905
0.0021011929997411223,0.0017779784625063916,-2.3578790998327612,-0.01711562120566415,-0.0049549764632589866,0.011051086925209456
2.0366269663261565,0.00939539246816824,0.09238447638770768,0.0418561397073177,0.005393241192033608,-0.016623160114975638
1.2924068184077804,0.13326636964654245,2.8786705820442315,-0.010670347149588144,-0.004550212528251068,0.08354866151646578
-0.6664238210260504,-0.012923296550387814,-1.5434230407514076,-0.00212983243142037,0.005170239955838712,-0.019375222918502424
-0.0004547534035124184,-0.6741842897572949,0.00026901909809954325,0.0028453853134062144,-0.00014183423121685686,-0.023002427957114626
-0.007849867947694263,-0.0039952206583600425,0.0011784149814023856,2.6431942716782935,0.06276540736254704,-4.257062429320443
-0.44976991364813035,-0.014148767388208193,-0.004143340827475949,0.0008769340372505874,1.5720777931931411,-0.08873737182330427
-0.008931154710620734,-2.0838531716726765,-0.020005632293287643,-0.0207843496748219,-3.692509544931265,-0.014609027855577994
-0.0016418484896193043,-0.003741832891541547,0.0005456803971059374,0.017726126772290032,1.176527231773211,-0.04982202360934512
0.0024255604126840785,0.010406059725128196,0.7055805382214005,0.007976414712144747,0.000703602817911281,0.00317868341270918
-0.0034542166755787223,-0.0989730625374156,-2.5038121365371504,0.0013509157855816634,0.0011889576459859323,-0.016373431678816906
-0.00990614921208488,-2.077146173954552,0.0014904164422649886,0.0071341352577348905,0.0035855640401872045,-0.08997359246056297
-0.0011506380578263588,0.0020544715005819535,0.738992029684364,0.059760530465008704,0.013639971833857758,-0.009455135163136693
0.49771224863931557,0.007473467284971102,0.0008593798927744708,-0.004438457788419323,-0.6728829391417709,0.14668360564959365
-0.5137198965175743,-4.511596121475518,-0.29341557384945594,-0.009722960033715061,-0.0008186451494240671,-0.004180959010666396
-0.000613640527592859,-0.005997575836447445,-0.0019507158135113755,-0.0026260340083611397,-0.001849883250928994,-0.0024893508148179323
0.6209875401057259,-0.00026330983076144204,-0.001073342657097548,-0.026741304726282167,-0.12003580682463544,5.935542665279815
2.438825634664741e-06,0.0025893339869078025,0.004196198956319174,0.030619969842193485,0.43304197297634783,-0.006625381191346032
-0.0010058003607334145,0.000606997003370926,0.0030505091546926487,0.03824855362514645,0.22944769836345463,-0.017129087723887305
-0.007363567769076927,-1.8322756016209396,-0.4501972105236658,-0.007825890439695955,-0.000535309299521251,-0.004928839057314137
0.002142521982446719,-0.005765511051787131,1.1283536721024694,1.32528555076916,-0.001083836032233883,-0.007402275522506764
0.005251512743243884,0.44971911234614875,0.13023681579723798,0.00766447856301879,0.001370660368002948,0.005441768049330392
-1.9600028812474728,0.01159749596663837,0.0005126773943038892,0.0011156758773634527,1.0207173607145745,-0.002449288032359498
-0.7974936250149014,-0.010131850028390864,-0.0021714378142792,0.003405204088477942,1.287487665491354,-0.07229472505367096
-1.0824380218018597,-5.202452955836821,0.0045930985706802725,0.009745193633197709,0.013646449798825941,-0.07233873596324725
-0.00032490090884726376,6.744648774175278e-05,-0.0023648223146511375,-0.038646817393771515,-1.710389040657333,0.01061466429290324
-0.0033086503228452503,3.900219228957207e-05,0.002210023088013462,0.01826334665038931,0.06771492429744339,-2.101547743695873
0.020182753318436317,3.5237029488611573,-0.0010567956061516802,-0.00850646399264611,-0.0057447042465057635,3.39171180188559
-0.002598237780051747,-0.001636882920991404,3.089062029598341e-05,2.3314328079743345,0.029554597953147237,-0.017323472656123877
0.00021031377465569916,0.8316017879879647,0.11166528060834931,0.020829056487737117,0.011598715746440464,-0.0036292812997925934
0.00109389982381157,-0.0015453392621627236,-0.003618183485786433,-0.02482866722051059,-0.045333242035431896,3.1666241343498958
5.719800229161167e-05,1.2415421641284454,0.009678084221275104,0.009235340134570065,0.5939470105166108,0.0014130232785036136
-0.0027598048988974003,-0.013184469324739032,-2.2378680822210093,-4.414616077214051e-05,0.0007780208365507279,-0.008752953390555953
1.269626831396739,0.027226439158926915,0.00092252445828574,-0.0009182584795561391,-0.0005055299569551338,0.04560597198003172
0.0023179498104176806,0.009743920236295105,0.017690145607488286,1.3304529043605182,1.327320126385017,0.0058989902832926044
-0.00023262593935071763,0.0014998233988514917,0.0024869514173241616,0.021483730519089847,0.7289430798945787,-0.00749945267493541
-0.0021440674158589136,-0.0051522369137942566,0.0005906806351544461,1.6224754555770078,0.008669441862862027,-0.038487675068416854
-0.0051751149665420545,-0.017048408616246662,-0.0370998339596709,-0.009581270310978137,-0.0016238243406961313,-0.005439886663001583
0.08518308170498831,-4.23371535792507,-0.0024987022795308167,-0.005765768169637607,-0.14203590532528554,0.01942016824872886
-1.2981421975731056,-2.8471552266967843,-0.012162859623364155,-0.006113324466257945,-0.0012021967403424922,-0.0026839128729375106
0.0034358865054308105,-3.3794308231451162,-0.0011873810133616524,-0.0011608998146688532,-1.6266824149549215,-0.005364917080870113
-0.0021561607966779856,-0.0047232962602767525,-0.004382242816509048,-0.018017480479646908,-2.6809023397587612,-0.005581719576640817
0.0019128883469324842,0.00012199935600171186,1.3311470144352153,3.222866772860888,0.00015172129038877895,-0.002618508566579185
-0.4237715505352735,-0.005111184804524627,-0.002467994668956429,0.00034779292986759913,0.903033984120651,-0.029233288791626344
1.4760433704937255,0.03880056270120094,1.0607934645497719,0.007476810836664613,0.0014884602301491554,0.017011091150296614
0.14718727118697733,0.007196984615855845,0.003072057256108388,0.0002673670670983522,-0.8712509351851072,0.04412317773886437
-0.0012954403378344003,0.0037692053695184483,0.002113391994754188,6.6375118094642325,0.03751812191343757,-0.0019345283648331407
-1.1818059001753474,-0.002331498365253361,0.0005630259022115051,0.0030688791783604007,0.0026468357953013067,-0.03435501041299047
-1.2845347566288825,0.002166982081816406,0.0016286293039137105,0.004469288844223977,0.005643642069594828,-0.021770755881460185
1.5691808731736347,1.1230699973341285,0.0005671393943172528,-0.0014270360248533481,-0.0011513441631063788,0.03142121408166182
-0.0010606236687751402,-0.006859552337289322,-0.010200529378357895,-0.018415554330196662,-0.005548816544921108,0.0022208263537003468
-0.014581590102796624,-0.014884069965861849,10.092449082854245,0.018494412341132804,1.8877205175290797,-0.03873149974422556
0.012851605093588748,3.8093320725198945,-0.006272312032599079,-0.016542254356553723,-0.01294940329089736,0.18049541748098386
0.0008063821873856441,-0.017203042484883472,-1.8161206218820731,-0.009366190148329234,-0.8486901731255716,-0.002345627654824843
-0.013849996490510922,-4.1858662648347735,-1.804534090328668,0.0019144057987568464,0.0019617849039231497,-0.03807468367356148
-0.0008340869990376013,0.000964708007814505,0.004084445035962664,0.10706677583121274,0.14311217941675497,-0.018222873223630035
-0.0017353037013903268,0.0025640717847917557,-1.4146876202657848,-0.007926356380818886,0.0004470410009386004,0.003108336580678198
0.0016093803892476782,0.006765675361844997,0.025274419043649327,2.7191563422997045,0.004309132299894404,0.004859234276725386
-0.002173741273468413,5.566814776700286,0.008770304455251884,0.015093757227444493,1.2875921176260348,-0.016905091841589892
-0.7684687469300181,-0.01241198745512263,-0.0029714224946591986,0.002371166843270378,1.4865835459017924,-0.05298548722307855
2.1463344023109783,0.05030109579664326,0.002135525642635688,0.00025420609606867026,0.000952956522345665,0.02538306546526753
-0.0012107041332229819,-0.01965056961057582,-0.79179740875245,-0.007090584374310857,-0.0018752310434752,-0.002777488149830233
0.002783168809223211,0.0023600988160435293,-2.35744085337741,-0.14250451799124697,-1.4784313529494704,0.015492601545911602
0.1701772161716463,0.02548158324608101,3.360503750124103,-0.014914537452477172,-0.016250564927792328,0.05360075458949379
-0.0004231083549125425,-0.0009468188287850154,1.8749897758682392,0.011190111856746177,0.0019147502375424035,-0.0057053688041443125
0.3786071609788485,2.156413680796282,-0.001841222128785549,-0.007528219871929505,-0.007444235230613024,0.17854688055291468
0.001576653934393049,0.011456700696680394,-0.001766069547296474,-1.2853057227706493,-0.005714336807209799,1.388252863940568
-0.004694924687533393,-0.08122280659532474,-2.4955546768695585,0.0042512176152527115,0.0016759558432043443,-0.019101810728553693
0.0016399740646091641,0.0027533517919952994,-0.0017045970809611427,-1.5790810362174377,-0.01772198143430312,0.021921720407610895
0.0009638397255589835,0.007012983179132564,0.5972453410954272,0.015223568599002896,0.0025060464647512384,-0.0009139560524655836
0.006997014665118631,0.0031186610244467957,0.0012751046910287357,-0.0017261024047286917,-0.7576293748075531,0.024726355936700598
2.131659193466543,0.0038276173073145815,-0.0028831190386338656,-0.007106208868258065,-0.005204869624981335,0.10685462283357172
0.0008057587870921476,0.022837398336716143,1.5868477414790627,0.03393401692429787,1.589809520758158,0.003117466462734128
-0.002399830084899551,-0.0027664577143113826,-0.015693166370971234,-2.290992118218531,0.0003956512471273951,-0.0025200272475878333
-0.001747491194830239,-0.0018025161223966008,-1.2666724346927642,-0.006387874003839195,-1.6369776776508667e-05,2.9545451458905594e-05
0.001245219038102428,0.006347143425857261,-2.781526257118045,-0.013927619954487463,-0.002356016240527761,0.012161252515048838
-0.00240333731502505,-8.780982999529286,-0.4518944922879107,-0.01707999261294757,-0.002177341521468311,0.014808867513888824
-0.48393684160538,-0.009111294934637543,-0.0032110426714920294,-0.003683949536309121,-0.0011560604920442495,-9.316789312811247
0.0007889099462646356,-0.0016146229070885228,-0.672945925994957,-0.09360347750811429,-0.009249911783506513,0.00884811005234551
4.1461854311784145e-05,0.0015367639456452973,0.0027864510500545223,0.021311217150436754,0.8211181625824197,-0.006222649692517124
-0.0013036054926614882,-0.0006192380331047258,0.001222363713179433,0.012194460901524769,0.6661068435210005,-0.016166644910563605
2.1549582471668476,0.09805960370495538,2.0755421112344745,0.000418430715167728,0.0015424935257443858,0.05756442945095386
-0.0020837070962055927,-0.012238451750342175,-0.6675855195188976,-2.987571195373156,-0.002474937324385804,-0.006303861296158082
0.0030934697738497236,0.01030174889872201,-1.7572997463921731,-0.18819134840030038,-0.008343472770133413,0.02973267322310784
-0.004393705113270671,-1.3839838071386876,-2.783748089205359,0.00024690609212812964,0.0013922120579661214,-0.019455464695880914
-0.00767082065740938,-1.0846558586905741,-0.0013259323086709687,0.0006949324491706049,0.0013418909161468787,-0.02158685016817903
-0.0013412186905604525,-0.0006509601872323589,0.00363821359473008,0.1944233828686347,0.364956320050123,-2.576342134650236
0.0011523306236436983,0.008533498912812968,0.5967550257128823,0.2890325866834942,0.8156051024025625,-0.0005940175466607883
0.004260359240455717,-0.002561833285403146,0.001623281988250142,0.00418514720858934,-0.8407739315850473,-0.0014682703907119496
-0.0021233058227424426,-0.005236371207358967,0.0005594853061582951,1.6312905169333103,0.008265295388518747,-0.039817767320402646
0.002436359559523789,0.004451714831268957,-0.00023529370905254338,-2.1775723262848428,-0.017827102834807016,0.029396862463201175
1.283094597142306,0.05898070536723727,0.001448454409747895,-4.3807913191801565e-05,-0.00023871395188045745,0.027159226915900225
-0.0038082878663803638,-0.0074035758229930165,0.0028259888043645695,1.0506716560226756,1.501730793807663,-3.447899954161892
-0.0008734798678757261,-0.015319135720266885,0.002180328771897319,0.032883345730709834,4.479928830996774,-5.532495501267125
0.34183281848168795,1.5725753300165586,0.0041139909446875735,0.0007745120076997104,-0.0010079230044134303,0.01772072699752507
0.005485439110855542,0.002193693997576268,0.00011016124629357549,-0.0012034871251352466,-0.0013094414610167263,9.332098845116025
-0.0001626597714777661,-0.006354655021965833,-1.3672794681659015,-3.238629931601162,-0.014448722992962033,0.0012537909835143024
0.0008024286700087284,3.2322962957468184,0.6308114670897516,0.017748333142001443,0.0031661802174007257,-0.006340277746367723
0.43143503759233914,0.014331136206174901,4.259186835253477,-0.018201253809012385,-0.02222779432976051,0.052570747437202414
-0.8599152923190667,-0.008598611257919176,-0.00786788772288903,-0.004126494266201597,2.377599640760911,-0.024084693604493446
-0.0009072350436532747,0.0011894388935462692,-0.005734187822319391,-0.9907126957853979,-0.0055992212062701205,5.1299620262475845
-0.0008616015349642877,0.012574899154624225,0.9048933276808087,0.017836856632058085,0.009246476663920804,-0.003342839164891521
2.7708661188073367,0.043600417955558,0.8500551838210655,0.015553888927353682,0.009027704692363048,0.011064587983550922
-0.7531007523629762,-0.03108066570303146,-4.8819183457536965,0.019332550274191007,0.01892011820632776,-0.07359054351112171
1.6992874273279333,5.310752359973071,0.002309101535205302,-7.620623935527399e-05,-0.0010341278127377754,0.013294864356901581
2.7487577868253426,0.02510073493102378,2.153893443748792,0.0040127302628580885,0.004485361881054131,0.03485106200485988
-0.0029845996749501744,-0.0009279891928653612,0.0003632624637432427,0.005569591178436379,0.4665597629661895,-0.01738790802546031
1.426801994003355,0.00967561898405031,0.0033552867606060958,-0.001977057441739649,-2.151296662954717,0.02739629355643769
-4.246821965466966e-06,2.0411912380873116,0.004698063725621724,0.0035412056642199798,0.002567126451849724,-0.0012621291106020768
-0.006397617921122929,-0.004978515289086348,-0.0024892619289719753,3.5109025744209585,0.7306873860476651,-0.03755646138727037
-0.0034506010779178165,-0.003611153417048339,-0.029350966984754284,-2.9006599788356793,0.0016586361411713036,-0.0052661000231751
0.0040499497919713945,1.7985735215590573,0.007498350711688741,0.007576182431808409,2.886903529040402,0.018469760866692025
0.005426137596858402,0.008377156888016803,0.002324195189949363,-3.0882369384884187,-0.05799129530602006,0.062358677564469056
-0.0014741991840413055,0.012431388371434593,0.006691497229306287,9.26489210682894,0.25792139957058646,0.004349748906551321
2.909735873562192,-3.86146189586148,0.005653941896173952,0.0138671215354004,8.236968213550045e-05,-0.03178948591562275
-0.004636561556962205,-0.34425730206479904,-0.011621488744096782,-0.02433547257809543,-2.2065152924129676,-0.024860212045718172
0.001763006841759493,0.008072199771887154,0.0046300880919209085,0.013803911100903427,0.026970086709006663,-12.215783060287922
0.002259025652261673,0.008855365396963188,1.0781422395292477,4.145713676610129,0.0016578486143355138,0.0050283811016080746
1.3529749513407607,-0.0004821600868792014,0.0021549293985826676,0.0020620355336670388,-0.0004465280193074985,-0.0006199127520651326
-0.0027434143895514827,-0.3356447127874032,-0.2159920250443936,-0.007643325965609545,-0.0026925736245199364,-0.005042056453573579
0.0030203587669308096,0.002787309769851693,-0.0003725946755419393,-0.01681350446207966,-0.6972866012949263,0.060659881236030985
0.000962319615335215,-0.001967687462609293,-2.459455271745403,-0.00980173542346613,-0.002644940608391976,0.0046895117699158745
-0.003272723579373849,-0.015077318075588639,-0.016357592192825607,-0.8569204876077761,-1.80089656669856,-0.01043161341228667
0.001411855810830067,-0.006202230849316495,-1.7913016614956536,-0.009026905718158645,-0.005621069566429978,0.004037411791518883
-0.0010148418862141024,-0.007295641243146949,-0.19237198103212957,-0.04905449651789551,-0.006460297202174852,0.0027175124496359457
0.005807633436983026,0.0070371150093572355,0.0035362013286495903,0.003419922883503096,-2.9588840818169273,0.025898003192444563
-2.7485755392355724,-4.006190310183718,-0.5035014987849157,-0.020665642687936137,-0.011866002362970814,0.012644848855664303
-3.7791091171979274,-5.554101752450935,0.006794000717125196,0.01265115050727983,0.011313384432738063,-0.07420390512376107
0.7503722313339206,1.9494881282657233,3.528247014175926,-0.016047597597150798,-0.009402731799189523,0.2925039606476667
0.034989268887588146,4.263060152077891,0.675628203555299,0.00591184162357157,-0.0010169046665988086,0.013575087864495572
0.0010738761367647559,-0.001898627717684511,0.9614360219373135,0.016155912229412678,0.0007794816082648909,-0.005440402574449046
-0.0007656650313970134,-0.5206512279515985,-0.009288742883108325,-0.013787423989253964,-0.4993654108859529,-0.004081562144554962
1.447846954714931,0.0030609729132309678,-0.0022189051608085663,-0.010565491247808367,-0.6094163021104783,0.08709408548500641
0.41211845844121786,4.049353448638855,0.09321361742907248,0.01091469527752914,0.0004952076579073019,-0.00030234279179244816
1.8507377904247022,0.017060394838121093,0.02144989203101489,0.011946338852639078,0.0039224149705277015,-0.0034662947608158357
0.0016896371367862224,-0.0037230875342742593,-1.3151151111549175,-0.017532736067100305,-0.008799283602438339,0.007139713474038446
-0.002521938898219468,-0.008212010416822822,2.1625782980344113,0.048744330774310674,0.005203615327182567,-0.01930164039429077
-1.1634205417760097,-0.0016903919011772744,-0.0009051225848626662,0.0010931902326807366,1.0423188206935445,-0.015854281545662374
-3.182057464037437,-0.02001135120283395,-1.5192675862774654,-0.013562204838509284,-0.005502059489433612,-0.011337198490371292
-0.004848663820210956,-0.012115773756338169,-1.4294984952957501e-05,2.987121291656845,0.017093652485486256,-2.3416352555099658
-0.001046511578295873,-0.00016366015322251404,0.001667158335744122,1.7562790968824835,1.3243408001287063,-0.012766225073222628
0.0002317673880081056,-0.005164821397772856,-1.2884723614436213,-2.2563680889988884,-0.010521145208287348,0.003275586425179883
-0.0002585642542701187,0.004563067192671863,0.005991268078970234,1.2542138806268337,0.019805275817768142,-0.0034108643613282724
-0.0008655225017628751,-0.002530818785219986,-0.010077975253977843,-0.03977275017080686,-0.0050270931965868985,0.0078240360148915
0.11627682621493562,1.5978688759686062,0.0009605456968594089,-0.0024005024661365414,-0.0024018596305453305,2.7061161767131274
-0.001760220582911767,-0.020180491353802805,-0.031033506372468343,-0.01553544209229576,-0.00611771528345459,-0.0014283814675324713
-0.0009237983847616149,-0.0004479779469239026,0.00215809290313429,3.173728867153109,1.277697175368845,-0.008466152834601837
-0.0056897246644914716,-2.729903204499159,-0.10920555163994583,-0.010004148095728485,-0.0015271404041186534,0.00240255270656807
-0.9291436937553669,-0.005378113062808565,0.0008884081494484806,0.012729887411383516,0.6417491515099366,-0.37457381602177264
-0.00038218309668983287,-1.8461902768673446,-0.012915199867676442,-0.00935595519361486,-0.8139360968100197,-0.0013674692012944686
-0.0016868420605095744,-0.0067341104467715,-0.0010206303031156383,3.240029739680464,0.003533285676167194,-0.0233165446601762
-0.00033747944955052356,0.02856989246263579,2.117753797823893,0.007908057195452733,1.266628348627737,0.005616001715483508
0.0027184111119064156,0.011877189997843565,-2.1525187884781976,-0.04045709937901343,-0.0054392288271857565,0.023296460446330026
0.0012351485713744626,0.000881876907871918,3.520097931788968e-05,-0.003458890641254847,-1.76595054220782,0.008551388745633229
-0.2912491838522999,0.0036864142988218135,-2.863781953566476,0.0029185320960263272,0.07392513516808898,-0.009370755949112033
1.8028551161865027,0.024798398506124645,0.006360120117165598,0.004309175164848137,0.0022485671584371275,0.007988797041593276
0.01997110973619447,0.0031029428341687293,0.001208389928709197,-0.001741202570787118,-0.4035032191034475,0.030232690969607567
-0.0013721249931100046,0.0009613906107587104,-1.3769654649451897,-0.4656819154440974,-2.1339478706650334,0.013334832087756543
0.8083680562912988,0.033559490879964175,1.5093352195438117,-0.000660502970449145,-0.0027223312070750703,0.03313283848443019
0.0016043015804108971,0.0011828977762458374,-0.0003675968298489813,-0.0024121435358049233,-0.002582453276819205,0.009901479669330679
-0.8544577155301454,-0.006628489604238913,-0.007533174260668964,-0.005786200138759513,-0.0006937930655575091,-0.00164816542601591
-0.0009511938863749968,-0.0013712193801224725,-0.0032164259752370437,-0.0760904083547429,-2.006946482414436,0.004960576652318915
0.0064976359142110566,1.1387039695871013,0.041933101268935506,0.019578474832387893,2.122802492130391,0.013688468480439017
8.175017060457549e-05,-0.011869790490392083,-0.405158803087699,-0.0196048614251245,-0.01866269564706881,0.002652839154195349
2.461543936171417,0.07480306735853548,0.0011935752295248315,-0.0008648579784648128,0.0003658246834358384,0.031160364401168705
0.2182858547203942,0.02795887319605426,0.06076567324587162,0.028033451485661054,-6.488870638372832,0.04110367237352097
-0.0018935461091098707,0.003331116249630627,2.0780243573333586,0.0171520169673246,0.8383699730124944,-0.005220998746899873
0.0008718388777164374,1.364371282633069,0.004995454751689027,0.0033425953779284987,0.002306210144013194,0.0018811301340561637
0.0015051028062828097,0.0028010519196506,0.0029543865972878353,0.009479720436650269,2.6759350393235146,0.003843326351982368
-0.019572591405433604,-0.0018802603872625362,-0.0007804706034399665,-0.0006453196932217544,0.002726029368523425,-14.304681992050241
0.0009902190731187407,-0.0009873066131168562,-1.7045206864489386,-1.4854162445155605,-0.005856995967399781,0.009371905120406749
-2.053702972248821,-0.08793120719856395,-3.886744906606251,0.007388484879285562,0.004773493990353385,-0.06084989209654934
8.902153214380314e-05,-2.8652110219427542,-0.014084895012422795,-0.00802517565514917,-0.004140465824557384,0.007093609581030759
9.659523292867612e-05,-0.0011109941261168814,-0.00564925710192038,-1.620049891437609,-0.008792282205193994,0.005581839842858344
0.0040563995130492286,0.009433946570921021,-0.0009869275612186187,-2.750784489026653,-0.02407012878670959,2.6980896297829307
-3.4609566160373326,-4.983674384488062,-3.1459537646369053,-0.0082491154615989,0.0009816034227285975,-0.029664964452206455
0.0027370360989136294,0.008673270753800418,0.0006491105769240033,-0.0018672245540363782,-0.0010607660082129842,0.027035427598328388
-0.0024311801925640756,-0.0006610709556355921,1.3480343875413543,0.1647383591890188,0.2756091924248133,-0.013644985886770026
1.422902470122472,0.020986213964258895,0.0018139592024069766,0.0004171356091633724,6.281818432008106e-05,0.01970011373242081
0.9125735001144742,0.005641849912078943,0.33991333002983326,0.01954398804855046,0.001416191701732595,-0.0022811423692312705
0.002553135266003986,0.3179154230865188,0.001530043545579014,-0.0009125900150593596,0.0009496096766162827,2.937049969519626
3.4452548465327872,-0.00709183319011669,-0.0055482388254953436,-0.011150700444440892,-0.009239950108306746,0.04505326458343484
-0.014821073976912753,-13.948522492167035,0.01247136988576978,0.027690688737547348,0.024294281262132122,-0.1410631066909218
0.0021190556070461997,-0.000675131487013314,2.036279858019574,3.986913826523619,-0.0006303749030813746,-0.0029674636294441045
-0.007661892172724577,-7.13683930312227,-0.005934148756985294,-0.0023456852778389603,0.0001698362203409024,-0.003596094318772197
0.8956935334496944,0.004941963556075179,0.0007570240736027628,-0.006606069509842591,-1.0058009481470904,0.07206635096570763
1.244020601708883,0.03516683143735202,0.007073671548264996,-0.0012420016136213685,-3.528261832339785,0.07487727867782201
-0.013607936737478711,-4.064234850225941,-3.413770736863508,0.0018170055154009823,0.0046983454532164345,-0.03533254917114015
0.002918760163657672,0.0008461230734905844,-0.0011517124901821972,-0.008532223197930929,-0.19022311708341721,0.02348263900436432
0.005471666179325815,0.2661692930119715,0.01000516719217963,0.004158145165462266,0.0011239077448681422,0.010784491488720963
