0,1,2,3,4,5,6,7,8,9,10,11
-0.0012849548686374099,-0.01961922875623537,0.013762040496883787,0.8853830214458323,-0.005235938146211059,0.0019283826695480634,-0.0007147080482805546,-0.0009227797368773268,0.0012927461926082254,-0.012080812280040477,0.008445364592168603,0.038170704326880266
-7.651600088122677,-0.050637435490645366,-1.9847733140508943,0.022061574331739386,-0.009893172008842564,0.6543437808591754,-0.007780562625507234,0.020224367729117843,-0.029669403451250853,-0.012226488815159198,0.008294000759046627,-2.1673775836575295
-0.003836498339464145,0.012013074851197403,-0.006282170187932534,-0.01180821015233629,-0.002212310493222489,-0.024907285262784042,0.00210949890806178,5.069516159369117,0.002054724326183699,0.032808226357740555,-0.017984311210081594,0.0035750589837277684
-0.012028611426358794,-0.008590528564706441,0.015542091417733606,0.01721790867313666,-0.008631189223593317,0.00965017680526098,-3.032200317635919,0.008847426530783797,-3.969061393339191,-0.012324977744435195,0.003720075121444462,-0.0005312939449441806
0.0017133007783804253,0.003985799622702919,-0.013604179395163918,-0.002719646140475318,-0.007534228912706425,-0.002330106458091251,0.016092471065463985,-0.006072711040270351,1.6077720395794128,0.0057760969534871864,-0.001688733495782217,-0.001108635589582952
0.0034077093544667703,0.04168600063699257,0.0031723711734945037,-0.031546506572853183,0.0007611812812805228,-2.91540650990129,-0.0341943290848834,-0.01569641622554102,-0.002630609262887662,0.003791635199185399,-0.23254195879032835,-0.012809758206440314
0.011433131202323487,-0.017273780955001906,-0.006414741347702346,-0.0036683447347505838,0.01148926337507469,-0.0033467772400991302,-0.4486379388798297,0.005082028937262728,-0.031005886542102682,-0.0039745851194021575,2.512906042433316,0.006412042754396913
0.003987227796827919,0.02266115105638078,0.018068035944260374,-0.0010003286931301036,0.004723572785955497,3.3967005033212008,-0.8117086789277579,0.19851562440725756,-0.01526356366858267,-0.001051470241612576,0.010944226519194022,-3.215645501985349
0.0029621389726474934,4.8670614416543145,-0.010323205867304508,-0.042033702391983674,-0.012721228824779732,-0.03015688469761768,0.0029058239536220998,-2.931829087647145,0.01819565286725977,0.020440017491122342,-0.00018299764861018364,0.018666168067168254
0.0017581939906089472,0.08042036800779484,9.453148557728515,-0.0012989658477963184,-0.007156860974517981,0.0019780486158580968,0.09363190453986701,4.740216008946703,3.0149737913688277,0.004908441774101102,-1.9846333143464463,-0.017642613082760883
-2.040665670349068,-9.412992978540046,-0.0031852151572519527,0.31954572270380766,-0.04946970863819569,0.010711346308664993,0.008019481845486731,0.028746955787378514,0.014108880511866095,0.0021398703412187636,0.36898903003311334,0.06907091831873657
-0.0015943291345585373,-0.0021065867486502877,0.0035328386257353875,0.0014178679404982842,0.008419668173707562,0.0023285542748488104,-0.003919918753789513,0.0037959695617352717,-0.00384092999080744,-0.0027450679127664535,0.0022270943842321576,0.0030040115893853066
-0.038685877092760945,-0.07797744948288665,0.008166158702450688,0.011092280905139779,0.0004570930616439456,0.015314621383510016,-0.11019882108817658,2.5496539980216744,-0.018618297503517955,-1.6526745661402549,0.0047671672752445104,0.004769996355664951
-0.0030094694078321993,1.4866669240945214,-0.00831235353991766,-1.7909069641056448,-0.0096349428831769,-4.771875892633929,0.015342436435451412,-0.012734901189765724,1.0994958657407814,0.021024722291373088,-0.010175342183618152,0.004077682676121519
-0.001698763475006304,0.02264038348334818,0.006055978706181686,-7.573898545452451,-0.01580490781210117,0.003829123571793396,0.002941522837248245,-0.0025800754971901374,0.224294068436091,0.003850389244775751,0.023206198412102808,0.023100717198069595
-0.004260009597286424,0.0010475805449226099,0.9646169122810646,0.003982042365655469,-0.006675261485661228,0.0006470916428690521,-0.023229645139933912,0.003006563653510097,-4.783432740555419,-0.0007933677902254299,-0.0026756352588314016,-0.00907707505600093
-0.002264471833064108,5.638269363161669,-6.577627098648719,-0.03726254767065207,-0.0015780833696777408,-0.010410390138233527,0.026860415956167352,-0.008467954789266985,0.018743398028417402,2.105741232061291,-0.004123856969141776,0.01089373172721797
0.0006118548109249125,-12.277746114810405,-0.008352604871065983,-0.010442358533622631,-0.005530515929703508,0.03419892822407,0.13722518279087897,-0.0020861737753024023,3.3572477808129086,-0.34910052204756425,0.00043501417935396663,0.004400609818848267
-0.0020766190484392314,-0.00013097848654659958,-0.002029370689439864,-0.0005829556601865197,-0.0064564668506307855,0.000864971065347855,-0.0013347572086285654,-0.0009587342421487751,0.0016486636103922943,0.00029536120970349275,0.0010288706880773476,0.0008679437670819058
0.027152176575676368,0.00433014378672536,0.004693710999619238,0.008162550068210123,0.010730269199140503,-0.9912568689005781,0.023358335128150554,-8.644843991556039,0.005231587866691756,0.01299703240265962,-0.0004686175830601602,0.006608947432988073
-0.0032919312900453745,4.524172413591835,4.824174149733616,-0.0032101424001794443,0.01662585846334534,-2.7689503623767955,-0.016492036789143485,4.715026988023597,-0.010171735379639668,0.0682177336740728,-0.060947932472342536,-0.0086842472788152
-4.775667875762268,0.017540484753812726,-0.3902388816744899,-0.011794137074375238,-0.028555315483058136,-0.003942700818717462,-0.006389948600472065,-0.0013831738522547404,3.7775287852365347,0.014292605662819112,-0.0009445581841775724,-0.007006145914592393
6.69315573745962,-0.005317154367811661,-0.026749303339734798,-4.100854884326729,8.742183228847018,-0.017753868090670588,0.050022294650233334,-0.08481734787558382,0.003750580921384028,0.007466685582300556,-0.12980316417005966,-0.016791285958124624
0.005188314908651741,0.002381349179572556,0.004770327831375508,-0.05291414071830847,3.148234926360356,-0.004696543159143363,-4.5553874270652335,0.004318448549021525,-0.03208149719718237,-0.003001547366910884,-3.9719202063977734,0.003135811425700852
0.034423620058304724,0.0026957996617873736,-0.005950081742211018,-0.0005726039591587156,0.0021044681157249556,-0.06732264137428884,-0.006596644406556114,-0.06660960220121187,-0.002751168066323466,2.566030768714178,3.513625432266541,-0.002041574670774357
0.05090106155318175,0.01652228654873067,-0.019969847223934467,-0.9547406480249818,0.008717830038098352,-0.04625146352444963,0.0002961334740058108,-0.004173293261969465,-0.012205002286191813,3.060788317650449,-0.007690124604419424,-4.952129632411029
-0.003127649632826842,-1.256790909591159,0.0014085375169642506,0.0022836413268395583,0.0007454810712013392,0.009291362478490384,-0.005832620367974283,0.024003689978425058,-0.02125977813777272,-0.07873766920563119,-4.909471375940024,0.0016677421856365338
0.03605121970054831,-0.027015753707381296,-0.0037641977069504395,0.0041063741329074015,0.01763115970569983,-0.003998549080097943,0.0025706598464922126,-0.005118878013150356,-0.10335967008197233,-2.741174074474162,0.0003274956111272431,-0.003188509042217987
-4.956899208997658,-0.002853551140752697,0.026526864360864266,1.4136560743153233,-0.12961298841057212,-0.001753394946762632,-0.03398574869492188,0.006183318936630461,-0.0026651936151362854,-0.01143097740352804,-0.0032436011275383536,0.005071966362249158
0.00010212740897380841,0.004271644140257607,-0.003459587604971907,-0.003200501092204464,-0.005086006888852385,-0.0005562490013104864,0.005918339492827279,-0.013041210520241701,0.00917605742519955,0.0032774862550775255,-0.0030467490913128675,-0.7107729281168319
-0.017154047351981727,-0.012719804463076856,3.445723433482563,0.09263534068036328,-0.004826873944243776,0.01862234450547841,1.8384184322537855,0.05760365688707264,0.013916779647036526,-3.589359177458263,0.005932277949573572,0.01525648377327414
-0.0001690820196717513,0.017860359443340412,-0.14328853212387038,-2.679653054888923,-0.01254509231427825,-0.006172110057209749,0.01280941879778752,-0.17079046807820036,0.05097722425224083,0.03560569424657754,-0.0002331792239023689,0.0009115267268135843
-0.0035946660802024166,-0.011433394185655027,0.002930682930051194,0.004893755432800611,0.004154112285299732,0.008031426756571258,-0.05346039999135957,0.026950769733272192,-0.018114485448380895,-0.009600551471177166,0.48514799470891606,0.008887999692952352
-0.005879634507175657,-0.00045774060403980243,-0.015484564885697272,-0.0015041772826049904,-0.0037457558245764244,-5.250486453937224,0.007311809103200062,-0.0004907497171500186,2.588695788878937,0.030645415668484555,0.006516481973675825,0.01952065350472948
2.8663299252384977e-05,-7.28277459096649e-05,-0.002511032533619395,-0.0904961410214209,15.232614349684471,-0.009419743531324173,-0.00328658607704313,-0.01828832056213342,0.010004765658504056,4.484257360973219,0.002877036215248485,0.034993064657188475
0.11155023203724879,-0.0038602711382376143,0.0026250380031500598,0.007163570790943213,-0.012515692071130059,-2.3937724536775895,-0.09333287097296084,-0.003804298079881547,-0.007598983870114567,-0.003365156557022721,0.007194711444238444,-0.0018605996669894317
-0.010998113155290534,-0.1211934996589008,-4.242009107322019,0.016131799598630814,-0.012732301018332726,0.009554052402337976,-0.015799310479639894,11.076432302019676,-0.00436428418794943,-0.010114409152051418,0.044737530185945396,0.011099030282094073
-0.0271604965832426,-0.07883443684628588,0.006675479366010428,0.8653870707126998,-0.002073439508215584,2.808627131260451,-3.5033277238618226,0.07520746939031153,-0.011484028292076731,-0.015060273180049377,0.01952246751735842,0.011485631729979087
-0.003298884674413305,-0.005501624998655696,0.03296131671840796,0.014949840751435746,0.01846618343580101,2.0940091461222328,0.004841433000981055,0.01497237467169843,-0.004754353262532929,-2.5691777256750212,-0.0018687726236936708,-0.006575441013415662
-0.07359292880862611,0.0038112341444431763,0.01420164736995988,0.17914499343932944,-0.0023043753083051843,4.80841992159343,-0.07187536644491344,0.004487425530952993,0.0021365912016637623,0.018425835755615082,0.13361221366759324,-0.00675400662987187
0.024605933255478107,2.1717432295732166,-0.09286542336158377,-0.012587254498702793,-0.004985119543166272,0.001080264824465993,0.0245054429677804,-1.9990511077288886,0.009215925693410842,0.04492140910460374,0.005501364546541987,-0.08002320564192344
-4.484237772986191,-0.009827567378275878,0.009068326186155015,0.006262060169080125,-0.012467650761993772,0.02153491585654399,-0.011378961965796425,0.0017151912894229626,-0.0010348979437203778,-0.010893804393052653,0.011670870662752835,0.03659319893369717
-0.0047635741869869064,-0.005286971087028565,-0.002827816527357508,0.0004373958457546148,0.07023303857333849,0.0012647263908421543,-0.00031019332784073574,0.00018337760345623092,-0.0007070271733219426,-0.0012300510196020238,0.0012754398753117855,1.6425034206917637
0.0041776874081878215,0.023510875145425686,2.6243681069204516,0.004048347988743428,-0.0030306665669688976,0.004807629805904545,-0.0031942067821328704,-0.006883932691163497,0.005146777662837065,0.005327844383725244,3.3241830684715703,-0.014050087081764195
-0.0041638208832900925,-0.030896815709009817,-0.008579361214957948,0.2064917499091834,-0.0021039876643667473,0.007590046464903244,0.003872137336659587,0.017719443137075852,-0.009625127880369955,-0.00021512544127377797,5.813615133503653,-5.7137028701494685
-0.02262639095394503,0.00848623313157515,-0.019310290122246387,-3.979113201047097,-0.0550490347325821,0.0029893216919082803,-0.01869472542514994,-0.0033528694917193957,0.033479537498874556,0.03251253698871791,0.010896319184512171,0.005321005713260482
0.007838601845193915,2.7113946292574003,0.004428428304757646,-0.01211229042808526,-2.9272529220313315,-0.0038671621387727506,0.004052564906920519,-0.007042007847153475,0.013278134270437624,-0.003952031991391658,-0.006286291813138736,0.00642863730083057
-1.7276483515461396,-0.0021406612185578336,-0.007314723260363181,-0.012597638461333438,-0.009960389839702787,-0.0048972762434482675,-0.008412036532376863,-0.025067428707142847,0.011334133417858612,0.005034921222355826,3.6635794157277637,0.19684080167762996
-0.003463487006083843,-0.012700200118908461,2.064135802437489,0.6473254431806499,0.0017681873445553192,-0.0017126105526473479,-0.2418622917525044,0.006723312139319815,-0.7882223603108529,-0.0031701133048446517,0.0008638640231018319,0.0030539867700128624
0.024925359794887858,0.027280146356349677,-0.009958458403036996,-3.42160419029441,-0.00012780140512870975,-0.05195021452143023,0.07207349903834093,-0.0038530260794186373,0.05652225644461373,0.015797208709343175,-0.002443996876057286,4.674377523732875
0.0004166837129055412,-8.113267939454332,0.00010199128623838982,0.02089581052151912,-0.008247755953843416,0.048137350855703254,0.010844075562610245,0.0930532408660758,-0.0008016037726938929,-0.830381477414619,0.03987916467209168,0.0038332680980235345
-0.004787417275128344,-0.010160259682049,0.005793592495802376,0.010807317994231376,-0.0036298448994623385,0.01179023749813056,-0.0026807859649506426,0.031607522532046496,-0.005727026653463753,-0.019240112361209517,0.014853731655298207,0.011877484174378733
-4.0672640746452196,-0.019683733113881594,-2.5089417975065884,0.060366124016787204,-0.09615943306334934,0.08711502461851106,-0.0058031544204440524,0.0014758318489851985,0.002062366488884703,-0.006519697468224006,0.03391809314119461,0.0019207769607050285
-0.003945653523789764,-0.005818999041819946,0.006748510577529457,0.002934382763226589,-0.009822936506420951,0.006887900312171182,-0.4093720454657914,0.0022993737945201506,-0.0045577826560382955,-0.010928405588551047,0.006889160239004856,0.004129949064702881
0.004053876766043682,-0.001436736502728182,5.787653737395733,0.0024476064592241498,8.279138653457888,-8.248467644592083e-06,-0.0108782207163212,0.005676965135330891,-0.1508534749647702,-0.005116186350302587,-0.0011431022116115963,-0.011745482450057881
-0.015307282690450563,-0.007547838791944539,0.009439332749304086,0.0034019240239706594,0.013449692086793474,-8.540265833911292,14.652275900748393,-0.0048063564144600335,0.09282102350908872,0.010082369009203562,5.352332140193539,0.23526475171790295
-0.038738614702922725,-0.0487329503587155,2.585054397057874,1.783027259391588,0.008874664794872145,3.466512838120323,-6.359025377574639,0.3454576792109245,-0.06639122078961979,-0.33132512269841996,0.0020520366052929617,0.009462190405253923
0.013094678630085954,0.20654188021630837,0.004135242017524021,-3.618291606224359,0.004498168376439275,-0.0034246409087820284,0.015268670731162781,-0.0003312802912574242,-0.0026569388015830753,-0.0009234429443605308,-0.03681233146516161,-0.018055856850677704
0.007363225395199345,0.005670673180310944,-0.004127689174406113,-0.0019837834517927866,-2.958868472973139,-0.005796712310591229,-6.5455180439754574,0.0013961346836665334,-0.0017087952302034613,0.0030034243670971628,-0.0009125308324545592,-0.0003252167984599541
0.47916911363586956,0.0007109336134445915,0.004516942231340948,-0.0018773824020691804,0.0007097044898465648,-0.006837157576232315,-0.0044785031009489315,-0.0015265902964862466,-1.7977611164849683,-0.004865513162857105,-0.0030866258007287532,-0.0002046502678160842
-0.0006042321371508563,-0.00913463615287713,0.020342037965137283,0.00859319186934393,0.010960323997058815,0.10418236685548621,-2.4478944407255296,0.026020359157487682,-0.04311929820964411,-0.0204503594520844,3.431383846618327,-0.00814329278057796
0.008395005178088416,7.000299759767898,0.011120599107741824,-0.003538287523087935,0.06762914342717007,0.008506185188774662,-5.839504468964778,-0.1712443964815864,-0.01134602400676371,5.543895812442244,10.815043290054549,-0.2556221800965961
-3.048884844588759,-0.00040118809008377054,-2.858889553925831,-0.0014230208144806467,7.080302314855524,-0.0005988984173039835,0.11475338891828857,3.1799748785125637,-0.004009515061921265,0.010010272883031968,-0.012758725037020746,-0.005851604280653816
-3.132407098227695,-0.03141166853526434,0.0916165949187775,0.017555558540247818,0.009216972288447534,0.07386040917977565,-2.2229123643315134,0.12851891874211274,-0.010196304205233098,-4.3001827584062795,0.07470899649335072,0.020229897439195454
-2.248336386523756,-0.0006785861578939359,-0.0037072713164470867,-0.0034515483239286743,0.018670415935843027,0.003838712340319572,-0.018536786115925102,-0.06536094843749274,-0.0005397299020129202,0.004503632758475873,0.0002916920974166577,-0.035874034901263036
0.002781744928482932,0.012914932099338472,0.008316023544124751,-0.003171560101154332,-0.02338196792299488,-0.08824818403014267,-0.0054428182173738016,-0.8219944405373996,0.7910863000518837,5.024219963663995,-0.001472281805175557,0.017494041236019164
-0.007925277107471929,-0.015563428985856276,0.00669842674845339,0.05593334567915387,-0.0037094881064599627,0.0010401589645646636,0.025632780591738236,-4.33700641524641,0.0016345609150655305,-0.005521225929748963,-1.136695020680854,-0.003518964355926024
0.007621997511859659,3.071277803440056,-0.005403742137665063,0.004256421794610388,-0.01399518434842897,-0.009427883248828928,0.005509015674857273,-0.041257418678192215,0.006507862588092363,0.19189610274453273,-0.0034832249447580912,-0.3278100282821015
-0.0039406008056115695,-0.0011738401706536273,-0.0036095643867056207,0.003371972485679886,-0.1355451472864501,0.0038089061066510638,2.367775619557497,0.003125653460354552,0.38784916905908007,-0.0008219594348189974,0.010166031518448231,0.009737846338054815
-0.00680816930184025,0.018193319826242504,0.060149293012192295,-7.004312728421544,10.269459344865103,-0.005424113378624423,-0.007570435895325467,-0.01941039650542839,0.0861778426561095,0.2912814525077827,0.01014142836998122,0.022629130463246806
0.007968162016229269,-1.923386860185218,0.0016360347341700665,2.3089877236842113,-0.008544422490554412,0.008110891075070459,-1.9932682491723739,-0.010846375444318157,-0.005673406852975238,-0.04842982634850701,0.04755253757052835,-0.002004918730433791
0.0023518430377451674,5.360040827917302,-0.00500204971283448,0.01721742265486248,-0.028871576152097407,-0.011163066233550012,0.008529053228241726,-0.005192321684991619,0.015962381649169716,0.27062635150261016,0.010533840642222198,0.003338153477475403
0.06237020537320309,3.6252875206456565,0.030253866587012013,-0.005716976359488757,0.009300037835908,-0.008721420170512889,0.0024773446991849246,0.00012939893316729623,-0.014181158689243634,-5.839876003801706,-0.04374824166354252,-0.04548319789875055
0.01568013399919066,0.017783402781575308,-0.0007594636939345367,-3.2128587684653773,0.00035391453419800906,-0.012705543311318193,-0.0006273692639919837,-2.3516300767251384,-0.004739702747797336,0.0004122681435942948,-0.05390924105474859,-0.0154512708147585
0.0012952593503335157,0.9905399222111413,-0.0005228259848988337,0.08034511763981556,-0.04484954820845066,-0.015445262206326138,5.4620979933554,3.2116000440020684,0.001299229420076875,4.367530298800716,-3.744771084361169,-0.05234637439363121
-0.00283920307220307,-0.006435475723383188,0.011676634509226541,0.011775439691533936,-2.0992317069394315,0.00510054375395673,-0.012815829808213441,0.032701726188254475,-0.04269590246246901,-0.030491697744817563,0.00369651247419923,0.001730007970022381
-1.7247551644291015,-0.08029743305001791,0.0003065797867937009,0.0347701653434834,0.010108102395416613,1.7090110271241894,0.04231482630932913,1.1701093309994715,4.762201325477742,-0.0003521066008294431,0.174627144318789,0.10329985259020324
-0.008182658174032732,-0.008593965151939435,0.0021733398446750606,-0.003504667125397702,0.0063099040263885145,0.03245924068985159,3.4147689259423233,0.024726445714622347,6.3512821870310585,-2.136398071020659,4.132801753548435,0.06466519548698257
-0.26144610934048007,-3.2359633335219087,-0.0011923744756883181,-0.007021481395478091,-0.0018550171649562852,0.05686189526820851,-0.008961898191270024,5.9214499614723195,0.00764582390692814,-4.77543935730975,0.03237373594998605,0.03507762024632477
-0.007556536438280526,0.003944771153375139,0.00014860187712239896,0.014735851901463981,0.005542973814658351,0.004054901809009748,0.01746455210201929,0.030205469561746745,0.002782192859181843,0.011657567179634454,2.1833039299166,0.001783722766480561
-0.062123062187947775,0.002017824035080558,-0.023266232914435525,-0.006558978321441589,0.006578473066303012,0.009847213136307431,0.11450408971045994,0.0017735001894743085,0.6347962989190425,0.02566785047572817,5.8590326280677445,0.016288266370032445
0.008385954096369108,-0.0011725315294510708,0.014179549502308597,0.008974132563870807,3.1877006039589375,6.811935213348757,-0.005732156521644605,0.002615280216685445,-1.1863172582298382,-0.007099202814709049,-0.007372841849655254,-0.1484700922296549
-0.009605360425505083,-0.0005812316675233298,0.004521652016971578,-5.318567068405507,-0.009225506685392959,0.17793302010739565,-1.1938507606322695,-0.0078944061323305,1.945768049237465,-0.004964473151535642,0.5231847661803073,0.009437765559622335
-0.15163357654096687,-0.03829720921465829,2.515015616735191,0.32999863584832667,-0.012572554735897398,0.06589885964575348,-0.026395525433150935,-4.173888486796599,0.012496566485015626,-0.008927249504095291,7.4717904111100495,0.5189885384318558
1.895568056564943,0.006091688535261066,0.003979297666359046,-0.0033898785934277365,0.007679912361272422,-0.004553276397975259,-0.00013901358093699068,-0.0020751751341581137,-0.00449199299493468,-0.0017041425198145166,-0.8221164017819282,-0.7450002035644623
0.1049626384020852,0.010518926510900736,0.01721988549341398,0.003529883974200073,0.003292541193518203,-0.9363065206498756,-0.01806383620215883,-0.0057491490679879315,-0.003913707735404941,0.007879581253638007,-0.002516588312091228,-0.3992628500714327
0.023130664531580525,0.01966785577093,1.6677451063807176,0.0013097685541990575,-0.010908628040744495,-0.0059536511404242355,0.004631318304782139,-0.008791190157295393,-0.0008339712927474818,-3.246382562466504,-0.009749664102684408,-0.018952901772804447
-0.01087635527484987,-0.0036670174114608045,-0.00011371750532013225,0.45177118579489406,-0.009737583344993112,2.158715764823306,-0.0019469371289255744,0.006677847281032767,0.0008999407351629185,0.0006640286692938535,1.4788532686947633,-0.006987215933111746
6.7499321742697775,0.007093446753999186,0.0008992754062154135,-0.0038103476676304426,0.03449022493996641,-0.09776500841875269,0.010713853833910908,-0.0066844810255305975,0.004293502501150459,0.00798342392797291,-0.01334051330979042,0.009060391055215
-0.0027408863833953134,0.0006576427157110043,-0.042000061865232974,-0.012608942201217055,-0.0007865658433426903,-4.01094336851585,0.010075872371808903,0.002610258296075918,2.299917124160867,0.035093648480719164,0.0064634780414920545,0.07708829176714904
-0.01886619316577076,-2.1578156890578413,-0.0006551526325790924,0.004971591707128464,0.03343030041760785,4.163546667348612,-0.003504053219251374,0.13045365274402565,-0.002750483242885765,0.001601443809635672,0.24255260304255444,0.017578480128870644
0.005662417970650674,0.010497380402050172,-0.004959956305525259,-0.0077826218623734955,0.017467967813647248,-1.498031339352579,-4.920335714781579,0.007434073021284265,-0.02854861916437562,0.02228831571240436,-2.9343594528003614,-0.012307151812973205
0.018107483205022146,0.0012573308931666388,0.004151593676298679,0.0006676016018038613,0.0077726362479019154,-0.002082491525171633,0.0010835655688307046,-0.0019145247711109643,-0.001971616900217398,-8.923186886693299e-05,-0.001718031299395236,-2.1690146330274476
-0.0018732545487193386,-0.009508757868324835,0.027151561413384706,5.714343190888432,0.011368995749554522,0.021806496400899246,3.4095582618128546,-0.03196849673939635,0.011196125040582983,-0.013881554004632396,0.0032060686782080516,-0.0037114162228217007
-0.04346380309793174,-0.1420136843548292,-0.006448379040055019,1.2468540037558036,-0.011072993408166813,6.23995428176085,-0.0011394485275089128,0.03806241193584284,-0.0003343766674227533,0.0006044442942892414,0.004046642435907577,0.004832425271006996
0.0012360973336587797,0.019475831496581733,-0.0019069775201860859,-0.002317138202545378,-3.457892097031658,-0.0026639359671494825,-0.005406739870319047,-0.0017066656476360472,0.009660674816946727,0.8628792080346783,0.002775295476919338,-0.003196475867793785
3.1588006915604625,-0.004475111859404857,-0.015572398835578538,0.006737995554885523,-0.03306708200297753,0.015948951583140747,-0.00047627660367333124,0.015482481200472492,-0.015617665409137116,-4.2633998136814455,0.6443825225660049,-0.02300725799742187
0.032378140774854014,0.003692608281087084,-0.024010516142663585,0.001554761317821035,-0.025551459548259686,-1.3728993706227972,0.1227825599905139,-5.684414483767824,0.7013775798677493,0.005473941358476231,-0.003833872775998004,5.853234491165519
-0.004912723100899194,-0.003724403181300297,0.005733857230864213,0.002223455960202833,-0.004949073250312937,0.0034178099404506626,-1.9746678208513846,0.004724407654352926,-0.003581232733865565,-0.005702819441652858,0.00323781573114497,0.005687459150675568
4.972555415846543,-0.04756689411620041,0.006659458024367182,5.0621297262987,0.009369165114451183,7.442207164100637,-0.0030797339387926836,-0.1961243474113794,9.17013394996539,-0.013438162750126003,0.050189540458415394,0.010653083196883878
4.0828758823870624e-05,-0.006022505126259969,-0.000812205526425074,0.002282215028233059,-0.0067947159082879845,0.012417877073464312,0.008553133700922682,-0.038972349709921916,1.90580156867333,-0.00256398639310082,2.5791640395205295,0.003660819275479621
0.006440249539811038,-9.620043573342627,2.1027006836540068,0.007550227505000784,0.026942811865332317,5.67051744348862,-0.008457288385911865,1.1097662972238425,-1.6341128812994228,-1.197980844476433,0.004382008446092378,0.001693904616296038
-0.0008327245137047376,-5.428926789251808,0.0063682892548807615,0.010938882376254178,0.00465241878164211,0.05259514205951099,0.00398053562988639,0.0244452991993227,-0.0010630862859788391,-0.046002588388904364,0.2982764138447482,0.008812201082297744
-0.007374840433469032,-0.5797833276871032,-0.009623259476923579,0.005865209727485471,-0.02045583433566226,3.017739451534407,-7.99567704814208e-05,0.0028660530010984897,-0.0011029889352235922,-0.020886533051118816,0.007917574845754505,0.0027731845497984686
0.03220755991426788,0.021326019397366724,-0.07419789749348071,-1.1409079517315297,0.0028092777360007267,-0.01923110640773939,0.04541740679162043,-0.040332343416195314,0.0023656441247960763,0.025326080551558366,-0.019198048421453562,-0.030314350470174264
-0.05267508534385534,0.0014621281380022833,-0.004688152139153856,-0.008811665546893666,-0.01587055025648418,-5.653870854643888,-0.5104296586517076,-0.01805569596446205,0.2509215145585024,0.056822820883123626,0.011084420786130034,0.027012395547675677
1.5127448107397878,0.014776720220499126,-0.001044544143330538,-0.008854533682739335,0.03364156159744098,-0.06634646192528293,1.8951300218313394,-0.00502615466430853,0.0009570185005128972,0.010755880114274169,-0.021019071180187206,-0.007965655782407141
-0.002030668125648958,0.0031436963549917006,0.025429970311262037,-0.003992745130987407,0.22535230255608443,0.0015044333728115311,-3.7168280003468794,-0.003932999470314724,-2.818642366257853,0.0006109138672503733,-2.2031479272065146,-0.017132994497267635
0.002443314817191844,0.009883225272739882,-0.7390387365454991,-2.7889697335284396,-0.010010586483146344,-0.03827814651692674,-0.00038622773590013537,-0.008580739353334255,3.4248223463745617,0.2008066862406075,0.00024606506029001274,0.010132750002941893
-0.019352189006591802,-0.0064865529453932425,-0.0007503498264044839,0.004288891360526662,-5.85411899920297,0.029133830149466744,-0.0010016041959181599,0.7531808301879372,-0.0020841059620072544,-2.315918045858103,0.001125520014664233,0.0016210025557459682
1.5868471162031739,0.11072948482025957,-0.015161010241119932,-2.6473486037189105,-0.007407981541565245,-0.05584271049933398,2.2757536115281454,-0.0220571155269782,0.07407563188431254,3.628713117466603,-0.007788035101564228,-0.0026622711851265746
-0.00019090749251147923,-0.006764395978068757,0.02182933718906959,0.004775846595712653,0.013414498343109017,0.006306773132414616,-1.6331960273736428,-0.0017093336246958787,-0.023309795329901104,-0.011561073056046672,0.0027898851224679197,-0.011913024177633128
0.01254937232760972,0.016854318731838625,0.0023647420419157794,0.01529605002868814,-0.1354083458704756,0.00036521325400219046,-0.004235912861024205,5.104700343132223,0.0008489497388810552,0.002677153123038692,0.12866479910678574,-6.087021020178685
0.014658338251709369,0.01933983055912769,-0.3605976446463215,-0.05710608792397509,0.005693353335322386,-3.9108048417852714,1.8100540272686736,0.01019395376945964,-0.005879699686841294,0.008924911020029958,-0.02873138633462302,-0.013965192841871543
0.0004914212754527987,0.000403079493028315,-3.0486335047819195,-0.001674061015211517,0.0009978092764950737,3.877684433614692e-05,0.007066657650479421,-0.001893261357246212,0.0023711636622458943,0.0014027765978950335,-0.00031477918832166973,-0.0011576104795700884
0.005116248614032759,0.013290487208680313,-0.007841152035595406,-0.23103877752928015,-0.20109402077632943,-0.0008982597305940507,-0.007760861169686051,-2.6119020855770056,1.3212587145510533,0.001972200038686936,0.005995197386778894,0.007083521176176694
-0.011277892428693287,-0.057323410575824185,-0.005682677449627143,0.002698356224443088,0.08807758067512146,-0.00431102701706354,-1.8451418730628388,-0.0012013047120284503,-4.4399228520632175,0.0020187556721101285,0.0004359681283134312,0.297241660679308
-1.5465728555169718,-2.881883727668934,0.007521355338141239,0.004991871728633246,0.04056642922189409,0.009703472071581953,-0.0024791347016798956,0.018981290125700934,-0.0016852041178504595,-0.002953870291797611,0.010611429883281023,0.7567320146770342
2.0328692283140573,0.0598102504407359,-0.007063352393660176,-0.14892928614959722,-0.02903660233048718,-0.12372224849845459,-2.8048323998705804,-0.003935671348259506,-0.0031407851326782227,0.0025685618623758066,-2.561296359730025,-0.012721232102523516
-0.05643809032034943,-0.05956085903822345,0.0022560856881532927,0.0420598738569844,-0.00045466575199426865,0.013967015536233845,-0.01401753497835645,0.10388790826365074,-0.5304956699896013,-0.008439301040448877,0.006306324642650489,0.00017807110580995468
-2.2197665287567734,0.01103523722322573,-0.005892717996559311,-0.013672605982230301,0.004380456849238598,-0.006416533097040697,0.005265939521026181,-0.00703669132339646,0.04982524672908015,0.45421999618183495,-0.0023522763579814105,0.00976202176603197
-0.002215814409146588,-0.004418702526581941,0.3137285229479154,1.470593613211324,-0.0015930763317745901,0.0051464329456695854,0.0028039580316705504,0.0908545373448591,0.00031391750043559263,-0.027231913444280775,0.0036425760335496993,0.012014104322993501
0.004135974181288804,1.6441789735679175,0.005042135690926002,-0.01633465773115239,-0.0021908501875164696,-0.017331152666485772,0.0005883564182907449,-0.01447505829850293,2.6527145181745455,0.009509917163033732,-0.023072444771832082,0.00195155174726111
-0.0013150388128722445,0.00786002194544343,-0.02933612062658418,-0.0025951895414640424,-0.03152311529752524,-0.0027974046851512425,0.00865787270353649,-0.007433021227450282,0.01687322190592088,0.05470134649453526,-0.001996586487284133,-1.9922110980348444
-0.0012389900833595898,-0.0023218300999819554,-0.00048477099484356845,0.0011564617344280387,0.27913454359626927,-0.00019743499995257524,-0.009702832725171516,0.004620433539124668,-0.013084862632263713,-0.00017055623551012804,0.0011986340702323367,0.004748326085729771
0.01007992646742606,0.023105159748319615,-0.011389500598993907,-0.7509562312444,7.628729467847439,-4.549462601224169,1.9380798132880486,-0.013694648047259755,0.0031078221381518056,0.04411405752407438,-0.01593719690963269,-0.014190311682257784
0.005174237272864368,0.12261088741650372,0.005135014040627439,-0.0015026512206191,-1.212216210063875,-2.1222455149015644,-6.57438752540195,-0.043390055407828365,4.061220016988937,0.01680755945164991,-2.617533766027968,-0.01259276581365043
-0.0014817629051841795,-0.026428256191656296,0.001653084605402394,0.039262206978537884,-0.006312548680572216,0.005390626063769832,-0.028723391547759235,-0.000500563624887887,-2.060833683883902,-0.012345025093744577,0.01179798710383062,-0.0006303276929793197
-1.1359740941483571,-0.009432485925016722,-2.0001195716636664,0.0140161587254789,0.005493856319053688,0.052947037309878375,0.03335291863293027,-0.0017697394525893334,1.9305102046935825,0.0035225867861018723,0.013334587231232087,-0.0008121353501696627
0.002221588536864383,0.007825989796883315,-3.197160881700718,-1.0109284141815245,0.016517769914804914,-0.0019763789236703216,0.01587564120578422,-0.002125792039100319,0.00412601558047776,3.413825719948864,-0.0026270641885542956,0.0006427164133880475
-0.008295128879179547,-0.07429217228750651,-1.7867970681970338,-0.00386816449957441,-0.0015317214937908274,2.8721388045030025,-0.007648607525039347,0.005383310766816023,-0.012989411380453841,-0.01593042782366641,-0.0010294878193538026,-0.0020622157680290874
0.011961157740103145,0.0022652662854959343,0.0005958605136345448,-0.0005828880154549257,0.010849488148857249,-0.001405984910404624,0.33567148687955195,-0.0019205829454350416,0.004765861722545164,0.0009339270492603295,-0.0007034112457334624,6.4881783579300745
0.00634563842332625,0.037243588701631136,-0.0062086077750284074,-0.014030434079583542,0.0009197372619632795,-0.018803692811039024,2.3128676933456234,-5.184634628970514,0.04285610328066736,0.15571815191535143,-0.004730471793999436,0.0016235176959247255
0.00014062574592002552,-0.027099870810642246,0.010571053441194356,0.0411738013183931,3.620358547358677,0.009863919587469683,0.021710090772670054,2.5032848628869147,-0.0018879430946786568,-0.006171695391321008,4.662463848201014,0.007258365598495242
0.05713851913386003,-0.002168244517594453,-2.182499745566844,0.0014588169934290351,0.02211450361474189,-1.984442383662472,2.245748311897202,-0.0019715129676113885,-0.0013046214101022913,0.07788657819209277,0.006291411946839243,0.006267696715846923
-4.477485340869253,4.410126411879503,0.0014197454922465866,-0.008839504848380156,-0.00536610780811213,-0.0174634432882885,-4.140427653379721,-0.004443694841014097,0.005438039424280673,0.019864932527269202,-0.010617294661364664,0.008564984207615783
-0.40696457318452495,-0.005446619073121764,0.06893261288377758,0.0034125348568550574,-0.0029685027758040603,0.005513272703650492,-0.031402633169767435,0.0030475083463941902,-0.0023220443472528112,-0.00770985194217608,0.0022974121483598127,1.8837351926452666
-0.030186290318297893,0.007727445834965874,-0.004701718909064678,-4.629488438060342,-0.016957743864375596,0.005489561245136649,0.0021480192519566232,0.000599085979651276,0.7505818556298607,0.009319465005403094,0.003510363844279829,0.009434191864271718
0.051037999584055305,0.2931966106670014,0.005186454006526786,-0.01826616407956999,0.015275380579364742,-0.010925531130933447,0.1527557554450869,-6.3578687871938016,0.005361506139563321,0.0056625603083691745,-0.04024564655471918,-0.009468337783297254
-0.00961732975959681,0.006564121724136784,0.00557674328083696,-0.0063675732809610145,0.029961963680335373,-0.002888896623929881,-0.023926265569694072,0.014415255713463911,-0.006097289595550476,2.0973007226586287,-0.005680980251492912,-0.0010979517883857887
-0.22813415226344014,-2.439121902676021,0.0008906775499667452,2.885951778936544,-0.010744065722441049,0.16661970109749902,-0.04163219322211198,0.02095700760521213,-0.001928099195086408,-0.0062598401137828885,1.7483276362301297,0.004880662309376893
-0.0076433814310106485,0.007310537336311651,0.0014800304437564693,2.048196294926604,0.0009002126800618385,0.010927079738468678,-0.000994491539876352,0.084461601641663,0.00024333315979643833,0.007478372001765298,0.013223129775243203,-0.018714371576040847
0.032932489067764,0.011831766650847508,-0.0035357176154517563,-0.016174455910271078,0.022338210911623194,-0.011169380618640107,0.016409862839805896,-0.08408839130368977,0.006110147085798521,0.006281140727307313,-0.09640998113485949,-4.29895222354067
2.7993826517957268,-0.012523097747892835,-0.0009706534427403335,0.011131801838544935,-0.01516456548160583,0.009616287240656878,-0.0007566930405127473,0.0015803243851593533,-2.1588999622056377,-0.09494516495854793,0.004213693406636269,-0.0227808337871009
-0.42556284190600646,-0.017339215765990845,-0.00022532794025054148,1.872535791633155,-4.99813880663473,0.5450322626609205,-0.002357588792780363,0.006988495796008572,0.0005323821147195651,-0.008777374575003372,0.008819925693656472,0.00227850018539915
0.006359705909464719,0.005245750162317598,0.009743042833562593,0.0019241245750570013,-0.10341351686241909,0.0008221603196795352,-2.8142490584018773,0.005035085514413062,-0.8577028527042261,-0.00551254721732139,-0.0018992385810018865,-0.16264222689798274
0.006855445969543961,0.005346503699247607,1.5551746931564878,-0.004152873693031578,9.225264388935653,-3.8781586696877586,-0.03375628486631577,0.007556117447751226,-0.03129564024692594,-0.005616943147373349,-0.06575335447414643,-0.009737659606951145
-0.01378967219596447,-0.010289134532944999,0.0059861926651395,0.0114186374475136,0.8439905392514692,0.006613677718592021,0.007265377339049445,2.38359303594225,-0.002113482361074226,-0.0026734885444104576,0.0006504864865681803,0.00211667708966623
0.0034648860747342964,-0.05092397181860904,0.009864739326191873,0.007214221900164297,0.23712308494101805,0.01920828822175147,4.621658566438506,0.012295819900245475,-0.011993772372241814,-0.08466338831745457,4.790996946250145,0.004640829589220102
5.343103049594136,-0.01730259777527149,0.00907942010514387,-0.0014543468578078755,0.01551567699229773,0.012658343505557779,-0.007690724563021223,-0.006979856006054025,-0.009185114761444624,-1.0090839509466045,0.0017326639712836184,-0.0025215850590467326
0.0017974349086919417,-5.838383529876438,0.0036582940987979207,-7.102365798956896,-0.008356257926287372,-0.004923113766775122,-0.007952271420087809,-0.008521970309226523,-0.001669505955368189,-2.3556990938115803,-6.241757779547299,0.020430387615721912
-0.020572836844583886,-0.004061581629220656,-0.00024027591681691218,0.00011440010840764632,0.019986886819602395,3.0534565510109637,-0.0015245177910214736,2.281995735524835,-0.004766782079592247,0.001250889730777401,0.0014501289248469718,-0.002051869168691411
-0.0020295856432420746,-5.921347030443881,0.0008162310320640881,0.015333490609819922,-0.011210754831840272,0.024156533630559363,-0.010361357656258615,-0.019879634856624362,0.0047030023417341665,-0.004481824751058738,0.0891183291570026,-0.0018201254944030243
0.018493415402448227,-3.315129107940521,-0.0021334443800081204,0.05012709494166989,-0.00494912844574448,0.0035444869126972645,0.03074209725407706,2.6458873524816937,-0.004210377286253397,-0.40867512825250785,0.01210113664627449,0.004516485847675333
0.0049106986508410284,0.021508625583990137,-0.011998543708976713,-0.009449404592702382,-0.01074457154495313,-0.006486724107910402,4.1047190398373825,-0.007405411138193874,1.2478817722858984,0.013824544316478948,-0.0054281533923798125,-0.0055916201033284485
0.07666511234655415,3.616017906419856,0.0060758667129042765,0.007164629326998351,-7.841900004480762e-05,-3.6570210435155204,0.0014698637181257135,1.6345884776629722,-0.035344419131258076,-11.209244948287136,-0.008839577286894384,-5.249918416067004
-0.0005192089428122659,-0.0023733881476863394,0.009488840282936617,-0.0019972140445172724,3.4008272686013674,0.003382867090706244,0.002430987707918386,-3.6793357505831548,-0.0007538729058320093,-0.006062516546402131,-0.0074275176993077174,-0.002441471789961732
-0.0034397861605167668,0.01862629101523483,0.0023440343021965404,0.01979009992875702,-0.0015091139587928293,0.006400196461015785,0.2760407019849387,0.030511463473198885,4.128448037561725,3.3106431612920773,0.0021384611045264235,-5.641248452228105
-3.26941362946293,-0.008206490220149062,-3.449741718210582,0.020855367496281585,-0.8728740185686612,-0.0030693300735198936,-0.10423083478235957,-0.028527856141996627,0.03518553987721196,0.005446091990011892,0.044282464328278995,1.718441768157386
0.0037407760353509456,0.007004629589013156,-0.002216394889349993,-0.025602421815745235,0.00977273682086141,-3.3259692290190657,0.015026826353277567,-0.0097113764009234,3.1407250024253806,0.008881425513544261,-0.007696300575234405,0.01253707697777276
-0.007141004791914485,-2.90306390121512,0.010265334652306612,0.0117786243922402,-0.008329885525180054,0.009461076305950833,-1.8753039567592538,5.8647437841592875,-0.005173487635078189,-0.1220576843111818,0.023595847154194827,3.01371950272285
-0.002343345128867828,-0.003335974012217015,0.005884979308515839,0.007417601046988832,0.020715528523316123,0.006528423448747239,-0.0005029605955441654,0.07634524219973976,-1.1527436264635744,-0.004050325644226839,0.0032995730982006127,-0.018374551957295097
0.0019516169201847949,-0.0030631573228452574,2.2131201303675563,0.0019268578439675735,6.590363622017716,-0.002023342792839229,-0.01577785286520948,0.003951748621226367,-0.009655854274163564,-0.0037022047207028244,0.0016721159669839628,0.012665218644142644
0.006462942335801691,0.008192371114123631,-0.00018450940913616876,-1.0355715421070917,1.2172056707107612,-0.009265771109229036,0.8278399995623005,-2.8561295529865713,0.005494742024152011,4.270122019177386,-0.012805321810597237,0.00033647062702051034
0.19189602580262566,0.012806644622264995,-0.0007805296609672829,0.011427343712102855,-0.016558595499030937,-3.320220491699697,0.005622843516417675,-0.0177939210464253,2.724175354860808,0.03704462949770049,0.012867459103209411,-0.000248599653717374
0.008662054843416617,1.5662774206419847,0.030317548360667412,0.0027313230452179205,-0.026166761304449282,0.00024873898719694754,0.005636890177301533,0.007195720692613983,8.204002156901044,-5.251525143098341,0.00022257472449731253,-0.0026011694659094364
-0.007018061959935262,-0.009793509632363473,0.006650189279523461,0.004929279172070006,-1.856664275983836,-4.089827535769929,-1.7614703549819382,0.0037781388288608553,-0.0060410507374574485,-0.009538727001678113,-0.18902296164104637,0.005151406425392628
-0.003081763147407157,0.0064922964099891345,0.003940039920366395,-0.0107608053650603,0.09200319973623472,-0.012230241376916084,0.13719569258020659,-0.006046270877850396,0.030100189938432293,0.00596955220612902,-2.2662521124573045,0.06601869815111
0.01654997307270012,0.047767493938773775,-0.009572151099336734,-1.6467159525049446,8.153638355215216,-3.8936416150893978,-4.81996506650642,-2.0615182639809024,-0.0070158210816017585,0.23104192423190817,-0.0048759973672201085,-0.06200124916651792
-0.0027171426687537803,-0.09572519270765323,6.7556458293403026,0.43456078516409846,-0.021347004228853494,-0.0055040158863680355,-5.459423063125556,-0.07604511280223292,8.364162734827019,-3.4482553208757736,0.005126161890358416,3.043882307087358
0.04685047090913219,3.601146310112341,-0.02606386299956598,-0.08434303220043304,0.013402467817887204,-0.02069455606690629,0.20508992026953177,-3.9517638823483026e-05,-0.0032881051561192143,3.5673492595944793,-0.015806813290930324,-0.012536017428365964
0.024093949607539633,0.7679733124002901,0.002572016791060616,-0.00020807403266775992,-0.010243887184301276,-2.909451261301598,0.27254330711844776,0.012584869196909987,5.511747524999944e-06,-0.0022433101863121863,-1.3082247910805904,-0.0013746114479463722
-0.02088914017875345,-0.011381227070170728,-0.159163483886084,0.0033389309558141955,-0.09704026817946773,2.123384634950284,0.0329524298795653,0.006549138436295827,3.10783771905954,-0.023423793851438147,0.0029829832915240183,0.018325276671270714
0.008585158276913696,-7.5215495279752815,-0.003840603394604347,0.010286179686453956,-0.011046750315535758,-0.023213320388974612,-0.05149495845975105,6.524487488556758,-0.018747757114640606,0.0007484386978524604,0.010728213080823168,0.013655576553263327
-0.001091100756304031,-0.009086212138860628,0.0016279957860788619,0.10877396690519081,-0.008759623055629606,1.2677449677943855,0.008010581214792145,0.023156592014790922,0.00021169943435317418,-3.127361412642074,2.9094140388861405,-0.0010738166752757294
-5.5366007736199006,-0.020805032416511757,0.0037384159696969618,0.012258372092847691,0.00494158768774277,0.01986709261213193,-0.010101353659267343,0.016309095086598502,-0.006679882589725652,-0.007126699319990798,0.027741923770301408,0.009142385180825718
0.0050106319864647135,0.0028141246903691554,0.022421909302643275,-0.001651601683142323,0.03051225534673357,0.00022035204454877444,0.0007090895764088581,-0.0009149017220447531,-1.7220312661400943,-0.003321370164042367,-0.005567217893755999,-0.030485784937868524
-0.0030258642556798064,-0.0006233318726166257,-0.0036803703104585994,0.00015417555980343038,-0.013405182971080518,0.0003251218128000466,0.003671319954354071,-0.0007892629155433651,0.008101654662352822,0.0009023981460153557,0.0018815172890009975,0.02802118215360334
-0.04197011496166958,-0.36409157107536316,-0.05713041621052706,-0.00254576043987767,-0.0001193033624772976,-7.051261144615399,-0.07223938121714468,-0.014136311317759997,0.0014392119161350525,1.1946198938880759,0.06324408460954523,0.16232778982312968
-0.004166842888615241,4.253234318464701,-0.008523326691995832,0.0035433361738697045,-0.008324241381105662,0.028203871328217556,0.011218881347687538,-0.0008385670283742597,0.005960457017417002,0.012005602820999384,0.011187365104965038,-0.12140868168924124
0.03845400789504172,0.01289984546335976,-4.075324380402421,-0.5506557264975456,0.2792568240726485,-5.457177066342298,1.6851121373850049,-0.46517337718762075,-0.008638086754550134,2.5061322438765785,-0.0806963481855405,-0.05133166126865582
-0.0011605486474849658,2.0834455925201922,-2.4375012134911955,-0.03788319201440782,-0.012375000118197345,-0.018966030916577115,0.006009132406285644,-2.5534401774674222,0.011927012163358008,0.05571224738868086,-1.8222109657840093,-0.006530572206924545
-0.00056392939163874,0.001178547781880146,-7.096893512332951,0.00043374007533161785,-0.011021559800903746,0.09762049483695831,0.006973183376873013,0.0059895524661914695,-4.983147082217933,-2.046100353189317,-0.00044505272589867584,-0.021104553805742637
0.0019461654855352783,0.000775042209104182,-0.8271136322964878,-0.02779227904044354,-0.007335312725288347,-0.019249693925799425,0.001415816073527587,-0.026084939114628194,0.009825703681809905,4.525744842937277,-0.0015806486898585215,0.014945298147204265
-0.0006059010810226593,-0.006866956597827245,0.016707986319749055,0.002826586989690162,0.032586613002339844,0.003287800021894452,-0.00450977728765148,0.005979102616371371,-1.4748613471375585,-0.01329918278297007,0.002455369597193095,0.0033844094532658395
0.1162923367594726,3.2050705603950638,0.005386357576068172,-1.1153518418006048,0.00899013956690069,3.759309541670475e-05,-0.016192141837305954,5.205705365879694,-0.017471835404780645,-0.015781402250778523,0.0008096293350535553,-0.008901124030289746
-0.003143189283320316,-2.0481747079138,-3.8027863979504186,0.002651974617894799,-0.002659753281816434,0.0010767600396406896,-0.007880247316135238,0.005520890872123395,-0.009418630264600615,-0.004529210188734152,0.0028322248200906342,0.004760834529994595
0.0021127211410417734,4.326395794640206,-0.0200824198743752,-0.002536331556374005,-7.037457326973975,-0.015323162511898136,0.056938982751058465,-5.485652451298705,0.11582043336937176,0.01435266976354721,-0.01802590094872536,0.0029136621456624656
0.009940711337258934,0.007891672945137262,-0.31034570230586134,-0.012887360911446877,0.0014949005344880306,-1.2353915066535168,0.2838899668359023,-0.9302197125657425,2.1414675466697943,1.4503973047721175,-0.01603374128770363,-0.0007658632981557556
-0.26583854952745556,-0.002050582204171203,0.020218166698857343,-0.00818888428897449,0.11037249973376786,0.011211128813989838,-6.618319147147567,-0.004135539511478659,0.5191765990926358,6.256048802576789,0.0028543732387590337,0.03283725353308864
0.0036054232692562665,0.004923942104293248,-0.004393951845215155,-0.009578122575011852,-0.0016114755546157346,-0.015099001221546726,0.00023821256821918851,-0.533570902968239,1.2262628705762406,0.013180383559677822,-0.0036040975289755237,0.03911458118849064
-0.01865635162363812,0.005221462773496999,-0.05087686110978584,-0.023541624768806724,-0.00424972804598911,-0.002761162081043156,0.013820712553503811,-0.015688988111976387,0.041018895292309066,1.1768661899258213,-3.581465281085773,0.004027933607011425
-0.014183417985690894,-0.0211718963136045,-0.012039492488735981,-0.03731177548175993,0.0016494519043168884,-3.1671144792442236,-0.006212026737654586,-0.009226947143521038,-0.0011266733051576716,-0.0012727347696397922,-0.08493783506149333,1.1216910794884432
-0.01691730305955229,-0.008862092729103765,0.002561958798906,0.008489494572000211,-0.017049545646314525,-0.008041456686441961,-0.02278516919980285,-0.013287371662068281,0.0053389854930453,0.0023670918467124102,4.820328430163686,0.04030619271792879
-0.008989954841973777,-0.04212282111325871,0.011621610094642798,0.10988912871803702,-0.00435524580411098,0.01503670865853568,-0.9001147722149518,0.0802268173994698,-0.016105902192391164,-2.1079174570141745,2.1347409869061416,0.009136860680576564
-0.002984662071396027,0.007365174847767442,-0.8899181352634145,-4.775362300895717,0.013753837263639879,-0.001290576610939502,0.23419906904472576,-0.006374770030157607,0.00447303512195063,0.0734168872266745,-0.011258181017557378,-0.01156455354911299
0.015469098851981986,1.1397186994969764,-0.007903368646656769,-0.010183599613791283,-0.005916866061711438,-0.009713405576501966,0.019236459513533276,-0.009533105951026799,1.0275250307345107,0.057372604974413544,-0.0009341508101339858,0.0002774506439580937
-2.6261555365993807,-0.00823314508688111,0.01648525236737558,0.008588404811583211,0.011443855476071116,0.413578309070469,-0.008882904961888566,1.0674001466623988,-0.04089397693534136,-0.02210382195881662,-0.0014003657523070923,-3.4602531806468697
-0.48318318373904035,-0.0007050266052344156,0.008327254667221007,-2.165940636436247,0.006229307737979417,0.008388010220747089,0.0023684091279891906,0.005457881931370312,0.00591194345571211,-0.0035235735601291673,-2.4427218629168053,0.10925328211400398
0.03312510860578445,-1.2444971229808584,-0.09232508121967364,-0.003918114376857074,5.6068138138871095,-0.006251552875100375,-0.0015691581092041693,-0.024418784631423218,-0.01641002551598774,0.004440649873457825,3.2292992369222406,-0.015104265289496599
0.008348841606930613,-0.001771771023172164,0.0024674104839818023,-8.583092598400185,0.018956274126483152,2.456504587864738,0.0983129838394734,0.0005733529736768328,2.5450230560777953,-0.012793864384813114,0.017548799384106584,0.01544905043652689
-0.012418854732328594,-0.033900160239460936,-0.002529416834410457,0.03483466328418805,-4.663625823269525,0.015937179716559058,-10.460454334938305,0.01571145923337791,-0.00113903979501577,-0.01164775891008718,0.5264526673811791,0.03294385765789287
-0.009278546916551611,-0.013375961903616007,-0.0008255253637396848,1.040046392152906,-0.003515861341380054,0.009488032327094194,0.004312443324980125,0.6758127546716566,-0.008407253601751458,-0.007564527819132035,-0.001992861030437984,-0.008797731700642564
0.013087779605047312,-0.026036525743814792,3.2834856151256666,-0.011070889844688514,0.03340007596576042,-0.0011701355570601368,-0.1492356926155487,-0.011692569240653983,-0.011807339452453394,-0.10337928245723393,3.788864597618904,1.8305344040164684
-0.0014303228501298844,-2.7110806299619217,0.00016659890642363104,0.16918009994697147,-0.010245260944169457,0.006257849441733188,-0.0025235026989907164,0.0059694269538953515,-0.006080987928801018,-0.023397369776332777,0.0019939429324203825,-0.003503253569198006
0.009077608680338273,0.008191089414323942,-0.003708281118957669,-0.007933299768978962,-10.201240219727604,-0.015677754398219765,-0.002000567500435952,-0.027689959864400954,0.0013526720568452608,0.004440010614999972,-0.6258837759622732,-0.010122744286002752
4.886859290964454,0.01589493882636292,-0.004623996198170249,-0.29218924581719463,0.009109010306647645,-0.032295196282584926,0.005155413194629407,-0.03909504021274335,0.004282908168330449,0.008585280782630988,-0.03968002102378504,-0.0083518497813998
1.9146037254794517,-0.010683296800434715,-0.006471891650364242,0.004705249853574456,0.04272632492518133,-0.0004202077964804152,0.011632329974520772,-0.019504794971404282,-4.5183377120039,0.0003484974680548758,0.0020278035359259615,-0.017766780917217312
0.015046818346994728,-0.598102923643637,-0.019565775775501226,7.188283890835621,-0.003114737147032365,0.0018305043661250575,-0.006005542746283288,-0.0005106141632890693,-1.2486392284533139,-0.015838433661877316,0.009612620574785513,-0.0074423672171957805
-0.0017570726618838517,-2.1906460143742876,0.023992568593486918,0.04590224474096516,0.013709502392114915,1.1147825943494354,-0.026017615752051873,0.007044477753834211,-0.018664021209035514,-0.015298676230405261,1.7510033752832044,-0.006571501553951475
-0.06912814941883062,-0.01634802164476018,-0.00514297890806437,0.00778942233344299,-9.76968015842999,0.009257410657939183,-0.003765392019684014,0.013337064885204053,-0.0029871071794054516,-0.004923022658724919,0.011876628488167076,1.4753315293946303
0.00884192979132492,0.02344814832092612,-0.12624759914409278,-1.9924002605836293,-0.0015602712671584848,-0.01016269940455894,0.2096533352595058,-0.006050032285754764,0.005771757911040176,0.015948693529206692,-2.088786975254351,-6.179871078395124
1.6867155537025802,2.195774631530984,0.0026535241789958364,-0.00614110532387091,0.010140389530460203,-0.8108598882609286,0.026942490568198363,0.00047190327985990876,0.0026550617601807103,0.006713692551683081,-2.7867134484933764,0.0055185390137268975
2.950250405731178,-0.0037463492311227142,-0.009765401240495075,-0.0015686626119748581,0.0033687547170445087,0.009693967776118528,0.016339823849478297,0.004964781668810314,0.0014741743371697869,-8.27003292353885,3.0102609956495456,0.006112852460847806
0.002476001532261518,2.2966975519984416,-0.014037760035282065,-0.12747195050244464,-0.009420445284039049,-0.0012667015194429698,0.007898159987004494,-3.279093133015067,0.011831777464753945,0.012602571637858495,-0.00042372871952575664,-0.0042382633831970495
0.4851805338649413,0.009892756836294314,-0.05031484613265702,-3.5326395172969,0.014488966996380845,-0.016987678934522965,-0.0006233906910505516,-2.1442525512029285,-0.009893995095806685,0.21412943122194736,0.00015462586242553922,-0.28875177006616726
1.675328127893593,0.006643386443853538,-0.009463021570054408,-4.246539082527661,1.0022745613808803,-0.0032601373913588305,0.017219160633397568,-0.050870098926784235,-0.0005449850618620689,0.03798284190592188,0.0014245884985651935,-0.020822053916649208
0.010141735931081731,0.025699305776146042,-0.010894283502167437,-0.6778365785073927,8.659378714469376e-05,-0.011519821534897383,0.0066987990714207635,-0.048852794070964725,0.00392691528220869,0.015171397800653163,-0.01864348529030717,-0.014904842896662902
1.5568423794256345,0.041605814192812784,-0.026631632668700667,-0.03145678779408212,-0.03437894230949783,-0.5216542440202048,0.0043352913749269625,-0.02370105646294854,0.0031424504532687747,0.008716596972481075,-0.1410503851630206,-0.047245674218631795
0.00566726226667905,-0.00045378057982808917,-0.008657068725590899,0.0034781453371957316,-0.011166436767871199,-0.0015798898809114004,0.010094790213914896,-0.03509818530270836,2.9840650860474334,0.0022889719566996924,0.0022774608912237817,-0.0032135917485328555
-0.005436571960298012,-10.242052208920072,-0.0022919830788696305,0.08017673400857461,-0.03167891512198172,0.000124758712377826,0.01061663741175331,0.5467531743140341,0.004334339901948564,-0.0012747223948013087,0.009483586498318916,0.030854091428749175
-7.436604024118015,-0.012595162884224131,0.006544526566187647,0.010095190438730861,0.3151948019037143,0.38747942644266686,0.001755464908809512,-0.004726677619711572,-0.0033089181557202363,-0.0065811944311674475,0.009487566405222553,-0.011835552147055506
2.5696852925118328,0.00013747281749470174,0.006529817917276797,0.001862880980725734,0.00367361403747799,0.00252874268535222,-0.0009916476048566223,0.0005680190749309671,-0.005925970174692095,-0.0052608895778653575,-0.004497141477261456,-0.2480961625047129
0.007154341292111621,0.019915131342983505,-6.679645349234015,-0.04200110466830165,0.044806221764887466,-0.0023541823587962876,0.0002762247369738624,0.0003725050884487713,-0.0093122664577735,1.5688111394655735,-0.0036225245923409144,-1.2032847776003106
-0.36451739237298253,-0.0024580741725431536,-0.003899329348417095,-0.0005708832299538323,-0.029548141577734423,0.052701594935266785,-0.007238792483484351,0.002282625477834442,0.004263734955546024,-0.0014125012127496608,0.03165454753512142,0.01114880524338693
0.009873889887430836,3.3010423570674163,-0.00960969446158777,-0.010402826261520781,0.010039130347988201,0.0034381781976020043,-0.02997795216760457,4.920802754789882,-0.6537287894533712,6.28953301258602,0.006497229873010352,-0.5439440315418693
-0.0253008906529002,-0.015605256345102791,0.023989556566804682,0.039915456414990946,-0.030675431556712984,0.05413848494422391,-0.2197883130115681,8.561535626413395,0.006022580537954791,-1.807397639726382,0.5371587789526515,0.04869770778189608
-0.00022240379050564307,-0.05326491853015192,-0.007404584553488636,2.7292585805688,-0.002189137507204175,6.048103662946794e-05,-0.005908955509963343,0.019100257282680444,-2.9932061719453316,-0.004768838955877541,0.011171664158956984,0.010020646356307117
-1.2158339827288014,-0.03978434532736075,0.009791258142195447,1.8667526153271634,-0.011832985473801544,0.02290513017634782,-0.030695482175034705,0.10342927212529013,-0.002119862620676538,-0.06606028609289488,0.01579126332837133,0.06958913531415883
-0.0037553993969470737,0.008391924546054261,-0.0025043013032072176,-0.00281746523297835,-0.09692594491778875,-0.024232810434349994,-4.842910151349963,-0.0023478552364673694,0.005979076961695365,0.007062742306593858,-2.9284441072705354,0.007239641725619958
0.005943457086793821,0.011390290248537327,0.006938296435670677,-3.285436556283571,0.025511134910857852,0.0031561662017193792,-10.205027983506906,0.003989353194659373,-0.01234399879245529,-0.00373006313561515,-3.988367808360529,-0.012723792335455342
-0.000782391704142793,0.05989579519327126,-0.05212966889634996,-4.863549314542574,14.963817900329055,0.008477748601726787,0.03940175189998052,0.01663341031426302,0.009513568436465003,0.03806903893964239,3.0432765452958748,-2.7708219882806944
0.010501911885318675,0.01732597886946228,0.024219375854701394,-0.04509990625903049,0.08062655267615396,-0.003010640459517988,8.472434897009455,-0.013689203343016154,0.01841936997105846,0.005202312221066541,-0.0028547113336508563,-0.0019275390171795692
0.002442778413431715,-0.0031001049036568176,-0.0005828022389432302,0.0009886247100416336,0.15474492482867924,0.00033545297988052045,-0.0008655851371407275,0.007302455654764891,-0.8153264597325195,-0.0024661301318523073,0.001031907142273198,0.0028965237055620825
-0.0018134831358669543,-0.06405168462704545,0.0071938008246032765,0.011443846860872367,0.0005409100784196496,0.004760489448167843,-0.015864235314278802,0.011644422957119815,-2.007125915008751,-0.061029686644329506,0.02950532701566814,0.03543177516997208
0.01581681641999677,0.0312007783178605,-2.411895531469014,-0.11233690655555129,0.0017581079373779618,-4.843912332117007,0.0036668492606988234,-0.09850568920131009,0.0014810904999365548,0.02932589600067237,-0.012050367690080055,-0.019659385139214197
-7.597885567604957,-0.009990322853856981,-0.01885652793083422,-0.009716499898415054,0.2526004971300208,-0.028239252213690946,2.0575939383611948,-0.006423175392519798,0.0026354098060826954,0.008365848120005126,-0.011530182705966726,0.06548758172235325
0.04401449271044933,0.02856325499546708,-0.0007491334034043194,-0.0017234701003601416,-0.000380157856626772,-0.009894769010398957,1.5312840319278127,-0.06875268937292345,0.6821033368542895,0.052113585822931685,-0.002754736089279425,-5.851642486497534
0.029916922446857952,-0.007871992235032543,0.008091041348616212,3.6174737703596094,0.03440416177523377,0.0035609149283975378,0.015722654521801882,1.6692792795293743,-0.06767537057541428,-0.03370918909757312,-0.0061238930325544505,-6.342159326812777
0.003473898237785295,0.0013501112654233875,0.0014452570832811022,-9.821425368123417e-05,-0.030653026394377357,-0.0005548837668021553,0.00019955004788817685,-0.000722653680654095,-0.00030242077253500447,-0.0002714824308334812,-0.0009333696889653907,-0.011204721353034314
0.0061755331416994885,0.007112988853337597,3.0607601365648534,-0.01278502238249965,0.01686105988775729,-0.007442237339101952,-0.0005332597745188123,-0.004542061452447385,0.0035806131010081644,0.0050547504001248605,-0.00429836903676095,0.00685218303699292
4.095266074539402,-0.04953398439823786,-0.005089073705382252,-0.016217681726274802,6.666782773558932,0.013654756447004202,0.23595418666414725,-0.0203511922244205,0.02219429215659896,-2.6920583025152,3.7368173529850246,0.5423940261317437
0.00852339814520131,0.060786516720309436,-0.0006507513399026665,-0.004231899423722485,0.005472524601319639,-2.1520897645518033,-0.008399228588150898,0.00023043631330543768,-0.006337461147490564,1.9762766005367283,-4.023307327258692,-0.025135860636677387
0.0029849014636872395,-0.0056450383524838665,0.02419716712609804,0.06627160219229478,-0.006472851852100947,-0.006430020195120683,0.003346508845048668,3.878396165702025,-2.341877331538761,-0.01653285265542226,-0.013795161680691392,0.0008564121231903199
0.002769907565881982,-0.01014536662257623,0.07033523620098364,0.009913744333287122,0.0006028823075658191,0.0077972413105241445,-0.005352588125098368,0.005225679879575229,-4.79163866364552,-0.37532530051944235,0.03678181292011684,0.00864675185090566
-0.0012440740908792208,5.004882430360935,-0.003069144627493501,-0.05089239114686306,-0.01663298439213018,-0.0023226851646509505,-0.0006045119381574635,-0.007663934268295369,0.009319034358036781,0.0006287547417290762,-0.0020105134320798183,0.007511757774241623
0.017697931447534287,0.005955068385669504,-0.02048370777415076,-0.0013807699891520975,-0.019263475581645872,-5.696638718377088,0.0093496162183897,-0.005297615298462288,2.9113175257175,0.019350056760552792,0.045524375432669295,0.007206873870646835
0.015478826810523816,0.034745973274341146,0.000531918221548508,-0.053468017630802965,4.9728604482157115,-0.007471908026485275,0.004650700911315531,-1.7845961376112114,0.0035949554317494664,0.013497759524728424,-0.007275660946712864,-0.013986629357228678
0.005695928759012758,-0.003481776352106225,-0.0018798715831001844,-3.426895970407093,0.0731124009465485,-0.009439103990351631,0.06691070648136432,-0.022883482309157013,0.0077105788294866695,0.007542159859399822,-0.0026936376856966926,3.772632451294151
0.0001309755477240382,0.010474754568785993,-0.005796992346599694,-0.011665596004104106,-0.014087436330686764,-0.1192107651277432,6.648872148100239,-0.021413028509986276,0.21566827344299,3.539527146728034,-8.013768365910622,0.016006959475777016
-0.0012666230504506243,0.008788195629299722,-0.43960510080521953,-0.5154320123482723,-4.977747997790549e-05,-0.0019300839699699646,1.9039920252575602,-0.0010166090205221134,1.838498405860019,0.009152828855044426,-0.004063147535274758,0.0014382685017417293
-0.021633287063379525,-0.22927730018837433,0.00044118298232929953,0.00523852897494595,-0.0051132054168559395,0.012414206106620432,-0.05731385599185301,0.024790584849114172,-0.007881430263932399,-1.5078154444975018,0.011974068865694576,0.029967401410250255
-0.002831626998223258,0.038044167802548046,-0.00939508191121785,-7.002355000448855,-0.014394726539430407,-0.018802093100149103,0.007259758995287635,-0.02709300475528187,0.01909679349632576,0.03266905973356368,-0.09092601272895529,-0.006608943931188868
0.007434785149353449,0.00034051392187574303,1.7714877408473968,0.002202777537826689,0.0006490038941564125,0.0036537503567212193,-0.00048117619126164524,0.004734141448826806,-1.200682530604451,-0.06588283729866495,0.0008843597088286012,-0.027563895811567665
-0.032702944889457575,-0.02734143124106403,-0.012200848972986567,-0.0033047768381008896,10.622861481695947,0.2661947465214827,-0.05741753188022969,0.07169810506235708,-0.04860618395004401,-6.8959343238456885,0.020102969827512807,0.007331369047321942
0.6353353923109086,0.12031837158625724,-5.767329432807639,-0.03193711724773429,-0.014529909122575443,-0.42646424053105125,0.04451377214812413,-0.043447008401507614,0.04514681079863689,0.024045275322275073,-0.016208711858553854,-0.0003023050793893589
0.006036112007585304,0.0013689416855889314,-0.004244529573509251,0.0010659559919417565,0.00339789515231115,-2.046630636436153,0.018871378536511163,0.0010461055367052378,-0.0007689043799711109,0.004616638649514233,-0.013564774761639309,-0.0010806944505748024
-0.000543782510972703,0.0024523955132273144,-0.06678812454274549,-0.0013534025044184828,-0.02374186106442472,0.001285695906921791,-0.0036227503690648534,-0.007609795819701171,4.121360062508308,0.004827793852043349,0.0020536879161874933,-0.009025822265755601
0.0033029159305777434,-0.002728706757856969,-0.010081474286018549,-0.0016269987247087606,-7.438300342876326e-05,-0.010536956687203468,-0.009150498174955335,-1.805925501443272,0.0030263741451987403,0.01308291133617041,0.007560369491126068,0.014682718770386584
-0.05511281045809335,-0.11029921029955503,0.00903709379551798,3.4982805868698215,0.005252798027007311,0.9208036795295755,-0.03142567423195253,0.014491457156497009,-0.029815403776697558,-3.045373061420288,0.0031227052818412204,-0.004168488087318928
3.0375363298304547,-0.01291830295193646,0.0016758990567019016,0.0030690751523179127,0.012181279144662029,0.006155505931953131,-0.010172935346000155,-0.0027406384908598147,-0.3073600493508045,-0.01056763676061312,-2.582762508294189,-0.09802097345638261
-0.0029950295445584363,0.022665503633314654,-0.0024149614620888327,-0.025646370376978117,0.005235440148175979,-0.0060562106538855215,0.016172211065560105,-3.2458536714792086,1.0311902257827477,0.05713362034512759,-0.015937964208434963,-0.0002813748973681113
0.0043876317436923745,-0.003716461914515773,0.056838952164025125,0.004108773326059791,0.0034403761401814318,0.004184008212551502,-0.041876758817130766,0.0031927430992266647,-0.01930801787395403,-1.6694708413698673,0.00614815295586657,-0.002350286462109745
-0.01971503381958639,-0.04155469338983453,2.7026741041853057,0.07706388632042116,-8.906543834147351e-06,0.007252828393341071,-0.00952378601686843,0.7531224965721846,-0.004701853625118546,-3.3081400728953696,0.007850092145220477,2.81020826794859
-0.06981161751355724,0.009675158285794572,0.009778410634325163,-0.002782810076378872,-0.017269874720661813,2.184712413698655,-6.301363367160285,0.04440516537196859,0.007774257945572738,-0.0022316692479535938,0.029398802474347452,6.0469564552677895
0.05580385887894218,0.007508417106468185,-0.003711411534934879,-0.008561847176799359,0.010511264258178173,-0.09522080465494975,0.01054185506456655,-1.1584092760261981,0.005725132392803103,0.014254317120939919,-0.004421645054489401,0.002241934209322006
-0.00872025020241592,-0.006288319982746338,3.103886756891273,0.007698088590492036,0.0009334628553757628,0.03102967113915095,-0.04039900791836367,0.008217749001103974,-0.010540672602320129,-0.012321840862479672,0.007842021575337787,-0.0035724479127794903
0.9654184979621085,0.15185201682136018,0.006568765575335478,-2.8343592493020626,0.04826666103095496,-0.04172183277810071,0.03747663985290317,-0.031655892546947006,0.01836229584494342,0.08575990410498513,-0.004154020248103851,0.0019502394653623523
-0.0012971221900873742,-0.007720433453826225,0.15846378200512756,0.006967362837812963,0.16451481784125788,1.765470712384058,-0.009075859567673844,-0.00014383091514735824,-6.264504946007197,-0.004262907102848934,1.0358117405250198,-0.0026005733530434505
0.0028744198035209733,-0.0006117556362803672,4.099735411178464,-0.0011863013259530986,0.015929975207430412,0.009569905836951609,-0.019655294760947677,-0.00982500781050355,-0.0016947426665094058,0.0001757343566366476,2.142841421285332,-0.004462653689915108
-0.009656694056007664,-0.020649610315462752,0.0004937036230181491,3.7633159247669816,3.890240108882784,0.12142124160439008,0.4849285857678787,0.003975940035539208,-0.0005322160238816487,-5.817850928495128,-0.005534340964921558,-0.018310725898941324
-0.01520304752599122,-0.004482080532822064,-0.0012407829506700593,1.9008281503013653e-05,-0.0012166402397754937,1.285584291806442,0.0015053573378533691,0.0009474691414818564,0.0018254621954258698,-0.003213450555665087,0.004641723436899503,0.0010148148651387087
0.0023543813905063165,0.00039019225080527795,0.007136332425937412,0.0005985182066809841,-0.0017767759820175024,-0.001963506204999417,-1.782288713812847,0.0008385176228581925,-0.46810343886659367,-0.002409771387168677,-0.005015711952759901,-0.007164927903241462
-0.0018064747347627808,0.019267927227531123,-0.010771684672287951,-0.1399673998070461,0.00040951244398171327,-0.08181423146809541,0.5128683539231726,3.588061694502393,0.009455722826974489,3.2588860919677245,-3.0199069175644695,0.012614315046804103
-0.001108374606579262,-0.004927281459482256,-3.160729233920435,0.01046152774393841,-0.051089701972428514,0.009203482366733877,0.03998433860998138,0.03269575354391492,0.0007657280557302676,-0.006873063522693469,1.4266791239965702,0.0035558966331958666
0.023702723116958098,-0.007620093998867969,0.007757131044872403,0.02030042932801379,0.00862229435383012,0.0036080929185526855,0.003567506607792311,0.009259504684834885,-0.028826404824857647,-0.01660019555706771,-2.215791362772909,-0.078336399471855
-0.1204034323096419,-0.021579078172307753,0.0007174036273459583,-6.468928246566463,0.009171027437040034,-3.426596871303282,-3.4447387143384276,-0.023440211740782257,0.005822188748192847,0.037700454499212444,-0.010443453926371582,0.09636866781561804
2.7484871339547468,-0.005609916230901617,0.0171272026475167,-0.0034621683406151384,0.007235758965096419,0.0027986010733429423,-0.04307357575464599,-0.0011198748067872584,-0.02076140507194779,-1.913927316298395,0.003943730084929117,0.001655014587451556
-0.014744235392034177,-0.1248641612355641,0.015746442475884415,6.061909319118165,0.0470222857130862,0.05187324072200322,-0.021809423629826963,0.019714307900856598,-0.8222947234745988,-3.845074629171357,0.0012035777896852728,-0.006979696190074491
0.017687440033302925,0.004098846857810114,-0.0042650065515220425,0.0028479620075190087,-0.02087161853288454,-0.6215385686348086,0.004675768625395453,0.0016713944349931432,0.0006749529221451094,0.006793088519933077,-0.00361206534806216,4.568242602938616
-0.019676926151314944,0.0033721911847915953,-0.004747289811084826,-0.003406150797785501,-9.93362138214415,3.426516502566491,1.8113547435962385,0.0030449978866585042,0.09309876076068935,0.002900388121969924,0.0038227719691417694,0.009351689128207547
-0.008368224892949729,-6.16292827723017,-0.002373886795797902,-0.011670806055960492,-0.0028823790762489464,0.0008114150755875738,0.0027867837863365386,0.0025543568623465074,0.003194823161378078,-0.006572206375223155,-0.001484058734604785,0.05555003161163086
6.026868603470959,3.842546105810321,0.8614715275050226,0.029291398627971255,-0.6260124155029361,-0.008178476401118129,-0.13155834086313567,2.3176011531170673,-0.1754048123812293,-0.009956331593405698,0.0020422082482091097,-0.009013371812535587
0.017395142558619625,-0.010246516668234174,2.2005435434930547,0.018948990751094907,5.23114671169731,2.588032915923307,0.012686555766030255,0.03317487297162813,-0.01517717582110445,-0.04790881574140249,3.9769888540018457,-0.0037883036848507246
-0.024719514670701208,-0.020505907042986528,-0.004082795875748868,0.013060469193013818,-0.0042082930659167045,0.01725850357908512,-0.011084391064392242,0.038524397217082895,-2.882616960176355,-0.0060336918080299284,0.012809995263295947,0.002320577729297328
-0.009995110239150996,-2.672994696798783,-2.4698188452034153,0.05189763601775821,-0.00010606600513696348,0.005252998532537856,-0.01870960383512877,0.006421178324054366,-0.011738577701696621,0.007964392352408312,0.07494387543931072,-0.022216649455969684
-1.474052384387015,-1.376573463908315,0.003660911035529013,0.12907555573222673,-0.010172405269394114,5.132088245582622,-0.001211894715342443,0.04674380065806072,-0.013166761914005898,-0.03693306155697784,-0.049126880552329055,-0.005789693175658028
-0.009561524520333868,-3.029751532310721,-0.004103313862133072,0.003505992526481927,0.011356867199839171,0.020812869027465153,0.007847673527420627,0.023574390479969343,-0.00031187281761995214,-0.002339071960617778,0.033589991404723046,0.007944379094307952
-0.005897613841824356,-0.005871354648171456,2.822239720559921,0.00661322571216702,0.1666929745689651,2.186236737869349,-0.0010040253671167176,0.0002562524647853476,-0.00839584028349108,-0.005450565662826146,-0.0006176280693694913,-2.823577755166237
-0.0029763479292568527,3.159458625885634,0.19083593457284675,-0.003865899685788765,-0.0010655782082632168,-0.006008805975976417,0.003864924262982612,0.004569638413559174,5.067918384378313,-0.004382898470885799,-0.08499015178637909,0.017606121037900047
-0.009935409418593355,-0.012332483980547163,0.007449379216197726,0.005624118184672681,0.012672539946557584,0.007359143591252641,-0.2077401333821938,0.007636607143336801,-0.006415341523569238,-0.004571045527953815,0.20878952723778,0.01870006078795268
0.005909867605801172,0.01202649774838574,0.003186643017102756,-0.006671305201521482,-15.534543184519327,-0.02738987135140647,0.005307017824351466,-0.008352136517674746,0.014562209604468801,0.004185073454383792,-5.0640063068482695,0.04430945648216422
2.9934531316007327,-0.006784281046404352,-3.7965680168916327,0.006613013026345427,0.012762490752033654,-0.0030086245900361464,0.0009956962056858077,-0.07464358926628245,-0.0007863215254851064,0.026697914558001523,1.6277734284904468,-0.007393473665068817
0.0006849506971435149,0.004076630431823455,0.01637260964185745,-0.0030126526292686417,0.03432982159121851,-0.008583741981508436,-1.5101732180224516,-0.00264948978225632,-3.43736198795491,0.011500848343814707,-0.006835526945855541,-0.002647381842776547
0.5536196203722932,0.0001596075353026326,0.032649083076754196,0.002964396965485158,-0.012427056392948149,0.0004058316791885827,-0.041465732396306,0.0016933345839100292,-1.6072503593637442,-0.003960890836880761,0.006732663249018727,-0.006686824274688221
0.02373413664763609,-0.0013075530766128312,0.0054373244657677814,0.002285219824312701,0.2406948695502491,-0.00029249027450099633,0.0013301756192019261,0.0021964245523235894,-0.11057185323640942,-0.0036602964571297164,-0.002482010986317525,-0.42357848434915646
0.018464683244405256,1.5654850784126069,-0.001153533726267017,-0.32637693862282546,0.017416632306305475,-1.449189463725201,0.010401717596972254,-0.011811590109990555,0.003307974730566071,0.05510686620295835,-0.008722453660882312,-0.0013077660360093502
-1.6518672789491085,-2.6225886064830775,0.02503514605845414,2.426156308001765,-0.0022319875908596576,0.04026020890753257,-0.3635083610192993,3.7463779151180745,-0.0022298147512627153,-0.016113985089659222,0.1541040231047166,0.018031559711758627
-0.0015794039671204445,-0.002099939721540906,0.0017628472128973897,0.0008984938369087433,0.005944945723788836,0.0005304823079260576,-0.005160554071294003,0.0054046320527833475,-0.007027000245522641,-0.0021125402546571335,0.0002363641365229389,0.008350403151347096
-0.033686443841776215,-0.15134277216852032,0.0012285194537182687,0.017536828905554552,-0.018164278865598384,0.006670036697188089,-0.07243769582359838,2.9623715276959306,-0.004753918842134386,-0.03464363226166978,0.007844970055079614,0.03526495411862968
0.0005468578368121044,0.000979084299467063,-0.01890807634043664,-0.001412075820441748,0.0036335144414311052,-0.0010234641993870641,0.013794353465863168,-0.053889900066701524,1.762863488884903,0.008329484552803412,-6.302784985851798e-05,-0.0042128686539503885
3.6236861552016224,-0.002120484559062521,2.372220121062528,0.010191670370585902,0.017367635284886062,0.010110724510552956,0.005831244975599514,0.3576859480027881,-0.0065937550161962915,-0.009182889838084664,1.2396097820159189,0.0006908863524063488
-0.011168751458069615,-0.025743278311622042,0.008711875095275268,0.008547815653383611,0.018501804095688135,0.04500128049340002,0.06140718893591268,0.0016104119035495468,2.5533470489392442,-9.49004817770465,0.008660705563406035,3.0404625361516935
-0.0006195788048689588,-0.011204205725950045,-0.0026558274724437225,2.040439561416818,0.0017952602416463626,0.8093133127111073,0.03105376900588186,0.8211733887869495,-0.005729659384304364,-0.01780337531892806,-0.0022811769243935576,-0.02138650209557002
0.004708224291320072,0.0021552682341835342,-0.0021849237354475753,-0.0039337343013352375,0.30678014343056426,-0.00518086225528811,0.0192943248918747,-0.005856701310537469,0.003189707937559646,0.0018710745662573543,-0.01774370305027425,0.00029287576704862064
0.023372664445443364,0.00427848930108405,0.0027233207991425885,-0.013282025331826791,0.01270975964685928,-0.0011068867948902314,0.008113381537996706,-0.002884709278095407,-2.2206224208205025,-0.00956560817035959,-0.008455235334484487,-0.01303722816061172
0.006803582743849956,0.0031626550222919603,-0.0029000777185365367,-0.08987640690376475,0.008347018256456335,-0.006978006648877433,2.6575763721021985,-3.4096111579350534,0.0015803081903732474,-0.0013990688460055745,-0.05145684656563154,0.0008797913910290264
0.005814078352852192,-0.009552897251687398,1.0886819607945029,0.01624401235002937,0.007717083276135184,8.553591066880443,-5.203552416272146,0.010906226811273623,-1.5613011126933571,-0.025981668046496154,0.00021353198990459177,-0.002456293373171381
0.0015412258331118922,0.011064836788973964,-0.0022550544826897556,-0.031599577825312475,0.017681974882948107,-0.024929185684091554,0.028986213798560367,-4.746584605719054,0.007580433736298908,0.019141381816739425,-0.20735174692527725,0.002848814673447282
-0.06514584724326729,-0.015410353249905879,-4.408238822213673,0.010653176726250213,0.017087986722241627,0.020601443844097067,0.05812452034589915,0.012323358282893604,2.751102957261949,-0.002729942747670022,0.013671709101046578,0.017804714823801027
-2.2163950495825184,-0.014957487540824384,-0.008060471664915646,0.007371519188219794,-14.311939926790465,0.05118168773053744,-0.0020146580898110222,0.00983142771973286,-0.0037184463903611673,-0.009292801120592817,0.006511082601303909,-0.00036677585181781047
-0.018564293555120348,-4.377210900287025,0.007631797314483185,0.0017083807118878358,0.004099781234674867,1.6537271971773464,-0.03094870921263443,0.012747761495254584,-0.005684388303497295,-0.020275986959549464,0.01065663064259953,0.00527484957472657
0.0065617586672364146,0.008704547607528848,-0.004645726019553357,-0.0070822724333564945,0.007319070083215045,-0.008602262531883965,0.009688179352215108,-0.009071986645676693,0.006074383806364571,0.008577051303472683,-0.012725882796124357,-0.008364973864398339
-4.27480381791936,-3.086226899243531,-0.010629558103558978,0.005822421180634807,12.395153867881817,0.009274410764429808,0.01686053534183593,0.38299520049665503,-0.7925851375671265,-0.006474175322424891,-0.016899163648556523,-0.014471933981242802
0.008196427827879157,0.02239541278336902,-0.0008049321480079453,-0.014325630948794937,-0.0026203422828395832,-0.02181891829557997,-0.0016413927807327868,-0.002708596644452735,-7.353511472402152e-05,0.003692957287882409,-1.2974183864255895,-0.005822048806024785
0.010101056477969994,-2.4455368325185987,-0.00046498321477039806,2.4221314578846886,0.00036687210143226956,-0.09613547763969388,-0.004219195267760489,0.0696041507511751,-1.764445343941798,-0.004360501144545448,-0.0024753567238898766,0.08026415958183941
-0.938787092266768,-0.03171943140901101,-0.00781390523013098,0.26710384224946004,-0.13409891455911765,0.007696764939513989,-4.426543434473757,0.001230119002752439,-0.006549967074697127,-2.845818432382721,-0.011804536009884403,-0.007786515800373886
-0.031489746600741775,-0.003549454324936585,-0.0025149747925133914,-0.00015080013595580866,-0.04252533752406418,-2.015898821950332,-0.02765478155185941,-4.2081413530514755e-05,3.410151273853778,2.84820533001826,-0.004342624476737722,0.07803370740155291
-0.00439263138461886,-0.0015829761451958018,0.0032111693555693095,0.0014017443270726412,-0.002468074970427982,0.003250075126593418,0.0013134673055570565,0.0005221388438526086,0.002022599916366115,-0.0015392243882445709,0.002152336682008816,0.005852253973078168
-0.0007018522542166436,-0.014132860692805865,0.02383552228101185,0.004833379504808517,0.02003839383392492,0.009843881845232588,-0.005446781940363077,0.0029630266679095494,-0.007533910570570609,-1.0412857960705808,0.006647852851570921,0.0029102584224316133
0.015301235345889046,0.005880040789806636,1.2122973055783681,0.0017591201287974756,0.008814711277828407,-0.15559705034966376,-0.009568626485353789,-0.009118803999246056,-0.0030549732457145033,0.0027410872041045697,-2.0727722894320175,-0.008079340781021405
-0.0004954555747377063,-0.0002937077058639378,0.0120546239869165,0.000992969536571843,-0.011241268266699186,0.0009620825928309614,-0.0032446600452854055,0.0020916939528411423,-0.0006393664785806409,-0.0017675166075642097,0.00137030503017005,0.0050744544579918345
0.008133278832674996,-0.007559723055585804,0.015645731712864805,0.05070114228835143,-0.006732889579079807,-0.09420576092635091,-0.30336232550525843,-0.010265157192054009,-0.0013855621630867176,0.00029497246302634395,4.247488737732839,0.033487869476468535
0.04689910592615393,0.029319617577635175,0.0032901508636108724,-0.013368167043660284,0.0027236295361911826,-0.08021096355141966,2.514922871152087,-0.05071675693605515,0.023032833439579757,0.006055158500935104,-0.3085076953872576,-3.052164665995338e-05
0.005596183299875726,0.003961699180573367,3.020869458354174,0.009069848948150439,-0.006181317700008343,-0.009776128353396557,-2.1098903741816226,0.01923173751932178,-0.019480883993552203,0.00605647532500575,-0.0021354213665919124,-0.002597441770326253
0.00042602795704826946,-0.03869002273029576,0.004317003795077101,0.011022155630116909,0.004841576687202309,5.663941877404762,-0.030555841223778968,0.01611917526195561,-0.24294146372272163,-0.01977914364975869,0.008337290117982343,-0.0025461022200675663
-0.0055766008301385995,-0.018823868227547155,0.013311558137535588,0.008866208999448271,-0.0003626392932012787,0.012804149104127794,-0.012537225418403346,0.014935491841957775,-0.007096224126765471,-0.20723097514170352,0.03494815615323732,0.055113080285005445
4.876137200836062,0.00295442672464008,-0.008000697911316856,-0.028830490378352946,0.02991152404793407,-0.004816872794826288,0.01037854844569397,-2.0159839368708674,0.000951882774334889,0.006608697590987853,-0.005377742847612166,-0.009902192316547986
0.012603936094083723,-0.01550414736680672,0.0221932027513545,3.8583463278170234,0.645128223664232,0.002909417795569254,0.02000921623857277,3.9500838617635483,-0.01646359657422103,-0.014123748269554821,-0.00643334370159554,-0.003597569823815993
-0.004925918348370195,0.02480579754852874,0.0021276621496524317,-0.020557881901426628,6.459485608483941,-4.193030359561504,-0.03837826288172752,-0.004089540843238985,-0.005156664594171856,0.5665260305903935,-0.04766903023902458,-0.027751122049656046
0.0001265218837103177,-0.26454469418816373,-0.0026634905979479595,-0.006534481195366537,0.02427988477846162,5.475082659169999,-0.01472183654747139,-0.0029556521628073956,-0.02316473212174963,-0.026130173318759886,0.0034050971033146027,0.00194253086209073
1.6876454337444144,2.650885319426422,0.13746850127455268,0.015625143020357113,-0.007217113908981249,-0.004569431051721917,-0.035931222174126365,-4.724254955704524,-0.002358542611353931,7.319874298328255e-05,0.010136192855324688,-0.013687146342952428
-0.022454347855634785,-7.601303661966174,0.011665689289696968,0.043634302109261114,-0.04701236936533275,0.02228043629350651,-1.3570665893292952,-0.009853359209943457,0.00837536555866919,-0.015379399221885137,0.010470651374594186,0.004093056153355867
-0.015110847636073954,-2.927118727772026,2.938723521264208,0.09492108075324523,-0.003918581751271688,0.3020771310518171,-1.9230412287288488,-0.012795062795843082,0.00953394725438117,-0.012085678682092205,3.092653657566082,2.6669929335029963
-0.044420827525106565,-0.01669324887340068,0.007358578461831078,0.14804381640138137,-8.965977876038641,0.06874582773391841,-0.12316893377711069,2.006880449391818,-0.027355535604975445,-0.04010566234169405,0.002854967491752042,-0.008000782277064786
-0.012969206436003633,0.0034715757609378173,0.03320573926959869,0.006282331485364612,-0.004095819712580412,-5.401847233058682,-0.07843357969961229,-0.02208152046732692,1.6208125707155823,0.011624815489566342,0.010474806514879642,2.529291040755
-3.904209887141185,-0.023592632402891223,0.013385172803427103,2.0882107113630326,-0.006372425313915575,0.0010137784021972962,-0.10297504747176678,0.008028873604919884,-0.00450637856549585,-0.006591095739734321,2.90875503747462,0.02030421104246649
-0.021955980199005846,-0.017835181290763193,-2.756800120844102,0.06735580374423111,-7.818980427954399,0.0007040217952597877,0.0074647306001692434,-0.0030681646519404165,0.01274088826816433,0.0006608809315566677,0.001903953594671104,0.15353525173986726
-0.001811747118570196,0.0019034643182168423,-5.974433528076191,-0.007542094671354027,0.04754346017325773,0.0003021995746954609,0.540973299790475,0.0032708587169531234,0.014742247976063482,0.008450129758092118,0.0014341842218731898,0.015287828521902788
-0.0020200067311470227,5.744652846439152,-0.009323446975271377,-1.2892709566343399,-0.029862355889959835,-0.0012643150020075211,-0.00782794680529561,-0.012623134541494663,0.04232831037033788,0.01011175593025948,0.02673019696836787,3.6930278378064685
-0.004021286839464788,0.016701374842095662,0.0035608260795337854,-0.07363751507851474,0.14052296041037565,-0.009245598715481737,0.05915492729302807,-4.399786613586951,0.31972207685329757,0.016766536166564566,-0.05772971901512003,0.009265478198582408
0.916659647835365,0.014673239390579419,0.0071172164546804036,-0.002333787377128572,0.000897725946825729,-0.01292129220544317,-0.0005178141937938851,-0.003038054657969559,2.7268046206277083e-05,0.0018309310813092346,-0.009451980170462917,-0.013971988802210046
-0.00031946077738965887,0.0014247512184724983,0.22573679792907572,0.0040273675866771,0.010449280653418613,-0.0024368806155291092,-0.005368073373843429,0.0029742868161968944,-1.7417671742576415,0.0007229201857529427,-0.009755586750986566,-0.012805705127112599
0.011120657999482919,4.281815065925981,0.2874913598841282,0.004948255220353692,4.895665317223978,-0.011784418961689358,0.003524656503989334,-0.02659709103536656,0.01270329173745421,0.025090252261312784,0.002281782362319587,0.0050100286910292335
-0.6901933083591341,-0.006785170233242283,4.793316693207567,0.006470928017140776,-0.022526662235809895,0.013730636932705431,-0.013160901738780952,0.006829769340192138,3.9138704440928526e-05,-0.018242971527383522,0.0032847721942905143,0.005412023751113479
-0.06211740526511633,-0.031859770237554486,0.006981771260907266,8.364505156516548,-0.014139268625249807,1.7260427036034143,-0.020915991195948447,-0.0016230966397993984,0.0094645305087242,-0.004064428634923241,0.01646900534203688,0.012648102924374627
0.008960577174772943,0.15850390624072475,0.011623666936670496,-5.557986028392946,-0.03880606674763076,-0.009604775137693533,0.015683886664940694,-0.6259059706359036,0.27148935002335506,-0.002600238192980109,-0.7534330197670585,-0.0012851185357189432
-0.019216017738328706,0.011016708102139061,0.0038655300855988117,0.01887512398819531,-0.004639954168528242,1.7506915443568598,0.0020844824795432926,3.4359424818288815,0.00783016979351725,0.011235290829594725,0.020674407454876365,-0.008742316440471975
-4.929209590083644,-0.018700995519029817,0.31877226216322807,0.7073926751820672,-0.004956330426054312,0.3215617256483885,-0.01734959366373756,0.0009145135337581267,-8.096293005749322e-05,-0.02107649767370806,0.049111825182927005,0.03547020338129858
0.0009473594273464725,-0.053958140826996015,0.015971272784013557,2.984978381719994,0.016308130096152118,0.008683936501697197,-0.0034383433333147195,3.6685031023541104,-0.5232594754416979,-0.08102256243709027,-0.005750908094923846,-0.008892109277294752
-0.0030477431490165685,-0.00555298411873828,-0.004339391199026543,1.4378362657755797,-0.04501291323367394,-3.5040592564725586,-0.004929483660482958,-4.812823493544581,0.26463779218323324,0.008158131249277362,0.02835152086036352,3.528598241792351
0.024154962438449938,0.016042699592213328,-0.0014541126969584775,-0.02245906131413855,0.009793092038835521,-0.10496838800631769,3.55284908435525,-0.00567074915260718,-0.0002944171710146191,0.0066480092634431665,-0.49913628601332927,-0.005097497576313212
-0.014810743944578418,-0.0058471172579532965,0.003089908585541229,0.005841972165354292,-0.017089742576915142,0.00611563068522263,-0.009313889594922737,0.005604785684758341,-0.0017368606414148715,-0.0031095421815839595,0.022218377688768474,0.026217060699568064
-0.012568958100114436,-0.00029487108998482725,-0.3651819954949609,-0.05369135811856579,0.0016425580246674856,0.008081022614326453,0.01312298994223593,-0.004094222079976971,0.1043028098317671,4.357221412412413,0.0015687730471041217,0.008356030524785146
0.004950676513315875,0.008131330429289192,-0.11442976669930825,-0.011341458999855258,-3.8676243420697745,-0.006136847539249329,0.006079850418308276,-0.012777636652966998,0.014305648105238721,0.009182154369629318,-0.004699161253989419,-0.00437597574388939
-0.01660379816239016,-0.00375648794061223,0.001149749196368944,-0.003532060073270449,3.619638050844679,0.026212899503509135,4.00323824590484,-0.0008433142662355175,0.013979540306449,0.002117860301524388,6.151858374620717,0.011831440913929958
-1.7954061419059915,0.001133728661263495,-0.5246006482069077,-0.0029432429987753736,-0.0023983033604129196,0.0034412151397126417,0.008488553105661913,-0.002465780194463217,0.0053094619809404605,0.005332148060223647,-0.0002437898928206745,-0.002944287457494296
-0.010882902968881496,-0.005828759267366115,1.9730573057085965,0.007515802938449889,0.028099424118171686,0.014806010358871302,-0.009629268314135438,0.011995846075475547,-4.19967409965575,-0.004532702345831918,0.005472877074007789,-0.0027740606370519894
-6.067568704623332,0.0021217370538863176,-0.003275063564473806,-0.008234474272084569,0.8514352547795851,0.0006773691210314459,0.6500043992350002,-0.04347350640914138,0.010571123592576205,0.0075660931553345745,-1.7574619412070502,-0.005950696088008134
0.18885042991762102,0.0066045077855989565,0.0013076427508997845,-0.0014642642595626976,-0.013894751101696412,-4.459485954606848,-0.0029853721805672695,-0.0021495011675218834,-2.484849373847382,-0.026674440225373575,-1.1015324908841677,-3.434376680140357
0.0012949375333972668,0.05293539711660955,0.004625437766431872,-4.917558291735045,-0.008318541988786815,-4.335332242447013,0.014130849785880972,-0.026784089743578238,0.23369633486892738,0.010393815359782399,-0.0030922135949236207,0.010110070601723767
-0.045629724795402726,0.016123345607240047,-0.045160493516308575,-0.00480151976168558,-0.1939996119687472,-6.870202064301868,4.10943029419505,3.3026571039103167,0.05342942020648511,0.006736102060882654,-0.3271881684547324,0.0020338280577376633
-0.015370020160036052,5.143317934788911,-0.001999124045757139,0.013545288921417042,-0.005256814442135341,0.014262871974046853,0.02392976615824166,4.241719009469691,0.0140231235591598,1.9810256254789067,0.0038912183003647627,-0.006484432724105038
-0.17632529458571167,-0.008484639606921363,-0.008067663265357558,0.0024097975242749065,-0.02398438290359329,2.3295532609008194,0.001335888333687224,-0.0006170942493768138,0.006505671397317225,0.0005294868402343487,0.009215568690269904,0.00579355120395263
2.134406210225352,2.7072373873794033,-0.010485820780724773,-0.022772927855843506,0.0015925144688166103,-0.0012968419971290945,0.01947972091395993,0.00039362687271693453,3.055467026488195,0.010290306177867858,0.011365766743806072,0.005247749287558889
-0.012343557727798604,-0.0066729344431806226,0.037921112649975885,3.4680981891708047,-0.0004350807614194095,0.006972836658538827,-0.017426926070467474,0.0044811813831825,0.00039308654465153303,-0.003858096250616375,0.005292986291373092,0.005180723906766398
0.012243142242770899,0.03266569899425864,-0.008564435540127646,-0.005176881964264801,-0.008800517539223451,-3.4377748730053987,0.008614611678554096,-0.011731903367888152,1.233154772298004,0.3558298792326431,0.00680636264740786,0.003991741539767238
0.004405112680094858,-0.18952082656454028,0.6874315152160628,1.3148886196227831,0.004203701841624885,-0.0021291208771522935,-0.12291797640801883,0.0015588852226990912,-1.8353773936952251,-0.021581960447980386,0.01056416756461831,0.020215581909600072
-0.005014116488892939,-0.002634472382403774,0.0011080612731347583,-0.0014602308230708765,-0.006228876471419378,1.5720581357820669,0.03322605113113858,0.0047165838241976284,0.0026126162412264398,-0.08711220605929679,-0.00316401335614655,0.0020405154440934267
0.011937565508635423,5.235332176914241,-0.01049938207503115,-0.021378933983596138,-0.0038973692491411117,-0.38801571296653137,2.184883541248613,-0.009874585071590003,0.004390719505018438,0.007591177790872594,-0.40069895453023774,-0.0011386848608428979
-0.0193718051035303,-0.013727448611805498,0.10059134830126454,0.005436125611780606,0.009057843128764322,0.014410865126781209,-0.007770531414094221,0.022311258145699717,-0.0038954080349146297,-0.6574127242158012,0.004801225544632474,0.08608517045479569
1.655599746335362,0.9346268850153798,-0.03814369770939818,-0.013127169288684182,-0.010263838619563731,-2.5815007655299667,0.2229708269409474,-0.008840169779309459,0.008065891016089788,0.012784518117815447,-0.021423512633903852,-0.012942730701398064
0.0031642875131771375,-0.004929155989043633,0.006004332383724961,0.004921807494825804,0.021244954111115016,0.0003827161459085786,-0.001873681808613823,0.0036595416532292646,-0.5979753697164853,-0.004933207576395286,0.0010718041813634746,0.0009620573433561123
-2.5875071601730966,-2.0869498233281174,0.6340289046212595,0.13677018353013182,0.012542603048374791,0.035735573706345836,-0.023341136830021286,0.028333001513342504,-0.0069500214746197955,-0.00990436963991459,0.09451925741053646,0.012578245421195233
-0.008963215277166287,-1.552807683625705,-0.0022089627140505635,0.004225026084285766,0.3114072663766362,0.030948847729370454,0.00823412835628548,1.2974469036615552,-0.0016825049468935649,-0.002694645323848166,1.079309758347721,0.009128550499163501
-0.005000931693933734,-0.018897175575127774,0.02623816434124865,0.027078891656695647,0.001002675362767279,0.005696102262259266,-0.4241985737496069,0.015311164835559016,-0.03610047208945883,-0.017179512733916786,0.010655745793876523,0.008763074773798262
2.732166772068652,-0.02702516177213754,0.07226788538590156,4.026999041666784,0.02842449903489308,0.00983971414854623,-0.00790897137518956,-0.009933665159327365,-2.8116341247240655,-0.021981360333930722,1.8549409553341434,-0.008219891595622641
0.005241865152293412,0.8317557831041249,-0.01021205019732685,-0.006578491224824623,-0.03050657679494931,-0.03254720911391357,-0.00021601149743838421,-0.013760493680815722,0.0024809941246963507,2.0459918386380878,-0.04583163614807728,-0.015745232363979428
-0.0030289921841384635,0.006957599308191155,-0.006707240130934966,-0.005754104633996199,0.0022304787810211403,-0.003451687923585356,-0.0003536033730554833,-0.0013994986668876275,2.6898399430237196,0.05256435992255981,-0.003284440332541768,-0.00031502812295704924
-0.0029601271675073326,-0.0037734238942433423,0.012733558784130041,0.004081332681961215,8.729128365670508,0.006975188592897979,-0.005522255037380425,0.00999413512712039,-0.03697847266839205,-0.009587336642118145,0.001848433037610586,-0.03360015787725338
-0.009412820451086708,-0.017416554138537786,4.4649272701364024,0.01685967699201893,12.819751041710433,0.007243203302068332,-0.008680469099419752,0.02741748307622538,-0.008596338250432965,-0.010516634705193456,0.01460091294579668,0.019340558704712366
-0.01457169577025541,-0.02580922777889816,0.006967270632453337,0.6661573117550196,-0.008721687680883525,4.178835129311544,-0.0037072996030953487,-0.0009734901580842961,0.0005406483141578988,-0.010964550658972446,0.003554181995003236,0.002446786433496901
0.013738200022398006,0.020679695400438458,10.865338866111358,0.00046087757873991553,0.0004520786672371213,3.209532344842536,0.6055969243737245,-0.0012658078297866915,0.002094981929342987,-0.011541445564595465,-0.005795785388372332,-0.027559087087171582
0.011742750947144331,0.03499515514048657,-0.005153303119675878,0.0011087832430731973,-0.004811165519329048,-0.0054246482378030245,0.008945573035000487,0.0024161326971181684,-0.0004511663965048873,2.157139212803485,-0.0018565176186061128,-1.0246342685877374
4.218812214831825,0.011123368236135411,0.009038806218949147,-0.008416339405172502,0.010120504877668385,-0.9978289288419369,-0.01240266537661594,0.0032138819101639737,-0.09674289056303298,0.0030210510088929943,-0.11566281826385882,-0.015171418048031848
0.005480516166004923,-0.0023819206434476103,0.028283712789582374,0.00526185044790569,0.005596406146313769,0.0003006130802317864,-0.002571307832306184,0.5593946602471896,-0.00803599656824873,-0.009213121400131119,0.0012309049335023428,3.402517933000585
-0.7633195523475678,0.005932550259319276,-6.169667140659534,-0.0038024361090388606,0.006387726363962277,1.3794127613500304,0.009543152888662278,0.030790755876901527,0.0024783872730120005,0.0038915486284328976,-0.005359252746867216,-0.01551432463642144
-2.211554309521005,-0.010862801933289923,0.0017175273778437042,0.007470020957015572,0.009055691048622075,0.045532727639404635,-0.003908426301665234,0.1730975552555747,-0.011193539171196601,-0.0069505267491113965,0.0032301346654808813,-0.011113044032969616
-0.009850304904150526,-0.026204871675653794,0.0019806956056648995,0.004696802364313168,0.009323235949486718,0.009188299574605494,-0.004662762090819073,0.008655170223987822,-0.010158466306016013,-0.011388845094557643,0.004865677498044707,0.008008884483773376
0.0002679520017547685,-0.0032348342946743125,0.0004398854212963937,0.0013679874419350927,-0.0022163028453230866,0.0016404731467101418,-0.0006117762241191432,0.0017790485199833666,-0.003255577914342998,-0.004652768014270621,0.0015005518172690215,0.004392355185825737
-2.0547260395218654,-0.05900557024901126,0.010059761104428674,0.10775262728290702,-0.013886924094688093,0.009298758805435181,-0.015300794609961088,0.014497394328568225,-7.720182688497669,-0.02418797098895653,0.004013787734937685,0.01566005923219549
-0.0013046254916396771,-0.006852511356565838,0.01550913865133785,2.048032559127128,0.005001985509003014,1.9372280999045737,-0.002844012840195531,0.021995355802645944,-0.31483221262291217,-0.03631490797517398,-0.007316094788824445,-2.3387602348523346
0.0001029138880752345,0.002707635725198849,6.214754517569672,-0.002759875288939312,-0.0014799874226035237,0.004019772112010926,-0.012641255751526963,-0.7682112359081312,4.60645512493795,0.0006058628291124857,-0.000250355701974795,-0.015448121726864581
0.7445905997076174,-0.0027048462941683393,-0.000549296893200435,0.006593549744154811,-0.0073639286208767585,0.010488403605896951,0.04270696842841315,-4.510758125541644,0.012590205210620264,-0.010183500079120932,0.016938595481401753,0.0031836558630311124
0.0026031944352293487,0.0010783917753584907,0.008034478392433122,0.02205378087639253,-0.01959714685713773,-2.004736066835653,-3.5252312970452255,-0.001551730103706918,-0.002818274888337787,-0.0014905301003419079,-0.026346952129317577,-0.002463390999740778
-0.0036089493691579266,0.0012728384067787757,0.002058860754378361,-0.002344515148573008,0.008000274964105804,0.06400461124790549,-0.003967663966520707,3.195719210345634,-0.01003617504656612,-0.007567040966890107,0.0005778020171641751,-0.020554848341232453
-0.01077534969886318,0.002492057574041029,-0.00551871390182862,-3.8144907776558683,-0.004685929881458589,-0.0036275889576991363,-0.06810508597151932,0.008524703910949137,0.005108342144638289,0.04680089698781305,0.016899861465259902,0.06542976823607648
0.0159867843406456,0.0329140355097608,-0.021742160347528516,-2.068734130608206,-0.005893114502288799,-0.5573216661699263,3.990089490547547,-0.04054252288149862,0.012958182963275666,0.015552398800024791,-2.518800905925403,-0.005139187493351738
0.03094162446418445,2.86713484866116,0.3720638447099497,0.0013698974581015655,0.010513252684045895,-0.009268778226297375,-7.894970434402156,-0.0010773175187176187,-0.018099445549937348,-0.0020861135703965084,-0.019556142502982737,-0.15155045991835925
0.005452641827827818,-0.0009310620110486013,0.0019849750733678174,0.001070196042729189,0.02096866890948903,0.0011210431442259389,-0.004448474511132958,0.002348037041699974,-0.04125794117129326,-0.0025571851919851253,0.0007096881921863893,-0.04885477014163167
-0.0913158754592227,-0.002474690839800786,0.004072106687254273,-4.288572236701986,-0.011027531884300237,0.006941225089415207,-1.170203832245143,-0.010522241788874481,0.022127797797596438,0.00035690150395574494,0.00631656605335873,0.015746825208898807
-0.03219753190461477,-0.007902197656727825,-0.006621183218402257,0.0009346667034860626,-0.007780949736708774,0.8874319081557769,0.004012965819443277,0.0009447899747022266,0.005419208346329425,-0.0024785011245912246,0.012826554452267422,0.012511541177132619
-8.740419205411541,-0.018686529376336247,-0.027407221875003274,0.005866067380560058,-7.50774774262579,0.01081507842895757,-0.0186169204470535,-0.010934617451557216,-0.002423867722501416,-0.003027503718277147,0.04463358744435075,0.004807063298806369
-0.005924254528030783,-10.99193097998149,0.010719222751589541,0.022959464520620365,-0.02614543719633442,0.012478827679366145,-0.04377938760269105,0.004349711591338901,0.0009481329076161393,-0.02589434999418483,0.0243805341367683,0.012660347994339682
0.002361032507920746,-0.007913727148073368,0.6081315405411942,0.010000449226427843,0.012083104452920532,0.00589868666307381,-0.006888085282090839,0.007876988071033791,-0.003947318681447376,-4.174008687599768,0.04751987482936326,0.009475618262022563
0.00020193881943378345,0.00841874154643446,-0.001532163974228451,-0.003312593235188982,0.003881770106954276,-1.595687357081045,0.020545399164755673,0.0051707384891001,0.004495516789499554,0.014372913105172934,-0.008535796489944264,0.019658125100399652
0.5567054400154845,0.003514359563105862,0.031416762332174664,-0.043699701281680214,1.323393814593327,-0.010356552908577177,-2.184841954983125,-0.3796919128895162,-0.005218751098919505,0.00036365651769382223,3.4711264515518376,0.004946012487352602
-0.0033345863223394577,-0.0033932877062164066,0.000712177371522564,0.000666269560867349,6.322714666759182,0.002280921596321393,-0.005837092596487913,0.0005540303885677748,-0.007477072531018605,-0.0027975784389362352,-0.0012437202776722014,-3.004011133256052
-4.110281330196781,-0.010606044734789544,2.519193988365089,0.028340189928085513,0.0069861443029962805,0.008408726175857084,-0.0007180644154687332,1.6122904687629358,-0.005468474239587129,-0.011033931096035565,-0.00011696587554099747,0.003922018634965385
-0.06553959616263993,-0.0037533708593534554,0.0021762009814038086,0.004442032829897913,0.012321547295792462,1.836611394117309,-1.0682673907263442,0.004841156186047302,-4.470742664209961,0.004463944258824903,0.011652803076043883,-0.011663617917552785
0.008216685301510374,0.017038959850735114,-0.0028380998882978625,-0.04272143278477647,-0.002249321876178434,-1.9675625363976197,-0.0023013845402919397,-0.11948384336257634,0.0021045090148903017,0.006740019010112973,-0.015314907112557341,-0.0032364383095153017
-0.00029575542548802326,-0.018856340819738478,0.0038308182504552327,0.05779743326005149,0.003961426413021538,0.01336231426697071,-0.011901382920654353,0.014744350312179244,-1.2854229600699678,-0.008909287078803285,1.709240097577013,-0.008931704418798314
2.7896383610939495,0.013467503722850993,-0.004009641878829018,2.968943705836825,-7.005074384438907,-0.0623423537630472,0.07392906135040223,0.000591105545824866,0.05933688953955307,0.02221804634894591,0.5729404382200425,0.11407861099407701
0.0032836567866286748,-0.0022603106517602774,0.01660328062466376,0.0019832131304015066,0.04531395656295504,0.004262661711948557,3.536519691692295,0.010202135543963514,-0.0045659002819138685,-0.007628696031225707,0.004347814880335398,0.007285804821302408
-0.001214512163073441,-2.445291617813028,3.705474440086839,0.006658284915886936,1.5783059904274213,0.02342973475325505,0.003429955266309769,-0.015195561356047715,0.005265096843929842,-0.00861725599624985,0.0214685194472718,0.008605115027758126
-0.23379113610097324,-0.2698227891618714,0.019857973290582587,0.02007990784399638,0.16749617854762136,2.7441296001238236,-0.02053483937417222,0.02978281682283157,-0.041053433259851224,-0.005264963434863226,0.0026691653229075074,-0.0017802605580560654
-0.29819784071933153,-0.008452562121421425,-1.8502243261712525,0.0018141523845520008,0.012189327604300984,3.11390326570503,0.01417778706046624,0.1592548922433783,-0.002483218559190814,0.0024749890129213,0.0005877802335245708,-0.00030972679403350883
0.0035648973300757003,-0.008510406852038743,0.002959115834720888,0.0032772251476682335,0.010519232406609805,0.0023448938849600087,-3.1973136440230085,2.1841945627471695,-0.19498760738685839,-0.00711586986504073,0.00791237074806489,0.002599373770562456
0.005904651583802508,0.004949911560799427,-0.01290684103777512,-0.006459494027181184,-0.009261762851289598,-0.010287469579549513,-0.028544116429932445,-0.018225238882032202,4.251505908351629,0.017946647714263186,0.000636190668376722,0.007436366447697421
-0.007234061391122232,-0.01146354099629826,0.005385056716962572,0.005525913092653786,0.01936982793931076,0.004401879061009082,-0.02712233808488268,1.9581517482100435,-0.04834528948611039,-0.0034011499234047424,0.004034140093976957,-0.0005000401227050356
-0.001871946074891273,0.008679861010392642,0.019210925142164492,0.027320847407390048,-11.033732905564605,6.844000555076249,-0.026460909712855196,0.02978276399904467,-2.9077860110772704,-0.03621474573798089,-0.006517297919606868,-4.039720164343631
-3.6834416007034143,0.005806562670844048,0.01919672994244207,0.09353120053397057,-0.021106916325232122,0.7099000332682959,-0.01135689920848007,0.018136537484325366,2.296151288037904,-0.0050529969586248225,0.02095296277499553,0.007118589459656502
0.010781104284374635,0.5294474799433004,-0.022322762271957508,-0.21115046938697546,-0.02021791154407626,-0.176458693751826,10.23382252567555,-0.01758476495533312,0.03386454711686859,4.265523774931381,-4.118300499126647,0.0005224996759953804
0.0021847954626684936,0.005695988388140227,-0.005568207476394044,-0.0015830969534135764,0.005820938901215652,-0.048287636920482324,1.4503214966111937,-0.013721982537840849,0.009284121178073399,0.02360712666486231,-3.1324824007572443,0.0005297572499718406
-0.005193724342109785,0.10750988026719893,-0.005573108129750284,-0.09159021390838307,0.0003355550987643452,-0.0035885492748778947,0.01084385442514,0.005771463885190176,0.004940717720705468,0.014786294685675161,-2.749040318313863,0.0013619656314277362
0.003404550070136736,0.016416133514683295,-0.043324795301861396,-6.181064625076608,-0.015912813220817945,0.002151551566687837,0.026555433754135604,-1.1067466254877303,1.9847009891343248,0.008471005595281689,0.0006708289317716165,-0.015209418467888813
-0.09092357414952607,-1.4106740754934375,0.00508214820284467,0.015082866128221795,0.011593164206738137,0.5847079778726858,0.010460761353711018,0.021715580307674287,0.00014504681057243146,-0.01814771501410345,0.0012325929883857459,0.00740758442533028
4.401233675847165,0.004062834146334571,-0.007068644228032384,-0.6787275072660653,0.008485083610055122,-5.185865803093714,0.07261086179951737,6.501804223300399,-0.034563723997504514,-4.990713519771067,-0.0652434189994564,-0.016486295588833466
0.007339817191669946,2.1070838971270853,-0.0015818286457175926,-0.01380856447561385,0.0021193309803098376,-0.006462306698295117,0.003397520921736159,-0.002110703800542124,0.0009663248887460361,0.007954156165103865,-0.006316590587374307,-0.006518293526938029
0.003423067210976273,0.024339859361254837,-0.008837569616903499,-0.0077502579721814395,-1.4135898942938145,-0.009005587504148455,0.00199095719182823,-0.005108331623744945,0.7982037466852525,0.1919121501907457,-0.0019323486531154822,0.0015170181629852158
-0.004891762933697176,-4.324489601185597,-0.0003838299830752484,0.15923678825372534,-0.0032945704583853663,0.012432096768861811,-0.009638541149059758,-0.0015342706535725892,-0.00459162892391992,-0.0019887250764236697,0.007702572222130465,-0.019222058518402696
-0.010290727136710809,-0.05636377799650916,0.006347424029772175,1.0136992417417776,0.0005886788496466261,0.1480136039868598,-0.010545720500052203,0.01431346327798226,-0.002567158399349956,-3.321607594071697,0.09948934140878984,0.005000686698799564
-0.1074489384421895,-0.08691326671476873,-0.18322246450470336,0.012077119525368663,-18.42109158900947,1.097880106524789,-0.01993073786156435,0.047597835561877355,-2.045797643548374,-0.008561399531227365,0.011055225340630026,-0.0011156883392944954
0.005701186764380861,0.00641109523395848,0.016323892933417152,-0.003977475889003157,0.01921145316527966,-0.0007900873099703221,-7.090841211200177,-0.003021257367859853,-1.4272733758993283,-0.0017863970948122643,-1.302069566780711,-0.0735843726910031
0.005836533430191415,0.0003820426544728847,-0.0015683272841520123,-0.003819495968038692,0.009320406190670719,-0.9100261046844405,0.00025136846094430537,-0.009415835179844526,0.0009834823961287036,0.004034542878324092,-0.004595458605610496,0.01795865511522375
0.026576321709640804,0.0065620246272829474,7.471365131252183e-05,-0.022713837794391872,0.014780463134097373,-1.1736559714259425,0.0036685439029200684,0.0016924643126835504,-0.004381967996614972,-0.0007239461005818168,-1.0215109845545935,-0.001915379369348616
6.233898386493627,0.004789821497221465,0.015572801499652102,0.00855103204621932,-0.27496637835641236,0.0017215368705811862,-0.06489038771011285,0.035447352296172685,-0.027381858895845337,-0.005777906618714135,-0.0005628736125398021,-0.032591109600510926
0.004641722225471434,-0.0035628445704198874,0.030222997164976784,3.364462299367041,0.018056853542289864,-6.912445264097812,-3.013848405647906,-0.0008120400827098806,-0.013623285766306559,-0.001533862247808812,-5.133256085809364,-0.006280657477353624
0.06165317124202474,-0.0039014946128235195,2.128267078141292,4.109382073563452,0.036991703583528324,7.939677696019099,1.5671515177971287,0.09420582021390533,-2.416897460917127,-0.06613301730098886,2.5075108561978254e-05,-0.001048394836995925
-0.007175302505088299,0.0022095767321780313,0.000643080430796833,-0.009148483098190274,0.001213525597601496,-2.832661382190196,-3.032205891444434,-1.9330868156298369,0.009451016695728981,0.027604349785282534,0.0011888712449855676,0.014288464131863556
0.00928900028404267,0.003844298310314853,-0.08601276564161564,-0.002014444169052578,-0.029837723705211497,-1.3877400947860736,0.00027963568935973626,-0.003252009539382832,0.00363522258945137,2.676727670345334,0.0025701192670350426,0.003928152757856831
-0.03958305371701276,-0.056534507105717946,0.007024291034895547,0.04521728324855773,-0.00906381832606119,0.15225405017872007,-0.07913769627423617,0.005645996251955405,-0.001376350511508806,-1.7443486971662556,0.01606244226210235,0.007870004247480803
0.004013207297585794,0.01745508605320162,-2.762287562215622,-0.007787744560198678,-0.08022841787065071,-0.0018405453057697488,-0.010160052745992576,0.0015153013828069356,5.530378925767965e-05,1.0101932998031895,0.006749810641878157,-0.011216996670889125
-0.028941143729444008,-0.12962132784146263,-0.012263719648911875,0.1341301885147379,-0.03266226752394208,6.651196905871796,0.0007297503720982701,0.006659573913787242,4.406461675440731,-0.0018951339366061748,0.0341874994033593,3.5466314323680557
0.007850660151804911,0.010565212991950013,-0.011473045973889762,-2.0916591404067724,0.008378922108158271,-0.00791698310361319,0.029576944906378078,-1.6961977980773,5.353118761677578,0.014053553875263303,-0.010021211853971312,-0.007392223113589891
0.002615975637380613,0.005789588048855682,-0.01745360312539157,-0.005617549030305383,-0.007136691702272678,-0.7648220871673646,0.007297593196271185,-0.007440961655973466,1.484390024068868,0.06284059310843304,-0.0028298601552926295,0.011821780923295703
-0.008476618160002981,-0.004532807633791033,0.005013187792025971,0.004540432144058158,-0.008869111780838499,0.006258699358638662,-0.0019176834601689965,0.0017592018392914455,0.0008731196273760559,-0.004012195703717195,0.006434563335616282,5.714284704300686
-8.891855511034976,0.0037864742703693777,3.4507710434988503,-0.013848983258525127,0.02588066545153686,0.06539210654866068,-0.027616050961423125,-0.007466229033684435,-8.304610803649469,-0.01101300151013751,0.0023382462563028006,-4.416233641156808
-0.03903989631657698,-0.01764508746280284,-0.0038279874243082428,-0.0021104485556256436,-0.0019418910266990642,0.12062640741218189,-0.04294394162540231,0.0034874491782850847,-0.0026854269313378795,-0.0040833001775117395,2.844483437650318,0.0012011369608750655
0.0031055512433477064,0.00806217350219195,-0.012320569639069108,-0.0047604848740292055,0.0019064146879837329,-0.004381772903463976,0.05232388781531046,-0.061773915735890306,2.2326834152869255,0.015513668838467526,-0.011549192844371954,-0.01685296779578862
-0.005274368784197094,3.433992294491608,-1.3077128635088835,-0.0519198887553598,-0.007379137731902099,-0.009872632409546833,0.09779623445748958,-0.034295707525660246,0.05163039196901836,0.17879198734977209,-1.6065673677353458,-0.0012733052935602895
0.001570930146103296,-0.002072096044479857,1.67993341563538,0.001127895336001855,0.04969594516329206,-0.0015690581675516166,-0.003948362259555485,0.0129858780459024,-0.00930339109693656,-0.002453314208411942,0.00038446692811463373,0.06289964239197222
-3.490346520027082,0.004132565776723343,0.004685925734104174,-1.2650779313380478,0.0354004105326793,0.012394412588143333,2.734961952726265,0.010066598934131768,0.0024366168313882386,-0.0021931129350063437,-0.0050095973810759045,0.004288646693737084
0.007801705775298262,0.02651396861230393,0.014344875491763331,-1.988127630764692,5.633074139208896,6.3269820355798645,-0.0015908408102393023,-0.01173273747767823,0.0011161088411836828,0.002113653278060963,-0.0024252361139522893,-0.052036740201828385
0.002648695874396395,-0.006871725143358931,0.004243739829115772,-0.004546905657931842,0.20352319592338466,0.00017370943096484126,-0.0032080491593000637,2.723796081315135,-0.01434004588139598,-0.004065168912455411,0.002041999553033691,0.023427946679484838
0.2342049935405477,0.009567068810378276,0.02206386541088734,0.0023981576836018294,0.019276276781212683,-0.002090204002648248,-0.005429679670015508,4.0135565625829726,-0.05580121372606661,-0.0013299623824921374,-0.0003539298992740747,-0.03408200589935796
0.005487577436046678,0.02205771030371146,-0.0023029391288954103,-0.02500116363104371,-0.004425138874235483,-0.010660982638426297,0.007186837109849881,-0.08120849308964706,0.009909778117280724,0.005928649232842587,-2.005266259168232,-0.0014376311191225122
0.02537097807627791,-3.5648194830806315,-0.0022193316840908098,-0.0006692598471764732,0.0026288943969448655,0.002781406620001592,-0.06145307178275501,9.596396470840096e-05,-0.04440586240824371,-0.056801781735010604,0.017148541737973155,-0.005988525729586941
0.09552708915396324,-0.036350888733783115,-0.00805522802479186,0.0016577959483157212,-0.0027847266075254062,-0.07154931470395276,-0.020920301820551324,-0.0012079909478700523,-2.255291235696184,-3.7080711583400614,1.4287209224070452,0.058806772819839814
0.011053387875444548,0.00831412970256365,0.012998349920935168,0.0013136444065303121,0.011803966498591702,-0.007957139344456743,-0.0019747406881038855,-0.0017359447685945106,-8.554047816438228,0.013747788374701475,-0.00046116799774191183,-0.006663111782907183
-0.003844111244247106,-0.0012193031487734984,-0.0002753131097235073,-2.5952988426116548,0.013549066665306031,-1.4738577831726332,0.028981510150352774,-0.10824170781793896,0.7462167593467655,3.7227302643900373,-1.8316407191028077,0.026758183334525065
0.7100606199589805,0.04176702090966078,0.006389799336804947,-3.6840590911719353,9.462459569696856,-0.034604134310584844,-0.0036415478671996127,-2.8783448254084316,-0.006471308899320238,0.01106231215999482,-0.017398526509754042,-1.8589912035798104
0.0026790105110410054,-0.010666220178388561,0.003395184024079733,0.006152238956527056,1.9305606214398205,-0.0002524189008709099,-0.0027675707206529787,-0.006095562614718331,-0.006073893736412753,-0.0030657154857682,-3.066379227054483,-0.015314965904921568
0.009636016448207663,-0.0036137403892038122,0.0017748746236396773,0.017275590900236226,-7.084234877465519,3.7436432042286807,-0.012751615063591237,0.00040004719280584133,-7.059823297356957,-2.9642806398375683,0.022162164572578913,-0.011752686409375324
-0.0017191096647482032,0.002340349731594387,-0.44716033012955025,-0.005595945422705399,-4.238649083460059,-0.00025887266066325614,0.0030036038338884753,-0.004807955880342298,0.03833753606391777,0.0041797788098990795,0.00216542548477263,0.008813427103529219
0.028053073778054244,0.1885989514098163,-0.008732410480842598,-0.02585677106420259,0.02334186614836059,-0.02384267837720344,0.26897434806396925,-0.008538625295860802,0.003844044280111883,0.28804389071312464,-4.051520132121215,-0.34460593164552655
-0.03483378723234634,-0.004763431811821511,0.020892160184123564,0.09328254135084912,-0.011496711231749565,0.01895983239748328,-4.848580194546631,0.20446683495669982,-0.006398310061803428,-0.00887591781702085,0.003932345858170011,-0.004733075664153694
0.07373036393317403,-2.692412979544315,-2.5467255016016885,-6.322612293140942,0.002542743856296825,-0.00035497655965530117,-0.07443272506271387,-0.0026397195831894815,-0.7312024347689254,-0.06036228348927275,4.025399548705813,-0.01453131103024824
-0.014985084201284193,-0.02194567667265357,0.00028608315591394096,0.007896551815270277,0.0021469368680400933,1.558981851012474,-0.0069230715406319865,0.006786165820082582,-0.02807915101865932,-5.241616565834066,0.00582793506967616,-7.1946277432089
-0.00040710623010598024,0.009792890831919143,0.021185139739727243,-6.559406281961266,0.008092733334673974,0.011325497637660331,-0.2772624587287833,-0.006144843537352812,0.001724880650559868,-0.003705455226142809,2.5315381362947633,0.0029673709059951925
-0.002027856512584636,-0.057064908620914956,0.005370619716454583,1.807212503584875,0.00019796073728300945,0.00486028403248971,-5.07550368150828,0.03104338179937738,-0.7244979952003661,-1.5680619728266976,0.0038578753311864222,0.01021137239302039
-0.03008384213230071,-0.013564642128639781,0.0010622593965939897,-6.463080266707122,-0.008118383000739346,0.3821108086810434,-0.011501237594760544,-0.6447764777778596,0.010294757246184116,-0.0038934877699446516,6.731441289368169,0.00999659265190328
-0.0017142815630909747,-0.008759841689191972,0.019502947071357774,0.2828694267942389,-0.014985633540246346,0.004955769002708887,-0.7350738192253112,0.03773492469966655,-3.5143924293661115,-0.017306273493395974,2.440277157293803,0.007111640968508748
2.6901646615015657,0.07393903425850823,-0.010591639087849214,-0.3972149098249016,-0.021953017176423117,-0.010010024724419808,0.003491168319245397,-2.9516245641528904,0.002209096410423883,0.0016764626313151842,-0.3076661491070034,-0.02125006156651804
-0.0003839487689734646,-7.283727677234679,-0.0004348085464266245,-0.020439987652789204,0.0192622029574201,-0.001182965551716153,0.005485084515199025,-0.03291924764060061,0.004246868484196097,-0.004149758167248718,-2.3845132200770656,0.003184690204314833
0.006239487762496551,2.532203033540663,0.01396384690096292,-0.012630903487988676,0.009101637098320976,0.018943217702747428,-0.004372887835476735,0.0035362858900925276,-0.004163502870212163,-0.0143193664684243,-0.0006326492705921033,-0.021899799925202967
-0.15496310728327067,-6.620105166940675,-0.00256857460795179,0.009011426344812001,-5.1575211231801745,5.613566964450342,-0.01565274446992109,0.020690801704400297,-0.0043550606670752084,-0.007621259206546327,-0.0011883840151718505,-0.00041515462403163284
0.025957045940095125,0.021230239347273694,0.01631995704812593,-0.03375148851792534,0.00576568237198178,-5.412279008902311,-0.02356117885087869,-0.005602762766311633,-2.410922754862505,-3.1790365439391555,-0.23678410889922707,-0.011150566059665409
-0.0024379920257705523,2.6594810800985798,0.008671636077336564,-0.01789644435711435,-0.001051782445623664,-0.0014999023890358565,0.005270930048979716,-3.0503331548929324,0.024930882645248342,0.0015647296127210275,-0.010535563936231784,0.005148823047827267
-0.004321424290110398,-0.011291656652072213,-0.11206980072224937,-3.6438469104126625,-11.586106209889238,0.0051518319717231975,0.026185628078986944,-0.0038945425775961384,0.02523100702579395,-0.003920912504366325,-8.709722163293748,0.011991077634611713
0.0039954438602085585,-0.0253010987591471,0.24780253086206727,0.9638526621067949,0.01723158506890951,-0.004089173577319185,-0.011944725247071686,-0.0009002609891998574,-0.1796173675665962,-2.634097169085618,-0.0039046089225563962,-0.002805562319606599
-4.7245619008330415,-0.023351461328138964,0.1038612173867946,0.005938180255792069,3.1590488786956117,0.12281546958985512,-0.01471024323768999,0.009251287918837725,-0.008932570426205252,-0.06149655315032443,0.006057827622351797,0.008410952915879122
-0.25986769497663076,-0.009852103942720574,0.0019223115095795378,0.007212254207737221,-0.0017252224481710899,0.011008598035304832,-0.0036125835309351517,0.0052821336062526475,-0.0014639228894322534,-0.003019396335705798,0.009495192551113677,0.011599087380484168
-0.09178925896867737,-3.7929500582415763,0.003785581004001351,0.2314993913658423,-0.010435798782576727,0.060383125326506804,-0.2415784664901508,0.013538757401779233,-0.0033723645843037955,-0.006225304163671064,0.024949974247128553,-0.0003770439837583739
0.07199793140302235,2.9270050260323615,-0.006282572665408548,-0.05477214136491959,0.0002987222250932231,-0.06525284195153169,-0.006827155559844811,-7.956944826934688,-0.0147333526304958,0.005650377497001147,-0.029302284345809504,-4.123686160010152
0.0032490046107322354,2.0772114588442916,0.0008513203216318314,-0.020320745743336976,0.006525142013140715,-0.014800600653417595,2.653183573688107,-0.017769079678297106,1.3250221973891843,0.034896192329698206,-0.015470401882040859,-5.8957853746599564e-05
-0.00016844159308862473,0.0008698008319697899,0.007794884486232896,0.004752404400394074,0.0004482872420120054,0.0008180724099243197,-0.005678439000020966,0.007048928779093883,-1.5514263948219214,-0.0009729547452207721,-0.0019115077358361132,-0.6374194492123457
-0.004955736299312046,-0.009831218612163045,0.005858397567550803,0.0632263532602515,-0.0015949426023732262,-0.001180023966543986,0.0023000609777526805,0.0021830001704614133,0.0026491625643115142,-0.0003402090590847451,2.7769393159921716,0.03755420966613854
0.0129299008116312,0.005617455411731337,-0.024541763710553333,-0.006216349002143467,-0.10496981810132634,-0.016437336030987244,0.011658284470539265,-1.4215661587105843,0.09411630780616576,0.008522306394039027,-0.00024852178259318625,0.014598565626035079
-0.030046134165602645,-0.044750416001179794,0.0038287523695712533,0.004272464497125927,0.020936253208199362,5.596550120722457,-0.04980459826261763,4.238713356766617,-1.9084455630651718,-0.0049175688118480165,0.017435985465482418,0.008680215565593064
-0.016506456104019265,-6.038614202577707,-0.6203139569337232,-0.0012445734751664883,-0.008768308034508263,0.02625870717996248,0.038562697561893865,0.008864677871110227,2.424585610411781,0.0002630117889868,0.026882469961206752,0.04592736651176277
-0.015377785988264447,0.14390986308710296,0.012834175291144723,7.859197485701301,-7.2986625446200435,0.0859582922718185,0.0024490060601455865,0.0033783445980578586,5.8413177883917555,-0.005155623776899931,-0.005014174376154035,-4.286122453830728
-0.008333049452000196,0.00687964647589645,-0.03554568739811481,-7.2469055637936055,-0.028348365319105253,-0.0008982664559298789,-0.006240033576552229,-0.5328925997018567,0.02934789729267706,0.04191811082205418,0.010129770601199795,-0.0011234056035004502
0.04208998335295428,-6.842952189237868,0.01708080439042907,0.01328135876184744,0.00546699165013818,-0.005915195391596573,-0.39450808248427194,0.04217868626801513,-0.23472759386882003,-0.0658199560672772,0.1657924570836185,0.026609362298034567
0.0013828561677043417,0.0021802045487543005,-0.02126833721209924,-0.0009427088363788186,-2.6071633011311977,-0.0034818105327702564,0.0033740007819438016,0.0036659032181151573,0.001750777094561392,0.004781624284979285,0.0008789787285817391,2.9645480714151526
-0.000458514355289652,-0.008473726278861449,0.004915878546874142,4.836266359937605,-14.446798600093297,0.008313325632623627,-0.0009102493439452908,-5.320041143681338,-0.003551685973778751,-3.126311397575211,-0.007265532884291659,-3.4450086377194915
-0.010575541564937174,-0.0041162985703290245,-0.00039552971636031,0.0075446216201130786,-0.01017488624465998,3.3158426984413625,0.020827947538378522,-0.0003248689495375309,0.011254160203120783,-0.00043319136739768463,0.016429421381478848,0.015003122532932844
-0.022803649539536508,-0.01349363843741136,3.510448368089243,0.00010403395698543871,0.6180128248715357,5.177950380851218,0.0044283865042328285,-0.00884957159183758,0.005762997837610473,-0.0013684450417651428,0.0015258326982408033,6.3335508813990735
-0.004312689992609105,2.4926043735614978,0.005912455965559875,-0.0154097878753372,0.017856028094126574,0.004389797394567574,0.005553672169664516,-0.004219472893082055,0.0024499097656633497,0.002121725834885957,-0.07331620302820796,-0.018697564891130447
-0.004255608698771227,-0.004734125478304431,0.0676349867210323,0.002434444222806323,1.9963713871514353,0.004292784975404237,-3.206116216493604,0.005618745201529968,-0.01443604510438582,-0.0031999002781315095,0.0038229725993050643,0.0021006601039537387
0.0044490715039352535,-3.0089070198102092,-0.004683965617402919,5.649296746413995,-0.008718869064006651,0.009409133217554766,-0.012508259847924474,-0.004746661634071725,-0.0068496063781706695,-0.012907646769046988,0.023132120209161444,-0.005910553998589085
-0.19290203684934148,-0.10422262372616853,-0.01906674529397745,0.00519343539841477,-0.28620189830029247,5.157946326450851,-1.549346224368776,0.002952017820541636,-0.01036158318445668,-0.017689167356844115,0.00142982637845257,-0.0006850605367686446
-0.009119830439860255,-0.01852530244353076,-2.2626894721732016e-05,0.019885847996170547,-0.02155021067404575,0.004711387920464993,-0.000153880391481908,-0.014899764868582133,0.009943792091337791,-0.002395655117924611,2.633936713447154,3.803197006949336
-0.031093891537799512,-0.032805834662349764,-2.9188786309197745e-05,0.080267066060215,-12.960448214045204,1.8940423071086903,0.012538210299730013,-0.001194013708764683,0.3284589241326805,-0.0034416504699191636,0.019976215133157782,0.022684461821727446
0.03297238969704587,0.02016241654801315,-2.71227503996426,-0.007429772450852815,-0.008448463321890805,-0.006164143102005776,0.017774553357166135,-0.00536006780181042,0.004985691514876868,0.013189681128201985,-0.0030940795008028233,-0.01512475858794772
0.010004203118929564,0.015950833535773506,0.03363134658636493,-0.009919132803388409,0.008446209656814863,-0.007430591202773118,-0.08862911638386184,-0.007422403629731511,-0.002622755142752106,-3.4795989283520345e-06,-1.969908786141131,-5.872005986452997
-0.052395318688901904,-0.0053504413966541375,-0.002218273936031523,-0.00011939165891428072,-0.01939673742999655,0.002114152508749148,-0.02151205933287542,-2.3817510753176308,1.8548842332474358,0.0021567808610297723,0.005662291756732274,0.011745819959554399
0.000776893198990658,0.07573066631416214,-0.08913968213762358,-0.01170217811837615,-0.08896141598452043,-4.648106231988642,6.413753750121302,-0.011706672297046583,0.017934649930604785,0.010727480720757021,-0.06048510323891865,-0.016233918746368634
0.02782630685319898,0.00509307728138253,-0.004777567924635406,0.000315487904633446,-0.004535618637918197,-2.0048361420766057,-0.004458341822652978,-2.507202262338981,-0.000814560618847826,0.010234075253355141,0.0021615776734937864,-0.005600991130660763
-0.00098535397385064,-0.014521151368891816,-0.002617241247223672,0.008699035329467336,0.009185114620629431,0.0024764946678170682,-2.4053639141872196,-0.0037636235922694217,-0.02712293235010432,-0.0015928381191795266,0.004081447433856896,-0.011065890269586223
0.01813115374765495,0.02456789231997636,-0.0008165691485784166,-2.073895624892728,-0.001015818768149798,-4.297413281936759,-0.008025226129525498,-0.11471730295687756,-0.004287643896223714,0.00032450505916371483,-0.012605970224314866,-0.012621725674890602
5.787419707294752,-0.002850142037907677,0.01478311395789203,0.0027606355992265685,-0.002720417544967879,-0.2735888054938904,-0.07948791324287163,0.00556559430498671,-0.2854722818692115,-0.01974386164872799,-1.8253210810972877,-0.007802877219046933
-0.0002454419065187896,-0.007794216956960531,-0.0025353161144539282,0.0025720654856804803,0.008396111802096907,3.909344814917708,0.03363353471352265,-0.006003443940546228,3.818468421899234,0.0012418576934280987,0.034623134809424916,0.0036951899956428613
-0.005045895137803402,-0.00042159284709075706,-0.00045332360373612213,0.002187241863445502,0.004277887455021411,-0.0030814510110091717,0.8585239467298589,-0.004238740170475465,0.1816423049743956,2.2829069396219346,-0.0007301065251399674,0.009745874173577328
0.012792711058882023,0.008779490331712991,-0.0032010156366850673,-0.0016488653381069307,0.0120266863634933,-1.8643173910990214,1.5746263668462444,-0.0006645256272015398,0.0023909468773729015,0.009418424192503938,-4.527247260190407,0.0019208880091641234
0.010365358950737244,0.014795402408771197,-1.5183087832488025,-0.0057286744190424566,-0.11893375208040327,-0.017357440320392103,0.0005518755348496024,-0.008853387336831442,2.6699728706492043,0.14454026216970162,-0.001310378364244684,0.00039182086641419145
0.0026970235474522482,-0.021494121739456504,0.0024640918965832532,0.004858807416604247,0.039137354883771916,0.006087363054625247,0.006591192576644254,0.0062805003985617405,-0.002790210649107051,-0.013557790029853987,0.5755403755664386,0.4948341226977925
3.01415391850163,0.05751086016333526,0.14205642834767013,0.016945957672387157,-5.842130395282093,8.413901010753677e-05,-0.013150814082650227,0.45752524874746126,-4.344553057025547,0.0036286897444726685,0.0048851946171409935,-0.1630100084067436
-0.00024222472673463002,0.002612448594322858,-0.008049158560560751,-0.04545946047979378,0.00457394820698305,-3.011444593330007,-0.04622684723438225,-2.0215997676437185,-5.258350047151028,0.010233386149024123,-0.030763983825078944,-0.009585694597175572
-0.0031757314649421,-0.004245007670593881,1.0923466138871873,0.0037081593711917327,-0.00016603144380809842,2.1311464317802864,-0.004697260054184249,-0.024917479327945483,0.0002560350331438227,-0.034235371221096045,-0.0026132334404563307,-0.03898551587380655
0.000729405057547039,0.0034680299194125297,-0.017379239590462336,-2.0883825851547755,0.012639428392780004,0.008866479891407188,3.256477459812075,-0.008571804756541845,0.009822756961068713,0.00537633248218336,0.007016383066033471,-0.00424793541314223
0.000625301021014768,-1.9582561136972885,0.003851463507609232,0.0035235309457760655,0.022537932280081663,2.2583479828213626,0.00042360533402757694,4.17140740419287,-0.007878266838759806,-0.029906977996415396,0.01572223525453853,0.0062612926789885615
-2.520696899632746e-05,-0.021106805208140678,0.011973287030482727,2.64500895790567,-0.003310453506151192,0.005193023284111149,-0.8938649433796968,4.437333471944578,-0.014820023458753884,-2.0452256924458183,0.014137499233014772,0.00457286799534222
0.03855156116382252,0.005543929551871607,0.009995746536462,0.00035985772091762236,-0.000294650826281051,-0.0405900483979969,0.01160073711783327,-1.1980297070053751,4.123402470732678,0.004528514243818282,-0.007209560039978358,0.0016928211418683614
-0.0038393794116246688,0.0048061653127261655,-0.02684357512769958,-0.006848175844665003,0.012508015808946261,-0.0031812780544330788,0.017677786575855434,-0.02686966558699075,1.7172810433228003,0.5929601154264441,-0.010676426457504301,-0.007827545857853582
0.0030354049120052025,0.008909578294890336,-0.028865140008353288,-0.37322735012015695,-0.12690185191835082,-0.004693976580405414,0.004430841278939418,-0.005720990174803568,0.025686925513879105,0.006181533135937405,-0.001524050450699756,0.008592715265287624
-0.0010057398727525424,-0.013247405547278213,0.05902344036409435,0.014599517181574484,0.0001925645490169145,0.00527382971067708,-3.4504073037756626,5.3256595733795535,-0.011938590126800763,-1.611532441544739,0.010868889183319519,6.300972256232935
-0.002548620151003418,0.23692870434151153,-0.012253977547000035,-0.0573830006240319,-0.004759538021766057,-0.014747788108830817,0.055533832097948474,-1.934252685714677e-06,0.011738024632969898,0.03448373895722889,-2.1116996262530385,0.004321066519998917
-0.014134961875835739,-0.053512411946274874,0.012974455095906778,2.9648758588720483,-0.014159777184156619,0.2614338732234547,6.34142759608595,-0.011564712043382164,0.0648116140922701,-0.5981291899012815,4.8138845011834235,0.0863530361394762
-0.004755787568159059,-0.016322746850007452,0.007531734212223473,0.040030132635665114,0.008523148813532885,0.7361587183598003,-0.002384584730548256,-3.559273040563366,-2.0184278736845584e-05,-0.009501585103084194,0.01701268650231086,-0.005282455059384943
-4.7993648474872455,-0.013904233986810705,5.274647617023206,0.0056541775640082115,-0.007051745403595572,0.013071612346061467,-0.0034295527059452456,-0.10488532859451816,0.03163102099694179,-0.0051255202739902694,0.014353983559065225,1.4997967316540226
0.004274081061162597,0.005529964312849144,-0.013295836972762584,-0.011572958541899991,-0.012032519250931007,-0.020405927308517757,0.015021332694329745,-0.0040932485008083885,0.004858715225828194,0.0025188277731832964,-3.407309576228198,0.007180697802560976
0.0010208157393454252,-0.005887109539649888,0.2036643510093472,0.005327076350135837,0.02652832567739314,0.008738601340460596,-1.392024084142548,0.0075033725230021706,-0.1266525691216926,-0.010113043181117817,0.03777358015920744,-0.0023018188917165693
0.02185495745367516,0.002365005981006252,-0.0028178230665007187,-0.1037725386331676,0.0009408805430152836,-0.003717870587681793,-0.025430739736690966,-3.5175152104868754,-0.007496458091037106,-0.005427436046396981,-0.0005377808977607701,-0.0011917787045447352
-0.012725672546747724,-0.013166056190178077,0.006102177064633674,0.005553825047709363,6.35760081961907,0.040048835119242315,-0.022284877776563627,7.986581886939475,-0.059056612259234864,-0.010875312521887615,0.004498369522151657,-0.014305603156051068
0.004597791783899463,0.022799218943923782,2.469289357794584,4.9502828049724625,-0.0007957746391746984,-3.9468434823656287,0.002943168962243073,-2.9368013667914745,2.662362818314276,0.011606565275551817,-0.0011025286838509674,0.0007596210539400489
0.0037224735561119937,4.423863286223437,0.01381285605040694,0.08270834967742502,-0.006015907225257938,-0.012782213427398714,-0.0008888375469457421,0.00307360678272095,0.005536340420441821,2.5870611492670292,0.00828797801021856,0.007078146401465424
-0.003546694569272063,-0.010388118233407573,0.09995464840691781,0.02707871297822788,-0.0001545726451633203,0.0025114344117471137,-0.061890441910503524,0.04760120280399245,-0.01548517419835177,-2.95125128755954,0.003973684739050437,0.00583554265799721
0.011574820166196587,0.009631385254362038,-0.0369585183021924,-0.00798990785009672,-0.007218568863313881,-0.002822871056967456,2.106705938038943,-0.014857420767648732,0.004584169380254952,0.004178041803133373,-0.006882225077350695,-0.06618654935082671
0.002796126223734335,0.004495357981329248,-0.0008921715476018428,-0.003734870183504541,0.02001705400213048,-0.0030885349663309154,0.004474583939946316,-0.010184362108882756,0.003532296409009218,0.003297964205103615,-0.0139557243990157,-0.02492540539856399
-0.009083448956765494,-0.03196661259434297,-0.0019574102162570606,0.02777452405126235,0.004712754104672631,7.069166764057407,0.25519142702725794,0.014990383248003336,6.278833151919535,-0.0005214125705406136,1.1285542237313848,0.03571196914972391
-0.2300221442007988,-3.046453615978436,10.044639473225999,0.00493402600566295,0.016138190199203706,2.9559277758958444,0.0002648967887560749,0.011436075716300342,0.004312652882466406,-0.0036276341299368298,0.011384951124324694,0.676513116534295
-0.003835102236490126,-0.004962000830114124,0.0075678798459829924,1.2237930565984667,-0.011552221301115294,0.008293577530523275,0.018120161465100138,0.004372678515587029,2.597813405714893,-0.010829303953618242,0.005883969768116762,0.008478554949113454
0.00031368070555724825,4.741063570953926,-0.011126430010663102,-0.05368355563515248,-0.013217056343365507,-0.009925027061930214,-0.0007942616917646084,-2.6142915787352763,0.006291963339070783,0.010175140788754033,-0.008260577059006735,-0.000835714133501475
-0.0074451609688033216,-0.016360986341575345,0.0014679051076285088,0.0064764629666156925,0.014974344668904278,2.419600562357372,-0.7635065059604713,0.003941459123420678,-0.030973245335229826,-0.0013827111566784914,0.026974647401864282,-0.008679713213082422
-0.007885819139618472,-0.009636858934576095,-0.000598127441884623,0.7216423535686989,0.001636626167524398,0.002364938343877695,-0.007360626189012329,0.020183217695009754,-0.008180327807236099,-9.181939228650616e-05,0.006380243569004629,-0.0004259269232962347
-0.004698854192889346,0.02701313917832948,-0.012105831139173517,-4.075988737669377,-0.06882778735640549,-0.042406705933087485,-1.5588296810638909,-1.0202654545112626,0.002357291921899596,0.05491251565000821,-1.8074318904829454,-0.008412752215441577
0.0055511670665813195,0.008323131044423726,-0.0011915864695538347,-2.0302638358804246,4.348323149517052,-0.04373942187988228,-0.002313555917132948,-0.40249159304181636,0.00047128344057092986,0.02295149670941936,-0.014234929201937807,-0.003227982526161308
-0.060769145050779905,-0.014555820989906376,-0.029567026070040803,0.0013880117863746648,-2.5798700806083037,4.3690635599524565,0.00522128199811811,0.0880610256273894,0.004554803785328465,-0.0017155672518608563,0.03923870866405865,0.042735825413957346
-1.2024496708631225,-0.3704517177634262,-0.000549597778811528,0.008557103858032405,0.006362312138763187,0.02852527154354742,-0.005978949304229826,0.02353850871537766,-0.009996419519940937,-0.008630668203048322,0.008549808230677624,0.0011790372728724824
-0.02242281703593133,-4.369726700835498,0.001473015684507889,0.04733780188926717,0.017118862942701936,0.008112457810524276,-0.14650563299162456,0.012118488924842907,-0.9250155741433633,0.0059571887180229766,0.008441851751789992,-0.026226167165388725
-3.397163740668926,-0.015115498014112522,-3.513600022204071,0.0180969070096757,-0.0039008773029076266,0.0077750032032128935,0.006751177827637872,0.6520575709272833,-6.543729490985875,-0.0008940717993886071,0.004566980752023164,-0.0003226719209090956
-0.007391963842829918,-0.003720135052167506,0.025061389574342202,0.33811786386410914,0.0019495940651680624,0.004444787476106049,-2.9089152587789346,0.1649609003242718,-0.015796019872752934,-0.0019467242486658487,0.005253548509102521,-0.0022843504216155178
0.0023849156922785457,0.009121419513905224,-0.0411800719263023,-0.035889908931145936,0.00571947046514105,-0.0033838264072911725,2.504042883439012,0.0012693569423496281,0.0133937421707452,0.19797037207777135,1.913418717372572,0.007032457754063616
-0.015693462598237007,-0.011471342994593403,0.0027907608504071924,3.2368262872595324,-0.00046560784695648394,2.322465048690404,-4.249505442703864,0.026956165678608812,-0.012591525740369924,-0.0038511289511686253,3.567013636549717,-0.0009340815894673948
-4.753084664217777,-0.009090841935579408,-1.5717088531774266,0.6454947563485618,-0.03630003901381054,0.18959846874789044,0.0012810705728866778,-0.011933254441815144,0.009398243125273598,0.0017094298753521642,1.9027014164486076,-0.007357917323409624
-0.009389664809284992,-0.005693048193304295,0.07393871461399759,0.03914792884860921,-0.006340752102387174,2.6967854984817823,-0.007623455062132856,0.003926214775036765,0.0013428892013306049,-0.010838786342987766,0.014731234166936225,0.007835649291664977
-0.014667346182480279,-0.0069972364313821145,6.785058732663533,0.006678254946096196,-0.016696007826534326,0.016508710389336656,0.018685193849062642,0.9053418044663353,0.1330248584663163,-0.10498313273868964,0.0072305226572068615,0.1319046526669826
0.01829841025533374,6.7742899486476915,0.008522853487296533,-1.09186449098587,-0.021650277463265838,0.0005444980974835811,4.3755751687832145,-1.3184876953575042,0.03442178939487395,-0.061838044588473196,-0.01126145729525252,0.006513806629814933
1.2034142654264834,0.012527157386536716,-5.273396504930087,-0.008708703163633702,-0.0019955458191222852,0.00537852333070149,0.03885013665041118,-0.10776316228207095,0.007161595360277104,0.0012007348600458767,4.399470387158563,-0.026070235484529136
0.009036499038638901,0.005541482914877438,0.007785743329996819,0.0025611315185793786,0.004193436951757501,2.7033006948745406,0.0060289501560941705,0.0049720471410988586,-0.012099231754664319,-2.259185985791036,-0.005977907991938092,-0.7399883209489693
-0.001392854684429512,-0.003269891234463751,6.618096649441597,0.040461632714255735,-0.013312402280008795,2.3461266007850554,0.052079340019909104,0.027436178583056137,2.968201680024656,-0.47999788928090226,4.155370701977688,0.022390405797823032
-0.013264415002476262,-6.840077948076795,-0.1255797051325982,-0.04850631657615612,0.0008850117120144884,0.005702866081304769,-0.004825324742474421,0.002424682917434362,0.0023714009556085568,0.013008783243158462,1.0454697326359337,0.01235238892994106
0.007800525521775015,-0.005391162650897341,0.021715308647509923,2.009153856858237,0.2402025455726474,-0.0534703465448347,-0.0006857264559412823,0.027754676224418455,-0.009300085047567686,0.0059439908017170275,-0.005008802416037517,5.522996203580399
-0.018362034325057508,1.7147305282661236,0.01074887866152291,-1.82058788540985,-0.0024610339468764397,0.035609732149980644,0.0024277081782775323,-0.1266120433358746,0.7103781735550427,0.00020497751145448495,-0.1459098116858888,-0.057353988538062284
-2.706106781660046,0.004583816751861248,-0.003118883642471479,-0.007892054924453232,0.029682894215683046,-0.00940813767780671,0.015538344501686204,-0.06256389793212369,0.25238286349531935,0.0131170348590601,-0.005031581114998954,0.013652378687070837
0.020125653576362146,-0.01833182364896904,0.05859844525352985,-0.00030252772977092807,0.25237504302643976,-1.9653403627476262,-0.0407364413905388,-0.007246356013420621,-2.8507953051084205,-0.0038082545145256205,0.0029713149774372935,0.022205341265246405
0.10897016107383295,0.012112859945773935,0.5007497281880164,-0.06418967317252672,16.167868913558255,-2.8311951064102514,-0.02773527195603548,-0.0015667587735105973,-0.012800212570429736,-0.009270964857670858,-0.002646420267592431,-0.00013962618522927323
-0.0028268257404181485,0.009709529515267379,0.013009409399018512,-0.013351734007584326,0.03550878502719862,0.0008699355234911832,-0.024848809748195144,-8.254322452206303,-0.013525918345100862,0.0013102778341972376,-0.7122667130456222,-0.046021380877675155
4.039102149091757,0.01447630456867649,1.7569359327634029,-0.015969564663595337,0.008566981552000974,-0.6161811567617654,-0.001465592608609942,-0.0005638672975866732,-0.0015757086615396237,-0.00029361507537351006,-0.776977389775583,0.0037754397142463203
-0.003336742233520984,0.012473590080130048,0.0015203130837403989,-3.4714131594040607,0.01913370998918198,-0.009611898190661956,0.03490426137154068,-0.06519540055797066,0.10568972374565222,0.06734739879063871,-0.010370479258301257,0.00517331618348001
-0.026755455872180957,7.692618002156073,-0.006205234858828089,-0.009532254767083082,-0.06048055018393504,0.007998597357206982,-0.007381659498150759,0.002493039641380923,0.012927876796651933,0.014528379478572218,2.1449620763519066,0.008522515811153764
-0.003218801657680903,4.501128215473827,-0.003131002910168823,-0.10305635839983651,0.0011516769452013381,-1.826526760588692,0.043333468942521824,-0.004740567740693313,0.11847626784032322,0.01705156652852846,-0.009198911903229745,0.050635469294228574
-2.783059765285074,-1.6038215193841694,0.0006373108049357312,0.9750920551578162,-0.0027371726245133676,0.002373085144567244,-0.0023142762358074886,2.3792888080256986,0.0019477624151194028,-0.000600101007501963,0.0723846358270186,0.10449968018623546
-0.024940236286143058,0.007968882329932203,0.12039384431370159,5.844339198724725,0.5015476885923604,-0.002083865132272378,0.0006760992191296444,0.05395687526641879,-7.739421919740209,1.2725724211087197,-1.5995404207511967,-0.008334509886565256
-0.003266045202071492,-0.0006390106555266438,0.00021623089917012077,0.00012814903920710513,0.0027480492648839397,0.0010280093921628737,0.005510131571105813,-0.0008910262806880591,0.006651349679758065,0.00023124991904004626,0.0010418524674481833,0.01357100386733288
-3.559665284405501,-0.0034286874794387454,0.006156977696480973,0.0007569345127935723,0.006212426777778638,0.008177761482976775,-0.0033693365672934957,0.007853097936615261,-0.0012240978646817294,-0.004255156942671978,0.0032285859108324095,0.034718019235209785
-0.0318974177276935,0.000355357362997466,0.0051719032537989595,0.002484309250725616,0.17272787500477899,-0.0018196506834441233,0.03718448600469859,-0.0019361961131167723,0.007027654900376684,2.2078233409329964,-0.07021629074738944,-0.0019737599223316974
-0.002993777761580718,0.4776759123892731,-0.07487618908516591,-3.562397562317969,-0.03140389731985485,-2.7548219216570793,0.02687643064835954,-0.016962012543144278,0.23074921406176152,0.03557522018082615,-0.021003713297112814,0.00025380219656914726
-0.013630430199381038,-0.006645773008913558,-0.011589836664102515,8.966172520631261,0.0007954379989364435,0.025910115545502155,0.008271058451670976,0.007794533972029172,0.011513706750132524,0.008248438613251335,0.7011960006883768,0.003972130139616725
0.0027557587253191455,0.005312910104725566,-5.743009641450404,0.0014920874456349487,-2.846649139845823,-0.0043151675333529815,0.012330476851393298,-0.0003716051401028153,1.9760934888090365,0.017935900715194686,0.0005677306372352062,0.001691548539006535
-2.476121446058194,-0.031696547262285435,0.05261238073138441,0.1335876468897581,0.004326944120458965,0.08206345059088704,-0.02951287574754985,0.0826198488613592,-2.965613202636316,-0.018454075349908727,5.583007011783572,0.0031071985430400906
0.02423463705085549,0.038487530551782834,8.158111659745494,-0.0024107173177866023,0.012438239635627957,-0.0034779894213213675,0.006166641369439986,0.041607803520189515,-7.132960077939327,8.000837554057563,0.0027416852862001267,-0.0008079449387782267
0.02582609371656064,4.069544968209698,0.011210800298737444,0.005509346508698165,0.004335965898975225,-3.3370967441258017,0.0068299998525280115,-0.005771491806315865,-0.0012040917397678208,-0.002084157351252003,-2.254869682880411,-0.008225474079001094
0.0021305577377771414,0.002890300974756664,-0.03872847605669296,-0.0052176579503300236,-1.5021776776562314,-0.001712628272497567,0.0021038649551542933,-0.012903575760991715,0.9773644992419507,0.004179019395564934,0.0014376669588377373,0.0033375059163916684
0.009632231257124979,-0.05096364181124313,-0.01016449393337504,-0.003714184500236195,8.043034635645244,-0.01664739340523641,-0.005747620746160975,-0.005499671968845895,-0.03366507386369233,-4.041361828988358,0.00041732886864837004,0.02974205296770748
0.0005560327266999135,-0.004079256538439187,0.020412542348960033,0.03747281208536535,-0.01687786881830051,0.0029191749673725606,-0.010764914613622806,0.009971418556182027,-1.8055369333789124,-0.011173713965012613,0.004491332982480354,-0.0017489241596479535
0.09135485637242402,0.010737720285266983,-0.0027321320098158963,-0.002261168665274326,0.0048920995058349855,-0.049804421950293915,0.0007578456637754583,-0.018409996945236214,-0.0035658834647996906,3.2656047122573515,-0.0032945338510794453,-0.009579235595935917
-0.00029070436764855323,0.0073096734457697154,-4.006262461307365,-0.007097774806633761,-0.0727779187220382,1.8764338854158726,5.499294585370706,-0.00801294683219135,0.03981218469817277,-5.036555607184731,0.014916817851759911,0.0020417160516531738
0.02337362418830924,0.033378998223565715,0.027687438651709195,-3.0827694816238136,0.016411171428916405,-0.06103307535299374,-0.015601389528334841,-0.004580984411976408,-4.060102050765707,0.004396027839155603,-4.459836188579104,-0.005321345730736116
0.01199303101953102,0.006845525932489448,0.002185795903980461,-0.002091096468148132,0.003743464270272381,-0.007165370193709164,0.005145754203210107,0.0014946925406181255,-0.002169880622082768,-0.0005521735690900351,-1.1267112832170378,-0.008571787519456558
-0.022261706291030303,-0.01708508650417495,-0.005333562396212355,0.021005948934768454,-0.015768372787623816,4.701982664464657,1.1940049756207145,0.03524083824704921,0.009700529829030136,-0.0005830938070272157,0.013950784577094755,0.020174163342734433
-0.0011228597427649367,-0.0166259606310451,0.009351615670652874,1.839550809821791,0.0037128453951254803,0.00017752136920543005,0.32696899572121496,0.0038130155834848467,5.23901796556193,-0.009428881015318913,0.0009169088318529695,0.0638241876609405
0.004952357842243524,0.017566547023282197,-0.05739271134215729,-0.027212656341022212,-0.019575369285255828,-0.028897213623484408,-4.483929539453193,-0.046277632149617665,0.002918312206275586,3.2658292746601774,-6.528489987296076,-0.01226456943826848
-0.007389381677635371,-0.005262518147492354,0.0072009243463451115,0.004212531923909679,9.127000740729411,0.012609171231163549,-0.002550241304291239,0.0027870737735117275,-0.0015594589684413854,-0.004713439312338549,0.008912675021694553,0.004819281936554879
-0.0014577133624638777,-0.011799845823329602,0.016141286752168416,0.02565895277145657,-0.0009675452163785427,0.004947607267088223,-0.0135788946042677,1.8152973499418352,-0.024378671545352226,-0.05287699794303552,0.002604621164309026,0.0006944937552474688
1.7351149772532821,0.0010039428287489938,-0.004900316832539761,-0.005516932155621906,-0.0009901075156387197,-0.9301094556803982,-0.7632502968799804,-0.010411224840503802,-0.023788202643577727,0.003502035899926509,-0.0067615284372095075,-3.7540730421901944
0.002185586082746327,-3.314303653270315,0.005412988846890343,0.005162894508405902,0.04223800464114713,0.00013405606355121336,-0.00223522771969753,6.730234473631356,-0.05267859913522521,-6.779637553588202,-0.006440908005254542,-0.0038192586601897283
6.977186027108716e-05,-0.006965985229779311,-0.016545017458267208,-0.0020411346849853185,0.0026336033371212935,0.008420286219092188,-0.006115165456740925,-0.002577727431356175,-0.0036585410657842396,0.0011552875781214722,2.2022541155576683,-0.019454899432007067
0.03529025237814132,0.03879168409945244,-0.05313962629525015,-0.018322434133270227,-0.017652056903483426,-3.354144884688078,0.030514910869684275,-5.398777015325056,0.3373528308620237,2.9404277948535658,0.004420318621523478,0.008101401860593216
-0.008144489181156796,4.485746360625232,-0.014100063015879436,-0.007973766976439256,-0.1271238451020254,0.004828636291345223,0.003104900299733277,-0.010570894555038013,1.4199360246687345,0.00375286527186125,-0.0010040015156145242,-0.008178645796904416
0.018425721375479473,0.020689090767086908,-0.006070224258068909,-0.013371127241406162,1.5982948806048506e-05,-0.006595595113153261,0.015021597675178796,-0.006724196039919771,0.008512231308542138,0.006734806712866342,-0.005867362438304681,-0.007729013513243406
-0.4838949220321045,-0.012626759996626907,4.700927420074951,0.018542739860566315,-0.014757985783293435,0.03963950228222024,-0.023100804663972338,0.048234659543126335,-0.010312474157356984,-0.20370784850070844,0.0046588484418940215,-0.0011493312946503215
0.009430320887859295,0.2567168514026561,0.005727618292637302,-0.004749109380945221,0.004721729189564172,-0.005066606270636487,0.005083726151816813,-0.005265157745151197,0.0021169817402851713,0.0035967103580496207,-0.8033755737854555,-0.057569447322475265
-0.011003926360073857,3.025429429819212,-0.0056841501459636845,-2.7332425310557937,0.001992736747984003,-0.005046157274575691,2.633851001900908,-0.01086853331077764,0.5554137685318494,0.09291346439587223,-4.634285365215561,0.0031117474308777204
-0.010072679107934676,3.581536021355788,0.033908432853014814,-0.07052415892840536,0.04045958260814672,-0.028934252958796147,-0.00475725146720684,-0.006253206081366258,4.062454469764194,0.36521492318473747,-0.11494825184294155,0.02121494289595882
0.038785519522736914,0.0014034806705541308,0.21518267208748218,-0.0002664724293640827,0.018183414351674063,-0.0015731084250656738,-0.0013807223326903707,-0.0013870979780541831,-0.6499580949231476,-0.005360827354866007,-0.005495999231821795,-0.07354004949754953
0.017923693277284103,0.027127158941950613,-0.007716641259772256,-0.11030731641731542,0.011513157560385453,-0.010088241456040547,-0.00804662702492781,-0.00166499971081192,-0.012640216272804483,2.431256458788625,-0.0030882470081271818,-1.655233501343696
-0.012297706340150594,-7.445303873362732,0.0028779431385700938,0.002748349029384478,1.409024919409716,-0.004630614296172286,0.01511686450831895,-0.0010088351334288648,0.01276992428133683,1.7701871591808356,0.002484901273934012,0.3648434778261791
-6.207266693051273,1.8781148401686565,0.009007967403810047,0.0021115532628739053,0.004609017717754838,-0.0040702699299335066,0.00974572732404072,0.06440882609459786,-0.001089177576182987,4.352074529736836,-0.014915783642721003,-0.00496647555280752
0.0007256269345024705,0.006181110187214935,-2.3669010236316783,-0.004582755799073933,-3.9513293254489366,-0.0026155372337455726,0.002374328397425602,-0.0061575420834594635,0.007225768470627893,0.007902111641853296,-0.0035143489552393204,-0.00817689042534675
-0.7265080836901519,-1.0804505444277008,0.008267984346336374,0.04619855659855432,0.004314574333901689,0.04395489355163584,-0.06225841657215834,0.0030482877687235677,-0.008748996380025223,-0.010105510858569089,0.00595750747759668,-0.004505645000005845
-0.006816735604440849,0.007534624417295632,-0.020726006860451618,-0.011415493808607957,11.119465054579905,0.0006756667945707062,0.000217093581000527,-0.003191681847032113,8.871940079477731,0.805233008746292,-0.00372156545468455,-0.016702630136663676
-0.006552127665249462,2.671830331797535,0.002090718977123391,-0.01138686311099324,0.011866051746332257,0.002088113408797998,0.0034203378988027916,0.006623114017535903,0.0012870706718331112,0.011457356247180472,-4.298666612616993,-0.0034821249400727172
0.006894784417035907,0.016597304036025468,0.0003732508192666323,-0.0009178046052216171,0.0013938605817878716,-0.02265511312846913,-0.00431845129797994,-0.08065275063740396,0.0022175069876567907,0.026528283041879153,-5.432699346851972,-0.04737299513650872
-0.0028997059442132933,-0.007996473258096964,0.0038393782499628187,0.9935743449381391,-0.07972453314082999,0.0024360591796201924,-0.010186376366174504,0.006229393445631474,-0.002645183377083034,-0.010980278131266612,0.004140876760371531,0.004502827556606541
5.4826779557262455,-0.004769978267294375,0.01555433611072441,-0.005468893247636997,0.006514794768987317,0.006818395040834813,-0.031988100295470764,0.007232626436088629,-0.7399661158816089,-0.07813489500517479,-0.023879453527709787,-0.007254667233738354
0.0029997846046529737,0.0030783938778241125,-0.0009082054074512694,-0.001490099887084706,-7.834262351218232,-0.0005363871732304015,-0.003410893198809684,-0.001544097365267394,-6.321380837041702,-0.0019382872201955115,-0.002721229048184174,-0.010917921716872697
0.0035407529917239194,-0.11548573223285885,-0.007376895426875293,0.030930409048806715,-0.007423997735994501,-3.8933664533611916,0.002869614804672793,5.233249241805565,-0.0016054483901412897,-0.0008168914567125533,0.12009983146948056,1.1467125247998657
0.004840229082032355,-0.012781187712082753,-0.0030591326769875415,-0.003199268523659679,4.0509784658455965,-1.9033887435877577,0.002192043455812198,-0.005324250207964272,-0.0037808887072892094,-0.0017479948992804274,-0.028214183671431914,0.00740225689968509
0.08849993201669681,0.3460982250412883,-0.04076771516190736,-1.9159880570720098,-0.025773033705965512,-0.1482165095283441,0.004620131715270592,-0.002028559507735596,-0.0012305551825243233,0.009591734931491083,-0.009776200670786162,-0.0102076656479647
-0.006923973176242156,-13.52005603045157,-0.004305612560679073,-2.669306799541431,0.014156192921344402,-0.00867342757676326,2.897093099194592,0.00144538998202981,0.0034294368228011685,0.005032511143157725,-0.02577212727511702,0.03513551013001681
-1.7434055628011205,-0.0054813109451613655,0.02095864670882249,0.003168624179656354,0.054676420266462224,0.030361967461640077,-0.010437130705728864,0.013974603356049331,-0.007936138658586472,-0.009589652930838369,0.001226225037217872,-0.004507880431869664
-0.00032241652392242526,-0.01378858360566071,-1.2433858031372331,1.5750831831862726,-7.095476760775021,-0.002426282430323501,-0.0054583260035776515,-0.021165764998736458,-0.001531518582207958,0.005638670434026993,3.896682025487479,-0.008971138524310529
-0.0006728704477934333,0.0024717991066621203,0.01528764275871626,-0.047123545356117236,6.679414598348421e-05,0.0038883037696356114,-3.3272492141155734,-2.5138214315359075,2.648721735244763,-0.02495968620935146,0.0007556964009637068,0.029417831933295252
0.011017566914860683,1.2762119918605053,-0.0007908053281706594,-0.03381239136687458,0.0025914354544641907,-0.004935548182228841,0.022884822499514422,-0.21041405640097266,0.011661692130486626,0.006290639421626831,-0.024928320403303943,-0.010946306317287699
-0.018869995034505038,-0.008027386853456164,-0.001881415443926171,0.013329415588277715,-5.630469150518351,3.4798480413258517,-0.0004703144670073489,-0.018496581993531325,0.005925761377821304,0.0004336386658559954,6.099961779111595,-0.005025255117472094
1.1728701871924607,0.012311626490011607,-0.010498855751781604,-0.02724549379232699,-0.0007401103042726474,-0.027031204436459344,0.0049499047596315605,-0.006896077138702772,5.837295958001365e-05,0.0039004205826221328,-3.4507019357070527,-0.01501542918831461
0.015771432644900926,-5.028876104643025,0.01355296438718101,0.045770345534769774,-0.025956232000429735,-0.007731953943938663,-3.494900113672384,-0.029278626341955327,0.006233328126582283,-0.03687223855054356,1.4387709597172815,1.1527302558855723
3.2276126598184804,0.011815892965260782,-0.0012722883637099197,-0.003788482000426613,-0.024029117799806824,-0.0034636438423779337,-1.0469636680942307,-0.18470928164737277,0.00022141041302511585,0.0024648603576493677,0.00092851668025936,-0.7696404206444498
-0.0014649362070257713,0.0028172633988644852,-0.12351240677906103,-0.006462037015138585,-6.965668986967496,-0.000534475306811142,0.004152066739590774,-0.007673113515362765,0.6555383749898936,0.004350597050161453,-0.0001642738579665389,0.0012290193937926656
-0.03652736427176784,-0.1382290528871164,0.2392277664223661,0.032026082373717735,0.005255919109015843,0.6400008373879302,-0.5125635552907304,0.012965184921839956,-5.538001496837953,-0.05019609067778674,3.924921778149212,0.01638506647710014
0.00761708310479531,0.025375543405742607,0.008609716968278128,-0.005880784825562729,-0.004228797335827692,-0.011647729897142106,-3.865081131072836,-0.011092915324854347,0.0009590356879933086,0.0069857389089200694,-0.030847369290983875,-0.021701539063299566
-6.488669188490625e-05,0.0005994849705991145,-0.011811920489980327,0.00019119228250534526,-0.014642148197143073,0.0059961384311209495,0.023569868049774265,5.390569319837363e-05,1.5344824588122374,0.00010244547436121659,0.011693675376282077,-0.0006405464631410868
0.00032186115369853274,0.03610649754930595,-0.05078364342678865,-1.713061891374677,-0.042445173972700756,-0.004623747954559963,-0.006724901124417926,-0.014702868464288699,1.8517653858067042,0.060028916589518144,0.0034600194969727216,0.0006620084960065331
1.2169719928323781,0.0009463040970620201,-0.024087561625804665,-0.01171321579568732,0.008787461167324147,-0.0039216942152133435,0.018763273676562497,-0.6566811841935412,0.0029302537783419194,0.0028243102488336932,-0.0023772420402698655,-0.003771646049798079
-0.03015871980397451,-2.336333244549004,-0.00024311174504458057,0.004449297969847221,-0.014537307625858647,0.007108132965658598,-0.0026625999408133733,-0.023869768041332562,0.004964493177555957,-0.003713543501248584,-0.0005459375933493573,0.0009820662075278597
-0.0005660998774638104,-5.652733073433211,-0.4794028264987116,0.003188018651636204,0.02328281330735832,2.9088793532203567,0.10328929334581138,0.0051675710092820015,0.00020767038405033675,0.0147353126918508,0.3681982362854548,-0.020492297722251696
5.653605838678802,0.005442300380724772,0.04270637211841267,-9.364431007513607e-05,0.050120118183593576,0.009542615233723017,-0.004310272947114238,0.013503309118496176,-0.010539113543279723,-0.0015033129883464391,0.0002625884577727375,-0.0817635637654015
0.006258663941145021,10.428487535448056,0.016845827153609827,4.0000495421204505,0.005181521875937456,-0.03269966996258988,-0.04461387839204145,0.04558049338349357,-0.007947503295298433,0.006209534946392425,0.051095788774978335,4.385896957095085
0.0039018578608029653,0.17505660214472607,0.0087649155069403,-0.050394318975989005,0.013384400532672043,-0.001577532488819422,0.016478582015719084,-0.05695286584932013,0.036766303068181294,0.00501550204684742,-5.137921457598906,0.0001627353682221444
0.0012254388281464938,0.006019619759161068,-0.020850403708854864,-0.0041559731891023365,-0.06085177391403199,-0.010143037876015708,0.003008937890638653,-0.1531041278779111,0.48119647456074943,0.02509509160096844,-0.005773973623672952,-0.0004475740169727002
7.808086738068111,-0.01264658977300026,0.0889066550184272,0.017624485773183485,-0.009834271632437164,0.0013410454494314772,-0.020351596472579336,0.02339058001873895,-0.0026121960519466247,-1.8764776808865875,0.012106053416746948,0.03297980404853523
-0.00684161183567622,-0.003157338614030003,0.0031386120935347206,0.0031744533822501766,0.00014974535340439576,7.153878153232787,-0.034683429045647474,0.016804269277434628,-0.0945256102056673,-0.006367421795264741,-0.005928821992880584,-0.02565818693965169
0.021906221260176717,0.007738015885526528,-0.046809152086639105,-0.5420032760353427,0.011173391450679877,-0.0034709739869234124,0.03225416298426509,-1.4953439905501342,0.00028832495618699716,0.00795510212325423,-0.006926359178885955,-0.03196640912695477
-0.0013213047081480369,0.003540422578193666,-0.005581686782778981,-0.0042938890892079105,-0.0005419325541243345,-0.0005127821953920288,-0.00014976860543685928,-0.019426327694983946,0.7266586923089918,0.008532040434729448,0.0008978871022717731,-0.0018014390059801176
-0.012892112050475024,-2.3673182551845287,-0.00828987187678365,5.798088546559711,-0.014559891776857847,0.060813015642856794,0.0012820804982454082,0.0105864910511414,0.0009020868286022665,-0.012013155271299203,0.00875486146001292,-0.002849174080030714
0.007471307729075893,0.007126248731894602,0.0037505774511121803,4.3914005649132815,0.006340583735300477,0.008101888914449906,-0.03485487379031782,0.01213333394780261,-0.03160319131132816,0.0018365327034839327,0.1836441115997669,-0.07459470418789077
-0.032047580215593764,-0.01148384782507771,0.002006510103245154,0.00528485478521426,-0.012184923654857235,0.04858100091668516,-0.038772589872478266,0.010000378377799685,-0.0019896129707596107,-0.007571559411410356,1.3315205040037283,0.01171520380181254
-0.029921189277324484,0.0009141318409182989,-0.08677477894559907,-0.0023925247103384357,-0.013391711871539796,0.007629993406868929,0.00997478892052718,0.005414379843915344,0.011698267638703543,0.0022332683960332314,0.007210067476879176,4.793866991897879
0.0003718584568808501,-0.06311872932845898,-0.037414517216889334,-0.0008308752078051151,0.002919252787140462,0.0033949234262855565,-0.00463522582916452,0.02197746282182722,-1.0477853419063023,-0.0045657489302782794,4.378234928197546,0.004449363742252355
-0.008873286024509597,-0.011932939794049968,2.44892235660277,0.8175329287423594,-0.018217512137150012,0.007637772638437318,-0.00845509510627468,0.0050510892532711765,0.002146757903699982,-0.01919695946981198,0.012090184964120732,0.015297653654235462
0.0029022538379949074,-2.9170399458986935,0.04391724673084588,0.03614950038561404,0.013232618570760966,0.008943147403589036,-0.014584831466762364,0.000954312316631456,-0.017484856749668404,-0.05970426670444251,0.0034591079049837853,-0.0075071365938136625
-0.004571513319062852,0.007167573605559717,0.004684894828164834,-0.0046563817579858505,0.01439198664723235,-0.0015077477212819949,0.030293906093546562,-0.005150352971874411,0.8033813557323872,0.0058113989235698,-0.006017430136077528,4.984429327758807
0.3052408431751193,0.0017079539213498112,0.00412657330650446,-0.0017055359486304782,0.02398019049549443,-0.0018196311819708945,0.004339480924670179,-0.007952854671416078,-0.0006493860248426751,-0.0013462156168228745,-0.005607241652456305,-0.0292040789422041
-0.17782853422472839,-4.765031363211829,-0.003085494840251682,0.21006215698417918,0.01281353582833266,0.058623483024418555,0.4861620059637174,0.007431075286626454,2.168663606291978,0.015547860136235103,2.185333726258774,0.005532228269037431
-0.0032195838864050473,-1.055337677969325,0.0008668750125866704,0.003757345814301566,0.025820300698702833,0.008145271555086292,-0.0507571590000044,0.0043003496489858045,-0.01196196044242838,-0.005846018382147336,0.1072953709172006,0.005474473056532814
-0.005654271740426764,0.0010764604594848404,-0.0032243705815188095,-0.0018039892272604385,-0.01992294586460347,0.010345324299222636,0.01106438164361545,1.3969307730297658,0.005199221881032445,-0.004066859549691104,4.947810568166439,0.023734153117247914
0.003276266025058705,-0.0007004687943732435,0.0061269222811561885,2.154748775259435,-0.03642913452676971,-0.025609330511692452,-0.018300842657254263,-0.3915841670817173,3.541022760919418,0.003926197719372415,5.872175806189588,0.0124335687254023
-0.011745807668349206,-0.002293898082464302,0.004902891197849285,0.005360111341667246,0.034684298050359025,0.0017535215669833805,-0.006401628806468329,-2.585893553957053,-0.00044520772001996334,0.007450396589277037,-0.004172991729338438,-0.01457105030807976
-0.004257229128127413,-0.004606749405010293,1.0530908320715011,0.0038258026896096572,0.008748874430866088,0.005828418424475772,-0.007338518694241453,0.0019906493684849133,-0.000991676410577117,-0.004775713182569127,0.008789002550413089,0.012249551079774126
-0.00946294287397853,0.000541405420595914,-0.003201943854113709,-0.11901462549555575,0.0012182753926268108,0.01038818195931901,-2.5285198831699187,0.0020875809449523164,0.0024591613684467745,-0.0015609662495802423,3.872722729840685,2.4551336237870984
-0.2211539569179784,-3.0009130798986643,0.0018908040157198935,0.019660873550876534,-0.01140059607960397,0.03464338253092092,-0.0049086244284061165,0.08812992723740098,-0.004763073665580209,-0.06856704343762354,3.417489403398366e-05,-3.2639221067248814e-05
0.018719922931012017,0.9053890576413162,-0.008130552410012863,-0.1302885975682775,0.0004462703978230691,-0.7533269012408299,0.007949784324796066,0.0019996833037882467,-0.000975231318381245,0.008591991001363736,-0.02274993398225944,-0.006781575242962218
0.012712483502919536,0.004492071003305204,6.939029663019514e-06,0.0005939637300109903,-2.301585124885451,-0.008395195512566267,-0.034997536862757195,2.4764330338895593,-0.19783898230706365,-0.0017588968580686919,-0.003054309678311551,-0.005404145792112695
-0.007875579460143056,0.006369926015100225,-0.006607737470028852,-0.013856384362542544,0.0055781991519373705,3.7657555969953957,-0.12010184900112275,1.4248382914922382,-0.052204859176477214,0.003893261412842502,0.005880177350445992,-0.017314025031998907
-0.021070043753100842,-0.13308310361785614,0.025899072893558917,0.11776722244475996,0.0007696424546782543,0.016405557956541264,-0.013152875529835517,0.005628683712887116,-0.0024887294148368266,-1.7733591153208006,0.009855835238422872,4.44773575307233
-1.8387271165813566,-0.004850655240504009,-0.002553749499176982,-0.0020362318340558516,-10.00449539642523,0.007643470515702383,-0.006540286444832137,0.0013171595930224905,0.0004050574920929934,-0.0034113372170919004,0.0028677132911512334,0.0485264293215345
-0.0030239556599425954,-0.001381036391075674,-0.0005889578496499348,0.0005798987722388776,0.016368025780378208,0.004955672795684535,-0.001065393719874158,-0.006460731167382966,0.011475914007801458,2.5328778561778087,0.13043161110348622,0.0054467240739439135
0.0009810851413680904,-0.014070797144761504,0.06134867823021267,-0.0011310085229139233,0.007093215535137212,0.004000355798781108,-0.4775867705322628,0.007186013054362839,-5.9802392408224465,-0.08353800682204238,2.3952067841169793,0.4203663177580701
-0.007828334358057298,-0.007721345037217109,0.010171054286279735,0.01295244548622286,-0.007409298426016531,0.0464338106342642,-0.008419429590242666,2.492993180245529,-0.0006386181910920663,-1.254125050750908,0.014708556566343733,0.00451755270973594
-0.006052812844757449,0.009834210942587074,3.83305172352022e-05,-0.006672692446673623,-0.010790326615651602,-2.6669854484852706,-0.002086516560970253,-0.0040933104589955804,2.790704839826379,0.013371638820126486,-0.008887932185525194,0.012145898006583444
-0.004657745727062346,-0.02510795768474039,-0.005951951084235685,0.00012631325268699922,-0.001518170127219727,3.3113811242204614,-0.023290861424767995,0.002588223069639517,-0.34101892383135546,-0.015787865629718636,-0.0017752213455352606,-0.014964943415091556
-2.1666926564843596,0.0064468798384809374,-0.008901948871985334,-0.005026039952535172,-0.15778491224744082,-0.0003423710779343614,-0.00024963377171308924,-0.0026860393297923058,0.00881150988271275,0.0040082998186133645,-0.0006095105042471919,-0.00018426566160645308
-4.1148569675021704,-0.015960523004037608,0.004593140101110116,0.00013766899095590812,0.0013161033692130342,-0.056685860140693434,0.00508780225010691,-0.0321470338277019,2.1773271764609845,4.5114332551700045,-1.393653119219234,0.061821599206470124
1.5646043064648425,0.03786436419551306,-0.017689710638371894,-0.3549962357213392,-0.013981049971167482,-0.0035583627412508756,0.017167469137293237,-0.007290837630024666,0.005000911893414353,0.005335936754996641,-0.005476234681363774,-0.020831734982075995
0.0065448183521433865,0.01857749218452788,-0.018087239461538035,-0.007562274795085311,-0.008006345219748325,-0.00600666154253271,0.01874278971687035,-0.04612814335985743,1.9632891170256197,0.012858299025293368,-0.011469904562803168,-0.0184506556855214
0.014141242025984564,0.005564906788447376,0.0006951159125778467,0.0008152845089633085,-0.09360322104578661,-0.015811870568011338,0.014552305933386082,0.0035135440253367747,-0.0005379703286164774,-0.001202400409757498,-0.8994822344864521,-0.002633955885041242
-0.0038902991752089756,-0.010985520189014338,3.6472821010791168,0.09376511693904588,-0.00020275352185105192,0.006157834869199186,-0.0044746767729360315,0.003501180910760446,-0.010314465635207104,-0.014688083618532577,0.002542277569676496,-0.005081698437999639
0.030684436958074518,0.0074770369438443215,0.018650198190309233,-0.003407361965715544,0.022653605389028685,-0.007935322246563972,-0.002129174095218952,-0.0001223517546482455,-0.005764663184376807,0.0014143386708838834,-0.008527751294179868,-3.660279969483554
0.05717840187191209,0.007505313890749238,0.7042041232766425,-0.0030064614797337685,-0.0023042685832515564,0.0009019361056209485,-0.0024915038498526526,0.000502765240175479,-2.2215586249285444,-0.7581569593485895,-0.0019509470773169807,-0.02107878386113954
-0.00606592006493889,-3.6054133217426454,0.031549853280612106,0.05359137887591814,0.007215787556251824,3.2886359288652045,-0.015439445458582321,0.012730706826611815,-2.3235986364552046,-0.024387381868791635,0.004474665858690496,-0.005541571510878862
-0.00091090646466227,0.028348186748670456,-1.4021101880343139,-0.5720620685010251,0.0010788451946072766,-0.002638120911195356,0.673209410361622,-0.007334394474961578,0.05351276040952335,0.3744084900265019,-0.006272267102932785,-0.004370498612399177
0.00996794521568578,0.10257562102721351,-1.5107992535779147,-3.602772114634174,-0.005969106254032325,-0.009641522425996238,0.22571466853415778,-0.3645876563508379,0.10617472947704165,0.7887730228434595,-0.0034077529530154305,-0.005510887231889881
-0.0043653768833564754,0.007736334308618031,-0.002539711288602392,-0.0026041165565490673,-0.0037065525829253,-0.0020017532581911752,0.0065077336580567635,-0.011237945881016578,1.2230638633277522,1.676457246646665,-0.0059234680644525695,-0.005672009501245044
1.4711233297010848,-0.00793895781748607,3.666471643911647,0.00534568700447819,0.022346161413717702,0.005150781718034465,-0.006219063232402588,0.006706325393473586,-0.037081751376590484,-0.01945387376944452,0.004984951813670868,-0.002799813255664984
-0.008922867128490442,-0.09554270237225726,0.005875201286850762,0.042607672946681996,-0.006525693461555182,4.371150056896937,-0.028378410328225967,0.021478973457489614,-4.157462515286433,-0.025281967230630364,0.5890646010630647,0.015495069345738077
0.1119821957856173,0.12146390215520064,0.0039009373055292063,8.288305995997128,0.08363742190051587,-0.0013543502284972253,0.04955738804783705,0.028507382663485847,0.003976433334114127,0.012464189018926188,0.03469109476653198,-5.917821765860097
0.04096897301702662,0.029342403757691482,0.01677846550818507,-1.883568175073254,0.01226709573913834,-0.006876341203005343,-0.015318459104281645,-0.003796342717099499,-0.009845599063625143,-0.006953228523543437,-1.9440738514966327,-0.015109663245749083
0.07019151646588417,1.703996186914518,-0.0008009136100492874,-0.020260849423291927,0.00919929687828531,-0.03138234177625232,0.002466804354493159,-0.006561618222244242,-0.001949652412293946,0.0071246471900512365,-0.023413847964608384,-0.023737917415905002
0.12929279388975878,-6.522867568508431,0.018609008914615366,-5.7481579918805537e-05,0.009885621725585214,-1.4936720013583908,-0.01923231585364643,-5.935818240342996,-0.027850128680096287,-0.054893789648036595,-6.570039701444884,0.0018558151278889046
0.002148334312592648,0.002281006969601984,0.002936153483027032,-0.991925734709973,0.02057938244824753,-0.0006692481030173003,2.165958702132663,-0.013934392522312877,4.732048808451616,-0.0030485693097947464,-0.011745951125489595,0.002065508597701937
0.009364936912838795,-0.002885479685386716,-0.010845306864358334,0.00454658691051882,0.00882905188879481,-0.009495821516188326,-0.022227691230236823,-0.0007461263427739045,-0.04417049297191311,2.4344322489857597,0.0041329339441411594,-0.00995784742271455
-0.8540535853891575,-0.005565626937899728,0.0026373099811893555,0.004297449320150505,-0.002335977106956456,0.0013940938185265477,0.0029232574091396313,0.005753143864367323,-0.00036889572621826407,-0.0020557276393258182,-0.0017616480594796623,0.028806877511892218
-3.7459689297956427,-0.01130608998264487,-3.410151208441744,7.152897295836791e-05,0.009994893057466286,-0.004789941397230657,3.1104857791416567,-0.014781907900133506,0.03677639418262566,0.009215366796929525,-0.002327848469986941,0.0065354980527743715
2.079603777903146,0.002206752081058065,3.9500027523866392,0.003805834764212278,0.019103144048246316,-0.015871276720532845,0.2628902271808366,0.012203126062466985,-0.012765031339223,-0.002226522348501063,-0.01917572014255961,-0.009240357198068318
0.0002292585212486098,-3.5044388852649035,0.01953848985012785,3.3633240955178962,0.014046731257370298,0.0013365323356662184,-0.013353286349915505,0.652462922872207,-0.030514923698806706,-0.014601392048345652,0.00017526644811305392,0.004617370813301491
0.018806078082821122,0.013227773236377895,-0.13706860669946422,-0.36008678957056584,-0.010806624696158,-0.009595645777533527,0.0007085835876729785,-0.11837440788662076,0.003181149512773887,0.014059180557068654,-0.0030128116244882014,-0.012061763705578696
0.01929419443024949,0.01287762181261154,0.0006312817656284331,-2.5877582436896844,0.008654587221608362,-0.612105877637827,-2.5500732386677356,-0.00021694690237519798,-0.026475191826928923,0.000455023823751996,-0.861731026749645,-0.015093005827546246
0.01489232569220511,0.004953692256758568,0.030481517866144614,4.124852796372124,0.0008951170273903131,-0.0027826152576833074,-0.009081180804737354,0.11057499682084249,-2.860922215044411,-0.007097801020235606,3.2391950349613694,0.0049426392572426425
0.0010945722574676724,-0.010608115481887875,0.8414499687716229,0.01546587814194389,0.027343832264479694,0.016464746811033937,-0.0055730212226477865,0.007883557998692892,-2.6071490014792342,-0.01017864818499259,1.4824190262133454,-0.002586001166149765
0.021014978250663785,0.0058886977080282454,0.03493637859222243,0.00011548041166962314,14.21574396179907,-2.9081149073647437,-0.013432317944367722,0.011181507694464899,-0.03508703561327453,-0.00447070536676319,-0.008920529060609084,-0.00603691531758619
-0.005712065193069826,-0.011589598356292474,-1.227976268553526,0.0028610932703651386,-0.006512907674847954,-0.002935489355183266,0.005003702730311976,-0.0387752289385356,0.02431217595890589,3.44662759906444,0.0036015231366348655,0.015213413359467055
0.01504146380758517,0.0009446439714196133,0.00628403244644183,0.0006592750128067725,-0.007930429603452208,-0.002447499811271892,0.012262859809626249,0.0008266039642359599,0.000556380676193073,-0.0014823885292122858,-0.001462845076497464,0.008336255256408819
-0.012032323132595557,-0.01710289338584714,0.003510783053065847,0.015694520996229464,-2.631149069068909,0.008568135977801549,-0.018745155945852465,3.6522645304257066,-0.0003040095023089384,-0.03397997821696457,0.01931150669576054,0.09061511164484404
-3.25997570629951e-05,-0.0012665433856827125,3.9476540058116854,0.002557382400003236,1.3706648678344884,-0.0015504160117268892,0.015650153881245528,0.003938117391904805,-0.0036946069439884673,-0.0006869598954110795,-0.004691868265417632,0.001078311438781003
0.4537657634793728,0.07793293096524812,0.0044736919357658,-0.008611980505257855,0.04345037448227668,-0.01925965551603054,3.618883710596691,-5.966263558195379,0.008522457789434723,0.0795769272211404,-0.005133451830652724,-0.016558521642599244
0.031489062574494776,3.7484113390262213,0.0032876248592889415,-0.0013078370929718863,0.023183581525159654,-0.021871537430184773,-0.010885717927107942,0.004471302715389702,-0.0516121481742003,0.0038612312224339806,-0.012264365551433974,-0.21662178685064637
5.742111772295646,0.007249512557028215,0.006234873559935655,0.0034335315909547748,-0.005144072927181595,-0.023953553762519952,-0.002152184904481075,0.04017836285529153,-0.015085278292199189,-2.5367543435928397,-1.790813113095627,-0.00020591386996104966
-2.705334005371725,0.017595656094007373,-0.040188582569811615,-2.766971830147673,0.0027869659227745813,0.16827493902595814,0.014333314167092936,-4.985750209393252,0.029533909425892624,0.03645428938190831,-0.0023748876799254415,-0.08863006154606157
0.010016221194703911,-0.012874342081574675,7.260720838042346,3.0730269790736813,-0.00043135140275196715,-0.005961879747633937,0.013277026306450557,-0.009125336499890169,-0.0068666978771152465,-0.04044358725703745,-0.02830801555277951,-0.003039569430174416
-2.3284235490993996,-0.0005561229290262926,0.005544907464864135,0.0033438416750946054,0.005831955043258397,0.008590008337475474,-0.026699251538894964,0.6090884620494172,-0.0062861780465016115,-0.000499543761000365,7.083848637910112,0.004343451037030377
1.9567344452235422,1.2037366092010622,-0.0004910046994247626,-0.004815734048325859,-0.3654492762155204,-0.004517285837801532,0.01880978365833768,-0.024968564817135663,0.02180639511729104,0.001658172566905869,-0.006754873312463853,-0.00799333572346958
-0.02217852861907474,0.00038638074001542955,-0.03679414606063583,-0.0060621085761253714,0.040822226030649666,0.0011765276114373304,0.005453268633110991,-0.01600137444255558,0.01648837292617164,1.176632304246836,-0.0019800298491620613,-0.0017016184471145709
0.008582893321695373,0.006144390865749694,-0.0008233726933544183,-0.021309350443444702,0.03906276773829546,-4.309640819902259,0.003033271789666059,-0.1428161267162226,0.0006315498418401622,0.015993554225621157,-0.006670809990983795,-0.00470941072239333
0.0012385545320814538,0.006797060515254005,0.032381456696932154,-0.011741689181348214,3.7762555680765093,0.005811714851911731,-0.0275756031615492,0.005007147973648263,-0.038781899490356854,-0.005778221799163541,-2.162749367383878,-0.03314177444520314
-0.01355587440414667,-0.6305720383590401,0.004644028752482636,0.011799600239761066,-0.0013080195200544159,0.0588308069359508,-0.012258739202368373,0.0028705675640344763,-0.0044841157932026116,-0.03561517410516821,0.009948604072905013,0.0031207790411102096
-0.010878599415366452,-0.01032248824383386,-0.07764671489380692,0.0036089226824741368,-0.0032024096229934015,0.0011585212222064035,0.01207483582840918,-4.734102022097829,0.009118371184221985,0.013500282053697066,0.005096892923636964,0.004595037084624007
0.007754856922425557,-0.002460469739856086,0.0016260841529159298,-0.0013450241890072476,0.004602098445957124,-2.8558423817248055,0.004235732152682359,-0.0077009007273408925,-0.0021888734852612,-0.0025148107279674096,-0.23450929976758417,-0.0008088977528077079
-0.00537406847496566,0.002837743348042321,-0.004219500365021361,0.00025866746676493635,-0.008404480850834244,2.531437203893905,1.1698995710153302,-0.0002249901800574633,0.0122747007506806,0.0026400270679366802,0.015553664307807802,0.0033447776419663596
0.004030776138828523,-5.178963817795843,0.006032100132343624,0.007627561343197753,0.01269936221181503,-0.0037397135162307027,-0.004554208012758538,0.0029477234429117205,-0.01175268615702144,-0.010447205629472878,-0.007734664807090856,-0.0012761296677757383
-0.04365353828870089,-0.014513009046185577,0.0035681273342659248,0.001689601964088596,0.004087573662815367,0.028332661277708983,-0.029065350571575,1.3818990824041097,-0.01751547686873045,-3.893638574877269,0.0023378344338740864,0.00034698362906925365
-0.057531441556558094,-0.8873124618767747,0.009564147039125892,1.4198507890137009,0.004279183613802005,0.004933585213896169,-0.0033920027132476605,0.011715882204648476,0.0009454268612658079,-0.0047729930166806045,0.00479642750853515,0.039378919100364895
1.7428742877971177,-0.002415199039981518,1.9418559689450925,0.007939078797644994,-0.009622350347453058,-0.0015261235579124843,-0.05854516640626946,0.0004716526092733986,-3.8531011584170596,-0.05787747136570509,4.180748052154454,0.0018836762357044567
-1.2470793729147136,0.009646759453649309,0.011090347904779281,-0.003064102519610222,-0.015414252509296834,-0.0038799023320113396,-0.013314729072415288,-0.0011711494577498413,0.003925429754365995,0.0014597606020795226,-0.017684653099484027,0.010389649901745658
-2.3674340127635816,-0.035370620868087066,0.0031381474537152676,0.09770587696967559,-0.010677904304584485,1.2854991474828026,-0.0021138113215004306,0.03795643181575342,-0.00237533930009326,-0.015214248610602499,0.033313977971817677,2.966463116341366
0.002164146148469326,0.048976362953210284,-1.8481797679227725,-0.022779384250481483,-0.03274710037094267,-0.18097654782444283,0.008429166798234133,-2.431481424695619,0.06767718272668788,0.06365893529930222,-0.017772569802473548,0.004708329176317568
0.00041931685383909565,0.006644595797811792,0.07883309966829018,0.0015797230399640372,0.010032427264647977,-0.0034725845128350807,-2.08954908824185,-0.006614901469206985,-4.070373630508488,0.0006415760440980633,-1.8284345572867657,-3.321785752775429
3.5051830524052967,-0.009507865428829313,0.0036199223227036557,0.008157171074530428,0.012855704888393882,-0.009370031704363013,-0.030493963509921895,6.454795702057203e-05,-0.4485498894480531,-0.0023397178753681858,-0.0008042385100943614,-0.01916735466297692
0.14760131871271082,5.0134604022792155,0.0014344974783422684,-0.15949945538125165,0.0006830474399000049,-0.05394438377203964,0.009895001194827129,-0.002175426535677181,0.0005059197560187689,-5.34950068956864,-0.01515697582192798,0.01163319310221251
-0.02227375680696264,-0.1851024281002065,0.0028361819181618175,3.5030583203290604,-0.0028305344366472696,0.006013489755225553,-1.1049103808373744,0.046239404744560675,-2.7470011240958954,-0.015009380543995254,0.013092626464212831,0.05117275147058997
0.004538625626574921,0.01072733950915783,-0.000359014964964495,-0.016285114485247984,0.0033266428445433453,-1.5718843178990272,-0.0037861318616523865,0.006083693351528775,-0.0028789591767379233,0.0030614343786610305,-0.018464202106130645,0.0028065762559905108
-0.014536954799621811,-0.018875663751975053,0.003910078790328897,0.0628564595591703,-0.00649041826763265,0.0027149368312850974,-0.014748164655700252,0.009192692784015744,-0.002402961173997041,-0.0029901827516354285,3.4838296487179257,0.011630357128504687
0.01817307157147459,0.015535284044511178,-0.016260198331028416,-0.009675496231242725,0.0037938647302016245,-2.7708960345847347,0.0073692421823142555,-0.004655930855615109,-5.258933000132642,0.033240072661818054,-0.012610352196775679,-1.280447577395893
-0.0011418528906610437,0.06380173485578489,0.004638115412313848,-7.245347476232638,-0.024927072680956064,0.0033218686759164673,0.008695656388234996,0.011198324578545193,2.2985188677758117,0.0024910103058159994,0.0038707025495767766,0.007132326547377166
0.050418085232701415,7.468070949332798,-0.004931206937515364,-0.07134561817249185,-0.0029842132945287203,-2.6910612779535086,0.051838018129216956,-0.010792702834503398,0.001516718919500143,-0.00597021653112062,-0.6654528932353365,-0.0009539238646500969
0.010538255392960993,0.018467250736862173,-0.004982605365474846,-0.23879522825812716,0.03626570722197073,0.0012702675194805474,4.3428589848017864,-0.003902957700455345,-0.001411036610633687,3.156820366634264,0.000996486567118704,-0.010783752352342073
0.007397744181330282,0.015960493708543938,-0.0008385625517116184,-0.008590442602262086,0.0024138007517630553,-0.010675954555146203,0.0021348136947045918,-0.05451967591718539,0.006537642748638054,0.011237480325046331,-0.014132489762794381,-5.572912774288467
0.0035492806440848845,0.07596323988161657,-0.039675053090492796,-2.7911971741861556,0.0008369191928909725,-5.874204008877925,-0.005512031078361179,-4.287559380353649,-0.009413505353132123,0.5499206865158356,-0.2527315140958848,-0.13397022671623215
-0.013986924750532065,-0.006700193646280323,-0.00033669144921150357,0.004623593499290534,-7.876293942735971,0.006864566202027456,1.865172908056996e-05,0.006585465838545975,-0.0004923537497815412,-0.003385926345232087,0.009563676956404428,0.29250174793142303
-0.019461697044736395,-2.7137442121889666,-0.006096888711978939,-0.0017575970155465082,0.02519187014997416,0.0013355492170877836,-4.851761574859066e-05,0.10598297833145898,-0.003960822298046713,0.0030783771803353788,0.008306623970260333,0.161853422871731
-0.0032883057108301084,-0.005295510453204061,0.08895126752579807,0.00468638374989476,0.021374710916965953,0.01027534538261253,0.0010700866505305995,1.1145393767051237,-1.1427734998019794,-0.6167067319619819,-0.0019906651605102466,-0.0038086043887874954
2.574970738150606e-05,-0.0051314146201240085,-0.0016354674082263432,0.0018923090267467524,0.006719246218948788,2.4683109125526386,-1.6810362886846875,-0.0021252232107829006,-0.009879206114433658,-0.0008875327120540233,1.4318429273869384,-0.01586682982794707
-0.00035445513663413114,-0.0022373895481006822,-4.269586861691524,-0.006651572941734241,0.7856676248105241,-0.0020750332743610933,0.001710614882442625,-0.03523354598064721,-0.0004689460090491482,0.034887431973761096,-8.031319725164312,-0.04561624280633758
-0.0029478406617622216,9.437886014743158e-05,0.0005290556895189702,0.0031351603166671627,0.011318534388904102,0.018324723788616604,4.796559148040175,0.04410575100770853,-0.027445917737650802,-0.005395292837088506,-3.3609222129427234,-1.472930532669011
0.0070200199702006045,0.0036184928197047555,2.806129314258143,-0.0019302514941381063,0.014095292896670412,-0.002359014205628153,-0.008748314311169673,0.012254265292586136,-0.017808762211989185,-0.0010616746290344065,-0.0017190154851136575,-0.0022740027220646657
0.0019442458938104582,0.002432465440510791,-0.0012664107375893437,-0.001823874358176099,0.0477863099542417,-0.0015684872647607415,0.0021912540247877193,-0.009911820398792565,0.0024063482673723014,0.002891740311265176,-0.00296337240156473,-0.05522297482203963
0.006711008503930693,0.1161869445358672,-0.00647422971829828,-0.007978945557907291,-0.0042300820666181516,-0.001039898254767968,0.01026529301679574,2.1972038022021323,0.005405573715799528,0.008899177589041157,2.417732380118359,0.0026398967902489523
2.600523499371718,8.694414190765485,-0.012775020403293702,-0.027332117693125824,5.346131267362511,0.008753340079786565,0.018515184155495135,-0.015667187830902485,0.014546156681852773,2.967725025509651,0.03357694047026355,0.0018160800763737939
0.006257846940504443,5.31429210916777,-0.0003304105509417954,-0.033560700468687976,0.019942327149947755,-0.0012321010133303778,3.3945631244075436,5.394435869661535,-0.0071906876033502876,0.0013588115913448773,-0.009082273612636582,-0.007540045932638323
-0.0072913998150744026,0.001743408118172652,-0.010256218456923018,-0.0015352627758658099,0.00913812578844435,-0.0008622919918523445,0.006414579527771233,-0.013729887341782265,0.793377467943625,0.03975505972029124,-0.002035653726498591,-0.004222512912200341
-0.026511934038526475,-0.026537323090931597,0.023021267901658593,3.4281794986787752,-0.008082956032190452,0.0030119657075749606,-0.02521546624595239,0.0450799764615441,-0.0004579375005395181,-0.018799524418775068,0.0028943662057617225,0.041513372606862234
0.0018065118008611918,-0.003298208178603561,0.0055127908918351865,-0.0013566908956214596,0.99218762419253,0.0014726702826676624,-4.275054228831452,-0.0038878487793592986,-0.04975134588982909,-0.004529882144455322,-0.0022955138892712546,-0.007665064379653502
0.009587636695003954,0.005499691369192816,-0.08990760340621251,0.01197562234030794,0.0023931353713020735,-4.959688524443445,2.036030223918349,2.912559929937302,-0.01055946964805518,0.022471180890815262,-0.014639965824194134,-0.0796598539026672
0.003502482838259685,-2.054718893108216,0.006471270373937604,0.09934096045099228,0.007663401124351647,0.00011980315633902672,-0.006804897392349296,1.552037879528271,-0.025484869774309027,-0.009512689268745433,0.007623761929636819,0.004361280412100571
-0.007502310662986365,-2.1080084174671185,0.0038464085264344194,0.009070056483764577,-0.006045309189737773,0.019761990058754342,-0.01704549546845674,0.006455118954623529,-0.00236711590359287,-1.3754682381540704,0.021537719091129226,0.011341038831681693
0.0031571921042831013,0.28292027318074947,-0.004270787289849009,-0.013181943041745824,-0.15241483946858875,-0.013016469867099891,-0.00030328468429277047,-0.008787289321770643,0.01314257035294428,0.052841286944888266,-0.006247286161051333,-0.002907041802636196
-0.005587158825353017,-2.1449895050958503,-0.0030809083908076573,3.1443016186970283,-4.6323093289446504e-05,0.01801052107815382,-0.00457842924202867,0.036952804171941356,-0.010474080591577062,-0.008539902263709709,2.747698423863639,0.0015321955586384828
0.037856344393222496,0.019431467605867336,-0.01401820858766939,-0.002256020031171896,-7.848471860954117,-1.9803463937031687,0.041296106153265455,-0.007776011874555233,3.6287268592807678,0.013830510508441085,-0.0068349765244370975,-0.005201581097710989
0.006763482813839622,1.6719767574242113,-6.678783133461744,-0.03591532958691701,-0.0369000707070419,-0.04713112037583844,0.001796370114692903,-0.004058519517033066,0.005575219211879048,0.010070749688960046,-0.017132349239439598,-0.0020579164727938526
-0.003976237085425866,-0.0051970620795346685,0.011530925701902464,0.008967052806542253,0.05484125298602657,0.0008974427235932947,0.0005142386396824964,0.007093901720889723,-2.582021361879517,-0.00156230903782896,-0.001009326704153891,-0.0003231067366600768
-0.0013090978471156005,0.0018925506742984736,-0.009554028179897983,-0.0018815631756297427,-0.015937402832358123,5.1752621425424535e-05,0.01668365097209818,-0.003879660846186078,0.3182123132610313,0.0022143097548849404,-0.00046776495095962026,0.00047372033895270137
0.008124592035940154,0.0022040148053379394,1.4352112257223837,-0.008650621663801483,0.01640602514572434,-0.6452897594455695,-0.0106835366695332,1.1235081933128104,-0.03500089392850425,-7.077126412115177,-2.3919704678166624,0.011272638680284441
0.07717720852423504,0.015447829496811671,-0.017008946901456268,-1.2546151026351282,0.00989216488340375,-2.7909575750469653,0.003267916455444997,-0.6094296402057265,-0.003806337730704934,2.7467003333290765,-0.01383138699638442,-2.8646425936432305
-0.0014869283772539488,4.772608759223971,-0.018659799701312263,-0.03767459576064347,-0.0028733342037334797,0.00939879594500459,-0.0067833800277228296,-0.005752679753465939,0.0024234909960936246,3.6920154170800004,0.012941968106111722,-0.012001018856485857
-0.0025088389123014143,0.012139275223423285,0.0002319147080069306,0.00031426877708269456,-0.012840451088533924,1.6757918481590384,0.0015698295127667544,0.0014058321950559949,0.004110748399546366,0.0018343657044316932,0.01880394269124619,-0.023731651078579344
-1.2374473779147266,0.004892528870722224,0.010581449883913296,-5.132437640407659,-0.015162159621821159,0.036737567695613316,-0.29716955431103287,0.0065305167316023205,2.2636296089433188,-0.004948302113384706,0.012380150161733772,0.016858856297809588
0.02726216788520408,0.004902896335914453,0.0229864959687891,2.21453277008683,0.02122638801624302,-0.019211924809096892,-4.639620730196441,-0.0026607381923625106,-0.004088201933125035,0.026828722240573588,0.020109003524353408,0.003377570348123117
-0.014925565301544319,-0.7077970036142105,0.0029314273491525267,-0.0001399480324156821,0.04854213687972192,6.425393600578971,-0.004347563846048064,0.08148302658304352,-0.03790611044728198,-0.044391688323710765,-0.012654472416524953,0.006612776289067701
0.0074118111503595485,-0.010538025108430382,6.730875304615935,1.0089466103057347,-0.007285672813804545,0.00300619207720057,0.0050813449552106205,-0.00940680641124031,-0.007646535591481596,-0.051063211726405155,-0.002232033880323947,-0.023032044961914105
0.0005093751266454297,-0.00341429956174899,0.002469909981209821,0.004109214807745787,0.0017414531003772237,0.9236740955305487,-0.014750544019169365,0.006197028162080902,-0.014705202493805539,-0.009893485555920765,0.01677893777258066,-0.02671944773113956
-0.01825402862444303,0.002036568092049329,0.00763466069312313,-0.005275490858429599,0.006604516405073896,-8.769625917118773,-3.02891940386678,-0.01162561730188072,-0.00463181467089252,0.0021066786548610827,-0.03306578744367972,-0.004427316224859895
0.003389606243043396,0.0011483995015834523,-4.038421991159908,-0.0004303328642534937,-0.002354470494800278,-0.0003649339087940795,-0.0013559812428541882,-0.01958718117681757,0.0019185787308029553,0.004423828346054676,0.0014797623902079275,-0.013288740109637723
0.032670202215157707,-0.0014104239771468366,0.004909786120276289,0.0013251352738083734,0.0009104749543975283,-1.3280688972935237,-2.149912704241743,-0.002564211871070547,-0.007957828946453877,-0.0025115930798347823,-0.0011468302264900573,0.002242428135440995
-0.07003393375247002,-2.635197113226667,0.01699662059677276,0.9840793674996107,0.0023659424416927477,3.0474226455783224,-0.00935018968930118,0.02505331163400104,-0.00027123691544711503,-0.004838895701260393,0.007671242406536494,0.00946506649726131
0.004045300350960512,3.571814687898467,-0.012681787610713036,-4.03763859665392,-0.007210817357945987,-0.028360160796100153,0.10027573586501681,-0.003854761075817059,0.010935410247574495,0.011193279139597667,-0.04595291604263707,0.002129161762554732
-0.001981067887564747,-1.1631892633348997,0.050571963468331704,0.02986424458029946,0.01236419303524651,0.013255740009138206,-0.002559878313946329,3.010387813102973,-0.004154665880384767,-0.053831595680900346,1.313445044598371,1.7079617899601658
-0.0012603866849514311,0.003914511538777976,-0.007298379850022463,-4.001444534131416,-1.2665128776296832,0.01095218771235898,-0.00600049764639532,0.015743131424374945,4.642181060117977,-0.00767853795759188,0.02974597232259857,0.020144721081836403
4.017022355566394,0.007213928649683066,0.06311309791041175,0.008539515233195072,0.00475323729566135,0.01381607483560976,-3.251135326307491,0.00022639197925489185,-0.014694524861245117,-6.348050718547498,3.0405959367225535,-0.026940215179496185
0.003240227819593988,0.011760834355649896,-0.003177521078147394,0.0007207232897563642,-0.022055143246818842,-3.3804744906435076,0.03870429739635946,-0.006408537159458105,2.2145438890460625,0.0047071629478937504,-2.8802224134291095,0.002599201104008131
-0.022972565595172856,-0.00355819027050841,0.03789209519437847,1.8317809527834432,-0.007975386378683093,0.011676838999545188,0.002838356255997987,0.05134475475106364,0.004907219764392207,-0.024392441624641627,0.0014305035329369442,1.9703031440711647
-0.016485882390648576,-0.008978405256257482,-0.0011063014582184394,-0.00016965110312382702,0.018640641563367477,0.0076294092794680635,0.0013635772191601392,3.647978268440964,-0.0010837872276203697,-0.0007161252690054704,0.0032974518978430845,0.006635414682089249
-2.9077852818818766,0.005105773716819698,-0.0063356255552490534,-0.001517706402534208,-0.006210091014522348,-0.0034109142439946727,0.39190613653576734,0.0050953740900481215,0.016581859147153793,0.00596689082111268,-0.0014576149214275734,0.03902970315016224
0.00484456216381135,-0.02240419802805338,-0.011467892743491692,6.235064075365603,-0.026044761596879754,2.8854614690554072,-0.009694345222296619,0.025990888069123884,-0.013595447690713858,-0.05743612486068099,0.1353492843439419,0.0001888862693900928
0.007278450169257378,-0.04951058969184363,-5.249930349124806,-3.0642481799970085,-0.02173515173089971,-0.010918363559853206,-0.10440845716404235,-4.272176811542252,-5.5664052887678785,-0.04855388618277545,7.331709905218965,0.07597911366800703
-0.030579768979265676,-4.211474163034513,-0.0007399923099455363,-0.0028091329990085345,0.019661786944398546,0.6379901703410411,0.0021633145889478223,-0.016008797246929607,0.002016619825371711,-0.002816705151824972,-0.007358488739782149,-0.0183395078330717
0.01834823013638953,0.0022567855649402446,-5.220910769009805,0.0032403015383000167,0.0083006359195172,-0.01673510959716973,0.7161322188649812,-10.58358220314878,-0.014103968827434255,0.0033852032647727626,-1.3368144615965178,-1.0051135554799089
-0.002198402183138371,-0.0012144745107464522,-0.004494661386126548,-0.0007949872209306234,0.059881077707846814,-5.58749515858761e-05,0.0006745219758532289,-0.003996963527898223,0.003700367558688085,0.004093715343440429,0.0069799148099749485,2.8362826887493986
0.011559291807613614,0.0038887831322886868,-4.803094563026605,-1.740111975489583,0.060696969959806946,-0.003832070451919023,3.5184692999474763,-0.006833120211299448,-0.0023024452283424424,0.006362716250963629,-7.564167805226219,-0.008189973015262808
-0.04811863239644701,-0.277171298882654,-0.0004412487469299675,-0.005616843865699614,0.5249882367031289,0.0022222298129172067,-0.037417710724584594,-7.694689787153022,-2.6059484358220324,-4.608081729933036,-0.021213121378418312,0.00487014820042635
-0.0076034191961706285,0.0004799871911581712,-0.0021533833688595315,-0.0015374637728182428,-0.023644987198252084,0.006241467334043155,-0.005623748121838214,-0.005597128315548289,0.0070281661443504714,0.0021994020449080873,1.2074435322237091,0.00646712471014689
1.789124082024415,0.040735032707035046,-6.043802819176392,-0.022505598238309554,-0.024560700404892777,-0.1735977706796179,0.0685361090870864,-0.010044804065245216,0.09866954242643544,8.028267814688292,-0.006234058972420131,0.025341219125074255
-0.0010227229111030543,0.03324822192625912,-0.002390725935011391,-0.0007473518749361308,0.016469339443555386,-0.005440723256844415,0.004332917251925233,0.01155761975320746,-0.0021015739717523234,0.056505353086899524,-3.379826949085416,-0.6166395261339455
0.007821337065762426,4.804246864059387,-0.0062088644038306995,-0.25331527837911594,0.01752735106311419,0.007777911408112681,0.23419861420291166,0.0034838692418013295,-0.001012990340223549,-0.0009650951358857185,-0.0060083135134417,-0.014649255508081493
0.011733752194940994,-0.021597510037451695,0.019889705409282255,3.4217028273224344,0.03228519662730961,-0.001607926632059907,-0.01718342608454626,0.00450716296211786,-0.34260554122775844,-0.005301994817567948,0.010600343028941861,-0.0014619660658721362
-0.010733388238246266,0.0025163277202491785,-0.03267473628448975,-2.178622156060989,0.01905248778667407,0.007215797027825999,0.00278920133471533,0.0036984746128929814,-0.0002743075883596402,0.02909453411530629,0.0015818911825843385,-0.0068020497850900825
-0.01889224587634386,-0.014083676022316416,0.00027138026913459123,0.0125273484426488,-0.08212242800184322,0.06414979946603783,-0.008109638138620645,4.244783488145522,0.0020721546099443655,-0.02431118405537791,2.429683639610019,0.008716362218816887
0.4660515833676575,0.049262823038089376,0.01778217952686223,-0.00020484567845484997,-0.002913331665071822,0.0030641647320213475,0.009211148691181503,-0.006932819975137554,0.0014817898856601674,-4.050953833895738,0.0012058870063845761,-0.11678098650232566
-0.006608289488631347,-0.05472069757015863,0.005607551310550046,0.017079369155754587,0.0012825265764938656,2.703996659094935,-2.3039418770294446,-0.0028616971034007843,-0.03965498066305562,-0.027355743814607536,0.001471492955579301,-0.008925585556635057
0.016509980091350303,6.367738935181692,0.005948510387394794,0.012547423381929157,-0.02081971975448859,-0.008850115313832285,0.013912351830684396,-0.0034078960091865618,-0.0002927092298728746,-0.00891643898335115,-0.6047262361944566,-0.014825279388770651
0.010565743486412585,0.005983052229353311,-0.0013457985464068313,-0.0023222560843265175,0.02139153271701345,-0.005571430419021301,0.004944815997677832,-0.0007197790278357312,-0.0005738483174411696,0.0036414322221793496,-0.006451908990076507,-0.04920720627154586
-0.012832086449082292,-0.008292484935505717,-0.002507578869308802,-0.002852184179940752,-0.008611563217835103,3.3087653706983335,-0.00910862648037808,-0.0017152714665555294,-0.002380099385076745,-0.011943817434035822,-0.0010201810725660176,-0.0039229254052192755
-0.006663410130678548,-0.005217801242748427,3.3185614561004657,0.0066717536009546635,-0.0035429627275108044,0.004923169465031213,-0.002307997315138778,0.019792953505496924,-0.003779746356404945,-0.015714448672523473,0.0019055540925337188,0.005163940511708445
0.01824054907539885,0.0741603301963194,-0.8265876567722472,-0.11155083300618074,-0.001340351305815099,-0.5080236114149548,3.8925763834130436,-0.0023308820131371366,0.000941458075553854,0.07570380258537157,-0.07812507408980296,-5.833156317502247
0.0024462391754881373,0.0006761689747262778,-0.0007078252090479024,-0.0010492505178512366,0.01806674112932843,-0.001399926776061334,0.0028372628709454795,0.0008235725621936571,-0.0005228566250640049,0.00035069556997404495,-0.0013608136497839354,0.0033833825795806485
0.00453310120379069,0.00119891610405376,0.027837321517610203,0.047161567139470284,0.004570429043342483,2.569820910659317,-0.006121614514484397,0.003588380076867015,-4.253888789385897,-0.004367803774759205,0.016205551744979507,-0.05484501229307104
-0.003562720539981412,-0.24718085585073268,0.1116485100240272,1.583142062087763,0.041596306554581366,1.6720467890600457,-0.00016863032690972446,-0.008178930680162781,0.0009656985126309525,-3.944663026627744,0.019468662631819678,0.0031162252543437408
0.007318265916720579,-7.703036759578396,0.006995881528271908,0.07657909725421419,-0.011703959293839758,-0.0005779175020836913,-0.0029686826682844836,0.014218771263759367,-0.010446312515267175,-0.885062003588871,-0.0025528603828831667,-0.0013302718653358525
-0.01775107604720949,-1.4934610711140976,0.01550629711722884,3.1180832433219052,0.013430486623893977,0.014205439472373294,-0.08682726159666565,1.6132743155283045,-0.01001859338433353,-0.0039773069471907285,0.06299688343237442,0.010228401736070647
-0.026598769009540613,0.018137311364830877,1.8170959891819933,0.49779879099596513,-0.0032512881274760486,3.295411120027852,-0.008631881580620393,-0.004005700045288302,0.008705746191656427,0.02462046971819909,0.039131513996292444,-4.6338509897608855
-0.0003147915660708378,0.011068430905516902,-0.005308837736026195,-0.9116132255788614,0.08230711786011691,0.004392702686214278,0.2691146553005366,-0.4226838668427888,5.613653632271905,2.443582135529226,-3.9096990564895293,-5.003218383147356
0.0036376840922745513,-0.10455192592065066,0.24324062267294222,0.008270319730429347,0.05236169553650976,0.004975849277266943,-0.008218054417308746,2.6381861965367284,-0.024170387392043913,-0.033167053793537404,0.1034287866894843,0.02956507011859947
0.019963823280614496,-2.252182161745779,0.0048654052566007855,0.765296353967706,-0.0040649821545048065,-0.009105011131633645,-0.03831375241908208,-0.0012008841539534187,-1.0717669723761576,-0.01890351608353269,0.005431136006189691,0.003621749956622733
0.0302623424490297,-0.001762220080753496,0.017351595934736785,0.9117166848785381,-0.004605594526264606,-0.001647040790420537,0.009889525297819418,0.030676830874125316,-3.914673392300884,-0.013969471340615436,0.026504789827709208,0.007832921261337791
-0.106457107599265,-4.155258090393132,-0.0005486526512270412,0.032834037827632834,0.007377085215273673,0.021099986305071816,-0.114791640119664,0.012250304553692692,-0.0069724576725801145,0.0057979056924110095,0.21934122702673733,-0.005191408071859305
0.041739372160949584,0.01812087308275423,0.0049242582850234085,-0.0009995200544669312,0.03440992765285416,-5.355952604850893,0.0025566127323518595,0.0035169135178910946,-0.00925466719425827,0.001699550121125078,-0.02080688260002672,-0.030450348029808283
-0.012701530535197514,-0.005847597736111876,0.010146975879981923,2.8486441792159334,-0.012230479015608779,2.7279843943429753,0.05058685630738591,0.014998477788972064,0.023709089747840806,-0.0120169268187604,0.018495281836810706,0.05206637546111883
0.03363003893988614,0.0222112614861254,-0.00043131696057507884,-1.3266007445997277,0.008139444509833426,-1.2826296501003036,-0.041078251791806575,-0.13037877621860772,-0.005991831123486113,0.009020497606622851,-0.005219276153490382,-0.0142559403500296
-0.009148176519909776,0.023874780011369667,-0.00013870641362764835,0.002398599965978132,-0.015318454011422317,0.017764773815110768,-0.0034509015524948894,0.0038498929627451273,0.004103593888398732,3.597347084580207,6.751195679484603,-5.242282312160331
0.6362441112498507,0.05498515299667073,-0.008643181217567852,-0.0045414919573588675,0.002109328370541952,-0.02612424803311586,0.018044391020287764,-2.1512288107905277,0.0007757834847029743,0.04526540916346655,-3.0111392912118404,-0.14939199815075588
0.0024446507819356755,-0.0027468421676006827,0.04069357620132208,0.005546446087327961,0.00012789790228442954,0.003704477603252307,0.0068599342020856935,0.03297319518251107,-5.045251039158,-1.1099053693833802,0.0021885948978226377,0.0051001228951354505
-0.00677249384496581,-0.0016986575864011604,-0.009585557810816377,-0.0015550002849254868,4.647504148830097,0.015162955854070653,0.02242975381216669,0.014633422068725643,0.004294648114092683,0.0013386578962594,0.7552644210772302,0.011479657099725288
-0.002528301561638413,-0.004679317627117374,0.019805471884805304,1.9782767014585176,-0.022931326101189413,0.390142824305615,-0.017035527909782577,0.005455242423470754,0.0009250474347824167,-0.2624931534282673,0.06068462737014735,0.002774056894795398
-0.006038156204820844,-0.05461350340680049,6.538087363591629,0.3535961373143772,-9.781752656310868,0.011758628985418296,-0.05533614034237955,0.003295200509316226,-0.0080559338263399,-1.3441195992354658,0.016438466841255717,6.614595362135212e-05
-0.0035615835499026097,-0.008980639059300369,0.01807687825302335,0.7262381604780721,-5.333040391261177,0.0014835099167459344,-0.04428270098809656,0.019780370399072635,-0.012421098760222599,-0.015217554699253882,0.0011055253276280874,0.006017146907783063
-1.756779458809469,0.008900173519264167,7.220321894737848,-0.0129451385952285,-0.007481294035772532,0.007731878798864944,-0.002959788208400633,-0.0026328906673590557,4.576305796761393,0.00024180107952659347,-0.018882781061673952,-0.006681930898922911
0.022186598995645446,0.01853661420635374,0.37596125822459325,-0.005102275033559922,0.9201732463851356,-0.019892418534948136,0.0006944901229810141,-0.007106811173283073,-2.971781240217325,0.012568491426274642,-0.024205492424294844,-0.08147295075388206
0.009329358815998334,0.00547614805714014,1.295303826805906,0.007808662077052206,0.004526928604512703,-0.0021969756079858113,-0.0042658620893520904,0.004473120403253206,-0.33443605898040474,-4.510102223820102,-0.006291722254519794,-0.06078362636750617
0.01136878135956132,0.021500697535326907,-0.003140909512360013,-2.389902039939198,-0.021005825421022417,-3.2591376263797343,0.013871695550701113,-0.00926641694102981,0.456031732672896,0.004199757157964168,0.0046548851880550135,0.030898088552391734
-0.037551595700952345,-0.012959954376571714,-0.06603990381653047,2.906284190622513e-05,-10.789519717509034,2.649731183014979,-0.007907864926138042,0.0051319531029138145,-0.0006710284418476598,0.0009629816378272944,0.027916850075990096,0.003229341935241277
4.1418906747096464,0.01214641240873332,-0.008935588289799457,-0.01107075046484346,-0.15156376971971797,-0.04857862015942516,0.001087018900658654,-1.532064998620502,0.016298809890247956,0.010011707355178368,0.001948697354664991,0.016177882588183923
-0.02526740415016516,-0.022992025965376965,0.010319873259771895,0.00921627041378384,0.03591862325365648,0.039210908025544416,0.0003450471760104504,0.04283017559723609,-0.001633000541085436,-0.007256251953392488,0.8111902019486485,0.21675524984190253
0.02760022133654949,0.06052083682178033,-0.0010598724436648999,-0.056460166769984,0.008430887156596185,-0.002111584694113766,4.716134200328458,-0.012256619718436168,0.0045541855168477335,0.004586678834385349,-6.068655111071237,-2.1955455999008393
-0.002025181764390843,0.001126037568640166,0.01483859991422966,-4.403227684224298e-05,0.11781447067950421,-0.0020521276833622704,-0.007855597823341973,0.026797075208958576,-3.376265472208469,-0.0004401672891338193,-5.425186230021561,0.002769361970881401
0.004225295185189548,2.502345092415027,-0.12750198930489454,-0.031082420366732588,-0.02352333662989034,-0.014112252731211195,0.02166274489150566,-0.01582364303566275,0.023887022539168523,6.609679110335236,-0.018257708116035554,-0.0012449420765801023
-0.4846513044648221,0.0005726457644101004,-0.09632795953560475,-0.0007183998232131155,-0.03309076804909444,0.008062754016664533,0.0037738044489887164,6.789878755820641e-05,0.036457891855805426,0.005635962148705947,0.02727613527256694,0.0067625857053648444
-0.009384828232835374,-0.009632537898904503,0.8519254612520468,0.10514721589155679,0.00046042534864308704,1.6508837650252661,-0.0026226823341651273,0.008996277820187477,0.0004489495598179599,-0.011531176373537844,0.01969991673215915,0.006978621713471602
0.003019577541533225,0.005589184893095872,0.003369475744314789,-0.007074768077187557,0.005050086956279901,-0.035274649887223675,-0.009333312143319523,0.004212051055679122,-2.3787983744674115,0.003597627440247164,-0.038264046266681465,0.0023513410895666387
1.409767842731128,0.004731224043816873,-0.0012583653557357577,-1.334332844219892,0.14582423298086278,-2.0760246337899346,0.00046099173713332053,-0.010753784598539332,-0.00726506716028219,0.005442218365095772,-0.01261769577643923,-0.009289605813897817
-0.6483764840092796,-0.010330474248589239,5.551250936934224,0.029413413466144123,-0.23275662080363158,0.002547156551608365,-0.01593073310102211,0.962956974214487,0.0006416561720614666,-2.17503078206294,5.4648904925014286e-05,0.02146877911994788
0.002432431311386374,0.011226000126772329,-0.012134430416006259,-0.025306647397951076,-0.003910128541287139,-4.157850245909614,0.009139919452910705,-0.004735794635403412,3.7628866286648304,0.00803773117755946,-0.007829086595692702,0.004832385311988319
-0.0016843743247289544,0.0058780524411676804,-0.041388969061883385,-0.010016761432101322,-0.0017996177628988377,-0.0018355468254710045,-0.001965158126924327,-4.8530588354125115,-0.001692171922495711,1.5515686827038366,-0.005840020916616617,-0.04296256288737368
-0.0010678068976946926,-7.846407242012837e-06,0.00758956957054239,0.011466051572052216,-12.132154288595851,0.0017426555052441825,-1.460557204300539,0.0019282657058184993,-0.013735988730208554,-0.0013078593269489694,-0.00038295482394256264,-0.03459833584675559
-0.09269744070962119,-4.859822553843028,0.003789029048570945,-0.0023775114979625034,0.0019270547632402567,0.0070879732154280894,0.007142231585570119,0.3466413490944724,0.0017261294231196642,-0.020367612788132705,-0.007505301609464804,0.2364296731849036
-0.0027395234793156087,0.002184801846207479,-2.595193455097675,-0.005727569413845654,-0.025760576263251407,-0.0514587521582808,-0.011042370988016498,-1.6327978759052098,0.019206680935495102,0.06598597868826217,-0.0015281415376432739,0.06765899227522454
-0.004236294873527502,-0.03706549427320427,-0.009828584360940695,0.015014775478121634,-0.00462366165569587,1.3088192554233087,-0.014995295261226116,0.014702631899117295,-0.1145889834215188,-3.545482709779881,0.01677159558230401,-0.008828044844447604
-3.3022315351377998,-2.168760037811552,0.027210917036093463,1.4845530910159113,-0.004000082914612568,0.9810503675862918,-0.0018610183748495324,0.010818185445904405,0.0062333868495556555,-3.986029030640111,0.020185819449396902,0.039572223897326175
-0.010935399884365217,-2.0485634301146716,-0.014228167692783804,-0.004110969805827591,0.011837286198762424,0.01215309267075293,-0.03853031263784365,-0.017996881540102816,-0.004006732006576169,0.006062551552989959,2.3272453212340456,-0.009201575736569545
-0.001324507003732545,4.547165812783188,0.003842646419104697,-0.009324375386061234,0.017384902965792537,-0.015365987059360098,-7.2468403910543495,0.004362407298046933,-0.0036132780367765516,0.025212659597381393,-3.929187741306416,0.0018123032488112645
-0.004960696035252354,-0.009937302107310758,-0.012359906645397397,0.002342623004321351,0.005917726252471166,0.007451940533822421,0.0005694291025864972,0.00013246528792365542,-2.9526416218961655,-0.005827904597262845,0.0012179142337295544,-0.010370974179110842
-0.008301602947729353,-0.010048746330011016,-2.5361089288211147,0.007326625043549077,-0.0009759999767595135,0.005839233586783239,-0.0023511020231568717,0.007721685426277949,-0.00570414192487099,-0.0032335037532035815,0.0057046308208528644,0.0013423494173431423
0.004501419524823861,0.002788087214873086,-0.004420181071419664,0.0012701944520302488,0.01792260429147593,-0.0264703697546671,0.03422370562875868,0.006058318583266775,-0.000949107985756488,0.007935720717243688,-4.946004803641281,0.0011100722195709345
0.04503097678992418,0.026646599764172496,0.005520359534413766,-0.010924606030573214,-0.004871076911545036,-8.86102422221353,0.04365869133082981,-0.09150663042619289,1.7620386131770545,-0.003969084006743451,-2.3082850124556273,-0.0021342597366971194
-0.00376821513889547,6.975289533553166,0.006196923111986941,-2.0088857061661543,0.07655117317627258,-1.9292571030016887,-2.0686392852404367,0.011514597828289008,-0.025673464609394236,0.03468746500580888,-0.38785843555336186,-0.006947701969806985
-0.0054282710472593615,-0.008442715874534906,0.0020832662972913585,0.3881098661682909,-0.008246879547435207,-0.00490438017115008,0.001219097809201028,0.00022677516414942867,0.003972968561826606,0.003327707147525061,3.045488206090255,0.019891970595961095
-0.0022723044730869617,-0.001975715415047703,0.0025280574541493824,0.0021600822602487915,-0.002433470729262673,0.0017205143358409187,-0.005594907646468762,0.002230966803273535,-0.002224590252694478,-0.0014619460112430963,0.002925075671186229,0.0024174201332680576
-0.00807444846524119,-0.00023351582279482197,-0.017079937856645827,-1.166614466348286,-0.019242184445339282,0.004078607027266089,0.0017599972124746621,-0.009306404048531572,0.35163486155076207,-0.0012421672727042261,0.002392651372010307,0.014495035891681426
0.006900909866360785,-0.0011038047731251194,-0.002290858223598981,-0.002908085580068609,-0.01509692710835436,-0.00041770265019969166,-1.7998613241933095,0.0007967880277814365,-0.005004113784326815,-0.00482217398112772,3.7166200034759447,-0.00030840970628159825
-3.4918150434957695,-0.008943345551769899,-0.006846968819306354,-0.007953002020541833,0.012755121928638508,0.0200671833827486,0.007111191177952947,2.663894331724684,0.0033166988994950963,0.0004294534274782158,0.5070170980388262,0.06583690923745911
0.0008897883304953003,-0.015467572739372826,-0.0020149397312095307,0.004902886079352742,0.0031609159047148866,0.012987277953518728,0.013381930290483401,1.8858597445784753,-0.001241749127802394,-0.015600830174071212,3.6306149054924504,5.884986159682043
-0.007080557407926957,-0.6424845638980967,0.00547648273421146,0.4529289652519086,0.00853112922261992,0.015875766078845333,-4.256851662341802,0.04999428685713392,-0.37070828138014433,-0.01348968966989339,0.026072334249267304,0.0035834388756964958
0.021272827073377683,-0.00221190820054272,-0.0005121203523656553,-0.0013195815855612247,0.004418312787450988,-0.0017211617454030437,0.014307094694603173,-0.0028410981177386385,-0.001834695378643409,-0.004246249196981855,-3.414733399484354,-0.004332741829525116
0.07490116408728742,0.0023807357779142,-0.002840709068099967,-0.002600459974181346,-0.0070746347138390675,-4.633074941147953,2.6376807390518664,0.006903047585395172,-0.004485968034795507,-0.014862853776172025,-6.720588472522621,0.006091628243551028
-2.127017664368221,0.011857742020286818,0.0024763489304714115,-0.004261881697833982,0.02295335085148261,0.0008939410031055563,0.012370955530463357,-0.007661433205276036,0.01045041302591973,2.146024309534,-0.018000335075852886,-0.014201691355513088
-0.02341171530341496,-0.018169390268289898,0.0019025119376130106,1.3081451655312124,-0.06352211234003106,0.07183850837370154,-1.7275929928852776,0.05534978021203496,-0.0024085633401406126,-0.08335095922466895,0.01823781194353047,0.0057391301551073795
-2.679012733049401,-0.005830932265379507,0.0006349158288454504,0.0040958990343516605,-0.012000166739171744,1.3496379423575124,0.0021769960108517783,-0.007313999730392012,0.01734818870471655,-0.004715049408453194,0.011981540098791599,0.0030614133695747447
0.12034316822411917,-0.007852959145759009,0.04209121354401679,3.4721150000886984,0.12040326280490235,0.01667634181789296,0.007091539500881261,-0.01509983433437289,-0.009859705575090194,-2.235215699982655,0.017757277629395052,-2.006251938094786
3.7447437756765893,-0.0064833084521844775,0.05831219016624112,-0.00612628885516639,0.01015915589372815,-0.0034493537777006977,-0.008123971505257122,-0.0062217362918973035,0.0006909712790769684,-4.6339936051120905,0.006741391224592441,0.02567356213924031
-0.008374547985201078,-0.009358542266190815,0.004639360592779548,0.00610077728940725,0.0022310748577631092,0.008067957379494166,-0.05159356009802689,0.012678642888396274,-0.01648726103223496,-0.006533023508839619,0.013221439692281522,0.004643922066687946
-2.913412117826163,0.007800497048356855,-0.008621455816326694,-0.0021180230140203996,0.0009463720554894274,0.005418522001975547,0.01025378927034074,-0.0003883298239507893,3.443554728826608,0.010978011862276135,-0.0005324438319551424,-0.008084870753447545
-0.005203678942539713,0.0015833334319870088,-0.007066434697497865,-0.004532399388588612,0.0003458873937441644,-0.0018545167863626283,2.9725410321095325,-0.00327851524775688,0.02398308292293483,0.004864693842401166,-0.004550094035329525,0.005601122728059606
-0.01106668956716722,-0.012486126124819807,0.009387602780760645,2.210249820726468,-0.013175983205304179,0.0029746227454234796,-0.027375087055794278,0.016076582737023698,-0.0007288597759230186,-0.007989533115175418,0.014550317284456438,1.6969007937101945
-7.070822435367198,-0.011104608313340127,0.007181994403261931,0.03321062782137196,-0.0021115004132131014,0.005147432090106152,-0.009726989101736229,0.020911074936610707,-0.0042152206712700625,-0.004555287695920784,0.8923719363325437,0.04247850604968728
0.009574458205120484,0.006721406664762425,0.007210593992522371,-0.0020780176482951274,0.5768221448452424,-0.011296886447627608,-0.0018128956597059653,-1.2422634297287374,-0.001544740288596469,0.0044580419061992504,-2.319121790157187,-0.010934093090025243
0.06297959238925319,2.129262485544821,0.0013700326271546513,-0.08196126141172622,0.016072260551704316,-0.15841683213237845,0.001724005135336118,-0.0035113334360026283,-0.003715457290271982,0.004498456663331818,-0.03211853374893148,-0.007722038069102849
-0.010493076167612636,-0.003516700654385252,0.000493937767491015,0.0009388015411170725,0.002705208193240471,3.4006131325458924,0.013534441040471967,1.5518860952886433,-0.0013077106071330835,-0.008169444737571873,-0.008433773128067368,-0.00031443677480236243
-0.024661800872827544,-0.013166643481324236,1.424830914743488,2.4368489500057766,-0.00785307027459431,0.00618553803397528,-0.006391892235033336,0.003914735292408877,0.003745319519106588,-0.008855971823042444,0.0035743268146422036,0.015016507273956606
-0.01636273274401212,-0.03479222671859983,0.01631844521877779,0.056832795801697644,-0.0036378615169449305,5.7263111636834125,-3.3984084330420217,0.06677712265435609,-0.01014196315267546,-0.018447959728950525,0.01391470912798809,0.014674011517023869
-0.0017842155268757987,1.6398831643003149,-0.024685691762182937,-0.43520048886711393,-0.005632446841156283,-2.1363635049951384,0.03190805624957538,-0.008960464965822701,0.9181344958038391,0.08565584440356622,-0.019444488450641062,0.0045931111090882215
-0.0006935682083425432,-0.00802278024038472,-0.021996179770786828,0.005688535550142357,-0.0015238657037195645,0.013209121922848658,0.20809226303328288,3.3648809227774623,-0.0008488685342207258,-4.628097759077416,-0.0013754681393387536,-0.005999431172176884
0.0013491267065467976,0.0064443918668585475,-0.02621944451249157,-0.02950978748889921,-0.002721258280338976,-0.0030089406495321935,4.71492090693246,-0.006197577093658563,0.005356973025193147,0.0035181924192395075,-0.011358480490807125,-0.005212347487801097
1.7559282095321338,-0.0010721658517550614,0.007764203701397054,0.00037041126667221314,0.01949554641027746,0.0023621472880478167,-0.006745836794464249,0.004215695276957629,-0.37674923590400805,-0.006985840006493715,-0.006515097732855581,-0.08644076737775375
0.8155464359103135,0.04711106689979161,-0.5205709026261687,-0.015250311321965637,-0.24216319098468864,-1.3535237234795474,0.027060649944722126,-2.002047460306855,0.7225891212939501,6.884741935659093,-0.0034456171048464768,0.002963016846930025
0.0013135015877118676,0.004957802219562133,-0.0022789570372417816,-0.004991322653617208,-0.005252748052206464,-0.0016815885809038297,0.009581047346107477,-0.020345737947609868,0.8642755779783176,0.0031944984582451055,-0.0037625882089003145,-0.0033834432643289735
0.0008738950891792364,0.012666450428566265,-0.004216638155803833,-0.023730358049833533,-0.041855163823575146,-0.003357034721953839,-0.002670472435576848,-0.0010884821890188023,3.074198130573529,0.003476185418944594,-0.005257963690282112,0.001631257304696758
-0.0013544250572410932,0.0020648916846360277,-0.0020059206514502353,-0.0020099068015063245,-0.0009209367193792253,-0.0034186812653197625,-0.01652463177278163,2.855517715035673,-0.00882770058102672,0.0025809970535177976,-0.0029754376782037406,-0.0016214243502004526
2.315306312100077,0.010668987107512296,0.016474321106235035,-3.310913012058247,0.035746429277997094,-0.19633483683641373,-0.0010117780772301854,-0.0006822018358380588,-0.0056524301645435315,0.002024268920676406,-0.01774981682967236,0.0023462591587346537
-4.480802391452858,0.009836563813375429,-0.004933419600478096,0.11450380482623457,-0.001313689109866947,0.06132987176019866,0.036166544988415594,0.003973852265423572,2.2745916302715146,0.18097669760472823,0.012309232857034842,-0.0064648171372771596
0.0004997831879628538,2.176446821764421,-1.5555649134754181,-0.06057958397011287,-0.015311290025408123,-0.0012564243693903854,0.004867415121125537,-0.004603113457807673,0.0014963313941062893,0.004621695552693206,-0.13610216938242192,-0.09671266721144844
0.004231497740996182,0.007019145043645869,-0.004840170367773733,0.00359202470644171,5.340418978083775,-0.023746565877373227,0.015723816789032896,0.01236440793993343,-1.9420449981452848,5.110793121037034,-1.3936767285558957,-0.04836066361221081
-0.0045731709588362245,0.00395611892306804,-0.014644208457350115,-0.0014043574004342016,-0.0037605161325766526,0.000926993743319969,0.025742931777152846,0.004735164784421306,1.9501950407267508,0.008556362171562915,-0.0005717450805076568,-0.0009170132428686258
-0.46861176472054566,-4.998698001305129,-0.011820360252961098,0.004852049848862894,-0.017077017604909362,0.25237716050700243,-0.019222732782861546,0.09438980117075779,-4.258251514499841,-0.011160217661921656,1.735301661114521,-0.004191711415749033
-0.02567185233057101,-0.023650953333545388,-0.017411117135607723,3.4315874819615217,-0.13013563809967416,0.0004677563605745283,-5.286712040254258,0.015911672902738483,-0.12586462414666144,-4.168679272323359,-0.0146436383945594,-0.01001033906870169
-1.5424397068393674,-0.013394645087948076,-0.001449976302032474,0.011963709715230253,-0.01753814533518111,0.010865139833371784,-0.007545945553514066,7.861248629881267,0.006938865200576627,-0.001452920394649615,0.4109351127401908,2.5889915861363093
0.003988918349630895,0.0013094526344430407,0.008953259839961121,0.002944329792105836,0.0139140193907103,-0.0002601748893956618,-0.002471231854938801,0.004350537902320103,-0.004693527669984338,0.0006227587472008049,0.0011462940294127873,-1.9215719419883748
2.7303242752903714,0.0049532732823074355,-6.382130680579081,-0.024671846301022704,0.010667463470843908,-0.017654706030757694,0.012572889416837985,-0.19655610750573427,0.00658935689349871,9.605074988839903,-0.004188446901812304,8.015740913758229e-05
2.661864491078113,0.04441590923618044,-0.01723150238909732,-2.440869543108736,0.004705361898662774,-0.05270880009003265,0.013419203820790093,-0.009198083155934872,0.000468996840546132,0.03095635554816899,-0.018465496717506524,-0.029534395633484922
-1.4314190296300149,-5.421492413966341,3.9295955031080556,0.00754572555834887,-0.018764794997641353,0.0417424998168503,-0.021465957382062563,-0.0036574397424502525,0.011401240793587175,-0.07385080790226972,0.01909937853118905,0.038160645034962526
0.061812995279076986,0.0240566119168181,0.056325985530998185,0.0001957477598026891,0.004746864674474934,-0.020212204287392455,-0.034739012552942566,-0.007852851496271906,-0.004810662849761824,-0.0015073577783056291,-4.924889858095906,-0.01998594947232546
0.0056959780078782996,0.0005217855152189754,-0.0010830769279099595,-0.001962910744916363,0.045850627802673814,-0.0018365777939398473,0.0024340406924582628,-0.005340193136875558,-7.654908799392332e-05,0.00047178705219856534,-0.004045503590657036,-5.547179162825274
-0.034563950513647246,-0.0083853594489538,0.02198898824631046,0.011227977597751501,0.008525115932908068,4.025852162744707,-0.009488673031273764,0.13826625532025089,-0.03561833891570387,-3.640044027159351,-0.01047640604917821,-0.005868855982081915
0.00025556099466550464,-0.009388438632559115,0.1842865946134289,0.032158485869917264,0.09498568101547933,5.887852783051045,-0.0037880333024651325,0.04045192856146085,-0.7762653147539673,-0.014524802598767761,-0.011539404449429469,-0.018204994154241122
0.002476877204120098,0.007827784626860918,0.008310339695165727,0.0015257718832160094,3.0530417949741495,-0.10180158761227254,-0.004838357020746231,-0.00016545954248996242,-0.004571739935923164,0.014273739994997425,-1.1235780117855105,-0.04715326652584542
-0.004510342220001554,-0.014367323128410506,0.002187630909950747,0.09427669684546985,-0.00675352390894731,0.01996259537390313,-1.0173599840799712,0.005707854204404915,-0.22414622598479164,-0.011391279819724272,0.01280922904084267,-0.010419038613968685
0.007028196006890058,0.013776994038345536,0.004268239145829217,0.008093802725620547,-1.195596159541516,0.040502259412422914,4.559025166168631,-0.0012024807769573653,0.009703574437744888,-2.5737452083230927,3.080496642030333,-0.011773153179405749
-0.025462597169337187,-0.30686854517393414,0.000698352550589254,6.840359129692544,0.0002769182755315569,0.022832323731557885,-0.2855092507837327,-0.0012236565154691847,-4.330093081677305,-0.01086349749813087,0.01575964640145644,0.0013738556903599708
5.65495231530079,-0.0025042017003168437,-0.005967625765378626,-0.0037828861628623756,0.005656764468329037,0.010231955942882065,0.022669380052443067,-4.115208177170132,1.9333942918428875,0.0006233281089038645,0.020307166676167165,0.010785623274901533
1.8341644704904905,0.014682906315469757,0.0007142455325206132,0.0026660408745829978,-0.08144944137778626,-2.3522726535937153,-3.1595626230868668,-0.02300306587178702,6.3221775101068856e-06,0.0021222492358045006,-0.0010902806819108324,-0.011901680811128135
-0.013879908838400512,-0.0445326069612868,0.05268632988171085,5.629927738592254,-0.00729560126363079,0.32746929123698765,-0.03164120921222624,-0.0005183724138638421,0.005216279291078707,-0.18812226746920963,0.18103896055853852,0.027898740339177053
-0.0018671749883387712,-0.005509814757168829,0.00743114391824673,1.6492903857410113,-0.00830097644096403,-10.099053596622696,-0.0002829709223660104,-1.6483127856986641,3.514672445353753,0.002985389823802087,6.327803781629797,0.010887676781701328
0.0008366045144755918,0.010303238198467457,-0.008597002257376668,-1.6233011382840958,0.003978693961214714,-0.11404547844125257,0.006429316180794453,-0.03960862222774668,0.005401050592879791,0.18014482150373223,-0.19699783246503344,0.00016322678548611608
0.013048253929065834,0.005815505829455558,0.041551758025852426,0.005064258316762623,0.0044614053787947125,-4.241515473826487,-0.07922305438883259,0.0029982682023345,-0.011959912370476944,-0.007260192616810353,-0.012388436207294573,-0.008284599203769465
0.0003469728258856247,0.0025517666230453206,-0.0142110630037518,-0.9094511176265325,-0.000886976117294061,-0.0048938351525877905,0.0029900581247037927,-0.10673620485104984,0.41652101198653746,0.011833627776755243,0.0019648824402294374,0.03726225444537894
0.004021438191535082,2.399054544777158,0.0007004047349186138,0.001074807435769043,-2.988114649874589,-0.01586946288704638,-0.025520899612263226,-0.01307645454685813,-0.006819915212073591,4.7719384629366886,-0.02709362573418317,-0.06013728436772903
-0.00036189609884951235,-0.009056911498255493,0.02034411318663132,0.01367524417366317,-0.0072321746617712845,0.0050216153313784595,12.111372273537825,-2.9009304647782983,0.005629918605021267,-0.011763805438257391,-6.791618338993615,-0.0012710206880048869
-0.003586159865776018,-4.120807472094885,-0.018619023254737212,0.004549200406735787,0.008971706174186914,0.0023046234792784004,0.021845118414615554,-0.0015986219590060635,0.0012999378737055187,0.009520638665425962,0.003245499584246415,-0.0037079123390267865
0.003759879578132286,-0.005856650902042453,0.00023220155460957487,0.0034165772977722275,-0.009674458154490077,0.0044393590082329945,-0.0019059765969686657,0.01704374834420319,-2.18238413848126,-0.2880697438588018,0.010612393474816434,0.0067764119493761935
0.03282821337554909,-0.0009681299527632969,0.013050306092288966,0.010458140049688348,7.03039370577667,-5.3276312099236804,-0.0004072998689637619,-0.18148382315855244,-0.00586795900873871,-0.0046767066781411674,-0.21955767833267714,-0.04082295357974958
-0.050547448783672566,-0.028458865503999675,-0.00176271246959947,4.687397174691479,0.32046353977496517,-0.0005512108079834925,0.105366032277872,-0.060047939838736214,0.02141458696949705,0.03184308134313106,-0.009109807984454377,0.007241746115738919
0.009387113029755978,-2.1295913106475837,0.0035857561553641615,0.25190568449243145,-0.003995276034793584,-0.0005450233050507958,-0.019013816557010843,4.866553752637927,-0.05665248020489422,-0.03468815093806921,0.004715423261807294,-0.003766520440394272
-0.005087559191501633,0.001809884486264267,-0.011787405428885532,-0.0023448961224876164,-0.0030242964183804463,-0.001991583634723987,0.0028484611616022724,0.003936856137225331,2.8745546817440832,0.010231825930965555,-0.0010603004770843635,0.011099157631086647
-0.01876098714805552,-0.007828603938195733,0.0024203461473364385,-0.012800397767417232,-7.2653743225057,4.360664412369781,-0.013987162323483182,-0.014787303811200442,1.3989715334519914,-0.00539452647481059,0.018397770065135766,0.34254473734876456
-2.4949584642585094,-2.3094508887940925,-0.0026316351767211726,0.014244291017726507,0.00034315868621905693,0.61115489236267,0.009363115308376913,0.008341422718778135,0.0012462347335324142,-0.004828663378789733,0.013559411946012595,0.004956813035126573
-1.232918128785121e-05,0.03155567340676879,0.0021860484431902305,-1.9618887927856532,0.006482165642054918,-0.0031427541000839387,-0.003115544419101557,-0.304301999776389,0.0007586968858150356,0.011822933530341688,-0.10275156395396978,-0.022191346269781156
0.006332018140534079,0.0008512563882846491,-0.03633278765299197,-0.030719781490286202,0.02938863264857655,-2.353801131077418,-0.004119069461370809,0.004783473248777037,-1.3238613338502851,0.019468617003576494,-3.9975419052616843,-0.02934751035230354
2.245729143295879,5.591503242066665,-0.005151654348281132,-1.9991562570263568,-0.003003862765937809,-0.03958253408730972,-0.004645250338986662,-0.0023533719867075975,-0.00814154373733067,0.000939832749559999,-0.01769203924255014,-0.011528574885230736
0.020417646951911794,0.8056863716131019,-0.012067997579874354,-0.08948445321050214,-0.8418505717826812,-0.0270638535420977,0.0035167697993533018,-0.005219317238000155,0.005402430836126665,0.01018249862855218,-0.005463874690312141,3.642441972684374e-05
-0.00975083036982749,0.004581430569403189,0.00871423982029973,0.006655768396060635,-5.064770054875261,-5.967869677555804,0.0039075808044142235,0.007166375219551435,4.275518928612833,6.647437373652476e-05,-0.007847125079044837,0.015742138536957995
-0.01568765561401117,0.0017848557750156369,0.008397096575665786,5.3792930201940194,-0.004247130054248177,0.0009026211372716586,1.3201189998462866,0.014465325423386632,0.01238778179185468,0.0023350445331142,-2.752904189857084,0.01052237589576302
-0.0017270305540385555,-0.1330751723267145,-0.0032282991504032355,1.2331901145179902,-0.004783498570981967,0.004567121598078122,-1.8651013269677037,0.009197786819122172,-0.4962014530917571,-3.4044820961336697,0.00753293287955159,-0.001474069650580473
0.00610341451716459,-0.001569386430302716,0.004055569542966327,0.00472244065973188,-0.01275365541016545,-0.001955899343354694,-0.00223530475480066,-0.007036858100068068,0.00016214421530474227,-0.0018171974099942022,-0.0011219126874092294,-7.8240116590176845
0.024628143178768942,-4.305606062006366,0.007616959469622795,0.021059092712786054,0.009849008248830603,-0.002015282450092859,-0.002305553203601136,-0.004614189973565663,-1.0111882089341586,-0.03274357111930826,-0.006588455049740462,-0.02817163251033372
-0.011804074837335244,4.976594416874141,-6.532022222128061,-0.029974197998513752,-0.22340607821284278,-0.011574460075743698,0.006270002197465085,-0.013887648564018251,0.18161293380088755,0.014434021245111506,-0.0015589406562260405,0.03777830720351327
-0.007853372453019425,-0.004210872870734406,-0.005240662250904249,-0.019140427555346617,2.491002437492313,13.78513678519569,0.01359622564335572,0.0683520875768786,-0.06293891466463375,-0.0023314947388922147,-0.08938202810972129,-9.531783554942638
-0.011564434533048451,-0.008214488560338462,-0.004822789284660262,0.003912617091348349,-6.06332105856796,3.438611934739051,0.004057055059826731,-0.0015714067622339865,0.004237118136482199,-0.002792766130827827,0.006451290007635557,0.003703766152144794
0.002837090816733223,8.490318329862689,0.005389730364322713,0.03606830029038832,0.020451038188799786,0.5238300330677035,0.05372656994983077,0.13482381599380489,-0.005421371068139169,-0.004953356302448864,0.01736765705927157,-1.3870487959157813
-7.0578089127916375,-0.008042706826062646,-0.0037670593405524366,0.0429476448773769,-0.04108081401291394,0.008760435368541208,0.010479060928435216,0.016362776893765196,0.00016375151448539543,-0.0031226925705656883,0.02571826308703104,0.00908958639526014
-0.009010240660171481,-9.668929324899139,0.010521508569667742,0.5129208126681633,-0.012049500806768892,0.007965755936339969,6.208649147024973,-0.0017612311504406897,0.03623811370604807,-0.006119575896516238,0.014770035811560334,0.03166776480211975
4.004265331417067e-05,0.3148930720376626,0.013014382254477819,-0.0020645434482832598,-0.005464398556739459,-0.03036227934613378,-0.007751720871677192,0.002918911739813339,0.005780957145747001,4.073200483242653,-0.006353702579660947,8.649055007854184
2.7594894854386993,-0.0036811930581941432,0.688561016601879,0.01187916515572765,-0.005741517436440274,-0.0077255716974634625,-0.03905369788281099,0.001984013124138456,-0.01066687624593654,-4.942879539698264,0.007795265891652636,0.005592443867831032
1.624321156612714,0.015510965612896332,-0.011327509212402831,-0.03932372124036698,0.014130179007416921,-0.07729906234921935,0.019773042229213944,-0.028358341377523855,-0.0004849576807365308,2.251999375199036,-0.01870405620634108,-0.023403065966925318
0.00645580123636591,-0.017264393367377506,0.004952404516748388,-0.0008425511463621208,0.5860444004842036,3.829079424183324,-0.005286882395426851,-0.0033082051121299597,-0.200230412093521,-0.14590822175537277,-0.01584877084883518,-0.0267336331588658
-2.6843906989684374,-0.009185279624488495,-0.00026033030343852303,-0.00878390709589763,0.027652936315347938,0.002515783545222916,-0.016743657834993743,-0.0013512854619019965,-0.0031500679474053724,-0.003293002713248741,-0.00030191616586837736,0.04048275388192957
-0.009334338939582215,0.018761638199651376,-0.09297344547464803,-0.3991759155003791,-0.007133288692998174,-0.00025554393269255904,0.016519277901258067,-1.796632576805564,0.07162280137270516,0.04481269553563516,-4.693896285571391,-0.0033182271813902986
0.008370005283753743,0.010448751594248074,-0.710416756905758,-0.01601995496132165,-0.011123846050834857,-0.020176998740734253,0.0529689100066002,-0.9969025884425813,0.012677087632236794,0.007878415715631505,-0.19336673893821454,-0.0020111891082276803
-0.02773711872965645,0.010517280324368272,-0.006695316202779411,9.817347462845106,-0.00885452248104282,0.034535577444605114,-0.016181774846090846,0.09044389911650708,0.0023549536697966555,3.497900188923852,0.747094044695956,-0.027308778919427068
-0.05274175632725131,-0.0404619646524374,-0.0007236279608570512,0.7784194051905785,-0.005515799864729635,0.018358524499714753,0.0011872841517390625,0.011661826824123197,-0.0001405758388524636,-0.004314826558355957,0.008978409925980882,0.0057989539082397195
4.391935667361956,0.2618630600723564,0.007694727013662514,0.00023358557295849458,-0.018794933435705152,-0.40476396492313427,-0.0710001883319051,0.0011940334475706305,-2.7170952554089745,0.0021053788111879967,-3.6150737773521477,-0.07112260625229183
-0.009960761280821268,-0.0005068692352865056,-0.004601266319417124,-0.0018327111361327274,-0.01898013008887072,0.0600853006802614,-0.07554143295374072,-2.32241442583673,0.005157621864523926,0.001504817883851495,0.022609421925681217,-0.007273460878057846
-0.025760401782725206,-4.583223207647393,-0.010826888182469574,7.656026522219122,7.392603843574946,0.027461088038712944,-0.05527345836114783,-0.0067865965562771136,-0.011684616157848993,0.014888197791430358,3.0209955108569773,-1.1334179814767253
-0.03233860961311495,-0.015162948247166255,-0.004309647863740265,0.007284550087312325,-0.0049761943938894,0.017337051957066807,0.002523526524081613,0.01458115125033288,-4.3211931697664796e-05,-0.0010251750408389326,3.743255354497586,0.005787022951429299
-0.17316410407094115,-0.003325437048673257,0.0073227909223754824,0.002148936381791499,-0.04852601316040851,0.005795696782871517,-0.008499809245480333,0.004045783596496377,-0.0007441260300389582,-0.005428676406797812,0.0022864726366465552,0.026924366787289072
-0.0060944211820556015,1.1823620284444827,-0.02970686022181139,-0.012794309019747652,-0.01254290942190846,-0.004059716131550761,1.0982168930867835,0.0007341654260485109,0.017873133434009404,0.037357845886399454,-0.02727401859703365,-0.003429643283266115
-0.000590811174350947,-0.01306872101645462,-0.00012897292889846312,4.357506514173622,-0.015157110910694938,0.007459939373127167,-0.050886996195114165,0.00854095355811807,-0.013513971985106288,-0.014185264443203643,4.478750426371022,-0.0034518947890447294
-0.05661836617204913,-0.004654798384645817,-0.009550058072093824,0.013796993091005114,0.01046500588735133,1.9145795685272629,0.02289299391165997,0.006379130977439626,4.02548443977563,0.07507817801300765,0.030866048691648135,-0.0033808493958422045
0.014165730408908228,0.04282082576889934,0.0008329128264606758,-0.013795132445654626,0.0158910185787185,-1.4114949641500303,0.0037481856863849777,0.0015304832050703618,-0.002057365819210989,0.00821674367039338,-0.04021316951338333,-0.010265441955740686
0.009139651741581822,0.009593045620794438,-0.038883762468320704,-0.03801073666294663,-0.006615647859035359,-0.05030271944150891,0.00570541842918551,-0.007937875301302189,1.7489263064533596,1.4904764737087355,-5.652285062435203e-05,0.014707703661184485
-0.05444394855625312,-0.020608172320573326,0.005170468050127414,0.037081590710107144,-0.021913257618356673,4.266596504466799,-0.000808998537068617,0.00019833402021243902,0.003715601056302198,-0.02342472770807603,-0.00049085827398343,0.009207883709271888
0.024355085979061525,-0.00897453503692719,0.050040926337975855,0.7557996718430449,0.010025704858465281,0.010490670702602956,-0.004084272540456263,0.005770502417560663,-0.06970894824285057,-0.22626867348385504,1.6827037471732869,-0.031882732998981256
0.0058628980919380735,-0.002509817537696968,0.0025245277972752445,0.0029162337591379546,0.0008946880852785861,4.148015084878942,0.002680251717712745,0.0031017707070304067,-0.002405140957443208,-0.016153556583523573,0.0033813486228281286,-0.004035984046594155
-0.006273929177323619,-3.037466297897402,1.850543454386622,0.02438970462264578,0.011282612443804239,0.003705466358290055,-1.2422255023337603,0.025269824351934922,-0.3513659359738699,-0.019753297120689295,0.00027496213827129384,0.0006819343749969731
0.16528542811022073,7.2480433159541935,-0.00020801259219532103,-0.0013647108966261534,0.016636202964994733,-0.04307023890423167,0.005687962507186128,0.006392002123962737,-0.02448204206685241,-0.0030586664748197823,-0.03424229665142235,-0.024555993085735306
-0.0007657786114050324,-0.0499807300935835,2.08528232434751,0.01347790085371292,0.0013105527511635129,6.470236893662083,-4.741026084210418,0.005625794415511365,-0.001900172839336467,-0.14331646772466033,0.04405432443848767,0.03502833120765397
-0.0033126877768559146,-0.006222605685665086,0.009142499680183491,0.01062107931395292,-0.017547385188694337,0.012255486401765225,-0.028896405440244924,0.005490172354252008,-0.010732261116645554,-0.6789444580478076,0.004325556171281501,-0.00456446288617108
0.008775948309228893,3.183000124853522,0.004584715854256408,-0.09694550068638197,0.005978852938301283,0.000990310175312148,0.0027966051344623863,-0.0018662844572375215,-0.0013326041020061963,-0.006251903768228206,-0.01730813001326914,-0.0065430340411689325
0.0004950119149613741,0.01407401130108088,-0.5219693055531245,-0.015531861584397566,-0.20700116273822994,7.567835229196536,2.053647125759319,-0.01255466412361203,0.018346313973602313,0.0016944216617454932,0.00383224829884643,-0.004000803382166386
-0.009495775880692638,-0.0187306486227053,-2.3210807996757046,0.001780242255415454,-0.02030025692266111,0.00802402190599779,4.010334272079928,0.004599900103864248,0.009208284027483641,-0.008984973515970968,2.4254967562375436,0.08439695679674943
-0.004902825612301598,-0.007016225964217804,0.13844618464288128,0.0017259667072590749,0.010298819206018963,0.016082049016215152,-0.0200846315163149,2.3605790894586356,-0.007561512173782509,-0.08774516708528873,0.005398655112720141,0.007559111978941457
-0.0003228348414003879,-0.003417972859378171,-0.00444484073498097,-3.9054032716628146,-0.00741856026236052,-0.04522622761314449,0.03213499084200855,-0.02768981754529598,0.03147533926544832,0.0012182724949992077,-0.307175197635166,0.33407400553522315
-1.9476790943507112,-0.04457146677617807,-0.009674242373057584,6.430064476456906,0.44135093135587855,-0.004540469926849755,-0.004417775465821672,-0.0013794511710772117,-0.004352511648022972,0.4302736265914797,-0.0003131603036283792,-0.0005502020330283575
4.365883708789006,-0.010220326470405605,0.016714262136403146,0.009433996510889886,0.011113673785266232,0.02769672722539185,-0.0026720266706436457,-0.00022972934803980327,-0.0116952889236418,-3.086772131751246,3.598552766731359,-0.02573710167879595
-0.0004658947956293069,-0.003816148165997367,0.0030444378284693076,0.009690191890556133,-0.03873001479750911,0.003218253157292001,-0.002969682004561356,-0.002796425336045117,-0.0002913136595265823,-0.004386368016490019,0.0036926566573044564,-4.35195697082328
-0.20550370706631416,-0.004951062685726981,0.001446523482610762,4.758640667485086,-0.06926594854212358,0.023561551278968973,-0.005744142530953789,0.018305215681538117,0.00832529560349704,-0.009316111802099474,0.00399440796682049,0.0067424271227793445
0.0033204693001282737,0.0002598015861665767,0.029590001249662358,0.0011908828405902128,-0.001299946499354377,0.0008119827714049566,-0.017815824244531483,-0.00014731719279229005,-2.759695469138303,-0.005554987003721562,0.0008645442655993724,-0.004817388443299493
2.3758886581974523,-11.67275095451852,0.011252483735138152,0.2971465483155882,0.034281890431456595,-0.016858012220749785,0.017541259170485934,0.02714569626212171,-0.258418708197083,-0.00737509626461641,-0.02800672161354556,-0.01746105672601339
-0.004272262686312887,-0.348850467603548,0.010696549697585905,0.148506811570277,0.0038956191005732037,0.005346755951155968,-3.675876666768634,0.011226737133709697,-0.008855955462256933,-0.01024331685161306,1.5439726254398387,0.020758908947332122
0.048680769873763435,0.02609733932180169,-0.010049879158543018,-0.012515866481415672,-0.012169089039656572,-0.005425352811199546,3.614373341606444,-0.014581983417214062,0.22659000371199267,0.008910869877870764,-0.00047185389117368817,-0.004268484449690177
-0.004891307006643758,5.5020972181452485,-0.005707249562937506,-0.005910648023615423,0.0010785847680335745,-0.003268416619564278,0.006000041625994219,0.0070906839638691585,0.008732883806632693,0.06687104278571801,5.8301529562496235,0.010377750712012215
-0.05280486637500517,0.0001503560785349762,-7.500281705526178e-05,-0.002180879551495707,0.009610614727780437,0.024174532325213438,7.277770987124783,0.0006482752613995446,0.23709036536379183,0.006368802282336189,2.4584473924247314,0.007390470172110114
-0.03022242703940778,-0.019535922086499402,0.006210124053123316,0.00781639431158562,-0.003864810186208226,0.027172134116016416,-0.00036753212580975525,0.034626579746313654,-0.0005928172703783333,-0.846577518298806,0.005429833905034563,0.0691599879586971
-1.1290908566169318,-0.02885964154767595,0.012953886746885024,0.07881515927471394,-0.024234936914531116,0.007654989018744118,-6.462156411947248,0.011861835581414626,-0.006408844888983439,-0.27815111798059977,-0.0031360978777703885,0.010358264221869917
-0.0814859950313025,-0.011229702976383038,-0.007300311918291058,3.2401999486710054,-6.2968570146578315,4.343512117376804,-4.220704917264101,3.6611503944274517,-0.0012439196802391805,0.0019309861605176781,7.4211215251161775,-0.0016889315486281475
-0.006332226172160192,-0.03440296128940821,0.9233209153611216,0.07188746832244738,0.005855466657770734,0.007897956093278799,-0.027471941347480478,0.020417624726499953,-0.27851220023337075,-0.03150304502472462,0.007489844511998708,0.004211079476286763
0.107657354541565,0.007468487810839072,-0.004735029733014072,0.002047200235260449,-0.004050641200996484,-0.008258112932510595,0.27881227243773704,-0.004080137409897239,2.9823724294431413,0.005972825054371078,0.005499429772016146,8.138629831052224
-1.3351049610842836,-0.036296629306643124,-0.003094755734559973,0.005041495289317563,0.0006620083836678878,2.0365637888797963,-0.011181347178912726,1.259404184374441,-0.36200338414933064,-0.010811308503097257,-1.5751151616894e-06,-0.00664266306456901
-0.03380647776371104,-1.5732044373599479,0.013255463486956942,0.017646506852436628,0.18943097368021247,3.6065468648767336,-0.014237800356715069,1.8734362901510586,-0.05080511054874237,-0.006877787856247819,-0.003592793007563322,-0.005818915091906018
-0.004760175951951384,3.98178401733459,0.003758928708519599,-0.045070972280316646,0.03152858584690202,-1.3501689011131646,1.621032971143038,-0.007262616651521503,0.026336757285632062,0.08697334625825714,-0.1824634657505797,0.013827660271499842
-4.220398261759243,-0.0005829980447028538,0.009219625445911372,0.005015695000811782,0.008310322100548106,0.5386369073744603,-3.465509393778614,0.005814819580322483,-0.007052528009282688,-0.00395250122359192,5.339849008278513,-0.01721914862645746
-5.296383904370945,-0.05316395734760476,0.006042023058139959,0.18145860394692193,-0.002921206855521649,0.012547633564410798,-0.04214401607811277,0.06669876793575824,-0.013087020138706426,-0.01083398969086491,1.213602633250213,0.008209161981426627
-0.0220900137192238,-0.0036718363760757404,0.00323443148179918,0.0034364531720385777,-0.04163178427777036,0.011867451781959113,0.000923072096538434,0.005459331401522374,0.0023552861319371234,-0.0039374683243379805,0.007324139423553521,0.0872185470886214
-0.005478576255953594,8.397390253524138,-0.8025138030176651,0.010954282772944524,-0.021216305976300812,0.02618327268109777,3.458882220990369,0.14340541074003,-0.0008207434517252601,0.009074313331675743,1.32094693953945,-0.02157182978505867
-0.00820405130108218,-0.0730367995085198,0.020000481030482478,0.06636782953269504,6.825857288670916,0.06445333466448533,0.028359789728407532,0.009044945345685673,0.0009203377172923646,-0.01615051098244724,2.9711531176400676,0.012836801452145052
0.0875121558566807,0.01565911973355782,0.0032606349986198865,-0.005957832615990866,0.02532070368858327,-0.017186158970436183,0.0004649011385014041,-0.009166693875941156,-0.0017578482934504898,0.002606203301178195,-1.95153705719725,-0.035968702295231525
0.009492744160765287,0.12878629598655245,-0.003020560676743167,-0.010454618728995002,0.003953360941390113,-3.3819269400531216,0.0572555551129752,-5.165369653056679,0.047912188617057705,0.06169379572681788,-0.005759475279071724,-5.6355646014263905e-05
2.9808460715700225,-0.007833580374671736,0.030377076098492526,0.006163298879395532,0.021765272646213366,0.001971643254052805,0.004695224842160985,0.015253714381510975,-2.7677771932025967,-0.007710845414206772,0.0037105302605649486,0.012890132538968105
2.622481533218641,0.005565517396701836,0.03332519714461091,0.00012802377984529045,0.0024151040032915345,-0.008160154485860688,-0.0014516517365443316,-0.0020794096558899022,-0.0006547163086906547,-0.0004009256838379688,-0.008640589875692516,-0.004529017818075631
-0.007000622234811016,0.021112382050730183,-0.04130975733104325,-1.0489261446184237,-0.019631741536975365,-0.013722694026233592,4.120160856289132,-0.006983659522345337,0.21269675570049884,3.614966013814886,-0.07147045537867758,0.003826277443352677
0.004552608806445535,0.010847851401148967,-0.021125014590880314,-0.044564690600628176,-0.00576987937315887,-0.7281956788151183,4.578172834835549,0.0016354657425702024,0.009279011023489894,0.00951217236023999,-0.009575147235828751,0.028520104684795586
-0.014368106675475473,-0.00010618920525035103,-0.036224739561476066,-0.012892989386882114,0.016079412672027265,-0.0031005541926536293,0.004356766174983373,-1.1933849688167117,0.0356889964153545,0.03102733447686023,-0.0006518269758523723,0.05366377624041761
-2.5264654245124287,-0.003987119450345966,-0.004356476125057809,0.0006316018604327206,0.12568078218021483,0.00986846904596056,0.025270731909600164,1.4391762444767497,0.0005358879582696985,0.0031490990601904523,0.0068625152763271136,0.007171111323237556
