0,1,2,3,4,5
0.010436056688751711,0.003027259995307937,-0.0023177598902780977,-0.0014361792274028146,-4.167636064598819,-0.011802984400729133
0.012504954215124098,-0.004871762092833332,0.02124039152682082,0.0007037497523030276,-0.014103909668714939,1.0024432066842826
7.573862896804712,0.006487357001719164,0.0031960794746741395,0.005883290229329541,-0.0021295483209505636,0.005313028322468438
-0.02727783078220747,0.004752445048694209,-0.665790480701256,0.01040386750583322,6.256481929534651,-5.590821477519398
0.017903219961195625,-0.38280354792776417,-0.0038874047979072274,-0.014405290293308923,-0.6725795237946454,0.10281803932398959
-0.0005279258996896269,0.004745089713073036,-0.004284301923809599,-0.0024744760747096427,0.001341422166488436,-2.9403579613177926
-0.01677180344584586,0.00207070470035591,-0.003212017098428697,0.00224574603842273,3.354446028032448,-0.06432952620732268
0.02201604836405272,-0.004688764267163713,0.9315595968960113,-0.006979768547804965,-2.856368648880058,0.022338550769770316
3.924486989089588e-05,-0.01592604960482935,0.01017056390203001,0.004668566812532568,-3.0114743446167966,0.014490637969874709
0.020407075351973378,-0.000983555370125054,1.2482631749662203,-0.002068404980057059,-3.178455545504168,0.044572631560592546
-0.050313354543396055,-0.00363516286172052,0.004149281256154603,0.008841355057817746,4.634010448154305,-0.01102141984652838
0.0007283831353615391,-0.28499195940226735,-0.001061090834718056,-0.0045756821111730414,-0.0013152842082444743,0.0025198959611170985
-0.02406270268907138,0.000996158213946106,-0.0036521497649186,-0.0009338703735334158,1.7390978361830063,-0.11516966062443945
-0.0014863044778420274,-0.0005277748687951475,-0.0044277653587399225,-0.003675996909321506,0.0004691769477866984,-0.002638252868032408
-0.1317201244842262,-0.004915244951575962,-0.43479702107053714,0.0005964191506879213,5.952031040563485,-0.00420898709918216
-0.011436063223452912,0.00032772456455557476,0.00037231348929312033,0.004043064206429798,0.007099733576199764,-0.8446799696417474
2.7135014319874564,0.005436252195754593,0.00042075768075381384,0.004357917389638144,-0.3396238994402625,0.020442675415551004
-0.0005396985713397584,0.001657086474749627,0.00651726127430019,3.5775443839212215,2.6706746314130574,0.012484650831430355
-0.025365354909720736,0.0026811934954906777,-0.05687777704712182,0.0052440504011753986,4.131148146630284,-0.005397366481415089
-0.011770159624241425,1.0671045777400217,0.023960946920321958,0.0914417171558298,0.006811755903235,-1.121269437993038
-0.07192310777314032,-0.006056080325722302,-0.0018218731523601261,0.05543128922342788,10.071894428992778,1.8744980710928871
-0.01802053632004814,0.005484670854575599,-0.012998931013459085,-0.000499906291542368,0.9996179991657922,-0.08881756115171913
0.03602690790937426,-0.0006178954044856063,0.08984213837130461,-0.003412570349522165,-4.944063258261959,0.004424495725597888
-0.0013466553313678728,0.048990986012259374,3.743675015438486e-05,0.9997407666670464,3.1592111734654633,-0.07151366646523272
0.016077918310263915,0.0009217696048650342,-0.028807548503716474,-1.269101573908575,-1.680700198075827,0.006822469504027928
0.05673848555383857,0.005180746256295378,-0.4758368163967995,-0.012596959871070958,-0.026073640055199302,0.01774336950460426
-0.07190420279832527,-0.011249844439394485,0.025209588343470327,0.009292515386624404,0.11510889765338829,-0.013943237304415261
3.1523660914546294,0.0018707133404646178,0.0009952373573596726,-0.0021561841692411335,-0.0197919108503906,0.942149528883566
12.479050116499785,0.003931202878247412,0.0027708044816054083,0.0020311663562255222,-0.001265804864291121,-0.005100553591459223
-0.04778392664771598,-0.0028423470065537687,0.003755059908811077,0.009482717207672782,0.05744691008852128,-0.03854680362585266
0.059497844143845485,0.000827005995485853,0.0076855107450916945,-5.295454950350609e-05,-3.680752428375591,0.08756331212188595
4.665840205618143,0.0029592243068107516,-0.0006798769951815825,0.0019631603572378836,-0.03426497978006881,0.036307906429837056
-0.03399569880210072,-0.00326167700082082,0.002185553806078787,0.1966944114481879,5.2884440269282615,0.013092937473500044
0.11635047645386504,0.006408913012879759,-0.004881013208195055,-0.011609940844444347,-1.9674654880689368,0.0032317973359549668
0.043016328313288055,0.0037371476177035703,-0.0008702823255547923,-0.003697423418337613,-0.28081868937376786,6.099248765490042
-0.02294779193992076,-0.0009081869121808851,0.007910232535412313,0.014811497955597356,0.026969029601780103,-1.647575052555095
-0.028702190759848947,8.434542498523211e-05,-0.0017575950440828743,0.004069063136425272,2.873390061135455,-0.01463001908914141
-0.01822496150868174,0.010792585026716005,-0.9787712623884925,0.007750276286024274,2.679634203571098,-1.0636929691431511
2.4579041252773495,0.0295697448059599,-0.004417589200745811,-0.004167057987042661,-0.022970453198809748,0.001907376066742808
-0.1774718684526327,-0.007380730645092725,0.11794846549592437,0.013649624980964795,0.044627228478349844,-0.05078317913751432
-0.4101595285581632,-0.0023767077763177354,-0.00356518438415946,-0.0005454677507615302,2.8422289863758365,-0.13231811521461623
-14.811241701218156,0.0015293571605481085,0.0029021526892473587,0.006239300710240536,0.039796420036062916,-0.007544130362542312
-0.017728607231347133,0.008472274477437744,-0.03329974913905573,0.00011602783228677194,1.9785795548145009,-1.1628348402469495
-0.006473826813987511,-0.6474854379317214,0.008957967977809572,0.0015492836139324884,0.005093863345658534,1.7681614084281572
0.033811425270478264,-0.0037213793599315628,0.5935856033243241,-0.005432350913836141,-1.3498254931459879,0.06374312557134021
0.16370383974182937,0.003176906265208275,0.0053707157612323305,0.0009325641853379363,-4.266009398175115,0.026135512697786245
-0.0051183556867249284,-0.06816377965080331,0.18192908363187474,0.004656141831852452,0.0019971498408179814,0.0022144012547266083
1.8296828761285662,0.014207332099427178,1.8115104516207996,-1.7442007821129764,-10.314480008942464,-0.009893213407388579
14.688729288985996,-0.012052148165717258,0.7930952871077444,0.006153599241220775,-0.08328812548519093,1.0322202862171892
-0.008283491556727834,0.5622157848193938,-0.004262262910814746,1.263464701203155,5.674611596061299,-0.029706222340388333
-0.007434772476666074,0.26757981435684175,0.0011669803512303835,0.010116596580841866,2.126120897867068,-0.039052397541334716
-0.16582632504006065,-0.007715765305700971,0.35691432112074456,0.007362501575507593,1.354474025982336,-0.016142221807747492
0.005496669273853194,-0.018231792152080976,-0.0009880570959392477,-0.00652777078544247,-0.004757801314796806,0.4658550052674807
0.009699783871233762,-0.0032177240529475916,1.2934595607915986,-0.0052942000939069644,-7.06448217521271,0.00860657456659375
-0.020089940252013133,-0.0020213944456410338,1.6874325094411056,1.5785982028127954,3.8642769863744277,0.004421361305394278
1.320558902933586,0.011484937771852478,-1.0361106594037393,-0.005698276746870866,-0.04657857686500558,0.01590785064624553
0.06878207976799504,0.0011915978003398942,0.0023128092738009145,-0.0012305846412501154,-2.164305789341971,0.07995564521517129
-0.008468236188093226,0.002109544170157412,0.0051047159602247705,1.2444091590176711,3.699895486254416,-0.027141029362006908
-4.327534620395015,-0.8145486225524271,0.04147872855054445,0.00840252670190296,0.01830931323084061,-0.00209639751135704
0.048572741927773715,0.0013835169809350931,0.0006282874355415143,-0.0032986712137677426,-1.054232990329092,0.022908310323151743
0.013882523605871144,0.001044055374554311,-0.0017446207270984697,-0.00582582649866574,-0.007979896118138933,0.024669170631519924
0.010781051167180492,0.00046193920050299807,0.001450155390230997,-0.002352536635127453,-3.6370674430253924,-0.026662306143378722
0.01840802841632433,-0.0018950737237285534,-0.0005706833125281446,-0.8110479321999229,-4.390383671889305,0.04867187947095397
-0.14036466701635708,-0.012820727320642506,0.00441320752167824,0.007836555191951672,1.9019364284676394,0.005525374957750184
-0.03962125920041941,-0.005459569746350826,1.3378164612691295,0.005594596036641586,1.8015676184927942,0.003209537043400712
0.054490411252360996,-1.4581203220666608,0.1080091982943974,-0.00026892104774325215,-1.765648185976433,0.06065632422969702
0.32858414779242157,0.1328899250950964,-0.6314645458496085,-0.07512318344944746,-4.993022534196408,-0.02813904009761914
-0.016624130758995444,0.008252663764046177,-0.4506427894654585,0.005972711024486987,3.8937771198671602,-0.03848138314627869
-0.01845094049405539,-0.003228661816561056,0.020895309398713303,0.012876937422895526,0.012787518620389881,-0.010510336060233608
-0.02261321958052644,0.0005942724350460973,-0.00031604535326651065,0.003114451100963783,1.4105592699680167,-0.020988351176525866
0.01047617636891357,0.00013454613259155854,0.0006067057177380755,-0.002814361015375513,-0.007158337188268291,3.838189667549388
-0.0385148184647472,-0.0010696901769757425,0.7626235153863636,0.01214095585665385,0.026716193450404546,-0.3986060866812362
-3.8797717511940277,-0.0030074687672353023,-2.19542601483154,1.0852591245152254,9.617765331836743,-0.011090692882392617
-0.01183050769144199,0.004151025132214386,-0.0011216106286420537,0.0038879105697365995,3.1219055620772007,-0.11538641836311081
-0.01735442891002187,0.6027609387379029,-0.04964594258033661,1.5068138459708038,7.730558743048302,-0.033604569378763216
-0.013142767405555752,0.013849070383995687,-0.00200937404395507,0.011351502704492422,3.1848057041567195,-4.522148326624929
-0.019865255181648746,0.0005661265655362603,-0.029459044511207177,0.0015716653626708932,4.064823381742068,0.004648252327832392
0.018802628273348217,-0.0026803610814819002,0.007481331646752786,3.7656024152205037e-05,-3.421881748950929,0.18686054651667483
-0.02811698021238343,-0.0026505988199111334,-0.0029881111429325355,-0.0005608542669803245,0.021205582355356883,-3.124932839772879
0.0013412088566199928,-0.16522974318218847,0.4818781383687946,0.003314062851245315,-0.0010425836143505142,0.012294371956147883
0.0058486565845814464,-0.628791513753344,-0.0017174716408245028,-2.3224071985289134,-0.20106056919444448,7.541919257617501
-0.22036390964303298,-0.0010118199575877007,-1.058622231529963,0.015326149350281426,7.1763102911999965,-3.4864990179131894
-0.06838674777608156,-0.0033442178600183933,0.004982544364688916,0.013467096265170647,0.867239897123028,-5.543085703487915
-6.19002090428968,-0.000725982113353116,-0.4738874718461197,-0.06124686020342507,0.020660167054155236,-0.04356847075063297
-0.011406456118971897,0.009364911629906193,-0.01590988803502761,0.002246058930322148,4.075608142285736,-0.05371276096257649
0.17716289271459768,0.0042245135489504945,-0.0028997596225678003,-0.006548912208295812,-0.5859399349143042,0.04013130262652789
-0.013129506489161802,-0.013515774009740255,0.0020997111087167203,0.002380289279162451,0.0041130470837789845,-0.009357731119189087
-0.010306362895122552,0.004840765499190311,-0.01687488493238523,-0.00691020199200959,2.5347906218872835,-0.3811916944770086
0.23363327014813523,0.00376937395014329,0.003436797619512419,-0.00040189082957102495,-1.4081351636523332,1.8395447701118428
-0.5242777602960331,-0.14098057381407778,0.01478492055459052,1.3904467136251686,2.9506085623006397,0.016818650701260096
-0.02600974880428655,0.002952982799766378,-1.142385562300002,0.007424939953335513,4.280141031859559,-1.2541789696616803
-0.02942491742620911,0.002122518630753273,-0.07207820879647694,-0.0025715138602164234,1.6536198287737307,-0.04536402599016254
0.020621811976259792,-0.0013452904264474506,0.0009467147448604125,-0.0035128540648449585,-1.808114148382168,0.022261158617091548
-0.03870321930707196,-0.0069415728911341274,0.005999846038698644,0.014282712972901429,2.0225599736609268,0.014222578397300623
0.02082246455226732,-0.0014344194157669499,0.005017673048123579,0.002795192725314824,-1.3766450111251738,0.059283074520688706
-0.020488863310289297,0.0010891999485708743,0.004354253037726245,0.018132464777366755,1.68120550594293,-0.015768152633429178
-0.03292312888857068,1.3919622562552663,-0.09314103743407093,0.0028785949322665816,5.3193089863894665,-0.028010660614339766
-0.008286711784926376,1.1899256563003533,-0.002007621748511268,2.6058852406342545,6.116316657839637,-0.03109510123909054
0.015072942795489817,-0.0008457668133155228,-0.0023171152372144514,-0.004026234432136164,-1.6071591531204392,0.018496298995841376
-0.03233851589205266,-0.0012459922183617458,-0.0016269533066398012,0.005004581402443725,3.3116228121096944,-0.006498479046802008
2.854057134961323,0.008136409941046169,0.007482350911594285,0.007103721697380189,-0.034138595575879616,6.642356291619812
0.009602802989417347,-0.6669253266240931,0.0019954902130116664,-1.385300093143977,-4.8130889843754945,0.18709974075509095
0.031675982168756056,-0.00026739710325474064,2.2095990350009274,-3.7692405865716907,-11.654132704769665,2.84341449848003
-0.022099634451863952,0.0018572847045200192,-0.47083865965672783,0.003254743347799627,3.5636117988815506,-0.018250721396783187
-0.009645696359872627,0.11414962682870138,-0.652796571165888,0.01292262128217686,5.330379373839776,-0.12619848346552676
-0.5371183810096543,-0.016130224109947282,0.0035568146432188395,0.005303110404434352,0.11724996888289335,-0.014808137935149044
-0.03258740659249308,-0.0008895075534642579,0.007143261063131934,0.010275966697449197,0.19891496846320655,-0.1736729959016807
-0.00984279753828009,0.0033863842741568752,-0.0015287230520541987,0.003582637845077896,3.2546289471971686,-0.019244371272347127
-0.057567012959278324,-0.011007796315154385,0.15208964397361013,1.444178876519473,1.169324563158148,0.00675142748822799
-7.308033923580166,-0.34379399317982406,0.0023976444012776764,-9.362575559751507e-05,0.7139192355752979,0.016131699742051087
0.03452360589915162,0.0005270080040077217,0.0013087781172106394,-0.002642203427542466,-0.5722775533135906,0.02576452410872719
2.7619745885257356,1.4186416478281203,-0.0028225754037298485,-0.0033617094573628672,-0.023849639350900127,0.01276389490600316
-0.02090386932481833,-0.038945675161611876,0.258998775393083,0.0069523357345230834,0.010950084266024502,-0.002550970376522542
0.017767759508537217,-0.005671904037859741,0.28226588410604475,-0.002198677739496488,-3.504710758086023,0.03811812507319834
-15.042922816120281,-0.025329997331474535,0.00991310386093018,-0.0002317653847992429,0.0041381145822155865,0.012072493786131289
-4.893120196626309,-0.0020154534037354504,0.005386526827708574,0.04107465918187159,1.7439239034201,-0.007216576595090118
-0.7735088385720263,-0.49278739984398306,0.019835171926322323,0.04470741926761612,2.970117163346022,0.02288160888446178
0.040398287216376325,0.0308849081141645,-0.0038836377115484405,-0.007406522847750591,-5.593847106903709,-8.898185606811062
-7.540608554573358,-0.006260337871754253,0.0013900699369735624,-5.90472420552296e-05,0.00827955506658161,-0.00262744526493891
0.02404612697205167,0.013187922316541626,-0.0025737835805864973,-0.004670009380648073,-0.007182638299642664,0.01308256346537358
-0.0007731417112030157,-0.0006397648568588034,-1.5703367570332567,-0.0011560841826851742,7.019158330377315e-05,-8.141436071582714e-05
0.09272573275203792,0.001975634064736583,0.0011266637467578612,-0.0014797824705226961,-1.747570367031275,0.23440522045923817
-10.840161870627051,-0.007993704469485805,0.006336483712959105,0.006889151853066211,0.009236405924160246,0.016529981816189032
-0.015282197943492882,0.4973015819291823,-0.009731939775962994,-0.000273209289286154,1.7213104604197569,-0.06796808717851721
0.024723558839390525,-0.0016427769750420413,1.2329261459062852,-0.002534494654662045,-2.4521710051467753,0.11055494663905518
9.534771792522353,-0.004231396108138424,-1.8841512326499914,-0.04452712529040981,-0.07648140757713434,0.020586427560990606
0.012998498818559093,-0.015263639159105356,0.8035228923923984,-0.01370913429884324,-5.0451885702194605,0.08688112505328327
-0.0017413967203815384,0.003044224477139097,-0.005984933931899513,-0.0032197472782620057,0.0009371909662077189,-2.042758462366315
-0.01830697771674611,0.0010438244386917882,-0.0005586067132723142,0.002892676926516645,0.4958138524290452,-3.2224086940828602
-0.050661362487119596,-0.0010702793516419204,-0.00041611520146518286,0.0025283004159678546,1.0462770085581095,-0.07298754713904665
0.05100824665896231,-0.0005446264728039257,0.015109896934487207,0.0012351967817281345,-2.633343566864974,0.3747691233711077
0.03510326880365458,-0.0019290939826580654,-2.159677241596723,-0.014003727356610624,-0.04869100996713432,0.2240913706690496
-0.0488841519772889,-0.0005044739824374093,-0.0008097242359106221,0.003035233425459749,1.8358090185121752,-0.53824259986974
-14.404493892335326,-0.08235758030656054,0.004425179389587622,0.0005034257852169488,-0.0055263147841756,0.03275228906202754
-0.033688792540736034,-0.0007979750125082386,-0.0017425776457712042,0.0024356561952497795,0.3513785716770903,-2.1480947129830383
-0.030196620717791934,-0.0038090525815881694,0.04579378589406791,0.008135769768737375,0.22083674857846808,-0.016738161691528853
6.611999388728653,0.0030290438873859953,-0.0006787751600601881,-0.0013474909150513331,-0.33461955988388403,0.0037937318572732748
-0.08852490388371499,-0.007833113574780979,0.0023876837184169586,0.007413035394758044,2.6366470421946486,0.00552575222904006
-0.04693996385579613,0.00046276850356045257,-0.012324792124747908,-0.00026833330449620163,2.624879874704577,-1.1622503718969703
0.04667764164182783,-0.0009214143040059686,0.019596178163621913,-0.003068153085748926,-2.084841957214529,6.768723989616248
0.022840923164374832,-0.5546860378534397,0.16552103384472572,-0.005997673447852292,-3.5583269314406962,4.605015812238975
0.02516480410735461,-0.0013707856722558979,0.0007125849547768477,-0.0038236469460096872,-0.8936800802974212,0.053695535882073486
0.007699836727164813,-0.03856274063050945,0.5116959688696863,-0.0006904925372754021,-0.006284882121200671,0.6117764431352777
-0.007283964851581427,0.002074749133776999,0.0033375739537104265,1.3975371305197442,2.4900532417440084,-0.0026038672492491033
2.820706077203673,0.003842325763722269,-0.0010514065461674506,-0.0005766678681573129,-0.051710233599377035,0.04199714758982881
19.02172056651212,-0.001478314335121099,-0.07265665241365538,-0.5747113713673624,-0.415733269856406,0.007291629700454605
0.020765693635209977,-0.0010963933683511,0.01365811858570951,0.003396801241536171,-2.231116960126341,0.018481745362124713
0.03727111935299148,0.00604677507562264,-0.00761822686445574,-0.008484304948543665,-1.538389262354571,-0.006275375997294247
0.005383912681945293,0.003948232494966369,-0.0043120109260274195,-0.004072904068089204,-0.002017864176853941,0.003911311017919293
0.04353073690809331,-0.000286347791882564,0.011823692383203905,0.002496470713776025,-2.1486324923561018,0.32905559155745934
-0.05780706498211313,-0.5628332821529484,-0.00026819797373617055,-0.011158718662451925,0.7254840925718279,7.717199604832803e-05
-0.00883720247494943,0.006884600789636191,0.04062356873560219,2.069319161556275,1.3794692619971203,-0.06083662418118141
-0.019601007736962148,-0.002215464839485648,0.00827039113074756,0.012471478759756417,0.010182811075774026,-1.7573003569555963
0.045504662882396546,0.004515479876081431,-0.04674093805743437,-0.0351263198379405,-1.1187777031623327,0.000812391545627289
0.005149453959903818,-0.010934749300444649,0.002896023680933014,-0.0028748837171469043,-0.0034081059323049245,0.4892280067785177
-3.886653139954145,-2.807232931346973,0.013000531392363665,0.49176618111449155,2.2600617592077663,0.01273779448034329
-0.014097388033604195,-0.014084434578485593,-0.018055354124183826,-0.11047238151819401,0.0036145274170395936,-0.022461435936783836
-0.026898808334685886,0.00021182999199900656,0.002611121890332687,0.012130304063134319,0.36592602067711955,-4.33727215655767
-0.00864143081486235,-0.01655357252656386,0.09281667360814942,0.00626320209562885,0.004269430653596154,4.679935841373528
0.02046456556885215,-0.002752994260138202,0.004268050526204013,-0.003253340316570749,-2.2605059428032295,0.09653154235263717
-29.67247454371109,-0.007553640390570826,0.004895515682408341,0.00267862982363809,0.021110466539228767,3.1158469492611687
-0.021129689653640676,0.0011640194492202962,0.09004136207941413,0.028113378022808992,0.08699946064312336,-0.05065072805839466
-0.02624494786275791,-0.003246511536099894,0.0034753128104338116,0.09700446438732913,8.429910618623815,11.479210956403364
14.114298003261288,-0.007857359784791613,0.00852937713447585,0.0034802248625268595,-1.0095912080517522,0.024991346096344902
0.24057022130625993,0.004077879027694804,-0.003516412016347527,-0.0045571647058753086,-0.7731847184392018,0.1596994943339577
0.01608271511979893,-0.0021706036718094728,0.002090547393894265,-0.00251566629242006,-4.946386351576587,0.05906483067653179
0.010594069661692546,-3.4468650056659715e-05,-0.000601562386785234,-0.0024940650268628775,-0.010547096701074038,2.9995906869571263
0.018172091689506675,-5.315408434489188e-05,1.6570735502873646,-3.682025390255234,-13.393647540577987,0.015603032552384377
0.005869089811643247,-0.001881407044208347,-0.0030152530653459464,-2.548880814096904,-5.223833817168384,0.02883054562520737
-0.013793796178823828,0.001525943332075022,0.0016297386378364628,0.7255742797245732,3.364279971442936,-0.0165711097018445
-10.808156212308978,0.005322393326176279,-0.001997061700954504,0.0004946525697237802,0.0501654018423423,-0.11391223076252865
0.005732130237170966,-0.17781433873102243,0.0011796221239904875,-0.00498722279415563,-0.004313649954279546,0.026240642409767933
-0.054735899062632466,-0.007935239248840284,0.018844427868755266,0.042222782290176286,2.667692894493863,0.007967521367759633
0.029570134032151633,-0.0007797886537149051,0.7549420196230967,-0.0003815978504419226,-3.5583274442121606,1.711438260621577
0.020800871332170377,0.000797047012702046,-0.0020779837280254514,-0.008290304138974549,-0.013291002077587422,0.7656375059016598
0.01856847165287944,-0.005178779049087701,0.002753517751954676,-0.00692946395322705,-2.210523826606856,2.449732236608771
-0.004669594634377972,-0.3244126143966265,0.03179413219866778,0.004953735597815435,0.0014801934744021964,0.0010079029689197038
-0.019393612622994064,-0.0012953202879626502,-0.02560781457495672,-0.06199716184049455,0.007483264546055343,-1.8633688772800923
0.6844428059334888,3.4190282758498816,-0.5095374916538249,-0.012046430184438447,-0.3462003323408167,0.018963585032019392
-4.7768566978343285,-0.03500134355119101,-0.0004373044750009131,-0.001622480116139885,0.003607918417329865,0.0021025651116995114
0.02787922189468313,4.8486752320258536e-05,0.0033045064741454577,-0.6798531836648198,-6.95419882685264,0.0012071699422948612
-0.4553190439988082,-0.023698548594299585,0.5806440610457445,0.003350908503209196,0.045713163392270134,-1.7202909939055724
-0.03402670291665279,-0.023957353195552755,0.03005520256744773,0.0254764903778677,3.322633878367302,2.3837097967976675
0.010199174181472242,-0.009030100709141134,-0.006103894020568019,-0.01641312371843774,-1.2357319853894801,0.029025205067105764
0.004016954564525961,-0.002257975232304311,0.0016201678097477641,-0.0008286582397081382,-0.002160139616941231,0.015082640957205622
-0.005787548595332918,-7.736219434026793e-05,0.003712147692492328,0.003868419185326929,0.003355261453947409,-1.765726227929393
-0.002355199685502629,0.015380001467176801,-1.9026618435217966,2.019214395819205,9.096603943635476,-0.03806479765036208
-0.006695505380781376,0.4590719586036941,0.0020182709505197904,0.02255217044309804,2.960662733791036,-0.026685981465255915
0.003117911104151507,-1.6829721611715645,-0.001253766407708781,-0.00414093888032731,-0.0015723528147963163,0.002694938460993338
0.06212223851079338,0.0009195868907874664,1.1075473763995225,-0.003954532385101128,-5.875992658212686,0.08925108508512292
-8.144750357024021,-0.0006012261473205345,-0.002090371627032497,-0.003460707994144066,0.019482687724236166,-0.02648061900272991
0.010791173447855299,-0.0076874038946069855,0.02249078814025476,0.00038526344859170225,-3.747765244090158,0.04790164983215961
-0.024239124586371105,0.005341542850431609,-0.2574525631183359,0.0011681747945612928,1.08911752880462,-0.0790723898878356
0.01180014168651794,-0.0008028569714864063,-0.0015438076616101637,-1.1491779327621714,-4.748718638649022,0.004080577965275722
-0.021539410398489833,-0.19079089844057556,-0.015306017040075698,-0.4230568462478006,-5.861625897630884,0.026923015930775396
0.04166237012895188,0.0011023743593954198,0.95487482418347,-0.007401451490198108,-5.65901100077211,0.007155739118422266
0.006859301465296449,-1.033718582635003,0.030340043013272207,0.0036730637957818855,-0.0031283326888618904,0.01590456433191095
-0.037105501254859535,1.1888429110959926,-0.5620575748193606,0.0007211353880957616,1.9408703123293112,-0.13116511597988567
-0.08924694200315059,-0.0004970847601323638,-0.1413555488192156,0.022020622668527445,8.769956945275345,0.002670230289542719
0.006072420499800696,0.023804462641920453,0.0009358393508648727,1.7347972728097876,3.3070064294693715,-0.010478170455362035
0.013316036955805445,-0.004726883821852732,-0.009132782974012328,-0.5205328045803181,-1.3332329649666397,0.03407289073369224
-0.06919123619591899,-0.00403543984848907,0.0018073594656576528,0.01337444869898824,6.329956207947394,-0.0010957011571119946
0.025129516744399727,-0.006233492096209325,0.0036320155185157466,-0.33671114095958643,-5.511315576793372,3.272790338907427
-0.014333477217567048,0.3010179425325636,-0.008757182613741653,0.0016623658197503222,1.7602951882409994,-0.02619427364840138
0.20548330737691436,0.010991371214041496,-0.008911282396966648,-0.008636622755824438,-0.132066214181861,0.01771961325058624
0.007642784402506496,-0.041932100743294703,0.8766633347078826,-0.010302418831034804,-3.7931046672247413,0.011973853486251351
-1.7226279993077562,-0.004232973045658135,-0.008444452652440775,-0.013111260662937857,0.014740700076920138,-0.1283907235314482
0.023089699758536142,-0.00029679704475345584,-0.014573641192098169,-1.400050836381523,-0.34572857910987365,2.181863096372531
-14.281277749463648,-0.0011634833079838553,0.0025499974457672547,1.8154700119679212,3.275065286975987,0.018503433337155428
3.7964163700414226,0.006723904339573727,0.014461308605019837,0.7956262696235044,-0.0036429935156029355,0.030302728153344116
6.3134288895829975,-0.0009944210931304319,0.043394381086572294,0.02054305171344953,-0.04732318495709305,0.025629660869018744
0.002034755257665651,-0.028501111279436702,-0.0038770800818338103,-0.10989402739293042,-2.6304900754811698,0.014280572409274606
0.014922019037281815,0.00689578632621407,-0.0022832349074074355,-0.0037925124433048165,-0.005104157611052443,0.013673257774248045
0.004471328398653593,0.16895954278252312,-0.026834656329916495,-0.005902280503431147,-0.001172425213466515,-0.0006273522620153071
-14.27929859433847,-0.004945014079831594,-0.2817437814740388,-0.02436231435253572,-0.002127466892400412,0.004063631137964041
0.01860558973518152,-0.003942354943767233,0.0008812604060442844,-0.00513858119253016,-0.21841083931094768,0.8855156353326326
-0.010603040946180167,0.009577657690070067,-0.6124129724760422,0.0026613052014416994,3.755980081477277,-0.05944001907611085
0.09933285423485991,0.0021239863230823695,0.0014230192729226222,-0.0015951337227850491,-0.8430953604814169,0.05955939796462589
0.014112882876872235,-0.6752034311797867,-0.0005976241177828266,-0.04388750629680027,-3.520732663618029,0.01995697064285129
0.0855685240128091,0.0033711903112549585,-0.006115384849475991,-0.012665644935539894,-0.17234694123338848,0.030241131366493895
-0.005939310650266388,0.0006621660144287989,0.0024613430253525304,0.005247892970610195,0.0036760872747739963,-0.008722175109255485
0.42562329458031467,0.006748711553141127,-0.5048445871246653,-0.016860419631978485,-1.4634743986470773,0.011987333028124159
0.033855442066843405,0.0019385760003445655,0.012246587709095258,0.0015663244063781612,-5.342836923444609,0.0006520728884340521
0.03737690035085575,0.0013115643125259993,-0.0009565041373705806,-0.0064475412057095755,-0.8554597022152226,3.565806223255329
-0.008534753151982136,-0.0017303694959155517,0.009627570693634452,0.008940086557941169,0.005729046609676551,-0.003496560054404637
-0.015569320838147119,0.005476105424588044,-0.003902661709364569,0.7469343788789917,6.628251404714131,-0.1091353708385645
-0.024555066143065338,0.0035215389627422187,-0.04667110711129032,-0.0003320267633203089,2.3272925595552465,-0.11718697635970843
0.016712837072466562,0.0015725932920907307,-0.02058030932672797,-1.421690740095233,-1.321318443145893,-0.00279935510202739
-0.005640471880689987,-0.0018569549744201447,0.0031797240683169125,0.002641440338972382,0.0027282367936211473,-0.007558994872452883
-0.015135780197937697,0.010280198543556461,-0.003937041542545993,0.01535068705166065,4.529000338572886,-0.14223595974901926
-3.701656672714492,-2.0533811463174283,-0.010729008927243041,-0.007077839778063907,0.010047184598507803,-0.034306856544726205
-0.021253849807984254,3.0658534493318234e-05,0.0037560268613087947,0.04823145875482987,3.228028666658976,-0.007382343030325922
0.0912041291624452,0.004612569465527136,-0.0009914984222715395,-0.003080739725899888,-1.6969518031646444,0.012845179410100827
1.4126487953104871,0.00924652916255783,-0.00023814116517751875,-0.004438524999346384,-0.013055915368382097,0.016814162042558548
1.3042914178374085,0.04518342344323735,0.003447337722482125,0.009923020157032468,-0.010117431414008646,0.020045972450139997
-0.009168610242188468,0.00861673531750418,-1.850858822455307,0.06249208395720651,7.858967466383341,-0.029829830578841143
-0.10586653563232057,-1.2920369245879004,0.00819034353525892,0.0070589469188602205,0.023816095013602857,-0.01551708177449413
4.300144083967702,0.003611271545687791,0.0017040865797673106,0.0018993895978617614,-0.1702128357554416,0.008355237073137511
0.011017312642624486,1.2485644618270217,-0.004533031821022929,-0.003591411390499257,-0.004693473235771664,0.0012405184206321588
0.020132450546753514,-0.00483624568038854,0.7693233639453485,-0.01381655253614067,-4.56387610573703,4.532785612529054
0.12380727858455318,0.003798421176119623,-0.00027868019284957296,-0.0028837353750436473,-1.8751534315396294,0.019199855240691233
-0.04948652035031395,-0.001973240654489194,-0.5745290558089379,-0.002075704877298523,2.490650944947135,-0.01846766658055754
0.04563718366856295,0.10463946012260195,0.002195925676049053,0.002767629054973405,-0.004530446410334343,7.833593487067731
0.13083334868787194,0.030506359218484144,-0.03774847743152245,-0.03862231317614462,-2.6863053536256376,-0.017495576871542462
0.009496908593627576,-0.0014377175111790885,-0.0002390699713819475,-0.00490966316078949,-0.005706598171388282,0.8117256454853622
0.035721014994876184,-0.0013965242456758075,0.06414081327567846,-0.0023553342790123832,-5.325599005254338,0.030426794251770417
0.08535896039581839,-1.567859251853942,0.008011746788886437,-0.019827307445319353,-7.1820982163473825,0.13756118513484772
0.5934980091223936,-3.24898634422121,0.0382839948602251,-0.0018627441190539051,-3.7384080358442797,0.015021490735899867
0.014657292420575762,-0.0055135515958369095,0.0003030410744504835,-0.025039325891928255,-5.654994447255712,0.14117002185619487
-5.34265418979633,-0.000510565149039798,-0.00041834637368667166,0.0007518619766642143,0.023121647810969266,-0.07079977002291882
0.6576680454792231,0.23751611083421173,-0.04325249079574103,-0.8505717373006796,-1.2574586839565092,-0.010705768416524597
7.867129228764655,0.4778445642481734,0.0020362960848557777,0.005306712145989448,-0.0017434691311793483,-0.003099562661572075
-15.646350688747972,-0.005779711538613776,0.0005466536047384111,-0.0004185760887059353,0.0026552976341558563,0.011583340213566662
0.021494849158919343,0.001684505535193364,-0.0027269520595585347,-0.003599778774669639,-1.7470277336127633,0.005366642076143846
-0.18942317242618778,-0.1646893294478916,0.004786888001428727,0.00879557229896294,1.8976119355202385,0.019511846088315243
0.08971871423912321,0.04038479197362317,-0.0024454841429154633,-0.006235992187939918,-0.02980287492570696,0.010219310260065798
-0.07071012522916917,-0.0024586564157966537,0.006294473123997134,0.020525444020604994,1.0011314022966789,-0.015263049770397774
-0.009270038879840986,0.003211423073848696,-0.0015469961695748768,0.06798896369507368,8.490846681145662,5.013489986402803
-11.773450546345988,0.0012430561357296296,0.003602263481144948,0.005996599216104848,0.06430840895329792,-0.009126973654889903
-0.024171318044689485,0.9869581441958466,-0.04985028665450857,0.0005089230018162222,3.909229009794285,-0.1106655405929291
8.336048886888232,-0.0017000926490527701,0.0008209065831481441,0.0005433219069810591,-0.08498682812579528,2.048907282186871
0.027879656796103967,-0.004431208705952261,0.027618149757193344,-0.004088934631685859,-2.77232244718736,5.561283164180253
-0.10752809533612664,-0.003741860781174235,0.0010708884447046853,0.001411930349144462,0.8349250086448794,-0.08404185885822468
0.00236938029761479,0.001844537632402131,-0.008601646944151274,-0.004264782242846512,-0.0011407544570782668,0.0013400216792129045
-14.197853060430836,0.019481886928838746,-0.12024398255625446,-0.0047571225491908065,2.614830193844276,-0.34694539800190327
-0.008813858355003062,-0.008249707402915016,-0.0008703691723615514,-4.439015610521508,-6.552487232904105,0.015493530945192457
-8.358161373409745,-0.013308689473606129,0.0031786181355698134,0.6136993546371166,0.020371435020158674,0.05045045319489305
-9.416102128560368,0.0034963583174061896,-0.0007684638634969931,0.004055040807761007,0.02003723199809737,-3.5024967424685585
0.17708437059039484,0.022508708201445543,-0.05892398013169854,-0.017780729990523603,-1.2986513921652387,-0.0034980018338008623
-7.7891681154061585,-0.0020110773444505154,-0.025013970821781417,-0.029828146309865244,0.00466853593552609,-0.0283931204503729
10.472647927851002,0.009656317695741035,-0.006697482690827756,-0.0036478597199015583,-0.004179805062613959,-0.005292504954106714
-0.015057551049942115,0.0023643901212143264,0.001092194042906964,0.08206315356318827,4.1500209662792535,-0.005534115183538413
-10.995584948883197,0.005288718991811374,0.00426603977580855,0.1105875173109061,1.3556221852225165,-0.0254425037921584
0.009002133097116425,-0.005683084909066063,-0.0014164596159666311,-0.003895273028834724,-1.3087466311171083,0.013023433963754105
0.004791127440955903,-1.5469153969670453,0.00013333247810097754,-0.004963549440377063,-0.001764960585765342,2.8259452858982836
-3.6883359435844834,-0.019580745775094163,0.4305466611907838,-0.00480014177879573,0.03340618634415689,-0.02149896461382783
-0.02834248667427551,-0.8987100789357628,0.0018358263237767689,0.005119613376846591,0.004933796464771884,-0.010840479788268038
0.00960264342984118,-0.00559746187959027,0.6794258679848377,-0.0019226503327652612,-0.0047993612799016264,0.21722858872140594
0.010692081050409937,-0.0063557768477392985,0.0037954181006867004,-0.010500286118739044,-5.015249168820713,0.00508926786759778
0.047429499860083386,0.002625329261846874,-0.0001849038111464102,-0.0017464465131546078,-0.3256818426323233,0.06332922363656736
0.23560663129067758,0.007882850268378299,-0.0031406833229623617,-0.016992233169467352,-5.770810763032975,-0.0018539607658163426
-0.023575167156098087,-0.0004169011693176648,0.0006693838833154997,1.02342234663886,4.634769777650891,-0.009194037571190972
0.02339393810290899,0.0012632773237633427,-0.002275859779504354,-0.005920488261626999,-0.08548283187758299,3.9493726474546835
0.00475109072500407,-0.0024156443222353476,-0.004234309417273208,-1.520331489528468,-4.455933165575634,0.01409005519903661
-0.013331028019409524,-0.0011526002829431708,-0.0008796003624370989,0.0024900119163338962,0.007752207715080256,-4.935036030070944
0.000630197925683704,0.04899696728623766,-1.2975984439379356,-0.018309641581379918,0.0009259746804205042,-1.367398480837278
-0.04806767684918244,-0.0007515135909952691,-0.003836730714877267,0.004885377596441587,0.1942775748106796,-0.04741610708895205
0.025308996623565713,-0.0035697438156282735,0.08603243875914246,-0.002340652217897393,-2.6925514514955218,5.359197441117942
-5.946367766106951,-0.023970526883684017,0.004171109787360899,-0.0008608694587247806,0.007597785978744728,-0.0015308856229124812
0.0007502317704376205,-0.04498312615504554,0.6497512500589419,-0.002808634663618249,-0.0006801357198910202,1.9044063762950143
0.012044821705383535,0.006589740489489541,-0.0044546640888840205,-0.0057097922233714776,-0.004806928058043787,0.005760309239471777
-0.0061437866285064535,0.003048275802140196,-0.0032693135250920578,0.0027442704158139428,0.003180157313445304,-0.023637881731459334
0.049298830679367855,0.3053672375782368,-0.011951243911739295,-2.92917386197421,-5.646709002157378,-0.08650108550369673
-0.03031567829280277,-0.011230518153310248,0.01717269349499126,0.20611662153059385,3.806065364593188,2.3161577627560987
7.569670508727491,-0.001912869174729312,0.005496629262708538,0.00540795117047238,-0.1733837745034481,1.702256792137291
-0.0013523149432146109,0.0008604845567620548,0.0010830504205410138,0.005239150477145444,0.0003171192867388317,-5.575557542960319
0.03802911411558074,3.1711263988078164e-05,1.4821943873019459,-0.0028976423996259076,-1.3846410171776977,4.069271952777598
-0.08777517143598343,-0.004573562489363181,0.002389131436256221,0.003948901289955335,1.8069100366016382,-0.012877453299265651
0.015073657964921784,-0.19134320672501,0.4504384143128756,-0.01699165416169518,-4.82085171024521,0.12065056799503449
-0.0032705224736770417,0.00015830698547728074,0.004798570645512469,0.006464946535303281,0.0016446958714223215,-0.005075901446778649
0.010817412612112706,-0.004717941646617506,-0.0007502164082965335,-1.5847948607393327,-3.8593068801152555,0.8215687452321099
0.0180791426091097,-0.0012623112385309267,0.0005650921768574608,-0.0027328886146590625,-1.8374279165550025,0.022433292909590064
-0.08552748427510776,-2.944742790404436,0.03668300259324764,1.226738403650776,3.196151229292636,0.01279191671767177
0.01340149669065406,-0.0017408810954000556,0.0033491860627381798,-1.4625338668771413,-6.28279245438628,0.0014922772454193378
0.10771021825492434,0.004498881460247247,-0.007538072808185121,-0.006212465522857171,-0.9029961392056519,0.03499001357944159
0.0005158258768035357,0.0017503584235853535,0.6603607305212085,0.006875257725873895,5.545098666336936e-05,-0.00020543698119456985
-0.10465039226229872,-0.205908037501947,1.0689058438748538,0.008141967489713395,0.767525482510171,0.004222212347497006
0.05868941688448888,0.0022349683207814053,0.0006914518536421804,-0.002987708713060422,-2.2076197025538935,3.68364766785146
-0.008111050177532136,0.13530763024099512,-0.004884216496207083,0.002650055658016832,0.02078304952930668,-2.708895094508802
-0.033926567184668174,0.0004980123633148575,-0.02061780283116051,-0.007688954506129955,1.3039293273766444,-0.04295058663124385
-0.015342729429559427,0.0028683114177050495,-0.00647608754535281,0.0008330446306246964,2.8057729380954797,-3.1709992164485
-0.018291277929808822,0.003984215836829924,-0.0010747666460075161,1.0698234193796345,3.1960253528753704,-3.6853088158429728
-0.0013830981366303847,-0.006465927683459699,0.0014247447479752995,-0.0005202193751483718,0.00032518006211379615,0.002147440483829991
0.013701241722620439,-0.002194275215704004,0.0035082244042074495,-0.33621324435774724,-5.976426976805312,-0.01625684430183516
-0.0028123899474701373,0.009382227821514006,-0.024737427167649935,-0.003987900584452161,0.0017505215764196686,-0.796620509525845
-4.760261994243074,-0.014940952031743275,0.007178562175964905,0.004353417773799967,0.011129852871204073,-7.754553031877331e-05
-0.01898579168103194,-0.0016301896577104805,0.001987242006661588,1.7144611923911377,4.976874667375607,0.0021863501803647267
-1.2442104719791296,-0.047144946666707946,0.007932540810116946,0.0054610221358764605,0.02242646985002977,-0.0105890698015942
0.0496294987758049,0.0024000544225146,0.0012432434310132292,-0.0008306243700892668,-1.5103737462277675,0.015479317017291216
-0.008552010355441897,-0.013738479286991144,0.7914716635364942,1.8669841129175663e-05,0.005960924038338422,5.394118044420077
-5.56294155639374,-0.004417552578676673,0.004319776571992022,0.007211804634373181,0.060120247755858544,-0.0013225127508062484
-0.001518457583342756,-0.002927234721501567,-0.003323954200709338,-0.0060519440636807925,0.000317176609575559,-0.0013202797226979244
-0.04971014996515166,-0.0023458458528259015,-0.00124353490224886,0.004273318309649124,0.2831694122923798,-4.160973107322558
-0.005892194710228064,0.01042436364246053,-1.5901868782333248,0.0017197118332348618,0.003080294060379113,-0.012257683711274434
-0.005765911418671429,0.006108826429492259,-0.000700726085098663,1.5635917066617289,5.9798558121772665,-0.05563752036393321
0.03105618432587154,0.0010939173431867926,-0.0008145275327482388,-0.004465847091611394,-1.5784290459949277,0.014357763516861466
-0.0008389484982987694,0.0025580161862806903,-0.010763192994578796,-0.007346982532813187,0.0003471371040055099,-2.9890035015266037
0.030376187213062282,0.0012081615356790334,-0.0014441713300234172,-0.008321902209086018,-3.2965068112796034,0.009218454886110727
-0.008514460273916911,0.007984581455166787,-0.0007225470298588138,0.5245982625298922,4.521299445338389,-0.04648437910973824
-0.0908827931019793,7.02803165748278e-05,-0.0032258803966601357,0.7225098727949408,4.658364211913938,-2.3486307397856905
0.017246397670467584,0.03335053860715416,-0.003611209859785582,-0.004739395553091261,-0.006268564035910452,0.003523562815606818
1.6118813684047886,1.0609620645244568,0.013636688382188846,0.04985148550468943,-0.010541170716130699,0.048195614044093366
0.010456260739270307,-4.308997097097686e-05,0.002642168609579898,-9.444718667106673e-05,-0.00720929091424212,3.094098831281049
0.06879949147811756,0.004967788924138385,-0.00241716941896924,-0.006733978624733908,-0.25651816237683706,0.012387646852172272
-0.015231621667639993,0.030031505611396364,-0.22332469298909519,0.001988341089546708,2.01848098400661,-1.5290740984969382
0.007753878883215569,-0.03357289181827903,0.0037237336746534927,-0.5458518813617825,-5.361217089466555,0.27013755309449294
0.0028668159096911228,-0.01669485178126541,0.0027579825888227882,-1.6579530207117372,-5.518193269108494,0.39655019086458765
-0.0004151616595669894,-0.00041981612270855235,0.0002447547088172339,-0.0003415173187620941,0.00038852637707632203,0.001569187858323948
0.021325571334879424,-0.003151886509490686,0.034488265374492705,-0.0023728290761680926,-3.2505921241625195,0.010567809983237586
0.018910001805005665,-0.008868034050922728,0.036021802109659024,-0.0025550559537421552,-2.7878641794305583,0.19794496399247175
-0.015413848280706277,0.0013696399337082064,0.003451217706409848,0.012340162773757983,1.2630878239737333,-1.496774953083091e-05
-0.01736766892442307,0.9360756597436666,-0.0012647862894753369,0.005525776849043207,2.9093919511008473,-0.008591683962818175
-0.07661670620201044,-0.0020623151090081032,-0.002342275798235996,0.004348881141906902,1.572039083715124,-4.898447734975356
-0.0065977317443126635,0.0002584366228636358,0.0009207128460836155,0.005088386362791325,5.685482741644442,0.010403066670955585
-0.012772021264535707,0.0009453140552207907,-0.014405172368576892,-0.001240025960283281,0.009036441378132185,-2.806754562649647
0.022853220574138106,-0.004612604115535809,0.6962305161431388,-0.007053937903567925,-1.7182921385491454,5.63744145460209
-7.176925086435508,0.0026457018251163623,-0.015023545220311452,-0.00494319471716094,0.08441331330369937,-0.02587768370853849
0.010931642691325627,-0.021659062463988434,0.5771348749177732,-0.0022296713494120504,-1.7864996196483909,0.19610536234924636
-0.030333546396316746,-0.0014408246230522355,0.0006780405287051712,0.006032378540612074,0.24926963807317515,-6.140634001361008
-0.024997485098752048,0.0005444734211717591,-0.0019451177425251526,0.0097868276814016,6.234832565795098,-0.006469516832242839
-0.021160605029588175,0.0012861651794060871,-0.10396960576531207,-0.0070141715645161,2.511682091770249,-0.044125001727844726
10.31287463049252,-0.0074895261841442795,2.138595153445465,-1.268790199086645,-7.830617932968252,0.028827522100935532
-7.262377875613414,-0.021608010234938968,0.0018390034356285147,0.002174661022671706,0.0920795276816272,0.011535710208106731
-1.1611329568126254,-0.030320047911735586,0.01720665435859092,0.008130041591363166,0.03255000875072854,-0.008521099986244104
0.1782397602619784,0.006445182745059736,0.005865294808419386,0.044852201211859816,-0.0978936946747776,2.668401636958145
0.23743831025595274,0.010094734672482465,0.001428545947468285,-0.002206149812349966,-0.03368253500281143,4.5639995438199685
-0.4430121542823765,-0.6076941617601341,0.1549013310714509,0.023738187613910527,2.016481245265771,0.006293965266455592
0.03179356233316375,0.0006846700473179306,-0.0026036625562274123,-0.007055402191836174,-1.751337260221143,0.030482077419539788
0.13372217949423174,0.3497100563860153,-0.002276410826731717,-0.007103609205355771,-3.1749338862907077,-0.03559625930280985
-0.013709581899241553,1.3225291650166835,0.004296750361580706,0.02462042215164284,3.6249609857621565,-0.011119765710417062
-0.09744651285787238,-0.009498998686026973,-0.0009104905798965296,0.02178587075623406,6.8236910111608235,0.054122078878638735
18.600958640213822,-0.06105444639370619,0.0012382929343309314,-0.015008239045863792,-2.468530972279635,0.035903434394089384
0.014386886736586679,1.2559782572898357,-0.0009111265940784951,-0.0006100601038155802,-0.006296138461571131,0.0032025812007201466
2.625611536459815,0.021825665573340973,-0.006594545871827555,-0.01084988478143132,-0.033236301037507666,-0.003357351514210849
0.015107989805530336,-0.004487973067857031,0.0003680590494083923,-0.004226310277955676,-1.370817025766619,0.08500516836938854
0.010211986608532106,-0.005950149310731565,0.0012245996653386477,-0.007278935851028583,-0.014219292565225666,2.3120156993995007
0.0019727382202976667,0.1286530033781638,-0.003589799721394984,-0.00011282136029013424,-8.689132116771785e-05,-0.0006264883834616382
0.14256704636640327,0.013044849137006407,-0.45245340282446056,-0.027080717613872485,-1.2918157718278276,-0.0017888113926877447
-0.026962228422034173,0.0008547971504567261,-0.022581852307998848,-0.005298522134089323,2.9004610247171065,-0.10749677894642629
-0.023058519714762804,-0.036768500703434695,-0.028504631296115024,-2.955516830354842,-4.218269995588297,0.20282070398346086
-0.015498113728441482,0.014226901073035092,-0.5684005419591487,0.013982684191759298,5.1872454256252,-1.2467907585367541
0.016151853986451133,-0.004259880169516194,0.009607501444843985,0.0004920503944518401,-2.5900326223370187,0.09326064980774285
-0.04132486344842093,-0.027785803251729968,0.05085198150613493,2.0459568714237113,1.6009478543633282,2.8604325512222086
-0.03475450753843738,1.3745441969592538,0.0017322021868091352,0.018884632460937467,2.3039411805182626,-0.1104723619831427
0.18369889130767653,0.006081277043930841,0.002847712585904217,-0.0034200210494717137,-2.361642651357484,-0.0011257430304111304
5.413043314274736,0.029981002021810105,-0.002020105491949745,0.0007855488055105164,-0.005578238300190704,-0.001162931184867988
-0.0442754940336414,0.000970589016673008,-0.21537475350035024,0.002263169768710105,3.7514643087004393,-0.03913532661670849
-7.371927237097357,-0.003429862475428757,-0.0013835577952679748,-0.007141013082925168,0.017278130355062347,-0.012049234426427802
0.08229114550732074,0.004857046967837059,-0.004837427813130621,-0.008155939577704677,-0.6219823086651853,0.010184622337998772
0.07094918495932984,0.0018948586550673469,0.004065051942464499,4.064867487023338e-05,-1.031777409689135,1.6549757564605496
-0.0031415807215985497,0.003856256304625532,0.015203991575040278,0.032765108259929364,0.0031039755418014424,-1.8178709159307915
-0.1284564098280414,-0.015194139515453465,0.0042915919331448105,0.007331335885972727,0.03680354707751364,-0.01879692713712474
0.034776297197277296,0.0007348938775654588,0.005891173510668897,-0.0021142071745103297,-4.843157939320246,0.009331592609373773
0.04679308651107585,1.1950886044885547,-0.005942097621055601,-0.006293897848312455,-1.4418124855932726,-0.033692351601488424
-0.3640543126255831,-1.103545483880654,0.11083424810472525,0.01273644472653443,0.13839489017582024,-0.00999901733833649
-0.02300903468505528,-0.0056481682707426465,-0.0008319693751414894,0.0015782708012793793,0.00836142036343185,-0.035029780912190875
1.4995457944304618,1.0650073744262747,0.12380653754520261,0.013193796548967282,-0.008079988680464537,0.07034018300416756
-0.012690877450286991,0.005202118185943433,-1.5627097439110553,1.3657920173980287,6.442160766663169,-0.04980878700802549
0.02197681254716191,-0.003287605757867299,1.0926818447653974,-0.023616749898228262,-5.903957840462531,0.02991135115906518
0.0026293845454162246,-0.007875372288970145,3.1103906837979736,-3.3148211825890783,-10.50825209919698,0.10254156561884287
-0.04568932330653261,-0.0023374696319088234,0.004906793959893241,0.00833399236025839,0.1262464020152716,-0.1485665342546704
-5.528938463265469,-0.01666031789830983,0.054333212864821005,0.015871291367452245,0.017781710061214758,0.008671011789375793
-18.051362539294786,-0.0040331977432187666,0.677202730288045,0.0524402116176137,0.01507158540568097,0.021429153147254576
0.08977174169191376,0.00022350551671533603,2.2885608264861395,-0.015710639191410358,-8.545056398242998,1.0696208823626847
0.07322765373965,-0.0005396681651268602,0.2733254415862926,-0.006744417436955308,-6.317349255012288,0.02408577976146198
-2.8677209179187075,-0.014339731863967685,0.011483958183750477,0.0076004277759552305,0.022645374369409513,-0.003514603493258217
0.003508857765610137,-0.0009746170507048306,-0.002778838613063424,-0.004689531658051979,-0.0020217806965475674,0.005901720235422559
-2.025152016455375,-0.023737746425325897,0.004327932079040357,0.0042381426981585035,0.02556815760393575,-0.0043748312842323556
-0.006435819998310319,0.0015641527383822452,0.013780970164562867,1.1923722377400807,4.275409724895458,-0.037663888701653825
-0.024120253008612466,0.000599820251938072,-1.1699775453810792,1.0902877396858912,6.628396952070449,-0.003501811830115553
7.325576896619656,0.09987177482928247,-0.002374340761180412,-0.0010490595316873658,-0.11919056428128783,-0.022846295999051858
0.015736263804422473,-0.01978743043537795,0.006125127798382146,-0.01535433316254975,-4.7745815936841325,2.289747296717401
0.008863791571327787,-0.028246845595038865,0.002335872862996115,-0.004447955765894017,-0.010963526583436998,0.535694076818565
-0.03954095357111731,-0.008005341857538623,0.001802198367905572,0.008031891115883927,6.891681552136056,10.272454042989487
0.0062260641613646195,0.00010775540157371977,-0.003871334712889307,-3.441865827962747,-7.0514112453420115,0.004034278081455511
1.140546917536537,0.0029998925530141662,-0.0013734619700198902,-1.2869294474725912,-7.489586039793451,1.9214057386540588
-0.055540813914704515,-0.0058011183885578,0.009335022746363426,0.009551239306146615,0.04079329542222479,-0.025281974746983345
0.03582938677406111,-0.0015316256767244213,0.006773435734631031,-0.002601870878893603,-4.088503060265133,0.8019768919303019
0.028260920172055226,0.0007014115390777164,0.0050957984265162445,2.7631958938872936e-05,-0.31179078185792797,3.3429203545769397
-0.0170729592499436,0.0017105537884520069,-0.0007364628740960527,0.0008730859507308161,1.113397597856952,-1.1455269282960252
-0.027944951834641296,8.281100053603163e-06,0.002933874569172233,0.010457471003825075,1.9006287431164122,-2.3410115941400953
-0.042677869657053634,-0.0004894665780084327,-0.0012161083965489697,0.003728589173198668,0.5311871695066375,-0.09201097943011113
0.002050906536246011,4.2862442531387684e-05,-0.0011999752056233645,-0.006846087102442929,0.00030333377209190715,7.404211589326332
0.006137198021223731,-0.005024202843359603,0.00574111812497974,-0.0013894868059886045,-3.3749785621284984,-0.002377216084264555
-0.0173874296832247,0.0038437334924655243,-0.015101673511761136,0.003098448489222194,5.023779656431911,-0.02235171251096446
1.1312950218690565,0.626976462990111,-0.00216909603317618,-0.0026939560444999497,-0.039501394441462216,0.011095095840351503
0.11787698728816554,0.00781549434456072,2.0787101213404924,-2.6564510930238185,-10.928968742077025,0.0016470656292204566
-0.08503943592789576,-0.006888352708873002,-4.706735570312336,3.6717433463139955,12.631576459384775,-5.209448970746223
-0.012305458775348816,0.007959044956179141,-0.5257158442037769,0.01716835788353438,6.011256091810013,-0.003286116720175869
0.0027025982668384854,-0.0005918592059838614,0.002699292202332735,0.002280469702080243,-0.0012978502763893926,0.006738790670281458
0.025017386661536314,-0.0006409934521676912,0.0012307389074642937,-0.0009801426877219244,-1.9733512948319853,0.08337634637606861
0.023853206113235388,-0.0020129227129651165,-0.0017865382378229734,-0.010973378929998527,-0.14220865141423833,0.05263948626463484
0.013289837406891807,-0.25817444014088736,0.008371079600549027,0.0007726692219338881,-0.7839658331783863,0.01753825807910603
10.423103657444942,-0.00399727695749523,0.6439849970461894,0.01034777342967158,-0.021074145761462895,0.3334803510958455
0.057839786325773045,0.002194979075963807,-0.001259927001566657,-0.016713577307938376,-6.470579806854396,0.01470585253242862
0.02033920236504405,0.0018212719228521967,7.025966964887694,-7.225681456996952,-22.481182158176967,0.02707293883519668
0.012931809826525809,-0.0019446451862983397,0.0005211568654278631,-1.9520778678540402,-6.807587334571041,0.05169713339369775
-0.021028080824770985,-0.001312339231062723,0.00433653377906853,0.008943767856183268,1.8934271844046116,-0.004331836518800647
0.018319631698221154,-0.0008715848095244887,0.0013678496416114044,-0.003480254329998572,-2.226970588515051,0.007120821874732841
-18.330825585380996,0.010768562527047065,-0.2145093057575545,-0.004342000022491577,0.04743715844877264,-0.017521677651481937
-0.032667276810251916,0.747575495539077,-0.0025979749251773447,0.006043886339870667,0.13343474262032884,-0.1135780929150927
-0.14315122821496387,-0.048001349095338236,0.03731034553192452,0.011017876327059375,0.8830592894124131,0.002609258934335376
-0.007302134864386556,-0.020056862039381645,0.054719765364906456,0.009915412633308847,0.0028032945611899352,0.000884149278611308
0.016516544490392734,-0.003101759716847771,1.5992295821779612,-1.02961040640497,-7.158272818108253,0.01096278821763752
-0.10991312474939702,-0.024383740095847456,0.008069145933539468,2.3764903961794452,6.965079241334303,0.010257306514585895
-0.005633318695661098,0.05404417190183183,-0.1922473634798733,-8.551001066497976e-05,0.004060007827451566,-0.6272757424298674
-8.727722778515133,0.003780599495837208,0.000565567683769654,0.005636227966640844,0.2530215231764499,-0.03456863215190198
-0.021207383057323732,0.0009726294002322131,-0.004108414528361458,0.004998207024400653,4.0803079105278846,-0.006989100038615859
0.022743368394392987,-0.0003292965327170395,0.00015915649234253537,-0.00675426867111073,-7.203009063900911,0.04368451768529713
0.010290495114502408,0.001152802494638873,-0.005898410773267956,-0.008358952371465805,-5.051633253261834,-10.479815619424642
-0.03795444101326802,-0.019408979046662,0.050933921978154384,0.18572956699734178,4.036237972526234,5.3188965317886385
5.25788224628312,0.003965291144801733,0.0005335301849171603,0.0005545519673013782,-0.02632838504787899,0.006414495045788393
0.016913881135422776,0.00019621831137785206,-0.0017225449041631813,-1.6748355308767326,-5.134332501777956,0.01351801006119091
-14.666882639984044,0.0011035712824677946,-0.004090208493029833,-0.0034816455538640434,0.02212650593658235,-0.009574553914872386
0.010861764069377763,-0.04353504847277967,0.001887402717485602,-0.563605419207434,-2.9378583080674225,3.303320914445834
0.0017153790063254327,1.0438916224111994,-0.017508628109369356,-0.00973511390854252,-0.0007982607239917401,-1.5295898982827805
-0.017045618512167682,0.0014938286793722067,-0.9494000199647574,0.0025213047779946325,0.011054211147622742,-1.5228681681635392
9.216127602366445,0.003358163587324616,0.0024613011357648984,0.0036350148604850363,-0.009808578207683568,0.0010178025676501612
0.02670012590778547,-0.0036455126486160394,0.0046402391566566815,-0.01461125582503442,-9.839852361155158,0.10064903816981996
0.011470698118877451,-0.012431422013509885,0.0012731848803442525,-0.02221213314604531,-5.719398207110739,2.3202480369082963
-0.11568723508604417,-0.005689944212632914,-0.0010959599447903853,0.002134367409315732,1.2039116184034153,-4.309818858095891
5.893984679746956,0.0043595640430847404,0.007195676317984115,0.022287971217741953,-0.0045318943713527834,0.05181273548262788
0.009734117215494525,-1.022909841102875,0.0038559739391733393,-0.00292346189275843,-0.005678161694066361,3.0875835199583164
-0.06768596007263077,-0.0011405471952741324,-4.428659722803367e-05,0.0034940299497574767,2.3734636176630213,-0.33387049935242885
-0.002494419691020957,0.012843951298214279,-0.05306138857176441,-0.005279427668962299,0.0021348152411902726,-1.2908300243750301
0.007829772592640193,-0.07098398378758408,0.0072258300348499085,-0.004253523457281819,-2.876259110683984,0.03939643374653068
0.07394458520214334,0.017185794313481446,-0.08891447541521547,-2.0341196753779585,-1.808793525776804,-0.006665568782961984
-0.018592301199925394,1.9355366149696742,-0.016352985776323145,-0.002167089526162423,0.007020051472128697,-0.15909700259891157
5.867846230140864,0.003732384357696263,0.06872857972378713,0.47823754425454945,-0.0066092850904303805,0.008256833963692145
-0.017623768932539096,0.0016942213409212384,-0.0008199863662919353,0.001867995342228354,1.7554453995353139,-0.07696539686206427
-9.055422589185754,0.0032905750313626542,1.4022367120013919,0.06659977362598646,0.03840126726580523,-0.03732910136346623
-0.014000952578360126,0.20634564330308908,-0.020122829583298096,0.003130489075974449,1.618082188565744,-0.004336076000382216
0.11801688969919412,0.0065104231732423,0.3565135864848644,-0.0015982853826102539,-6.459909666713385,-0.014197394701713772
0.04116241917597921,0.0013346755793370996,0.0026640179392977484,-0.002592394523114841,-1.1989774304319933,3.6024105369047597
-0.027479249799002268,-0.00017095882157448138,0.0042631239486536215,0.008216723534063719,0.42974708593377375,-0.04949297416298845
-0.05119640267723786,-0.00633532557252231,0.003462070642832525,0.003738574259141779,1.40076626904763,-0.0010863823460030286
-0.040185218814826645,-0.001245016499756689,-0.014131154269009905,1.98962341802142,9.685456182999872,-0.0016112302316608762
0.5237240700134917,0.005659119954789505,0.0012516288651388324,-0.0020662419429988386,-0.7018220797521609,0.014619109401749153
-0.023610191351329395,-0.0009308074422333214,0.0014339520831240275,0.011529792350719353,3.4674982864766983,-0.002293863587053524
-13.224067452293824,0.01820480940665313,-0.044020804860277554,-0.001048865795892473,0.17406884128955935,-0.44644221060011624
0.002153181232816569,-0.00040751586953323226,0.0007693686503890542,-0.0005519276576126742,-0.00113527150041468,0.0023746739198173723
-0.012283780281290485,0.0006723397417815399,-0.0014188884789549869,0.0050853003470837255,0.01023085058962353,-5.1291011309995795
-6.992492467613969,-0.0038903639860434418,-0.00025844880678710185,-0.0010858835219770963,0.102447306210876,-0.0053597081751319275
-0.06288522052350437,-0.009159530467940592,0.009962117212839284,0.01037180498447026,1.4813584272922704,0.005065057970107312
0.016544513446259623,4.287754105027075e-06,-0.01106112584963273,-0.009700076398194646,-0.8081880147364693,6.80754880517123
-6.463806553251208,-0.007502799974631974,0.0008440293587595241,-0.0006605587111549877,0.009613288925282858,-0.0013468413934624723
-0.026563411258732433,1.191204793131912,-0.003942357893890275,0.007159892182969307,5.489006010118015,-0.9918472895059338
0.0165423295595935,0.009153354449261318,0.009559232338087335,0.03817285837582777,-0.00531668515685948,0.015078671233566017
0.04149504709908829,0.0006236999526036333,-0.47946909723786657,-0.18603387781762193,-1.1162640297456339,0.025847494477417243
16.018500286467773,0.001107430958848432,8.7170103671478e-05,0.0004694693726300103,-0.021709083124001133,-0.001184098439769965
-0.01294806163669221,0.0008137813807928811,-0.021616616644745894,-0.0070487111375837075,0.011679251862229373,-4.288879832300693
-0.031798913840344875,-0.0016066238005963914,-0.003536356713147697,-0.000491352109284901,3.853876181444453,-0.017665887630496258
0.017289260191956812,0.007925109677910474,0.004824146625616832,0.012098606825359577,-0.0032543119736337944,4.189804000599633
0.054329242983746216,-1.6824157339916622e-05,0.005221688832690233,-0.004667809992357025,-4.161328481615586,0.03126968595859969
-0.0072541226901395115,0.12656214471678406,-0.004301933667477903,0.003744526763326769,0.00530164423015352,-0.12951387881470083
-0.010392268382686753,0.0024366296630716367,3.715578275302438e-05,0.0048568284090004365,0.016107845328276305,-5.63537640627997
0.03468322732646945,0.002271146023566718,-0.00211125523567739,-0.0026537510761661665,-1.1689516260970982,0.01635696977199952
0.03944625624014986,3.078322407159291,-0.0010309870204491527,-0.004047971154618142,-0.008094597170102868,0.019899958338964366
-0.027984367519421956,0.00043606912222396595,0.0026709534273499508,0.010161415138194227,1.4567269983496023,-0.03948903055623215
0.18653812251515245,0.004952630661937072,0.00011564552225361567,-0.001512235937443783,-1.2764149269922762,0.01828795954992868
0.010598775983411418,-0.1415270520934851,0.608932354834262,-0.0012100074800154847,-2.0801265436854517,0.24064520084904473
0.011951088214277594,-0.0009872311423207158,3.4106167426928664,-3.7568115414413796,-11.334166768390075,0.021440924559725794
0.004390043943205178,-0.01759899501478201,0.00011329088365534968,-0.008985937631560748,-3.3487905333737737,0.032517542268732935
0.02024638277637053,-0.0023731931211022905,-0.0022289863949643413,-0.9182830105479436,-2.123387161677332,3.633035257620321
-0.010847437903161254,0.019381053749300246,-0.7288512904350074,0.00611838799578085,3.715438772647552,-0.04969096946256113
-0.02435696573329231,0.0016762830693376717,-1.3333038025669155,0.012253393760745024,5.072413872995137,-0.01881525309316512
7.650069224103122,0.005798911555225201,-0.0020738651530564332,-0.001251121861093274,-0.019649846150906675,-0.0024162209162499337
0.02477226816700968,0.0012908688396317588,-0.0033468731399867112,-0.012664071610264185,-2.6314799294766322,0.003714593624236595
3.1753154340283767,0.6518845231103787,-0.01836678176278662,-0.007339490847378623,-0.026239125566092963,0.0024802113231672807
0.043857894353290974,0.0007461724033810686,-0.004559226311630494,-0.01764982953145927,-2.1922056222608868,0.05555169775622515
-0.025175556609863772,1.0198731581543345,0.0014904144806586299,0.8729014781061273,1.3161013364456224,0.0016829937153417518
-0.013880921007445866,-0.0020030813971906934,0.0116361390649176,0.16365169813960656,3.2507580691975573,0.021189450618586347
0.015037319940382175,-0.004299603967249037,0.5796504631109093,-0.0052410252284132985,-6.741183765240674,0.018073310393178943
-0.015045151532708526,0.003442313104964249,0.0032189871595933533,0.060486897507187165,2.629429683677988,-0.03834941679872006
0.06784081442434438,0.0026338636842231557,-0.003691835872160562,-0.006790442050261237,-0.5959438149202214,0.03572223376630021
0.0180707499904254,0.0008288840938575137,-0.00021651462246122333,-0.005937424045427297,-0.012392197470809234,0.02892528370207998
-12.28752797654061,0.003593400816303995,-4.019866901841041e-05,0.002006920746768004,0.07507261696786657,-0.017641249384505286
0.007136347735374443,-0.17371331402012513,0.1245106831657486,0.0016624070092391566,-0.0069236369802953834,1.14872796563137
0.009736961863457797,-0.39290279892663293,0.9925005851494042,-0.015169306174445785,-6.334672546047849,0.06079018524624136
0.0022179810628685025,-0.001610944729101835,2.688796542771885,0.0029449805634641224,-0.0012450517321047302,0.00341042517193817
4.301019104454777,0.0064655777877915925,-0.0005334062781736063,-0.0001950953466526642,-0.006005211792114018,0.05634882205572278
-0.01785036428831703,-1.0326769141568761,0.3967320857311641,0.005029763800544377,0.0070372349377264085,-0.004692766992316355
-0.02595942711766197,-0.003919477608862167,-0.14242617638609928,-0.003934963408924179,0.004133744739972689,-13.188247197190513
-0.016138573391998833,0.00031667596002603565,0.0018416662317989121,0.18626122036951998,4.639894472957693,-0.0016497506715255073
0.01854055807427872,-0.005194027295583681,0.00358433536571056,-0.03359382768491703,-4.77520445009175,0.01304591667445476
0.04040702559045024,-0.0002675449162604787,0.023241969574799348,0.0026554110297642153,-2.78687201133363,1.1042669160795455
-0.004426312097346695,0.00454106117052754,0.37740403204457096,0.01610952677163706,0.0036081516089655256,-0.00943701603759348
0.10497351632911797,0.008002071822442038,-0.006368122066229262,-1.1055617360507872,-2.661456716772455,-0.0013143742113411738
0.005810058672997234,0.0002850032534680094,-0.007518640036858704,-1.0109737482259789,-6.918630230910763,-0.0029889081367793224
0.007742759930845038,0.0007211988167460174,-0.0029682968492533595,-0.0046083001024377354,-0.003919326381459914,0.016384198815154846
-2.0037976193765656,-0.6153132995738221,0.0005038100138875323,0.0009026039246408171,0.01447331981442488,-0.012065932375792149
-0.013881827090233317,0.011198033627986284,-0.0027504770630841593,0.025550607777280965,4.849636457482079,-0.03945415800402774
0.010000729143500874,-0.003861749633178393,-0.001064103855543749,-0.04230973072208499,-4.679356142041353,0.007098615844951639
0.037313704192850815,-0.00146824608000945,0.03895252447476638,0.0005201490219671479,-3.4317873713620752,1.35587483130071
0.0060148963178026215,-0.03658902604839877,-0.0008127488536508309,-0.06943277951238169,-3.267897061567291,0.05714022987313072
-0.06125016569124156,-2.5209315200197535e-05,-0.005976019936824339,0.005397795160672125,4.0379600025675195,-4.653035901872201
-0.019852445634462885,-0.0021491766414728874,0.0038544425774564867,0.01420105961837298,3.297795914573757,0.004324499359963485
12.235330862403345,-0.0028060351226515323,0.005457064974678327,0.005546669353273498,-0.03270647749217356,0.03980306151654833
-17.734643397992073,-1.1897753578326629,-0.0026010031872149043,-0.004237114572496176,-0.00697195353851969,0.006621833893426299
0.08982343271126393,0.0047215832749896245,-0.0035072582443529516,-0.004336438383885893,-1.1504934972157328,0.016215420263842095
-14.173110335017604,0.009548237917805975,-0.7283319797383001,-0.002437177241443267,0.04392820352618169,-0.056850705067823526
-0.3668449364853276,-0.08167432768098537,0.056187020186634365,0.012190738708180746,0.05581491560007344,-0.007148775742708818
0.3666333508040029,0.0033111309465321047,0.19094753463072428,0.0020128523985439295,-4.100149805722748,0.03345506098996198
0.04277480056143724,-0.00028585405962985866,0.023271320693932507,0.0019938657917842467,-2.03861924481152,1.7121084329901635
-0.007880175322180882,0.0005470336929576552,-0.00016553148021687886,0.002613671922962855,0.0042068349867455425,-0.033659428099502516
0.024143828857801208,-0.0013125552986823059,0.007208819185596082,-0.005976840075649692,-4.042857311666765,0.010727068905148185
-1.0085370258923472,-0.01541172402967152,0.026663403689010042,0.00800135802738813,0.13490259580674727,-0.012541541487909057
-18.55539766052798,0.00026410493571741786,0.6088602277320145,0.06528949340829371,0.053863177868715376,0.0038626561166441586
5.358504546446566,0.013664923364124018,-0.19614394240941024,-0.9596581566122708,-4.558426668244742,0.0015631216597229436
0.03747631631655027,0.006872776399397918,-0.005270282198021614,-2.161195518531125,-4.9683936002151565,-0.011577433204154053
0.0034170078470025303,-0.43004803959941834,0.0015272896482179292,-0.0008980904760637468,-0.0023129248428446136,0.021353369514103916
-0.013576910103560769,-0.001901347197569337,0.012896956810294541,1.2791466988243148,3.0396411160813486,0.004394098563128335
0.5933881571964507,0.033854711108896283,-0.0013983853717469178,-0.00403935103963304,-0.14165890208332385,0.006629161151839737
-0.01656793674212139,0.006146366715518947,-0.784780832143855,0.013775421342771543,4.09704075280367,-0.022114105359288594
0.7818479662861759,0.0033112374487781317,0.008835114174397696,0.0015198245795844459,-0.4531885642222659,0.020540736474981697
-0.9196130985404198,-0.01092398742037927,1.6598487416403862,0.08780683331058414,0.23442049462106013,-0.005806648509852047
-0.04079189483439999,-0.0025411015164466173,0.000944336950335201,0.0018893308701843636,0.6241558450016488,-0.0318135685641658
0.007362265592933459,-0.002995462627983822,-0.001374617951704321,-1.664167478808169,-3.671649241606797,0.013849239814142544
-0.012425531406830618,-0.0031507660005126495,0.00698285675007513,0.03252182067728615,4.225659297840463,0.08175706046101139
0.007366551887097317,-0.0041220142948079075,0.0024225216860589384,-0.004006462301275153,-0.004939350737973745,0.01873839497564322
-0.10234691458295125,-0.015094893304545342,0.43912239676361187,0.016943449073506762,0.5748167704717271,-0.0007513217695452878
-0.09786822682220722,-0.0035460989665650755,-0.43759848275483293,-0.007838085888772967,3.029075856562594,-1.7572469885184248
-0.037236076539662655,-0.002066681787517956,-0.005462728975968679,0.000756232785392429,0.04719186959319055,-4.652273854219647
-0.005006687360075724,0.030349910110984507,-0.0004392548090186401,0.03300512471222078,4.179884496747856,-0.020636124391685273
4.1540219120861055,0.0006339707035290916,0.0014161946364855355,-0.002561311324643635,-0.02331338171102847,0.027856416305449827
0.015512764291213548,-0.0009345479730905471,0.030302667623164536,0.05928434907425678,-0.010457472922445967,0.7736743062236144
-0.001872839206920414,0.13694263136899365,-0.007977452622138243,0.00044810844616720877,0.0011726185642644432,-0.021630748582380867
-0.014048661822917238,0.006580310300773568,0.0030864379771149367,0.014378688220475463,0.04735031447242366,-1.9074584670969648
0.033187631400820206,0.010505989137107603,-0.0004184889947890448,0.0007496581029117211,-2.948635327628917,-0.015595057371517007
-0.003137319463718119,-0.009816897769265271,-0.005184228974159627,-1.8856886844942142,-2.826591879779154,0.012260431061833166
0.02781394296731321,-0.0014105129391731915,0.006731540374261765,-0.0002940462710073824,-1.012189388807907,1.3764551561672462
0.026360490213798188,0.0013396747319930407,-0.0010911383392915868,-0.005296162845368005,-0.04031675499525331,1.630699559491576
-3.522535364341517,-0.10644712281632884,0.00514243367725397,0.006810178241953353,0.00598779357525518,0.001347385832988629
-0.14566835071265244,-0.012377766656994239,0.01289270033348554,0.009111205933768789,0.19880855722774593,-0.013472406528940016
-0.03230110492525777,-0.0021053354081680326,0.4856951288440263,1.0237997624067563,0.8456168073833743,-0.00914252381532732
-0.9842868096413645,-0.004482722371405817,0.001165578931607042,0.007552242771621309,2.401876222676151,-2.7381572742058964
0.015172847812804657,-0.00784700107076311,0.9954756704409347,-0.01082187886760988,-4.937758111051812,1.0659085037294957
-0.046493085188214434,-0.011713481322110777,0.008698833153358178,0.006470140527932745,1.115626208533106,0.004936918175558996
0.17179564067454917,0.0019216494952357666,0.6563473022207802,-0.0018498516113380215,-3.903565009958271,2.421029100366809
19.053591222119223,-0.02046194109744226,4.679150677904062,-3.188907403000485,-10.951594937660447,0.06883595553905764
-0.004387690681102049,-0.003638938868830578,-0.005930211427489562,-2.4182039651675584,-4.480492253241096,0.0017407755002214476
0.12216840596044583,0.003500941187856588,0.0003275527505725464,-0.0049344909088227945,-1.7077146151307103,0.006906690624699563
-0.05183760388544175,-0.0014451739377465318,0.0013132621249730394,0.005499243674118949,1.3493962881397705,-0.037418501923407343
0.3844861139214755,0.006360290466527564,-0.0005838167747720461,-0.004664839424953897,-0.04837551956794987,0.26055472301519833
3.4364057711955134,0.017793821711950146,-0.00756438119456785,-0.005224292116563174,-0.29396369209087136,-0.001022376654375129
-12.908279237065603,0.008918632493788574,-0.008937553317997973,-0.002047908274133897,0.17079598338935037,-0.03275188828091302
-0.00041401992396992125,0.45511135315861645,-0.01583373920220587,-0.0036170330186181187,0.00022224904833428177,-0.7612201462449322
-0.15081832517795574,-0.020944555601723546,0.05976554548453783,0.014330461710367476,1.4556295657243927,0.0028608967508092498
-0.07439258142492743,-0.009782531600457283,0.31636748784529606,0.012218811067484122,0.3995563359538621,-0.00493477218520158
-0.07846280034343818,-0.007112552819789282,0.011244925483209519,0.010920206688240813,1.4725599948929455,-0.002095409411009025
7.89686298392262,-0.000933027333915943,-0.6988358825516057,-0.1375479400438011,-0.19973185998767667,0.008268211736595421
0.01083643961078241,-0.41588382338239926,-0.0007858030365141813,-0.007431760618151179,-1.8138777532261336,0.15223908238482653
-0.014630030414990572,-0.10698604727751512,-0.00024794310699988165,-1.517696008537337,-4.822926644757676,0.009496946635231485
-0.01030833162578812,0.007076582488430516,-2.53124257487816,1.5535240363622158,6.42678469773734,-0.20086757534533106
0.05176846943311498,0.003670557978646253,-0.010389782422094738,-0.0672039291563917,-1.4407077948190798,0.0033188609067870134
-10.868981750729018,-0.08880744579529241,-0.0016778136737286872,-0.008005127210191726,-0.011153190821927086,0.007130539124604485
-0.016870471165198797,0.0012888688620790734,-1.7905857240160739,1.5694741248909452,9.921231065271158,-0.048072818004521345
-17.46755974606622,-0.002980387587526441,0.032188007465324096,0.02058262555870516,0.04340792972439775,0.010402567319722555
-0.0011007766763122448,0.5366129815561038,-1.3842729165227263,0.0005111203650402865,0.0010153978158652965,-0.002908065481032748
1.067335154611026,0.403346240396609,0.0014413520066859048,0.029710512080830073,-0.1265710036171981,0.010578774894753819
-0.011112388080561426,0.004157599361130574,0.004170258722670612,0.029350150698032568,1.81168905646825,-0.0100076210418657
-16.064415239892742,-0.0027388166313090947,-0.0015737055598195088,-0.007177818691846749,0.013771719428077886,-0.0020241647414784847
-0.01938877682909579,-0.006691940296283949,0.04652456186286097,0.09938952593428718,5.0051898003830395,5.816970934839439
-7.278362885940243,-0.04619540992912154,0.019274474681986408,0.014390541441632876,0.0028456610758385526,0.019590721438486725
0.052149530503040276,0.00022342087906834408,0.01210690554068402,0.02120784908517307,-0.5276691395241037,0.05209774832698644
0.014638778135040012,-0.00968189631795674,0.002577930818151386,-0.009806489134789098,-2.7957786362808434,4.9814709060184725
-0.05363872283658633,-0.005736432936619141,0.4375015434024067,0.023647739905700398,0.09514202093324388,-0.006269539234806953
5.724549365974486,-0.0039533466403347955,0.004557982370393149,-1.6896187481412177,-6.430388230680608,0.5952670646214955
0.038583653677706664,-1.4932110077686485,1.6067791386978465,-1.0982110736446415,-6.858825182702216,-0.001125284026098683
0.02922063811324143,0.002184356052045288,-0.2610850319303012,-0.09222037472305444,-1.2062686076377271,0.0011325154199066656
-0.026405672660511546,-0.004748627494315176,1.1366209096268929,0.03363279494753563,1.4770853950937322,4.134267031828785
-0.03782872267995316,-0.0011845562253061778,-0.004520560242248853,0.00030795727647927457,1.45812806168944,-0.012645798504147043
-0.05420694674562334,-0.004485375919697865,0.007815316308118929,0.08006807645828429,2.7638630887847877,0.0011216126200203624
9.143616780523026,0.0349916007407845,-0.03338920724523531,-2.5775430360346796,-3.4754931041386237,-0.015392437824159444
23.70477865541161,-0.00607247892536748,0.5418527639780802,0.017996120616427302,-0.02962400166014896,0.07356133253850583
-0.020061640213506437,5.950969370670592e-05,-0.0038936676086078308,-0.0074993146327442806,2.883255869731889,-0.4735661089483223
0.14174075408470085,0.004661137684040658,-0.0016538832463712113,-0.010616902564399178,-5.747311664322904,0.008705218719404995
-0.05904563068801816,-0.0020072314410194817,-0.002481864302941763,0.005178630129670354,0.15483756474313837,-3.386896896539664
0.02821753852668063,0.0069776091471302724,-0.0005204980363406608,-1.8392159021070675,-5.8390798600548095,-0.07974389345310184
0.018748214751890174,0.00023369778570919188,-0.0010785160187057252,-0.00598118770928484,-0.031744663770116144,2.1729462878926404
0.0066973734558742025,-0.0015066187833276323,-0.002743673796877076,-0.0030196082437750904,-3.177669902537602,0.0334695310826747
-2.728355109814868,-0.006167923509214325,0.9264829610068368,0.013001826124479796,0.02696099399272983,-0.009745147021198136
-11.60493115021319,0.0003483260890989326,0.0008146033845999254,0.00039822968185293517,0.011008862826609955,-0.776538382740295
-0.010725715692572638,0.0014141415982268117,0.09497009573287957,0.6278205117673434,2.1417695023982573,-0.026970185267140123
-0.006312856472699184,-0.6233303432440918,0.0047149469196893735,0.0028791865958540134,0.0016841510591785115,-0.0015613585604792824
0.016894209383247923,-0.0022685987262713917,0.31061893161388,-0.013012396047974661,-6.171565241918495,-0.01160224185135883
-0.02121259457292826,0.001486972631008383,0.023316099264746686,0.043233934772522534,0.9025175083508084,-0.032987931328324366
-0.01274440667185282,0.012457571746727143,-0.2864799928161614,0.008617815107775373,7.306321228855088,-0.025194646623067918
0.0027416075500520526,0.4748216399319889,-0.012755082611897794,-0.0019855507262139032,-0.00100819526107402,-2.327064518067825
0.043490543574727605,-1.1423863828851026,0.8377137493790231,-0.01467411857504447,-5.228056012310959,0.016756057355131748
0.019415101561978156,-0.0011764137689940623,-0.0005887227630641464,-0.8068625507742588,-3.8338976775321005,0.01733119916377457
0.02114701850749864,-0.0005049783013546061,-0.003212158808357423,-0.010819354439059257,-1.3492679256049502,0.018969674976940132
0.04426734892156459,0.04378340825001997,-0.3340703561168288,-0.01395835879038182,-4.010742262269423,-6.891806640491954
-19.129022848073163,0.08549660621534083,-0.008074344389118804,0.000535018543724175,0.08792311421901045,-1.197509447949237
-0.12059069946829618,-0.008941852404084173,0.6443785623758103,0.14261457122678367,3.509589103421765,-0.00043062565483553694
-0.017199620831833587,0.6958926870080016,0.004023878357334594,1.3889114856788805,1.2317924464459076,-0.017081341697762986
0.24092131208068446,0.013781024844495332,-2.340840787767392,-0.11598742092200887,-2.6074418383936937,-0.030613867783235493
29.429845027599722,-1.2360462605400102,0.1032761628959876,0.005247178448672285,-0.09570962454563386,0.016332477873602258
0.11925335322629158,0.6004831541025235,-0.020150519221980395,-0.025859860310102012,-3.182978206484505,-0.028672940413893455
-0.006021445553996212,0.040658189547008436,-0.006413569966413275,0.009294650818834405,4.728023716948143,-0.01239945800430342
0.041446323984863497,0.0002174934495006358,0.0023178127247879517,-0.0014602076911082451,-0.8276455341432106,0.08229118805413083
2.8871881920436597,0.00680504747440213,0.0026671144452983823,0.004608688631831538,-0.014471194512249647,0.016241039177549266
-0.11191866273593895,-0.004746588260140626,1.137950643483234,0.01411690633487802,0.18687092655705292,-0.01783720132879215
0.010954709125780428,-0.005203756836945385,0.0025404181157582806,-0.9124762413014089,-4.5005488597332155,0.019996996264991962
10.609010328724574,-0.01616154733377073,0.6270624946971921,-0.009951044522988117,-5.580822977953028,0.04923304073850332
0.015742176727576985,-0.003911293610743728,2.2463814249625968e-06,-0.018168265389242433,-2.6751363631522045,0.026107729447990224
0.015894067831048908,-0.0030153022231798887,2.7783088653031696,-1.572848678853969,-7.755226977533885,0.0821665882730418
0.059388005589380975,0.010549615705304358,-0.0011480180885889693,-0.0033868959683631683,-3.5396955139236406,-0.012270088411357016
0.020979822640058196,-0.002189822188211633,0.0013040617287728429,-0.7629943415594713,-6.835064278719713,0.10431110663588239
-0.004453064551216419,0.010917497697974874,-0.0019352964400465439,1.032106824271752,4.867566022264446,-0.02728963422544206
0.00126910848708964,0.0032309448539633184,-0.003349574124888765,-0.003851561557013393,-0.0003369916025028541,-0.002578669122220436
0.0028922794278058907,0.22841578043903116,-0.12484620423466648,-0.015426611320494514,-0.0006809088913465145,-0.005788623265167719
7.029767482901879,0.003764524149371896,-0.5447025799482158,-0.02327511663402404,-0.023704778775811966,0.0027883536581706503
-0.007536732247236947,0.038196288504104864,-0.002653734627221469,0.14525028947518193,5.153269419653069,-0.0225860916435785
-0.003862360139744697,0.01051349347103231,-0.017534179054684462,2.7576672396786783,9.143712831226887,-0.016150530571236832
0.0038030231158259903,-0.03214071395350389,-0.007096143009934899,-0.014558654471874093,-0.01059518684572168,2.1736241042005173
-11.76615859380726,0.0010207996376004223,0.003620198513914697,0.0052777218484793,0.07316231895553088,-0.009054486236912851
-0.3391462497713035,-0.016386751087995956,0.09766557733727725,0.04092187371601147,1.5992478760423214,0.002170506306997222
16.947051390959714,-0.0010631836304977205,0.07758913063323067,0.011191524213846449,-0.006978700175419376,0.007594662133400876
0.01983882167293224,-0.0005616276243831207,-0.0016401707232567664,-0.011957357947862915,-2.6698797058371344,0.011883561834396428
0.012869931402428092,-0.005438239273816731,0.0030483224626197264,-0.004172380597191883,-3.6563501193930534,1.752349626813988
-8.7488786000454,-0.008652457403189203,0.0014157068019977409,-0.0004303792215214902,0.004869111649756983,0.0027934462412073646
0.00403341252898981,-0.0076735093810212755,0.07658422068878497,0.002510344776160186,-0.004875386360671433,4.103232201194421
-9.824617077288414,0.0026880025868376662,-0.0021363279293834295,-0.0005946291336598047,0.10154377334095552,-0.012770180045547974
-0.04356521567716318,-0.0016584264248734935,0.001092110101549507,0.003231784085555394,0.7433111219199195,-0.03864199414580316
0.03619788851819311,0.0015222695663928733,-0.004032851803247153,-0.011772405440431524,-0.6629315990576838,3.6612008491946924
-0.04047831411855353,0.982690655301083,-0.21871951019836788,0.0024434916777239107,2.990849006453864,-0.19735111793202798
0.038264608287966385,-0.0006727018599337782,0.8069980123190328,-0.00998625479765608,-6.294950440126392,0.05253477033386833
-0.13223676939791545,-0.0025210042034838794,-0.0004894143762811873,0.0021030978169987377,1.0882391452370646,-0.5641213413747184
-0.06733003978010348,-0.5837587970350943,0.0006170330801808803,0.0009402476575020857,1.7587465860411877,0.031175967323382237
15.832716539191345,0.004588987052809975,0.0006241720788909037,0.0011785249137648834,0.00764468526440778,0.008638593923549376
3.3094400982106027,0.10347265167389282,-0.00504765847896667,-0.0035707189164205302,-0.01822401419448913,-0.0037686072381377944
0.003629753210326922,0.01285693099306695,-0.000270090711872506,2.3023733519549356,4.717564762674032,-0.01522960072189905
-0.001237616187702295,-0.019298409025620376,-0.006306872238577468,-1.1166442525873461,-0.0028526463357662277,1.320348298496744
-0.04103074531015615,-0.00045749519805053326,1.677155889601579,0.025056720619723458,0.12063314815840617,-0.01577053209141445
-0.024370535572446575,0.001560744675144035,-5.1564969654655434e-05,0.004989321828711785,1.2014542706844047,-0.040905629878913496
0.03295437013266307,-0.00022626834978511923,0.4740254006100475,0.0007259071188369104,-4.507307933357772,3.06208326835268
0.016514577784471518,-0.005954318833392924,0.012346172633642849,-2.291528522355307,-6.439227141022116,4.339834994410154
-0.9865889225564701,-0.00548959208942089,0.0003519493897394707,0.003324986186039755,0.4681896035980629,-0.014912476397101138
-0.006913517991431181,0.03342536511870123,-0.32205216968370154,0.0023006166224222857,5.1768709583051375,-0.5502021256670879
-0.02290896660598056,0.00010690583726230378,0.0041570203307246464,1.3306013007024893,0.9527233742911143,-0.008106721482547347
0.0034663534408974073,-0.5558785610975392,0.0058517785167918335,-0.002193286593994927,-0.006594793999884552,8.441542687627559
-0.0178024673778166,0.002310653548187769,0.0034823471014753943,1.0595998426563629,1.6690011663856588,-3.968384069783376
-0.013659804886999277,-0.0010698052300550827,-0.00343936217726884,-0.0104855252661992,0.014545154973374386,-4.850882517369131
-0.045631219321623916,-0.005051051484956929,0.21511479758508814,0.024362829178201817,1.3977282043127304,-0.001122426582199021
-0.024318625325217058,-0.01355951353208536,0.34899482427377393,2.7659649115055345,3.7389542041252706,0.045952346374911635
7.541732463301373,0.023925808203153535,-0.004824134628988845,-0.0007148245647527335,-0.020780574948930812,-0.014479287086115233
-7.21231205715912,-0.0009429557953974318,-0.0004936861676695195,0.005894848050254031,0.006508179262714084,-0.006441408218930966
1.5038935412722638,0.013048728558559155,-0.008388935902723212,-0.0070534664981903375,-0.21920981409756798,0.006429477559056401
-0.006578195811570115,-0.003215412770742833,0.006417130477904411,0.006064730981953402,0.0030408095384618617,-0.003662922948705893
-0.6828930629490108,-0.014019911831106756,0.005478814749637215,0.012087511701869308,3.6274133007789606,0.005199269721217203
-0.012572426542591657,0.013151455175609849,-0.9051046938764797,0.006846298441733928,3.3050572921578105,-0.053339299623322844
6.378932396857166,0.04182950342107435,-0.0027036116442340405,-0.0005779032903017178,-0.005778245682101826,-0.009268229296060526
0.007258495947692167,-0.006959896815239194,-0.008078791557663806,-0.021295193998931955,-2.405271656128562,0.21123774750392377
0.020989988985673877,0.0028646549046397246,0.00490056663554542,0.012952195572720832,-0.007921162069727691,1.718183750070416
-0.04308497402026501,-0.7122049758280024,0.5731004820126792,0.00653069198885246,0.04240938466734748,-0.003840912806127552
-16.338421154690085,0.006378459069048512,-6.08398623015401e-06,0.003193386396375869,0.12903482577051795,-0.01555559546509988
0.03082202312212581,0.0010328848578912426,-0.0021012172242709393,-0.00817773014633534,-1.7996174668288458,0.008974278246808687
0.2345816087958853,0.002762656643648831,1.212206143323332,-1.8397366088001235,-6.899580583406127,2.2643155482622745
-0.1391993703331044,-0.004208713992015974,0.0021140676293387446,0.0067957460551817265,0.13684720922079385,-0.16812832020909
0.025395376580820805,0.001383994113940826,0.0005930593181846374,-0.0022074856732448786,-0.12424375381626374,4.399226747424926
-0.004629587472734373,0.0005928501290105143,-0.00605104876428938,-0.0007292883215600271,0.0023125391264987153,-0.005427650437440289
-0.014385494948153532,0.0042566003164823925,0.0035982770563572916,0.012449545202146991,0.021828060917702292,-0.06684194409125464
-0.2050240213856271,-0.0032409549691915177,-0.0006733536071495069,-0.00022935054951173095,1.9472131555578103,-0.07750943973649504
0.03337887215273774,-0.005148961358563853,0.2804864799852149,-0.04090755896339715,-4.809009620848023,7.0080847940022295
0.033719883352306204,-1.3294693477201402e-06,0.013289509936088661,0.0022222754473017747,-1.754620623536089,0.017376903660348775
-0.0023657878739236516,-0.0011016569183196418,-0.004223880732133978,-0.007015836738227478,0.0008412838679455515,-0.004653023805052639
14.778179735706985,-0.03016691407936012,0.032285595552799196,0.001095819032698786,-0.04621962813399372,4.75099817893998
0.04847020187229928,0.046065452481489785,-0.008210143700698742,-0.008611966577432309,-2.4038015154455805,-0.0673574490377713
0.04447636169298094,-0.0010761851659348326,0.035164334894386945,0.0006171096073551222,-1.4421631818560718,0.044368328209498376
0.028835343466778546,0.0019408761605711226,-0.0006347870311716993,-0.00389237526318588,-0.046913422091117846,2.246738853297123
-9.456406348594964,0.005923302863455215,-0.0035311816983027433,0.005300670098654259,2.177161968112479,-4.29258602927716
-0.014881519488773658,0.0034393681333429313,-0.26557684842247875,-0.0010965066125840084,3.5901081450740877,-0.050789509393926124
0.005020090164263938,-0.005511342145637837,0.006271157794897138,-0.00027238389746793917,-0.002649101096510648,0.3966150898563551
0.019637931803784946,0.004350754005681712,-0.008947769082655002,-0.012778041484627106,-1.9062395718100953,-0.03027602370110799
0.020064218376014367,-0.0016465360349309961,-0.0016451297142068139,-1.0015939996909768,-3.6038894181557866,0.06408744261422727
-0.004004963921903387,-0.026394679169185475,2.9509525680241886,-2.0649737780131048,-8.973140676884578,0.017798773364059883
0.012138542496312948,-0.022950879030694628,0.001069690472609349,-0.008748355745070699,-1.509959244626748,0.18420009302241902
-0.05276126187625301,-0.0037828538970282283,-0.000294921362852467,0.0026310725714760175,1.6408879298880228,-0.0031297884032686074
0.028504733508080304,-0.0005232307517663917,-0.0013316946382965836,-0.007132887225018841,-2.214030834145671,1.803156597905133
-0.033777319155376934,-0.004708940049084258,0.00914315451405627,0.01315164317334895,0.9338083685131758,0.0071603190703145025
11.45377315394739,-0.010357693816362066,0.7325703135784745,-0.04143679636308617,-7.011328520604637,-0.003953485591368988
-0.036450914066597895,-0.0005543652438657065,-0.0013371066320458057,0.00466690774635764,0.6784192952707686,-4.589354808700872
0.5246781113364161,0.020378401239497038,0.001106289869265931,-0.0008432113734575253,-2.876546050152821,-0.008349315940471391
-0.02297336037613494,0.0008765013474395051,-0.0016268366104172731,0.0029682003506015797,1.8412394270471266,-0.01624151018074005
0.007011848984035576,0.0017259653389865189,-0.043117482511810745,-0.8666204762608825,-2.9266041065208834,-0.035185523560989695
-0.0544697800439728,-0.0014195956712371978,0.0002107668359582877,0.006137642539243957,0.5899203126470147,-0.017269235596959365
-0.005767309418282296,0.5115766537900583,-0.002701591491488173,1.411984509205361,5.800848249397742,-1.5280681103194382
0.03583534654423684,-1.1755709499927454,0.009600449561549207,-0.004873213210935395,-5.131441311387363,0.8691225009336989
0.18214298285946884,0.0029233193461104257,0.00036268228076199245,-0.002263379121382955,-1.6695444370793853,0.048215007820926914
-0.012381298516186412,-0.07620789436092341,0.33088936755816384,0.002936465993624597,0.006923617980212321,3.6108968696550723
0.03388570993097452,7.022854861857335e-05,-0.43919300214831253,-0.013746783301566333,-0.4260538786770525,0.08698232956305965
0.050138943818154584,0.0020798695483394514,-0.003230099698670267,-0.010280163847646032,-2.4025140771084583,0.01795180443974198
13.529980302375398,-0.00384152891045016,0.0009915571681237637,0.002653870698018923,-0.07232219447088524,0.1529683076552777
-0.008065508091334555,0.0039035334550853486,-0.06567860437696454,-0.005126700648661981,0.0050409625292270974,-0.720841681166174
0.025890396633486374,0.0033350585424657803,-0.005420696692857371,-0.013794536643028252,-2.431390423409038,-0.00797060870737143
-0.014055878731001448,1.5222303606630359,0.0021600233497795426,1.79474782016519,3.117490997533693,-3.0552895874567696
-15.839439469562526,-0.01761548857370756,0.02462268150570203,0.010804901185997529,-0.0007629772891051389,0.030210567657254828
0.016160453145269166,0.0007464719233685488,-0.0019204152576929895,-0.006228886434606368,-2.1850448791913757,-0.002553256965151296
-0.06066427346508841,-0.0015010294483287386,-0.00010806249574729654,0.0038057059032751417,0.9067294032282821,-0.048709880374039005
0.200051727090209,0.005409381836014103,-0.0012856561980513007,-0.0016650588018909118,-2.0615243936724577,1.5977271794488352
1.1561186657198665,0.6771423128146327,0.0021077747078396265,0.0036747950435425947,-0.01241862708178273,0.04201597969037879
0.007019982352656906,-0.006743783966355794,0.04632167675422427,0.006013155586688024,-4.352004121853154,0.17856673675723655
-0.021503093838380633,0.002432901561573374,-0.001780540059719557,0.005910367265653152,1.7560603785496858,-0.016562180363855483
-10.442244310033558,-0.001663086397411593,0.014174452161615808,0.9110360381132274,0.05280923839044668,0.0004455167486060452
0.16323805393225854,0.0244110180725187,-0.006649941643001589,-1.2807942016946523,-3.3170815900961284,-0.017114331419761597
-0.0025097826482113456,0.4791722997310779,0.01989573914967892,0.01775181188269946,0.0021678589286295326,-0.006042286042226332
0.04192096598395365,-0.001111109337355756,0.0031506766795499908,-0.008241156986783238,-5.638420726387276,0.059265080088866995
-0.0076307528968745375,0.0021468669290412275,-0.01603300622925388,-0.008939731481373617,0.0054166833200989875,-1.9803755161486614
-2.4937909529119855,-0.004716682994070988,-0.00041975350708085477,0.001482112389377746,0.06032879616138665,-0.013579946123406794
-0.01395833556175172,0.005149388337494398,0.000793402796449183,0.008999134763832857,1.2437295814318547,-0.009981428391054176
2.454947317164831,0.14712024731448045,0.02009635375331997,0.26162695972207195,-0.013206447368972394,-0.001093437329259414
-0.011626762637698226,-0.004505983955016078,0.010764063473066604,1.9589810114700672,4.104604608833895,0.042896215882918254
-6.905226019851877,0.0003871493052849846,0.46500482924963277,0.013152678433327847,0.45249352658843967,-0.03262817459532774
-2.58682097649528,-0.004471046287748168,0.0034759127898098302,0.00404308571556557,0.04546781161947029,-0.026824459914148585
0.003842939932445777,0.01684856439306257,-0.008619130016792858,-0.00466319925935984,0.00022448798690451188,-4.221992636850306
-0.026109946411856294,-0.002800415712892008,0.011905778053613592,0.6364308100831191,1.776381314294883,0.0033885935934155897
0.023333860894406158,-0.0012713232421515698,0.003659473460891738,-0.0012628657292738724,-1.884377680333312,0.022908841849676065
-0.026039361106059984,0.0014831899649175879,-0.0035639042091490567,0.0007505305722889655,0.9921849756172466,-0.08345212647862144
-0.28284648460083706,-0.020195501489203245,0.004999434794100978,0.006347820450997424,1.6610557995429802,0.004882687226132165
-0.021722726798428613,-0.0019225732085151517,0.7683827689796425,1.9037724568894347,1.7138856484957694,-0.0027672883767316803
0.009656796533012728,-0.0004618057241349124,-0.008009867547523858,-0.022790063338352984,-2.8307752451742125,0.00045998401670571676
1.0151748773044342,0.00851850475070269,-0.14000411284425107,-0.011228823464086907,-0.03480201114536776,0.038404182545680024
0.013961331443358475,-0.3962088399829482,0.018501794285771866,-0.004097205168864415,-4.491089470686374,0.10746454905967084
7.353041557949436,0.33166704859303064,-0.0014935572110934478,0.9763156423147956,-0.007660889226252303,0.004403885159338483
1.2003374725669174,3.3782182760947124,-0.0030501408546196387,-0.005168765225118298,-0.04217419678380372,0.0389463067434489
0.011359632007434554,-0.03858300245155993,0.01685353770999154,-0.008415715391925871,-5.070285137276361,1.5153698218709621
0.012280273239901413,0.0014627674562354628,0.0014540669268395872,-0.0008894651592090412,-0.005297799312441329,2.9619793590489243
0.006192926331900541,-0.010882695075596248,0.0003632449672371135,-0.009477570435121097,-2.8145209520079724,0.00726909448164148
-0.07329400269620885,-0.03375841503350277,0.0031423823121097196,0.008185892503483339,2.641263964057066,0.04385610357323089
-0.006495127860309882,0.002206775075052403,-0.0006356503638024619,1.2079547135705884,6.350768165594622,0.003257674882448214
0.0023100591430743594,0.001572350306434952,-0.00018656112986998444,-0.0006723113770632145,-0.0008112963345586949,0.0022818490020989446
0.0682115531098263,0.003849683403780512,-0.720140905599173,-0.011949544983160022,-0.02949531513093724,1.3662577607729978
-0.02824276839475907,0.0017601444120661485,-0.0067304430892456465,0.00018851153683241417,2.00306666065739,-0.20009454039967123
-0.02872830256118394,-0.0003354402256216483,0.0039774033987219634,0.09056213553784975,4.000659024136433,-0.014310941164178415
0.09860657998106148,0.0043132357070874636,0.0018964372504932658,-0.0028924302140270197,-0.6867818900813969,6.151989155878855
-0.03444692235392677,-0.0013820168602529028,0.0005638043046734453,0.004708833109466615,0.7574816864906043,-0.011914432524719298
0.016626211955380693,-0.015592724479322854,0.8479715253966325,-0.04271992507809397,-5.406014374163895,0.28708053064938177
-0.016356252594914304,-7.713092762441642e-05,-1.0427583730092167,-0.08329001595420549,1.807581001103015,-0.14077857835972818
-0.022383703578158914,0.0009055312238235129,0.0035083658230214906,0.009517126428247168,1.0285623273546514,-1.6953117994202191
0.03139214378714319,-0.001080768953503992,0.01141787889932024,7.630054669825748e-05,-3.0749711912508926,0.26833566625457994
-0.028101658885364166,-0.0033122588502975574,-0.0008786863759988107,0.004333543288208751,0.018236911913481948,-0.035846862408624565
0.037776881777544964,0.000859004811388482,-0.00040406452711863226,-0.008002396306266195,-0.05832228786050164,0.06726567286312363
0.07769871717288396,-0.0015352857653795349,0.9558726085115978,-0.05217402981448671,-4.539195146319685,3.432938165459518
0.002760044517387039,-0.004346339493681853,0.0037612047366862894,-0.00015107641024591882,-0.002444390094809068,2.628592950988325
0.05138613682955381,0.5090616717778538,-0.10923639203250213,-0.02702159597643164,-2.341418166438539,-0.12715056930849755
0.015723084997408335,-0.0076145952570882275,-0.0015938096290266518,-0.04529894764698994,-1.5270761171610712,2.6351621848492996
0.04651193436459354,0.002762179794534787,0.006906302860721889,-0.000342270075244705,-4.064146040430952,-0.0024744155764599984
-0.01303499321790829,0.003273305309931862,0.007019948153506914,1.2403682269936076,1.0899552304468265,-0.008949324981939566
-0.017149778615779373,0.010405570153573955,-0.2767705962672362,0.008928431751348165,5.137695966476858,-0.0356305191917774
0.0018123445680460612,-0.0024764327490541457,0.000673620541804873,-0.001010333668144495,-0.0011372554082540527,0.005266389463756469
-0.00031610607121569314,-0.4953651776867622,0.006655027825392373,0.0019189182284362642,-8.909707690706605e-05,0.008597776256616771
-0.005685839055227536,0.004763768659626,0.0010208210269593452,0.008611062642459979,0.0034395541528302468,-0.017180810377520353
0.009359554816097465,0.41397480754403365,-0.004035839929634309,-0.002209465904333392,-0.002629792059227201,0.003921959076701816
0.05259270423054969,0.006024469634336413,-0.0344420071335627,-0.011389364227914638,-0.6227633995083701,0.0060895816629406505
-0.027612433831793494,0.0010152701983878296,-0.0005005906288355103,0.010987793969193665,3.1354210652079635,-0.018591891801124527
0.01375601235433315,-0.0069464261793764975,1.426031651953516,-0.013154469777448052,-4.9454982116055515,0.028423357923606396
-7.051222848071511,-0.9851908917400269,0.0071779297383768835,0.005029075024217816,0.008890405318286648,-0.0014133539399467931
-6.8031989883650565,-0.006827424811358764,-0.0026813769588550996,-0.001213798639774527,2.091823329937198,0.005109043967438165
-0.005593763972163587,-0.02149441671617417,0.01060256218679552,0.002237139578937541,0.0021039722838206293,3.2720591807875934
-2.091207242403426,-0.9033117142360196,-0.00155949552294126,0.001128714548739057,0.015536455651611731,-0.008786332191686091
0.09743568290492544,0.006183621761253772,-0.003492959644098449,-0.004862411515208645,-0.4126285750311825,0.025349861844584223
-0.11266140660938974,-1.541764846501208,0.00037718275698811726,0.0056971118596073345,3.1822023674169153,0.03533259583229653
0.03268260248815781,0.0011330166052406167,-0.33073908254061735,-0.021337387811865782,-0.0981658692816879,0.0155722970405675
0.0011130963189039647,-0.01318433060626872,0.007461503739953806,0.0009895595840604073,-0.0008972370720589152,0.009415959119761782
0.005433023594640447,0.00858700951673072,0.0010894882448665296,0.0013780552149523667,-0.001739913454189144,0.001794328369225382
1.448498108044504,0.006296021535329126,-0.0015854012972222335,-0.004350492030126853,-0.015051840897844056,0.213103304924402
0.04803100156420881,0.010180414839781493,-0.0004006083163329288,-3.8378589471494493,-10.743154348523,-0.0351804738192083
-6.332362032213972,-1.5587820223785376,0.019960556644166155,0.007594041092153239,0.03336605277939449,0.004773656442368046
-0.008827008463278455,0.0011129560637182373,0.7047299573985657,1.3147501271161985,2.349781580761058,-0.006875255599363639
0.9001453858465528,0.021461991329563775,-0.0019515714700230995,-0.0036331492362214786,-0.04181384620852159,0.012108447994449295
-0.0026276056572431816,-0.04055061491611523,0.749165223994081,0.00039170555490745593,-0.003077514197169229,8.663578425233789
-0.030834141377915958,0.0011682988494312596,-0.023782898791341933,1.9121071945515933e-05,2.3336304060964324,-5.4698397961388565
0.022360232578733402,-0.003224149387486118,0.12218326516833705,0.002099325802758109,-2.7675329841189735,0.12972563700687134
-0.003196307185926117,0.0017934707087246607,0.008256052574049072,1.5667013061769755,5.5392167974697015,-0.017343270349946538
0.025714129925502066,-0.0014173352544042863,-0.0008541237763557037,-0.45995319088809783,-4.179146930143165,0.101616676531461
0.03471017499292549,9.232332827057875e-06,0.0003659146071051014,-0.0030624468135014016,-1.0191912610710572,0.060616764966668624
-0.029670294240366407,-0.0016595984132472539,0.0005819659519321241,0.006843116447106445,5.112624559979194,-0.005547352267228245
0.27424384926708,0.00680518905912895,-0.7504156261173268,-0.01062837053383136,-0.03156763471222968,0.04003987788315473
0.010584434793812306,-0.004805559869641769,-0.0028358700412605105,-0.024378842174715226,-2.7284160656075955,0.02369535557345359
0.06967126210156424,0.004314130144486994,-0.0031164401050140502,-0.007876856117831177,-2.538740134825154,0.005867827983038032
0.01923616835998607,-0.002646914655633705,0.003331097999454858,-0.0020257534017763673,-2.131005889314597,0.09159505962208137
0.0009250838910491296,-0.22076347380779,-0.0035256962450787846,-0.02451477169020841,-2.451283761795273,0.010718698999575005
-0.006336258539793582,0.009439812922271406,0.0008009397747760424,0.93575018540513,2.1278023175817875,-0.014748291919942313
-5.965353682158774,-0.9556185231554783,1.4655775385524445,0.015747030317123933,0.025838044202366146,0.015305612198205809
-0.0003084261602177209,-0.0003262155956376624,0.0003610587681355132,-0.0004340231460452233,0.00020579791841105643,-0.0002212143074721178
-0.03275178351928067,-0.0065219116382529245,0.015148178501526749,1.2182768142904532,4.6219331657192395,0.0060279637293307875
0.31951825006033824,0.023512165178054278,-0.010793076456726702,-0.008739480886208482,-0.551900749371269,0.002616994976438844
3.12605998543825,0.011529904159260473,-0.004143839619328897,-0.004563381756013632,-0.02496532606844004,4.379290350837426
0.07007340618233839,0.014309265053697803,-0.01122518883804347,-0.010244853972155679,-0.026619250344561255,0.012787482979512474
0.05015346640083949,0.0034844154168964317,-0.005271726287481189,-0.007167927798612132,-1.4533218020537955,0.0086659887409416
16.12070874290307,-0.003926863818488929,0.002738983276024161,-0.0013761027365523926,-0.24456570603675415,-0.03595342926509115
0.020001399934590106,-0.0025146676842099703,0.9967191090398059,-0.0019866082646301797,-3.2985596981088987,0.05469357205938574
-0.01964138011978131,0.36943015854591515,0.009418420478137055,0.03169490897840268,0.3737692226620866,-0.02515889061445261
-0.04353395399573433,-8.031586452655892e-06,-0.012477674184084853,-0.00010562586684131903,3.4911563794968536,-4.1415546280905176
-0.01970228504308502,0.0009497689405739071,0.0007439291944446591,1.8968439154777315,5.868830092575486,-0.0742028117316833
-9.42665392271466,-2.305823725987374,0.0009589025500439719,-0.0019042301591796484,0.007476022176172262,-0.09988784669815765
0.0034774929281554423,0.00028617012408452887,-0.004157778897311484,-0.004277465693435599,-0.0019413342190434282,0.003718222301379549
-0.002156050119090168,0.05982630199478999,-0.007575440299248073,0.0005095945355818688,0.003375807681665892,-1.9619075473029206
-0.01903738582450039,-0.004227165546249027,0.012368706020272097,1.4299284044126397,2.7733514707773357,0.010199773632062925
-0.020991199268343114,-0.0015514636629300976,0.5748869844058131,0.049914822925888,3.2124653672399384,-0.002544946192180153
-0.020738707756433973,1.0740844080673586,0.0014485669911565402,0.02805864370736391,3.2908837024582516,0.00180815119590505
4.01252555340999,0.009686834657610728,-0.013312941540396243,-0.011790937479716296,-0.03496858108990503,0.00016161134146111533
-0.026761276183615887,0.00035667213532004953,-0.01155447341186972,-0.0046015503275258565,0.9201899097945011,-0.00875311368354155
0.009104296394014694,-0.00013412747810304104,-0.8451516144983353,-1.3356235333612716,-2.883527305096818,-0.0003239598393958154
-0.5660751423250517,-0.012545970345770223,0.6408237359202459,0.011056178763210411,0.8087034754062988,-0.006599481405681534
-0.052851766077993474,-0.0032093663070950464,0.0035142263740953854,0.008157222671800893,0.19341555156661847,-0.0198719348232684
0.0899557648574153,0.6254328905023998,-0.012642075061131852,-0.20267637172403852,-5.400884628293447,-6.182455457027885
0.013998073203339989,-0.00027394554570687996,-0.025589291600990858,-0.021492321601950776,-0.018146513824364757,0.010192568078800231
8.770645725983135,0.02846447823454461,-0.012728222024914552,-0.00625986088308389,-0.007223790894761896,-0.021318001553807253
-0.08931721175630356,-0.0034181762258655617,0.004072554866573933,0.06742282878930106,4.6783589013175435,-0.007633270164630224
-0.002189265080373738,-0.025328937055369403,0.00035654068507286803,-0.0032071915784004255,-0.0005525930872740253,2.1700118025069344
0.001612695114608445,-0.17108233696222508,0.0015288528687097754,-0.0011654552181101581,-0.00231475059229839,1.010542464653799
0.032298680560859855,0.0019975516152454832,-0.09677973170436394,-1.6667246943037117,-0.7410649695188167,0.017266068128553164
0.0009664042970676384,-0.0134615958394836,1.8510728997954926,-1.2658816117283713,-6.312599017710302,-0.01173702237797647
0.037834751812033836,0.0005522881425839079,0.00046890995626987654,-0.0025861013883841724,-0.8630591461744911,0.05136475207780927
-0.09173181033805339,-0.0030168130803858014,1.0404252917855301,0.05911354490276066,2.2170284445292383,-0.01402334576598363
-14.588518559620645,0.03252316473071426,-2.1075393512710576,1.5772304329461377,9.027321661660537,-0.1151852592099658
-0.0303585670855364,-0.003925805676468936,0.003926786966049145,0.005871399320171182,0.014217312840417759,-1.459430394828557
-0.07317075578748518,-0.008444357807610174,0.0031119364110932697,0.011732231325787337,1.3215282169708384,0.008566932777313074
-0.02124061895174134,-0.0002948158433898326,-0.0020181757043104026,-0.0012199601665487808,2.546197929600157,-0.019868921095463232
0.004165683624167515,0.0016429298904303748,0.0016797861605605659,0.001514393384085579,-0.0011060049343281676,0.020771101156965222
-0.019488720133081325,0.004359300014301744,-0.7407569976688204,0.0020739496826846643,2.74140770379576,-0.8922531783973575
-5.284754492946738,-0.044165649380846224,0.010180088158707714,0.004410905065523302,0.5492752327748331,0.0038284224681375822
-0.020490441611219733,-3.8977912571308386e-05,0.06716071968907408,0.031301110207087715,0.03597544538613473,-1.158085745661089
-6.2072931061049665,-0.009440952713602685,0.003961175046875473,0.00456804378829502,0.01986671352075356,0.005872888009707755
0.027215514237558285,-0.0015277531184838405,0.7448314160743016,-0.0037072808312900163,-8.630913206666042,0.07416956787386741
-0.17071886063155736,-0.17771075859558289,0.013896278059585411,0.008814654666014068,1.7570715885432444,0.011347289522244508
0.007254488043069135,-0.0026804445498496456,-0.0021667954255441086,-0.005721871460407238,-0.011079673942080051,3.196904055203271
-0.010390411219212609,0.0004213905973076259,0.005251988103318868,0.019430136335727616,0.010037784587902499,-5.199582762861036
-0.015264247396536208,0.027317816035079268,-1.1443195161808406,0.21069990400190752,3.6530822594202803,-3.7604771488535818
0.0035890219082844177,-0.0003493544475220503,-0.06228576822560608,-1.494104202450571,-1.6702878748202998,-2.365329834076853
-15.213995083950486,-0.28925093753638825,0.5080869781573379,0.05293912121150335,-0.01926075753022817,0.017594932566829202
-0.002815036085419862,0.002575023423794015,0.6051942172641283,0.009870269844064585,0.0015681683042617274,-0.009832898060116575
0.008764012898176132,-0.04516542999297424,0.056052087537840634,-0.005233970400605914,-7.209644469791961,0.47654220386366575
-0.0006665202456543617,0.006916745106657648,-0.014700526866012607,-0.015377630887369077,0.0013994759419316896,-1.960105842429151
0.14169957591999954,0.1058576111036893,0.00278252529930173,-0.0027157975986342175,-5.4259574815385,-2.9267620882008245
-0.620310355170879,-0.5269453730357242,0.0746440743328478,0.020213792467788955,2.1334847218795336,0.011854061022372853
-0.016669089550000928,-0.0007644986342782445,0.0013048742832798101,0.006405774068716119,2.527588475546443,0.003820288508891434
-9.213502543559258,0.0005643814786879097,-0.0008117376797780468,-0.0001388425547522304,0.030288936625487636,-0.017364277553869156
-0.11585366712483486,-0.0024427756940378093,-0.002162384521139745,-0.0001332514152606462,1.7301691748204213,-0.06479384174640002
-0.009587901215515338,0.007043537818715681,-0.9470637232397223,2.511572333949374,10.186793213143993,-0.07639416509417707
0.06928186699872646,0.017620459930402843,2.022944202541094,-1.7994019466071478,-11.23392257757152,-4.452229823315179
14.272920196496766,-0.0024937963503604997,-0.005333719749074928,-1.1827183448533347,-1.5006833170865104,0.009368720148434706
14.1931076386035,0.0032209469313523448,-0.01908253326198961,-2.334391076903607,-2.9997243662259754,0.005087899211094982
-0.008483538945837227,-0.0005009942284489744,-0.010534915896321499,-0.41793546238941043,0.006033773703355172,-4.384747748174373
-0.03563091120430145,0.0037835497891814136,2.001234901265248,0.04220717433057031,0.45904531021011347,-0.05753651798768866
0.09019809580392171,0.024249966701770265,-0.001287692874638096,-0.005690774396041043,-0.02768571032228026,0.014263846659465236
0.025622018630428327,0.00026849350448309676,0.006921019912568968,0.0072777074339014786,-1.9366211130284268,0.028914817410495175
33.245933892760874,-2.484769093327044,0.2946726974944327,0.00693029395656064,0.007779110704165263,0.18478089887626226
6.23448241652913,0.0009235242344938794,0.0038621209591328826,0.006500426935348816,-0.12792022390266714,0.01375967263441319
0.004729391792958884,-0.015397684189622333,-0.00025736605609586615,-0.0062169223152101745,-0.003885081915555728,0.011197533915735136
-0.013378365340959278,-0.008847742070407325,0.015569588262208034,0.007160882370771667,0.005187818645073485,-0.00730202497412262
-0.013589996620517155,0.001191184965823897,0.0027444190786208994,0.21483712032638236,4.444953159189632,-0.002325039520728711
-0.1902198312541197,-0.006584767363003928,1.60187126755455,0.012596567581739854,0.11436718343392427,-0.01620780685555081
-0.10063335053542839,-0.0021882930944549894,0.0007403586039866644,0.005159268227030958,1.2291082753340212,-0.0470207004320749
0.11109512828866505,0.014165800726922455,-0.004036795421800578,-0.007412523007057498,-2.974282939183426,-0.009639757032954055
0.014217280337449317,-0.0003223356883108319,2.549310690624175,-2.2802173258574356,-10.026963786411944,0.0014400125802289665
-7.5358982815071665,-0.15050257544593743,0.4883184681580596,0.005048142245437787,0.016638032809303555,0.01817258532224053
11.901124256836887,-0.004101466818547214,-0.007869878926430172,-0.19445052362415982,-3.709648776656792,0.07118531008675344
-0.01908003793092123,0.0019549915157140007,0.0012782007814899437,0.006380398324791772,1.4051989432741403,-0.05369089032633256
-0.00913958519835359,-0.01100648752109775,-0.004770911669320255,-2.5826046047864626,-4.080624602089338,0.020730683508686232
17.648073598775138,0.002264048659063392,-0.6268242311674438,-0.011279534764433996,-0.020194121292350105,4.460537481465465e-05
0.019812013589880273,-0.005484181702266243,-0.013207328962629022,-2.14726256602063,-0.47678974027553456,0.0783863716726989
3.6214703071475123,0.41862971542226785,-1.4370779635897488,-0.008999842743887987,-0.008834403520525193,0.004310036284392582
-7.164255390044088,-0.0005533219269731344,-0.0016692647981336284,-0.0023701918978111663,0.026215489579073978,-0.023010536068548748
0.03616752374583038,0.014176120508000524,-0.002438214921219317,-1.8554135560071003,-7.07041349886785,-0.18195215336570136
0.6085953410279958,0.006255944128907389,-0.8336393049845922,-0.011467481150177122,-0.3495798669832311,0.017224608231819385
0.01451285288655723,-0.022529941531642728,0.04346391705182326,-0.0022477516880762966,-2.005606547109373,1.6346605017535616
0.011082703308550407,-0.0036273134800812474,-0.0017574490837998918,-1.0268705740639446,-2.2784948500798086,0.019818990402214798
-0.07316664455469798,-0.006957099656701444,-0.001974595627558235,0.003439681102800688,0.021081401284816625,-0.07198545684112179
0.013859320150944682,-0.0007111784072146403,-0.013021136628642706,-0.04206452743854467,-0.03323343626410624,4.256739953606645
0.017022782352078252,-0.0003788943460729591,-0.005885445452960273,-0.02074468510621738,-2.3548133079160873,0.01695728693731502
-0.020281839075818833,0.0008848547841704768,-0.7546486489349363,0.0031882394078007192,3.9694411612899354,-0.00361293327979062
-0.005737249923051468,0.002135102071455463,0.009418029376866088,1.5591506494405873,3.737050534087093,-0.02366686980219268
0.024061937449777377,-0.0006393804518295811,-0.2800843294098564,-0.04595783211562324,-0.7101213991910589,0.022136014075954474
-0.0474707874429493,-0.0025949733167844463,0.011695615858529337,0.6048698836589441,1.501436868935965,-4.937077894811587
-12.068608534982975,-0.0013159902513329492,0.017965940172408452,0.004418194171560613,0.3756562956013442,-0.011230618664192282
-2.7189078777693534,-0.00374148674613925,-0.0012958314384489565,-0.0008147288454399618,0.022743968085473264,-0.03445973744571612
6.715486314183755,0.6823315573933986,-0.001486385187694962,-0.0007030314481415723,-0.005356214206014254,0.0005694163733681035
0.09881191077417203,0.012376112314467775,-0.0833184651742534,-0.7975240900052687,-1.74577030546575,-0.004536572901157998
-0.4034791862786855,-0.015666762947830207,0.0036586263202695794,0.007346708243849247,0.4906581389883277,-0.0020782718905960618
2.228097132556051,0.6812495290116594,0.0016046996352086962,0.0023958683617191848,-0.014475895226685966,0.01382781158850177
0.0017312073358778984,-0.8351956796872421,0.007038081339122331,0.002346310934931645,-0.0011866660234967066,0.0055534319666292655
0.00813748889726813,0.005512321137924946,-0.02136875918147749,-0.0089598067337768,-0.0038335568927516128,0.0021986113250065265
0.005559830368656371,-0.0016547373296357643,-0.012188243936248767,-0.15719773190321587,-0.00278242636587276,1.205017490828999
0.010976656755010274,-0.011788434087973577,0.07730013167543534,-0.001599798321303053,-5.23900503647134,0.061848536884527405
-1.2704633968659707,-0.11026254454013543,0.01770408368165952,0.006505673992125016,0.016279802758948483,-0.013492190537734178
-4.966904780640348,-0.05931915681904287,0.0007565978257361237,-0.0003461208346888858,0.0015623307444603473,-0.0011107582819315787
11.305172680835762,0.004493186467405401,-0.6593377920268098,-0.013839759279375807,-0.05380023012594129,-0.00386443175607587
0.008964748401805023,-0.018275890971865324,0.00106057732666105,-0.016396730452948066,-3.3739230203280695,0.06117750840163527
9.217621119793566,-0.004396811298130075,-0.00015533688658414535,-1.1303960322944988,-4.52405140130166,0.046914022425083246
17.335650235749696,-0.0031217428367595846,0.0016793912007631042,-8.544602670218504e-06,-0.5967380042921961,-0.0037771021442614128
2.3543317941735853,0.8632063925189253,-0.8636221846715991,-0.005942677289588805,-0.026824374478610528,0.010170015668983151
-0.13692022979812044,-0.024519423683136306,0.019103047036763347,0.03898407756534064,1.5748709812890704,0.015542276564959545
0.1378579341938911,0.0029263734576586015,0.003389593391723248,-0.0026417575795078807,-3.746190922693212,0.02079716698625278
-0.02174374813981647,-0.008532807482520749,0.011170673046246374,0.012418343778951263,4.367783001680126,6.802963271475694
-0.016635441087714628,-0.0002853092493523123,0.001550735265988798,0.8660438220734417,6.708440136505464,-0.0051679769077408455
7.12781281681562,0.06838496773124964,-0.16739193514408868,-1.103337746410709,-0.354339518101516,-0.009590207453016641
-0.01776045162695744,0.001325967605486457,-0.004177628520554602,6.2705028150584e-05,0.06724038537263222,-3.037840125448197
0.00909737426172326,-0.01277638896686173,0.0013313054246742902,-0.248355097594104,-4.269695586751435,0.021219670351137365
0.10053122127821272,0.0029994210217706764,0.24578027158640378,-0.00026455021289434333,-4.438834676020615,0.003460027708413582
0.047455350945000724,0.006554512190120584,-0.23932651259269244,-0.2780894006776613,-1.6690913892924883,-0.005217262692122471
0.0005989551798237791,-0.04962976936194072,1.4871762929955579,-0.0028245061167056183,-0.006161319800786269,6.913320557539863
-0.06590166752518087,-0.0009501990601435824,-0.017930632617835122,-0.0011256758442446113,1.8101010846396621,-0.018248092550873618
0.003222192505071386,-0.006779906972008309,2.1714948019333633,-4.736813558414809,-12.903104837656105,0.12133771601845567
0.02300178828735705,-0.05782707052225833,0.02991644384910569,-0.0030178847402032444,-1.1663882453244128,5.4014990537652
0.005996703194007122,-0.36481729099469273,0.005305448824394428,-0.0006478311745122907,-0.003962883818703926,0.03849484389967297
0.08705949946862047,0.0028348467627354523,-0.0011078834844430443,-0.005401735171678305,-0.5665875306654926,0.02786147205338463
-0.0013693350147085392,0.16112366400990386,-0.005535502911077822,2.709661049234235,4.4596565841557165,-6.0522618764645415
0.009805403932841922,-0.45045124334862463,0.007235707966604191,-0.0003114900483583566,-2.5555245519339302,0.027951568149545136
-0.04419647355588338,-0.016979238587003384,0.01006803351998875,2.40231520749062,3.42492191310661,0.030559420796847814
0.853290509952979,0.02913711805965239,-0.005124988061579529,-0.004087084682277337,-0.03186141502211722,0.019998606918880224
-0.0329794100799002,-0.7907973078019325,-0.003509948054809127,-0.0014052638236747468,0.0066885819933665824,-0.011447939702061281
-0.9806593575918265,-1.258765073907455,-0.010030750228936266,-0.016123599715883313,0.014220704803234905,-0.04234818039003119
0.029488993382953965,-0.0028282279370177993,0.017937911168730503,-0.0015365861555007299,-2.7390109082298153,3.039679998917009
0.08315097292303289,0.0029611247102362386,0.0065229903686033494,0.0014523104319456165,-3.5537490436331742,0.015091928814733313
0.015148012251531437,-0.7579153080006492,1.0500362676531718,-0.004818186995454277,-4.295411429941057,0.2589969644291301
0.010579933499522375,-0.010433355694249108,-0.002599653315861407,-0.10738740677833469,-2.5877727690455865,0.8065005675985581
-0.0010260523043705422,0.006870096615299748,-0.18112432771136155,-0.016914986261772187,0.0009610447671404496,-1.594536427774235
0.009509940822044984,2.1009061993867117,-0.002217790213475345,-0.0024557243807418368,-0.00264247039933319,0.005088981407991671
-0.008972731960815487,-0.6602131217069351,0.08531869640829294,0.007792811782803895,0.003617956950343831,0.0006643398029750006
-0.04796688897137455,-0.018839260940708757,0.012857389301710376,0.08260104343806507,4.569558455305254,3.9132221915507515
-0.012948670789521402,0.28043733774674107,-0.0162864273348972,0.0006310695213399969,2.321279784928648,-0.07841745841992842
-0.08077242450181564,-0.1395917873685391,0.0022400463741655613,0.0029212094507578973,1.6581991384922405,0.04920095754971021
5.717266428707604,0.0935332712511229,-0.000226802375274554,0.0035238938123690056,-0.0017665470175824414,0.00040098185405151865
-2.916000709411388,-0.001402016296770836,-0.01954729559829022,-0.03387712949836663,0.07896299602041751,-1.3495326247087132
-0.034609300527201764,-0.004062153348940844,1.024754875016313,0.6675806444009664,1.5690635226745695,0.01316727812519658
20.515844984134826,-0.003351731824147247,0.0018380913097074659,-0.00010135273606615147,-0.044582011510164755,0.005460024640001393
0.05176876248522244,-1.995598461833088,-0.0002217575255725017,-0.004844719040259356,-0.8247590204578197,3.2687465146447945
0.04432953850891347,0.002075659112642625,-0.0009097776293510596,-0.005392554439029924,-0.5241112874409728,2.1284534248095524
-0.002539681088449304,-0.0026893311544705324,0.003055353628622343,0.001546745241051831,0.001058813664853412,-0.0014689185463060892
-0.7442879890286247,-0.005653217589813938,0.00299616304812667,0.006996391173902716,1.709169525817051,-0.01204367369211512
-0.012313147080893578,0.0017778115576567418,0.00452587087227059,0.04035538142483863,3.2325894140703078,-0.010747589040110972
0.014816631486403095,0.0005263608290156756,-0.0016350273073624227,-0.006644948070347887,-0.010860725758491535,2.3561191869177627
0.010587901476157388,-0.005650389386526556,0.006073810225976855,-0.0024119068753954984,-0.015833614431191925,2.318829370544025
10.43269128864874,-0.0026336502148205376,0.0007369957569022811,0.00013826505652206333,-0.07724532204516676,3.637505216499555
0.0007887468123729535,-0.0028066143934390147,0.0005522477385254097,-0.00023517912640904758,-0.002327493166469019,5.238726156200315
-0.029740592776878405,-1.2638104865254213e-05,0.0003322744289430326,0.006025805830913451,0.6232103159203985,-2.274578385121311
-0.007348873263242026,0.034234373918065664,-1.1424446654116498,0.019772156468195135,6.216688180579407,-0.3490779459460498
0.0073964042506439506,-0.12541456865227238,0.12444756296886599,-0.001210971723215215,-4.21418070299904,0.08986756507508709
-0.022347502608703856,0.0033715159341874967,-0.06384550831185143,-0.0005159525221177241,2.5193530291551696,-7.468914671011731
14.14331821425585,0.008903308157930875,-0.11609197467505039,-0.9996676572953227,-2.1656522953020496,-0.030009269814871065
-0.003983305095683953,0.004904967181209224,-0.0010711478023715248,2.573634600799867,7.061585347889864,-0.03304387094344996
6.1416399671031465,0.004674941360450298,0.003329145717806257,0.00648880195811935,-0.0066114873022007714,0.016152323662636137
-9.8188907545136,-0.021439631914072995,0.0013491593859325383,-0.0010555259937303635,-0.0025221543739299777,0.010094254046023043
-2.181490458936788,-0.017785251281063202,0.004545810916912729,0.0042325260181617155,0.1561543185807501,-0.003465098622662366
-0.012647327018773732,-0.0025755323452554893,0.33213946733835087,1.4569239004769798,4.644496388774284,0.002177411542769514
0.08577595305839289,0.21020318402023588,-0.015586381263211869,-0.00832433337301218,-2.733432686674826,-0.014384414262942014
0.042946264384582586,0.0005063892833318815,0.006690337181991127,-0.0023989124957395636,-3.790245958735521,0.014896869285617287
0.015166899859968969,-0.0005435292921505269,-0.0034302248574932526,-1.205748009534858,-2.986136784090322,0.014205175348535382
1.0596638244263477,1.5252084367705936,-0.0048345205868850025,-0.006652908578188524,-0.021089800906454834,0.025840405536178557
0.02117267461823885,0.001914589467400776,-0.21747742128060865,-1.1694709359725755,-1.1886879927528522,0.00108872043707825
0.0011050121174528901,-0.13725191704442263,0.03829659249240167,0.0025580487570407186,-0.0018659007427506147,1.80969523758819
-0.04703502591548413,-0.0058158846898859265,0.004798025322461652,0.6364114672516736,3.7331769104497736,0.004369181445662229
-0.11905575995070472,-0.005154815123306674,1.3649398218661424,0.3621259715893377,4.378903899683168,-0.005155064502241347
0.0011387392627596625,0.0022465633531419007,-0.001964182185611147,-0.000551880174619565,-0.00043664831226254897,-0.0003127060472107338
0.7793342913947575,0.03639250347027868,-0.006594632468091732,-0.007291320276316099,-2.1152428896900415,-0.005677520094431288
0.0740186131391741,0.8521424720682649,-0.012605705767086724,-0.02303374599088151,-1.3447206649349561,-0.04083660478576856
-2.74513148416176,-0.022395747390989942,0.4868473666819029,0.010664105950876454,0.025792693021206358,-0.0010643229101205132
-0.03009889817138265,-1.103954635968147e-05,-0.002606374061292792,0.0010113058235315525,2.6281659549152003,-0.03505761902386462
-0.07326613186020899,-0.0037129547150020863,0.0034777618722695303,0.6326145162080365,4.498529444530358,-0.006741494999556341
0.022334296075632604,0.0004622856071647089,-0.002016419684826052,-0.24063871237845236,-4.468542033712034,-0.00040260949328707607
0.002361145261759706,-0.0029097653997853593,-0.014478344500627793,-1.6727429459205947,-3.1656687905207868,0.0148648662795563
-0.022709619476630846,0.006785867062074,-0.622093648951016,0.023911876572032975,7.232839935689128,-0.9107173316203188
-0.02652500648155268,-0.0004855986782113859,0.0006531979774176101,0.0075290056664600175,2.8921011649028245,-0.009665367172196127
-0.003729233843398895,0.003568934172345516,-0.0040599504332171805,-0.0016364575967386667,0.0020666031178060706,-0.02244119636269955
-0.0066232502053214385,0.053150271929240794,0.0006233771771367387,0.05303874698943989,2.7211361886538787,-0.023721016801122263
-0.026139839544698885,-0.00015218545882158402,0.0013068637645198512,0.0052683154870682425,0.7597545535572844,-0.016776390498602883
0.0669403136177719,0.0030431670893735344,-0.0038521036602299852,-0.008527921456506705,-0.22782896520981094,0.03575847999145336
