0,1,2,3,4,5
1.8557059827899967,0.0037324482410710895,-0.001137671170665584,0.004903462234219724,0.007187454616232802,-0.020063221340591686
-1.8469562508882458,0.006931797896082181,-0.008558713077547958,-0.0015857770058865864,-0.06639892666599402,0.013270603774672957
-2.7991099662160748,-0.0035602924016619572,0.0005741251167439444,-0.01495576200750573,-0.01284567685968834,0.025527153916002798
0.006828964607937332,0.0011979055606477352,0.672332011256997,0.11146850460209351,0.0045747907558753576,-1.6053391269155597
-0.0007692290211899512,-0.002055287308782338,-0.003942119705864036,-0.002487644986209127,-0.00079366771121027,0.0034916843058945633
7.520658366758392,0.006293844859448807,-2.3973137927122283,0.001796764730287309,-0.0023052462508783384,-0.003914791681182805
0.7452972472381093,0.0023547086002480185,1.7923972235788166,0.12108667890757285,2.1854859479863853,-0.024316966221331615
-0.0006768246540670183,0.0002235435563209862,0.001704961951931896,-0.00019996717118314638,-0.0006777576743194297,0.00039229730180329286
8.279316805674322,-0.00636049468723772,-0.002796385905735146,-0.002943934557230188,0.029860703489565366,0.005982141560163967
-0.002829288461401949,0.8730872197738585,0.0039973640321002615,0.0009179427489252982,-0.002575796563982299,-0.002762370428999003
11.243039619891274,0.29576339285760556,0.004293384911808511,0.008010130894871903,-0.019669894289089926,-0.07616251856138145
-2.941248607035316,0.23288557074911712,-0.001609146654079404,8.322240120364754e-05,-0.1459927769249311,0.0026370757157295754
9.053897222521215,0.14590817421513855,0.0034077966912656457,0.01937983948655897,-0.0023219092329943053,-0.024097275936888485
3.0150021671517226,-0.00023181007247456643,-0.0011212239851317158,0.006487308138348108,0.023707996329513245,-0.023009557743260967
0.03195722028435709,-0.009952521566913926,0.7894782060898573,0.0017144513113037455,0.016828603736359204,-0.031896592158914994
-0.0033886452177155444,-0.0034344931177932303,-0.002747391542857535,-0.27798207357705973,-0.0024992565259965376,0.02256553670159018
-8.285717345882293,0.0017002844997683823,-0.0023010344891239475,0.0050928148041601284,0.0055096409249946595,-0.0044343079295690035
1.1674163726199667,-0.005933016295453709,0.005648916568384976,0.00394011151790398,0.24196521587491224,-0.022967928663126858
-1.9797786560930826,0.0853004721187606,-0.0011538377905649301,-0.00014273947406356208,-0.13670195846268846,0.009913150823091188
1.9120907940374754,-0.2835144519051871,0.0186704186056,0.0029525036713277664,0.05573272264639303,-0.033461585474966415
0.044774604863222024,-0.002065509658834737,-0.0001918819948182257,0.25147835132121654,0.34564578472368684,-0.023168188658048677
-2.4380743332343604,0.0010283399068455386,-0.027686077343406668,-0.010641499987152386,-0.07468702190380497,0.018752000649093048
-0.16920758025167626,0.000474385459193199,-0.001891741773166423,-0.004488970474852194,-2.2672710050969225,0.009160057251474063
0.019241029024818845,-0.010071024679471324,0.01211856433279924,0.005586859087724414,0.02976748486326231,-0.02218101722036521
0.047722427342042,-0.009706769732942827,0.01019472252949363,0.004537996988660082,0.09568243531397062,-0.013638327914552545
0.013721642004109188,-0.053223498399392326,0.017364261592037147,0.007389080308877501,0.024001308654399534,-0.25660605040634044
0.0022036587546223423,0.0027581779456217446,0.0023705663494028133,0.003982826453343517,0.0017377159451519026,-0.005648875698584236
2.298231217836557,-0.0012416899580880816,0.0034948763467915365,0.005763429109374094,0.046583534400054895,-0.016170735167719386
-0.004108816706612144,0.13432576403305158,-0.002322656307483849,-0.0004833387584569505,-0.007918358610989527,0.0005623338270299826
-5.6662294193292455,0.0009285450167873036,0.0015544647370637635,-0.004013899929166953,-0.03882021992181174,0.0040659192540442035
-0.8300321618928033,0.09204768052288584,-1.606846669201265,0.007721878301658935,-3.94703975666863,-0.01039506504472909
2.106537730892476,-7.673509184261303e-06,0.0028511747164052985,0.008675203964492062,2.0945675915431683,-0.014081643975233593
0.011253531409959917,-0.7117443956024203,0.009253803212874202,0.0012362746542126865,0.009990294136576122,-0.005193694538658533
3.5302750961686695,-0.0024287340085810405,1.5427941625239716,0.0053112035765200405,0.03515110566572934,-0.11884611204782303
-2.696962937872356,-0.0004038505786337493,-0.24883509206320725,-0.006834306774612053,-3.8790970885199694,0.010381144526672381
0.01165861955623744,-0.28791213039182173,2.5362518551453004,-0.0010062170811038773,0.01034963054299844,-0.014052447233453003
-0.0016271243634089448,0.0012274694788319876,-0.08256698079485313,-0.0011537453702607052,-0.0019953880548668895,0.003543093195033773
-0.024833164980195235,0.020341030412394653,-0.0020907663307566347,-0.0010089546249810524,-0.7433055429631361,0.0024696171305918363
-4.961387718655412,-0.002652779867789109,-0.015660355673943457,-0.16115489929891869,-0.01676565934126609,0.044694398101489785
0.0013612276605701173,-0.0018655180566464094,0.005774711856254419,0.00040528373380453676,0.0015916077040502574,-0.002394175982630999
-7.212138565534014,-0.012729951380269264,-0.03045698880412777,-0.21564874837034953,-0.0030783790565054323,0.0381291818366023
1.4068131776717545,-0.001388918404864606,-0.0016718257123054907,0.005587479010711459,0.03274164697268389,-0.030130454318714528
0.26511544121211367,-0.21162535641641828,0.006299291772520397,0.0021325094254757114,0.034551256670862805,-0.017376916162452807
0.0009743638650177156,-0.10275203778690278,0.0010115517872523476,-0.0001793854113335807,0.0026146138470447998,-0.00036458574077142744
-3.783194138966648,0.004082116194757878,0.48938762940596825,0.0009716447476477569,-0.020053120987608163,0.009813301469819957
0.012581537679257786,-0.0023262483038123793,0.5638439196318997,0.008105555933616473,0.010647724119250981,-0.9244566597771358
0.09587454695806702,-0.013499978678672203,0.0025484125314093947,0.001024420376561419,1.2053691836283238,-0.010920396039580421
-4.931996688771793,0.0037913799809257765,-0.03589378894866807,-0.004002710858039299,-0.10619910358397523,0.008389924408917171
-5.287534849507788,-0.00422278478870092,-0.00534024600083458,-0.013371690650732182,-0.008271820892333618,0.016888022133034863
6.2532944710277825,-0.0010929789309216751,0.01875048633607468,-0.00044840873549839566,0.0070246870832480525,-0.00259365928559252
4.749620821598122,-0.23235140532885895,-0.005893185917030249,-0.003612489428403254,0.32454199126106814,0.013529181274220425
-0.008117672144977411,0.0006433150286277046,-0.6611853267391814,-0.01119193883196791,-0.007604615267899085,0.039652179073933064
-0.47697522981817086,0.000965360967823371,-0.013025353196467283,-0.014856988677707326,-0.01981143170946408,0.0816016080479059
4.157641269528623,-0.004603182156088631,0.9577655119598731,0.0015262732324498596,0.0432795621533549,-0.013418014029384917
-0.03372305359785448,0.005026947088740016,-0.06608529827523106,-0.0030412229999386003,-0.9774864403550673,0.005011762623284982
-3.0388962909229296,0.005081298868916891,-0.0031360716209603216,-0.0006721871976698157,-0.021400416778007407,0.037913774876590645
0.00010045412358053864,0.7613849095694212,0.004755848503847611,0.0013414487656653613,0.0005731702169166936,-0.0008498782161825424
-5.666399640201024,0.1475437176064992,-1.0383625750385275,0.0031633464140071177,-0.03072893736683929,-0.0010681407104569107
-2.73460508188321,0.0028702559530571032,-0.01213712692865198,-0.002857455407902873,-0.03795889968061503,0.015109644548697232
-6.506267977067252,-0.0010896732786838895,-0.0020235615194092726,-0.011605851012843171,-0.02159235605949496,0.012165551494309979
1.349795846636777,0.0036757569419612474,0.0015281916704405832,0.3173379039023567,0.012594044705812171,-0.021949049943312204
0.00270885020415309,-0.0025061393625197595,0.003155210042777518,0.0006574164822191453,0.0030436781344238416,-0.0024515622507184885
-0.021871006374007657,0.0013388854953994053,-0.003587017885324055,-0.020301923162602733,-0.014576150994985437,2.506631158813685
-3.0083480439304413,0.0015250781829533918,-0.019605391349030724,-0.00409052422847811,-0.025238683039140522,0.025000056633135315
0.0021561839665213676,0.0030031056676211925,0.0029642266454313997,0.007807880434796846,0.0020478484902060833,-0.008182480722980827
-1.4622044416436737,0.013166134405796014,0.010282583231174336,0.0015778923075383325,-0.11125282271151665,-0.0015936169541682366
-6.861474883743831,-0.017350733018400948,-0.0032962567170807234,-0.0040875916088027875,0.013250332285725685,0.021497442045376847
0.007595115719471805,-0.006745231568045726,0.003527313096462093,0.002123446985998974,0.008236458654494629,-0.012788618272933094
0.008506216773791606,-0.0021153062563442,0.0020713628446143695,0.00789068106322374,0.011604566104561388,-0.01550105359706705
-1.730073496085469,0.015183436100874106,-0.03013051055642219,0.0008937467023440518,-0.02083528708958533,0.011466759220198103
-2.415937841497988,0.013018877324204682,-0.005498542819238506,0.00041945156261782857,-0.04236676540061133,0.00946085831697191
2.4470092403950847,-0.08062485414305398,0.06608874250571868,6.975182620866383e-05,0.3166496259676268,-0.004875638921526593
5.399539920113552,-0.19522509374493868,0.1306985828940901,0.0022132818313087554,0.07611797489220691,-0.01737197437199889
0.0009025471074872393,-0.0009779173477210163,0.0010458581306631667,-0.00011086224191815314,0.0005556581285614684,-0.0025095747996873546
0.5773394713974218,-0.0690353793992752,0.004140612262838254,-0.002822412999106405,3.029691287790374,-0.003374295842381858
-0.0005202631682277142,-0.00039198313831814653,-0.08044012564133848,-0.00041741017849345743,0.00038828099393215724,0.004154911248908025
-2.8432513818577076,0.00043745991906166386,-0.008349526621499511,-0.011498941315874645,-0.02850964755946517,0.05949925115969257
-0.37803906931074277,0.7607925730190965,0.031545186869428074,-0.003758883305587629,-0.07591264355353128,0.009310877856634703
6.817558161447473,0.47252738015020207,0.000320163402043128,0.008086225743454634,0.008569382447289156,0.0038256825560043506
-4.011190651264141,-0.5842999759264307,0.0032901891738555894,-0.004722815580611911,-0.0025943636159831383,0.014144600826407117
1.8206918616191352,-0.0003221778565944272,0.12469600719177443,0.03624972439743701,0.6909258975109958,-8.244277527023073
-2.8315498241990964,0.0007774698148234696,-0.0005216230319693752,-0.004998187734880588,-0.044109900125778416,0.009235793473409748
-5.583058386057283,-0.0063342959834550225,-0.003014750260653211,-0.06387139162157807,-0.005942534077274097,0.2177372954743575
0.05504892432998646,-0.006808948075368813,-0.0017350802623462857,0.003055363424536198,0.4218454641023324,-0.008079211778741928
0.9160466872958075,0.0013607914987363197,1.920210402101528,0.010777388136136878,0.01585631318326977,-3.540406230492607
-1.2269855219558192,0.1838262450411028,-0.009686400912949835,-0.0012651487113649537,-0.07044863691564214,0.011120534246318564
-0.011078114630562033,0.0007283233782922477,-0.018175742159358646,-0.22302761516801684,-0.009614429295010114,1.7981279113733022
3.0254352975374226,-0.21395335685863595,0.003123878055728297,-0.0012662615894584728,0.11520803130032643,0.0012092915967518159
1.1181900590452638,-0.006302124807234993,0.003494761697710489,0.0013732370167725272,1.0925935714866724,-0.010171607152730244
-1.216626506568046,-0.002610107026750579,-0.005034005415363051,-0.02139860484558956,-0.012237224034331246,0.03403190231567871
2.2223467729064197,0.001375251054994385,0.0046953440439075345,0.013518124096331546,0.013534142535622906,-3.4588835662843778
-0.28151692697286523,0.3220771363379554,-1.0191093082212104,-0.004476597856142087,-0.10339591409558674,0.02623220477365512
0.018578299311773273,-0.0019595184191170635,1.7305818134778217,0.002723944186673266,0.014710001566587317,-0.012496492517728275
0.7389958096546909,0.0010086943658932676,0.0029706772327676013,0.0212787283874684,0.01988346640534946,-0.01829986917671779
-5.404740808692119,-0.003062130078605679,-0.4704410133690329,-0.015466729330669948,-0.009307870758959122,0.02529959612600874
0.016932809577455975,-0.0011124320190408345,0.024680770815092488,0.012662691231568135,0.009879882721951455,-0.06523378518822091
-0.03814234827797451,0.010770348522643533,-0.2905827503491873,-0.00965261946618242,-0.32891090903639475,0.035523560229539064
1.8987703375362808,-0.00045658973674365163,1.2316681932480995,0.007376896928939197,0.025586951420305915,-0.04223263751164108
0.028111176158848953,-0.5322346568098242,0.004430334027349736,0.00017845051590505145,1.7132834454553336,0.005630006520723596
-2.2452211115711616,0.00668486476154585,-0.004137562359646012,0.0001515602103013547,-0.19727336539624865,-0.00040950840482711914
-0.013210136406043071,-0.0038683495863097925,0.00040549065159611875,-2.0436280488851786,-0.0023919272864957376,0.015144858722590526
-5.160173608438091,0.04949734926378298,-0.009645346073291521,0.0026948144882492364,-0.0431750386021935,-0.0005234085433999391
-1.349202134487125,0.9025967597561918,0.16758762442891023,-0.0016115417090082074,-0.0561874042288082,0.005379502276971315
4.792155469663633,0.00018944264385246305,0.005139429305590465,0.001098854999955129,0.006301773893747234,-0.00812538513970551
-0.026227731038275325,0.43487958803672844,0.012441911258380976,-0.0023591306927856215,-0.94469216704067,0.0013786844843945434
-1.3468712595712886,0.0019589331547117785,-0.652378940614734,-0.0031220791481238463,-0.02921860613998789,0.014266897076218532
-3.801163597196694,0.013784395227491803,0.01598362624074005,0.0041234372074878956,-0.22244721194082243,-0.014318663144897936
-0.9283710123257303,0.3316166845349277,-2.2804055836156762,-0.002359514453192685,-0.3193908273841427,0.008893239404694553
0.01616553831656209,-0.3993857755209205,0.014689246279178714,0.00711436860080969,1.0156271213224894,-0.012939692200253844
-0.0006621040764290298,0.0048977297147864704,0.0010468395924932807,0.0009933312727208009,-0.0012750537744875405,-0.002686053622503882
-0.0018321625930256898,-0.44068645046442134,-0.6337389300450834,-0.008947970427782096,-0.0025733678565935587,0.013515758976082877
5.542521811382079,0.0018309397546865669,0.001244689714133794,0.5200391224906014,0.031206857426338032,-0.010026696949375191
-0.00021286128620657223,-0.0009157759144813163,-0.0022882799177270235,-0.0007697398415373886,-8.76761552259632e-05,0.0018142069398707989
-4.709183424660731,-0.0018354065199094449,-0.013190734043950153,-0.021862499998113183,-0.012773062399471083,0.08913533313780775
-0.5339374171582998,-0.001492921480040814,-0.17630917343035912,-0.019977500909498458,-1.1680491342906563,0.006012351975717228
0.002894060453453493,0.00027925807567191107,0.017765543855291475,0.003859444124841661,0.0025437334554898132,-0.013510537672610902
-4.80693307320115,-0.03734308162051364,-1.2730455162205483,-0.04560919323800139,0.0022538137855482895,0.14023279005743472
0.0012100138239948984,-0.009016747047074915,0.002811501445764135,-0.00035437939057499904,0.0021240026376199723,0.0005768234231537206
-0.0066263379832044176,-0.8118597476208418,-0.07046082717426663,-0.031692862552421514,-0.011917154499341375,0.030420354568828523
0.0052559645167636546,-0.0012798908704076263,0.04122323349913998,0.004106577623402566,0.0048512639747590154,-0.019142984070631183
0.6145643389450173,-0.016899953768786023,0.008482566568719404,-0.001269048274013973,3.0366633715843236,-0.0072437150593433475
0.012109740279072963,-0.6227644803912543,0.0025771140104034556,0.0010369470521503065,0.018933503933002784,0.00040224005661716744
0.3047188219546806,-0.00047545366997025964,1.3619450701729248,0.06464578947193461,0.04152085358332186,-2.680868724789395
1.3889172822440172,-0.003139576253701654,0.0034506339859603262,0.0052691541725731345,0.23767388982208673,-0.018421767888957274
-0.09991672959161813,0.005368778583897171,-0.01864115486828112,-0.02299980713090605,-0.10460714493630341,1.141633059087157
2.7488847800653065,-0.00034535250125401697,0.0005871444545205351,0.0022022325622295252,0.016242919608207985,-0.008108932685005621
8.911028369328942,0.013563386672891845,-0.0019572380066698795,0.004627547596591897,-0.009917064791687831,-0.02262789760675732
-0.0044416673741686065,0.09215862308708386,-0.011088571959046428,-0.0005331671730025795,-0.004927152375744283,0.005884722521936351
-0.0023424884153238085,-0.002916422295968064,-0.00930286770548825,-0.018591746929860507,-0.0023934446875147858,0.0117985787762192
0.8156035735244682,-0.0015227859602565323,0.42850069784015465,0.01686093539470092,0.043818426581824166,-3.289340982778448
-0.007533698334364556,0.001280436847123067,-0.02064039492124328,-0.008661592762872816,-0.008156335859447503,0.016570294817757302
-5.081813592418243,0.12965851200905865,-0.003479559508478546,0.0046594827634250935,-0.029627684185282485,-0.004444036123137152
-0.014170409897459244,0.007830462036302138,3.6745133585318213,0.008445374920377113,-0.012869215575019279,0.0038698784968353994
-0.0045452934251727336,0.26050943825932643,-0.0025197385027137323,-0.0006723589456381226,-0.008505204622552906,0.0011484326546637724
1.2457314168932299,-0.0029710388249044387,0.008081139799908578,0.005598618505619303,0.03755736445599449,-0.05784125298586068
6.428697530330071,0.02961105552795562,-0.9159944736615305,0.004249045743975166,-0.0034891443163717777,-0.004321516156075456
4.419132959476541,-0.8186451227250859,-0.0859771583284328,-0.005856853862433731,0.017077729724016086,0.0022380753249962027
0.002426947588944601,-0.002619891636285139,0.08477388726863488,0.002060256144292647,0.0033712995376310425,-0.008161801691140554
-0.04659493740313403,0.7973407893816709,-2.951473138854861,-0.004023580463513532,-0.05960695273152045,0.006338009651587373
-2.7473289566598496,0.7642445270871623,-0.0008787309716396757,-0.0028214194310199336,-0.08507192020762568,0.008004989213313274
7.1442505084977315,-0.10766204433958737,-0.01366660551011762,-0.09842514435759497,0.011392654129143366,0.016325150431066415
-1.9294822413273303,-0.0002801529346362769,-0.00482764191247602,-0.0568158684670958,-0.07152811216160632,0.027343586400603137
-2.116293469268114,-0.001518284868576178,-0.002469503393385277,-0.5061916513386691,-0.02266054299688399,0.022331311766525586
0.15334655608452716,-0.1298841577064467,0.010297873566695788,0.0032942804264107957,0.37085998300694545,-0.01848576840710847
-0.0038568757882495065,0.0005625558172823732,-0.0060404389287577855,-0.004627989578878537,-0.004222462321916237,0.011144178691749712
-2.2368719076228323,0.008860152847689281,-0.0036881450550418117,-2.420775514536122e-05,-0.0729498137208773,0.005717764297260675
5.031063574268024,0.0019185965371539939,0.006212477288675047,0.00398112191214664,0.0020108778204348324,-0.042791612747089314
-7.1123713631154795,-3.1988560501154326e-05,-0.0021131244899367336,-0.006624499649669491,-0.028388697429686242,0.004175021029519499
4.623373582944706,-0.0014971962938167876,-0.5119371641507092,-0.0023222801388246284,0.0070170168251411135,0.0030807286173927806
4.308130884802182,-0.004602430762010211,0.00209979590616444,-0.0020332712248052054,0.12187429376793883,0.018549666533509312
-2.8748393531619385,0.33535837290331383,0.06160461220807294,0.02180238611368729,-0.035276524473117785,-0.023567521107624056
-5.264946824377432,-0.0006248228984919542,-0.05122639881134437,-0.011819871189931719,-0.017740916089064262,0.03639867934618812
-7.185165238126903,-0.005676776988470867,-0.002917275155214458,-0.008215221947473761,0.0026455096511511945,0.0862079896024115
-1.1398924821902938,0.0022866144495984437,-0.002659080930225655,-0.003527522687928171,-0.03465920616966338,0.01639526941737493
-0.07216508150513551,0.004316681810944077,-0.010825784253209972,-0.002122057758281344,-1.6088205961260191,0.0072907031925926735
2.7637082740933017,0.0007656892133956767,0.0005031818271710739,0.0035128657593831297,0.013899165215520577,-0.008807874644769453
0.013825385005192398,-0.000371669520583302,0.09619021224375057,1.3972764269109506,0.0067649057923221245,-0.04618315895469394
0.005205072107939019,-0.19538849813460857,1.2052233016157916,-9.433151072679724e-05,0.01334907740380556,0.00020919116985199104
-2.295592925390781,0.0011013077693858044,-0.01101088484476919,-0.2773600698813139,-0.0926486300408682,0.0779953302633487
-4.830980356358084,-0.0007927037718448624,6.501797224039703e-05,-0.0014638106746573953,-0.00872346073041392,0.0016655684013175964
-0.6125090025645517,0.002192569718825226,-0.012981014910992371,-0.009391406813817251,-0.03474570996220526,0.04781428111303686
-3.3661998455289193,0.013570861449688507,-0.15285531655570958,0.000907926329261996,-0.03620705583122931,0.007741165431067065
-0.047014143225897476,0.0011041338763299602,-1.407881389877224,-0.1536691681479072,-1.0327650852471575,0.03357947303791098
-0.904634058964427,0.0034329780405850463,-0.0052885884331500006,-0.004495975480471599,-0.6519777998429165,0.01624713551702403
-4.122762258867962,-0.0018334726163703845,-0.00805094019496122,-0.02300353057014992,-0.01619325747743398,0.04510922847827947
0.011022068572589394,-0.0042431050010995185,0.005624998831617654,0.0035787036995663384,0.011949529053214935,-0.013558366994610393
-4.145924486606141,0.10524224055217107,-3.785997468434884,0.0031959994551952198,-0.6393865007911215,-0.011083228911440868
1.3415488929706019,-0.7429424682005361,0.0033352643199562174,0.003757758063039157,0.047856446718320844,-0.018818213314102716
-0.9975253100230894,-0.00348937997752922,-0.1409974059330606,-0.04480604521219175,-0.008794258436791009,0.06116864102354197
-0.005089976269874344,0.5744136217415255,-0.42672187753184054,-0.0014431228024021601,-0.0038326712178794577,0.08188127022782876
0.481208002025158,-0.0020619205483767863,0.002101982133998795,0.014332968137917363,0.033446845655751165,-0.518778738760941
0.025205967338243093,-0.1721101585148125,0.042542122443767275,0.009725292863027528,0.5726455383046752,-0.03918917415809173
0.009962708686148916,-0.016253485028870782,0.9276840539309897,0.0020663420585487757,0.013009871608327209,-0.028268947633026148
-6.598824019152849,-0.0014421714512960152,-0.023943367988153066,-0.023377934792840893,-3.8310094287475893,0.015437384649313879
0.2434799929208749,-0.3839897160384035,0.005983551122146184,0.0012216011750448286,2.865636692913779,-0.018351390796418898
0.0022535062236987667,-0.00169264469459235,0.009273014372757687,0.0013071152339608322,0.002693083050915411,-0.0044770806329026925
7.439180501793321,-0.004291337704317324,0.8788531817619551,-0.002217507180597156,0.011081201037760634,-0.007994964499586255
-0.027628554716281117,0.004014620700876189,-0.006175810015206222,-0.009629189533239439,-0.02355344174024132,2.743756051861715
0.005389734212230733,0.001970568586698266,0.006317609378794352,0.42016289746521135,0.0034296124797502043,-0.02893575809153172
-0.0016117944301043637,0.0006775670037925033,-0.001715035988387014,-0.00012637147219018576,-0.0010730013252083532,0.0018261311287559303
0.0449076666525845,0.48044047691401515,1.5048909506753763,1.5447924879459913,0.0058837809604067055,-0.05231652030369505
2.004858610128117,-0.0007389628504829398,0.003097262868613653,0.04792890821334289,0.18120242271315873,-0.045028701551590555
-2.080354462021779,-0.0010573250895023348,-3.946516938267715,-0.008474825443483103,-0.040300464465389076,0.021658361762886935
1.1045119555740524,-0.0006404255068792556,0.05803167137178655,0.9442581110224375,0.039313523831603255,-0.013517976524696218
5.265936862725584,-0.13929519120982956,0.00315742990936525,0.0010088755929604232,0.10087128335444695,-0.015144027589206521
1.1187979467297493,-0.0009844535183444285,0.769328209215714,0.00469375784294436,0.019744517217289603,-0.034066000565008914
4.961279392199308,-0.0005603062402362064,0.0062461369785143895,-0.0011555786194627216,0.003718030071593361,0.0001764845773584156
-13.516167049629416,-0.0018689015337279569,-0.0005327257409249962,-0.02242000233487662,-0.02688236874482558,0.0008815204560246315
0.15437278307414867,-0.0038370242443987296,0.14392926819945273,0.013326451920279467,0.03727778388728901,-0.4158378982210498
-3.8177199334222442,1.0841091007521708,0.0013554360418507822,-0.0019363740411941222,-0.035553794768785583,0.006290054397824263
-2.2720366509699694,-0.004625194835903495,-0.006553219065437432,-0.03920231371453686,-0.02217348823584758,0.007560047518662905
0.0030803892360169727,-0.0014919672431518477,0.24137326628277975,0.003617083253526573,0.004037093758188862,-0.012177010423001466
6.9282349981389295,-0.0026875173274323177,-0.0033293028605645564,0.006847596608508422,0.055832633691809075,-2.5570061035707283
-5.6063322319142195,0.1639688324974189,-2.4823680757205295,0.00456178347548114,-0.01987145165787623,0.0019406227069773685
-0.011352773451722645,0.0018505984215344204,-0.007628543780953411,-0.4139837020027277,-0.014569402098528358,0.04436066136041884
0.5762722731169814,-0.0012370330439399981,0.01030700758864142,0.7186276859750649,0.03713168189113593,-0.03282980212243197
-2.1655943216667226,0.008528860237178758,-1.798303209375014,-0.0008379630659905712,-0.1479955533723652,0.006288436272538056
-2.7999182096620947,-0.00554498355139186,-0.037040268379718855,-0.03514415716827379,-0.007144966162395386,0.07878099519113091
2.8235546438870442,-0.0008083241438559111,-0.0040896624029564356,0.002974735610620019,0.03136511000818511,-0.006777448616412329
0.015198317548865737,-0.08920276446017575,2.59936740360334,-0.002160269512394092,0.020954449183242903,0.0019030357347650795
1.3850988953587113,-0.014084012647173044,0.8878387083249435,-0.0003049908542666069,2.0457344902508683,-0.007475449608069673
0.011225179929542441,0.9381773048397894,0.023869226378380414,0.011929566982928082,0.011787081311480492,-0.03097307383118976
-0.9070012747327886,0.0011558312919365042,-1.040233205920918,-0.01436632124860135,-0.03520136541228048,0.06204273792327142
1.1006704019671472,-0.001734173049627316,0.009966526562760529,0.014336759065284407,0.31319445986016015,-0.026611182783805115
1.8100109832615296,-0.0002792537996980334,0.006558599696171416,0.008676328772043024,0.02889398888419368,-0.021895766637388347
7.465319545315118,0.004722256434770651,0.03411588497850926,0.08145493609514753,0.007835611667664936,-0.06967122212153187
-0.01151508290388963,0.2646759045826484,-0.006540440962636914,-0.002757419450726146,-0.013546060705223732,0.022826803731597865
-0.9960695621986753,0.14062804969064815,0.0025580857315425955,0.001289968625148491,-0.3369074677839076,-0.0013544774190737685
2.9790106815316224,-9.98488125283619e-05,0.039913211162024745,0.013551739492306591,5.166480377111971,-0.0620269322436946
1.5375129573241078,-0.3181176571266715,-0.0002155558814830995,0.0027376013384159265,0.33522579164355154,-0.018155857801112008
-5.684066317366438,0.05639596344523495,0.004657748782366459,0.00711432098343423,-0.18840075704648782,-0.030243255304108096
-0.10660546695700213,-0.0010866424668317038,-1.3466274653638057,-0.02851775141746335,-0.011865824912113972,0.49550174041318096
-4.14999867334127,-0.6822254709247018,0.004307709995586304,-0.004269331032577511,-0.0015680337308627405,0.019930538543422527
0.06948199780123841,-0.019662365670076315,0.009036052723375003,0.004519090553711288,0.14768469215628707,-0.021978980364784826
0.04319077632922244,-0.0017197500491040211,0.40155927051288387,0.011255146285334437,0.018267095622513746,-0.05132737089353161
-0.07186759106209047,0.0009908231854450212,-1.0873875899725092,-0.014073102047844413,-0.021562419371539458,0.06366075497876922
-0.0002809346211996228,-0.0007002101122137063,0.0035331012928763042,-0.0004204765768396585,-0.00030326289495233316,-0.00023907194079006409
3.100818405933398,-0.004718346559446211,-0.03738483018670048,-0.0009534037853903832,0.06783478931962285,0.0019185086048256195
-0.03419415297302157,0.4164220912110785,-0.0009668316415246662,-0.003422752297204944,-0.07678587287384876,0.011717998991021522
0.005013581567945985,-0.17548225519155972,0.005500951866812086,0.0024010993123544195,0.012683563216573749,-0.005797720144552855
2.906817549235009,-0.011893468970087537,-0.0008329461218933702,-0.004061652772474805,0.025756584350830156,0.002691547363516955
-0.32395115321170864,0.0028348367819182613,-1.5999666841068487,-0.011902419141436082,-0.08555815160821675,0.06210036504972494
-4.92246386016524,0.000878305957281058,-0.40517878198447493,-0.004810169913392615,-0.03790649116409587,0.0033130731096782107
-0.031879541709025044,0.003577551273541821,-0.1312526926482711,-0.8705098144652048,-0.030622130883310797,0.05345444100369201
-0.004900222760180061,0.0024455069940754956,-0.2915506996361101,-0.009407553923365354,-0.006709659699824715,0.10432730469888496
0.00021742406333152896,3.8301122584351224e-05,-0.009293163986024028,-0.0006941805609900748,-0.0002340095811542315,0.0014272303790789252
0.022021967244911126,-0.12934575291702427,1.6818758492066703,-0.0005669938519724527,0.025290622647284433,-0.003664655806389916
-8.690442414287608,-0.12921736966060524,0.005094717964966647,-0.006870954505950655,-5.943004851442519e-05,-0.002196546402360555
-7.438468165829939,-0.0003861415958526463,0.005566338359880419,0.0017611969945243444,0.0011941728898750305,-0.003792257176697289
-6.153464163216836,-0.00016614281538210535,-0.006465967261150379,0.00025332586247364675,-0.0023041498786023806,0.0021147529184465386
-2.53843779566411,0.05331997498758615,-0.0045020465733292625,0.010231838225741752,-0.01489175871279854,-0.005398677556836928
1.0443546329079616,-6.492172961173241e-05,-0.019530329226661085,0.007381513578785623,0.01993873517092985,-0.027909707790348987
-5.452810560764435,0.9673559028279214,-0.0038043194067706575,0.011611628487309789,-0.00531385852494492,-0.005212366631972998
-0.08677373883678532,0.007376315574139536,-0.012113442000050656,-0.002885125185445203,-1.5753457388910774,0.021749821535057168
-3.6444311754580974,0.0046187226393688404,-0.004308574171157204,-0.0008931024443118302,-0.06110524442583175,0.005452784638584729
0.6012644622753974,-0.16944742646833105,0.0233061409200117,0.0021083623691313808,0.07522254442812702,-0.013221805591753386
2.377912448683893,-0.004122853598232293,0.0114822755083031,-0.002178394557936364,0.015129347082012343,0.0017998786681388546
-3.7187952933078314,-0.00015610789141085046,-0.011513135182892101,-0.17424158170236748,-1.5825461829141325,0.026360788952898062
0.001937204665740301,0.08531413888820231,0.0016811960170724644,0.820659141166297,-0.0016023040136531443,-0.013629153553854412
-13.708716520890299,0.011992545573031033,0.0015389222636661981,1.45662817290334,-0.010848754562715031,0.0023132590613328397
2.989030742418505,-0.0018454238856609414,-0.002303062159537003,0.00036463286779438164,0.016245061061591973,-0.008564964845166778
-0.21916209581986504,0.0008130008551138095,0.015782038941580943,0.00047550168605126064,-3.0049965959712974,-0.005462666456527543
1.617908380507227,-0.0006796723059593005,0.0036970944597730306,0.0073421525718954245,0.04760767588408128,-0.0123705624152258
-2.589909209713415,0.0032745350159203972,-0.001302661921344075,0.0004794328867149811,-3.6203415147871563,0.0060160554694548285
-7.443444073502172,-0.6155757672177287,-0.010681711482902742,-0.00853957012747908,0.002979405057700617,0.03515164701254525
-0.00020318512706486925,-0.003129162575233955,-0.0018262644523753802,-0.0023618668329476278,-0.0001352564963080837,0.00436339485364494
-1.23928189946388,0.004503242467104947,-0.0007085014081759048,-0.0015943539402484552,-0.03932201639426954,0.01246091572520816
13.982774756274804,0.008641463737059565,-0.0016528550237240314,0.0073170906125934465,0.00559675417314564,0.000865793192094344
0.2793296874400948,-0.015995889430064286,0.008001639420516606,0.0027461005551542763,0.051619851272368324,-0.01884768816374992
0.02232000898050017,-0.0022809410620214634,1.6051173598000401,0.01579592864209331,0.027154625768579063,-0.6254972790689592
0.01980157810878247,-0.0776702661170033,0.007773411319790231,0.0007963355868660566,0.01134844446666633,-0.007742200021039848
-4.723450421774248,-0.060085787698311084,-6.36141443607673e-05,-0.027213687089521987,-0.004980265367671647,0.01630217570668968
0.15291794329971342,-0.0027166085663780397,0.008557811376356951,0.011682998332150953,0.7820803850786642,-0.03005080892049375
-3.452771214327818,0.052636601305994526,0.10532338902309125,0.4634470777310993,-0.016992795385677377,-0.011112869019966332
0.015835996541191513,0.003552520425498718,1.3388885547847722,0.39043859875968634,0.003023447124647691,-0.03655309274142249
5.028980898610725,-0.0021769029871414516,0.0017051739190508744,-0.0003837984890980861,0.014963882015869208,-0.003877825751456565
0.5222770216659812,-0.01869435190504868,0.0063544301364947585,0.00037721499103469947,1.9664571583960804,-0.015059852457708911
-4.95246929185443,-0.006390361742219774,0.003082696084103593,-0.004320334200280024,-0.003198437423246316,0.005935375750792948
0.002583202953188175,-0.6229942411217126,-0.012010140539025113,-0.0009832007842194845,0.0026970624775888557,0.0013529898207336466
0.001390523169837559,0.13319621395571127,0.008662800555876142,0.007673814028958851,0.001139534217003362,-0.01067920457795419
-3.5787380838347875,-0.027698770413769013,0.001302074393401369,-0.05710394425420373,-0.006990108770646074,0.02868309863132157
-11.864847734975566,0.4728677017195711,0.010307174309638067,0.002935926083157847,-0.027180083783944833,-0.003432202764831249
1.6777779986512678,-0.0032422172446691876,-0.004623005110435035,0.0020879210095767695,0.038660927715399536,-0.01771238841391265
-2.8656718277819038,0.002923583003571836,-0.005783953921755696,-0.002332167547524633,-0.03800943240979576,0.014154818104405886
0.009108322363116018,-0.00725009172756374,0.0042075163902487766,0.001664945594132892,0.008543502537948435,-0.009913238193476113
-0.003871810960224778,-0.004198055547720535,-0.022594168198190018,-1.1444579893531568,-0.0005531434648337562,0.012222821544629225
0.0013088285088565204,-0.6953171020744041,-0.011815032615157867,-0.001465888215699443,0.0012335204550053558,0.0031979378310941636
0.008936551614958026,0.0004619032580924102,1.9328043295901347,0.01819140570006539,0.008928082594886744,-0.15931935272832298
-2.8277598948364875,0.004821263354381521,0.0008719717423429029,0.005535887718558216,-0.01294794098980658,-0.009847057648161739
-0.06445587073430964,0.032740126621390885,-9.656731347085343e-05,0.00148953427082079,-1.7425148703178102,0.0016627089046776233
-0.21653141671564305,0.007634936510495572,0.014158065418208401,0.0016052609602208029,-2.5643878625749648,0.004243235842857629
-5.024726055221262,0.014559191916913666,0.004365276470150724,0.009609895018502845,-0.011601832822174645,-0.0029866576638833964
-6.95191553519129,1.1248116496994092,0.28657676502632734,0.646571500348923,-3.269405205463599e-05,-0.010715248914761277
0.9082364288178796,-0.001114129044338128,0.0020358053039454573,0.002288407710487661,3.8987801243705107,-0.01540226828097302
0.01672477611108348,-0.002582985135889704,0.6315722728349923,0.007393214164963725,0.015383510043686151,-0.03434744254925898
2.2410726066409428,-0.008042933522316848,0.07596689816861674,0.002557188576346292,0.3271026138483235,-0.013167810143183467
0.06258685720292814,-0.002072661358656178,0.026484691884089445,0.46015551313601266,0.029751199226985135,-0.0618560419788749
0.0463026462271896,-0.00205390406845787,0.011838313502505492,0.7692559180273141,0.024131409715990648,-0.042283014063542124
-4.990577247294252,0.24116295371054175,0.001200154989394922,0.004046222623231399,-0.04391090841176562,-0.008128472594206682
1.581374830400135,-0.001039480364582639,0.007685206959050388,0.011420590731366129,0.0633000182714396,-0.026925896172537545
3.224527404264145,-0.001136613314723919,0.2563630894296634,0.007310126935303252,0.02566097107816096,-0.068055054110008
-0.03641390291052241,0.1598935859590895,-4.595849345080424,0.00014359896721027887,-0.06483502896085098,0.004793366024352874
-5.192444074897585,0.0009549961505733043,-0.0014079358611926124,-0.0022532128310458754,-0.020660880315232687,0.005713642567441002
-2.1156892541445425,-0.0015125071289693159,0.00036544195611010015,-0.1549604284458852,-0.018876435087375017,0.14980132374826316
-0.005067806225680866,0.11832714452086841,-0.0028537251934893856,-0.0006386551211123789,-0.007173717438375153,0.0036686788755457833
0.8529492319285112,-7.71254853987204e-05,0.002906257631875842,0.12338588508700793,0.051923472246482784,-0.02626272173242053
-1.8356593454974912,0.007080772209739244,-0.0036682990935714196,-0.0008126413297216556,-0.07411470073945314,0.007827930019023738
3.2077338231885553,-0.010982151578788527,-0.11539342494084877,-0.00520743482433994,0.021546214046862976,0.0021804393717446136
-0.3727311258755886,0.0012426105529508111,-1.546377976406775,-0.015797271231550364,-0.03959405772471857,0.22964355710336948
0.007457383392733013,-0.5499846088089914,0.012167984553707788,0.0012399223074858398,0.00940957415359767,-0.004077942441870791
2.891650537321222,0.016190615353326027,-0.014081813376908692,0.02040055202170793,0.015618692748736724,-0.008134388388523928
-0.004565611326883143,0.017449880085564848,0.8857868669780564,0.0017390023407299199,-0.006451986104024474,-0.0030615922152788105
0.019913190277792914,0.4703573801066584,-2.479428088993004,0.009830308771479584,0.014312101432262525,-0.020779300342956664
4.658054290032657,-0.0007031140409584119,0.29907677334678817,0.011044034621795984,0.02444336389788937,-0.0811230556142628
0.37532750424229916,-0.002940365345168851,-1.7973754129416064,0.014101320816213236,0.05842110657428924,-0.043456934240878375
0.04200887177117894,-0.0016137429212967679,1.2634089554660777,0.005526236508619137,0.0215706709621405,-0.018036162565380598
-0.0025077197331177066,-0.0004194249050735139,-0.023207855357735178,-0.006694226535782584,-0.0029642876468941324,0.011659909916862578
-4.140924172421526,0.0001717369170948996,0.10567535567961214,-0.002140105009253379,-0.01899911530914261,0.004954873839237428
2.447652918003828,0.0006766256701884075,0.7741285354044547,0.009078349785650586,3.288457049771945,-0.010998343980647585
0.1085183429320229,0.001014518865024367,0.006148756573621315,0.6932264347062722,0.009318253847241298,-0.0451400536728877
2.765667326163209,-2.240318263376515e-06,0.0014737706853813687,0.007562980631185184,0.023418577944886276,-0.028881149068834877
1.0452598472613008,-2.39316024176605e-05,0.026728559234593094,0.028153163670164127,1.696556289863413,-0.035331609626791494
-0.05080277459549029,0.9407786677359463,-0.007949348021352947,-0.002067015568087159,-0.017198414881456653,0.009546700517478982
0.007567042593854194,-0.29073160710383195,0.7822210180232712,0.00013772125015297856,0.007995382600892694,-0.006534342279912092
-0.00541180430367086,0.013375753081394538,-1.0671820859727388,0.0007545408713693288,-0.012971618876727233,-0.005546560348057034
-0.018662504586529204,0.0026458262785425735,-0.014810868652750001,-0.0067112883288949765,-0.010929383814980174,0.2951918128329505
1.8970025194463747,-0.679448882955469,-0.0019220598150665584,0.0003803512628716421,0.02764914180363666,-0.00836306211987392
2.028486606224717,-0.0015485357974441378,0.003309994253413075,0.001969078273045176,0.02140456566495995,-0.01072466339256134
0.07925822917268419,-0.43762544138150045,0.004470937529300063,0.002259469977561074,1.3770029529402155,-0.008693460245502355
2.626261569507401,-0.0008340811392082431,0.03320382582644054,0.005672683946316301,0.022324054237862434,-0.02962494544243388
-7.717281807453915,0.5279470582093982,-0.013769625250184242,-0.005030861658509023,-0.1633205546568148,0.010465915996801911
5.743043398248464,-0.0008002323031782175,0.0012770507530353078,0.00020886991898885765,0.01055021920247367,-0.0017088201623861599
-0.03315997720825313,0.0030565709533127636,-0.04924618280516244,-0.03597778216858523,-0.057564100502855056,0.026170780308585908
0.009858878861680768,-0.1931542255056593,0.4125766171675421,0.0022531271370629345,0.017535852752887573,-0.010373171848412549
5.246859301819153,0.0023994533953546043,0.0030643848636665912,0.006862464842821936,0.011881265105794424,-0.0043553388266968085
-2.8318273465172954,0.23538596036726633,0.033730769758208594,0.0034233817265509336,-1.5872556419503392,-0.0032108192558639725
4.247287501475505,-1.284256302089279,-0.0566165278078577,-0.016682811446225188,0.009541923406750717,0.009889577721019283
-0.21092027819999484,0.3975517793834486,-0.004821989243875029,-0.00017771501356340924,-1.9851360597364582,0.005293089711549903
0.9811874307605649,-0.001349002281308197,0.020776356803110727,0.07048354505148485,0.1213709058194871,-0.08018279432051217
-5.203037354379106,0.30272638912245353,0.6266166486666213,0.25657348138004465,-0.036950496827401244,-0.07654886920143511
-5.933768184896437,0.39470115845604775,-0.00624690245695656,-0.0017021975167385017,-0.02359363836441743,0.040598339764328584
1.2346725931330105,-0.001633444966392011,0.016803893620144207,0.07644852375792044,0.19357807238946406,-0.14508065766157507
-0.0013004132473927173,0.0036303790503315705,0.0004378869125335248,0.0005647992138918597,-0.0015770151463652413,-0.00043106446782672993
0.0010407986585915523,-0.0003583811897002481,0.28511791533974157,0.0024919020835363894,0.0018634196819189402,-0.00646072864551956
-0.5657401118201058,0.007396848292446874,-0.014572419010667016,-0.003064496527627053,-1.3171315500904852,0.02438234620035651
-1.2759858889514817,0.0014209475460646888,-0.5931350274510971,-0.4501900979624853,-0.05478465809449494,0.18751426907627256
0.43933992984764325,-0.0025565724549510326,1.1777085115157675,0.0020651944143302986,0.35999357963281314,0.0030500053139906613
2.217100849904554,0.0008063233425854152,0.1485545214083523,0.049038331764201915,0.032842529685995006,-0.04173038539776297
0.018060246634974447,-0.028599045085098355,0.0052921559825271774,0.0013967953112746095,1.1738696301992202,-0.005037875397555083
-2.7059237939363774,0.0004078559233357974,-0.09653208048244145,-0.008924728537720195,-0.02790523609963004,0.028016433426258036
-1.2953262011020925,-0.00020442875566644564,-0.6025307174163848,-0.06650746429284382,-0.03157791979028375,1.7537803990237748
-0.014286634777062419,0.1271612324231243,-0.030167213454516364,-0.00483529166595136,-0.03127398466765034,0.019332994191007306
-1.2623863638832553,0.00811411456832617,-0.04460767915317278,-0.0025983716152368774,-0.2525019642737883,0.012677943898929789
-3.8007612312594947,-0.0022019801096934133,-1.0924977761697852,-0.473547065581192,-0.028601870303251637,0.012431773022104409
-11.132484971736357,-0.29522929231098743,-0.01981271129621633,-0.007119816814279645,0.014063801233681434,0.021437484726513745
0.000982588800120997,0.0015186464258016275,0.0203466092390687,0.0014137472198282107,0.0005037707155407995,-0.0034622247278784726
-4.959596705412333,0.023462455351865405,-0.003721724501983951,0.0022018393387137625,-0.12993580241544292,-0.004579780862779992
0.019209935908648276,-0.014182448926119733,0.002916664044097703,0.005477519025105411,0.5258651482516923,-0.01656850032450246
0.06740062073441153,-0.09635658968014882,0.023660983561759278,0.004476989210543734,0.183063713882117,-0.023624368311127852
0.006210894991048396,0.011660804417934347,0.008440580061804752,0.026946134528104987,0.0027485180187858623,-0.05461171535419267
6.986806028704826,-0.0011064764827861994,2.374105268387864,0.0016481063793303274,0.014486493965476872,-0.012704332953990205
-4.126915368181919,0.0016937603695622912,-0.027933282149773166,-0.008582489696011136,-0.034354539582879276,0.08534528471736502
1.3418419723886275,-0.0008159374112782884,0.0017358923359316472,0.008194386675039217,0.09265860219631909,-0.01046081629155965
-2.267286384642257,0.005749046883148804,0.0023136674502125584,0.0003340142356199685,-0.06847070929163054,0.001940247654092675
7.335718492291834,-0.31132283728853405,0.004004724226922395,-0.0020284215221361146,0.02662473382796538,-0.0018324743082227535
2.968529878929462,-0.14912738253671937,0.0008500563393614824,-0.0019999895339083557,0.17350480680897734,0.0031151201393423977
0.5632069325229556,-0.0021874910388465594,0.03549763949245548,0.013979521973443543,1.0760712389855502,-0.053404876567320736
-2.6124082361410155,0.005926903238808921,-0.009160248852786837,0.00017550463871222888,-0.01740030143937914,0.02475715965327091
6.563133065349411,0.00019165518633918605,0.7905215293222894,0.10366458942998547,0.06410987008256813,-0.02192605149316007
3.757623671334043,0.0001306073373741174,-0.002623719923482817,0.001386987174291865,0.023615794361428744,0.005564650476862609
-1.680061285071867,-0.001329346695729192,0.021807131342620526,-0.004449315820866634,-0.016718869898786463,0.008500285063643448
-7.751267053292053,0.005545279605373732,-0.006707003188980796,0.008692737168902176,-0.008039828720298545,-0.021469476209214022
1.6124259925781315,-0.42444210801390225,0.00603342649461038,-0.0015250292389236003,0.02143984465892182,-0.0031289091446459194
0.02872959739666466,-0.011810104305436308,0.005237634154834022,0.0031692151024501174,0.6265909804737735,-0.009306803314698853
-0.10146465782534918,0.004180691949671252,-0.006379501582297957,-0.0058406629864909895,-0.40022875459110624,0.013136828338913852
0.03486346369472696,-0.012111490916742712,0.055538753964239435,0.01373885227140859,0.14171968107358307,-0.06113592434907025
-0.03198126627239403,0.012203890432756425,-0.0018335761742075455,-0.0014625958078096218,-0.6121850237987608,0.003310014219843574
-0.24336897923276957,0.0019779446048243214,-0.00707060512863316,-0.27692533587709206,-0.03543003225874673,1.1401608175144795
3.874819123813264,0.048989703915144345,2.309223682401951,1.3029019710493195,-0.004534357376577504,-0.027547761436492735
-0.7144736023761443,0.4996286450640272,-0.0044688653208643835,-0.003219352985051431,-0.15258264439179664,0.011728754024150967
-3.6052057496580274,-0.0015664013927643387,-0.004626075756037745,-0.0029328446380786077,-0.008857866493707366,0.004774227094544448
2.543362402242314,-0.1552910030306937,-0.00044862189366866073,-0.0024256132043102424,0.09772868360192352,0.0031878734034627154
0.6042496666874231,-0.22598687945582752,0.0002664244032945409,-8.438355970635802e-05,1.191453040743494,-0.006061711979332585
1.9669334373442124,0.00430770414232334,0.015896500031443245,0.3244613721819789,0.00908906497365366,-0.05235401698961517
1.6241391970464227,0.0007695053352413206,0.01019931606104478,0.07763218106463649,0.020548560721272386,-0.2657617087485633
0.013959570228013328,-0.005076807384367728,1.3005774884181427,0.004839462204193901,0.03515359302627927,-0.008847861533310741
-0.00799505746482461,0.0015282642488395138,-0.4110875780194924,-0.008986911234636893,-0.009307860303183018,0.02150206287697757
6.198585753494619,-0.014754481651017308,0.020299483059664315,-0.004637874907396616,0.019249802318511207,0.0037694997229792415
14.670071328642436,0.4797544272788242,0.002594348680125813,0.0038328383469347083,-0.015155977400011377,-0.013002393573849247
6.294456107792299,0.015502126264070637,-1.4790519082936657,0.006685579939984421,0.0011592642496524547,-0.009934935871489747
6.357565694295605,0.009838742741439976,0.10657446847504803,0.8238503352369264,-0.0010021139688403896,-0.05226996914025994
0.009580253402801726,-0.0004237291156995648,0.6124956501331345,0.07337532600694974,0.009405036607282893,-0.8843644361201268
7.888907663394014,0.00020725562635728932,-0.003825030824366315,-0.0002559348467105482,0.0033839600956595915,-0.0011639577953574953
-0.533297271790423,0.7013576064716931,-1.9086258643923322,-0.004350373800138585,-0.03806151086467417,0.03565712558633338
2.3096299524368575,-0.008829349413459612,1.7497055060267157,0.0014717026659314958,0.08277052572108348,-0.012020087742116936
-0.01442411510483943,-0.000514784015588337,-0.03915752595164046,-0.028982700433773163,-0.007134151058445046,4.521805110204919
-0.0014748923260448647,0.0018048546710667693,-0.0008059254548883372,0.00018852754799712708,-0.001375342676448028,0.0006303549685819863
-0.20774511353302474,0.002729004381336034,-0.9504919285497478,-0.024352193523202698,-0.1188107431660611,0.05365767959521134
-0.7062830358789609,0.006002577381457117,-2.158721194068316,-0.0042203655842365795,-0.5306659796249149,0.029151099389584156
3.735365093807476,0.0013642927201833516,-0.0003045262379773369,0.005498923106936393,0.012167386036414546,-0.015493137626995557
7.727800530863184,-0.0012226488059706264,1.5890929810532,-0.00016028616715363375,0.006248015727878365,-0.01186166871640748
-4.29572881395192,0.18125390727563057,0.005766276421544595,0.11530539364006254,-0.023074398130258744,-0.0449192416117663
-4.720415284607877,0.005913210149200414,3.388350463496376,0.004841879291376088,-0.028105415610216147,-0.016722593032321993
-3.956879189341919,-1.2053256226466855,-0.02317052079555726,-1.2232311507461304,-0.004661036222904959,1.047829242794176
-0.0025712288370844556,0.0025707337912601017,-0.10226551452844185,-0.0007359468963865344,-0.0028320695188052162,0.002950331641820584
-4.873025835900734,0.8391553354582042,-0.005417036930736634,-0.0015988897921457301,-0.027036702158092837,0.007851360524048223
-3.2034898334006785,0.0003202986656371991,-0.035769964786169284,-0.0151134853383455,-0.040925379760549836,0.030369935845940277
4.185341411905815,-0.5988389170322873,0.0004287123189793394,-0.004443339577083927,0.020020760405478073,0.004115046328237115
-0.010776349034545017,0.17154117752044956,-0.06862641155692081,-0.002659507584263597,-0.020457391691412533,0.00842619605347111
-3.6639872906624844,-0.0012417687232327778,0.32074418623505746,-0.0011038665881160509,-0.007263007783517537,0.0034798115005612584
-1.0286851030061888,-0.0005061973977842713,-0.007970595249498863,-0.02361770830206579,-0.019650268663402796,0.045214753267408286
0.011710997977894547,1.6207191953577906,0.008996923619401374,0.02555146312308114,0.016231745884602848,-0.07012939244586253
-3.6984416355686953,0.0012276010353546828,-0.018051716466413806,-0.21478587460295717,-0.062262133776284555,0.1400536463457569
0.0029033946619042707,-0.0013339039661320723,0.5736715006522404,0.007146974121389264,0.005188055844435084,-0.016649721214953506
8.350245431921916,0.0022332706802552366,0.0007763132182560337,0.002821686320728378,0.003815245891937313,-0.004193043716907763
3.9444034909941763,-0.0031816789484285027,0.006794595621149022,0.003173659476909632,0.029825059461927546,-3.162501147159901
-8.525707961941624,-0.39540707468987885,0.0034086996337790105,-0.011599710729010337,-0.005754204510696386,0.005487552358018677
2.2984144349433264,-0.0006512478049415164,0.30767493995742795,0.01247438054182351,0.02952679279328795,-0.058244214275417705
0.0035017288049704774,-0.05154659692774165,1.4428638673582657,-0.0010736274958367958,0.005424627791535164,-0.011118255847432257
-5.468111959149779,0.0003941226772378021,-0.9836776840305136,-0.000546035927823818,-0.0062269595400166605,0.009167595831711228
-0.012176778819630111,0.33262393159596615,-0.00470937169816043,-0.0017405452469354049,-0.014725204513558496,0.00836491075922529
0.007121737807768299,-0.011695924607439984,0.7524815018096774,0.0003436256946805598,0.010728690212289952,-0.0018589933275729303
-0.02311748064844952,0.1269278026361863,-0.22590550561947426,-0.0035047831290215686,-0.20765127785839102,0.00912072018662577
0.4161327477827602,0.0015970639905425492,0.0033251088695145257,0.05614606966341673,1.9900428342733674,-0.024865226449712063
0.002084339147358397,-0.0008882448447294811,-0.0009162312888902481,0.0011178306356134774,0.0025216094525801393,-0.002302134639864984
-2.7094683750320234,-0.001079198105397976,0.0036536085140760127,-0.024054140085063236,-0.13976440494904505,0.00753201456556124
6.255750425085134,-0.6758665113586335,0.0007965284585765052,-0.0021079326152503297,0.01563178040621879,-0.0028416620285891536
-2.989661493836932,-0.005063010856684896,-0.009490987358942049,-0.7544633723364464,-0.006255781962085061,0.043366023819664035
0.0014218179739722858,-0.0007537727449318304,0.657642971380733,0.0015423384794332681,0.0013313911750417774,-0.013816522500235545
-0.05198748182658063,0.002084388179362947,-3.2508118958423737,-0.005961922788533747,-0.04534524819711462,0.05232506922349178
-0.003431640065317665,3.599995575988399e-05,-0.005185779135859926,-0.007433772140923884,-0.0034849820769917643,0.031625115385807985
-3.0643620779509835,0.9443628036013286,-0.007592426813020017,-0.0020677823607281876,-0.023780845481333638,0.012261434627730328
-1.0937519898349148,0.001292051542232356,-0.0903552213451003,-0.014297787126189454,-0.03307635770136308,0.12718366629909839
-2.97616014680056,-0.003069401979915956,-0.0038683873767028573,-0.010442111841678675,-0.0070384818785077675,0.10331709115154086
-6.496309908771633,0.00035077603372155475,0.007955315759613675,0.002517747790783259,-0.005270206125777567,-0.015120283575136284
-3.070475063184881,-0.0005994961415780136,0.0006357916924767471,-0.00804452655756599,-0.032118892789254595,0.00889843293995951
0.011876174273205769,-0.005077204264526007,0.004944044349914529,0.0026298192294132183,0.015291919017263579,-0.006656933002759582
5.036482164076046,-0.0017872944997808287,-0.033234477052967296,-0.003297322988951523,0.048269505762184105,0.24775440891480827
0.05115095575855732,-0.35968478900796996,0.001510572854006399,0.0018898397009659423,1.036378330007644,-0.005438990288215484
-2.5749016466467403,0.0017846516025908717,0.07117246292902044,0.0005431839438731351,-0.022110501236774147,-0.001701214882786073
0.27062457599609724,-0.005637147669163095,0.003127548093511748,0.004261999155388527,0.03497801952475743,-2.9175811563265643
-9.427597526412958,-0.1781428914083797,-0.0071510491725930055,-0.02233322184489306,0.005311070448095045,0.054022282060309124
-4.445298522680887,0.00013576484321154098,0.3842614313884237,0.00041915496807501396,-0.007820876292448136,5.1452171596966245e-05
-3.4524182091793003,0.003999634976547318,-0.0017653700531914769,0.000210369650408479,-0.03417461352614191,0.0022416445834950727
0.01636481091548594,-0.5682606914976295,0.17051146172613482,0.0045939390933051535,0.039304959757661344,-0.011842101138828331
-2.8472004393097228,0.36530597653995256,-0.011934380888824507,-0.003134169867540587,-0.0334994174000115,0.047177727118851376
-4.08032537750331,0.0009227988117431678,0.2950703577290559,0.0021593329954971707,-0.006529668871683561,-0.004135908527644672
-0.14080360323086913,0.0029569997615508364,-0.9962584071938385,-0.024412179955948743,-0.8067565730023807,0.05719447351408591
6.546731575935109,0.005998010510804416,-0.006179834397519721,0.002711844800106611,0.0010585692812874184,-0.0012417948232162912
-2.4357173395081153,1.0036729262948645,-0.003289070742550049,0.0007912124588771441,-0.01364054426691157,0.009423387886448698
-1.7430270014858502,-0.002327631213767868,-0.017017435021627003,-0.634300138396453,-0.010193363993136327,0.04798128934098678
0.00875610639673453,-0.0013914054843378318,0.006103778522529839,0.003918349504385566,0.0051944858850095435,-0.39040696169025135
2.7079127156819816,-0.036724337514731836,0.008646913627936369,-0.007858818781990684,2.6691714871808254,0.023564741189439742
0.003936962015906967,-0.0007247544724020267,0.004866459623053799,0.0023775458517286976,0.0034126790545991525,-0.009048402413579409
-0.0242803048316033,0.0013629109833394458,-0.013271561845920096,-0.10188130804645401,-0.01584589803888419,0.1552703103192688
-0.00010144116599448773,0.002131789469378652,-0.000241775784217706,0.0008938543232616478,-0.0004130000021070437,-0.002421105772111844
-0.02455179278516207,0.002368933086992968,-1.40407492487389,-0.009837422545580135,-0.058820680553900384,0.011513054526506278
0.13158481326573637,-0.0024063778213242273,-0.034443763997702506,-0.0006835893807018711,3.9850331837879462,-0.005129544852700674
4.8536844439534335,0.00042541165078047454,-0.001108481280847532,0.0027593397369120864,0.013604656736951739,-0.003937206743089949
0.5545082740316931,-0.041324364683300016,0.0019652238551208373,-0.00010353368465881863,2.2054326576006558,-0.017202058714865076
-0.005034836290497409,0.004029205187957206,-0.3062451508641519,-0.0024815825456159894,-0.007243596688611942,0.0071002834275059636
-0.0013273673064418967,0.02756179168647808,-1.261503272041142,0.0019484061034223711,-0.0034950345569308913,-0.0026100889648769388
0.09837961549939783,-0.041904728061932385,0.002417425549664094,0.001021707148259097,0.027505158343466847,-0.00784544402034441
0.04834359002596872,-0.0010619585605918568,0.6036178847676446,0.06044664468608191,0.02772046769274573,-0.05458958809700212
-4.774648278579444,0.0018655419024392458,-0.005271766748923143,0.0004995873929245498,-4.3354143190393994,-0.0018361616956816817
4.138623013548171,0.009248910793650757,0.002323944887381431,0.007700426873496424,0.0016983406806853729,-0.018782297611996457
-1.9367399846268931,0.014099218135772126,-9.347088070661702e-05,-0.002265268378214849,-0.4990596881910334,3.6734799629165167
-4.950619104919018,-0.00014124964699148337,-0.005684568914424439,-0.012927840200887886,-0.02064310052092546,0.0871111549278405
1.455757968030806,-0.06947184227668954,0.003384631064128718,-0.0021774557624559196,0.07319296700251492,0.0033106681959098605
3.0177080397430402,-0.001667747564130089,-0.0003355677958711044,-1.2943931651160367e-05,0.01926319291204936,-0.0013309214946697345
-0.004270938079941075,0.0003272816978104569,-0.7513934546532035,-0.008187686282962,-0.005445274604920393,0.01669790697064548
-0.5986999906109075,0.0018746985430492275,0.00011184092681735527,-0.02677709965935493,-0.19794944245491133,0.05083116389341877
0.23546456066215496,-0.7910755141087312,0.008067318737126752,0.005338205054109084,0.14686407405385576,-0.01624349702454636
-0.015650706516698483,0.4887170381937965,-0.0035551974425940477,-0.00033426159776671,-0.00928599702456024,0.003466912878443404
-1.6459285965615602,0.02542716923707645,-0.006775726819811668,-0.0004897084925282805,-0.26982399983445154,0.0084628918406989
-1.134356912133427,0.0027793498715154396,-1.4443793488329608,-0.002201877757930945,-0.022747066400828873,0.03956391259735925
0.01474896256845564,-0.1814982564318847,0.002977855598701721,0.0006900196991840891,0.012354701980236997,-0.0053329096608938555
3.850565078881212,-0.0017256097320899105,0.0035311894592114233,0.008544339540723339,0.04275577329748997,-0.04840658575774737
-8.4271262875222,-0.23530622922909666,0.0016925018901049198,-0.007062179511101108,0.006019308599840493,0.013391054939715152
-0.8324530154638051,0.009928107821248481,-0.004552703174061615,-0.0011604347920324623,-0.02569125488353633,0.02077977889616299
-1.454378710650478,0.0025347012575771466,-0.0009940393087865076,-0.012531344640727943,-0.22114990734407455,0.07170152618478187
0.014761078590035103,-0.2539619070832312,0.002559993770205699,0.0009321954597974478,0.013472347978298518,-0.0058980473427659545
-2.9549680521285766,0.0036717257190227786,-0.0026178223352544988,-0.0029864317659596407,-0.2479120430418891,0.00815868977896228
1.748354640560875,0.028417300541168602,0.00830700289039547,0.15148875569370945,0.004256743207667521,-0.05323280793905738
2.3567683336062917,-0.0018451945969265304,0.015185318176348647,0.7025798700891057,0.09836554615509119,-0.03041242176957193
-1.479670266322264,0.003747604462213551,-0.009963354032703445,-0.003464641339389611,-0.08924801747059728,0.01297977590175417
-3.319006843839695,0.000938471893895558,0.0002410059719810051,-0.6236672624674346,-0.05959716435185377,0.029619602350271723
-0.002532715378248245,-0.4447569240318211,-0.7918240106221309,-0.011348634598876584,-0.003450972444260868,0.009531712703526509
-4.321466847016829,-0.0006560110669379371,-2.3761955960275754,-0.003608575955356852,-0.0202119279699642,0.002882680999028553
3.0364211314556826,0.033159294130061995,0.003207117533002251,0.030617620295061432,0.00644506531975741,-0.015749053672595548
2.1504376990666403,0.000542569165252818,0.002792278236600357,0.01168609980620694,0.02185829439544201,-0.03205352090897223
-0.07240301135704413,0.01722188438879044,-0.0010199909802202638,3.439497581895351e-05,-1.5318943402860332,0.007129370165237792
8.821685458647012e-05,0.0010818218320764355,0.00571238496786403,0.0012465220315514974,-0.0001393133694144888,-0.006227455193176035
-0.09910594206530872,0.009333683769800231,-0.008838658567211041,-0.008120417138010282,-0.40119190892951606,0.0568452722711027
3.0060948534955747,-0.0095314891967666,0.0019029454010317524,-0.0018268983692946439,1.5477561070463706,0.003746156522956179
-5.724580412653069,-0.012658451047286856,-0.0009598151010992151,-0.038636423648105156,-0.003244540936338157,2.67047899356254
0.9724659139201455,-0.010882062010509553,0.0075841366493374345,0.0021945332339770446,0.6825237332701102,-0.01630013734385874
0.07575812573834201,-0.007516101059018533,0.005670482533120054,-0.0006097897650424317,3.022145759483794,-0.006763257060087735
3.23786955703157,-0.24776896293505024,0.012571224949441151,-0.0029863501639438295,0.021720970538677963,-0.0012303438793293542
0.001856859634116571,0.00034864765558256295,-0.0010983079681195671,0.0011651382651943246,0.0015093911559732498,-0.0030125929021083066
0.029847174688458933,-0.06055338226195149,0.012128431934902827,0.00499517872213958,0.991026911721468,-0.03556260360910718
0.008879606849133137,-0.3339055870848911,0.0006133093635148996,0.0005854044369123131,0.010797358148065815,-0.002793817818280319
7.416677436900844e-05,-0.004826868693347763,-0.00015727514167009182,-0.0018427488253627722,0.0008802051758140968,0.011401161955632188
3.691556130506693,-0.0008187163594945896,1.497498986377629,0.0027172499077155743,0.03458070303330469,-0.0016378742420102288
-0.00311083504152148,0.0005631794273206333,-0.0021441351393015574,-0.0020130585206337985,-0.0030112923190048274,0.00588873457943767
-2.068812013310366,0.0051103215585745765,-0.8482337519844367,-0.0008701329955355108,-0.033121250717281434,0.01639015609663952
0.2910783877977351,-0.009321616352384772,1.67629285348446,0.005121114471434207,0.0997684077787379,-0.07368255977266802
-5.154220384172527,-0.0018050006929529044,-1.3658460286470135,-0.01676362131329545,-0.017445306489815196,0.024304468675982127
-0.006475510925815188,0.0003180129338075971,-0.7804717271516172,-0.007810817671584161,-0.0061670183535482495,0.020995577158689716
-1.244270307572364,1.1931767795702188,-0.00520728064231649,-0.002720397201688818,-0.027772623538518112,0.012037507821947124
0.05454478070491098,-0.003145273174343673,-0.003196749043254713,0.0028666383093789403,0.9070918539858634,-0.004817995862077484
-2.957612951825098,-0.0006431595526474449,-0.001401849192897214,-0.0027004609947213626,-0.0067762742088583955,0.0353986407072544
-0.008649427380447678,0.002610243159948824,-0.008133375493145708,-0.005806312561732951,-0.009629748157411966,0.020019836772275867
0.10603644884287083,-0.0007164601050725673,0.028193598372409423,0.12922663461612405,0.018287091096065175,-1.8090402994349808
-0.0015273813119631163,0.03450761701975393,0.00830757220064035,0.9750828339836553,-0.006267108068979978,-0.04233143932876743
5.114875551046581,-0.02515189985399187,0.006974630423976826,-0.002395096221161741,0.05064089388693857,0.0016184723457366434
-2.616558453848631,0.003620945413429398,-0.058338853169235746,-0.004664164750195557,-0.03974047641041526,0.043498211098490946
0.005707788570907133,-0.001032809278405474,0.0152642946888152,0.008095880495497972,0.00642842436624051,-0.017007500945163387
-4.312571047324051,0.28614716675685603,-0.013978237279292274,-0.001537996894239252,-0.04037036694237389,0.01994201494579728
-6.11819134416802,0.016556871527658727,-0.0037719545739697043,0.005533555593183165,-0.094387543368019,-0.03489317658123681
-5.152259410371419,0.9900761406792739,-0.003808588646978585,-0.000483440612139896,-0.013975277105655624,0.010264169363510156
0.005354333716430421,0.3125470373679473,0.012309716362759186,0.0633701516415918,0.005827785874784476,-0.019808220543199615
4.561670450053342,0.06688339864617546,0.10383657210672621,0.07804687310148872,-0.000317789960349768,-0.08007027543035061
4.806874977820472,-0.001101698845869341,0.49788928230926016,0.00201856113099122,0.013062659865859107,-0.017762863358314007
-0.019649424252674647,0.0014006990266142196,-0.03309349482291432,-0.06746242628908783,-1.8527680040305285,0.04862132295293442
0.04564401808083782,-0.004560074565758774,0.9821166337425762,0.03159102539441605,0.11311596159016636,-0.12201083737883078
-0.521756147876411,0.0003716606077668038,-0.004973681447778204,-0.02291038666353549,-0.02191344837959879,0.045338807898873484
0.6405091081738159,-0.0012878892655012444,0.01021568443333629,0.15720439648845969,0.059796071318592346,-0.08378720314042953
-1.1890249791433092,0.04325073422203681,-1.326143085077901,0.002109917755813359,-0.03551642057677411,0.0033048384732257685
0.10783212323290087,-0.002476304269637136,0.009373108212142503,0.012554485448768506,0.5832313365359668,-0.01990903331550102
5.507531236314164,-0.003368520744206225,-0.6950382696796908,-0.006000735952240155,0.014686903830568945,0.03339798155111107
3.171642093605273,0.002126866206910955,0.006800813421730681,0.010170998121279279,0.010492957427501443,-0.03867678092089055
3.4920257414819402,-0.007769271807497424,0.005064632088933232,-0.0030374676133993334,0.017363462091354833,-0.0007775667556312316
3.048641767688542,-0.04124509142398923,-0.012008838005535646,-0.008806828853989895,0.032715110311630526,0.010045937590071663
0.9114957029495934,0.006231331948090509,0.007472821526060902,0.005243670980022999,0.006695273106727905,-0.012940101148880043
-0.9839569699853813,-0.0008778580075631329,-1.4826100090027263,-0.015265582241345332,-4.210324596027581,0.03923278025782517
-8.115939526676861,-0.006187201536179937,-0.06864930660424245,-0.3293967111389762,-0.006100028010404002,0.037856068356459716
-0.13097962824386822,0.2725588077196952,-0.006478483530466728,0.0031029744656994596,-3.23659922512263,-0.0011335999756549309
-0.0033993269807668187,0.006151911080949013,-0.005945873670977452,-0.0009247457303728913,-0.004189339310623855,0.0049655347882186715
-0.8079527330357981,0.0027875632629282402,-0.0006975275007902852,-8.453031191730034e-05,-0.013033156634711681,0.005153541521899223
-0.1169663985455951,0.2565675326158318,-0.9746361913846178,-0.0015035515995486595,-0.03664385270779647,0.01591760216796692
-2.116077160295385,-0.00044418085470591256,-0.019876869909889752,-0.16771540223426107,-0.04549489884534018,0.04359970474771202
-0.01928235983165711,0.0016410801507559468,-0.011018861511370022,-0.033878740549071654,-0.014459543224926154,0.5004561646572463
-7.854967560728708,-0.03129535342960112,1.00403496560519,-0.005598786534877276,0.0052180843384476445,0.011201569361906305
-1.1645741541978483,0.8841154644935303,-1.42909440880103,-0.004740674330567574,-1.0805818112883268,0.005105097409574433
-3.82452693808182,0.0063604763963994735,-0.0022313977611655086,-0.00011375935466438614,-0.05352671990944534,0.006438958546323259
-3.5490417075265963,-0.006433814906611143,0.006643660064710538,-0.6025288558721602,-0.014065989146275605,0.010329521343426462
-1.86844226048142,-0.0024777000372526786,-0.0012345270045158487,-0.017330394994666487,-0.009888015687871822,0.7262776120286549
15.98913192954422,0.20120311076498215,0.0016139675707897531,0.009496427576017652,-0.006395460401326886,-0.008543161044589187
-3.1080713114971426,0.0008896924996726328,-2.812497509657689,-0.007416838159996553,-0.09646877984741047,0.014820542213425547
-0.0009017048941663282,-0.0013894476408908944,-0.001940796794426711,-0.001168387843002246,-0.0004391694713979848,0.003383249934551778
-0.002699359586960372,-0.0015496693389369818,-0.0065286298145901395,-0.15913098329394135,-0.0034510193306451064,0.010050949618374522
0.002022352157678267,0.2673542713032558,0.015504643076016945,0.0054183404125569745,0.002013795356907561,-0.009759864643210317
-0.003523593738861019,0.04796066675639173,-0.0031652322529654993,-0.0003017655529541154,-0.0049869631428534405,0.0025093411533361355
2.3623404776151955,-0.005298948699504329,-0.0014058936145280093,0.00040427161542906653,0.08116102973871712,-0.0038934836672586126
4.647523794079379,-0.07075265309410836,0.05575858473659898,-0.001498582487763661,0.04709257267324458,-0.003309385968036538
4.0203882865558445,-0.0015938104787722625,0.6267165811255058,0.04455387444217429,0.3504856169421115,-0.027234823531833596
-2.0043037030315283,0.0022498526869677987,-2.7599301892028034,-0.009985607678239916,-1.0234058733269296,2.575616605626905
-4.018845715640325,0.9581579167455876,-0.00151563044444119,0.008334915306505986,-0.010147969006264797,-0.0025630522207710227
-8.627194020622206,-0.03133871130728953,-1.138194190193488,-0.00971605036612122,0.015201035900629264,0.04373111036591881
-0.23461939786526556,0.3780050600303952,-0.002266087478212958,-0.0033298335218656036,-0.4828433618859578,0.015187524816331427
-0.41254515022684657,0.00908328252515136,-0.0014090911408200825,-0.0006429088027592456,-0.9924239222502907,0.007023020324810586
0.054684738040181036,-0.051903898178662,1.7851922849035058,-0.0035565248940752636,2.782484441546735,-0.0008644711946494965
-3.7752271679565945,-0.00039853671493289555,0.00016140834581284888,-0.008598796694700733,-0.014543271624905485,0.12769497174538236
-1.2522517344859758,0.013513462759803379,-0.0026160875751862745,0.0016593826720211688,-0.0322513725472348,0.00011731176424548129
-0.015734690206441533,0.015047177624091464,-0.00412858397955346,-0.0023467882699222146,-0.019581268809554162,0.010345979162439603
-0.0021783556168450797,-0.00013709761806497299,0.001174924005390764,-0.0010879724083056467,-0.0017422647877858315,0.0029048679330022564
6.63617949485281,-0.8708227195848348,0.004854427188247513,-0.0056350977670877045,0.008407185817462234,0.0052290252250830616
-0.002822771499780487,0.0012661029196284568,-0.7699584163980049,-0.0005861773602468361,-0.0018485233967461064,0.008517983373125662
0.005860343164125906,-0.005090910003550414,0.02053276480677085,0.0022920712413901315,0.006591890518326419,-0.011066172936256087
2.874431816932046,0.003923245646503692,0.006434643238052073,0.006913271449373731,0.008331148095338515,-0.00985077092220954
4.556812658785452,0.17234640402852552,1.154644161919816,0.27057080033422576,0.0019354114110824655,-0.03663791105367098
-7.476495617007119,-0.00305248846949234,-0.09027259297166812,-0.307501177452167,-0.014071035075985706,0.028028012910102706
-0.2875986715714083,0.0010633814013334356,-0.02523481719965548,-1.6402860565337962,-0.012885567592470532,1.1384881876018795
2.221883310164328,-0.0018960464499464822,-1.4049530716423257,-0.0006072530811836539,0.01275690672822125,-0.0017556129188577504
0.006335971996663491,0.0009918838611284594,0.18387038045454077,0.06656127436449091,0.005477155928477127,-0.024458675912514168
2.177368696956213,0.002207686462159425,-1.5693039036928182,0.17039781134550314,0.013384091249128864,-0.02108343691880389
1.1727515513695055,-0.47259963878407174,0.012308930781420308,0.0034885688093831344,0.055809947493698484,-0.02154301484446547
-0.07489217172378086,0.006364625398544449,-1.19177557009349,-0.019024788185606184,-0.20777522121266684,0.4388061927967617
-5.3060569395789035,-0.0009810079195900776,-2.919438423213766,-0.01331185104073962,-0.022001271592227027,0.05396582573054909
0.0008882967997519267,-0.004116203577455509,-1.318375113251336,-0.013316405552440652,0.0011139150691880308,0.011842913482480094
-4.137258795714724,0.0021089082853967046,0.0016323585759550167,0.00023734621337090367,-0.011533141545630269,0.014895127449767176
0.007551560570298994,-0.0030294305684591873,1.4012336490827184,0.02254402464100208,0.04965011041794053,-0.007573158894954218
0.002958517804944133,0.05359660020382233,0.029029812691065193,1.479373250439088,-0.00455598253293257,-0.020577413660502586
5.564198199814662,-0.21576054675022674,0.0260551617836726,-0.002848838544904725,0.01575705275412441,-0.006334367826847487
0.16783295503293244,-0.0008835834205755638,0.007982169047011626,0.017012893580776345,1.6551042408853112,-0.0500324910799993
-2.8727632341830205,0.0030999168425674944,-0.007899629142193767,-0.0024555920367105993,-0.05890314390823188,0.008306539921186462
0.06048734997017168,-0.0018045156665816655,1.099962828122942,0.006164231429726184,0.016147302135425354,-0.09520069251903762
-0.0006351911651136066,0.0021564219563191688,-0.0024709724404855804,-0.00038623688244752367,-0.001329885770108797,0.0018119026559372054
-0.02920117226799996,0.002984768152102877,-0.008691207436215653,-0.11955421865831428,-0.06055281819972896,0.034944913720393225
1.983684398178599,-1.1755193719410935,0.0068631537120060196,0.004029461115055921,0.02207528961430062,-0.025052525604540188
1.570076440130382,-0.0008736380034001089,-0.005783730496791048,0.0027907032582398864,0.02275995205598593,-0.011103201352418435
-1.3900610593967042,0.0012573435213818053,0.002553025839457832,-0.0020307681359297697,-0.018933410052152436,0.01189741143112688
0.023985795604721832,-0.0008075603693831154,1.878815507105541,0.007926786262843391,0.013559134008294255,-1.6960470050029226
1.670276670917118,-0.0015870394101597002,0.007216883964286238,0.0035489887257134575,0.0340025966110407,-0.012024060010211002
-3.2011084864993227,0.008239693356023512,-0.42487375367759284,-0.001430719037307876,-0.09508962550631662,0.011877719729501135
0.234065166714858,0.0007539455666641381,0.0007773957289938451,0.008502064260099862,4.207802508651156,-0.026727616697212242
-0.019314822019762375,0.01747738316512162,-0.005456675761153005,-0.001814778784732695,-0.7741749567534808,0.00384607043771424
1.9725464028337836,-0.009586649965406641,0.0071493058053116966,0.0018059264276705858,0.04476755318702477,-0.03901382324854452
4.328083118146452,-0.1706126033778731,0.006028517598269825,-0.0006091507693229692,0.07117775342429636,-0.0034412281292048874
-0.0856465420615638,0.00533425845911793,-0.015529143477839274,-0.013595732358417083,-0.05443083199507175,0.1400069193725096
-0.0374670381371411,0.0016630424606390594,-0.008427496992841054,-0.046169986093815125,-0.019911087704918548,0.1535069374619785
-0.001951143967931979,0.007708975713086868,0.006505415199167165,0.002077282163524124,-0.002070399554768427,-0.005204019875873175
0.0017150732183385557,-0.0015051365072288718,0.0010973207089849508,0.0006641177136311854,0.0019757447233320056,-0.0029899686144232215
0.08091817273108606,-0.3503706393081558,0.004026488288818966,0.0031014082190489543,0.1325714724116497,-0.010980771230289406
-0.004639177122888264,0.00053705151658756,-0.0013113768357222483,-0.003886664843483975,-0.005159050449802018,0.006315114695209854
-7.899696442106145,-0.002372784981000353,-0.0016495764255396745,-0.00786312736495487,-0.005176324890202357,0.03588160611790947
0.027443089158479074,-0.002945277057987941,0.006730090407721164,-0.0007189705082159825,4.701208372468206,0.0006449220343077711
-2.1889864129756633,0.0027401572189243092,0.0025106471979155346,-0.004456541245611123,-0.13016710095367726,0.01666383449875314
0.004981995109555046,-0.00013833033861983458,0.0124992965540275,0.010514376957458885,0.004377813061159444,-0.06554610456282191
-0.03039422344616684,0.002627204978013546,-0.04275498469980275,-0.006128872159438607,-0.012105295936281343,0.6750741512022496
3.558158074110655,-1.3005005029058623,0.00013760437438689946,-0.0025800797706257983,0.013022430870950397,-0.004680065507321474
-0.15923704488385482,0.00544954068970073,-0.011995372906423682,-0.006924021513491863,-0.3239003870267174,0.021539199870621695
-1.8253436809690604,0.8589681990394338,-0.00353290287017264,0.002100241906972361,-0.015859976165426365,0.006631394660495893
-0.3064691873136584,0.26278231978870353,-0.37011749683637435,-0.0005407592898598566,-0.018381812343303282,0.01326129175981998
3.89526314888407,-0.004693671625370308,-0.008216700904525419,-0.004337990257859664,0.013131508907576297,0.004121415404738038
-2.2742531860426207,0.39611557872658054,0.004404343426164402,0.015384171778017763,-0.015251186931944327,4.144929373278705e-05
7.847442372939086,0.0013513244979806013,0.007097486664023829,0.009423917169037455,0.008226690015810858,-0.07062700419399848
0.12851770626121684,-0.4513676378694587,2.81914139004057,0.0022433295645669926,0.03675561974023266,-0.021667090360456553
-0.2739318856937534,0.004760556738339068,-0.011100459824809335,-0.005902524036527832,-0.04786381288253732,0.029612429795914233
-0.0009267911441977776,-0.004121692962408273,2.5698562524170314,0.000862503777062873,0.0019551900153499894,-0.027471629301078493
-5.3954924917578676e-05,-0.0004625243029774128,-0.00025174916074664663,-0.0005852332056441337,-0.000122595051369851,0.0016215713772593475
0.12554005495054688,-0.00014632848598615522,0.009591077127707636,0.003655207069286376,3.1263810852419867,-0.005667416537591841
0.11982350234772096,-0.33815787583380363,0.017067014943979823,0.0048451433082150955,0.3417586416957085,-0.021344486076853242
2.117213831343246,-0.7879251506954035,-0.009990338748754948,-0.0006470869392304068,0.024357269651009737,-0.006735450886896532
0.014828434148077073,-0.5046417189503166,0.012386560371625952,0.002318334619484738,0.015093148957758566,-0.011370283920279806
-5.7625662653340815,-0.0033506345830114767,0.054873520896241465,-0.0028917061723450765,-0.0009317942337089976,0.023812872918314465
0.007777012389339979,-0.001421737587153377,0.005842243032360125,0.013474589671811265,0.008436227093455616,-0.04453617094417193
3.5543756919557734,-0.005371107180511921,-0.03334100628512597,-0.0033678043843354127,0.019699118688584014,0.002184866547712938
6.117680830606533,-0.000977344036381009,0.0018102358697327315,0.004385403076144545,0.020241047852201,-0.028969006486494475
2.8799892915660594,-1.2916027655132558,0.001659021307557313,-0.0004572576533956041,0.025276917689992975,-0.0002826943228001477
7.263843741230401,0.010419400810096298,-0.01122640157065096,0.06457844467233897,0.029518170641953494,0.001111787071784498
0.02682803556712709,-0.0019757710907382688,0.008679469440921565,0.07576732991772568,0.020996495737718678,-0.19357431703703698
-0.00036217422646237196,0.2874315863748534,0.08041946022596487,0.0031902424963375685,-0.00013550034037009893,-0.005598050134348541
-5.146470125494941,0.00100513862741233,-0.5977035294779122,-0.0076823647643708415,-0.03669648228270502,0.013048692222192626
1.3092542967096583,-0.19261160358671997,0.1371630494419253,0.0017269146992360332,0.16529258434336364,-0.010020951834374098
11.835802445260214,0.44642538578643687,-0.02742161003923473,0.007640807736061905,0.008680445132525236,0.0031652596385802756
-0.0725111025999392,0.007939633509822155,0.6567083122422727,0.0010027791495868695,-1.3010349919357407,0.0005878787634627652
2.918586393245704,0.011389613008988976,0.01732779539154579,0.17434650226221104,0.005205863388719494,-0.05176280257628463
-0.010775921416525353,0.0006389555663965708,-0.008294429533392654,-0.005995017466733594,-0.00715498130604378,0.015606665140256899
0.1808216493698176,0.001424225367120554,2.010244564619213,0.01754447298904324,0.01580105091152869,-0.06728225338248306
2.857869431214071,-2.9020652801363357e-05,-0.0008922053540126823,0.009014964742817655,0.025970597416085567,-0.029189518579447515
3.979047422428299,-0.006022884014805316,-0.005117625287319114,-0.0014728461680109245,0.034313300870316546,-0.0016717509571284594
0.515303837506947,-0.5443336177155608,-0.7144183319911599,-0.004666547837487892,0.4799671860567366,0.009768878903212513
3.216662282509126,-0.6131844758559833,1.7871605307233247,-0.0035027942986817773,0.012542130901133371,-0.002292871277290498
-6.022209114520718,0.003498065290079917,-0.008248613784493031,-0.006736317800750957,-0.26350803623386443,0.01584696513237227
-0.0006533587762069709,-0.018486964180148908,0.0007519310554417282,-0.0038914929653692107,-5.650751232296147e-05,0.006023946802097374
-0.11582612798943992,-0.00012960585064011876,-2.5487872071271775,-0.030059468926363242,-1.6211567367396602,0.0803897064276784
-3.157664348693518,0.7556095406360952,0.050261605960458575,0.026418729857950907,-0.010752490224081887,-0.0024668497583169025
-0.05726906035662691,0.004949182114953138,-1.672321391759215,-0.004194064017777235,-0.02823673090751467,0.06964743251646832
-6.182596575182534,-0.2882015737090389,2.852143514950446,-0.0021944430970167045,-0.0027833088541202875,-0.01771873322050832
0.0004087195103285637,0.6051736095017598,0.041335340932724854,0.0030988510551101175,0.0006654948338809278,-0.00756493030391274
-7.376220860469344,-0.002343217589958641,0.005730411422719512,-0.017325379430733423,-0.017981430160622203,0.019432573123329355
0.09606913209430125,-0.003998592763371801,-0.0035840846475785337,0.004602608256068903,0.6684754002015991,-0.013918395071798179
5.605235714659163,-0.0077223618198801434,-0.005947133128392852,-0.003812746773649983,0.049266536489081886,0.013401261995778402
1.277600623566117,-0.0036539757209325015,0.03475590599162785,0.005034878641198275,0.08086067641278603,-0.022671933365424335
1.5885062504463194,-0.002079930218887314,0.00427062761574192,0.0016274531463267086,0.016340973332825946,-0.021011320154738194
0.8451607159093164,-0.18131565437552877,0.07470118125800002,0.002276130787888339,1.1725474284885495,-0.017866341279035858
1.4824350666289794,-0.48876836592414674,0.0036167156788174627,0.0015612337089849354,0.05744142354236645,-0.007872101410663246
-1.0155918874765126,0.000473150793415108,-0.027607168309567727,-0.009531142863253995,-0.025785086504742403,0.023345894057581168
0.10272960971957268,-0.03267911065198582,-0.0043374848029203205,-0.005652120867744095,2.546528597803854,0.005546870000201154
3.0444628820439403,-0.34038096399704476,0.0012614372045748356,-0.0023124038451120543,0.02589997268022664,-0.0031881502586642574
0.011698366165250853,-0.3612206905012673,0.008868131013462203,0.0009990730056227467,0.014111919774333,-0.0028161174277455125
-7.949341862682356,0.004471540903419649,0.029816523302208076,0.006611059968355204,-0.005430772537561,-0.004597494831954929
-10.771638584396946,-0.3765482078129606,0.009786634525230944,-0.0055639168675207795,-0.0007538424462656965,-0.0003673086595816777
-2.7399671148709794,0.0018980260342976937,0.007262872963457843,0.0010129619791012096,-0.010806473200833843,0.006032846086956645
-4.744922201650745,0.006453452556839314,-2.0563658432881224,-0.00014915109370700064,-0.03432841609953321,0.012751725440055983
1.8873955943289094,0.0026189291519179286,-0.0414310583389175,0.0020661343830074633,0.00917423630957397,-0.0055335575173701135
-4.873270490832951,0.0010852941448093044,0.0008454677686988304,-0.006100544267121866,-0.06712502681987396,0.007033409203022645
1.6716927450921877,-0.7014173689929643,0.015261576976192428,0.0013415672494453967,0.021072146201002645,-0.011585542978531094
-0.32770920394896774,0.006606917265376065,-2.0508123422125557,-0.002812513427516053,-0.08110848565904778,0.014953985357424093
-3.6891327075816687,-0.0009094841473054336,-0.004206055568007801,-0.001992621231555497,-0.007221168053587679,0.008478757420308347
0.004045256777687297,-0.012775064571655592,0.004232403905140503,0.0011671414303277955,0.006797450963112495,-0.003372660043852318
-2.5401968169713895,1.0028902705640248,0.000314510278491535,0.0035475964845272934,-0.027121397879556655,-0.005104395167057074
0.07435046043041066,-0.00041698743384110124,0.0059304894728451785,0.027452296917688385,1.213423190669234,-0.022738112180493986
4.165118732213436,-0.004565407389530873,0.0030660991951710903,-0.0009233122088123102,0.014738509752502692,-3.6411737475542125
-2.288692356032204,0.0019186756669624535,0.0017828131797866186,1.9716766298721877e-05,-0.02162033307036958,0.0013258551761420045
-4.981025493741683,0.035935610749716115,1.0528557308763662,0.014232125910306315,-0.023034260142441143,-0.015217469366159087
-1.266950984845888,0.0004460475202278174,-0.0032503834175627347,-0.009601605625424753,-0.026523290959994644,0.03324444655348663
-0.06437243416347185,0.009201863656705242,-0.1450282868936362,-0.006573578610065079,-0.05829407312904946,0.03939276934659659
7.862200035584853,-0.0009022251698370233,0.5023581121250604,0.006539134730946361,0.02510966136025814,-0.018773764318127828
-8.154869170401277,-0.000777148538349392,0.0018136393234951254,-0.01826031919098836,-0.07364422694228796,0.0004203920350454027
-5.4885283854508,0.006989379688259074,-0.0019990148821394547,0.0006081380020330762,-0.03762408522032259,0.006652291835801516
-1.08365382297955,0.005375423648584117,-0.0020660227094177327,-0.0015733057909457122,-0.04859408719117872,0.011263963467312593
7.598885591588656,0.00018753339912092222,0.5803679018766668,0.005134635316710823,0.012044852559227964,-0.019304169859924114
0.014594217493501515,-0.09251983240180106,0.0050706952910338525,0.0012634590185919368,0.01397038210250781,-0.008200800288912596
5.091090261896618,-0.5559716646336814,0.0073438586493338644,-0.0016217683118242565,0.01422928782655771,-0.006326857754437087
-0.0018717101713735139,0.4333406514206101,-0.0006746941321107017,0.0017077159572538572,-0.0011031633014493979,-0.0037385098964686746
-0.031792678018960324,0.003028910205867588,-0.010876749916764634,-0.8507215412318728,-0.030876024307043316,0.03599989491830363
3.627245294207099,0.0023669724720534677,0.0014194282906933174,0.005174279458328296,0.010851094922853605,-0.00728088129083776
-13.911955873913364,0.010338467174910437,0.014029027195978594,0.6590637892378943,-0.007219760503022666,-0.008187658908096473
7.173735980000691,-0.0007657567698424422,0.0014245743069642085,-0.001400632833407689,-0.002436217121965115,-0.013225634208441583
4.189559525431707,-0.48061086236647677,0.04421900836441513,0.004073434271656018,0.032502416722918925,-0.03887991980433725
2.4243953434473466,-0.00039255791807431566,0.006611056633807453,0.004453049963296915,0.028015538175194546,-0.01003431566263191
-7.33273991500953,0.000700706258886626,0.0005842684381304349,0.0005519826872645295,-0.006799018171381423,-0.00010492607534584586
0.4645642592854843,-0.020408725006073665,0.0059536885608353855,-0.0003225399478999219,2.238785063286468,-0.01210095699279462
-0.004625868468348596,0.00022243072810520387,1.6574717408540507,-0.0034541403450068023,-0.005641380583396904,0.004327942863295964
-3.685596384923237,0.0016591992500395824,0.007462493337587844,0.0010586214446611786,-0.026073544307099638,-0.009393431199795577
-0.15408666224112613,0.00225707410579258,-0.0027864967763708897,-0.020820862720386676,-0.661762103746283,0.044563860142644934
-0.47749869064271233,0.007321913888959383,-0.005639306526525895,-0.0033938305040166743,-0.13391279028766037,0.015249093569132025
-7.862885852739787,0.017997397333809152,-0.03574086657235061,0.0007356032729792794,-0.3890864738868624,-0.003025866787075282
-3.8591089997572148,-0.19165746796445293,-0.8341434389069642,-0.05549320195258267,-0.0010536395324064925,2.989090727718022
-1.5823663429203245,-0.0011693310762661436,0.0010033095982320862,-0.42112826979167384,-0.020972565594435374,0.0385445020020625
-0.013010602763158477,0.002135741253210034,-0.38956458115425774,-0.012337495604998288,-0.012057926134399021,0.13346319722110253
-0.0018518457450254773,0.004825171079149665,-0.0020938926746743667,0.0006738686143181203,-0.0019103567132637198,-0.0005885454222929334
-5.557943698640509,0.5893962703772264,-0.006156648505207844,-0.004371710373446358,-0.05568316244654912,0.022330090418093862
6.359317057245319,0.006613975308220613,0.17480629157632732,0.035927776856158555,0.0025136126751222586,-0.1456423384709895
0.005289567777028098,-0.0015113597410511665,1.5921179842874849,0.01084967358862507,0.009048812449156611,-0.09956373418709519
-1.300230825381341,-3.218723899518425e-05,-0.0028504228229511985,-0.8682680390169435,-0.015116172332004962,1.1121828056516314
0.004865291046221518,0.0012029030628647234,0.009866519213283291,0.019146865010549532,0.0038238576507639475,-0.03322786950127659
-6.294926545852105,0.11431611984236983,-0.0073060696254431635,0.03851123827202474,-0.00289111818014208,-0.002449465878672674
-0.02191072910066162,0.0044284342624688056,-0.5047541595629366,-0.3065679745315637,-1.5768061740952357,0.03916917707611167
-0.0023861585799936948,0.0008307556280871648,-0.20605940619132884,-0.0030692257005176453,-0.0025975314894448654,0.018399345900767687
-5.786795086100705,0.37747398213236544,-0.005557077104483227,0.0036625819159599726,-0.013883764318988289,0.0016025476173514575
0.9463534791790393,-0.003788766286336635,0.004353302022181042,0.003017281581208231,0.530038761396987,-0.008998900710770336
1.5838204074874382,-0.0025747490858843993,1.6495780965846956,0.004884947530166217,0.11227430826121748,-0.011807337170384624
-5.183694608160131,0.11033676377296298,-0.7363350791468525,0.000590385366438323,-0.05702058055109133,0.009732500698189206
1.0312806423247158,-0.3816978317348007,0.03842122105169295,0.0030811320452665963,0.8298265248660694,-0.011194797539876566
3.7619101422305974,-0.0053977664875369275,-0.026992987627758383,-0.006925830507213265,0.03177776422222914,0.04457642763011094
-6.9328259212101715,0.00017801128044442512,-0.978106636485348,-0.007266559115210458,-0.023768569139931025,0.013975852890159901
-0.0026151593455789384,0.5231127807566046,0.10856797966379532,0.0026250034289823122,-0.0051967601938688514,-0.010817000865924159
-2.176182077278271,0.005219532895173018,-0.007956089184503034,0.0019588107570217422,-0.6609093507401775,-0.01415616958339505
-4.028901210610588,0.4118817112714308,0.004878958076756765,0.0017708666859421462,-0.05601261622420065,-0.0015896264196810783
0.21932297349531016,-0.1121871651885053,3.403400660755045,-0.0015642156583353939,0.04049776637026332,-0.005508564009573669
-0.3045097665140042,1.873523008742171,-0.05036310465738471,-0.006145945650887802,-0.03646883562669187,0.017118518758638568
0.007615571824708119,-0.005349097460264817,0.018720124659197444,0.004505507627773813,0.010348452075628154,-0.017443878972651424
-1.4294307789139598,0.09707997117780792,-0.016617621868130674,-0.0011941098114596135,-0.041556761131142615,0.02538077457105009
-0.00441132580426676,0.001636776100155474,1.458789571240603,-6.952470986044262e-05,-0.003787552199009437,0.004537990873693137
2.2905968854527075,-0.27862903732752836,-0.30394756414846974,-0.002878349486380355,0.14161058689632133,0.0064054904782783195
3.78649520351302,-0.6994152059796135,0.003729180657233268,0.004287686953835884,0.051935045722136405,-0.020259990618545998
-3.4962875056648732,0.6375592154854774,-0.008776079881689325,0.000179141456417925,-0.01841941285552498,0.006584341025954177
3.227156792945477,-0.6370976751065207,0.006258425927304351,0.002138449717716623,0.03699257590232623,-0.01230259137430112
-0.1985041808471657,-0.0007344528243401881,-0.0012729266688181196,-0.7515862257157125,-0.009535806560317925,0.5348037498608025
1.000877795294747,-0.007959660447435566,1.052924863569424,0.001824959496302625,0.06800364771499173,-0.015989558164981044
0.0010199853305239803,-0.00013179905927473948,0.0018087456516732324,0.0004684242916010633,0.0008683880701564361,-0.001332060977925811
-0.7451080335863945,0.01569995852405793,-0.00884897780015603,-0.001743324944077385,-0.030122415039442227,0.031063759447824357
-4.219290625265716,-0.00222967212689536,-0.08551864535203584,-0.0413214313408774,-0.026873769025785876,0.012502020230907296
-0.01801911640663352,0.00223664220508031,-0.010277984419814081,-0.006914493168096946,-0.011604647569687659,0.0418576821274658
-0.002890237469723376,0.002638058467540382,-0.0031843836511313765,-0.0010386077752394841,-0.0033517599111497895,0.004418784344368076
0.010255489890095495,-0.1923283781756675,0.00928766371573993,0.0013550779408620308,0.011841860577094068,-0.0070572743499555685
-2.2128240326082422,0.002764558834715932,-1.2364643466097671,-0.003382189159005483,-0.04938465823605446,0.016999976722390064
-0.0431513195230003,0.0028379323469331554,-0.012574322502779005,-0.6539161224282598,-0.02935089245054849,0.09511898271138564
-3.0266433616346355,0.0035566970084754913,-0.0030160661509557552,0.001485475870200273,-0.030364649560945853,-0.005954367384040815
-0.01615029568600002,0.0055924302856264554,-0.2140368105829364,-0.019338825459954453,-0.03138119971737795,0.06805817543679371
-0.010695770469088307,0.0999721175911749,-0.04272935884194548,-0.006152871738750374,-0.0207614055150754,0.039082534621997164
0.0236754220484999,-0.0040698310495023635,-0.001497818559880935,0.0009799480347582185,2.1644520889312817,-0.0032191579694492156
2.8863608248496724,-0.8675098262196833,-0.003276850900644856,0.00019660098512419566,0.035122381197847226,-0.0018021600801989557
-0.04641775232724474,0.004940853732008314,-0.02154193462842169,-0.9352554130830036,-0.09360170875764691,0.028549556514509744
0.08840407838433764,-0.024367220919817006,0.3980180899290281,0.002442957824001654,0.041563715777489504,-0.025781388206076658
0.07711396117567769,-0.0025195513130890686,2.0426640174807824,0.005688618789500985,0.035966233010656365,-0.03671915171576612
2.8622052814943544,0.0004977394306404624,0.05304235168593029,0.009638100491648205,0.015444609289314223,-0.05526475014092547
-1.4281656427923948,1.6713026953030132,1.7901450304627669,0.06482381173966889,-0.03268756489709723,-0.022052164561105037
0.0019164421838235683,-0.5978029270040818,-0.0008556571813484399,-0.0018042026936001439,0.0008282218139452299,0.004117305727307334
-0.009337798289106141,0.0017384010181170867,-0.009316163625320494,-0.008162788216191909,-0.007709545756809856,0.45415167895205755
0.05949493979174939,-0.4360993125667127,0.0016880977804197396,0.001434943072157302,0.03121431327611192,-0.0058667637088949676
0.007727955527129779,-0.00031322396714703656,0.5620499630700233,0.0116206585249043,0.0060146061070153675,-2.1102673969939714
-9.588522676270842e-05,-0.33384242246768897,-0.007469340034459906,-0.0020626817897288403,0.00015305553051195796,0.004413502047852423
0.036904384588163926,-0.03114602009936769,0.3691725824749179,0.0024890798136220083,0.05386202975089965,-0.013052301565527981
7.617291792905611,-0.001889721590100309,1.3411468990247837,-4.904005376665799e-05,0.03801339270891536,0.013748444452092556
3.8611701103302996,0.0043851403802629245,0.00470477971736869,0.12177080762323156,0.010916557528968673,-0.05247153841070307
-3.200624971924767,0.00022635146408524578,-0.8618177315935023,-0.003824362474705967,-0.016433272397168085,0.01990720581590355
0.003447457394343642,0.0017391650202931196,0.010457672217662944,0.4796195216959377,0.0028472510009273197,-0.017393076822064882
-0.16969750146255966,0.11764374477423101,-0.43813237739810146,-0.0023302325389069865,-0.10249044402821378,0.01790703103230394
1.3534815954232455,-0.15591944476259165,0.673905564111842,0.002009126380941653,0.04157771286858647,-0.09840346365718688
0.01058713379639958,-0.0011736107950319047,0.012986050184261591,0.4341028635298995,0.010381195668402165,-0.06893177123201547
-4.0279491431971906,-0.0007838725239876177,-4.1541986965330455,-0.009241183390198637,-0.03461827930626626,0.03365954131664406
-0.001983483999383734,0.002693019524556441,0.6653236360169372,0.0005237628918167703,-0.0027407602641424528,-0.0007784530986441607
0.020076658031397555,-0.03351905905394702,-0.0015932509297464372,0.002097461147183644,0.20000823113062305,-0.0040232217504813095
-0.0053840878338475675,0.0025466956025502804,-0.19857608103568924,-0.0034227683455294285,-0.0063984734123233794,0.011510842823089852
-1.249549268223184,0.014901786122343075,-0.0034399256738514824,-0.0005229731930593146,-0.09330001694047681,0.007391756301655492
-0.030767722343569476,0.0027251377049794124,-0.010418272878429502,-0.7375907161697418,-0.026866606059355203,0.05513658606849964
0.7069614567113645,-0.0031422932123287162,0.00946217703509962,0.0053814085463233935,0.030662071181750156,-0.04533923320568439
2.104889057935797,0.0018647047073665386,0.6324661711669677,0.04617210121499926,0.018627766341910244,-0.0769248163670877
-0.010717932394799146,0.0038282867591331792,-0.8934033855904022,-0.007445758971290566,-0.017851508352977868,0.021791082842599813
0.003398708669483559,0.004295181758104113,3.41552756591036,0.07075936260050053,0.00037836070175456017,-0.0582868240440626
4.48598139338229,-0.003554969627257874,0.004456854604760739,0.004183569132852449,0.11996771277323214,-0.013332961104638663
0.01340055164163774,-0.22036233114323628,0.001023949136109945,0.00012097357033051537,1.9971332069399679,-4.23963652914916e-05
0.005656455583805606,-0.0031287881944237345,3.7979664261435726,0.00039610563498737594,0.014655629931618019,0.003006549725157348
0.9853391549931598,-0.0023160576478713822,0.027668444004628034,0.019594978752045702,0.08496598003751987,-0.10540634144848382
-0.7861275164372933,0.0009696970343349466,-0.008107038326791594,-0.1983859052789465,-0.06425780156351192,0.05826913717230514
0.005739369912187799,0.012907167186643503,0.9595318006776496,0.049636260659138676,0.00037702392377410125,-0.6637311430883184
-9.083359340833942,-0.20605440299109457,-0.0018873255597297023,-0.01273021313275191,0.006972240931935042,0.037024478501594515
-1.1947995914516367,0.0007448570658307116,-1.0986674377081989,-0.005144930287707433,-0.01787786845394087,0.04271908325232854
-0.024429877881143536,0.0013329922473033096,-1.11257331015452,-1.1573972684484044,-0.015484207384581863,0.05469133150368366
0.02241097112890635,-0.007462779275131032,0.5081055380551831,0.08052965067928974,0.9276532013043548,-0.05890769462549961
-1.7472389328672957,0.0038408462096109694,-0.010103970312759475,-1.1752382068368634,-0.05839213563653993,0.16569578552991482
-0.017341158431665726,0.002187674837700272,-0.011915161128960529,-0.14763432110822994,-0.02724886508944995,0.026614436170741648
-3.6058136302790516,0.007291938373559416,0.004779256492667482,0.004140436214559895,-0.03937493406122239,-0.012280602101725546
-0.1584293648399996,0.39749058712421964,-0.007428931297588146,-0.004237944685042003,-0.524084152177422,0.0183684393598805
-0.00010727660563123262,0.0006068118185829367,0.00042841950132212935,0.00043158439166573917,6.014590516580167e-05,0.0003561528960318139
5.832729911899241,0.0025484987081957925,0.019326945401142246,0.022347629523909562,0.013153892443511495,-0.02032907893421454
-1.3684534936399608,0.31004913096054554,-1.6361197605238658,-0.003426076821533952,-1.3118285465011046,0.01368691097621888
4.000075901034985,0.008420000846650951,1.0446810782927904,0.06771936396439204,0.006752806925321049,-0.04531124663578878
4.524475584178999,-0.7516125120116215,0.0070222907723880455,0.0009037041888180775,0.024296926641068254,-0.0070612342298018715
1.467508847345813,-0.30485219859037505,0.004642263702124781,0.0022712301989184433,0.06718334359508193,-0.017543684644614366
0.006610809922098799,0.00012149888177055007,0.020324955883122282,0.21038504634841726,0.006193458904978237,-0.031246194654580436
7.62713609702806,0.0017477676528902808,0.8716637209445022,0.8006549492364563,0.01626144640016014,-0.0196114633997877
4.26527538856875,-0.0038147891950508586,0.00016144079039594889,-0.0010135311476562603,0.020504921888461473,-0.004300923609133256
-5.414691230171488,-0.4175680989633005,1.0217015701550594,-0.008229622191699454,-0.0062654949626921985,0.010116655554986531
-0.11564877536591424,0.038672455162848236,-0.008506737291189578,-0.0016655773454764822,-0.7846241451690774,0.011387378077701307
-5.789128828835974,-0.002371570795090222,-0.002271948930789908,-0.015599951807925283,-0.01753250116154849,0.011813492404687875
-0.005668111233564824,-0.47798272271785747,0.001623258224929841,-0.8901018993105917,-0.005478001380785306,0.010643120669374215
2.684297712049085,-0.15669165497595133,0.008219387829795404,-0.001088229409153263,0.033021330938312755,-0.006438559543611222
-3.4567462160575277,0.0015889295451129181,1.4265784091162335,-0.0047243913706381535,-0.024254580039847318,0.04070146601487856
-0.05220847813270001,0.0031758037390282254,-0.2555923884400856,-0.016058784045397404,-0.030832192816615225,0.12006464134935835
0.014253791125642484,7.391430122091237e-05,0.1535464267107749,1.242812851849188,0.005516761222514975,-0.11552953949790146
0.0059801140817675996,-0.0036073891661477257,0.0002314104236099005,0.0016284094222512452,0.0073264541932740864,-0.004931129936112844
2.6228449457329286,-0.0004639439175470909,0.00505536809944075,0.023202419012541442,0.18740140251636547,-0.0235326566531473
-2.876244599347486,0.0011297168689985379,-0.008841685529197738,-0.002238665587321137,-0.017603888077114976,0.013750043526219113
0.0009210929512785806,-0.5287243574712819,-0.0007608461955037225,-0.0010032216768305338,0.001098181030987161,0.0021599832891813983
-1.345063961616743,0.43831320461929535,-0.022938071073384178,-0.003607176768119974,-0.06610039284637388,0.020531426752164905
-1.8480780891621906,0.014548948654074143,-0.001862262624122634,0.0016002721209722806,-0.038232040151204905,0.002127161164342417
0.09398331076756151,0.00022163663106482354,-0.0014573290559218213,0.014734281915655068,2.493688216691029,-0.034345204973001864
3.3703583332010596,-0.10844320459472401,0.033842841078290914,0.00034943237748680245,0.07541743533850563,-0.009456808729235822
-3.5117454010492772,0.0112073236234975,0.0021319911174547176,0.0018395182319612402,-0.1636862580135756,-0.004103497545157153
1.2107442555509096,-0.003770246147593632,0.001880692159129236,0.0020200085987769345,0.09308228681254879,-0.006473907905195503
0.8466729835928416,-0.004497318623855414,-0.031190059677862248,0.0016044665435549256,0.3194582436784751,-0.0046275478302711115
-16.942725945932423,0.5327786774191691,0.009213158732312349,0.03974743508924394,-0.004427583712531985,-0.014451994243964261
0.0006087004668179595,0.004171183811789694,0.019624735078009353,0.5676457891823864,0.00010676111179431396,-0.01210914613208125
0.04509884356937424,-0.004368057419186957,0.00687687842564654,0.002730961276037641,2.9489511061623674,-0.024273480256255198
-0.005242122167825513,0.016870216040968503,-0.6446491158694064,-0.00030291787497807414,-0.007646279003596962,0.0035622040950820735
-4.353016678686907,0.0029798085506481573,-0.0029009892230932644,0.00033729003226384835,-0.02670061557865136,-0.0003847787799420299
0.8885895032410145,0.0005709540342496253,1.6047163857856463,0.009585065712068908,0.02033651740027064,-0.044480714877742855
3.7962043964964356,0.0018689631913923963,1.781687723002823,0.004202472368904697,0.005697342584111923,-0.0215400863243298
3.5061024501271776,0.021322809454668683,-1.18402213527759,0.0033680728964069345,-0.001954907311417571,-0.01034171608748291
0.00595141321879299,-0.0060315565292159215,0.006618285498189987,0.001458215840572929,0.0063389730055743825,-0.007510148526274372
0.04779730795101576,-0.0007478127167602905,0.00496050175051926,0.032087976836791016,0.014625168270062813,-1.3861697911646478
-2.854218963986277,-0.0020160333705567437,-0.17915173696448822,-0.009653523515709361,-0.006998917230762816,0.2545337157567471
1.6699154808199244,-0.5967797445184237,0.008438051207356956,0.0030520819612244454,0.17111173325959175,-0.008470527044554366
3.746991613879059,0.0020941735174295102,0.023811638176639796,0.12584861070563402,0.015833097357381427,-0.17155580085557753
0.00667284173993082,0.42142016166380764,0.0014457925374841648,0.014476066687628597,0.006183204042659723,-0.0586371964476837
-0.06363539910292389,0.000925687624802557,-0.0023252611551023202,-0.06282851506522236,-0.018341161592194132,0.8736208984318741
-1.5233344153934847,0.001607938842312996,-0.028735769320686725,-0.004459094445149865,-0.019136515925455316,0.05966740805954873
-2.5617035759037927,0.4009820215501905,-0.7800292378610998,-0.0008671746999906194,-0.036919998009031,0.010589258973809912
-7.980642649927697,-0.0065293452657260095,-0.014346540588342832,-0.020069011985531682,-0.004916901209511033,0.020820479915982126
-3.4678454429152774,0.0009870139639601898,0.008933647024916131,0.0006206290998585495,-0.008482911435787043,0.005759794658285022
12.975381411280093,0.003925763546843803,1.1219304276407729,0.005139944037092059,-0.0070231025170597195,-0.030719614285879437
1.5891549227947126,-0.0005043943650698743,-9.88209298878758e-05,0.008995497882113956,0.045456767096830684,-0.015339511822677121
0.14291227308570473,-0.3054128660719636,0.07318842824873341,0.004983605120550554,0.09009304050082978,-0.030170446158321956
0.9063336044757369,-0.0035757301321140706,0.9889870607892108,0.0029015981581456407,0.04623402198770867,-0.01167854265634849
-3.1896262968137368,0.011942664785523499,-0.013112944748783937,0.0003190420720984022,-0.04733890682239071,0.006925303953301876
3.276030452903094,0.0005936300456112389,-0.0036177346807159242,0.0039092401798745124,0.023737993436503412,-0.0036970843449545265
-0.0023234788809879123,0.002698259091709083,-0.0032711236201254674,-0.0006403227812344464,-0.0031754248843173854,0.0010054592054025181
-0.00028653461861696377,0.00023380195164030893,0.0012067738133004493,-0.000338486783365852,-0.00044577392709754826,0.0014597086993611882
-0.15052285489344683,0.004245328604085778,-2.2464827467389537,-0.0029796070766225785,-0.10057770693254174,0.007262421434250321
1.967753581530339,-0.2460695139551361,-1.0240394963991284,-0.0025963839201745623,0.089401184359263,0.004135858866588987
4.373063624854914e-05,-0.018705808013644583,-0.07043570002964222,-0.6960842440808266,0.0016405102964729362,0.009170054074894102
-4.17733629271381,0.0018320555496378727,0.02675720535987395,0.0011239114624203017,-0.022427791446231065,-0.006317915910843408
0.01071004996396243,-0.0021739828599395016,0.39434253392673013,0.004998601974852437,0.01000130002608805,-0.01868568360682947
0.04184899886722638,-0.006749479214693016,-0.0010346913883219097,0.0002435957734784333,2.0115825057985917,-0.005540189209855606
0.209887135732819,-0.0013601077336781423,0.9555099814774358,0.08051765610221057,0.04497170238257102,-0.13607471732516818
-2.6830998748686428,0.5757782435409953,0.009509976705564822,0.0027688509999855837,-0.02394994192858955,0.0029021176713662222
-0.004392116300233103,-0.0013702320637080793,-0.3082206432232513,-0.03657175084150888,-0.003901148430129572,0.04114506742984899
0.004421741677653054,-0.04309592918294406,-0.020643262302056358,-0.0017369106140437017,0.004417198325192673,0.0012484014802660215
0.0012414154613334522,0.018175705482631924,0.0011421454954700853,0.002240313728842317,-0.0004094453583038301,-0.009088172440850249
4.486517177142072,0.0022745224882889077,-0.012053331535395142,0.0014073674898313626,0.005637010214350308,-0.0013157072437869344
-0.17780437487692236,0.004485973261070893,-0.0068153619539222145,-0.008830970108839487,-1.8026107585273379,0.946974598384962
-3.0717281019253306,0.0063052613606043835,-0.013328690462659285,-0.0019834497332603673,-0.11859969742408205,0.01153655826128791
2.3642357446508244,-8.950066579125509e-05,0.013803608953785077,0.005419354846057281,0.015369103624171362,-0.031144618989343953
-0.02971600725139533,0.0038968250498060916,-0.0068568375834401184,-0.009540953810790212,-0.020824443397172883,0.17024574360583278
-2.6792163284326977,0.002855951524799064,-0.010104312214000686,-0.0021323241307143886,-0.03952811322661057,0.010516310485972069
0.002439778965358146,-0.0032498220314469296,-0.8749479458524243,-0.0012946453322135176,0.002710613531902642,0.0002513971845987395
-2.2917616915583245,-0.0004176538805537944,-2.788589236161707,-0.015361229550419742,-0.06327242269402664,0.03543432264840085
0.0010453096703416992,-0.2539512893278593,0.0010543582772102966,-0.0013292963674073712,0.0009239749227407984,0.0006001791784488609
0.015336163098174541,-0.003559701650223038,0.015178246896500347,0.016417171864421157,0.023892094871264404,-0.0287351707171115
-0.0009950812682626633,-0.0007345098626250641,-0.007584765970353002,-0.0026836240775245327,-0.0012362052757534964,0.006477380066309303
-3.0216673484256282,0.4918256403658619,0.0008701271216310928,-0.00025349910998251346,-0.5357906101003836,-0.0010063089847189843
6.520089541290688,-0.14770839090728355,-0.6838167128806114,-0.006940398189806574,0.037306832748019256,0.010683809568484914
5.12718409119814,0.034963415614357285,0.6675276138782866,0.4284539827280227,-0.0014559163940666342,-0.0536965113037402
2.2852132913161323,-0.003922036329308809,-0.0435555584865477,0.0009092986827893279,0.048836727217083264,-0.010268877422522749
-0.006957721503007873,0.17352870047750574,-0.012586112639174094,-0.0028563292350921904,-0.014817617516841223,0.008819190937319364
0.005538659863808259,-0.0005460721290890104,0.0025320110857583343,0.005316134562162389,0.0054952751388452105,-0.011286566853161388
2.285276844669183,-0.0037708352560531094,0.8301294405469444,0.007462243220171638,0.06067265378618171,-1.2089484327087767
7.965466876006213,-0.3150373971573628,-0.005797526352488048,-0.0027059043598938737,0.06745486465156364,0.007562972403419632
-1.7102081108366558,0.06342358302237,-0.14514759375307618,-0.000774702892104559,-0.0537330955322083,0.01747424174767198
0.009308732480429308,-0.0016352457727101754,0.0002728507603745649,0.005407536997650669,0.009016199323764029,-0.015093909590944901
0.07979633317046833,-0.006546595082155814,3.096803901487549,0.0026036520603937297,0.07137090846717759,-0.017176931829936404
-8.083297826690977,0.11253656750186414,0.0010797935521583285,0.47852333223218757,-0.02031716575460235,-0.03210870233079399
-1.8335731467074736,0.0031446021394291447,-1.2674561321824533,-0.006340813457873212,-0.05004916407730187,0.08557261946752526
-0.019168859959915033,0.00557788884026258,-0.004278367587149069,-0.002378716940293013,-2.10678272179799,0.010689690711499722
-1.0493541763096315,0.002815592341682807,-0.006323960929669455,-0.007985662191741731,-0.1209877168390198,0.024983041630933345
1.8763768262159126,0.0006042724100127163,-0.007170210917110016,0.0044162005347399835,0.02092659170858453,-0.008301702252065057
-1.7587575746754385,-0.43169995703342967,0.002658396380052994,-0.003990952608028904,-0.007046458740815375,0.009164506054338134
-3.900809672377546,-0.001979167933539678,-0.00017020070920006816,-0.018077294926463428,-0.021239752554563382,0.018893850749807317
0.09334171492056026,-0.00893095462015197,0.012569092693134176,0.009657879159132354,0.7350848023107523,-0.24830397979341967
1.5964768290538265,0.0010842943549601274,0.004934152529804055,0.058344617414089694,0.025405985410001598,-0.04365175417409639
2.1783668560898146,-1.257203671211168,-0.009414545552990481,-0.0017618889011203342,0.028309003940059946,0.00039315888711399793
0.24599945540568396,-0.009042870153958325,0.008222710310256941,0.0050135657740033555,0.09365770832807019,-0.030218334919068987
-0.004341337775383085,0.0004979626636012211,-0.004595290280980706,-0.0034091144211830446,-0.003744189575966481,0.012940824349418295
-0.009481814611727424,-0.2242119561070567,-0.009143795462957516,-0.9284501892660012,-0.0004688946051542302,0.13055642498889897
-4.525991062300902,0.002039168958954349,0.0007995398359479905,-0.002830489479449999,-0.0474295333795587,0.008173307954490783
2.5993295080704435,-0.00020364892760952225,0.9911451511694023,0.0066655756783554065,0.031472115327513,-0.015207435346623499
0.00010987982278691169,0.00647137337473485,0.3650688200661891,0.004519750626193328,-0.00036368688794089746,-0.010875712413589742
4.228851216790955,0.005789496175015646,2.6616266409519684,0.010953868878401773,0.006169173165066885,-0.014763869599480728
-0.006719754951339505,-0.003147817982946643,-0.007835177868056983,-0.3855495308695042,-0.003086830032036487,0.052800317390616164
0.41186162817416033,-0.009765516760896473,0.0039670614645351265,-0.0006126777631508817,2.371815492494332,-0.0074813191461910455
0.02101336351147727,-0.33636241674279915,0.006075073736346312,0.0023447135194185134,0.7803523260054149,-0.001799905329961063
3.8078968585581485,-0.08255356468749185,0.0034958315876762796,-0.002828330782173011,0.05175361880894676,0.0015839360453411833
-4.864627996094965,-1.0562351101911476,-0.0004473040020916731,-0.04559498024224973,-0.00944630887715658,0.02590573804798213
-0.011938749436670544,0.007639909501828901,0.31642888629938026,0.0011084848158842498,-0.01062975446394536,-0.000647774606279676
-0.2824370936181245,0.004696090153495501,-1.6650747585292274,-0.004610824468650562,-0.10609655268935861,0.0189971131652385
0.00022596254707016317,0.001923983288235685,0.8362147110302445,1.3877752494455011,0.0002819199254149589,0.0027351138379020368
2.944958453206639,0.001271568284839724,-0.0008470263957138812,0.008291997807134965,0.019269201493369425,-0.013438793821829553
-0.007754581197366781,-0.5904688787859397,-0.009711772617071167,-0.2572279941203768,-0.008234277035112836,0.03183236530536139
-8.747112901681207,-0.07119806396597184,0.02159603967848619,-0.002926590485911318,0.009244751514766362,-0.002336015499442512
3.876661386735405,-0.18237638675189838,1.3358767402549696,-0.0017221732095044073,0.376941173296466,0.008984603629952792
2.86825445792358,-0.7155453352337533,-2.2008793545500588e-06,0.0016382975776466635,0.18487997666831726,-0.0017079165893095771
-1.8519463483362737,0.002007445385141793,-0.6213460354410955,-0.005031234351010466,-0.0760724293272354,0.007515539818967909
-6.454226448332842,0.001617654321505135,0.23827779311235492,0.0008965419112901551,-0.02680714049436909,-0.011700680781918105
-1.181028588543806,0.0036840834371168903,-0.025797052859064012,-0.0022631160033063993,-0.07416933119861097,0.006213421191968063
2.8909300898578367,-0.0005979151034469707,0.12092988584927072,0.04040899895410033,0.046801348091403946,-0.6064656199888425
-4.656700966731057,0.021154570535992387,-0.01108199994914083,0.00046564110045038687,-0.15161769103290476,0.0016127702772485986
-0.0291847259443615,-6.158235092473775e-05,-0.5638981019546163,-1.639962411261394,-0.008766408256530177,0.013922994907105801
-0.00936051871344211,-0.0017489566055520003,-0.003784346451206358,-1.4286386339590194,-0.0041020967495338815,0.007892362933674402
-1.240600022975593,0.2199101864859089,-0.0036348181130640934,-4.0189470433368846e-05,-0.0269765125174964,0.011258103611838322
-5.409414676081096,-0.0006489130035074995,-0.07439443703889159,-0.010172958447425828,-0.018262098232187655,0.020872837801331867
-3.23792105062429,-0.0021678519501011147,-1.442152898526201,-0.002397010026597979,-0.0042077218532829905,0.007625392783629281
-2.2063454692540105,-0.0025866759353438545,-0.008213970053581088,-0.025215828076893987,-0.015368855707086744,0.03414809940171082
-0.008456475787522993,-0.000411882379178977,-1.1149656400138548,-0.012566298184300537,-0.006296387441466709,0.04200942912954114
6.227321193380926,0.0013383110908861276,-0.000678461034577627,0.002696878772282807,0.007241290201044901,-0.006098235012108488
1.152402154170141,-0.48452627284844946,0.006102557348763149,0.0021735606127802343,0.1099029543187216,-0.007581729028698969
0.03599639071490021,-0.0018748259315218233,0.0011527996667235292,0.00034958500534235104,4.5934126242343325,-0.003473581912783019
2.207337773513392,-0.0010285874317472912,-0.07167746696397788,-0.0003938592259780521,0.02820046059735258,0.007461551124535726
3.6139204550943003,-0.0006327055617856257,2.3123482943253473,0.0069571434149725,0.026302799248894223,-0.09644883893407963
0.020904187869747154,-0.003705859437168032,0.04010353860710929,0.019040888766526057,0.024496594613686706,-0.06451336921806888
4.368959385514896,-0.11144870694097955,0.012204142473143217,-0.005033431741139099,0.1967224078944559,0.029060916260933767
-0.49996346910905837,0.18484756416254233,-0.0034218354332748078,-0.0011682203843187515,-0.07976917434491525,0.007281427714328367
-4.273085725304861,-0.24248812444011503,-0.0017204840773217215,-0.028012645750538523,-0.005575604007018909,0.02133410423643134
-5.209858374531208,-0.018317189877033013,0.0017373652143565896,-0.01300955197097059,-0.007766788387374298,0.0031588603375185542
-0.013677302911581188,0.0025919708526438157,-0.3256542243719111,-0.0187066141140194,-0.020095633720178255,0.0293377832339174
0.0012274593690968982,0.002245834267152169,0.005835916803021841,0.00705961803491008,0.001465181004538196,-0.009947287352507796
-4.567408662847658,0.004078545600123444,0.003020964580779114,0.0015151753834980741,-0.043285845516735845,-0.006597531714847338
0.02146691069404421,-0.01511801720330473,0.009351547172197206,0.005542022930598003,0.05632879987617987,-0.017835078153456155
-0.14319083994595763,0.008597187771158081,-0.798006847938667,-0.0019998585928499985,-0.925989603012618,0.011584142852001822
-0.0038891373795714723,-0.0018477347324337692,-0.004616643572358206,-0.8215964244383966,-0.0024490189563927556,0.015452227306790967
-1.4541514798255541,0.47603885056780315,-0.0045859407115072985,-0.0020588777875894526,-0.05078593331185947,0.013024816317908694
0.7520882544871526,-0.0014152494532878954,0.002025809991395379,0.015983943624949766,0.030696619880106468,-0.6377962719537258
0.041916534424058544,-0.0028959865129690315,0.004869837657300447,0.05595518503239813,0.8389508114659235,-0.14961897120843537
-2.3984058161440007,0.0026495195675167093,-0.0056771786844167236,-0.0038075513313692716,-0.020815246553650628,0.17348469955949009
6.713966869176744,-1.1309332787834268,0.005609165146680379,-0.03155999220073369,0.0023000848602745642,0.02322605393924526
-0.007689927727543641,0.00271996544424567,-0.6842773688363295,-0.003514545216395021,-0.009718825877781367,0.010091304055885014
1.711539412423579,0.0010630212983343736,0.013292525903148453,0.1417307971820715,0.028995400035594344,-0.044378096819502666
0.9913807449603302,-0.21912385882242935,1.7983662471729707,-0.001970865139010902,2.215181597228118,0.00045495169978593264
0.7015173353322643,-0.030054931036890248,2.2558298500742735,0.0023340937208442547,0.10783245486955398,-0.03942513180050433
-1.8403311889181544,0.21826127938123074,-1.3525254976425924,-0.000254332327717266,-0.09316651918771482,0.004273101328672868
-0.024405019047488395,0.003026669776269509,-0.0056091935411638075,-0.01841227159976091,-0.4102706532004528,0.014871630852522001
5.131483581950209,0.006715155935279297,0.018073528890567875,0.013663617621990976,0.003051757759238948,-0.02521189505589594
-0.6912096412525659,0.004605845364649692,-0.002896524987337908,-0.004807955203469903,-0.04079326310465041,0.05858430424173025
-0.19757064340587804,0.008328458945619786,-0.03202666257304754,-0.0024916396945297075,-0.027196802755892896,0.014558981323794079
-0.09326637387267016,0.0036582663862402345,-0.007765402481116136,-0.0079118131564693,-0.901307558709197,0.023331154037453256
-0.054512644018746045,-9.501993089044975e-05,-2.5054022559692366,-0.005873785513835134,-0.013544581803709684,0.033148724560869036
-0.013720356498386793,0.005879105577415607,-0.05651397062713056,-0.0029560239862582854,-2.2843059533179133,0.007687991235930058
0.02337962524613399,-0.00409594323658426,0.00922658962361217,1.49269167458665,0.0209588331547404,-0.08502341619871223
-0.007356789943543267,-0.000196271897400682,-0.00895148312617533,-0.9016591393359206,-0.005304636117672342,0.025000707678035028
2.040635772867862,-0.04323294000852093,0.0037821023584747116,-2.5093855599206405e-05,0.23565531170869528,-0.007725121678678559
3.0323924289291515,-0.0019891258008119155,0.10629229419326894,0.003758933526932323,0.04987804600486728,-0.009325733787339197
-3.269061361150682,0.026037514204090437,-0.03056398520222434,0.00024088151162698912,-0.6467601543087165,0.002399346215775422
-0.007910281094898042,0.0016705901727145994,0.7834620938976644,-0.0005892001564683572,-0.007280252673252832,-0.0025577789172516116
0.0024098345635844586,-0.00013986772520379858,0.018764994118269145,0.0037783966485106712,0.0027881465558369394,-0.009191534184102313
0.09688228645915536,-0.037324012674084354,0.0001175772871708058,-0.0008536123170625881,1.7548466125749391,-0.006547080084919915
-5.204741721806697,0.5761520644239262,-0.006498833356844519,-0.002566847343334011,-0.39977020386521733,0.002010234243025155
-0.7298963916213598,0.0037882412374048314,-0.007156290452090677,-0.005194226145225422,-0.13297406241450155,0.0173776129850485
4.2655096681848015,-0.4857096868773797,0.007435567169243161,-0.001205923488448224,0.01657955725281995,-0.008312018321738335
-0.2139240534208055,-9.425915104018467e-05,-1.366251173779438,-0.053711108667139906,-0.029218032669208766,0.06255160066401566
0.43357753647554376,-6.628998974280939e-05,-0.00545954758251502,0.006486408691164763,2.8178357260554665,-0.020727934292346095
-0.10805130685049652,0.3385101950229172,-0.004103113012272182,-0.0030116555937807314,-0.13337940183883282,0.01161991372016917
-0.008828205781060099,0.8123323335029087,1.4040236179511267,0.002305608864631749,-0.0038159461789127234,-3.015941108347117e-05
0.004515262283031765,-0.5455946049979005,0.0024296329791877323,0.0009384179654665144,0.007761674598885852,-0.0022529910269721565
-3.3345681160171243,0.001939858144888795,0.9181337745172654,0.00042533315496874613,-0.011934021227039888,0.008262265858119566
0.025624197295110496,-0.0025252338664804586,-0.0020350556849331376,0.0021168541863967605,1.8931470136584891,-0.002600790593214969
4.749248840452654,-0.003608519573400708,-2.898628422825454,-0.00051146109742118,0.04084876722185547,0.0027895898158537547
-0.004002983114212396,0.0037912746125051537,-0.007575082639716724,-0.001981040600888299,-0.004623648126572259,0.011093561491754032
-0.013312193887923346,7.257700288068765e-05,-0.0024839749600822684,-0.012210144665405476,-0.00916296470512248,0.013999290486197621
-0.06727534648884707,0.059664432667236214,0.0003061534821495681,0.0017290796304129143,-1.1073013610881046,-0.003007531656408796
0.009676607026541453,-0.0007151424780643235,0.9798980230612024,0.014488823706223009,0.009369908940159122,-0.0745314801763603
2.3321517058291605,-0.0008986775716065328,0.0024803622294293,0.014058620505738029,0.12455327652433153,-0.021587052947868612
-0.003051195428121172,0.009113245719838651,-0.003561885955678263,-0.0005990941014898477,-0.003762753078287767,0.005017750390146275
-0.05352452486109016,0.00014055253660440322,-0.012631130791377482,-0.19710740590817633,-0.916740079394135,0.013842632935523125
1.8460055445168977,-1.2646472365440613,0.005085464796891889,0.0010919606142179572,0.05202251637741158,0.002756432733400316
-0.03310916466497106,0.006665588776621394,-0.0032839524300841434,-0.005249422808456718,-0.02190431496843747,0.8442080052223357
-0.008807508375569373,-0.49865896262967413,-0.003285319702395189,-0.3342058319188985,-0.008453667034120977,0.03007974593709777
-0.004605588329011331,0.5000096167199376,1.4351265648813514,0.0018677559080384522,-0.004091901364224567,-0.0038127508194076357
6.688182103850523,0.0008893067017388826,-0.006048769371246101,0.024032500787354305,0.4912937831477329,0.00024555483353494445
0.3028952918882015,-0.366517709538902,0.018841415389070953,0.003925470705492946,0.0488194177171989,-0.02922767208340231
-2.4118541920484926,-0.004296877790284347,-0.01438387974941819,-0.039440720306604005,-0.01886287341992263,0.011197400538582203
1.7269564737465115,-0.0991291566204081,0.001815339877766893,-0.00277177832914776,0.02402715814704282,-0.0038698197007034363
-0.7362794320200865,-0.0004829654449227151,-0.010554358418423622,-0.2947421062704234,-1.5030625193603715,0.035158698175070224
2.0192571445076997,-0.0012767530139958833,0.0010090053341897038,0.0025085025329310146,0.03516915301890447,-0.005733816170815309
-0.002757416478116815,0.00644514303272571,-0.003971180625563568,-0.000976990692914132,-0.00411164745521383,0.004054338369378713
-1.4339581063267146,0.004285257844179568,-0.0041485311953509225,-0.0023586042452499872,-0.13884488322852695,0.008857338768386597
-1.1679526755063967,0.15781164844879395,-0.006826161269004259,-0.0024269509486368745,-0.12856598515832549,0.02279630163611862
-2.150656079031938,-0.001812218698343613,-0.0035383408098416808,-0.04712379768378133,-0.01531154374835439,1.5325470669526915
-5.686023109339143,0.004655620673075601,-0.0016333676947958608,-0.0017760549919493274,-0.25316020639258496,0.002409046079639876
-0.005720914324692511,-0.0004945098326130075,-0.6689481746962692,-0.012294884317531583,-0.005254893926720291,0.018312387928338725
-0.6836014867681166,0.3222383413650586,1.3393172407955127,0.0002976221075322964,-0.050637548839846676,0.004409223028226786
2.970962643170858,-0.00511999060452061,0.00396814738612296,0.0017291531439020402,0.025821926684187632,-0.06079374082860545
2.50545345301732,-0.02842787448553711,0.003965321090581998,-0.0011641383515331033,0.0873996075986147,-0.0030173551440911273
3.140817685628975,0.001066430319230178,0.015896705901577914,0.02002407072701501,0.015302668968896664,-0.18479155376070544
-0.0030857885502682952,0.0061454296071556695,-0.0015685723176148624,-0.00023616542249139851,-0.003534694350631887,0.0026388879967564217
-2.5324077200849033,-0.011524680549133519,0.0043892407162999586,-0.005342910075977841,-0.004549359447787369,0.012293922813587599
3.2223207127867894,-0.012198680638523678,0.009655771133977557,0.00021174273367212393,0.05625094954706539,-0.010737659010353506
-0.012613234753537211,0.9240784561156787,-0.0010532905012270465,-0.0010637020470529689,-0.007282714798428394,0.009597392302497815
0.15827226654765653,-0.005520480239851815,1.2413864287548428,0.004150157186027126,0.08100938186645446,-0.018822332240370665
-0.01521488977086408,0.0004915686819518671,-0.018523135548922164,-0.22603407476593232,-0.01153614205198159,0.028384896856755777
4.737733063405906,-0.012363464805104803,0.003013257587597847,-0.0036364880190198345,0.03989815777604091,0.00812208153202909
-4.448705385878219,-0.028037481240216492,-0.014211705035116512,-0.01729522641489173,-0.0014259735052406513,0.017282603514362282
0.06307439464120929,-0.004038957318834987,0.6427593884488484,0.0018701523339660908,2.034511742920843,-0.007286979396335547
0.12481246644652932,-0.0017530438004474333,0.018691444019072134,1.7252932868226338,0.017264032362138287,-0.04059600287742893
-0.0023725235536641324,-0.0020361844654186024,-0.4516028396514749,-0.06980518496474063,-0.002857353058239677,0.022638061461858386
0.758454564927356,-0.10618955639805311,0.0028733328576546367,0.0005879051922726905,0.05895463667260716,-0.008349976602436276
-0.027888529447632964,0.02304180201194393,-0.010877786017815557,-0.0038686479277232565,-0.047516318308588344,0.015700798045231154
-0.024799279727005574,0.013879877609862108,-0.007236123262258743,-0.0036024154854976415,-0.5184564849183382,0.009541219293995318
-2.63316499850828,-0.0016067156347362617,0.0012690274258855619,-0.15830581418526557,-0.037113889281657056,0.022508603883995004
-0.004109889034537187,0.008764669186666272,-0.002499145217118574,-0.003608900848973432,-0.01306825534390392,0.004410700737648866
0.011725870701436346,-0.0007789416171620307,0.010293907592972981,0.6822292953458964,0.00828896270691792,-0.1904788627830466
0.023652782866187737,0.00022415514964905278,0.0077140540430451435,0.13024316687785867,0.009552953873126577,-0.05326386211655478
-0.755224221068703,0.0037806800556226,-0.0018252521416251054,-0.0036088808190488965,-0.05311118318877358,0.01798229467809971
-4.567955161321466,-0.0004577538601263961,-0.00174585304940772,-0.004633598457974092,-0.014852501270595992,0.011941292448293117
-5.183891002690965,0.0008617176956050531,-0.012163021905767506,-0.007667691852505876,-0.03446107252635038,0.015283766120059883
-2.602286879907638,0.03995568457106783,-1.4852328069695728,0.0006302813185440903,-0.15125185516940964,0.0051305896596048894
